company_name,company_shortname,company_email,company_phone,location,location_lat,location_long,item_id,item_name,tags,image_count,quality_score,availability_count,calendar_link,calendar_script,regular_link,image_url
Walks in Europe,walksineurope,support@walksineurope.com,+1(332) 242-2284,Italy/Lombardia/Milano,,,522302,Milan: Cathedral and Terraces Guided Tour with Tickets,Guided Tour-Horse,5,100,774,https://fareharbor.com/embeds/calendar/walksineurope/items/522302/?asn=fhdn-eur&asn-ref=alloutdooradventures&ref=alloutdooradventures&bookable-only=yes&full-items=yes&marketplace=yes&flow=no,"<script src=""https://fareharbor.com/embeds/script/calendar/walksineurope/items/522302/?asn=fhdn-eur&asn-ref=alloutdooradventures&ref=alloutdooradventures&bookable-only=yes&full-items=yes&marketplace=yes&flow=no""></script>",https://fareharbor.com/embeds/book/walksineurope/items/522302/?asn=fhdn-eur&asn-ref=alloutdooradventures&ref=alloutdooradventures&bookable-only=yes&full-items=yes&marketplace=yes&flow=no,https://cdn.filestackcontent.com/ki6nlSkjRv2gu9KivMZN
Out of the Box Florence,outoftheboxflorence,outoftheboxflorence@gmail.com,+39 347 080 9904,Italy/Toscana/Firenze,,,297256,The Unexpected Cinque Terre Adventure ® - Hiking day,Hiking-Walking Tour,16,99,180,https://fareharbor.com/embeds/calendar/outoftheboxflorence/items/297256/?asn=fhdn-eur&asn-ref=alloutdooradventures&ref=alloutdooradventures&bookable-only=yes&full-items=yes&marketplace=yes&flow=no,"<script src=""https://fareharbor.com/embeds/script/calendar/outoftheboxflorence/items/297256/?asn=fhdn-eur&asn-ref=alloutdooradventures&ref=alloutdooradventures&bookable-only=yes&full-items=yes&marketplace=yes&flow=no""></script>",https://fareharbor.com/embeds/book/outoftheboxflorence/items/297256/?asn=fhdn-eur&asn-ref=alloutdooradventures&ref=alloutdooradventures&bookable-only=yes&full-items=yes&marketplace=yes&flow=no,https://cdn.filestackcontent.com/s5WTx2IPREyhIUVZRsVQ
Walks in Europe,walksineurope,support@walksineurope.com,+1(332) 242-2284,Italy/Tuscany/Siena,11.330581,43.318474,236270,"Siena Private Walking Tour: Traditions, Streets & Cathedral",History Tour-Horse-Private-Walking Tour,10,98,963,https://fareharbor.com/embeds/calendar/walksineurope/items/236270/?asn=fhdn-eur&asn-ref=alloutdooradventures&ref=alloutdooradventures&bookable-only=yes&full-items=yes&marketplace=yes&flow=no,"<script src=""https://fareharbor.com/embeds/script/calendar/walksineurope/items/236270/?asn=fhdn-eur&asn-ref=alloutdooradventures&ref=alloutdooradventures&bookable-only=yes&full-items=yes&marketplace=yes&flow=no""></script>",https://fareharbor.com/embeds/book/walksineurope/items/236270/?asn=fhdn-eur&asn-ref=alloutdooradventures&ref=alloutdooradventures&bookable-only=yes&full-items=yes&marketplace=yes&flow=no,https://cdn.filestackcontent.com/YoQiJKIRRxv3BZBvdIlg
We Like Tuscany s.a.s.,weliketuscany,info@weliketuscany.it,+39 342 9352395,Italy/Toscana/Firenze,,,74453,Florence & Taste of Tuscany - Half Day Tour,Bike Tour-E-Bike-Wine,4,90,299,https://fareharbor.com/embeds/calendar/weliketuscany/items/74453/?asn=fhdn-eur&asn-ref=alloutdooradventures&ref=alloutdooradventures&bookable-only=yes&full-items=yes&marketplace=yes&flow=no,"<script src=""https://fareharbor.com/embeds/script/calendar/weliketuscany/items/74453/?asn=fhdn-eur&asn-ref=alloutdooradventures&ref=alloutdooradventures&bookable-only=yes&full-items=yes&marketplace=yes&flow=no""></script>",https://fareharbor.com/embeds/book/weliketuscany/items/74453/?asn=fhdn-eur&asn-ref=alloutdooradventures&ref=alloutdooradventures&bookable-only=yes&full-items=yes&marketplace=yes&flow=no,https://cdn.filestackcontent.com/22qMKLVKS0aNh0yl5X8Q
Bologna Tour,bolognatour,info@bolognatour.eu,+39 3920060314,Italy/Veneto/Venezia,,,420697,Ferrari Full Day from Venice,Factory Tour-Guided Tour-History Tour-Horse,3,86,180,https://fareharbor.com/embeds/calendar/bolognatour/items/420697/?asn=fhdn-eur&asn-ref=alloutdooradventures&ref=alloutdooradventures&bookable-only=yes&full-items=yes&marketplace=yes&flow=no,"<script src=""https://fareharbor.com/embeds/script/calendar/bolognatour/items/420697/?asn=fhdn-eur&asn-ref=alloutdooradventures&ref=alloutdooradventures&bookable-only=yes&full-items=yes&marketplace=yes&flow=no""></script>",https://fareharbor.com/embeds/book/bolognatour/items/420697/?asn=fhdn-eur&asn-ref=alloutdooradventures&ref=alloutdooradventures&bookable-only=yes&full-items=yes&marketplace=yes&flow=no,https://cdn.filestackcontent.com/spQZe13PRtavncmuhsBd
Arbaspaa,arbaspaa,info@arbaspaa.com,+39 0187 760083,Italy/Liguria/Monterosso al Mare,,,156113,E-Bike tour: From Monterosso to Soviore sanctuary,Bike Rental-Bike Tour-E-Bike-History Tour-Wine,5,85,180,https://fareharbor.com/embeds/calendar/arbaspaa/items/156113/?asn=fhdn-eur&asn-ref=alloutdooradventures&ref=alloutdooradventures&bookable-only=yes&full-items=yes&marketplace=yes&flow=no,"<script src=""https://fareharbor.com/embeds/script/calendar/arbaspaa/items/156113/?asn=fhdn-eur&asn-ref=alloutdooradventures&ref=alloutdooradventures&bookable-only=yes&full-items=yes&marketplace=yes&flow=no""></script>",https://fareharbor.com/embeds/book/arbaspaa/items/156113/?asn=fhdn-eur&asn-ref=alloutdooradventures&ref=alloutdooradventures&bookable-only=yes&full-items=yes&marketplace=yes&flow=no,https://cdn.filestackcontent.com/pgEQFMy2TgyN1Ku6NB5I
Bologna Tour,bolognatour,info@bolognatour.eu,+39 3920060314,Italy/Emilia-Romagna/Bologna,,,200344,Lamborghini & Ferrari Day Tour,History Tour-Horse-Museum-Transfer-Private-Shuttle,6,85,360,https://fareharbor.com/embeds/calendar/bolognatour/items/200344/?asn=fhdn-eur&asn-ref=alloutdooradventures&ref=alloutdooradventures&bookable-only=yes&full-items=yes&marketplace=yes&flow=no,"<script src=""https://fareharbor.com/embeds/script/calendar/bolognatour/items/200344/?asn=fhdn-eur&asn-ref=alloutdooradventures&ref=alloutdooradventures&bookable-only=yes&full-items=yes&marketplace=yes&flow=no""></script>",https://fareharbor.com/embeds/book/bolognatour/items/200344/?asn=fhdn-eur&asn-ref=alloutdooradventures&ref=alloutdooradventures&bookable-only=yes&full-items=yes&marketplace=yes&flow=no,https://cdn.filestackcontent.com/zS7lCISvSIKTd0vViGgn
Arbaspaa,arbaspaa,info@arbaspaa.com,+39 0187 760083,Italy/Liguria/La Spezia,,,119344,Mountain E-Bike Private tour: La Spezia - Cinque Terre,Bike Tour-E-Bike-Train,5,83,0,https://fareharbor.com/embeds/calendar/arbaspaa/items/119344/?asn=fhdn-eur&asn-ref=alloutdooradventures&ref=alloutdooradventures&bookable-only=yes&full-items=yes&marketplace=yes&flow=no,"<script src=""https://fareharbor.com/embeds/script/calendar/arbaspaa/items/119344/?asn=fhdn-eur&asn-ref=alloutdooradventures&ref=alloutdooradventures&bookable-only=yes&full-items=yes&marketplace=yes&flow=no""></script>",https://fareharbor.com/embeds/book/arbaspaa/items/119344/?asn=fhdn-eur&asn-ref=alloutdooradventures&ref=alloutdooradventures&bookable-only=yes&full-items=yes&marketplace=yes&flow=no,https://cdn.filestackcontent.com/dMQQ1xKTRiY2cOpIYZED
We Like Tuscany s.a.s.,weliketuscany,info@weliketuscany.it,+39 342 9352395,Italy/Toscana/Firenze,11.243185,43.76613,74460,Active Full Day Tuscan Bike Tour,Bike Tour-E-Bike-Museum-Shuttle-Winery-Wine,4,82,180,https://fareharbor.com/embeds/calendar/weliketuscany/items/74460/?asn=fhdn-eur&asn-ref=alloutdooradventures&ref=alloutdooradventures&bookable-only=yes&full-items=yes&marketplace=yes&flow=no,"<script src=""https://fareharbor.com/embeds/script/calendar/weliketuscany/items/74460/?asn=fhdn-eur&asn-ref=alloutdooradventures&ref=alloutdooradventures&bookable-only=yes&full-items=yes&marketplace=yes&flow=no""></script>",https://fareharbor.com/embeds/book/weliketuscany/items/74460/?asn=fhdn-eur&asn-ref=alloutdooradventures&ref=alloutdooradventures&bookable-only=yes&full-items=yes&marketplace=yes&flow=no,https://cdn.filestackcontent.com/Q1YxKb0QcKrPxwHHgqX1
Arbaspaa,arbaspaa,info@arbaspaa.com,+39 0187 760083,Italy/Liguria/Porto Venere,,,119357,Rock Climbing with stunning views - Portovenere,Climbing-Hiking-Private-Rentals,6,82,180,https://fareharbor.com/embeds/calendar/arbaspaa/items/119357/?asn=fhdn-eur&asn-ref=alloutdooradventures&ref=alloutdooradventures&bookable-only=yes&full-items=yes&marketplace=yes&flow=no,"<script src=""https://fareharbor.com/embeds/script/calendar/arbaspaa/items/119357/?asn=fhdn-eur&asn-ref=alloutdooradventures&ref=alloutdooradventures&bookable-only=yes&full-items=yes&marketplace=yes&flow=no""></script>",https://fareharbor.com/embeds/book/arbaspaa/items/119357/?asn=fhdn-eur&asn-ref=alloutdooradventures&ref=alloutdooradventures&bookable-only=yes&full-items=yes&marketplace=yes&flow=no,https://cdn.filestackcontent.com/jIMH3y7cRIeee4T5w2j8
We Like Tuscany s.a.s.,weliketuscany,info@weliketuscany.it,+39 342 9352395,Italy/Toscana/Firenze,11.243185,43.76613,74454,E-bike Chianti Classico & Tuscany - Full Day Tour,Bike Tour-Castle-E-Bike-Shuttle-Wine,5,81,180,https://fareharbor.com/embeds/calendar/weliketuscany/items/74454/?asn=fhdn-eur&asn-ref=alloutdooradventures&ref=alloutdooradventures&bookable-only=yes&full-items=yes&marketplace=yes&flow=no,"<script src=""https://fareharbor.com/embeds/script/calendar/weliketuscany/items/74454/?asn=fhdn-eur&asn-ref=alloutdooradventures&ref=alloutdooradventures&bookable-only=yes&full-items=yes&marketplace=yes&flow=no""></script>",https://fareharbor.com/embeds/book/weliketuscany/items/74454/?asn=fhdn-eur&asn-ref=alloutdooradventures&ref=alloutdooradventures&bookable-only=yes&full-items=yes&marketplace=yes&flow=no,https://cdn.filestackcontent.com/LwfHxuxR1OS86XP2BofL
Arbaspaa,arbaspaa,info@arbaspaa.com,+39 0187 760083,Italy/Liguria/Porto Venere,,,429648,Snorkeling and Sea Watching experience in the Marine Protected Area of Porto Venere,Snorkel,4,81,184,https://fareharbor.com/embeds/calendar/arbaspaa/items/429648/?asn=fhdn-eur&asn-ref=alloutdooradventures&ref=alloutdooradventures&bookable-only=yes&full-items=yes&marketplace=yes&flow=no,"<script src=""https://fareharbor.com/embeds/script/calendar/arbaspaa/items/429648/?asn=fhdn-eur&asn-ref=alloutdooradventures&ref=alloutdooradventures&bookable-only=yes&full-items=yes&marketplace=yes&flow=no""></script>",https://fareharbor.com/embeds/book/arbaspaa/items/429648/?asn=fhdn-eur&asn-ref=alloutdooradventures&ref=alloutdooradventures&bookable-only=yes&full-items=yes&marketplace=yes&flow=no,https://cdn.filestackcontent.com/83rHAJ3QieDm4UCczGDw
Bologna Tour,bolognatour,info@bolognatour.eu,+39 3920060314,Italy/Toscana/Siena,,,280559,Siena: Private walking tour,City Tour-Food Tour-Horse-Museum-Private-Walking Tour,4,80,1068,https://fareharbor.com/embeds/calendar/bolognatour/items/280559/?asn=fhdn-eur&asn-ref=alloutdooradventures&ref=alloutdooradventures&bookable-only=yes&full-items=yes&marketplace=yes&flow=no,"<script src=""https://fareharbor.com/embeds/script/calendar/bolognatour/items/280559/?asn=fhdn-eur&asn-ref=alloutdooradventures&ref=alloutdooradventures&bookable-only=yes&full-items=yes&marketplace=yes&flow=no""></script>",https://fareharbor.com/embeds/book/bolognatour/items/280559/?asn=fhdn-eur&asn-ref=alloutdooradventures&ref=alloutdooradventures&bookable-only=yes&full-items=yes&marketplace=yes&flow=no,https://cdn.filestackcontent.com/InmvkPfTS8SktkIudjsS
Arbaspaa,arbaspaa,info@arbaspaa.com,+39 0187 760083,Italy/Liguria/Manarola,9.728488,44.106843,146505,Ligurian  Motorboat Gozzo: Blue Sky- Monterosso,Boat Tour-Snorkel,3,77,0,https://fareharbor.com/embeds/calendar/arbaspaa/items/146505/?asn=fhdn-eur&asn-ref=alloutdooradventures&ref=alloutdooradventures&bookable-only=yes&full-items=yes&marketplace=yes&flow=no,"<script src=""https://fareharbor.com/embeds/script/calendar/arbaspaa/items/146505/?asn=fhdn-eur&asn-ref=alloutdooradventures&ref=alloutdooradventures&bookable-only=yes&full-items=yes&marketplace=yes&flow=no""></script>",https://fareharbor.com/embeds/book/arbaspaa/items/146505/?asn=fhdn-eur&asn-ref=alloutdooradventures&ref=alloutdooradventures&bookable-only=yes&full-items=yes&marketplace=yes&flow=no,https://cdn.filestackcontent.com/nwEcKCfcQ0mlZg7e0QWS
Arbaspaa,arbaspaa,info@arbaspaa.com,+39 0187 760083,Italy/Liguria/Vernazza,9.682796,44.13535,146532,Modern Motorboat Gozzo DIDI MAJOR: Lerici/La Spezia,Boat Tour-Private-Snorkel,2,77,0,https://fareharbor.com/embeds/calendar/arbaspaa/items/146532/?asn=fhdn-eur&asn-ref=alloutdooradventures&ref=alloutdooradventures&bookable-only=yes&full-items=yes&marketplace=yes&flow=no,"<script src=""https://fareharbor.com/embeds/script/calendar/arbaspaa/items/146532/?asn=fhdn-eur&asn-ref=alloutdooradventures&ref=alloutdooradventures&bookable-only=yes&full-items=yes&marketplace=yes&flow=no""></script>",https://fareharbor.com/embeds/book/arbaspaa/items/146532/?asn=fhdn-eur&asn-ref=alloutdooradventures&ref=alloutdooradventures&bookable-only=yes&full-items=yes&marketplace=yes&flow=no,https://cdn.filestackcontent.com/64noZYwySYGc2t3X1Ilk
We Like Tuscany s.a.s.,weliketuscany,info@weliketuscany.it,+39 342 9352395,Italy/Toscana/Firenze,11.243185,43.76613,74470,3-Day E-bike Tuscany & Via Francigena from Florence to Siena,Bike Tour-E-Bike-Food Tour-Lodging-Train-Wine,7,75,25,https://fareharbor.com/embeds/calendar/weliketuscany/items/74470/?asn=fhdn-eur&asn-ref=alloutdooradventures&ref=alloutdooradventures&bookable-only=yes&full-items=yes&marketplace=yes&flow=no,"<script src=""https://fareharbor.com/embeds/script/calendar/weliketuscany/items/74470/?asn=fhdn-eur&asn-ref=alloutdooradventures&ref=alloutdooradventures&bookable-only=yes&full-items=yes&marketplace=yes&flow=no""></script>",https://fareharbor.com/embeds/book/weliketuscany/items/74470/?asn=fhdn-eur&asn-ref=alloutdooradventures&ref=alloutdooradventures&bookable-only=yes&full-items=yes&marketplace=yes&flow=no,https://cdn.filestackcontent.com/SyUIwTfXR4k0SxzEiw41
Smile & Ride,smileandride,info@smileandride.com,+39 375 5617631,Italy/Toscana/Pisa,,,147224,Gravel Bike tour con App + Itinerario,Bike Tour,7,75,469,https://fareharbor.com/embeds/calendar/smileandride/items/147224/?asn=fhdn-eur&asn-ref=alloutdooradventures&ref=alloutdooradventures&bookable-only=yes&full-items=yes&marketplace=yes&flow=no,"<script src=""https://fareharbor.com/embeds/script/calendar/smileandride/items/147224/?asn=fhdn-eur&asn-ref=alloutdooradventures&ref=alloutdooradventures&bookable-only=yes&full-items=yes&marketplace=yes&flow=no""></script>",https://fareharbor.com/embeds/book/smileandride/items/147224/?asn=fhdn-eur&asn-ref=alloutdooradventures&ref=alloutdooradventures&bookable-only=yes&full-items=yes&marketplace=yes&flow=no,https://cdn.filestackcontent.com/OtrxqwQ4SdiwbM0YKG31
Smile & Ride,smileandride,info@smileandride.com,+39 375 5617631,Italy/Toscana/Pisa,,,152310,Gravel Bike  - 5 Giorni,Bike Tour,5,75,166,https://fareharbor.com/embeds/calendar/smileandride/items/152310/?asn=fhdn-eur&asn-ref=alloutdooradventures&ref=alloutdooradventures&bookable-only=yes&full-items=yes&marketplace=yes&flow=no,"<script src=""https://fareharbor.com/embeds/script/calendar/smileandride/items/152310/?asn=fhdn-eur&asn-ref=alloutdooradventures&ref=alloutdooradventures&bookable-only=yes&full-items=yes&marketplace=yes&flow=no""></script>",https://fareharbor.com/embeds/book/smileandride/items/152310/?asn=fhdn-eur&asn-ref=alloutdooradventures&ref=alloutdooradventures&bookable-only=yes&full-items=yes&marketplace=yes&flow=no,https://cdn.filestackcontent.com/0faOxTDrTS3tb5A3JXrj
Smile & Ride,smileandride,info@smileandride.com,+39 375 5617631,Italy/Toscana/Pisa,,,152312,Gravel Bike - 6 Giorni,Bike Tour,5,75,166,https://fareharbor.com/embeds/calendar/smileandride/items/152312/?asn=fhdn-eur&asn-ref=alloutdooradventures&ref=alloutdooradventures&bookable-only=yes&full-items=yes&marketplace=yes&flow=no,"<script src=""https://fareharbor.com/embeds/script/calendar/smileandride/items/152312/?asn=fhdn-eur&asn-ref=alloutdooradventures&ref=alloutdooradventures&bookable-only=yes&full-items=yes&marketplace=yes&flow=no""></script>",https://fareharbor.com/embeds/book/smileandride/items/152312/?asn=fhdn-eur&asn-ref=alloutdooradventures&ref=alloutdooradventures&bookable-only=yes&full-items=yes&marketplace=yes&flow=no,https://cdn.filestackcontent.com/CUPmlBkRSBa4xFaOw4K4
Smile & Ride,smileandride,info@smileandride.com,+39 375 5617631,Italy/Toscana/Pisa,,,152313,Gravel Bike - 7 Giorni,Bike Tour,5,75,166,https://fareharbor.com/embeds/calendar/smileandride/items/152313/?asn=fhdn-eur&asn-ref=alloutdooradventures&ref=alloutdooradventures&bookable-only=yes&full-items=yes&marketplace=yes&flow=no,"<script src=""https://fareharbor.com/embeds/script/calendar/smileandride/items/152313/?asn=fhdn-eur&asn-ref=alloutdooradventures&ref=alloutdooradventures&bookable-only=yes&full-items=yes&marketplace=yes&flow=no""></script>",https://fareharbor.com/embeds/book/smileandride/items/152313/?asn=fhdn-eur&asn-ref=alloutdooradventures&ref=alloutdooradventures&bookable-only=yes&full-items=yes&marketplace=yes&flow=no,https://cdn.filestackcontent.com/riTZ7HoRU6am6bj9vkog
We Like Tuscany s.a.s.,weliketuscany,info@weliketuscany.it,+39 342 9352395,Italy/Toscana/Firenze,,,476572,Private Florence & Taste of Tuscany - Half Day bike Tour,Bike Tour-Private,3,75,180,https://fareharbor.com/embeds/calendar/weliketuscany/items/476572/?asn=fhdn-eur&asn-ref=alloutdooradventures&ref=alloutdooradventures&bookable-only=yes&full-items=yes&marketplace=yes&flow=no,"<script src=""https://fareharbor.com/embeds/script/calendar/weliketuscany/items/476572/?asn=fhdn-eur&asn-ref=alloutdooradventures&ref=alloutdooradventures&bookable-only=yes&full-items=yes&marketplace=yes&flow=no""></script>",https://fareharbor.com/embeds/book/weliketuscany/items/476572/?asn=fhdn-eur&asn-ref=alloutdooradventures&ref=alloutdooradventures&bookable-only=yes&full-items=yes&marketplace=yes&flow=no,https://cdn.filestackcontent.com/xdJ34OQGiCZAE512MldA
Minicrociere Toscana,minicrocieretoscana,crociere@maregiglio.it,390564809309,Italy/Toscana/Porto Santo Stefano,11.122679,42.43428,589087,Tour in E-Bike Isola del Giglio da Porto Santo Stefano,Bike Tour,2,75,0,https://fareharbor.com/embeds/calendar/minicrocieretoscana/items/589087/?asn=fhdn-eur&asn-ref=alloutdooradventures&ref=alloutdooradventures&bookable-only=yes&full-items=yes&marketplace=yes&flow=no,"<script src=""https://fareharbor.com/embeds/script/calendar/minicrocieretoscana/items/589087/?asn=fhdn-eur&asn-ref=alloutdooradventures&ref=alloutdooradventures&bookable-only=yes&full-items=yes&marketplace=yes&flow=no""></script>",https://fareharbor.com/embeds/book/minicrocieretoscana/items/589087/?asn=fhdn-eur&asn-ref=alloutdooradventures&ref=alloutdooradventures&bookable-only=yes&full-items=yes&marketplace=yes&flow=no,https://cdn.filestackcontent.com/iT6I9Xf9ThmiQD0Z6aGR
Minicrociere Toscana,minicrocieretoscana,crociere@maregiglio.it,390564809309,Italy/Toscana/Giglio Porto,10.920757,42.359298,589114,Tour in E-Bike Isola del Giglio da Giglio Porto,Bike Tour,2,75,0,https://fareharbor.com/embeds/calendar/minicrocieretoscana/items/589114/?asn=fhdn-eur&asn-ref=alloutdooradventures&ref=alloutdooradventures&bookable-only=yes&full-items=yes&marketplace=yes&flow=no,"<script src=""https://fareharbor.com/embeds/script/calendar/minicrocieretoscana/items/589114/?asn=fhdn-eur&asn-ref=alloutdooradventures&ref=alloutdooradventures&bookable-only=yes&full-items=yes&marketplace=yes&flow=no""></script>",https://fareharbor.com/embeds/book/minicrocieretoscana/items/589114/?asn=fhdn-eur&asn-ref=alloutdooradventures&ref=alloutdooradventures&bookable-only=yes&full-items=yes&marketplace=yes&flow=no,https://cdn.filestackcontent.com/q9myKa2bSPcxLGPOUqkQ
Smile & Ride,smileandride,info@smileandride.com,+39 375 5617631,Italy/Toscana/Pisa,,,147037,Bici da corsa in carbonio  - 1 Giorno,Bike Tour,5,74,166,https://fareharbor.com/embeds/calendar/smileandride/items/147037/?asn=fhdn-eur&asn-ref=alloutdooradventures&ref=alloutdooradventures&bookable-only=yes&full-items=yes&marketplace=yes&flow=no,"<script src=""https://fareharbor.com/embeds/script/calendar/smileandride/items/147037/?asn=fhdn-eur&asn-ref=alloutdooradventures&ref=alloutdooradventures&bookable-only=yes&full-items=yes&marketplace=yes&flow=no""></script>",https://fareharbor.com/embeds/book/smileandride/items/147037/?asn=fhdn-eur&asn-ref=alloutdooradventures&ref=alloutdooradventures&bookable-only=yes&full-items=yes&marketplace=yes&flow=no,https://cdn.filestackcontent.com/MbCZv0lR566o0hQZVjW4
Smile & Ride,smileandride,info@smileandride.com,+39 375 5617631,Italy/Toscana/Pisa,,,160980,Bici da corsa in carbonio - 2 Giorni,Bike Tour,5,74,166,https://fareharbor.com/embeds/calendar/smileandride/items/160980/?asn=fhdn-eur&asn-ref=alloutdooradventures&ref=alloutdooradventures&bookable-only=yes&full-items=yes&marketplace=yes&flow=no,"<script src=""https://fareharbor.com/embeds/script/calendar/smileandride/items/160980/?asn=fhdn-eur&asn-ref=alloutdooradventures&ref=alloutdooradventures&bookable-only=yes&full-items=yes&marketplace=yes&flow=no""></script>",https://fareharbor.com/embeds/book/smileandride/items/160980/?asn=fhdn-eur&asn-ref=alloutdooradventures&ref=alloutdooradventures&bookable-only=yes&full-items=yes&marketplace=yes&flow=no,https://cdn.filestackcontent.com/rc7SNIpQqGiiUs38NUYu
Bologna Tour,bolognatour,info@bolognatour.eu,+39 3920060314,Italy/Toscana/Firenze,,,448059,Ferrari Full Day VIP from Florence,Factory Tour-Guided Tour-History Tour-Horse,2,73,358,https://fareharbor.com/embeds/calendar/bolognatour/items/448059/?asn=fhdn-eur&asn-ref=alloutdooradventures&ref=alloutdooradventures&bookable-only=yes&full-items=yes&marketplace=yes&flow=no,"<script src=""https://fareharbor.com/embeds/script/calendar/bolognatour/items/448059/?asn=fhdn-eur&asn-ref=alloutdooradventures&ref=alloutdooradventures&bookable-only=yes&full-items=yes&marketplace=yes&flow=no""></script>",https://fareharbor.com/embeds/book/bolognatour/items/448059/?asn=fhdn-eur&asn-ref=alloutdooradventures&ref=alloutdooradventures&bookable-only=yes&full-items=yes&marketplace=yes&flow=no,https://cdn.filestackcontent.com/sXAvMtQsqmbYz7vnWqQ7
Bologna Tour,bolognatour,info@bolognatour.eu,+39 3920060314,Italy/Lombardia/Milano,,,448074,Ferrari Full Day VIP from Milan,Factory Tour-Guided Tour-History Tour-Horse,2,73,358,https://fareharbor.com/embeds/calendar/bolognatour/items/448074/?asn=fhdn-eur&asn-ref=alloutdooradventures&ref=alloutdooradventures&bookable-only=yes&full-items=yes&marketplace=yes&flow=no,"<script src=""https://fareharbor.com/embeds/script/calendar/bolognatour/items/448074/?asn=fhdn-eur&asn-ref=alloutdooradventures&ref=alloutdooradventures&bookable-only=yes&full-items=yes&marketplace=yes&flow=no""></script>",https://fareharbor.com/embeds/book/bolognatour/items/448074/?asn=fhdn-eur&asn-ref=alloutdooradventures&ref=alloutdooradventures&bookable-only=yes&full-items=yes&marketplace=yes&flow=no,https://cdn.filestackcontent.com/UXbI7HUXSZmsZcaCDl7w
Bologna Tour,bolognatour,info@bolognatour.eu,+39 3920060314,Italy/Veneto/Venezia,,,448395,Ferrari Full Day VIP from Venice,Factory Tour-Guided Tour-History Tour-Horse,2,73,360,https://fareharbor.com/embeds/calendar/bolognatour/items/448395/?asn=fhdn-eur&asn-ref=alloutdooradventures&ref=alloutdooradventures&bookable-only=yes&full-items=yes&marketplace=yes&flow=no,"<script src=""https://fareharbor.com/embeds/script/calendar/bolognatour/items/448395/?asn=fhdn-eur&asn-ref=alloutdooradventures&ref=alloutdooradventures&bookable-only=yes&full-items=yes&marketplace=yes&flow=no""></script>",https://fareharbor.com/embeds/book/bolognatour/items/448395/?asn=fhdn-eur&asn-ref=alloutdooradventures&ref=alloutdooradventures&bookable-only=yes&full-items=yes&marketplace=yes&flow=no,https://cdn.filestackcontent.com/jgAv4Aq5Q0u10BoTm6dx
We Like Tuscany s.a.s.,weliketuscany,info@weliketuscany.it,+39 342 9352395,Italy/Toscana/Firenze,11.243185,43.76613,74466,2-Day Chianti Electric bike adventure,Bike Tour-E-Bike,4,72,77,https://fareharbor.com/embeds/calendar/weliketuscany/items/74466/?asn=fhdn-eur&asn-ref=alloutdooradventures&ref=alloutdooradventures&bookable-only=yes&full-items=yes&marketplace=yes&flow=no,"<script src=""https://fareharbor.com/embeds/script/calendar/weliketuscany/items/74466/?asn=fhdn-eur&asn-ref=alloutdooradventures&ref=alloutdooradventures&bookable-only=yes&full-items=yes&marketplace=yes&flow=no""></script>",https://fareharbor.com/embeds/book/weliketuscany/items/74466/?asn=fhdn-eur&asn-ref=alloutdooradventures&ref=alloutdooradventures&bookable-only=yes&full-items=yes&marketplace=yes&flow=no,https://cdn.filestackcontent.com/gfj067aCTymWwWZ5sMFw
Nausika Group Srl,nausika,boat.rental@nausika.it,+390341940542,Italy/Lombardia/Colico,,,623969,Eden 22,Bike Rental-Bike Tour,1,72,2192,https://fareharbor.com/embeds/calendar/nausika/items/623969/?asn=fhdn-eur&asn-ref=alloutdooradventures&ref=alloutdooradventures&bookable-only=yes&full-items=yes&marketplace=yes&flow=no,"<script src=""https://fareharbor.com/embeds/script/calendar/nausika/items/623969/?asn=fhdn-eur&asn-ref=alloutdooradventures&ref=alloutdooradventures&bookable-only=yes&full-items=yes&marketplace=yes&flow=no""></script>",https://fareharbor.com/embeds/book/nausika/items/623969/?asn=fhdn-eur&asn-ref=alloutdooradventures&ref=alloutdooradventures&bookable-only=yes&full-items=yes&marketplace=yes&flow=no,https://cdn.filestackcontent.com/D4QDWG2wTVmFXB50tyJS
Smile & Ride,smileandride,info@smileandride.com,+39 375 5617631,Italy/Toscana/Pisa,,,147171,City Bike 3 marce- 7 Giorni,Bike Tour,4,71,166,https://fareharbor.com/embeds/calendar/smileandride/items/147171/?asn=fhdn-eur&asn-ref=alloutdooradventures&ref=alloutdooradventures&bookable-only=yes&full-items=yes&marketplace=yes&flow=no,"<script src=""https://fareharbor.com/embeds/script/calendar/smileandride/items/147171/?asn=fhdn-eur&asn-ref=alloutdooradventures&ref=alloutdooradventures&bookable-only=yes&full-items=yes&marketplace=yes&flow=no""></script>",https://fareharbor.com/embeds/book/smileandride/items/147171/?asn=fhdn-eur&asn-ref=alloutdooradventures&ref=alloutdooradventures&bookable-only=yes&full-items=yes&marketplace=yes&flow=no,https://cdn.filestackcontent.com/47hRvobPQGcjOhuQk9Ig
Smile & Ride,smileandride,info@smileandride.com,+39 375 5617631,Italy/Toscana/Pisa,,,152303,Gravel Bike  - 2 Giorni,Bike Tour,4,71,166,https://fareharbor.com/embeds/calendar/smileandride/items/152303/?asn=fhdn-eur&asn-ref=alloutdooradventures&ref=alloutdooradventures&bookable-only=yes&full-items=yes&marketplace=yes&flow=no,"<script src=""https://fareharbor.com/embeds/script/calendar/smileandride/items/152303/?asn=fhdn-eur&asn-ref=alloutdooradventures&ref=alloutdooradventures&bookable-only=yes&full-items=yes&marketplace=yes&flow=no""></script>",https://fareharbor.com/embeds/book/smileandride/items/152303/?asn=fhdn-eur&asn-ref=alloutdooradventures&ref=alloutdooradventures&bookable-only=yes&full-items=yes&marketplace=yes&flow=no,https://cdn.filestackcontent.com/6BUTrxFzROms6Zlf6HDq
Smile & Ride,smileandride,info@smileandride.com,+39 375 5617631,Italy/Toscana/Pisa,,,152305,Gravel Bike - 3 Giorni,Bike Tour,4,71,166,https://fareharbor.com/embeds/calendar/smileandride/items/152305/?asn=fhdn-eur&asn-ref=alloutdooradventures&ref=alloutdooradventures&bookable-only=yes&full-items=yes&marketplace=yes&flow=no,"<script src=""https://fareharbor.com/embeds/script/calendar/smileandride/items/152305/?asn=fhdn-eur&asn-ref=alloutdooradventures&ref=alloutdooradventures&bookable-only=yes&full-items=yes&marketplace=yes&flow=no""></script>",https://fareharbor.com/embeds/book/smileandride/items/152305/?asn=fhdn-eur&asn-ref=alloutdooradventures&ref=alloutdooradventures&bookable-only=yes&full-items=yes&marketplace=yes&flow=no,https://cdn.filestackcontent.com/YjVU3uoNTv29LK1yvIdC
Smile & Ride,smileandride,info@smileandride.com,+39 375 5617631,Italy/Toscana/Pisa,,,152309,Gravel Bike - 4 Giorni,Bike Tour,4,71,166,https://fareharbor.com/embeds/calendar/smileandride/items/152309/?asn=fhdn-eur&asn-ref=alloutdooradventures&ref=alloutdooradventures&bookable-only=yes&full-items=yes&marketplace=yes&flow=no,"<script src=""https://fareharbor.com/embeds/script/calendar/smileandride/items/152309/?asn=fhdn-eur&asn-ref=alloutdooradventures&ref=alloutdooradventures&bookable-only=yes&full-items=yes&marketplace=yes&flow=no""></script>",https://fareharbor.com/embeds/book/smileandride/items/152309/?asn=fhdn-eur&asn-ref=alloutdooradventures&ref=alloutdooradventures&bookable-only=yes&full-items=yes&marketplace=yes&flow=no,https://cdn.filestackcontent.com/fveLKP2uTkCuNsv8HblH
Smile & Ride,smileandride,info@smileandride.com,+39 375 5617631,Italy/Toscana/Pisa,,,165006,Gravel Bike  - 1 Giorno,Bike Tour,4,71,166,https://fareharbor.com/embeds/calendar/smileandride/items/165006/?asn=fhdn-eur&asn-ref=alloutdooradventures&ref=alloutdooradventures&bookable-only=yes&full-items=yes&marketplace=yes&flow=no,"<script src=""https://fareharbor.com/embeds/script/calendar/smileandride/items/165006/?asn=fhdn-eur&asn-ref=alloutdooradventures&ref=alloutdooradventures&bookable-only=yes&full-items=yes&marketplace=yes&flow=no""></script>",https://fareharbor.com/embeds/book/smileandride/items/165006/?asn=fhdn-eur&asn-ref=alloutdooradventures&ref=alloutdooradventures&bookable-only=yes&full-items=yes&marketplace=yes&flow=no,https://cdn.filestackcontent.com/sXeLAaGlQgSM9rcvxCNl
Smile & Ride,smileandride,info@smileandride.com,+39 375 5617631,Italy/Toscana/Pisa,,,212659,City Bike - 1 ora- 3 ore - 24 ore,Bike Tour,4,71,166,https://fareharbor.com/embeds/calendar/smileandride/items/212659/?asn=fhdn-eur&asn-ref=alloutdooradventures&ref=alloutdooradventures&bookable-only=yes&full-items=yes&marketplace=yes&flow=no,"<script src=""https://fareharbor.com/embeds/script/calendar/smileandride/items/212659/?asn=fhdn-eur&asn-ref=alloutdooradventures&ref=alloutdooradventures&bookable-only=yes&full-items=yes&marketplace=yes&flow=no""></script>",https://fareharbor.com/embeds/book/smileandride/items/212659/?asn=fhdn-eur&asn-ref=alloutdooradventures&ref=alloutdooradventures&bookable-only=yes&full-items=yes&marketplace=yes&flow=no,https://cdn.filestackcontent.com/nYiGhpDSfSbWnwSH3BFJ
Smile & Ride,smileandride,info@smileandride.com,+39 375 5617631,Italy/Toscana/Pisa,,,147039,Bici da corsa carbonio - 3 Giorni,Bike Tour,4,70,166,https://fareharbor.com/embeds/calendar/smileandride/items/147039/?asn=fhdn-eur&asn-ref=alloutdooradventures&ref=alloutdooradventures&bookable-only=yes&full-items=yes&marketplace=yes&flow=no,"<script src=""https://fareharbor.com/embeds/script/calendar/smileandride/items/147039/?asn=fhdn-eur&asn-ref=alloutdooradventures&ref=alloutdooradventures&bookable-only=yes&full-items=yes&marketplace=yes&flow=no""></script>",https://fareharbor.com/embeds/book/smileandride/items/147039/?asn=fhdn-eur&asn-ref=alloutdooradventures&ref=alloutdooradventures&bookable-only=yes&full-items=yes&marketplace=yes&flow=no,https://cdn.filestackcontent.com/nQxQ4zgPTxuM3SCpcosb
Smile & Ride,smileandride,info@smileandride.com,+39 375 5617631,Italy/Toscana/Pisa,,,147040,Bici da corsa in carbonio - 5 Giorni,Bike Tour,4,70,166,https://fareharbor.com/embeds/calendar/smileandride/items/147040/?asn=fhdn-eur&asn-ref=alloutdooradventures&ref=alloutdooradventures&bookable-only=yes&full-items=yes&marketplace=yes&flow=no,"<script src=""https://fareharbor.com/embeds/script/calendar/smileandride/items/147040/?asn=fhdn-eur&asn-ref=alloutdooradventures&ref=alloutdooradventures&bookable-only=yes&full-items=yes&marketplace=yes&flow=no""></script>",https://fareharbor.com/embeds/book/smileandride/items/147040/?asn=fhdn-eur&asn-ref=alloutdooradventures&ref=alloutdooradventures&bookable-only=yes&full-items=yes&marketplace=yes&flow=no,https://cdn.filestackcontent.com/JBIBh0u1S7qxUK5kYBLq
Smile & Ride,smileandride,info@smileandride.com,+39 375 5617631,Italy/Toscana/Pisa,,,147041,Bici da Corsa in Carbonio - 7 Giorni,Bike Tour,4,70,166,https://fareharbor.com/embeds/calendar/smileandride/items/147041/?asn=fhdn-eur&asn-ref=alloutdooradventures&ref=alloutdooradventures&bookable-only=yes&full-items=yes&marketplace=yes&flow=no,"<script src=""https://fareharbor.com/embeds/script/calendar/smileandride/items/147041/?asn=fhdn-eur&asn-ref=alloutdooradventures&ref=alloutdooradventures&bookable-only=yes&full-items=yes&marketplace=yes&flow=no""></script>",https://fareharbor.com/embeds/book/smileandride/items/147041/?asn=fhdn-eur&asn-ref=alloutdooradventures&ref=alloutdooradventures&bookable-only=yes&full-items=yes&marketplace=yes&flow=no,https://cdn.filestackcontent.com/mkbkDNA0TaGqhlUPidCQ
Smile & Ride,smileandride,info@smileandride.com,+39 375 5617631,Italy/Toscana/Pisa,,,160452,City Bike 3 marce- 2 Giorni,Bike Tour,4,70,166,https://fareharbor.com/embeds/calendar/smileandride/items/160452/?asn=fhdn-eur&asn-ref=alloutdooradventures&ref=alloutdooradventures&bookable-only=yes&full-items=yes&marketplace=yes&flow=no,"<script src=""https://fareharbor.com/embeds/script/calendar/smileandride/items/160452/?asn=fhdn-eur&asn-ref=alloutdooradventures&ref=alloutdooradventures&bookable-only=yes&full-items=yes&marketplace=yes&flow=no""></script>",https://fareharbor.com/embeds/book/smileandride/items/160452/?asn=fhdn-eur&asn-ref=alloutdooradventures&ref=alloutdooradventures&bookable-only=yes&full-items=yes&marketplace=yes&flow=no,https://cdn.filestackcontent.com/o0EKU2erQnaiDZZ9RVGy
Smile & Ride,smileandride,info@smileandride.com,+39 375 5617631,Italy/Toscana/Pisa,,,160981,Bici da corsa in carbonio - 4 Giorni,Bike Tour,4,70,166,https://fareharbor.com/embeds/calendar/smileandride/items/160981/?asn=fhdn-eur&asn-ref=alloutdooradventures&ref=alloutdooradventures&bookable-only=yes&full-items=yes&marketplace=yes&flow=no,"<script src=""https://fareharbor.com/embeds/script/calendar/smileandride/items/160981/?asn=fhdn-eur&asn-ref=alloutdooradventures&ref=alloutdooradventures&bookable-only=yes&full-items=yes&marketplace=yes&flow=no""></script>",https://fareharbor.com/embeds/book/smileandride/items/160981/?asn=fhdn-eur&asn-ref=alloutdooradventures&ref=alloutdooradventures&bookable-only=yes&full-items=yes&marketplace=yes&flow=no,https://cdn.filestackcontent.com/eXpkOpVXSxuhHAWEG7DD
Smile & Ride,smileandride,info@smileandride.com,+39 375 5617631,Italy/Toscana/Pisa,,,160984,Bici da Corsa in Carbonio - 6 Giorni,Bike Tour,4,70,166,https://fareharbor.com/embeds/calendar/smileandride/items/160984/?asn=fhdn-eur&asn-ref=alloutdooradventures&ref=alloutdooradventures&bookable-only=yes&full-items=yes&marketplace=yes&flow=no,"<script src=""https://fareharbor.com/embeds/script/calendar/smileandride/items/160984/?asn=fhdn-eur&asn-ref=alloutdooradventures&ref=alloutdooradventures&bookable-only=yes&full-items=yes&marketplace=yes&flow=no""></script>",https://fareharbor.com/embeds/book/smileandride/items/160984/?asn=fhdn-eur&asn-ref=alloutdooradventures&ref=alloutdooradventures&bookable-only=yes&full-items=yes&marketplace=yes&flow=no,https://cdn.filestackcontent.com/4r7iAHBTK2IBeFESRgaF
Bologna Tour,bolognatour,info@bolognatour.eu,+39 3920060314,Italy/Emilia-Romagna/Ravenna,,,428081,Ferrari Full Day from Ravenna port,Factory Tour-Guided Tour-History Tour-Horse,1,69,358,https://fareharbor.com/embeds/calendar/bolognatour/items/428081/?asn=fhdn-eur&asn-ref=alloutdooradventures&ref=alloutdooradventures&bookable-only=yes&full-items=yes&marketplace=yes&flow=no,"<script src=""https://fareharbor.com/embeds/script/calendar/bolognatour/items/428081/?asn=fhdn-eur&asn-ref=alloutdooradventures&ref=alloutdooradventures&bookable-only=yes&full-items=yes&marketplace=yes&flow=no""></script>",https://fareharbor.com/embeds/book/bolognatour/items/428081/?asn=fhdn-eur&asn-ref=alloutdooradventures&ref=alloutdooradventures&bookable-only=yes&full-items=yes&marketplace=yes&flow=no,https://cdn.filestackcontent.com/6V2Fq1QlTtesA1hjuV8U
Arbaspaa,arbaspaa,info@arbaspaa.com,+39 0187 760083,Italy/Liguria/Porto Venere,,,120910,Diving in the Cinque Terre Marine Protected Area: The Sea Baptism,Scuba,1,68,118,https://fareharbor.com/embeds/calendar/arbaspaa/items/120910/?asn=fhdn-eur&asn-ref=alloutdooradventures&ref=alloutdooradventures&bookable-only=yes&full-items=yes&marketplace=yes&flow=no,"<script src=""https://fareharbor.com/embeds/script/calendar/arbaspaa/items/120910/?asn=fhdn-eur&asn-ref=alloutdooradventures&ref=alloutdooradventures&bookable-only=yes&full-items=yes&marketplace=yes&flow=no""></script>",https://fareharbor.com/embeds/book/arbaspaa/items/120910/?asn=fhdn-eur&asn-ref=alloutdooradventures&ref=alloutdooradventures&bookable-only=yes&full-items=yes&marketplace=yes&flow=no,https://cdn.filestackcontent.com/7ooogCVPQH6LLsNAngq1
Arbaspaa,arbaspaa,info@arbaspaa.com,+39 0187 760083,Italy/Provincia della Spezia/Monterosso al Mare,,,133254,Dinner boat tour Cinque Terre from Monterosso,Boat Tour-Dinner Boat-Food Tour-Sailing-Snorkel,4,68,120,https://fareharbor.com/embeds/calendar/arbaspaa/items/133254/?asn=fhdn-eur&asn-ref=alloutdooradventures&ref=alloutdooradventures&bookable-only=yes&full-items=yes&marketplace=yes&flow=no,"<script src=""https://fareharbor.com/embeds/script/calendar/arbaspaa/items/133254/?asn=fhdn-eur&asn-ref=alloutdooradventures&ref=alloutdooradventures&bookable-only=yes&full-items=yes&marketplace=yes&flow=no""></script>",https://fareharbor.com/embeds/book/arbaspaa/items/133254/?asn=fhdn-eur&asn-ref=alloutdooradventures&ref=alloutdooradventures&bookable-only=yes&full-items=yes&marketplace=yes&flow=no,https://cdn.filestackcontent.com/McbBuTYTEi4wiUUwk9XP
Arbaspaa,arbaspaa,info@arbaspaa.com,+39 0187 760083,Italy/Liguria/Manarola,9.728488,44.106843,157346,Walking tour in Portofino and Pesto Course in Rapallo,Boat Tour-Castle-City Tour-Hiking-Transfer-Private-Walking Tour,1,68,0,https://fareharbor.com/embeds/calendar/arbaspaa/items/157346/?asn=fhdn-eur&asn-ref=alloutdooradventures&ref=alloutdooradventures&bookable-only=yes&full-items=yes&marketplace=yes&flow=no,"<script src=""https://fareharbor.com/embeds/script/calendar/arbaspaa/items/157346/?asn=fhdn-eur&asn-ref=alloutdooradventures&ref=alloutdooradventures&bookable-only=yes&full-items=yes&marketplace=yes&flow=no""></script>",https://fareharbor.com/embeds/book/arbaspaa/items/157346/?asn=fhdn-eur&asn-ref=alloutdooradventures&ref=alloutdooradventures&bookable-only=yes&full-items=yes&marketplace=yes&flow=no,https://cdn.filestackcontent.com/MiAybxbRNax4RYcUVAgD
Bologna Tour,bolognatour,info@bolognatour.eu,+39 3920060314,Italy/Emilia-Romagna/Bologna,,,505047,Ferrari & Balsamic,History Tour-Horse,1,68,358,https://fareharbor.com/embeds/calendar/bolognatour/items/505047/?asn=fhdn-eur&asn-ref=alloutdooradventures&ref=alloutdooradventures&bookable-only=yes&full-items=yes&marketplace=yes&flow=no,"<script src=""https://fareharbor.com/embeds/script/calendar/bolognatour/items/505047/?asn=fhdn-eur&asn-ref=alloutdooradventures&ref=alloutdooradventures&bookable-only=yes&full-items=yes&marketplace=yes&flow=no""></script>",https://fareharbor.com/embeds/book/bolognatour/items/505047/?asn=fhdn-eur&asn-ref=alloutdooradventures&ref=alloutdooradventures&bookable-only=yes&full-items=yes&marketplace=yes&flow=no,https://cdn.filestackcontent.com/mxE9tO23SvmYmvrg8boc
Smile & Ride,smileandride,info@smileandride.com,+39 375 5617631,Italy/Toscana/Pisa,,,147170,City Bike 3 marce - 5 Giorni,Bike Tour,3,67,166,https://fareharbor.com/embeds/calendar/smileandride/items/147170/?asn=fhdn-eur&asn-ref=alloutdooradventures&ref=alloutdooradventures&bookable-only=yes&full-items=yes&marketplace=yes&flow=no,"<script src=""https://fareharbor.com/embeds/script/calendar/smileandride/items/147170/?asn=fhdn-eur&asn-ref=alloutdooradventures&ref=alloutdooradventures&bookable-only=yes&full-items=yes&marketplace=yes&flow=no""></script>",https://fareharbor.com/embeds/book/smileandride/items/147170/?asn=fhdn-eur&asn-ref=alloutdooradventures&ref=alloutdooradventures&bookable-only=yes&full-items=yes&marketplace=yes&flow=no,https://cdn.filestackcontent.com/95u4p9dQACDnZiThrclt
Smile & Ride,smileandride,info@smileandride.com,+39 375 5617631,Italy/Toscana/Pisa,,,160454,City Bike 3 marce - 4 Giorni,Bike Tour,3,67,166,https://fareharbor.com/embeds/calendar/smileandride/items/160454/?asn=fhdn-eur&asn-ref=alloutdooradventures&ref=alloutdooradventures&bookable-only=yes&full-items=yes&marketplace=yes&flow=no,"<script src=""https://fareharbor.com/embeds/script/calendar/smileandride/items/160454/?asn=fhdn-eur&asn-ref=alloutdooradventures&ref=alloutdooradventures&bookable-only=yes&full-items=yes&marketplace=yes&flow=no""></script>",https://fareharbor.com/embeds/book/smileandride/items/160454/?asn=fhdn-eur&asn-ref=alloutdooradventures&ref=alloutdooradventures&bookable-only=yes&full-items=yes&marketplace=yes&flow=no,https://cdn.filestackcontent.com/irfwssnySnajhJlnIdw2
Smile & Ride,smileandride,info@smileandride.com,+39 375 5617631,Italy/Toscana/Pisa,,,160455,City Bike 3 marce - 6 Giorni,Bike Tour,3,67,166,https://fareharbor.com/embeds/calendar/smileandride/items/160455/?asn=fhdn-eur&asn-ref=alloutdooradventures&ref=alloutdooradventures&bookable-only=yes&full-items=yes&marketplace=yes&flow=no,"<script src=""https://fareharbor.com/embeds/script/calendar/smileandride/items/160455/?asn=fhdn-eur&asn-ref=alloutdooradventures&ref=alloutdooradventures&bookable-only=yes&full-items=yes&marketplace=yes&flow=no""></script>",https://fareharbor.com/embeds/book/smileandride/items/160455/?asn=fhdn-eur&asn-ref=alloutdooradventures&ref=alloutdooradventures&bookable-only=yes&full-items=yes&marketplace=yes&flow=no,https://cdn.filestackcontent.com/rRPK01yDQzaumNBAIhX7
Smile & Ride,smileandride,info@smileandride.com,+39 375 5617631,Italy/Toscana/Pisa,,,147168,City Bike 3 marce - 3 Giorni,Bike Tour,3,66,166,https://fareharbor.com/embeds/calendar/smileandride/items/147168/?asn=fhdn-eur&asn-ref=alloutdooradventures&ref=alloutdooradventures&bookable-only=yes&full-items=yes&marketplace=yes&flow=no,"<script src=""https://fareharbor.com/embeds/script/calendar/smileandride/items/147168/?asn=fhdn-eur&asn-ref=alloutdooradventures&ref=alloutdooradventures&bookable-only=yes&full-items=yes&marketplace=yes&flow=no""></script>",https://fareharbor.com/embeds/book/smileandride/items/147168/?asn=fhdn-eur&asn-ref=alloutdooradventures&ref=alloutdooradventures&bookable-only=yes&full-items=yes&marketplace=yes&flow=no,https://cdn.filestackcontent.com/3b43Ob9sRsikHn1Y1Q1Q
Arbaspaa,arbaspaa,info@arbaspaa.com,+39 0187 760083,Italy/Liguria/Manarola,9.728488,44.106843,146523,Elegant Motorboat Gozzo: Aphrodite - Manarola,Boat Tour-Snorkel-Wine,0,65,0,https://fareharbor.com/embeds/calendar/arbaspaa/items/146523/?asn=fhdn-eur&asn-ref=alloutdooradventures&ref=alloutdooradventures&bookable-only=yes&full-items=yes&marketplace=yes&flow=no,"<script src=""https://fareharbor.com/embeds/script/calendar/arbaspaa/items/146523/?asn=fhdn-eur&asn-ref=alloutdooradventures&ref=alloutdooradventures&bookable-only=yes&full-items=yes&marketplace=yes&flow=no""></script>",https://fareharbor.com/embeds/book/arbaspaa/items/146523/?asn=fhdn-eur&asn-ref=alloutdooradventures&ref=alloutdooradventures&bookable-only=yes&full-items=yes&marketplace=yes&flow=no,https://cdn.filestackcontent.com/MsBbuDZISmSPkv6fFh61
Arbaspaa,arbaspaa,info@arbaspaa.com,+39 0187 760083,Italy/Liguria/La Spezia,9.824083,44.10245,146816,Luxury and Modern Motorboat La Spezia,Boat Tour-Snorkel,0,65,0,https://fareharbor.com/embeds/calendar/arbaspaa/items/146816/?asn=fhdn-eur&asn-ref=alloutdooradventures&ref=alloutdooradventures&bookable-only=yes&full-items=yes&marketplace=yes&flow=no,"<script src=""https://fareharbor.com/embeds/script/calendar/arbaspaa/items/146816/?asn=fhdn-eur&asn-ref=alloutdooradventures&ref=alloutdooradventures&bookable-only=yes&full-items=yes&marketplace=yes&flow=no""></script>",https://fareharbor.com/embeds/book/arbaspaa/items/146816/?asn=fhdn-eur&asn-ref=alloutdooradventures&ref=alloutdooradventures&bookable-only=yes&full-items=yes&marketplace=yes&flow=no,https://cdn.filestackcontent.com/IVbUwvl1SUC8OMbefJrN
We Like Tuscany s.a.s.,weliketuscany,info@weliketuscany.it,+39 342 9352395,Italy/Toscana/Firenze,,,402105,E-bike 2.5 hours Florentine hills tour with olive oil and fresh bread,Bike Tour-E-Bike-Farm,1,64,499,https://fareharbor.com/embeds/calendar/weliketuscany/items/402105/?asn=fhdn-eur&asn-ref=alloutdooradventures&ref=alloutdooradventures&bookable-only=yes&full-items=yes&marketplace=yes&flow=no,"<script src=""https://fareharbor.com/embeds/script/calendar/weliketuscany/items/402105/?asn=fhdn-eur&asn-ref=alloutdooradventures&ref=alloutdooradventures&bookable-only=yes&full-items=yes&marketplace=yes&flow=no""></script>",https://fareharbor.com/embeds/book/weliketuscany/items/402105/?asn=fhdn-eur&asn-ref=alloutdooradventures&ref=alloutdooradventures&bookable-only=yes&full-items=yes&marketplace=yes&flow=no,https://cdn.filestackcontent.com/L7LBRu2lQ9numYuU5mUa
We Like Tuscany s.a.s.,weliketuscany,info@weliketuscany.it,+39 342 9352395,Italy/Toscana/Firenze,11.243185,43.76613,499954,Florence to Siena through Chianti 2-day bike tour,Bike Tour,1,64,77,https://fareharbor.com/embeds/calendar/weliketuscany/items/499954/?asn=fhdn-eur&asn-ref=alloutdooradventures&ref=alloutdooradventures&bookable-only=yes&full-items=yes&marketplace=yes&flow=no,"<script src=""https://fareharbor.com/embeds/script/calendar/weliketuscany/items/499954/?asn=fhdn-eur&asn-ref=alloutdooradventures&ref=alloutdooradventures&bookable-only=yes&full-items=yes&marketplace=yes&flow=no""></script>",https://fareharbor.com/embeds/book/weliketuscany/items/499954/?asn=fhdn-eur&asn-ref=alloutdooradventures&ref=alloutdooradventures&bookable-only=yes&full-items=yes&marketplace=yes&flow=no,https://cdn.filestackcontent.com/Pv11GBB8RDyE4HSgaw7G
Toursen,toursen,info@toursen.com,+39 351 857 8428,Italy/Lazio/Roma,11.264788,43.768099,632075,FLORENCIA - Tour en bici eléctrica por las colinas de Florencia,Bike Tour,1,64,720,https://fareharbor.com/embeds/calendar/toursen/items/632075/?asn=fhdn-eur&asn-ref=alloutdooradventures&ref=alloutdooradventures&bookable-only=yes&full-items=yes&marketplace=yes&flow=no,"<script src=""https://fareharbor.com/embeds/script/calendar/toursen/items/632075/?asn=fhdn-eur&asn-ref=alloutdooradventures&ref=alloutdooradventures&bookable-only=yes&full-items=yes&marketplace=yes&flow=no""></script>",https://fareharbor.com/embeds/book/toursen/items/632075/?asn=fhdn-eur&asn-ref=alloutdooradventures&ref=alloutdooradventures&bookable-only=yes&full-items=yes&marketplace=yes&flow=no,https://cdn.filestackcontent.com/vv45vOUQpu1EdEKLsYew
Smile & Ride,smileandride,info@smileandride.com,+39 375 5617631,Italy/Toscana/Pisa,,,147214,Parco di san Rossore - Tour con App + Itinerario,Bike Tour,2,63,815,https://fareharbor.com/embeds/calendar/smileandride/items/147214/?asn=fhdn-eur&asn-ref=alloutdooradventures&ref=alloutdooradventures&bookable-only=yes&full-items=yes&marketplace=yes&flow=no,"<script src=""https://fareharbor.com/embeds/script/calendar/smileandride/items/147214/?asn=fhdn-eur&asn-ref=alloutdooradventures&ref=alloutdooradventures&bookable-only=yes&full-items=yes&marketplace=yes&flow=no""></script>",https://fareharbor.com/embeds/book/smileandride/items/147214/?asn=fhdn-eur&asn-ref=alloutdooradventures&ref=alloutdooradventures&bookable-only=yes&full-items=yes&marketplace=yes&flow=no,https://cdn.filestackcontent.com/rJ5jfGDgQNmXCxOE6Hul
Smile & Ride,smileandride,info@smileandride.com,+39 375 5617631,Italy/Toscana/Pisa,,,147206,La via dell'acquedotto Tour con App + Itinerario,Bike Tour,2,62,815,https://fareharbor.com/embeds/calendar/smileandride/items/147206/?asn=fhdn-eur&asn-ref=alloutdooradventures&ref=alloutdooradventures&bookable-only=yes&full-items=yes&marketplace=yes&flow=no,"<script src=""https://fareharbor.com/embeds/script/calendar/smileandride/items/147206/?asn=fhdn-eur&asn-ref=alloutdooradventures&ref=alloutdooradventures&bookable-only=yes&full-items=yes&marketplace=yes&flow=no""></script>",https://fareharbor.com/embeds/book/smileandride/items/147206/?asn=fhdn-eur&asn-ref=alloutdooradventures&ref=alloutdooradventures&bookable-only=yes&full-items=yes&marketplace=yes&flow=no,https://cdn.filestackcontent.com/IgAZUjRdRdSVeur8vMdR
Smile & Ride,smileandride,info@smileandride.com,+39 375 5617631,Italy/Toscana/Pisa,,,147217,Tandem Experience - Tour con App+Itinerario,Bike Tour,2,62,489,https://fareharbor.com/embeds/calendar/smileandride/items/147217/?asn=fhdn-eur&asn-ref=alloutdooradventures&ref=alloutdooradventures&bookable-only=yes&full-items=yes&marketplace=yes&flow=no,"<script src=""https://fareharbor.com/embeds/script/calendar/smileandride/items/147217/?asn=fhdn-eur&asn-ref=alloutdooradventures&ref=alloutdooradventures&bookable-only=yes&full-items=yes&marketplace=yes&flow=no""></script>",https://fareharbor.com/embeds/book/smileandride/items/147217/?asn=fhdn-eur&asn-ref=alloutdooradventures&ref=alloutdooradventures&bookable-only=yes&full-items=yes&marketplace=yes&flow=no,https://cdn.filestackcontent.com/kWVSu7wgSNyjN9BQsFU0
Smile & Ride,smileandride,info@smileandride.com,+39 375 5617631,Italy/Toscana/Pisa,,,147222,Monte Serra in bici da corsa - Tour con App + Itinerario,Bike Tour,2,62,489,https://fareharbor.com/embeds/calendar/smileandride/items/147222/?asn=fhdn-eur&asn-ref=alloutdooradventures&ref=alloutdooradventures&bookable-only=yes&full-items=yes&marketplace=yes&flow=no,"<script src=""https://fareharbor.com/embeds/script/calendar/smileandride/items/147222/?asn=fhdn-eur&asn-ref=alloutdooradventures&ref=alloutdooradventures&bookable-only=yes&full-items=yes&marketplace=yes&flow=no""></script>",https://fareharbor.com/embeds/book/smileandride/items/147222/?asn=fhdn-eur&asn-ref=alloutdooradventures&ref=alloutdooradventures&bookable-only=yes&full-items=yes&marketplace=yes&flow=no,https://cdn.filestackcontent.com/T4cVfAfcTjWEt8m1rJSE
Arbaspaa,arbaspaa,info@arbaspaa.com,+39 0187 760083,Italy/Liguria/Manarola,9.728488,44.106843,131251,Self guided hiking package,Hiking-Walking Tour,0,60,0,https://fareharbor.com/embeds/calendar/arbaspaa/items/131251/?asn=fhdn-eur&asn-ref=alloutdooradventures&ref=alloutdooradventures&bookable-only=yes&full-items=yes&marketplace=yes&flow=no,"<script src=""https://fareharbor.com/embeds/script/calendar/arbaspaa/items/131251/?asn=fhdn-eur&asn-ref=alloutdooradventures&ref=alloutdooradventures&bookable-only=yes&full-items=yes&marketplace=yes&flow=no""></script>",https://fareharbor.com/embeds/book/arbaspaa/items/131251/?asn=fhdn-eur&asn-ref=alloutdooradventures&ref=alloutdooradventures&bookable-only=yes&full-items=yes&marketplace=yes&flow=no,https://cdn.filestackcontent.com/DOlxOftRQAuWgIQcHhaJ
Epicureo.it,epicureo-it,info@epicureo.it,+39 3384270608,Italy/Campania/Pianillo,14.540178,40.6301,550705,Escursione privata al Sentiero degli Dei,Hiking,5,60,0,https://fareharbor.com/embeds/calendar/epicureo-it/items/550705/?asn=fhdn-eur&asn-ref=alloutdooradventures&ref=alloutdooradventures&bookable-only=yes&full-items=yes&marketplace=yes&flow=no,"<script src=""https://fareharbor.com/embeds/script/calendar/epicureo-it/items/550705/?asn=fhdn-eur&asn-ref=alloutdooradventures&ref=alloutdooradventures&bookable-only=yes&full-items=yes&marketplace=yes&flow=no""></script>",https://fareharbor.com/embeds/book/epicureo-it/items/550705/?asn=fhdn-eur&asn-ref=alloutdooradventures&ref=alloutdooradventures&bookable-only=yes&full-items=yes&marketplace=yes&flow=no,https://cdn.filestackcontent.com/aFtLi5vJRIWAghRf5ven
Epicureo.it,epicureo-it,info@epicureo.it,+39 3384270608,Italy/Campania/Sorrento,14.375302,40.628921,550712,Escursione privata a Capri,Hiking,4,60,0,https://fareharbor.com/embeds/calendar/epicureo-it/items/550712/?asn=fhdn-eur&asn-ref=alloutdooradventures&ref=alloutdooradventures&bookable-only=yes&full-items=yes&marketplace=yes&flow=no,"<script src=""https://fareharbor.com/embeds/script/calendar/epicureo-it/items/550712/?asn=fhdn-eur&asn-ref=alloutdooradventures&ref=alloutdooradventures&bookable-only=yes&full-items=yes&marketplace=yes&flow=no""></script>",https://fareharbor.com/embeds/book/epicureo-it/items/550712/?asn=fhdn-eur&asn-ref=alloutdooradventures&ref=alloutdooradventures&bookable-only=yes&full-items=yes&marketplace=yes&flow=no,https://cdn.filestackcontent.com/zSxfH51LQAfr54ozDUyW
Epicureo.it,epicureo-it,info@epicureo.it,+39 3384270608,Italy/Campania/Pontone,14.603612,40.642749,550715,Escursione privata alla Valle delle Ferriere di Amalfi,Hiking,6,60,0,https://fareharbor.com/embeds/calendar/epicureo-it/items/550715/?asn=fhdn-eur&asn-ref=alloutdooradventures&ref=alloutdooradventures&bookable-only=yes&full-items=yes&marketplace=yes&flow=no,"<script src=""https://fareharbor.com/embeds/script/calendar/epicureo-it/items/550715/?asn=fhdn-eur&asn-ref=alloutdooradventures&ref=alloutdooradventures&bookable-only=yes&full-items=yes&marketplace=yes&flow=no""></script>",https://fareharbor.com/embeds/book/epicureo-it/items/550715/?asn=fhdn-eur&asn-ref=alloutdooradventures&ref=alloutdooradventures&bookable-only=yes&full-items=yes&marketplace=yes&flow=no,https://cdn.filestackcontent.com/MNWgpgK1SEG16Fr0v8h2
Minicrociere Toscana,minicrocieretoscana,crociere@maregiglio.it,390564809309,Italy/Toscana/Porto Santo Stefano,,,589081,Giro dell'Isola del Giglio con snorkeling,Boat Tour-Snorkel-Water Activities,1,60,0,https://fareharbor.com/embeds/calendar/minicrocieretoscana/items/589081/?asn=fhdn-eur&asn-ref=alloutdooradventures&ref=alloutdooradventures&bookable-only=yes&full-items=yes&marketplace=yes&flow=no,"<script src=""https://fareharbor.com/embeds/script/calendar/minicrocieretoscana/items/589081/?asn=fhdn-eur&asn-ref=alloutdooradventures&ref=alloutdooradventures&bookable-only=yes&full-items=yes&marketplace=yes&flow=no""></script>",https://fareharbor.com/embeds/book/minicrocieretoscana/items/589081/?asn=fhdn-eur&asn-ref=alloutdooradventures&ref=alloutdooradventures&bookable-only=yes&full-items=yes&marketplace=yes&flow=no,https://cdn.filestackcontent.com/oPwMUTP8T1yDp0IOQJmU
Keys of Italy,keysofitaly,tours@keysofitaly.com,+39 342 382 5787,Italy/Toscana/Firenze,,,557818,Etna Adventure with typical lunch: 4x4 tour to discover old craters and caves at 1900mt,Jeep,1,59,180,https://fareharbor.com/embeds/calendar/keysofitaly/items/557818/?asn=fhdn-eur&asn-ref=alloutdooradventures&ref=alloutdooradventures&bookable-only=yes&full-items=yes&marketplace=yes&flow=no,"<script src=""https://fareharbor.com/embeds/script/calendar/keysofitaly/items/557818/?asn=fhdn-eur&asn-ref=alloutdooradventures&ref=alloutdooradventures&bookable-only=yes&full-items=yes&marketplace=yes&flow=no""></script>",https://fareharbor.com/embeds/book/keysofitaly/items/557818/?asn=fhdn-eur&asn-ref=alloutdooradventures&ref=alloutdooradventures&bookable-only=yes&full-items=yes&marketplace=yes&flow=no,https://cdn.filestackcontent.com/t8F5cY3S6qj8m1Ms3Qpt
Smile & Ride,smileandride,info@smileandride.com,+39 375 5617631,Italy/Tuscany/Pisa,,,317360,Monopattino Elettrico,Bike Tour,1,58,0,https://fareharbor.com/embeds/calendar/smileandride/items/317360/?asn=fhdn-eur&asn-ref=alloutdooradventures&ref=alloutdooradventures&bookable-only=yes&full-items=yes&marketplace=yes&flow=no,"<script src=""https://fareharbor.com/embeds/script/calendar/smileandride/items/317360/?asn=fhdn-eur&asn-ref=alloutdooradventures&ref=alloutdooradventures&bookable-only=yes&full-items=yes&marketplace=yes&flow=no""></script>",https://fareharbor.com/embeds/book/smileandride/items/317360/?asn=fhdn-eur&asn-ref=alloutdooradventures&ref=alloutdooradventures&bookable-only=yes&full-items=yes&marketplace=yes&flow=no,https://cdn.filestackcontent.com/wrICsZDASDijH1S3Hpv3
Smile & Ride,smileandride,info@smileandride.com,+39 375 5617631,Italy/Toscana/Pisa,,,561078,E-Road Bike - 1 Giorno,Bike Tour,1,58,166,https://fareharbor.com/embeds/calendar/smileandride/items/561078/?asn=fhdn-eur&asn-ref=alloutdooradventures&ref=alloutdooradventures&bookable-only=yes&full-items=yes&marketplace=yes&flow=no,"<script src=""https://fareharbor.com/embeds/script/calendar/smileandride/items/561078/?asn=fhdn-eur&asn-ref=alloutdooradventures&ref=alloutdooradventures&bookable-only=yes&full-items=yes&marketplace=yes&flow=no""></script>",https://fareharbor.com/embeds/book/smileandride/items/561078/?asn=fhdn-eur&asn-ref=alloutdooradventures&ref=alloutdooradventures&bookable-only=yes&full-items=yes&marketplace=yes&flow=no,https://cdn.filestackcontent.com/7yULABVFTOKVTyCe193n
Arbaspaa,arbaspaa,info@arbaspaa.com,+39 0187 760083,Italy/Provincia della Spezia/Monterosso al Mare,,,132174,Lunch Boat Tour Cinque Terre from Monterosso,Boat Tour-Food Tour-Sailing-Snorkel,4,57,121,https://fareharbor.com/embeds/calendar/arbaspaa/items/132174/?asn=fhdn-eur&asn-ref=alloutdooradventures&ref=alloutdooradventures&bookable-only=yes&full-items=yes&marketplace=yes&flow=no,"<script src=""https://fareharbor.com/embeds/script/calendar/arbaspaa/items/132174/?asn=fhdn-eur&asn-ref=alloutdooradventures&ref=alloutdooradventures&bookable-only=yes&full-items=yes&marketplace=yes&flow=no""></script>",https://fareharbor.com/embeds/book/arbaspaa/items/132174/?asn=fhdn-eur&asn-ref=alloutdooradventures&ref=alloutdooradventures&bookable-only=yes&full-items=yes&marketplace=yes&flow=no,https://cdn.filestackcontent.com/J8sFV2B5SN4hEU4tVxIo
Pollo Diving,pollodiving,stefanotedesco26@gmail.com,+39 348 525 8167,Italy/Sardegna/Porto Pollo,9.328596,41.186022,223653,La Maddalena tour : Escursione Snorkeling Pomeridiana da Porto Pollo,Boat Tour-Dolphin-Free Diving-Photography Tour-Scuba-Snorkel-Water Activities-Wildlife,6,57,92,https://fareharbor.com/embeds/calendar/pollodiving/items/223653/?asn=fhdn-eur&asn-ref=alloutdooradventures&ref=alloutdooradventures&bookable-only=yes&full-items=yes&marketplace=yes&flow=no,"<script src=""https://fareharbor.com/embeds/script/calendar/pollodiving/items/223653/?asn=fhdn-eur&asn-ref=alloutdooradventures&ref=alloutdooradventures&bookable-only=yes&full-items=yes&marketplace=yes&flow=no""></script>",https://fareharbor.com/embeds/book/pollodiving/items/223653/?asn=fhdn-eur&asn-ref=alloutdooradventures&ref=alloutdooradventures&bookable-only=yes&full-items=yes&marketplace=yes&flow=no,https://cdn.filestackcontent.com/m3AmUvgRfyKiLXvFZsXF
Travel & Bike,travelandbike,info@travelandbike.it,+39 335 365 365,Italy/Veneto/Soave,,,523950,Discovering Soave Wine Bike Tour from Venice,Bike Tour-Wine,3,57,0,https://fareharbor.com/embeds/calendar/travelandbike/items/523950/?asn=fhdn-eur&asn-ref=alloutdooradventures&ref=alloutdooradventures&bookable-only=yes&full-items=yes&marketplace=yes&flow=no,"<script src=""https://fareharbor.com/embeds/script/calendar/travelandbike/items/523950/?asn=fhdn-eur&asn-ref=alloutdooradventures&ref=alloutdooradventures&bookable-only=yes&full-items=yes&marketplace=yes&flow=no""></script>",https://fareharbor.com/embeds/book/travelandbike/items/523950/?asn=fhdn-eur&asn-ref=alloutdooradventures&ref=alloutdooradventures&bookable-only=yes&full-items=yes&marketplace=yes&flow=no,https://cdn.filestackcontent.com/bJahDOzS7kr7s6Uux9fw
Toscana Adventure Team,tateam,info@tateam.it,0039 347 8974708,Italy/Toscana/Vaiano,11.126955,43.959552,540492,Rio Buti Inferiore,Climbing,4,57,183,https://fareharbor.com/embeds/calendar/tateam/items/540492/?asn=fhdn-eur&asn-ref=alloutdooradventures&ref=alloutdooradventures&bookable-only=yes&full-items=yes&marketplace=yes&flow=no,"<script src=""https://fareharbor.com/embeds/script/calendar/tateam/items/540492/?asn=fhdn-eur&asn-ref=alloutdooradventures&ref=alloutdooradventures&bookable-only=yes&full-items=yes&marketplace=yes&flow=no""></script>",https://fareharbor.com/embeds/book/tateam/items/540492/?asn=fhdn-eur&asn-ref=alloutdooradventures&ref=alloutdooradventures&bookable-only=yes&full-items=yes&marketplace=yes&flow=no,https://cdn.filestackcontent.com/2YDmYhM7Rvur0BrlH6wu
Epicureo.it,epicureo-it,info@epicureo.it,+39 3384270608,Italy/Campania/Termini,14.340143,40.5904,550689,Escursione privata a Punta Campanella,Hiking,4,57,0,https://fareharbor.com/embeds/calendar/epicureo-it/items/550689/?asn=fhdn-eur&asn-ref=alloutdooradventures&ref=alloutdooradventures&bookable-only=yes&full-items=yes&marketplace=yes&flow=no,"<script src=""https://fareharbor.com/embeds/script/calendar/epicureo-it/items/550689/?asn=fhdn-eur&asn-ref=alloutdooradventures&ref=alloutdooradventures&bookable-only=yes&full-items=yes&marketplace=yes&flow=no""></script>",https://fareharbor.com/embeds/book/epicureo-it/items/550689/?asn=fhdn-eur&asn-ref=alloutdooradventures&ref=alloutdooradventures&bookable-only=yes&full-items=yes&marketplace=yes&flow=no,https://cdn.filestackcontent.com/1aH92nsWTLeQRQMF5Qm5
Epicureo.it,epicureo-it,info@epicureo.it,+39 3384270608,Italy/Campania/Ravello,14.611648,40.649182,550691,Escursione privata al Sentiero dei Limoni,Hiking,4,57,0,https://fareharbor.com/embeds/calendar/epicureo-it/items/550691/?asn=fhdn-eur&asn-ref=alloutdooradventures&ref=alloutdooradventures&bookable-only=yes&full-items=yes&marketplace=yes&flow=no,"<script src=""https://fareharbor.com/embeds/script/calendar/epicureo-it/items/550691/?asn=fhdn-eur&asn-ref=alloutdooradventures&ref=alloutdooradventures&bookable-only=yes&full-items=yes&marketplace=yes&flow=no""></script>",https://fareharbor.com/embeds/book/epicureo-it/items/550691/?asn=fhdn-eur&asn-ref=alloutdooradventures&ref=alloutdooradventures&bookable-only=yes&full-items=yes&marketplace=yes&flow=no,https://cdn.filestackcontent.com/og5bxrEETHuBQmyXGixG
Epicureo.it,epicureo-it,info@epicureo.it,+39 3384270608,Italy/Campania/Nerano,14.347482,40.586235,550707,Escursione privata alla Baia di Ieranto,Hiking,4,57,0,https://fareharbor.com/embeds/calendar/epicureo-it/items/550707/?asn=fhdn-eur&asn-ref=alloutdooradventures&ref=alloutdooradventures&bookable-only=yes&full-items=yes&marketplace=yes&flow=no,"<script src=""https://fareharbor.com/embeds/script/calendar/epicureo-it/items/550707/?asn=fhdn-eur&asn-ref=alloutdooradventures&ref=alloutdooradventures&bookable-only=yes&full-items=yes&marketplace=yes&flow=no""></script>",https://fareharbor.com/embeds/book/epicureo-it/items/550707/?asn=fhdn-eur&asn-ref=alloutdooradventures&ref=alloutdooradventures&bookable-only=yes&full-items=yes&marketplace=yes&flow=no,https://cdn.filestackcontent.com/dZ8luORXjMOsTcxKsvgX
Arbaspaa,arbaspaa,info@arbaspaa.com,+39 0187 760083,Italy/Liguria/Manarola,9.728488,44.106843,166574,Night hiking: from Corniglia to Manarola- Private experience,Hiking-Water Activities,3,56,0,https://fareharbor.com/embeds/calendar/arbaspaa/items/166574/?asn=fhdn-eur&asn-ref=alloutdooradventures&ref=alloutdooradventures&bookable-only=yes&full-items=yes&marketplace=yes&flow=no,"<script src=""https://fareharbor.com/embeds/script/calendar/arbaspaa/items/166574/?asn=fhdn-eur&asn-ref=alloutdooradventures&ref=alloutdooradventures&bookable-only=yes&full-items=yes&marketplace=yes&flow=no""></script>",https://fareharbor.com/embeds/book/arbaspaa/items/166574/?asn=fhdn-eur&asn-ref=alloutdooradventures&ref=alloutdooradventures&bookable-only=yes&full-items=yes&marketplace=yes&flow=no,https://cdn.filestackcontent.com/1yZtLZDTxGCm6yrwyCKH
Bologna Tour,bolognatour,info@bolognatour.eu,+39 3920060314,Italy/Campania/Marina Grande,14.242205,40.555702,230757,Positano and Amalfi Coast Private Boat Tour,Boat Tour-Food Tour-Private-Sailing-Snorkel,3,56,0,https://fareharbor.com/embeds/calendar/bolognatour/items/230757/?asn=fhdn-eur&asn-ref=alloutdooradventures&ref=alloutdooradventures&bookable-only=yes&full-items=yes&marketplace=yes&flow=no,"<script src=""https://fareharbor.com/embeds/script/calendar/bolognatour/items/230757/?asn=fhdn-eur&asn-ref=alloutdooradventures&ref=alloutdooradventures&bookable-only=yes&full-items=yes&marketplace=yes&flow=no""></script>",https://fareharbor.com/embeds/book/bolognatour/items/230757/?asn=fhdn-eur&asn-ref=alloutdooradventures&ref=alloutdooradventures&bookable-only=yes&full-items=yes&marketplace=yes&flow=no,https://cdn.filestackcontent.com/P5b3ByFaTpi2Kcy84r05
While in Como Srls,whileincomo,ruggero.fondi@gmail.com,+393337524438,Italy/Lombardia/Albese Con Cassano,9.167012,45.795779,652282,Lake Como Hiking Tour - One Night Camp,Hiking,1,56,180,https://fareharbor.com/embeds/calendar/whileincomo/items/652282/?asn=fhdn-eur&asn-ref=alloutdooradventures&ref=alloutdooradventures&bookable-only=yes&full-items=yes&marketplace=yes&flow=no,"<script src=""https://fareharbor.com/embeds/script/calendar/whileincomo/items/652282/?asn=fhdn-eur&asn-ref=alloutdooradventures&ref=alloutdooradventures&bookable-only=yes&full-items=yes&marketplace=yes&flow=no""></script>",https://fareharbor.com/embeds/book/whileincomo/items/652282/?asn=fhdn-eur&asn-ref=alloutdooradventures&ref=alloutdooradventures&bookable-only=yes&full-items=yes&marketplace=yes&flow=no,https://cdn.filestackcontent.com/jPslCjKZR2SkCZrerSzY
Arbaspaa,arbaspaa,info@arbaspaa.com,+39 0187 760083,Italy/Liguria/Manarola,,,143348,"Hiking Tour to San Fruttuoso, Full day Private Experience",Boat Tour-Ferry-Wellness-Hiking-Transfer-Private-Wine,0,55,0,https://fareharbor.com/embeds/calendar/arbaspaa/items/143348/?asn=fhdn-eur&asn-ref=alloutdooradventures&ref=alloutdooradventures&bookable-only=yes&full-items=yes&marketplace=yes&flow=no,"<script src=""https://fareharbor.com/embeds/script/calendar/arbaspaa/items/143348/?asn=fhdn-eur&asn-ref=alloutdooradventures&ref=alloutdooradventures&bookable-only=yes&full-items=yes&marketplace=yes&flow=no""></script>",https://fareharbor.com/embeds/book/arbaspaa/items/143348/?asn=fhdn-eur&asn-ref=alloutdooradventures&ref=alloutdooradventures&bookable-only=yes&full-items=yes&marketplace=yes&flow=no,https://cdn.filestackcontent.com/QIkhOQ7aRsi76Z0L3jQb
Smile & Ride,smileandride,info@smileandride.com,+39 375 5617631,Italy/Toscana/Pisa,,,384424,MTB - 1 Giorno,Bike Tour,0,55,166,https://fareharbor.com/embeds/calendar/smileandride/items/384424/?asn=fhdn-eur&asn-ref=alloutdooradventures&ref=alloutdooradventures&bookable-only=yes&full-items=yes&marketplace=yes&flow=no,"<script src=""https://fareharbor.com/embeds/script/calendar/smileandride/items/384424/?asn=fhdn-eur&asn-ref=alloutdooradventures&ref=alloutdooradventures&bookable-only=yes&full-items=yes&marketplace=yes&flow=no""></script>",https://fareharbor.com/embeds/book/smileandride/items/384424/?asn=fhdn-eur&asn-ref=alloutdooradventures&ref=alloutdooradventures&bookable-only=yes&full-items=yes&marketplace=yes&flow=no,https://cdn.filestackcontent.com/9juAIE3QTgKUbyb2AXLs
Smile & Ride,smileandride,info@smileandride.com,+39 375 5617631,Italy/Toscana/Pisa,,,384438,MTB - 2 giorni,Bike Tour,0,55,166,https://fareharbor.com/embeds/calendar/smileandride/items/384438/?asn=fhdn-eur&asn-ref=alloutdooradventures&ref=alloutdooradventures&bookable-only=yes&full-items=yes&marketplace=yes&flow=no,"<script src=""https://fareharbor.com/embeds/script/calendar/smileandride/items/384438/?asn=fhdn-eur&asn-ref=alloutdooradventures&ref=alloutdooradventures&bookable-only=yes&full-items=yes&marketplace=yes&flow=no""></script>",https://fareharbor.com/embeds/book/smileandride/items/384438/?asn=fhdn-eur&asn-ref=alloutdooradventures&ref=alloutdooradventures&bookable-only=yes&full-items=yes&marketplace=yes&flow=no,https://cdn.filestackcontent.com/9juAIE3QTgKUbyb2AXLs
Smile & Ride,smileandride,info@smileandride.com,+39 375 5617631,Italy/Toscana/Pisa,,,384440,MTB - 3 giorni,Bike Tour,0,55,166,https://fareharbor.com/embeds/calendar/smileandride/items/384440/?asn=fhdn-eur&asn-ref=alloutdooradventures&ref=alloutdooradventures&bookable-only=yes&full-items=yes&marketplace=yes&flow=no,"<script src=""https://fareharbor.com/embeds/script/calendar/smileandride/items/384440/?asn=fhdn-eur&asn-ref=alloutdooradventures&ref=alloutdooradventures&bookable-only=yes&full-items=yes&marketplace=yes&flow=no""></script>",https://fareharbor.com/embeds/book/smileandride/items/384440/?asn=fhdn-eur&asn-ref=alloutdooradventures&ref=alloutdooradventures&bookable-only=yes&full-items=yes&marketplace=yes&flow=no,https://cdn.filestackcontent.com/9juAIE3QTgKUbyb2AXLs
Smile & Ride,smileandride,info@smileandride.com,+39 375 5617631,Italy/Toscana/Pisa,,,384442,MTB - 4 giorni,Bike Tour,0,55,166,https://fareharbor.com/embeds/calendar/smileandride/items/384442/?asn=fhdn-eur&asn-ref=alloutdooradventures&ref=alloutdooradventures&bookable-only=yes&full-items=yes&marketplace=yes&flow=no,"<script src=""https://fareharbor.com/embeds/script/calendar/smileandride/items/384442/?asn=fhdn-eur&asn-ref=alloutdooradventures&ref=alloutdooradventures&bookable-only=yes&full-items=yes&marketplace=yes&flow=no""></script>",https://fareharbor.com/embeds/book/smileandride/items/384442/?asn=fhdn-eur&asn-ref=alloutdooradventures&ref=alloutdooradventures&bookable-only=yes&full-items=yes&marketplace=yes&flow=no,https://cdn.filestackcontent.com/9juAIE3QTgKUbyb2AXLs
Smile & Ride,smileandride,info@smileandride.com,+39 375 5617631,Italy/Toscana/Pisa,,,384445,MTB - 5 giorni,Bike Tour,0,55,166,https://fareharbor.com/embeds/calendar/smileandride/items/384445/?asn=fhdn-eur&asn-ref=alloutdooradventures&ref=alloutdooradventures&bookable-only=yes&full-items=yes&marketplace=yes&flow=no,"<script src=""https://fareharbor.com/embeds/script/calendar/smileandride/items/384445/?asn=fhdn-eur&asn-ref=alloutdooradventures&ref=alloutdooradventures&bookable-only=yes&full-items=yes&marketplace=yes&flow=no""></script>",https://fareharbor.com/embeds/book/smileandride/items/384445/?asn=fhdn-eur&asn-ref=alloutdooradventures&ref=alloutdooradventures&bookable-only=yes&full-items=yes&marketplace=yes&flow=no,https://cdn.filestackcontent.com/9juAIE3QTgKUbyb2AXLs
Smile & Ride,smileandride,info@smileandride.com,+39 375 5617631,Italy/Toscana/Pisa,,,384447,MTB - 6 giorni,Bike Tour,0,55,166,https://fareharbor.com/embeds/calendar/smileandride/items/384447/?asn=fhdn-eur&asn-ref=alloutdooradventures&ref=alloutdooradventures&bookable-only=yes&full-items=yes&marketplace=yes&flow=no,"<script src=""https://fareharbor.com/embeds/script/calendar/smileandride/items/384447/?asn=fhdn-eur&asn-ref=alloutdooradventures&ref=alloutdooradventures&bookable-only=yes&full-items=yes&marketplace=yes&flow=no""></script>",https://fareharbor.com/embeds/book/smileandride/items/384447/?asn=fhdn-eur&asn-ref=alloutdooradventures&ref=alloutdooradventures&bookable-only=yes&full-items=yes&marketplace=yes&flow=no,https://cdn.filestackcontent.com/9juAIE3QTgKUbyb2AXLs
We Like Tuscany s.a.s.,weliketuscany,info@weliketuscany.it,+39 342 9352395,Italy/Toscana/Firenze,,,358338,Classic Tuscany Hills and Florence,Bike Tour-City Tour-Farm-Wine,1,54,180,https://fareharbor.com/embeds/calendar/weliketuscany/items/358338/?asn=fhdn-eur&asn-ref=alloutdooradventures&ref=alloutdooradventures&bookable-only=yes&full-items=yes&marketplace=yes&flow=no,"<script src=""https://fareharbor.com/embeds/script/calendar/weliketuscany/items/358338/?asn=fhdn-eur&asn-ref=alloutdooradventures&ref=alloutdooradventures&bookable-only=yes&full-items=yes&marketplace=yes&flow=no""></script>",https://fareharbor.com/embeds/book/weliketuscany/items/358338/?asn=fhdn-eur&asn-ref=alloutdooradventures&ref=alloutdooradventures&bookable-only=yes&full-items=yes&marketplace=yes&flow=no,https://cdn.filestackcontent.com/Np0XGML4QrmPEBjjrCdO
Rafting Lombardia,raftinglombardia,inlombardia@gmail.com,+39 0342212123,Italy/Lombardia/Tresenda,,,635053,Rafting Full Wine,Rafting,4,54,219,https://fareharbor.com/embeds/calendar/raftinglombardia/items/635053/?asn=fhdn-eur&asn-ref=alloutdooradventures&ref=alloutdooradventures&bookable-only=yes&full-items=yes&marketplace=yes&flow=no,"<script src=""https://fareharbor.com/embeds/script/calendar/raftinglombardia/items/635053/?asn=fhdn-eur&asn-ref=alloutdooradventures&ref=alloutdooradventures&bookable-only=yes&full-items=yes&marketplace=yes&flow=no""></script>",https://fareharbor.com/embeds/book/raftinglombardia/items/635053/?asn=fhdn-eur&asn-ref=alloutdooradventures&ref=alloutdooradventures&bookable-only=yes&full-items=yes&marketplace=yes&flow=no,https://cdn.filestackcontent.com/Ld74jd2yTFmC2b85swfV
Smile & Ride,smileandride,info@smileandride.com,+39 375 5617631,Italy/Toscana/Pisa,,,147211,Esperienza al Lago - Tour con App + Itinerario,Bike Tour,2,53,0,https://fareharbor.com/embeds/calendar/smileandride/items/147211/?asn=fhdn-eur&asn-ref=alloutdooradventures&ref=alloutdooradventures&bookable-only=yes&full-items=yes&marketplace=yes&flow=no,"<script src=""https://fareharbor.com/embeds/script/calendar/smileandride/items/147211/?asn=fhdn-eur&asn-ref=alloutdooradventures&ref=alloutdooradventures&bookable-only=yes&full-items=yes&marketplace=yes&flow=no""></script>",https://fareharbor.com/embeds/book/smileandride/items/147211/?asn=fhdn-eur&asn-ref=alloutdooradventures&ref=alloutdooradventures&bookable-only=yes&full-items=yes&marketplace=yes&flow=no,https://cdn.filestackcontent.com/P2gQtMcIRGSemC46UVKx
Arbaspaa,arbaspaa,info@arbaspaa.com,+39 0187 760083,Italy/Liguria/Manarola,,,365203,Swimming with mermaids!,Snorkel,5,53,0,https://fareharbor.com/embeds/calendar/arbaspaa/items/365203/?asn=fhdn-eur&asn-ref=alloutdooradventures&ref=alloutdooradventures&bookable-only=yes&full-items=yes&marketplace=yes&flow=no,"<script src=""https://fareharbor.com/embeds/script/calendar/arbaspaa/items/365203/?asn=fhdn-eur&asn-ref=alloutdooradventures&ref=alloutdooradventures&bookable-only=yes&full-items=yes&marketplace=yes&flow=no""></script>",https://fareharbor.com/embeds/book/arbaspaa/items/365203/?asn=fhdn-eur&asn-ref=alloutdooradventures&ref=alloutdooradventures&bookable-only=yes&full-items=yes&marketplace=yes&flow=no,https://cdn.filestackcontent.com/j04iN7vTp2QznEXinJVQ
Minicrociere Toscana,minicrocieretoscana,crociere@maregiglio.it,390564809309,Italy/Toscana/Porto Santo Stefano,,,589071,Un tuffo nel blu- snorkeling all'isola di Giannutri,Snorkel,2,53,8,https://fareharbor.com/embeds/calendar/minicrocieretoscana/items/589071/?asn=fhdn-eur&asn-ref=alloutdooradventures&ref=alloutdooradventures&bookable-only=yes&full-items=yes&marketplace=yes&flow=no,"<script src=""https://fareharbor.com/embeds/script/calendar/minicrocieretoscana/items/589071/?asn=fhdn-eur&asn-ref=alloutdooradventures&ref=alloutdooradventures&bookable-only=yes&full-items=yes&marketplace=yes&flow=no""></script>",https://fareharbor.com/embeds/book/minicrocieretoscana/items/589071/?asn=fhdn-eur&asn-ref=alloutdooradventures&ref=alloutdooradventures&bookable-only=yes&full-items=yes&marketplace=yes&flow=no,https://cdn.filestackcontent.com/Ij3jEMF0TgeLtL8k8cEv
Arbaspaa,arbaspaa,info@arbaspaa.com,+39 0187 760083,Italy/Liguria/Manarola,9.728488,44.106843,146900,Traditional Motorboat Gozzo APHRODITE - La Spezia,Snorkel,2,52,0,https://fareharbor.com/embeds/calendar/arbaspaa/items/146900/?asn=fhdn-eur&asn-ref=alloutdooradventures&ref=alloutdooradventures&bookable-only=yes&full-items=yes&marketplace=yes&flow=no,"<script src=""https://fareharbor.com/embeds/script/calendar/arbaspaa/items/146900/?asn=fhdn-eur&asn-ref=alloutdooradventures&ref=alloutdooradventures&bookable-only=yes&full-items=yes&marketplace=yes&flow=no""></script>",https://fareharbor.com/embeds/book/arbaspaa/items/146900/?asn=fhdn-eur&asn-ref=alloutdooradventures&ref=alloutdooradventures&bookable-only=yes&full-items=yes&marketplace=yes&flow=no,https://cdn.filestackcontent.com/I21uiMBRnCnQnAVqBaLv
Bologna Tour,bolognatour,info@bolognatour.eu,+39 3920060314,Italy/Campania/Marina Grande,,,230765,Capri Private Boat Tour,Boat Tour-Food Tour-Snorkel,2,52,0,https://fareharbor.com/embeds/calendar/bolognatour/items/230765/?asn=fhdn-eur&asn-ref=alloutdooradventures&ref=alloutdooradventures&bookable-only=yes&full-items=yes&marketplace=yes&flow=no,"<script src=""https://fareharbor.com/embeds/script/calendar/bolognatour/items/230765/?asn=fhdn-eur&asn-ref=alloutdooradventures&ref=alloutdooradventures&bookable-only=yes&full-items=yes&marketplace=yes&flow=no""></script>",https://fareharbor.com/embeds/book/bolognatour/items/230765/?asn=fhdn-eur&asn-ref=alloutdooradventures&ref=alloutdooradventures&bookable-only=yes&full-items=yes&marketplace=yes&flow=no,https://cdn.filestackcontent.com/F94jNhoFRQS0OOZxutlf
Bologna Tour,bolognatour,info@bolognatour.eu,+39 3920060314,Italy/Toscana/Firenze,,,432743,Florence Bike Tour,Bike Rental-Bike Tour-Bus Tour-Guided Tour-History Tour,2,52,0,https://fareharbor.com/embeds/calendar/bolognatour/items/432743/?asn=fhdn-eur&asn-ref=alloutdooradventures&ref=alloutdooradventures&bookable-only=yes&full-items=yes&marketplace=yes&flow=no,"<script src=""https://fareharbor.com/embeds/script/calendar/bolognatour/items/432743/?asn=fhdn-eur&asn-ref=alloutdooradventures&ref=alloutdooradventures&bookable-only=yes&full-items=yes&marketplace=yes&flow=no""></script>",https://fareharbor.com/embeds/book/bolognatour/items/432743/?asn=fhdn-eur&asn-ref=alloutdooradventures&ref=alloutdooradventures&bookable-only=yes&full-items=yes&marketplace=yes&flow=no,https://cdn.filestackcontent.com/X3e3hdhhShCengmVslgb
Rafting Lombardia,raftinglombardia,inlombardia@gmail.com,+39 0342212123,Italy/Lombardia/Tresenda,,,635058,Raft Privèe,Rafting,3,51,693,https://fareharbor.com/embeds/calendar/raftinglombardia/items/635058/?asn=fhdn-eur&asn-ref=alloutdooradventures&ref=alloutdooradventures&bookable-only=yes&full-items=yes&marketplace=yes&flow=no,"<script src=""https://fareharbor.com/embeds/script/calendar/raftinglombardia/items/635058/?asn=fhdn-eur&asn-ref=alloutdooradventures&ref=alloutdooradventures&bookable-only=yes&full-items=yes&marketplace=yes&flow=no""></script>",https://fareharbor.com/embeds/book/raftinglombardia/items/635058/?asn=fhdn-eur&asn-ref=alloutdooradventures&ref=alloutdooradventures&bookable-only=yes&full-items=yes&marketplace=yes&flow=no,https://cdn.filestackcontent.com/KYMosJNgRl2ZqqB1A4Y3
Ursus Adventures,ursusadventures,info@ursusadventures.it,+390463636175,Italy/Trentino-Alto Adige/Ossana,10.74111,46.310058,211650,Rafting Family,Rafting-Water Activities,1,49,0,https://fareharbor.com/embeds/calendar/ursusadventures/items/211650/?asn=fhdn-eur&asn-ref=alloutdooradventures&ref=alloutdooradventures&bookable-only=yes&full-items=yes&marketplace=yes&flow=no,"<script src=""https://fareharbor.com/embeds/script/calendar/ursusadventures/items/211650/?asn=fhdn-eur&asn-ref=alloutdooradventures&ref=alloutdooradventures&bookable-only=yes&full-items=yes&marketplace=yes&flow=no""></script>",https://fareharbor.com/embeds/book/ursusadventures/items/211650/?asn=fhdn-eur&asn-ref=alloutdooradventures&ref=alloutdooradventures&bookable-only=yes&full-items=yes&marketplace=yes&flow=no,https://cdn.filestackcontent.com/p9eqIf6QwiWE6puOytdr
Ursus Adventures,ursusadventures,info@ursusadventures.it,+390463636175,Italy/Trentino-Alto Adige/Ossana,10.74111,46.310058,211652,Rafting Extreme,Rafting,1,49,0,https://fareharbor.com/embeds/calendar/ursusadventures/items/211652/?asn=fhdn-eur&asn-ref=alloutdooradventures&ref=alloutdooradventures&bookable-only=yes&full-items=yes&marketplace=yes&flow=no,"<script src=""https://fareharbor.com/embeds/script/calendar/ursusadventures/items/211652/?asn=fhdn-eur&asn-ref=alloutdooradventures&ref=alloutdooradventures&bookable-only=yes&full-items=yes&marketplace=yes&flow=no""></script>",https://fareharbor.com/embeds/book/ursusadventures/items/211652/?asn=fhdn-eur&asn-ref=alloutdooradventures&ref=alloutdooradventures&bookable-only=yes&full-items=yes&marketplace=yes&flow=no,https://cdn.filestackcontent.com/NSd8psdEQA25GCcN2x5Y
Ursus Adventures,ursusadventures,info@ursusadventures.it,+390463636175,Italy/Trentino-Alto Adige/Ossana,10.74111,46.310058,232811,Rafting Exclusive,Rafting,1,49,0,https://fareharbor.com/embeds/calendar/ursusadventures/items/232811/?asn=fhdn-eur&asn-ref=alloutdooradventures&ref=alloutdooradventures&bookable-only=yes&full-items=yes&marketplace=yes&flow=no,"<script src=""https://fareharbor.com/embeds/script/calendar/ursusadventures/items/232811/?asn=fhdn-eur&asn-ref=alloutdooradventures&ref=alloutdooradventures&bookable-only=yes&full-items=yes&marketplace=yes&flow=no""></script>",https://fareharbor.com/embeds/book/ursusadventures/items/232811/?asn=fhdn-eur&asn-ref=alloutdooradventures&ref=alloutdooradventures&bookable-only=yes&full-items=yes&marketplace=yes&flow=no,https://cdn.filestackcontent.com/SipUrdNFSniMJUuHhFjd
Ursus Adventures,ursusadventures,info@ursusadventures.it,+390463636175,Italy/Trentino-Alto Adige/Ossana,10.74111,46.310058,428441,Rafting Power,Rafting,1,49,0,https://fareharbor.com/embeds/calendar/ursusadventures/items/428441/?asn=fhdn-eur&asn-ref=alloutdooradventures&ref=alloutdooradventures&bookable-only=yes&full-items=yes&marketplace=yes&flow=no,"<script src=""https://fareharbor.com/embeds/script/calendar/ursusadventures/items/428441/?asn=fhdn-eur&asn-ref=alloutdooradventures&ref=alloutdooradventures&bookable-only=yes&full-items=yes&marketplace=yes&flow=no""></script>",https://fareharbor.com/embeds/book/ursusadventures/items/428441/?asn=fhdn-eur&asn-ref=alloutdooradventures&ref=alloutdooradventures&bookable-only=yes&full-items=yes&marketplace=yes&flow=no,https://cdn.filestackcontent.com/YWvxnY9DRH2KN85SUUoo
Under The Tuscan Sun Tours,underthetuscansun,andrea@underthetuscansun.it,+393483146644,Italy/Tuscany/Florence,11.257671,43.769968,146861,Private VIP - HORSE BACK RIDING & WINE TOUR IN CHIANTI,Castle-Horse-Wine,1,48,180,https://fareharbor.com/embeds/calendar/underthetuscansun/items/146861/?asn=fhdn-eur&asn-ref=alloutdooradventures&ref=alloutdooradventures&bookable-only=yes&full-items=yes&marketplace=yes&flow=no,"<script src=""https://fareharbor.com/embeds/script/calendar/underthetuscansun/items/146861/?asn=fhdn-eur&asn-ref=alloutdooradventures&ref=alloutdooradventures&bookable-only=yes&full-items=yes&marketplace=yes&flow=no""></script>",https://fareharbor.com/embeds/book/underthetuscansun/items/146861/?asn=fhdn-eur&asn-ref=alloutdooradventures&ref=alloutdooradventures&bookable-only=yes&full-items=yes&marketplace=yes&flow=no,https://cdn.filestackcontent.com/nQvTPczwRXKBtjKqxusJ
Under The Tuscan Sun Tours,underthetuscansun,andrea@underthetuscansun.it,+393483146644,Italy/Tuscany/Florence,11.257671,43.769968,154258,ALL TUSCANY IN ONE DAY TOUR -PRIVATE VIP,Attraction-City Tour-Climbing-Farm-Food Tour-History Tour-Museum-Private-Sightseeing Tour-Winery-Wine,1,48,180,https://fareharbor.com/embeds/calendar/underthetuscansun/items/154258/?asn=fhdn-eur&asn-ref=alloutdooradventures&ref=alloutdooradventures&bookable-only=yes&full-items=yes&marketplace=yes&flow=no,"<script src=""https://fareharbor.com/embeds/script/calendar/underthetuscansun/items/154258/?asn=fhdn-eur&asn-ref=alloutdooradventures&ref=alloutdooradventures&bookable-only=yes&full-items=yes&marketplace=yes&flow=no""></script>",https://fareharbor.com/embeds/book/underthetuscansun/items/154258/?asn=fhdn-eur&asn-ref=alloutdooradventures&ref=alloutdooradventures&bookable-only=yes&full-items=yes&marketplace=yes&flow=no,https://cdn.filestackcontent.com/BtmAnu4zRsqRL7RkBH22
Under The Tuscan Sun Tours,underthetuscansun,andrea@underthetuscansun.it,+393483146644,Italy/Tuscany/Florence,11.257671,43.769968,154268,"PRIVATE VIP – Wonderful Tuscany wine tour in Chianti and visit Siena, Monteriggioni and San Gimignano",City Tour-Horse-Private-Wine,1,48,180,https://fareharbor.com/embeds/calendar/underthetuscansun/items/154268/?asn=fhdn-eur&asn-ref=alloutdooradventures&ref=alloutdooradventures&bookable-only=yes&full-items=yes&marketplace=yes&flow=no,"<script src=""https://fareharbor.com/embeds/script/calendar/underthetuscansun/items/154268/?asn=fhdn-eur&asn-ref=alloutdooradventures&ref=alloutdooradventures&bookable-only=yes&full-items=yes&marketplace=yes&flow=no""></script>",https://fareharbor.com/embeds/book/underthetuscansun/items/154268/?asn=fhdn-eur&asn-ref=alloutdooradventures&ref=alloutdooradventures&bookable-only=yes&full-items=yes&marketplace=yes&flow=no,https://cdn.filestackcontent.com/pYKLnAdQQXNF1jDwpHHB
Under The Tuscan Sun Tours,underthetuscansun,andrea@underthetuscansun.it,+393483146644,Italy/Emilia-Romagna/Bologna,11.342616,44.494887,160211,2 Ferrari Museums + Ferrari Test Drive + Traditional Balsamic Vinegar Of Modena + Gourmet Lunch In Typical Italian Trattoria,Events-History Tour-Horse-Museum-Transportation-Wine-Workshop,1,48,180,https://fareharbor.com/embeds/calendar/underthetuscansun/items/160211/?asn=fhdn-eur&asn-ref=alloutdooradventures&ref=alloutdooradventures&bookable-only=yes&full-items=yes&marketplace=yes&flow=no,"<script src=""https://fareharbor.com/embeds/script/calendar/underthetuscansun/items/160211/?asn=fhdn-eur&asn-ref=alloutdooradventures&ref=alloutdooradventures&bookable-only=yes&full-items=yes&marketplace=yes&flow=no""></script>",https://fareharbor.com/embeds/book/underthetuscansun/items/160211/?asn=fhdn-eur&asn-ref=alloutdooradventures&ref=alloutdooradventures&bookable-only=yes&full-items=yes&marketplace=yes&flow=no,https://cdn.filestackcontent.com/L2Gw7TRTtqGt5GriMQnr
Under The Tuscan Sun Tours,underthetuscansun,andrea@underthetuscansun.it,+393483146644,Italy/Tuscany/Florence,11.257671,43.769968,161625,Horse Back Riding In Chianti With Siena And Monteriggioni,Castle-Horse,1,48,180,https://fareharbor.com/embeds/calendar/underthetuscansun/items/161625/?asn=fhdn-eur&asn-ref=alloutdooradventures&ref=alloutdooradventures&bookable-only=yes&full-items=yes&marketplace=yes&flow=no,"<script src=""https://fareharbor.com/embeds/script/calendar/underthetuscansun/items/161625/?asn=fhdn-eur&asn-ref=alloutdooradventures&ref=alloutdooradventures&bookable-only=yes&full-items=yes&marketplace=yes&flow=no""></script>",https://fareharbor.com/embeds/book/underthetuscansun/items/161625/?asn=fhdn-eur&asn-ref=alloutdooradventures&ref=alloutdooradventures&bookable-only=yes&full-items=yes&marketplace=yes&flow=no,https://cdn.filestackcontent.com/fjZL8ReMTRq5goTbyOIJ
Bologna Tour,bolognatour,info@bolognatour.eu,+39 3920060314,Italy/Emilia-Romagna/Bologna,,,307518,Sorrento: One Day Private Boat Tour of Capri,Boat Tour-Private-Snorkel-Transportation,4,47,0,https://fareharbor.com/embeds/calendar/bolognatour/items/307518/?asn=fhdn-eur&asn-ref=alloutdooradventures&ref=alloutdooradventures&bookable-only=yes&full-items=yes&marketplace=yes&flow=no,"<script src=""https://fareharbor.com/embeds/script/calendar/bolognatour/items/307518/?asn=fhdn-eur&asn-ref=alloutdooradventures&ref=alloutdooradventures&bookable-only=yes&full-items=yes&marketplace=yes&flow=no""></script>",https://fareharbor.com/embeds/book/bolognatour/items/307518/?asn=fhdn-eur&asn-ref=alloutdooradventures&ref=alloutdooradventures&bookable-only=yes&full-items=yes&marketplace=yes&flow=no,https://cdn.filestackcontent.com/9FWb2Pa8SYeHo4VpNqxw
Bologna Tour,bolognatour,info@bolognatour.eu,+39 3920060314,Italy/Emilia-Romagna/Bologna,,,320181,S.Margherita Portofino San Fruttuoso Boat Tour,Boat Tour-Private-Snorkel-Transportation,3,45,0,https://fareharbor.com/embeds/calendar/bolognatour/items/320181/?asn=fhdn-eur&asn-ref=alloutdooradventures&ref=alloutdooradventures&bookable-only=yes&full-items=yes&marketplace=yes&flow=no,"<script src=""https://fareharbor.com/embeds/script/calendar/bolognatour/items/320181/?asn=fhdn-eur&asn-ref=alloutdooradventures&ref=alloutdooradventures&bookable-only=yes&full-items=yes&marketplace=yes&flow=no""></script>",https://fareharbor.com/embeds/book/bolognatour/items/320181/?asn=fhdn-eur&asn-ref=alloutdooradventures&ref=alloutdooradventures&bookable-only=yes&full-items=yes&marketplace=yes&flow=no,https://cdn.filestackcontent.com/qXIDfaEUTJG0EQWhzuTR
Toscana Adventure Team,tateam,info@tateam.it,0039 347 8974708,Italy/Toscana/Fabbriche di Vergemoli,10.448951,44.00471,540482,Rio Selvano Canyoning Experience,Climbing,5,45,278,https://fareharbor.com/embeds/calendar/tateam/items/540482/?asn=fhdn-eur&asn-ref=alloutdooradventures&ref=alloutdooradventures&bookable-only=yes&full-items=yes&marketplace=yes&flow=no,"<script src=""https://fareharbor.com/embeds/script/calendar/tateam/items/540482/?asn=fhdn-eur&asn-ref=alloutdooradventures&ref=alloutdooradventures&bookable-only=yes&full-items=yes&marketplace=yes&flow=no""></script>",https://fareharbor.com/embeds/book/tateam/items/540482/?asn=fhdn-eur&asn-ref=alloutdooradventures&ref=alloutdooradventures&bookable-only=yes&full-items=yes&marketplace=yes&flow=no,https://cdn.filestackcontent.com/ZZ5fQfqWSQaBaccCKtOR
Toscana Adventure Team,tateam,info@tateam.it,0039 347 8974708,Italy/Toscana/Vaiano,11.134072,43.925083,540485,Fonte Buia - Speleo Canyoning experience,Climbing,7,45,340,https://fareharbor.com/embeds/calendar/tateam/items/540485/?asn=fhdn-eur&asn-ref=alloutdooradventures&ref=alloutdooradventures&bookable-only=yes&full-items=yes&marketplace=yes&flow=no,"<script src=""https://fareharbor.com/embeds/script/calendar/tateam/items/540485/?asn=fhdn-eur&asn-ref=alloutdooradventures&ref=alloutdooradventures&bookable-only=yes&full-items=yes&marketplace=yes&flow=no""></script>",https://fareharbor.com/embeds/book/tateam/items/540485/?asn=fhdn-eur&asn-ref=alloutdooradventures&ref=alloutdooradventures&bookable-only=yes&full-items=yes&marketplace=yes&flow=no,https://cdn.filestackcontent.com/iFO6rqRTumzRsArmfKCj
Rafting Lombardia,raftinglombardia,inlombardia@gmail.com,+39 0342212123,Italy/Lombardia/Tresenda,,,635035,Rafting Full Fun,Rafting,1,45,219,https://fareharbor.com/embeds/calendar/raftinglombardia/items/635035/?asn=fhdn-eur&asn-ref=alloutdooradventures&ref=alloutdooradventures&bookable-only=yes&full-items=yes&marketplace=yes&flow=no,"<script src=""https://fareharbor.com/embeds/script/calendar/raftinglombardia/items/635035/?asn=fhdn-eur&asn-ref=alloutdooradventures&ref=alloutdooradventures&bookable-only=yes&full-items=yes&marketplace=yes&flow=no""></script>",https://fareharbor.com/embeds/book/raftinglombardia/items/635035/?asn=fhdn-eur&asn-ref=alloutdooradventures&ref=alloutdooradventures&bookable-only=yes&full-items=yes&marketplace=yes&flow=no,https://cdn.filestackcontent.com/9Ch22njrQJ6eVxliQDEh
Toscana Adventure Team,tateam,info@tateam.it,0039 347 8974708,Italy/Toscana/Fabbriche di Vergemoli,10.428633,43.996896,539105,"Tana Che Urla, Speleo Canyoning Experience",Climbing,4,41,340,https://fareharbor.com/embeds/calendar/tateam/items/539105/?asn=fhdn-eur&asn-ref=alloutdooradventures&ref=alloutdooradventures&bookable-only=yes&full-items=yes&marketplace=yes&flow=no,"<script src=""https://fareharbor.com/embeds/script/calendar/tateam/items/539105/?asn=fhdn-eur&asn-ref=alloutdooradventures&ref=alloutdooradventures&bookable-only=yes&full-items=yes&marketplace=yes&flow=no""></script>",https://fareharbor.com/embeds/book/tateam/items/539105/?asn=fhdn-eur&asn-ref=alloutdooradventures&ref=alloutdooradventures&bookable-only=yes&full-items=yes&marketplace=yes&flow=no,https://cdn.filestackcontent.com/KmlgsKwqTAa4vFrJQDQf
Under The Tuscan Sun Tours,underthetuscansun,andrea@underthetuscansun.it,+393483146644,Italy/Tuscany/Florence,,,155400,Cooking with Mama! Cooking Class School with Mama at Tuscany Farm and Wine Tasting in Chianti,Castle-City Tour-Cooking Class-Eco Tour-Environmental Attraction-Farm-Food Tour-Guided Tour-History Tour-Photography Tour-Transfer-Private-Shuttle-Sightseeing Tour-Transportation-Winery-Wine,1,38,180,https://fareharbor.com/embeds/calendar/underthetuscansun/items/155400/?asn=fhdn-eur&asn-ref=alloutdooradventures&ref=alloutdooradventures&bookable-only=yes&full-items=yes&marketplace=yes&flow=no,"<script src=""https://fareharbor.com/embeds/script/calendar/underthetuscansun/items/155400/?asn=fhdn-eur&asn-ref=alloutdooradventures&ref=alloutdooradventures&bookable-only=yes&full-items=yes&marketplace=yes&flow=no""></script>",https://fareharbor.com/embeds/book/underthetuscansun/items/155400/?asn=fhdn-eur&asn-ref=alloutdooradventures&ref=alloutdooradventures&bookable-only=yes&full-items=yes&marketplace=yes&flow=no,https://cdn.filestackcontent.com/b6QMaD5T9iZb8B46kkBA
Under The Tuscan Sun Tours,underthetuscansun,andrea@underthetuscansun.it,+393483146644,Italy/Tuscany/Florence,,,155405,Horse Back Riding In Chianti With San Gimignano And Monteriggioni,Castle-Horse,1,38,180,https://fareharbor.com/embeds/calendar/underthetuscansun/items/155405/?asn=fhdn-eur&asn-ref=alloutdooradventures&ref=alloutdooradventures&bookable-only=yes&full-items=yes&marketplace=yes&flow=no,"<script src=""https://fareharbor.com/embeds/script/calendar/underthetuscansun/items/155405/?asn=fhdn-eur&asn-ref=alloutdooradventures&ref=alloutdooradventures&bookable-only=yes&full-items=yes&marketplace=yes&flow=no""></script>",https://fareharbor.com/embeds/book/underthetuscansun/items/155405/?asn=fhdn-eur&asn-ref=alloutdooradventures&ref=alloutdooradventures&bookable-only=yes&full-items=yes&marketplace=yes&flow=no,https://cdn.filestackcontent.com/fjZL8ReMTRq5goTbyOIJ
Under The Tuscan Sun Tours,underthetuscansun,andrea@underthetuscansun.it,+393483146644,Italy/Tuscany/Florence,,,155406,"Horse Back Riding In Chianti With Siena, San Gimignano And Monteriggioni",Castle-Horse,1,38,180,https://fareharbor.com/embeds/calendar/underthetuscansun/items/155406/?asn=fhdn-eur&asn-ref=alloutdooradventures&ref=alloutdooradventures&bookable-only=yes&full-items=yes&marketplace=yes&flow=no,"<script src=""https://fareharbor.com/embeds/script/calendar/underthetuscansun/items/155406/?asn=fhdn-eur&asn-ref=alloutdooradventures&ref=alloutdooradventures&bookable-only=yes&full-items=yes&marketplace=yes&flow=no""></script>",https://fareharbor.com/embeds/book/underthetuscansun/items/155406/?asn=fhdn-eur&asn-ref=alloutdooradventures&ref=alloutdooradventures&bookable-only=yes&full-items=yes&marketplace=yes&flow=no,https://cdn.filestackcontent.com/qPMGkjplSWK3D5DEOyil
Under The Tuscan Sun Tours,underthetuscansun,andrea@underthetuscansun.it,+393483146644,Italy/Tuscany/Florence,,,155413,CHIANTI HORSEBACK RIDING,Horse-Transportation-Winery-Wine,1,38,180,https://fareharbor.com/embeds/calendar/underthetuscansun/items/155413/?asn=fhdn-eur&asn-ref=alloutdooradventures&ref=alloutdooradventures&bookable-only=yes&full-items=yes&marketplace=yes&flow=no,"<script src=""https://fareharbor.com/embeds/script/calendar/underthetuscansun/items/155413/?asn=fhdn-eur&asn-ref=alloutdooradventures&ref=alloutdooradventures&bookable-only=yes&full-items=yes&marketplace=yes&flow=no""></script>",https://fareharbor.com/embeds/book/underthetuscansun/items/155413/?asn=fhdn-eur&asn-ref=alloutdooradventures&ref=alloutdooradventures&bookable-only=yes&full-items=yes&marketplace=yes&flow=no,https://cdn.filestackcontent.com/KbccfUFQQIadfCYkrmTf
Under The Tuscan Sun Tours,underthetuscansun,andrea@underthetuscansun.it,+393483146644,Italy/Tuscany/Florence,,,157069,BIKE TOUR,Bike Tour-City Tour,1,38,360,https://fareharbor.com/embeds/calendar/underthetuscansun/items/157069/?asn=fhdn-eur&asn-ref=alloutdooradventures&ref=alloutdooradventures&bookable-only=yes&full-items=yes&marketplace=yes&flow=no,"<script src=""https://fareharbor.com/embeds/script/calendar/underthetuscansun/items/157069/?asn=fhdn-eur&asn-ref=alloutdooradventures&ref=alloutdooradventures&bookable-only=yes&full-items=yes&marketplace=yes&flow=no""></script>",https://fareharbor.com/embeds/book/underthetuscansun/items/157069/?asn=fhdn-eur&asn-ref=alloutdooradventures&ref=alloutdooradventures&bookable-only=yes&full-items=yes&marketplace=yes&flow=no,https://cdn.filestackcontent.com/MczrL6H0RSamYgnVcbWM
Under The Tuscan Sun Tours,underthetuscansun,andrea@underthetuscansun.it,+393483146644,Italy/Tuscany/Florence,,,157079,MEDICI VILLAS AND GARDENS,Climbing-Museum-Theater,1,38,1080,https://fareharbor.com/embeds/calendar/underthetuscansun/items/157079/?asn=fhdn-eur&asn-ref=alloutdooradventures&ref=alloutdooradventures&bookable-only=yes&full-items=yes&marketplace=yes&flow=no,"<script src=""https://fareharbor.com/embeds/script/calendar/underthetuscansun/items/157079/?asn=fhdn-eur&asn-ref=alloutdooradventures&ref=alloutdooradventures&bookable-only=yes&full-items=yes&marketplace=yes&flow=no""></script>",https://fareharbor.com/embeds/book/underthetuscansun/items/157079/?asn=fhdn-eur&asn-ref=alloutdooradventures&ref=alloutdooradventures&bookable-only=yes&full-items=yes&marketplace=yes&flow=no,https://cdn.filestackcontent.com/0WAlxHcBSdy6WrMW2MJA
Under The Tuscan Sun Tours,underthetuscansun,andrea@underthetuscansun.it,+393483146644,Italy/Tuscany/Florence,,,159763,POMPEII AND MOUNT VESUVIUS HIKE,City Tour-Hiking-Transportation-Walking Tour-Winery-Wine,1,38,180,https://fareharbor.com/embeds/calendar/underthetuscansun/items/159763/?asn=fhdn-eur&asn-ref=alloutdooradventures&ref=alloutdooradventures&bookable-only=yes&full-items=yes&marketplace=yes&flow=no,"<script src=""https://fareharbor.com/embeds/script/calendar/underthetuscansun/items/159763/?asn=fhdn-eur&asn-ref=alloutdooradventures&ref=alloutdooradventures&bookable-only=yes&full-items=yes&marketplace=yes&flow=no""></script>",https://fareharbor.com/embeds/book/underthetuscansun/items/159763/?asn=fhdn-eur&asn-ref=alloutdooradventures&ref=alloutdooradventures&bookable-only=yes&full-items=yes&marketplace=yes&flow=no,https://cdn.filestackcontent.com/tX4J2vCQHmlZnjmlkaQc
Maregiglio Yacht,maregiglioyacht,yacht@maregiglio.it,+393486264314,Italy/Toscana/Porto Santo Stefano,,,544196,Escursione Privata Isola di Giannutri,Bike Tour,1,38,109,https://fareharbor.com/embeds/calendar/maregiglioyacht/items/544196/?asn=fhdn-eur&asn-ref=alloutdooradventures&ref=alloutdooradventures&bookable-only=yes&full-items=yes&marketplace=yes&flow=no,"<script src=""https://fareharbor.com/embeds/script/calendar/maregiglioyacht/items/544196/?asn=fhdn-eur&asn-ref=alloutdooradventures&ref=alloutdooradventures&bookable-only=yes&full-items=yes&marketplace=yes&flow=no""></script>",https://fareharbor.com/embeds/book/maregiglioyacht/items/544196/?asn=fhdn-eur&asn-ref=alloutdooradventures&ref=alloutdooradventures&bookable-only=yes&full-items=yes&marketplace=yes&flow=no,https://cdn.filestackcontent.com/5lPqxrTcS5O75IoDAfeH
Epicureo.it,epicureo-it,info@epicureo.it,+39 3384270608,Italy/Toscana/Firenze,,,550997,Cooking Class Amalfi Coast,Hiking,1,38,0,https://fareharbor.com/embeds/calendar/epicureo-it/items/550997/?asn=fhdn-eur&asn-ref=alloutdooradventures&ref=alloutdooradventures&bookable-only=yes&full-items=yes&marketplace=yes&flow=no,"<script src=""https://fareharbor.com/embeds/script/calendar/epicureo-it/items/550997/?asn=fhdn-eur&asn-ref=alloutdooradventures&ref=alloutdooradventures&bookable-only=yes&full-items=yes&marketplace=yes&flow=no""></script>",https://fareharbor.com/embeds/book/epicureo-it/items/550997/?asn=fhdn-eur&asn-ref=alloutdooradventures&ref=alloutdooradventures&bookable-only=yes&full-items=yes&marketplace=yes&flow=no,https://cdn.filestackcontent.com/14opx1euTQG0N3Diw9zi
Rafting Lombardia,raftinglombardia,inlombardia@gmail.com,+39 0342212123,Italy/Lombardia/Tresenda,,,635057,Weekend Full Nature,Rafting,2,38,120,https://fareharbor.com/embeds/calendar/raftinglombardia/items/635057/?asn=fhdn-eur&asn-ref=alloutdooradventures&ref=alloutdooradventures&bookable-only=yes&full-items=yes&marketplace=yes&flow=no,"<script src=""https://fareharbor.com/embeds/script/calendar/raftinglombardia/items/635057/?asn=fhdn-eur&asn-ref=alloutdooradventures&ref=alloutdooradventures&bookable-only=yes&full-items=yes&marketplace=yes&flow=no""></script>",https://fareharbor.com/embeds/book/raftinglombardia/items/635057/?asn=fhdn-eur&asn-ref=alloutdooradventures&ref=alloutdooradventures&bookable-only=yes&full-items=yes&marketplace=yes&flow=no,https://cdn.filestackcontent.com/z2BFzsnmQZs5wKf3KjXS
Toscana Adventure Team,tateam,info@tateam.it,0039 347 8974708,Italy/Toscana/Stazzema,10.310414,43.992754,540486,Speleo Experience - Gallerie della neve,Climbing,3,37,0,https://fareharbor.com/embeds/calendar/tateam/items/540486/?asn=fhdn-eur&asn-ref=alloutdooradventures&ref=alloutdooradventures&bookable-only=yes&full-items=yes&marketplace=yes&flow=no,"<script src=""https://fareharbor.com/embeds/script/calendar/tateam/items/540486/?asn=fhdn-eur&asn-ref=alloutdooradventures&ref=alloutdooradventures&bookable-only=yes&full-items=yes&marketplace=yes&flow=no""></script>",https://fareharbor.com/embeds/book/tateam/items/540486/?asn=fhdn-eur&asn-ref=alloutdooradventures&ref=alloutdooradventures&bookable-only=yes&full-items=yes&marketplace=yes&flow=no,https://cdn.filestackcontent.com/fIqzRMjoQVugceWnK0uc
Toscana Adventure Team,tateam,info@tateam.it,0039 347 8974708,Italy/Toscana/Ponte All'ania,10.487325,44.045086,540489,Torrente Ania Canyoning Experience,Climbing,3,36,0,https://fareharbor.com/embeds/calendar/tateam/items/540489/?asn=fhdn-eur&asn-ref=alloutdooradventures&ref=alloutdooradventures&bookable-only=yes&full-items=yes&marketplace=yes&flow=no,"<script src=""https://fareharbor.com/embeds/script/calendar/tateam/items/540489/?asn=fhdn-eur&asn-ref=alloutdooradventures&ref=alloutdooradventures&bookable-only=yes&full-items=yes&marketplace=yes&flow=no""></script>",https://fareharbor.com/embeds/book/tateam/items/540489/?asn=fhdn-eur&asn-ref=alloutdooradventures&ref=alloutdooradventures&bookable-only=yes&full-items=yes&marketplace=yes&flow=no,https://cdn.filestackcontent.com/wZVqTWbtTJS3o12LZQTi
Arbaspaa,arbaspaa,info@arbaspaa.com,+39 0187 760083,Italy/Liguria/Manarola,,,143337,Private Cinque Terre Hiking & Wine Tour,Wellness-Hiking-Train-Wine,0,35,1,https://fareharbor.com/embeds/calendar/arbaspaa/items/143337/?asn=fhdn-eur&asn-ref=alloutdooradventures&ref=alloutdooradventures&bookable-only=yes&full-items=yes&marketplace=yes&flow=no,"<script src=""https://fareharbor.com/embeds/script/calendar/arbaspaa/items/143337/?asn=fhdn-eur&asn-ref=alloutdooradventures&ref=alloutdooradventures&bookable-only=yes&full-items=yes&marketplace=yes&flow=no""></script>",https://fareharbor.com/embeds/book/arbaspaa/items/143337/?asn=fhdn-eur&asn-ref=alloutdooradventures&ref=alloutdooradventures&bookable-only=yes&full-items=yes&marketplace=yes&flow=no,https://cdn.filestackcontent.com/cKUui6POTPuMhQkTkUQQ
Under The Tuscan Sun Tours,underthetuscansun,andrea@underthetuscansun.it,+393483146644,Italy/Tuscany/Florence,,,154556,PISA AND LUCCA With Bike Tour On The Lucca Wall,Bike Rental-Bike Tour-City Tour-Museum-Transfer-Private-Sailing-Transportation,0,35,540,https://fareharbor.com/embeds/calendar/underthetuscansun/items/154556/?asn=fhdn-eur&asn-ref=alloutdooradventures&ref=alloutdooradventures&bookable-only=yes&full-items=yes&marketplace=yes&flow=no,"<script src=""https://fareharbor.com/embeds/script/calendar/underthetuscansun/items/154556/?asn=fhdn-eur&asn-ref=alloutdooradventures&ref=alloutdooradventures&bookable-only=yes&full-items=yes&marketplace=yes&flow=no""></script>",https://fareharbor.com/embeds/book/underthetuscansun/items/154556/?asn=fhdn-eur&asn-ref=alloutdooradventures&ref=alloutdooradventures&bookable-only=yes&full-items=yes&marketplace=yes&flow=no,https://cdn.filestackcontent.com/pCrSwYQKT12s6PC6pN1h
Epicureo.it,epicureo-it,info@epicureo.it,+39 3384270608,Italy/Campania/Nerano,14.347482,40.586235,550721,Snorkeling alla Baia di Ieranto,Hiking,3,35,0,https://fareharbor.com/embeds/calendar/epicureo-it/items/550721/?asn=fhdn-eur&asn-ref=alloutdooradventures&ref=alloutdooradventures&bookable-only=yes&full-items=yes&marketplace=yes&flow=no,"<script src=""https://fareharbor.com/embeds/script/calendar/epicureo-it/items/550721/?asn=fhdn-eur&asn-ref=alloutdooradventures&ref=alloutdooradventures&bookable-only=yes&full-items=yes&marketplace=yes&flow=no""></script>",https://fareharbor.com/embeds/book/epicureo-it/items/550721/?asn=fhdn-eur&asn-ref=alloutdooradventures&ref=alloutdooradventures&bookable-only=yes&full-items=yes&marketplace=yes&flow=no,https://cdn.filestackcontent.com/gnCTJ1bSZCahfSSyzxwP
Italygate,italygate,booking@emiliaromagnatours.it,+39 370 3608751,Italy/Liguria/La Spezia,9.826837,44.104288,112280,Cinque Terre: land and sea tour,Ferry-Hiking-Train-Walking Tour,3,34,0,https://fareharbor.com/embeds/calendar/italygate/items/112280/?asn=fhdn-eur&asn-ref=alloutdooradventures&ref=alloutdooradventures&bookable-only=yes&full-items=yes&marketplace=yes&flow=no,"<script src=""https://fareharbor.com/embeds/script/calendar/italygate/items/112280/?asn=fhdn-eur&asn-ref=alloutdooradventures&ref=alloutdooradventures&bookable-only=yes&full-items=yes&marketplace=yes&flow=no""></script>",https://fareharbor.com/embeds/book/italygate/items/112280/?asn=fhdn-eur&asn-ref=alloutdooradventures&ref=alloutdooradventures&bookable-only=yes&full-items=yes&marketplace=yes&flow=no,https://cdn.filestackcontent.com/JRV8dBLMSeuiNuy6ty4K
Toscana Adventure Team,tateam,info@tateam.it,0039 347 8974708,Italy/Toscana/Seravezza,10.222939,43.989597,540491,Torrente Serra Inferiore,Climbing,2,31,0,https://fareharbor.com/embeds/calendar/tateam/items/540491/?asn=fhdn-eur&asn-ref=alloutdooradventures&ref=alloutdooradventures&bookable-only=yes&full-items=yes&marketplace=yes&flow=no,"<script src=""https://fareharbor.com/embeds/script/calendar/tateam/items/540491/?asn=fhdn-eur&asn-ref=alloutdooradventures&ref=alloutdooradventures&bookable-only=yes&full-items=yes&marketplace=yes&flow=no""></script>",https://fareharbor.com/embeds/book/tateam/items/540491/?asn=fhdn-eur&asn-ref=alloutdooradventures&ref=alloutdooradventures&bookable-only=yes&full-items=yes&marketplace=yes&flow=no,https://cdn.filestackcontent.com/HZr6VhpKRy2guMW9Rq1f
Epicureo.it,epicureo-it,info@epicureo.it,+39 3384270608,Italy/Campania/Pianillo,14.540178,40.6301,550975,Arrampicata in Costiera Amalfitana,Hiking,2,31,0,https://fareharbor.com/embeds/calendar/epicureo-it/items/550975/?asn=fhdn-eur&asn-ref=alloutdooradventures&ref=alloutdooradventures&bookable-only=yes&full-items=yes&marketplace=yes&flow=no,"<script src=""https://fareharbor.com/embeds/script/calendar/epicureo-it/items/550975/?asn=fhdn-eur&asn-ref=alloutdooradventures&ref=alloutdooradventures&bookable-only=yes&full-items=yes&marketplace=yes&flow=no""></script>",https://fareharbor.com/embeds/book/epicureo-it/items/550975/?asn=fhdn-eur&asn-ref=alloutdooradventures&ref=alloutdooradventures&bookable-only=yes&full-items=yes&marketplace=yes&flow=no,https://cdn.filestackcontent.com/uqd8d8W0ReiAafi8tj0B
Palau Excursions & Snorkeling,palauexcursions,info@palauexcursions.com,39 3384719563,Italy/Sardegna/Palau,,,539143,Escursione Snorkeling Parco Nazionale di La Maddalena,Snorkel,4,28,120,https://fareharbor.com/embeds/calendar/palauexcursions/items/539143/?asn=fhdn-eur&asn-ref=alloutdooradventures&ref=alloutdooradventures&bookable-only=yes&full-items=yes&marketplace=yes&flow=no,"<script src=""https://fareharbor.com/embeds/script/calendar/palauexcursions/items/539143/?asn=fhdn-eur&asn-ref=alloutdooradventures&ref=alloutdooradventures&bookable-only=yes&full-items=yes&marketplace=yes&flow=no""></script>",https://fareharbor.com/embeds/book/palauexcursions/items/539143/?asn=fhdn-eur&asn-ref=alloutdooradventures&ref=alloutdooradventures&bookable-only=yes&full-items=yes&marketplace=yes&flow=no,https://cdn.filestackcontent.com/S0kut8OMQeOW3twUot8Y
Epicureo.it,epicureo-it,info@epicureo.it,+39 3384270608,Italy/Campania/Salerno,14.769953,40.673798,550982,Escursione in barca in Costiera Amalfitana,Hiking,1,28,0,https://fareharbor.com/embeds/calendar/epicureo-it/items/550982/?asn=fhdn-eur&asn-ref=alloutdooradventures&ref=alloutdooradventures&bookable-only=yes&full-items=yes&marketplace=yes&flow=no,"<script src=""https://fareharbor.com/embeds/script/calendar/epicureo-it/items/550982/?asn=fhdn-eur&asn-ref=alloutdooradventures&ref=alloutdooradventures&bookable-only=yes&full-items=yes&marketplace=yes&flow=no""></script>",https://fareharbor.com/embeds/book/epicureo-it/items/550982/?asn=fhdn-eur&asn-ref=alloutdooradventures&ref=alloutdooradventures&bookable-only=yes&full-items=yes&marketplace=yes&flow=no,https://cdn.filestackcontent.com/O1w5DtvQVOGuLmIa0eN2
Epicureo.it,epicureo-it,info@epicureo.it,+39 3384270608,Italy/Campania/Massa Lubrense,14.336099,40.608831,550985,Escursione in Kayak alla Baia di Ieranto,Hiking,1,28,0,https://fareharbor.com/embeds/calendar/epicureo-it/items/550985/?asn=fhdn-eur&asn-ref=alloutdooradventures&ref=alloutdooradventures&bookable-only=yes&full-items=yes&marketplace=yes&flow=no,"<script src=""https://fareharbor.com/embeds/script/calendar/epicureo-it/items/550985/?asn=fhdn-eur&asn-ref=alloutdooradventures&ref=alloutdooradventures&bookable-only=yes&full-items=yes&marketplace=yes&flow=no""></script>",https://fareharbor.com/embeds/book/epicureo-it/items/550985/?asn=fhdn-eur&asn-ref=alloutdooradventures&ref=alloutdooradventures&bookable-only=yes&full-items=yes&marketplace=yes&flow=no,https://cdn.filestackcontent.com/Kux5TuYqRY6Tgyh5Dqog
Mezzana Marilleva,marilleva,info@marilleva.it,+39 0463757588,Italy/Trentino-Alto Adige/Mezzana,10.796292,46.314848,561374,Baby Rafting by Ursus Adventures (Ritrovo Ossana),Rafting,1,28,0,https://fareharbor.com/embeds/calendar/marilleva/items/561374/?asn=fhdn-eur&asn-ref=alloutdooradventures&ref=alloutdooradventures&bookable-only=yes&full-items=yes&marketplace=yes&flow=no,"<script src=""https://fareharbor.com/embeds/script/calendar/marilleva/items/561374/?asn=fhdn-eur&asn-ref=alloutdooradventures&ref=alloutdooradventures&bookable-only=yes&full-items=yes&marketplace=yes&flow=no""></script>",https://fareharbor.com/embeds/book/marilleva/items/561374/?asn=fhdn-eur&asn-ref=alloutdooradventures&ref=alloutdooradventures&bookable-only=yes&full-items=yes&marketplace=yes&flow=no,https://cdn.filestackcontent.com/itMapLh6S3GQvTCRemPC
Mezzana Marilleva,marilleva,info@marilleva.it,+39 0463757588,Italy/Trentino-Alto Adige/Marilleva 900,10.812574,46.315116,561645,Escursione lungo la pista ciclabile,Bike Tour,1,28,0,https://fareharbor.com/embeds/calendar/marilleva/items/561645/?asn=fhdn-eur&asn-ref=alloutdooradventures&ref=alloutdooradventures&bookable-only=yes&full-items=yes&marketplace=yes&flow=no,"<script src=""https://fareharbor.com/embeds/script/calendar/marilleva/items/561645/?asn=fhdn-eur&asn-ref=alloutdooradventures&ref=alloutdooradventures&bookable-only=yes&full-items=yes&marketplace=yes&flow=no""></script>",https://fareharbor.com/embeds/book/marilleva/items/561645/?asn=fhdn-eur&asn-ref=alloutdooradventures&ref=alloutdooradventures&bookable-only=yes&full-items=yes&marketplace=yes&flow=no,https://cdn.filestackcontent.com/KnUJigYqS8qfMepgAcPR
Mezzana Marilleva,marilleva,info@marilleva.it,+39 0463757588,Italy/Trentino-South Tyrol/Marilleva 1400,10.810622,46.301553,563350,Kids Bike Park,Bike Tour,1,28,0,https://fareharbor.com/embeds/calendar/marilleva/items/563350/?asn=fhdn-eur&asn-ref=alloutdooradventures&ref=alloutdooradventures&bookable-only=yes&full-items=yes&marketplace=yes&flow=no,"<script src=""https://fareharbor.com/embeds/script/calendar/marilleva/items/563350/?asn=fhdn-eur&asn-ref=alloutdooradventures&ref=alloutdooradventures&bookable-only=yes&full-items=yes&marketplace=yes&flow=no""></script>",https://fareharbor.com/embeds/book/marilleva/items/563350/?asn=fhdn-eur&asn-ref=alloutdooradventures&ref=alloutdooradventures&bookable-only=yes&full-items=yes&marketplace=yes&flow=no,https://cdn.filestackcontent.com/5GTexLXNRae829SbcRTD
Epicureo.it,epicureo-it,info@epicureo.it,+39 3384270608,Italy/Toscana/Firenze,,,552468,Pic-Nic in Cantina,Hiking,3,27,0,https://fareharbor.com/embeds/calendar/epicureo-it/items/552468/?asn=fhdn-eur&asn-ref=alloutdooradventures&ref=alloutdooradventures&bookable-only=yes&full-items=yes&marketplace=yes&flow=no,"<script src=""https://fareharbor.com/embeds/script/calendar/epicureo-it/items/552468/?asn=fhdn-eur&asn-ref=alloutdooradventures&ref=alloutdooradventures&bookable-only=yes&full-items=yes&marketplace=yes&flow=no""></script>",https://fareharbor.com/embeds/book/epicureo-it/items/552468/?asn=fhdn-eur&asn-ref=alloutdooradventures&ref=alloutdooradventures&bookable-only=yes&full-items=yes&marketplace=yes&flow=no,https://cdn.filestackcontent.com/38IBiZ8wTDOwSjGtzREQ
Farm Experiences & Tours,portugalfarmexperience,hello@portugalfarmexperiences.com,911701055,Italy/Toscana/Rignano sull'Arno,11.389348,43.724467,640491,Tuscan Hikking Experience,Farm-Hiking,1,27,0,https://fareharbor.com/embeds/calendar/portugalfarmexperience/items/640491/?asn=fhdn-eur&asn-ref=alloutdooradventures&ref=alloutdooradventures&bookable-only=yes&full-items=yes&marketplace=yes&flow=no,"<script src=""https://fareharbor.com/embeds/script/calendar/portugalfarmexperience/items/640491/?asn=fhdn-eur&asn-ref=alloutdooradventures&ref=alloutdooradventures&bookable-only=yes&full-items=yes&marketplace=yes&flow=no""></script>",https://fareharbor.com/embeds/book/portugalfarmexperience/items/640491/?asn=fhdn-eur&asn-ref=alloutdooradventures&ref=alloutdooradventures&bookable-only=yes&full-items=yes&marketplace=yes&flow=no,https://cdn.filestackcontent.com/wRptN1PT2iajw5phySUl
Epicureo.it,epicureo-it,info@epicureo.it,+39 3384270608,Italy/Toscana/Firenze,,,552477,Lezione di Mozzarella,Hiking,3,24,0,https://fareharbor.com/embeds/calendar/epicureo-it/items/552477/?asn=fhdn-eur&asn-ref=alloutdooradventures&ref=alloutdooradventures&bookable-only=yes&full-items=yes&marketplace=yes&flow=no,"<script src=""https://fareharbor.com/embeds/script/calendar/epicureo-it/items/552477/?asn=fhdn-eur&asn-ref=alloutdooradventures&ref=alloutdooradventures&bookable-only=yes&full-items=yes&marketplace=yes&flow=no""></script>",https://fareharbor.com/embeds/book/epicureo-it/items/552477/?asn=fhdn-eur&asn-ref=alloutdooradventures&ref=alloutdooradventures&bookable-only=yes&full-items=yes&marketplace=yes&flow=no,https://cdn.filestackcontent.com/PD5leE7gSg21sqWtEerh
Epicureo.it,epicureo-it,info@epicureo.it,+39 3384270608,Italy/Toscana/Firenze,,,551001,Wine Tasting Amalfi Coast,Hiking,2,23,0,https://fareharbor.com/embeds/calendar/epicureo-it/items/551001/?asn=fhdn-eur&asn-ref=alloutdooradventures&ref=alloutdooradventures&bookable-only=yes&full-items=yes&marketplace=yes&flow=no,"<script src=""https://fareharbor.com/embeds/script/calendar/epicureo-it/items/551001/?asn=fhdn-eur&asn-ref=alloutdooradventures&ref=alloutdooradventures&bookable-only=yes&full-items=yes&marketplace=yes&flow=no""></script>",https://fareharbor.com/embeds/book/epicureo-it/items/551001/?asn=fhdn-eur&asn-ref=alloutdooradventures&ref=alloutdooradventures&bookable-only=yes&full-items=yes&marketplace=yes&flow=no,https://cdn.filestackcontent.com/D8P1v1zCSUS0K3IFhtAQ
Epicureo.it,epicureo-it,info@epicureo.it,+39 3384270608,Italy/Toscana/Firenze,,,552485,Degustazione di Birra in Costiera Amalfitana,Hiking,1,19,0,https://fareharbor.com/embeds/calendar/epicureo-it/items/552485/?asn=fhdn-eur&asn-ref=alloutdooradventures&ref=alloutdooradventures&bookable-only=yes&full-items=yes&marketplace=yes&flow=no,"<script src=""https://fareharbor.com/embeds/script/calendar/epicureo-it/items/552485/?asn=fhdn-eur&asn-ref=alloutdooradventures&ref=alloutdooradventures&bookable-only=yes&full-items=yes&marketplace=yes&flow=no""></script>",https://fareharbor.com/embeds/book/epicureo-it/items/552485/?asn=fhdn-eur&asn-ref=alloutdooradventures&ref=alloutdooradventures&bookable-only=yes&full-items=yes&marketplace=yes&flow=no,https://cdn.filestackcontent.com/D573Ee9TPSSO4F77MDKw
Epicureo.it,epicureo-it,info@epicureo.it,+39 3384270608,Italy/Toscana/Firenze,,,550977,Bike tour Sorrento,Hiking,1,18,0,https://fareharbor.com/embeds/calendar/epicureo-it/items/550977/?asn=fhdn-eur&asn-ref=alloutdooradventures&ref=alloutdooradventures&bookable-only=yes&full-items=yes&marketplace=yes&flow=no,"<script src=""https://fareharbor.com/embeds/script/calendar/epicureo-it/items/550977/?asn=fhdn-eur&asn-ref=alloutdooradventures&ref=alloutdooradventures&bookable-only=yes&full-items=yes&marketplace=yes&flow=no""></script>",https://fareharbor.com/embeds/book/epicureo-it/items/550977/?asn=fhdn-eur&asn-ref=alloutdooradventures&ref=alloutdooradventures&bookable-only=yes&full-items=yes&marketplace=yes&flow=no,https://cdn.filestackcontent.com/pS72SbKuTHGzRJdxjC3g
Epicureo.it,epicureo-it,info@epicureo.it,+39 3384270608,Italy/Toscana/Firenze,,,550986,Lezione di Yoga Privata,Hiking,1,18,0,https://fareharbor.com/embeds/calendar/epicureo-it/items/550986/?asn=fhdn-eur&asn-ref=alloutdooradventures&ref=alloutdooradventures&bookable-only=yes&full-items=yes&marketplace=yes&flow=no,"<script src=""https://fareharbor.com/embeds/script/calendar/epicureo-it/items/550986/?asn=fhdn-eur&asn-ref=alloutdooradventures&ref=alloutdooradventures&bookable-only=yes&full-items=yes&marketplace=yes&flow=no""></script>",https://fareharbor.com/embeds/book/epicureo-it/items/550986/?asn=fhdn-eur&asn-ref=alloutdooradventures&ref=alloutdooradventures&bookable-only=yes&full-items=yes&marketplace=yes&flow=no,https://cdn.filestackcontent.com/zQYARnyrRjWkAqd044tI
