company_name,company_shortname,company_email,company_phone,location,location_lat,location_long,item_id,item_name,tags,image_count,quality_score,availability_count,calendar_link,calendar_script,regular_link,image_url
Go Local San Sebastián,golocalsansebastian,kaixo@golocalsansebastian.com,+34 943048328,Spain/Euskadi/Donostia,,,183031,Classic E-Bike Tour (Tour in English),Bike Rental-Bike Tour-E-Bike-Guided Tour,5,98,358,https://fareharbor.com/embeds/calendar/golocalsansebastian/items/183031/?asn=fhdn-eur&asn-ref=alloutdooradventures&ref=alloutdooradventures&bookable-only=yes&full-items=yes&marketplace=yes&flow=no,"<script src=""https://fareharbor.com/embeds/script/calendar/golocalsansebastian/items/183031/?asn=fhdn-eur&asn-ref=alloutdooradventures&ref=alloutdooradventures&bookable-only=yes&full-items=yes&marketplace=yes&flow=no""></script>",https://fareharbor.com/embeds/book/golocalsansebastian/items/183031/?asn=fhdn-eur&asn-ref=alloutdooradventures&ref=alloutdooradventures&bookable-only=yes&full-items=yes&marketplace=yes&flow=no,https://cdn.filestackcontent.com/smCcFhbhR9Cf4DPT7OhF
World Experience,webarcelona,booking@worldexperience.com,+34 935950869,Spain/Comunidad de Madrid/Madrid,-3.684946,40.470249,477539,Segovia Private Guided Visit & Alcazar with High-Speed train from Madrid,City Tour-Guided Tour-Hiking-Train-Walking Tour,10,94,130,https://fareharbor.com/embeds/calendar/webarcelona/items/477539/?asn=fhdn-eur&asn-ref=alloutdooradventures&ref=alloutdooradventures&bookable-only=yes&full-items=yes&marketplace=yes&flow=no,"<script src=""https://fareharbor.com/embeds/script/calendar/webarcelona/items/477539/?asn=fhdn-eur&asn-ref=alloutdooradventures&ref=alloutdooradventures&bookable-only=yes&full-items=yes&marketplace=yes&flow=no""></script>",https://fareharbor.com/embeds/book/webarcelona/items/477539/?asn=fhdn-eur&asn-ref=alloutdooradventures&ref=alloutdooradventures&bookable-only=yes&full-items=yes&marketplace=yes&flow=no,https://cdn.filestackcontent.com/95Hc4dAZRGg7gqsiGnQQ
Tourne,tournebilbao,info@tournebilbao.com,+34 688 749 372,Spain/Euskadi/Bilbo,,,159053,Highlights E-bike Tour,Attraction-Bike Rental-Bike Tour-City Tour-Museum,5,93,533,https://fareharbor.com/embeds/calendar/tournebilbao/items/159053/?asn=fhdn-eur&asn-ref=alloutdooradventures&ref=alloutdooradventures&bookable-only=yes&full-items=yes&marketplace=yes&flow=no,"<script src=""https://fareharbor.com/embeds/script/calendar/tournebilbao/items/159053/?asn=fhdn-eur&asn-ref=alloutdooradventures&ref=alloutdooradventures&bookable-only=yes&full-items=yes&marketplace=yes&flow=no""></script>",https://fareharbor.com/embeds/book/tournebilbao/items/159053/?asn=fhdn-eur&asn-ref=alloutdooradventures&ref=alloutdooradventures&bookable-only=yes&full-items=yes&marketplace=yes&flow=no,https://cdn.filestackcontent.com/6Y1IEficRoWjTdoNH6nd
Tourne,tournebilbao,info@tournebilbao.com,+34 688 749 372,Spain/Euskadi/Bilbo,,,159057,Highlights Private E-bike Tour,Bike Rental-Bike Tour,1,92,1075,https://fareharbor.com/embeds/calendar/tournebilbao/items/159057/?asn=fhdn-eur&asn-ref=alloutdooradventures&ref=alloutdooradventures&bookable-only=yes&full-items=yes&marketplace=yes&flow=no,"<script src=""https://fareharbor.com/embeds/script/calendar/tournebilbao/items/159057/?asn=fhdn-eur&asn-ref=alloutdooradventures&ref=alloutdooradventures&bookable-only=yes&full-items=yes&marketplace=yes&flow=no""></script>",https://fareharbor.com/embeds/book/tournebilbao/items/159057/?asn=fhdn-eur&asn-ref=alloutdooradventures&ref=alloutdooradventures&bookable-only=yes&full-items=yes&marketplace=yes&flow=no,https://cdn.filestackcontent.com/8n6ZF9zTouW3N5P7jpnb
Bilke Bilbao S.L.,bilkebilbao,info@bilkebilbao.com,+34613060548,Spain/Euskadi/Bilbo,-2.935008,43.266039,527145,Lo Mejor de Bilbao,Bike Tour,7,90,0,https://fareharbor.com/embeds/calendar/bilkebilbao/items/527145/?asn=fhdn-eur&asn-ref=alloutdooradventures&ref=alloutdooradventures&bookable-only=yes&full-items=yes&marketplace=yes&flow=no,"<script src=""https://fareharbor.com/embeds/script/calendar/bilkebilbao/items/527145/?asn=fhdn-eur&asn-ref=alloutdooradventures&ref=alloutdooradventures&bookable-only=yes&full-items=yes&marketplace=yes&flow=no""></script>",https://fareharbor.com/embeds/book/bilkebilbao/items/527145/?asn=fhdn-eur&asn-ref=alloutdooradventures&ref=alloutdooradventures&bookable-only=yes&full-items=yes&marketplace=yes&flow=no,https://cdn.filestackcontent.com/I0quMKWxRjqTK7ajwOEw
Bilke Bilbao S.L.,bilkebilbao,info@bilkebilbao.com,+34613060548,Spain/Euskadi/Bilbo,-2.935008,43.266039,527147,Lo Mejor de Bilbao en Privado. Bicicleta Clásica,Bike Tour,5,88,0,https://fareharbor.com/embeds/calendar/bilkebilbao/items/527147/?asn=fhdn-eur&asn-ref=alloutdooradventures&ref=alloutdooradventures&bookable-only=yes&full-items=yes&marketplace=yes&flow=no,"<script src=""https://fareharbor.com/embeds/script/calendar/bilkebilbao/items/527147/?asn=fhdn-eur&asn-ref=alloutdooradventures&ref=alloutdooradventures&bookable-only=yes&full-items=yes&marketplace=yes&flow=no""></script>",https://fareharbor.com/embeds/book/bilkebilbao/items/527147/?asn=fhdn-eur&asn-ref=alloutdooradventures&ref=alloutdooradventures&bookable-only=yes&full-items=yes&marketplace=yes&flow=no,https://cdn.filestackcontent.com/9rG6uEFQtGwq3NZoPh1T
Cycling Tour Barcelona,cyclingtourbarcelona,cyclingtourbarcelona@gmail.com,+44 7463 680099,Spain/Catalunya/Barcelona,2.177287,41.380484,403406,Sightseeing by Bike Photo-Shooting & Tapas,Bike Tour,14,85,179,https://fareharbor.com/embeds/calendar/cyclingtourbarcelona/items/403406/?asn=fhdn-eur&asn-ref=alloutdooradventures&ref=alloutdooradventures&bookable-only=yes&full-items=yes&marketplace=yes&flow=no,"<script src=""https://fareharbor.com/embeds/script/calendar/cyclingtourbarcelona/items/403406/?asn=fhdn-eur&asn-ref=alloutdooradventures&ref=alloutdooradventures&bookable-only=yes&full-items=yes&marketplace=yes&flow=no""></script>",https://fareharbor.com/embeds/book/cyclingtourbarcelona/items/403406/?asn=fhdn-eur&asn-ref=alloutdooradventures&ref=alloutdooradventures&bookable-only=yes&full-items=yes&marketplace=yes&flow=no,https://cdn.filestackcontent.com/AQFojyeTRoubjNLP7Gyp
Cycling Tour Barcelona,cyclingtourbarcelona,cyclingtourbarcelona@gmail.com,+44 7463 680099,Spain/Catalunya/Barcelona,2.177287,41.380484,403412,Sightseeing by Bike Photo-Shooting,Bike Tour,10,85,357,https://fareharbor.com/embeds/calendar/cyclingtourbarcelona/items/403412/?asn=fhdn-eur&asn-ref=alloutdooradventures&ref=alloutdooradventures&bookable-only=yes&full-items=yes&marketplace=yes&flow=no,"<script src=""https://fareharbor.com/embeds/script/calendar/cyclingtourbarcelona/items/403412/?asn=fhdn-eur&asn-ref=alloutdooradventures&ref=alloutdooradventures&bookable-only=yes&full-items=yes&marketplace=yes&flow=no""></script>",https://fareharbor.com/embeds/book/cyclingtourbarcelona/items/403412/?asn=fhdn-eur&asn-ref=alloutdooradventures&ref=alloutdooradventures&bookable-only=yes&full-items=yes&marketplace=yes&flow=no,https://cdn.filestackcontent.com/a0PEosUZSlu8uFypaXwd
El Ciclo,elciclobcn,ramiro@elciclobcn.com,34607824860,Spain/Catalunya/Barcelona,,,540801,Best of Barcelona Bicycle Tour - group,Bike Tour,5,84,634,https://fareharbor.com/embeds/calendar/elciclobcn/items/540801/?asn=fhdn-eur&asn-ref=alloutdooradventures&ref=alloutdooradventures&bookable-only=yes&full-items=yes&marketplace=yes&flow=no,"<script src=""https://fareharbor.com/embeds/script/calendar/elciclobcn/items/540801/?asn=fhdn-eur&asn-ref=alloutdooradventures&ref=alloutdooradventures&bookable-only=yes&full-items=yes&marketplace=yes&flow=no""></script>",https://fareharbor.com/embeds/book/elciclobcn/items/540801/?asn=fhdn-eur&asn-ref=alloutdooradventures&ref=alloutdooradventures&bookable-only=yes&full-items=yes&marketplace=yes&flow=no,https://cdn.filestackcontent.com/6XJO6hcbQDGWBXznD80S
Tourne,tournebilbao,info@tournebilbao.com,+34 688 749 372,Spain/Euskadi/Getxo,,,159056,Getxo Seaside E-bike Tour,Bike Rental-Bike Tour-E-Bike-History Tour-Museum,8,83,152,https://fareharbor.com/embeds/calendar/tournebilbao/items/159056/?asn=fhdn-eur&asn-ref=alloutdooradventures&ref=alloutdooradventures&bookable-only=yes&full-items=yes&marketplace=yes&flow=no,"<script src=""https://fareharbor.com/embeds/script/calendar/tournebilbao/items/159056/?asn=fhdn-eur&asn-ref=alloutdooradventures&ref=alloutdooradventures&bookable-only=yes&full-items=yes&marketplace=yes&flow=no""></script>",https://fareharbor.com/embeds/book/tournebilbao/items/159056/?asn=fhdn-eur&asn-ref=alloutdooradventures&ref=alloutdooradventures&bookable-only=yes&full-items=yes&marketplace=yes&flow=no,https://cdn.filestackcontent.com/KMXE7kFJRQkpJ9F8fjOg
World Experience,webarcelona,booking@worldexperience.com,+34 935950869,Spain/Catalunya/Barcelona,,,83798,"Montserrat Experience, Monastery & Horseback Adventure",Horse-Private,2,82,155,https://fareharbor.com/embeds/calendar/webarcelona/items/83798/?asn=fhdn-eur&asn-ref=alloutdooradventures&ref=alloutdooradventures&bookable-only=yes&full-items=yes&marketplace=yes&flow=no,"<script src=""https://fareharbor.com/embeds/script/calendar/webarcelona/items/83798/?asn=fhdn-eur&asn-ref=alloutdooradventures&ref=alloutdooradventures&bookable-only=yes&full-items=yes&marketplace=yes&flow=no""></script>",https://fareharbor.com/embeds/book/webarcelona/items/83798/?asn=fhdn-eur&asn-ref=alloutdooradventures&ref=alloutdooradventures&bookable-only=yes&full-items=yes&marketplace=yes&flow=no,https://cdn.filestackcontent.com/rtkyjckRoyS7ARnY1mAf
Salamanca Visit,salamancavisit,martoke@salamancavisit.com,34608705178,Spain/Castilla y León/Salamanca,-5.667719,40.962106,607436,Bike tour,Bike Tour,1,82,480,https://fareharbor.com/embeds/calendar/salamancavisit/items/607436/?asn=fhdn-eur&asn-ref=alloutdooradventures&ref=alloutdooradventures&bookable-only=yes&full-items=yes&marketplace=yes&flow=no,"<script src=""https://fareharbor.com/embeds/script/calendar/salamancavisit/items/607436/?asn=fhdn-eur&asn-ref=alloutdooradventures&ref=alloutdooradventures&bookable-only=yes&full-items=yes&marketplace=yes&flow=no""></script>",https://fareharbor.com/embeds/book/salamancavisit/items/607436/?asn=fhdn-eur&asn-ref=alloutdooradventures&ref=alloutdooradventures&bookable-only=yes&full-items=yes&marketplace=yes&flow=no,https://cdn.filestackcontent.com/Fz6jZ0PpQokfq6mZ8p6k
Go Local San Sebastián,golocalsansebastian,kaixo@golocalsansebastian.com,+34 943048328,Spain/Euskadi/Donostia,,,183055,Senderismo Camino de Santiago en San Sebastián,Hiking,4,80,181,https://fareharbor.com/embeds/calendar/golocalsansebastian/items/183055/?asn=fhdn-eur&asn-ref=alloutdooradventures&ref=alloutdooradventures&bookable-only=yes&full-items=yes&marketplace=yes&flow=no,"<script src=""https://fareharbor.com/embeds/script/calendar/golocalsansebastian/items/183055/?asn=fhdn-eur&asn-ref=alloutdooradventures&ref=alloutdooradventures&bookable-only=yes&full-items=yes&marketplace=yes&flow=no""></script>",https://fareharbor.com/embeds/book/golocalsansebastian/items/183055/?asn=fhdn-eur&asn-ref=alloutdooradventures&ref=alloutdooradventures&bookable-only=yes&full-items=yes&marketplace=yes&flow=no,https://cdn.filestackcontent.com/f7MfJfMTSvGJSzKAvoJ6
World Experience,webarcelona,booking@worldexperience.com,+34 935950869,Spain/Catalunya/Barcelona,,,83681,Montserrat Monastery & Hiking Experience Premium Small Group from Barcelona,Guided Tour-Hiking-Walking Tour,8,78,0,https://fareharbor.com/embeds/calendar/webarcelona/items/83681/?asn=fhdn-eur&asn-ref=alloutdooradventures&ref=alloutdooradventures&bookable-only=yes&full-items=yes&marketplace=yes&flow=no,"<script src=""https://fareharbor.com/embeds/script/calendar/webarcelona/items/83681/?asn=fhdn-eur&asn-ref=alloutdooradventures&ref=alloutdooradventures&bookable-only=yes&full-items=yes&marketplace=yes&flow=no""></script>",https://fareharbor.com/embeds/book/webarcelona/items/83681/?asn=fhdn-eur&asn-ref=alloutdooradventures&ref=alloutdooradventures&bookable-only=yes&full-items=yes&marketplace=yes&flow=no,https://cdn.filestackcontent.com/mgdRSVqYRESjrShz4ICI
Medaqua,medaqua,info@medaqua.com,(+34) 972 752043,Spain/Catalunya/L'Estartit,3.20576,42.054548,310684,Eco-Snorkel en las Islas Medes,Snorkel,4,77,444,https://fareharbor.com/embeds/calendar/medaqua/items/310684/?asn=fhdn-eur&asn-ref=alloutdooradventures&ref=alloutdooradventures&bookable-only=yes&full-items=yes&marketplace=yes&flow=no,"<script src=""https://fareharbor.com/embeds/script/calendar/medaqua/items/310684/?asn=fhdn-eur&asn-ref=alloutdooradventures&ref=alloutdooradventures&bookable-only=yes&full-items=yes&marketplace=yes&flow=no""></script>",https://fareharbor.com/embeds/book/medaqua/items/310684/?asn=fhdn-eur&asn-ref=alloutdooradventures&ref=alloutdooradventures&bookable-only=yes&full-items=yes&marketplace=yes&flow=no,https://cdn.filestackcontent.com/K5BXgFDRpZDYhx6AhL6A
Medaqua,medaqua,info@medaqua.com,(+34) 972 752043,Spain/Catalunya/L'Estartit,3.20576,42.054548,310690,Bautizo de buceo,Scuba,3,77,311,https://fareharbor.com/embeds/calendar/medaqua/items/310690/?asn=fhdn-eur&asn-ref=alloutdooradventures&ref=alloutdooradventures&bookable-only=yes&full-items=yes&marketplace=yes&flow=no,"<script src=""https://fareharbor.com/embeds/script/calendar/medaqua/items/310690/?asn=fhdn-eur&asn-ref=alloutdooradventures&ref=alloutdooradventures&bookable-only=yes&full-items=yes&marketplace=yes&flow=no""></script>",https://fareharbor.com/embeds/book/medaqua/items/310690/?asn=fhdn-eur&asn-ref=alloutdooradventures&ref=alloutdooradventures&bookable-only=yes&full-items=yes&marketplace=yes&flow=no,https://cdn.filestackcontent.com/IPGoyKK4TpeSLzTZhIzI
Unisub Estartit SL,unisub,info@unisub.es,+34972751768,Spain/Catalunya/L'Estartit,,,588279,Bautizo de buceo en la Costa del Montgrí,Scuba-Water Activities,2,77,0,https://fareharbor.com/embeds/calendar/unisub/items/588279/?asn=fhdn-eur&asn-ref=alloutdooradventures&ref=alloutdooradventures&bookable-only=yes&full-items=yes&marketplace=yes&flow=no,"<script src=""https://fareharbor.com/embeds/script/calendar/unisub/items/588279/?asn=fhdn-eur&asn-ref=alloutdooradventures&ref=alloutdooradventures&bookable-only=yes&full-items=yes&marketplace=yes&flow=no""></script>",https://fareharbor.com/embeds/book/unisub/items/588279/?asn=fhdn-eur&asn-ref=alloutdooradventures&ref=alloutdooradventures&bookable-only=yes&full-items=yes&marketplace=yes&flow=no,https://cdn.filestackcontent.com/xxVtw8oLR2GQ6TAXvrnV
Basque Country Cycling,basquecountrycycling,info@basquecountrycycling.com,+34 943 53 71 34,Spain/País Vasco/San Sebastián,,,618740,Caressing the sea,Bike Tour,5,77,360,https://fareharbor.com/embeds/calendar/basquecountrycycling/items/618740/?asn=fhdn-eur&asn-ref=alloutdooradventures&ref=alloutdooradventures&bookable-only=yes&full-items=yes&marketplace=yes&flow=no,"<script src=""https://fareharbor.com/embeds/script/calendar/basquecountrycycling/items/618740/?asn=fhdn-eur&asn-ref=alloutdooradventures&ref=alloutdooradventures&bookable-only=yes&full-items=yes&marketplace=yes&flow=no""></script>",https://fareharbor.com/embeds/book/basquecountrycycling/items/618740/?asn=fhdn-eur&asn-ref=alloutdooradventures&ref=alloutdooradventures&bookable-only=yes&full-items=yes&marketplace=yes&flow=no,https://cdn.filestackcontent.com/gxw5vygxTgmqrhttIp4j
Basque Country Cycling,basquecountrycycling,info@basquecountrycycling.com,+34 943 53 71 34,Spain/País Vasco/San Sebastián,,,618750,Exclusive Private E-bike City Tour,Bike Tour,6,77,360,https://fareharbor.com/embeds/calendar/basquecountrycycling/items/618750/?asn=fhdn-eur&asn-ref=alloutdooradventures&ref=alloutdooradventures&bookable-only=yes&full-items=yes&marketplace=yes&flow=no,"<script src=""https://fareharbor.com/embeds/script/calendar/basquecountrycycling/items/618750/?asn=fhdn-eur&asn-ref=alloutdooradventures&ref=alloutdooradventures&bookable-only=yes&full-items=yes&marketplace=yes&flow=no""></script>",https://fareharbor.com/embeds/book/basquecountrycycling/items/618750/?asn=fhdn-eur&asn-ref=alloutdooradventures&ref=alloutdooradventures&bookable-only=yes&full-items=yes&marketplace=yes&flow=no,https://cdn.filestackcontent.com/zQDQp0coQjyTwqKa3eUs
Basque Country Cycling,basquecountrycycling,info@basquecountrycycling.com,+34 943 53 71 34,Spain/País Vasco/San Sebastián,,,618756,"Culture, tradition, gastronomy and fun!",Bike Tour,5,77,180,https://fareharbor.com/embeds/calendar/basquecountrycycling/items/618756/?asn=fhdn-eur&asn-ref=alloutdooradventures&ref=alloutdooradventures&bookable-only=yes&full-items=yes&marketplace=yes&flow=no,"<script src=""https://fareharbor.com/embeds/script/calendar/basquecountrycycling/items/618756/?asn=fhdn-eur&asn-ref=alloutdooradventures&ref=alloutdooradventures&bookable-only=yes&full-items=yes&marketplace=yes&flow=no""></script>",https://fareharbor.com/embeds/book/basquecountrycycling/items/618756/?asn=fhdn-eur&asn-ref=alloutdooradventures&ref=alloutdooradventures&bookable-only=yes&full-items=yes&marketplace=yes&flow=no,https://cdn.filestackcontent.com/xD6I0lRLuMZwpvcRfDwP
World Experience,webarcelona,booking@worldexperience.com,+34 935950869,Spain/Catalunya/Barcelona,,,83795,Montserrat Monastery & Hiking Experience,Hiking-Transfer-Private-Walking Tour,1,76,352,https://fareharbor.com/embeds/calendar/webarcelona/items/83795/?asn=fhdn-eur&asn-ref=alloutdooradventures&ref=alloutdooradventures&bookable-only=yes&full-items=yes&marketplace=yes&flow=no,"<script src=""https://fareharbor.com/embeds/script/calendar/webarcelona/items/83795/?asn=fhdn-eur&asn-ref=alloutdooradventures&ref=alloutdooradventures&bookable-only=yes&full-items=yes&marketplace=yes&flow=no""></script>",https://fareharbor.com/embeds/book/webarcelona/items/83795/?asn=fhdn-eur&asn-ref=alloutdooradventures&ref=alloutdooradventures&bookable-only=yes&full-items=yes&marketplace=yes&flow=no,https://cdn.filestackcontent.com/BkPuSu6TSiyFvKuv2Azz
Go Local San Sebastián,golocalsansebastian,kaixo@golocalsansebastian.com,+34 943048328,Spain/Euskadi/Donostia,,,183076,Tour San Sebastián en Guerra,Bike Tour,4,76,360,https://fareharbor.com/embeds/calendar/golocalsansebastian/items/183076/?asn=fhdn-eur&asn-ref=alloutdooradventures&ref=alloutdooradventures&bookable-only=yes&full-items=yes&marketplace=yes&flow=no,"<script src=""https://fareharbor.com/embeds/script/calendar/golocalsansebastian/items/183076/?asn=fhdn-eur&asn-ref=alloutdooradventures&ref=alloutdooradventures&bookable-only=yes&full-items=yes&marketplace=yes&flow=no""></script>",https://fareharbor.com/embeds/book/golocalsansebastian/items/183076/?asn=fhdn-eur&asn-ref=alloutdooradventures&ref=alloutdooradventures&bookable-only=yes&full-items=yes&marketplace=yes&flow=no,https://cdn.filestackcontent.com/MFB74STTOovotp8neY3Q
leitzaran bisitarien etxea,leitzaranandoain,info@leitzaran-andoain.com,+34943300929,Spain/Euskadi/Andoain,,,611007,S • BTT Adultos,Bike Rental-Bike Tour,2,76,0,https://fareharbor.com/embeds/calendar/leitzaranandoain/items/611007/?asn=fhdn-eur&asn-ref=alloutdooradventures&ref=alloutdooradventures&bookable-only=yes&full-items=yes&marketplace=yes&flow=no,"<script src=""https://fareharbor.com/embeds/script/calendar/leitzaranandoain/items/611007/?asn=fhdn-eur&asn-ref=alloutdooradventures&ref=alloutdooradventures&bookable-only=yes&full-items=yes&marketplace=yes&flow=no""></script>",https://fareharbor.com/embeds/book/leitzaranandoain/items/611007/?asn=fhdn-eur&asn-ref=alloutdooradventures&ref=alloutdooradventures&bookable-only=yes&full-items=yes&marketplace=yes&flow=no,https://cdn.filestackcontent.com/0MZcmm4TfG6n66dXd4tg
World Experience,webarcelona,booking@worldexperience.com,+34 935950869,Spain/Catalunya/Barcelona,,,83693,Montserrat Monastery & Horse Riding Experience,Guided Tour-Horse-Transfer-Private,7,75,0,https://fareharbor.com/embeds/calendar/webarcelona/items/83693/?asn=fhdn-eur&asn-ref=alloutdooradventures&ref=alloutdooradventures&bookable-only=yes&full-items=yes&marketplace=yes&flow=no,"<script src=""https://fareharbor.com/embeds/script/calendar/webarcelona/items/83693/?asn=fhdn-eur&asn-ref=alloutdooradventures&ref=alloutdooradventures&bookable-only=yes&full-items=yes&marketplace=yes&flow=no""></script>",https://fareharbor.com/embeds/book/webarcelona/items/83693/?asn=fhdn-eur&asn-ref=alloutdooradventures&ref=alloutdooradventures&bookable-only=yes&full-items=yes&marketplace=yes&flow=no,https://cdn.filestackcontent.com/VVslfhYdSSt497cEUVJg
Cycling Tour Barcelona,cyclingtourbarcelona,cyclingtourbarcelona@gmail.com,+44 7463 680099,Spain/Catalunya/Barcelona,,,411161,Private Sightseeing by Bike & Photo Shooting,Bike Tour,13,75,180,https://fareharbor.com/embeds/calendar/cyclingtourbarcelona/items/411161/?asn=fhdn-eur&asn-ref=alloutdooradventures&ref=alloutdooradventures&bookable-only=yes&full-items=yes&marketplace=yes&flow=no,"<script src=""https://fareharbor.com/embeds/script/calendar/cyclingtourbarcelona/items/411161/?asn=fhdn-eur&asn-ref=alloutdooradventures&ref=alloutdooradventures&bookable-only=yes&full-items=yes&marketplace=yes&flow=no""></script>",https://fareharbor.com/embeds/book/cyclingtourbarcelona/items/411161/?asn=fhdn-eur&asn-ref=alloutdooradventures&ref=alloutdooradventures&bookable-only=yes&full-items=yes&marketplace=yes&flow=no,https://cdn.filestackcontent.com/l5pI4xTSSyiOWAwvlA3f
Unisub Estartit SL,unisub,info@unisub.es,+34972751768,Spain/Catalunya/L'Estartit,,,588297,Curso PADI Deep Diver (Buceo Profundo),Scuba-Water Activities,1,74,0,https://fareharbor.com/embeds/calendar/unisub/items/588297/?asn=fhdn-eur&asn-ref=alloutdooradventures&ref=alloutdooradventures&bookable-only=yes&full-items=yes&marketplace=yes&flow=no,"<script src=""https://fareharbor.com/embeds/script/calendar/unisub/items/588297/?asn=fhdn-eur&asn-ref=alloutdooradventures&ref=alloutdooradventures&bookable-only=yes&full-items=yes&marketplace=yes&flow=no""></script>",https://fareharbor.com/embeds/book/unisub/items/588297/?asn=fhdn-eur&asn-ref=alloutdooradventures&ref=alloutdooradventures&bookable-only=yes&full-items=yes&marketplace=yes&flow=no,https://cdn.filestackcontent.com/K4yOAQtSvKEC87IXMopF
Montefusco Cycling,roadcycling,claudio@roadcycling.barcelona,+34 607 51 57 82,Spain/Catalonia/Girona,2.821426,41.9794,75164,The Best Road in Catalonia - Tour of Costa Brava by Road Bike,Bike Tour,10,73,163,https://fareharbor.com/embeds/calendar/roadcycling/items/75164/?asn=fhdn-eur&asn-ref=alloutdooradventures&ref=alloutdooradventures&bookable-only=yes&full-items=yes&marketplace=yes&flow=no,"<script src=""https://fareharbor.com/embeds/script/calendar/roadcycling/items/75164/?asn=fhdn-eur&asn-ref=alloutdooradventures&ref=alloutdooradventures&bookable-only=yes&full-items=yes&marketplace=yes&flow=no""></script>",https://fareharbor.com/embeds/book/roadcycling/items/75164/?asn=fhdn-eur&asn-ref=alloutdooradventures&ref=alloutdooradventures&bookable-only=yes&full-items=yes&marketplace=yes&flow=no,https://cdn.filestackcontent.com/rH3Qu5XYQMmJW9tKEcuX
Unisub Estartit SL,unisub,info@unisub.es,+34972751768,Spain/Catalunya/L'Estartit,,,588249,Inmersión en las Islas Medas con guía,Scuba-Water Activities,1,73,0,https://fareharbor.com/embeds/calendar/unisub/items/588249/?asn=fhdn-eur&asn-ref=alloutdooradventures&ref=alloutdooradventures&bookable-only=yes&full-items=yes&marketplace=yes&flow=no,"<script src=""https://fareharbor.com/embeds/script/calendar/unisub/items/588249/?asn=fhdn-eur&asn-ref=alloutdooradventures&ref=alloutdooradventures&bookable-only=yes&full-items=yes&marketplace=yes&flow=no""></script>",https://fareharbor.com/embeds/book/unisub/items/588249/?asn=fhdn-eur&asn-ref=alloutdooradventures&ref=alloutdooradventures&bookable-only=yes&full-items=yes&marketplace=yes&flow=no,https://cdn.filestackcontent.com/e5JKbivuQISUQCKSAKns
Unisub Estartit SL,unisub,info@unisub.es,+34972751768,Spain/Catalunya/L'Estartit,,,588244,Inmersión en las Islas Medas sin guía,Scuba-Water Activities,1,72,275,https://fareharbor.com/embeds/calendar/unisub/items/588244/?asn=fhdn-eur&asn-ref=alloutdooradventures&ref=alloutdooradventures&bookable-only=yes&full-items=yes&marketplace=yes&flow=no,"<script src=""https://fareharbor.com/embeds/script/calendar/unisub/items/588244/?asn=fhdn-eur&asn-ref=alloutdooradventures&ref=alloutdooradventures&bookable-only=yes&full-items=yes&marketplace=yes&flow=no""></script>",https://fareharbor.com/embeds/book/unisub/items/588244/?asn=fhdn-eur&asn-ref=alloutdooradventures&ref=alloutdooradventures&bookable-only=yes&full-items=yes&marketplace=yes&flow=no,https://cdn.filestackcontent.com/MjcWqgDVQv22GaseEd8q
Unisub Estartit SL,unisub,info@unisub.es,+34972751768,Spain/Catalunya/L'Estartit,,,588263,Inmersión en la Costa del Montgrí sin guía,Scuba-Water Activities,1,72,0,https://fareharbor.com/embeds/calendar/unisub/items/588263/?asn=fhdn-eur&asn-ref=alloutdooradventures&ref=alloutdooradventures&bookable-only=yes&full-items=yes&marketplace=yes&flow=no,"<script src=""https://fareharbor.com/embeds/script/calendar/unisub/items/588263/?asn=fhdn-eur&asn-ref=alloutdooradventures&ref=alloutdooradventures&bookable-only=yes&full-items=yes&marketplace=yes&flow=no""></script>",https://fareharbor.com/embeds/book/unisub/items/588263/?asn=fhdn-eur&asn-ref=alloutdooradventures&ref=alloutdooradventures&bookable-only=yes&full-items=yes&marketplace=yes&flow=no,https://cdn.filestackcontent.com/ivgHNRb9R9K6MCCEEKOA
Unisub Estartit SL,unisub,info@unisub.es,+34972751768,Spain/Catalunya/L'Estartit,,,588275,Refresh (inmersión recordatorio con guía),Scuba-Water Activities,1,72,0,https://fareharbor.com/embeds/calendar/unisub/items/588275/?asn=fhdn-eur&asn-ref=alloutdooradventures&ref=alloutdooradventures&bookable-only=yes&full-items=yes&marketplace=yes&flow=no,"<script src=""https://fareharbor.com/embeds/script/calendar/unisub/items/588275/?asn=fhdn-eur&asn-ref=alloutdooradventures&ref=alloutdooradventures&bookable-only=yes&full-items=yes&marketplace=yes&flow=no""></script>",https://fareharbor.com/embeds/book/unisub/items/588275/?asn=fhdn-eur&asn-ref=alloutdooradventures&ref=alloutdooradventures&bookable-only=yes&full-items=yes&marketplace=yes&flow=no,https://cdn.filestackcontent.com/MYElKfDSckfjylANjCwk
Unisub Estartit SL,unisub,info@unisub.es,+34972751768,Spain/Catalunya/L'Estartit,,,588347,Curso PADI Divemaster (nivel profesional),Scuba-Water Activities,1,72,0,https://fareharbor.com/embeds/calendar/unisub/items/588347/?asn=fhdn-eur&asn-ref=alloutdooradventures&ref=alloutdooradventures&bookable-only=yes&full-items=yes&marketplace=yes&flow=no,"<script src=""https://fareharbor.com/embeds/script/calendar/unisub/items/588347/?asn=fhdn-eur&asn-ref=alloutdooradventures&ref=alloutdooradventures&bookable-only=yes&full-items=yes&marketplace=yes&flow=no""></script>",https://fareharbor.com/embeds/book/unisub/items/588347/?asn=fhdn-eur&asn-ref=alloutdooradventures&ref=alloutdooradventures&bookable-only=yes&full-items=yes&marketplace=yes&flow=no,https://cdn.filestackcontent.com/4kuWA2SGQn2FqjrgJjCR
leitzaran bisitarien etxea,leitzaranandoain,info@leitzaran-andoain.com,+34943300929,Spain/Euskadi/Andoain,,,610999,XS • BTT Infantil,Bike Rental-Bike Tour,1,72,0,https://fareharbor.com/embeds/calendar/leitzaranandoain/items/610999/?asn=fhdn-eur&asn-ref=alloutdooradventures&ref=alloutdooradventures&bookable-only=yes&full-items=yes&marketplace=yes&flow=no,"<script src=""https://fareharbor.com/embeds/script/calendar/leitzaranandoain/items/610999/?asn=fhdn-eur&asn-ref=alloutdooradventures&ref=alloutdooradventures&bookable-only=yes&full-items=yes&marketplace=yes&flow=no""></script>",https://fareharbor.com/embeds/book/leitzaranandoain/items/610999/?asn=fhdn-eur&asn-ref=alloutdooradventures&ref=alloutdooradventures&bookable-only=yes&full-items=yes&marketplace=yes&flow=no,https://cdn.filestackcontent.com/CUwDDcnqQZGSKwPMTYYC
leitzaran bisitarien etxea,leitzaranandoain,info@leitzaran-andoain.com,+34943300929,Spain/Euskadi/Andoain,,,611005,XS • BTT Adultos,Bike Rental-Bike Tour,1,72,0,https://fareharbor.com/embeds/calendar/leitzaranandoain/items/611005/?asn=fhdn-eur&asn-ref=alloutdooradventures&ref=alloutdooradventures&bookable-only=yes&full-items=yes&marketplace=yes&flow=no,"<script src=""https://fareharbor.com/embeds/script/calendar/leitzaranandoain/items/611005/?asn=fhdn-eur&asn-ref=alloutdooradventures&ref=alloutdooradventures&bookable-only=yes&full-items=yes&marketplace=yes&flow=no""></script>",https://fareharbor.com/embeds/book/leitzaranandoain/items/611005/?asn=fhdn-eur&asn-ref=alloutdooradventures&ref=alloutdooradventures&bookable-only=yes&full-items=yes&marketplace=yes&flow=no,https://cdn.filestackcontent.com/4wV5CEjZQr2zyAHHFGiB
leitzaran bisitarien etxea,leitzaranandoain,info@leitzaran-andoain.com,+34943300929,Spain/Euskadi/Andoain,,,611012,L • BTT Adultos,Bike Rental-Bike Tour,1,72,0,https://fareharbor.com/embeds/calendar/leitzaranandoain/items/611012/?asn=fhdn-eur&asn-ref=alloutdooradventures&ref=alloutdooradventures&bookable-only=yes&full-items=yes&marketplace=yes&flow=no,"<script src=""https://fareharbor.com/embeds/script/calendar/leitzaranandoain/items/611012/?asn=fhdn-eur&asn-ref=alloutdooradventures&ref=alloutdooradventures&bookable-only=yes&full-items=yes&marketplace=yes&flow=no""></script>",https://fareharbor.com/embeds/book/leitzaranandoain/items/611012/?asn=fhdn-eur&asn-ref=alloutdooradventures&ref=alloutdooradventures&bookable-only=yes&full-items=yes&marketplace=yes&flow=no,https://cdn.filestackcontent.com/3N9y4NyYT2vi2oxCIv17
leitzaran bisitarien etxea,leitzaranandoain,info@leitzaran-andoain.com,+34943300929,Spain/Euskadi/Andoain,,,611013,S - BTT Eléctrica,Bike Rental-Bike Tour,1,72,0,https://fareharbor.com/embeds/calendar/leitzaranandoain/items/611013/?asn=fhdn-eur&asn-ref=alloutdooradventures&ref=alloutdooradventures&bookable-only=yes&full-items=yes&marketplace=yes&flow=no,"<script src=""https://fareharbor.com/embeds/script/calendar/leitzaranandoain/items/611013/?asn=fhdn-eur&asn-ref=alloutdooradventures&ref=alloutdooradventures&bookable-only=yes&full-items=yes&marketplace=yes&flow=no""></script>",https://fareharbor.com/embeds/book/leitzaranandoain/items/611013/?asn=fhdn-eur&asn-ref=alloutdooradventures&ref=alloutdooradventures&bookable-only=yes&full-items=yes&marketplace=yes&flow=no,https://cdn.filestackcontent.com/I51INIKpQUSyjApYEWN3
leitzaran bisitarien etxea,leitzaranandoain,info@leitzaran-andoain.com,+34943300929,Spain/Euskadi/Andoain,,,611017,L- BTT Eléctrica,Bike Rental-Bike Tour,1,72,0,https://fareharbor.com/embeds/calendar/leitzaranandoain/items/611017/?asn=fhdn-eur&asn-ref=alloutdooradventures&ref=alloutdooradventures&bookable-only=yes&full-items=yes&marketplace=yes&flow=no,"<script src=""https://fareharbor.com/embeds/script/calendar/leitzaranandoain/items/611017/?asn=fhdn-eur&asn-ref=alloutdooradventures&ref=alloutdooradventures&bookable-only=yes&full-items=yes&marketplace=yes&flow=no""></script>",https://fareharbor.com/embeds/book/leitzaranandoain/items/611017/?asn=fhdn-eur&asn-ref=alloutdooradventures&ref=alloutdooradventures&bookable-only=yes&full-items=yes&marketplace=yes&flow=no,https://cdn.filestackcontent.com/x8mMYYfnSC7XZlbb20tO
Montefusco Cycling,roadcycling,claudio@roadcycling.barcelona,+34 607 51 57 82,Spain/Catalonia/Barcelona,2.168568,41.387397,75162,The Hills Around the City - Tour of Barcelona by Road Bike,Bike Tour,10,71,164,https://fareharbor.com/embeds/calendar/roadcycling/items/75162/?asn=fhdn-eur&asn-ref=alloutdooradventures&ref=alloutdooradventures&bookable-only=yes&full-items=yes&marketplace=yes&flow=no,"<script src=""https://fareharbor.com/embeds/script/calendar/roadcycling/items/75162/?asn=fhdn-eur&asn-ref=alloutdooradventures&ref=alloutdooradventures&bookable-only=yes&full-items=yes&marketplace=yes&flow=no""></script>",https://fareharbor.com/embeds/book/roadcycling/items/75162/?asn=fhdn-eur&asn-ref=alloutdooradventures&ref=alloutdooradventures&bookable-only=yes&full-items=yes&marketplace=yes&flow=no,https://cdn.filestackcontent.com/VPDN7OIQhKtTdw09QSrW
Montefusco Cycling,roadcycling,claudio@roadcycling.barcelona,+34 607 51 57 82,Spain/Catalonia/Girona,2.821426,41.9794,75183,Girona Medieval Villages Tour,Bike Tour,7,71,163,https://fareharbor.com/embeds/calendar/roadcycling/items/75183/?asn=fhdn-eur&asn-ref=alloutdooradventures&ref=alloutdooradventures&bookable-only=yes&full-items=yes&marketplace=yes&flow=no,"<script src=""https://fareharbor.com/embeds/script/calendar/roadcycling/items/75183/?asn=fhdn-eur&asn-ref=alloutdooradventures&ref=alloutdooradventures&bookable-only=yes&full-items=yes&marketplace=yes&flow=no""></script>",https://fareharbor.com/embeds/book/roadcycling/items/75183/?asn=fhdn-eur&asn-ref=alloutdooradventures&ref=alloutdooradventures&bookable-only=yes&full-items=yes&marketplace=yes&flow=no,https://cdn.filestackcontent.com/MN3GqxwzSiWw7QexHRIc
Unisub Estartit SL,unisub,info@unisub.es,+34972751768,Spain/Catalunya/L'Estartit,,,588282,Snorkel en las Islas Medas,Snorkel-Water Activities,1,71,0,https://fareharbor.com/embeds/calendar/unisub/items/588282/?asn=fhdn-eur&asn-ref=alloutdooradventures&ref=alloutdooradventures&bookable-only=yes&full-items=yes&marketplace=yes&flow=no,"<script src=""https://fareharbor.com/embeds/script/calendar/unisub/items/588282/?asn=fhdn-eur&asn-ref=alloutdooradventures&ref=alloutdooradventures&bookable-only=yes&full-items=yes&marketplace=yes&flow=no""></script>",https://fareharbor.com/embeds/book/unisub/items/588282/?asn=fhdn-eur&asn-ref=alloutdooradventures&ref=alloutdooradventures&bookable-only=yes&full-items=yes&marketplace=yes&flow=no,https://cdn.filestackcontent.com/WsImqsPSSRmGWYb4WchK
Unisub Estartit SL,unisub,info@unisub.es,+34972751768,Spain/Catalunya/L'Estartit,,,588288,Curso Nitrox (Enriched Air),Scuba-Water Activities,1,71,0,https://fareharbor.com/embeds/calendar/unisub/items/588288/?asn=fhdn-eur&asn-ref=alloutdooradventures&ref=alloutdooradventures&bookable-only=yes&full-items=yes&marketplace=yes&flow=no,"<script src=""https://fareharbor.com/embeds/script/calendar/unisub/items/588288/?asn=fhdn-eur&asn-ref=alloutdooradventures&ref=alloutdooradventures&bookable-only=yes&full-items=yes&marketplace=yes&flow=no""></script>",https://fareharbor.com/embeds/book/unisub/items/588288/?asn=fhdn-eur&asn-ref=alloutdooradventures&ref=alloutdooradventures&bookable-only=yes&full-items=yes&marketplace=yes&flow=no,https://cdn.filestackcontent.com/FbcCvMlQQaMkg6FKacw5
leitzaran bisitarien etxea,leitzaranandoain,info@leitzaran-andoain.com,+34943300929,Spain/Euskadi/Andoain,,,611003,S • BTT Infantil,Bike Tour-Boat Rental,1,71,0,https://fareharbor.com/embeds/calendar/leitzaranandoain/items/611003/?asn=fhdn-eur&asn-ref=alloutdooradventures&ref=alloutdooradventures&bookable-only=yes&full-items=yes&marketplace=yes&flow=no,"<script src=""https://fareharbor.com/embeds/script/calendar/leitzaranandoain/items/611003/?asn=fhdn-eur&asn-ref=alloutdooradventures&ref=alloutdooradventures&bookable-only=yes&full-items=yes&marketplace=yes&flow=no""></script>",https://fareharbor.com/embeds/book/leitzaranandoain/items/611003/?asn=fhdn-eur&asn-ref=alloutdooradventures&ref=alloutdooradventures&bookable-only=yes&full-items=yes&marketplace=yes&flow=no,https://cdn.filestackcontent.com/XfBEYgGiTVmFlKwNAJZ2
leitzaran bisitarien etxea,leitzaranandoain,info@leitzaran-andoain.com,+34943300929,Spain/Euskadi/Andoain,,,611015,M - BTT Eléctrica,Bike Rental-Bike Tour,1,71,0,https://fareharbor.com/embeds/calendar/leitzaranandoain/items/611015/?asn=fhdn-eur&asn-ref=alloutdooradventures&ref=alloutdooradventures&bookable-only=yes&full-items=yes&marketplace=yes&flow=no,"<script src=""https://fareharbor.com/embeds/script/calendar/leitzaranandoain/items/611015/?asn=fhdn-eur&asn-ref=alloutdooradventures&ref=alloutdooradventures&bookable-only=yes&full-items=yes&marketplace=yes&flow=no""></script>",https://fareharbor.com/embeds/book/leitzaranandoain/items/611015/?asn=fhdn-eur&asn-ref=alloutdooradventures&ref=alloutdooradventures&bookable-only=yes&full-items=yes&marketplace=yes&flow=no,https://cdn.filestackcontent.com/0yv8XKcLQW22Z1AtuXHD
El Ciclo,elciclobcn,ramiro@elciclobcn.com,34607824860,Spain/Catalunya/Barcelona,,,540551,Private Bicycle Tour,Bike Tour,1,69,810,https://fareharbor.com/embeds/calendar/elciclobcn/items/540551/?asn=fhdn-eur&asn-ref=alloutdooradventures&ref=alloutdooradventures&bookable-only=yes&full-items=yes&marketplace=yes&flow=no,"<script src=""https://fareharbor.com/embeds/script/calendar/elciclobcn/items/540551/?asn=fhdn-eur&asn-ref=alloutdooradventures&ref=alloutdooradventures&bookable-only=yes&full-items=yes&marketplace=yes&flow=no""></script>",https://fareharbor.com/embeds/book/elciclobcn/items/540551/?asn=fhdn-eur&asn-ref=alloutdooradventures&ref=alloutdooradventures&bookable-only=yes&full-items=yes&marketplace=yes&flow=no,https://cdn.filestackcontent.com/jGnuKrF8SRKE2h2KF7gK
Catalan Trails,catalantrails,info@catalantrails.com,+34604175927,Spain/Catalunya/Barcelona,,,117188,Costa Brava Coast Path Hiking & Tossa de Mar,Hiking,1,68,72,https://fareharbor.com/embeds/calendar/catalantrails/items/117188/?asn=fhdn-eur&asn-ref=alloutdooradventures&ref=alloutdooradventures&bookable-only=yes&full-items=yes&marketplace=yes&flow=no,"<script src=""https://fareharbor.com/embeds/script/calendar/catalantrails/items/117188/?asn=fhdn-eur&asn-ref=alloutdooradventures&ref=alloutdooradventures&bookable-only=yes&full-items=yes&marketplace=yes&flow=no""></script>",https://fareharbor.com/embeds/book/catalantrails/items/117188/?asn=fhdn-eur&asn-ref=alloutdooradventures&ref=alloutdooradventures&bookable-only=yes&full-items=yes&marketplace=yes&flow=no,https://cdn.filestackcontent.com/LWODIwhRuGBxe21mBGxH
El Ciclo,elciclobcn,ramiro@elciclobcn.com,34607824860,Spain/Catalunya/Barcelona,,,541825,Private E-Bike Tour,Bike Tour,1,68,812,https://fareharbor.com/embeds/calendar/elciclobcn/items/541825/?asn=fhdn-eur&asn-ref=alloutdooradventures&ref=alloutdooradventures&bookable-only=yes&full-items=yes&marketplace=yes&flow=no,"<script src=""https://fareharbor.com/embeds/script/calendar/elciclobcn/items/541825/?asn=fhdn-eur&asn-ref=alloutdooradventures&ref=alloutdooradventures&bookable-only=yes&full-items=yes&marketplace=yes&flow=no""></script>",https://fareharbor.com/embeds/book/elciclobcn/items/541825/?asn=fhdn-eur&asn-ref=alloutdooradventures&ref=alloutdooradventures&bookable-only=yes&full-items=yes&marketplace=yes&flow=no,https://cdn.filestackcontent.com/p91zAzdHSRegKM1PDpzi
Green Bikes Barcelona,greenbikesbarcelona,greenbikesbcn@gmail.com,+34933013612,Spain/Catalunya/Barcelona,,,547402,City Tour,Bike Tour,4,67,679,https://fareharbor.com/embeds/calendar/greenbikesbarcelona/items/547402/?asn=fhdn-eur&asn-ref=alloutdooradventures&ref=alloutdooradventures&bookable-only=yes&full-items=yes&marketplace=yes&flow=no,"<script src=""https://fareharbor.com/embeds/script/calendar/greenbikesbarcelona/items/547402/?asn=fhdn-eur&asn-ref=alloutdooradventures&ref=alloutdooradventures&bookable-only=yes&full-items=yes&marketplace=yes&flow=no""></script>",https://fareharbor.com/embeds/book/greenbikesbarcelona/items/547402/?asn=fhdn-eur&asn-ref=alloutdooradventures&ref=alloutdooradventures&bookable-only=yes&full-items=yes&marketplace=yes&flow=no,https://cdn.filestackcontent.com/RwMlFyplR5qKeobA0Y3p
Green Bikes Barcelona,greenbikesbarcelona,greenbikesbcn@gmail.com,+34933013612,Spain/Catalunya/Barcelona,,,547414,Montjuic Tour,Bike Tour,4,67,208,https://fareharbor.com/embeds/calendar/greenbikesbarcelona/items/547414/?asn=fhdn-eur&asn-ref=alloutdooradventures&ref=alloutdooradventures&bookable-only=yes&full-items=yes&marketplace=yes&flow=no,"<script src=""https://fareharbor.com/embeds/script/calendar/greenbikesbarcelona/items/547414/?asn=fhdn-eur&asn-ref=alloutdooradventures&ref=alloutdooradventures&bookable-only=yes&full-items=yes&marketplace=yes&flow=no""></script>",https://fareharbor.com/embeds/book/greenbikesbarcelona/items/547414/?asn=fhdn-eur&asn-ref=alloutdooradventures&ref=alloutdooradventures&bookable-only=yes&full-items=yes&marketplace=yes&flow=no,https://cdn.filestackcontent.com/9sQTe0IQSEqcH9As7dps
Aleks Rent,aleksrent,aleksrent1@gmail.com,641459907,Spain/Catalunya/Lloret de Mar,,,609768,Excursión en quads por Lloret de Mar,Bike Tour,1,67,564,https://fareharbor.com/embeds/calendar/aleksrent/items/609768/?asn=fhdn-eur&asn-ref=alloutdooradventures&ref=alloutdooradventures&bookable-only=yes&full-items=yes&marketplace=yes&flow=no,"<script src=""https://fareharbor.com/embeds/script/calendar/aleksrent/items/609768/?asn=fhdn-eur&asn-ref=alloutdooradventures&ref=alloutdooradventures&bookable-only=yes&full-items=yes&marketplace=yes&flow=no""></script>",https://fareharbor.com/embeds/book/aleksrent/items/609768/?asn=fhdn-eur&asn-ref=alloutdooradventures&ref=alloutdooradventures&bookable-only=yes&full-items=yes&marketplace=yes&flow=no,https://cdn.filestackcontent.com/mwYDSrmATe2PHxF2wMpu
Medaqua,medaqua,info@medaqua.com,(+34) 972 752043,Spain/Catalunya/L'Estartit,3.20576,42.054548,310685,Tour Islas Medas + Baño,Snorkel,3,66,13,https://fareharbor.com/embeds/calendar/medaqua/items/310685/?asn=fhdn-eur&asn-ref=alloutdooradventures&ref=alloutdooradventures&bookable-only=yes&full-items=yes&marketplace=yes&flow=no,"<script src=""https://fareharbor.com/embeds/script/calendar/medaqua/items/310685/?asn=fhdn-eur&asn-ref=alloutdooradventures&ref=alloutdooradventures&bookable-only=yes&full-items=yes&marketplace=yes&flow=no""></script>",https://fareharbor.com/embeds/book/medaqua/items/310685/?asn=fhdn-eur&asn-ref=alloutdooradventures&ref=alloutdooradventures&bookable-only=yes&full-items=yes&marketplace=yes&flow=no,https://cdn.filestackcontent.com/62TT8JeSCSByDoiVo0dQ
Montefusco Cycling,roadcycling,claudio@roadcycling.barcelona,+34 607 51 57 82,Spain/Catalonia/Barcelona,2.168568,41.387397,75173,The Amazing Cycling Tour of the Montseny Mountains,Bike Tour,7,65,124,https://fareharbor.com/embeds/calendar/roadcycling/items/75173/?asn=fhdn-eur&asn-ref=alloutdooradventures&ref=alloutdooradventures&bookable-only=yes&full-items=yes&marketplace=yes&flow=no,"<script src=""https://fareharbor.com/embeds/script/calendar/roadcycling/items/75173/?asn=fhdn-eur&asn-ref=alloutdooradventures&ref=alloutdooradventures&bookable-only=yes&full-items=yes&marketplace=yes&flow=no""></script>",https://fareharbor.com/embeds/book/roadcycling/items/75173/?asn=fhdn-eur&asn-ref=alloutdooradventures&ref=alloutdooradventures&bookable-only=yes&full-items=yes&marketplace=yes&flow=no,https://cdn.filestackcontent.com/Hp94lQoQUaWWPpeSYxkw
Montefusco Cycling,roadcycling,claudio@roadcycling.barcelona,+34 607 51 57 82,Spain/Catalonia/Barcelona,2.168568,41.387397,75174,The Magic Mountain Tour of Montserrat by Road Bike,Bike Tour,9,65,124,https://fareharbor.com/embeds/calendar/roadcycling/items/75174/?asn=fhdn-eur&asn-ref=alloutdooradventures&ref=alloutdooradventures&bookable-only=yes&full-items=yes&marketplace=yes&flow=no,"<script src=""https://fareharbor.com/embeds/script/calendar/roadcycling/items/75174/?asn=fhdn-eur&asn-ref=alloutdooradventures&ref=alloutdooradventures&bookable-only=yes&full-items=yes&marketplace=yes&flow=no""></script>",https://fareharbor.com/embeds/book/roadcycling/items/75174/?asn=fhdn-eur&asn-ref=alloutdooradventures&ref=alloutdooradventures&bookable-only=yes&full-items=yes&marketplace=yes&flow=no,https://cdn.filestackcontent.com/m9EDL1y5SRqUd6887CEX
Montefusco Cycling,roadcycling,claudio@roadcycling.barcelona,+34 607 51 57 82,Spain/Catalonia/Girona,2.821426,41.9794,75177,Girona Cycling Tour,Bike Tour,6,65,177,https://fareharbor.com/embeds/calendar/roadcycling/items/75177/?asn=fhdn-eur&asn-ref=alloutdooradventures&ref=alloutdooradventures&bookable-only=yes&full-items=yes&marketplace=yes&flow=no,"<script src=""https://fareharbor.com/embeds/script/calendar/roadcycling/items/75177/?asn=fhdn-eur&asn-ref=alloutdooradventures&ref=alloutdooradventures&bookable-only=yes&full-items=yes&marketplace=yes&flow=no""></script>",https://fareharbor.com/embeds/book/roadcycling/items/75177/?asn=fhdn-eur&asn-ref=alloutdooradventures&ref=alloutdooradventures&bookable-only=yes&full-items=yes&marketplace=yes&flow=no,https://cdn.filestackcontent.com/dXaBhP2LTVWmnUAxxv9v
Unique Tours,uniquetours,hello@uniquetours.com,+34 699 393 249,Spain/Catalunya/Barcelona,2.166073,41.390721,154259,Montserrat Monastery & Hiking Experience,Hiking-Walking Tour,7,65,177,https://fareharbor.com/embeds/calendar/uniquetours/items/154259/?asn=fhdn-eur&asn-ref=alloutdooradventures&ref=alloutdooradventures&bookable-only=yes&full-items=yes&marketplace=yes&flow=no,"<script src=""https://fareharbor.com/embeds/script/calendar/uniquetours/items/154259/?asn=fhdn-eur&asn-ref=alloutdooradventures&ref=alloutdooradventures&bookable-only=yes&full-items=yes&marketplace=yes&flow=no""></script>",https://fareharbor.com/embeds/book/uniquetours/items/154259/?asn=fhdn-eur&asn-ref=alloutdooradventures&ref=alloutdooradventures&bookable-only=yes&full-items=yes&marketplace=yes&flow=no,https://cdn.filestackcontent.com/7pbjbB5fQO81ZtZNzbfS
Unique Tours,uniquetours,hello@uniquetours.com,+34 699 393 249,Spain/Catalunya/Barcelona,2.166073,41.390721,154262,Private Tour - Montserrat Monastery & Hiking Experience,Hiking-Private-Walking Tour,9,65,180,https://fareharbor.com/embeds/calendar/uniquetours/items/154262/?asn=fhdn-eur&asn-ref=alloutdooradventures&ref=alloutdooradventures&bookable-only=yes&full-items=yes&marketplace=yes&flow=no,"<script src=""https://fareharbor.com/embeds/script/calendar/uniquetours/items/154262/?asn=fhdn-eur&asn-ref=alloutdooradventures&ref=alloutdooradventures&bookable-only=yes&full-items=yes&marketplace=yes&flow=no""></script>",https://fareharbor.com/embeds/book/uniquetours/items/154262/?asn=fhdn-eur&asn-ref=alloutdooradventures&ref=alloutdooradventures&bookable-only=yes&full-items=yes&marketplace=yes&flow=no,https://cdn.filestackcontent.com/DdM8YAiQuOE0YK4PknEF
"One Life, Hike it",jkerr,jamie@jkerr.net,+34 612 562 545,Spain/Catalunya/Caldes de Malavella,2.801056,41.840767,261555,"Hiking Costa Brava Coves and Beaches, Catalan Mediterranean",Hiking-Walking Tour,5,65,180,https://fareharbor.com/embeds/calendar/jkerr/items/261555/?asn=fhdn-eur&asn-ref=alloutdooradventures&ref=alloutdooradventures&bookable-only=yes&full-items=yes&marketplace=yes&flow=no,"<script src=""https://fareharbor.com/embeds/script/calendar/jkerr/items/261555/?asn=fhdn-eur&asn-ref=alloutdooradventures&ref=alloutdooradventures&bookable-only=yes&full-items=yes&marketplace=yes&flow=no""></script>",https://fareharbor.com/embeds/book/jkerr/items/261555/?asn=fhdn-eur&asn-ref=alloutdooradventures&ref=alloutdooradventures&bookable-only=yes&full-items=yes&marketplace=yes&flow=no,https://cdn.filestackcontent.com/1VcOVDtS5iDfs09iTP2x
Unique Tours,uniquetours,hello@uniquetours.com,+34 699 393 249,Spain/Catalunya/Barcelona,2.166073,41.390721,436877,Montserrat Monastery & Hiking Experience - Full Day,Hiking-Walking Tour,11,65,180,https://fareharbor.com/embeds/calendar/uniquetours/items/436877/?asn=fhdn-eur&asn-ref=alloutdooradventures&ref=alloutdooradventures&bookable-only=yes&full-items=yes&marketplace=yes&flow=no,"<script src=""https://fareharbor.com/embeds/script/calendar/uniquetours/items/436877/?asn=fhdn-eur&asn-ref=alloutdooradventures&ref=alloutdooradventures&bookable-only=yes&full-items=yes&marketplace=yes&flow=no""></script>",https://fareharbor.com/embeds/book/uniquetours/items/436877/?asn=fhdn-eur&asn-ref=alloutdooradventures&ref=alloutdooradventures&bookable-only=yes&full-items=yes&marketplace=yes&flow=no,https://cdn.filestackcontent.com/PCO8b6hYTvO0zFQoMuc3
Unique Tours,uniquetours,hello@uniquetours.com,+34 699 393 249,Spain/Catalunya/Barcelona,2.166073,41.390721,436878,Private Tour - Montserrat Monastery & Hiking Experience - Full Day,Hiking-Private-Walking Tour,11,65,180,https://fareharbor.com/embeds/calendar/uniquetours/items/436878/?asn=fhdn-eur&asn-ref=alloutdooradventures&ref=alloutdooradventures&bookable-only=yes&full-items=yes&marketplace=yes&flow=no,"<script src=""https://fareharbor.com/embeds/script/calendar/uniquetours/items/436878/?asn=fhdn-eur&asn-ref=alloutdooradventures&ref=alloutdooradventures&bookable-only=yes&full-items=yes&marketplace=yes&flow=no""></script>",https://fareharbor.com/embeds/book/uniquetours/items/436878/?asn=fhdn-eur&asn-ref=alloutdooradventures&ref=alloutdooradventures&bookable-only=yes&full-items=yes&marketplace=yes&flow=no,https://cdn.filestackcontent.com/CREJTfiRRJWXu4VMWVoy
Unisub Estartit SL,unisub,info@unisub.es,+34972751768,Spain/Catalunya/L'Estartit,,,588371,Dry Suit,Scuba-Water Activities,1,65,0,https://fareharbor.com/embeds/calendar/unisub/items/588371/?asn=fhdn-eur&asn-ref=alloutdooradventures&ref=alloutdooradventures&bookable-only=yes&full-items=yes&marketplace=yes&flow=no,"<script src=""https://fareharbor.com/embeds/script/calendar/unisub/items/588371/?asn=fhdn-eur&asn-ref=alloutdooradventures&ref=alloutdooradventures&bookable-only=yes&full-items=yes&marketplace=yes&flow=no""></script>",https://fareharbor.com/embeds/book/unisub/items/588371/?asn=fhdn-eur&asn-ref=alloutdooradventures&ref=alloutdooradventures&bookable-only=yes&full-items=yes&marketplace=yes&flow=no,https://cdn.filestackcontent.com/LqtlM5hvQ4X5CCnIGD9x
Unisub Estartit SL,unisub,info@unisub.es,+34972751768,Spain/Catalunya/L'Estartit,,,588344,Curso PADI Rescue (Nivel 3),Scuba-Water Activities,1,64,0,https://fareharbor.com/embeds/calendar/unisub/items/588344/?asn=fhdn-eur&asn-ref=alloutdooradventures&ref=alloutdooradventures&bookable-only=yes&full-items=yes&marketplace=yes&flow=no,"<script src=""https://fareharbor.com/embeds/script/calendar/unisub/items/588344/?asn=fhdn-eur&asn-ref=alloutdooradventures&ref=alloutdooradventures&bookable-only=yes&full-items=yes&marketplace=yes&flow=no""></script>",https://fareharbor.com/embeds/book/unisub/items/588344/?asn=fhdn-eur&asn-ref=alloutdooradventures&ref=alloutdooradventures&bookable-only=yes&full-items=yes&marketplace=yes&flow=no,https://cdn.filestackcontent.com/Q4fTfWlhTteDtBGXUIiY
Unisub Estartit SL,unisub,info@unisub.es,+34972751768,Spain/Catalunya/L'Estartit,,,588292,Curso PADI Advanced Open Water (Nivel 2 ),Scuba-Water Activities,1,63,0,https://fareharbor.com/embeds/calendar/unisub/items/588292/?asn=fhdn-eur&asn-ref=alloutdooradventures&ref=alloutdooradventures&bookable-only=yes&full-items=yes&marketplace=yes&flow=no,"<script src=""https://fareharbor.com/embeds/script/calendar/unisub/items/588292/?asn=fhdn-eur&asn-ref=alloutdooradventures&ref=alloutdooradventures&bookable-only=yes&full-items=yes&marketplace=yes&flow=no""></script>",https://fareharbor.com/embeds/book/unisub/items/588292/?asn=fhdn-eur&asn-ref=alloutdooradventures&ref=alloutdooradventures&bookable-only=yes&full-items=yes&marketplace=yes&flow=no,https://cdn.filestackcontent.com/Xiv2DRMFSKisH4IAqxPt
Ecotour Experiences,ecotourexperiences,info@ecotourexperiences.com,+34 644592104,Spain/Cataluña/Bossòst,0.690676,42.781109,666282,Raquetas de nieve en el Bosque Nordico Còth de Baretja,Hiking,1,63,41,https://fareharbor.com/embeds/calendar/ecotourexperiences/items/666282/?asn=fhdn-eur&asn-ref=alloutdooradventures&ref=alloutdooradventures&bookable-only=yes&full-items=yes&marketplace=yes&flow=no,"<script src=""https://fareharbor.com/embeds/script/calendar/ecotourexperiences/items/666282/?asn=fhdn-eur&asn-ref=alloutdooradventures&ref=alloutdooradventures&bookable-only=yes&full-items=yes&marketplace=yes&flow=no""></script>",https://fareharbor.com/embeds/book/ecotourexperiences/items/666282/?asn=fhdn-eur&asn-ref=alloutdooradventures&ref=alloutdooradventures&bookable-only=yes&full-items=yes&marketplace=yes&flow=no,https://cdn.filestackcontent.com/7mUC6NKoS2a6YkSqOYi3
Ecotour Experiences,ecotourexperiences,info@ecotourexperiences.com,+34 644592104,Spain/Aragón/Montanuy,0.747684,42.552157,666284,Raquetas de Nieve a los Ibones de Anglios,Hiking,1,63,41,https://fareharbor.com/embeds/calendar/ecotourexperiences/items/666284/?asn=fhdn-eur&asn-ref=alloutdooradventures&ref=alloutdooradventures&bookable-only=yes&full-items=yes&marketplace=yes&flow=no,"<script src=""https://fareharbor.com/embeds/script/calendar/ecotourexperiences/items/666284/?asn=fhdn-eur&asn-ref=alloutdooradventures&ref=alloutdooradventures&bookable-only=yes&full-items=yes&marketplace=yes&flow=no""></script>",https://fareharbor.com/embeds/book/ecotourexperiences/items/666284/?asn=fhdn-eur&asn-ref=alloutdooradventures&ref=alloutdooradventures&bookable-only=yes&full-items=yes&marketplace=yes&flow=no,https://cdn.filestackcontent.com/5Qat7JDcSLep64VUpWfI
Montefusco Cycling,roadcycling,claudio@roadcycling.barcelona,+34 607 51 57 82,Spain/Catalonia/Barcelona,2.168568,41.387397,75179,Hills and More Hills - Leading North Barcelona,Bike Tour,5,62,177,https://fareharbor.com/embeds/calendar/roadcycling/items/75179/?asn=fhdn-eur&asn-ref=alloutdooradventures&ref=alloutdooradventures&bookable-only=yes&full-items=yes&marketplace=yes&flow=no,"<script src=""https://fareharbor.com/embeds/script/calendar/roadcycling/items/75179/?asn=fhdn-eur&asn-ref=alloutdooradventures&ref=alloutdooradventures&bookable-only=yes&full-items=yes&marketplace=yes&flow=no""></script>",https://fareharbor.com/embeds/book/roadcycling/items/75179/?asn=fhdn-eur&asn-ref=alloutdooradventures&ref=alloutdooradventures&bookable-only=yes&full-items=yes&marketplace=yes&flow=no,https://cdn.filestackcontent.com/PTZM82W9Qg6JS2uYR2oJ
Unisub Estartit SL,unisub,info@unisub.es,+34972751768,Spain/Catalunya/L'Estartit,,,588266,Inmersión en la Costa del Montgrí con guía,Scuba-Water Activities,1,62,0,https://fareharbor.com/embeds/calendar/unisub/items/588266/?asn=fhdn-eur&asn-ref=alloutdooradventures&ref=alloutdooradventures&bookable-only=yes&full-items=yes&marketplace=yes&flow=no,"<script src=""https://fareharbor.com/embeds/script/calendar/unisub/items/588266/?asn=fhdn-eur&asn-ref=alloutdooradventures&ref=alloutdooradventures&bookable-only=yes&full-items=yes&marketplace=yes&flow=no""></script>",https://fareharbor.com/embeds/book/unisub/items/588266/?asn=fhdn-eur&asn-ref=alloutdooradventures&ref=alloutdooradventures&bookable-only=yes&full-items=yes&marketplace=yes&flow=no,https://cdn.filestackcontent.com/Sv3XbQNhTgeh4RvqJnPD
"One Life, Hike it",jkerr,jamie@jkerr.net,+34 612 562 545,Spain/Catalunya/Caldes de Malavella,2.801056,41.840767,261556,Hiking Day Tour Pyrenees Mountains,Hiking-Walking Tour,4,61,180,https://fareharbor.com/embeds/calendar/jkerr/items/261556/?asn=fhdn-eur&asn-ref=alloutdooradventures&ref=alloutdooradventures&bookable-only=yes&full-items=yes&marketplace=yes&flow=no,"<script src=""https://fareharbor.com/embeds/script/calendar/jkerr/items/261556/?asn=fhdn-eur&asn-ref=alloutdooradventures&ref=alloutdooradventures&bookable-only=yes&full-items=yes&marketplace=yes&flow=no""></script>",https://fareharbor.com/embeds/book/jkerr/items/261556/?asn=fhdn-eur&asn-ref=alloutdooradventures&ref=alloutdooradventures&bookable-only=yes&full-items=yes&marketplace=yes&flow=no,https://cdn.filestackcontent.com/2d7Ua6uDRVOPerPvSKdP
Unisub Estartit SL,unisub,info@unisub.es,+34972751768,Spain/Catalunya/L'Estartit,,,588289,Curso PADI Open Water (Nivel 1),Scuba-Water Activities,1,61,0,https://fareharbor.com/embeds/calendar/unisub/items/588289/?asn=fhdn-eur&asn-ref=alloutdooradventures&ref=alloutdooradventures&bookable-only=yes&full-items=yes&marketplace=yes&flow=no,"<script src=""https://fareharbor.com/embeds/script/calendar/unisub/items/588289/?asn=fhdn-eur&asn-ref=alloutdooradventures&ref=alloutdooradventures&bookable-only=yes&full-items=yes&marketplace=yes&flow=no""></script>",https://fareharbor.com/embeds/book/unisub/items/588289/?asn=fhdn-eur&asn-ref=alloutdooradventures&ref=alloutdooradventures&bookable-only=yes&full-items=yes&marketplace=yes&flow=no,https://cdn.filestackcontent.com/jbSYeTqaRNmJJISetZgo
Unisub Estartit SL,unisub,info@unisub.es,+34972751768,Spain/Catalunya/L'Estartit,,,588364,Curso PADI Freediver Basic (Nivel 1),Scuba-Water Activities,1,61,0,https://fareharbor.com/embeds/calendar/unisub/items/588364/?asn=fhdn-eur&asn-ref=alloutdooradventures&ref=alloutdooradventures&bookable-only=yes&full-items=yes&marketplace=yes&flow=no,"<script src=""https://fareharbor.com/embeds/script/calendar/unisub/items/588364/?asn=fhdn-eur&asn-ref=alloutdooradventures&ref=alloutdooradventures&bookable-only=yes&full-items=yes&marketplace=yes&flow=no""></script>",https://fareharbor.com/embeds/book/unisub/items/588364/?asn=fhdn-eur&asn-ref=alloutdooradventures&ref=alloutdooradventures&bookable-only=yes&full-items=yes&marketplace=yes&flow=no,https://cdn.filestackcontent.com/hGqpFASp2T8spSsYGzvQ
Viladellops Vinicola S.L.,viladellops,info@viladellops.com,+34 938 188 371,Spain/Catalunya/Viladellops,,,551838,Vineyard Safari in 4×4,Jeep-Winery,1,59,384,https://fareharbor.com/embeds/calendar/viladellops/items/551838/?asn=fhdn-eur&asn-ref=alloutdooradventures&ref=alloutdooradventures&bookable-only=yes&full-items=yes&marketplace=yes&flow=no,"<script src=""https://fareharbor.com/embeds/script/calendar/viladellops/items/551838/?asn=fhdn-eur&asn-ref=alloutdooradventures&ref=alloutdooradventures&bookable-only=yes&full-items=yes&marketplace=yes&flow=no""></script>",https://fareharbor.com/embeds/book/viladellops/items/551838/?asn=fhdn-eur&asn-ref=alloutdooradventures&ref=alloutdooradventures&bookable-only=yes&full-items=yes&marketplace=yes&flow=no,https://cdn.filestackcontent.com/b2fnEa4OSBezAz49BkIY
Catalan Trails,catalantrails,info@catalantrails.com,+34604175927,Spain/Catalunya/Barcelona,,,117199,Rural Catalonia Hiking Experience & Rupit medieval town,Hiking,1,58,77,https://fareharbor.com/embeds/calendar/catalantrails/items/117199/?asn=fhdn-eur&asn-ref=alloutdooradventures&ref=alloutdooradventures&bookable-only=yes&full-items=yes&marketplace=yes&flow=no,"<script src=""https://fareharbor.com/embeds/script/calendar/catalantrails/items/117199/?asn=fhdn-eur&asn-ref=alloutdooradventures&ref=alloutdooradventures&bookable-only=yes&full-items=yes&marketplace=yes&flow=no""></script>",https://fareharbor.com/embeds/book/catalantrails/items/117199/?asn=fhdn-eur&asn-ref=alloutdooradventures&ref=alloutdooradventures&bookable-only=yes&full-items=yes&marketplace=yes&flow=no,https://cdn.filestackcontent.com/zfniA0d6SjOPcL9CdB5C
Tourne,tournebilbao,info@tournebilbao.com,+34 688 749 372,Spain/Euskadi/Bilbo,,,159058,Street-Art Private E-bike Tour,Bike Rental-Bike Tour-City Tour-Events-Private,1,57,0,https://fareharbor.com/embeds/calendar/tournebilbao/items/159058/?asn=fhdn-eur&asn-ref=alloutdooradventures&ref=alloutdooradventures&bookable-only=yes&full-items=yes&marketplace=yes&flow=no,"<script src=""https://fareharbor.com/embeds/script/calendar/tournebilbao/items/159058/?asn=fhdn-eur&asn-ref=alloutdooradventures&ref=alloutdooradventures&bookable-only=yes&full-items=yes&marketplace=yes&flow=no""></script>",https://fareharbor.com/embeds/book/tournebilbao/items/159058/?asn=fhdn-eur&asn-ref=alloutdooradventures&ref=alloutdooradventures&bookable-only=yes&full-items=yes&marketplace=yes&flow=no,https://cdn.filestackcontent.com/kp7kKbUaQxCfH9uFGQNB
Go Local San Sebastián,golocalsansebastian,kaixo@golocalsansebastian.com,+34 943048328,Spain/Euskadi/Donostia,,,183077,Tour Fuerte de San Marcos,Bike Tour,4,57,0,https://fareharbor.com/embeds/calendar/golocalsansebastian/items/183077/?asn=fhdn-eur&asn-ref=alloutdooradventures&ref=alloutdooradventures&bookable-only=yes&full-items=yes&marketplace=yes&flow=no,"<script src=""https://fareharbor.com/embeds/script/calendar/golocalsansebastian/items/183077/?asn=fhdn-eur&asn-ref=alloutdooradventures&ref=alloutdooradventures&bookable-only=yes&full-items=yes&marketplace=yes&flow=no""></script>",https://fareharbor.com/embeds/book/golocalsansebastian/items/183077/?asn=fhdn-eur&asn-ref=alloutdooradventures&ref=alloutdooradventures&bookable-only=yes&full-items=yes&marketplace=yes&flow=no,https://cdn.filestackcontent.com/BVZsyiHZS3WRWO9rI61g
Barcelone à vélo,barcelonavelo,info@barcelonavelo.com,+34 666 531 536,Spain/Catalonia/Barcelona,,,261987,Visite SUR-MESURE,Bike Tour,3,56,0,https://fareharbor.com/embeds/calendar/barcelonavelo/items/261987/?asn=fhdn-eur&asn-ref=alloutdooradventures&ref=alloutdooradventures&bookable-only=yes&full-items=yes&marketplace=yes&flow=no,"<script src=""https://fareharbor.com/embeds/script/calendar/barcelonavelo/items/261987/?asn=fhdn-eur&asn-ref=alloutdooradventures&ref=alloutdooradventures&bookable-only=yes&full-items=yes&marketplace=yes&flow=no""></script>",https://fareharbor.com/embeds/book/barcelonavelo/items/261987/?asn=fhdn-eur&asn-ref=alloutdooradventures&ref=alloutdooradventures&bookable-only=yes&full-items=yes&marketplace=yes&flow=no,https://cdn.filestackcontent.com/L2bhrjsTAW6AKNB7HS6A
Montefusco Cycling,roadcycling,claudio@roadcycling.barcelona,+34 607 51 57 82,Spain/Catalunya/Barcelona,,,75166,The Vineyards and Wineries Tour of Penedes - Barcelona,Bike Tour,11,55,163,https://fareharbor.com/embeds/calendar/roadcycling/items/75166/?asn=fhdn-eur&asn-ref=alloutdooradventures&ref=alloutdooradventures&bookable-only=yes&full-items=yes&marketplace=yes&flow=no,"<script src=""https://fareharbor.com/embeds/script/calendar/roadcycling/items/75166/?asn=fhdn-eur&asn-ref=alloutdooradventures&ref=alloutdooradventures&bookable-only=yes&full-items=yes&marketplace=yes&flow=no""></script>",https://fareharbor.com/embeds/book/roadcycling/items/75166/?asn=fhdn-eur&asn-ref=alloutdooradventures&ref=alloutdooradventures&bookable-only=yes&full-items=yes&marketplace=yes&flow=no,https://cdn.filestackcontent.com/auJh0c59TyOxHsiWioMV
Montefusco Cycling,roadcycling,claudio@roadcycling.barcelona,+34 607 51 57 82,Spain/Catalunya/Barcelona,,,75175,The Solitaire Roads Tour of Sitges - Barcelona,Bike Tour,9,55,167,https://fareharbor.com/embeds/calendar/roadcycling/items/75175/?asn=fhdn-eur&asn-ref=alloutdooradventures&ref=alloutdooradventures&bookable-only=yes&full-items=yes&marketplace=yes&flow=no,"<script src=""https://fareharbor.com/embeds/script/calendar/roadcycling/items/75175/?asn=fhdn-eur&asn-ref=alloutdooradventures&ref=alloutdooradventures&bookable-only=yes&full-items=yes&marketplace=yes&flow=no""></script>",https://fareharbor.com/embeds/book/roadcycling/items/75175/?asn=fhdn-eur&asn-ref=alloutdooradventures&ref=alloutdooradventures&bookable-only=yes&full-items=yes&marketplace=yes&flow=no,https://cdn.filestackcontent.com/pih904tfQgaLB5fLkd6v
Catalan Trails,catalantrails,info@catalantrails.com,+34604175927,Spain/Catalunya/Barcelona,,,117194,Medieval Villages & La Garrotxa Volcanic Zone Hiking,Hiking,0,55,74,https://fareharbor.com/embeds/calendar/catalantrails/items/117194/?asn=fhdn-eur&asn-ref=alloutdooradventures&ref=alloutdooradventures&bookable-only=yes&full-items=yes&marketplace=yes&flow=no,"<script src=""https://fareharbor.com/embeds/script/calendar/catalantrails/items/117194/?asn=fhdn-eur&asn-ref=alloutdooradventures&ref=alloutdooradventures&bookable-only=yes&full-items=yes&marketplace=yes&flow=no""></script>",https://fareharbor.com/embeds/book/catalantrails/items/117194/?asn=fhdn-eur&asn-ref=alloutdooradventures&ref=alloutdooradventures&bookable-only=yes&full-items=yes&marketplace=yes&flow=no,https://cdn.filestackcontent.com/jPXOxlORQzyEpdfx35PA
Tour Me Out,tourme-out,info@tmo.com.es,+34 691 69 88 84,Spain/Catalunya/Barcelona,2.175274,41.380052,135871,Private Tour to Montserrat,Hiking-History Tour-Private,1,55,0,https://fareharbor.com/embeds/calendar/tourme-out/items/135871/?asn=fhdn-eur&asn-ref=alloutdooradventures&ref=alloutdooradventures&bookable-only=yes&full-items=yes&marketplace=yes&flow=no,"<script src=""https://fareharbor.com/embeds/script/calendar/tourme-out/items/135871/?asn=fhdn-eur&asn-ref=alloutdooradventures&ref=alloutdooradventures&bookable-only=yes&full-items=yes&marketplace=yes&flow=no""></script>",https://fareharbor.com/embeds/book/tourme-out/items/135871/?asn=fhdn-eur&asn-ref=alloutdooradventures&ref=alloutdooradventures&bookable-only=yes&full-items=yes&marketplace=yes&flow=no,https://cdn.filestackcontent.com/F2jIaMjrQimlZUL4Ruw8
Unique Tours,uniquetours,hello@uniquetours.com,+34 699 393 249,Spain/Catalunya/Barcelona,,,246005,From Barcelona: Montserrat Monastery & Scenic Mountain Hike,Guided Tour-Hiking-Walking Tour,9,55,177,https://fareharbor.com/embeds/calendar/uniquetours/items/246005/?asn=fhdn-eur&asn-ref=alloutdooradventures&ref=alloutdooradventures&bookable-only=yes&full-items=yes&marketplace=yes&flow=no,"<script src=""https://fareharbor.com/embeds/script/calendar/uniquetours/items/246005/?asn=fhdn-eur&asn-ref=alloutdooradventures&ref=alloutdooradventures&bookable-only=yes&full-items=yes&marketplace=yes&flow=no""></script>",https://fareharbor.com/embeds/book/uniquetours/items/246005/?asn=fhdn-eur&asn-ref=alloutdooradventures&ref=alloutdooradventures&bookable-only=yes&full-items=yes&marketplace=yes&flow=no,https://cdn.filestackcontent.com/sUVTcHx5TjiBfJHuFhJQ
Catalan Trails,catalantrails,info@catalantrails.com,+34604175927,Spain/Catalunya/Barcelona,,,350539,Rural Catalonia Hiking Experience & Rupit medieval town - Private Tour,Hiking,0,55,179,https://fareharbor.com/embeds/calendar/catalantrails/items/350539/?asn=fhdn-eur&asn-ref=alloutdooradventures&ref=alloutdooradventures&bookable-only=yes&full-items=yes&marketplace=yes&flow=no,"<script src=""https://fareharbor.com/embeds/script/calendar/catalantrails/items/350539/?asn=fhdn-eur&asn-ref=alloutdooradventures&ref=alloutdooradventures&bookable-only=yes&full-items=yes&marketplace=yes&flow=no""></script>",https://fareharbor.com/embeds/book/catalantrails/items/350539/?asn=fhdn-eur&asn-ref=alloutdooradventures&ref=alloutdooradventures&bookable-only=yes&full-items=yes&marketplace=yes&flow=no,https://cdn.filestackcontent.com/zfniA0d6SjOPcL9CdB5C
Catalan Trails,catalantrails,info@catalantrails.com,+34604175927,Spain/Catalunya/Barcelona,,,350556,Medieval Villages & La Garrotxa Volcanic Zone Hiking - Private Tour,Hiking,0,55,179,https://fareharbor.com/embeds/calendar/catalantrails/items/350556/?asn=fhdn-eur&asn-ref=alloutdooradventures&ref=alloutdooradventures&bookable-only=yes&full-items=yes&marketplace=yes&flow=no,"<script src=""https://fareharbor.com/embeds/script/calendar/catalantrails/items/350556/?asn=fhdn-eur&asn-ref=alloutdooradventures&ref=alloutdooradventures&bookable-only=yes&full-items=yes&marketplace=yes&flow=no""></script>",https://fareharbor.com/embeds/book/catalantrails/items/350556/?asn=fhdn-eur&asn-ref=alloutdooradventures&ref=alloutdooradventures&bookable-only=yes&full-items=yes&marketplace=yes&flow=no,https://cdn.filestackcontent.com/jPXOxlORQzyEpdfx35PA
Catalan Trails,catalantrails,info@catalantrails.com,+34604175927,Spain/Catalunya/Barcelona,,,350560,Costa Brava Coast Path Hiking & Tossa de Mar Private Tour,Hiking,0,55,179,https://fareharbor.com/embeds/calendar/catalantrails/items/350560/?asn=fhdn-eur&asn-ref=alloutdooradventures&ref=alloutdooradventures&bookable-only=yes&full-items=yes&marketplace=yes&flow=no,"<script src=""https://fareharbor.com/embeds/script/calendar/catalantrails/items/350560/?asn=fhdn-eur&asn-ref=alloutdooradventures&ref=alloutdooradventures&bookable-only=yes&full-items=yes&marketplace=yes&flow=no""></script>",https://fareharbor.com/embeds/book/catalantrails/items/350560/?asn=fhdn-eur&asn-ref=alloutdooradventures&ref=alloutdooradventures&bookable-only=yes&full-items=yes&marketplace=yes&flow=no,https://cdn.filestackcontent.com/LWODIwhRuGBxe21mBGxH
Catalan Trails,catalantrails,info@catalantrails.com,+34604175927,Spain/Catalunya/Barcelona,,,350563,"Montserrat Monastery, Cable Car & Viewpoints Private Tour",Hiking,0,55,358,https://fareharbor.com/embeds/calendar/catalantrails/items/350563/?asn=fhdn-eur&asn-ref=alloutdooradventures&ref=alloutdooradventures&bookable-only=yes&full-items=yes&marketplace=yes&flow=no,"<script src=""https://fareharbor.com/embeds/script/calendar/catalantrails/items/350563/?asn=fhdn-eur&asn-ref=alloutdooradventures&ref=alloutdooradventures&bookable-only=yes&full-items=yes&marketplace=yes&flow=no""></script>",https://fareharbor.com/embeds/book/catalantrails/items/350563/?asn=fhdn-eur&asn-ref=alloutdooradventures&ref=alloutdooradventures&bookable-only=yes&full-items=yes&marketplace=yes&flow=no,https://cdn.filestackcontent.com/lBCFCxzSDefTOvvvyUdd
Catalan Trails,catalantrails,info@catalantrails.com,+34604175927,Spain/Catalunya/Barcelona,,,351600,Pyrenees Hiking Experience Vall del Freser - Private Tour,Hiking,0,55,179,https://fareharbor.com/embeds/calendar/catalantrails/items/351600/?asn=fhdn-eur&asn-ref=alloutdooradventures&ref=alloutdooradventures&bookable-only=yes&full-items=yes&marketplace=yes&flow=no,"<script src=""https://fareharbor.com/embeds/script/calendar/catalantrails/items/351600/?asn=fhdn-eur&asn-ref=alloutdooradventures&ref=alloutdooradventures&bookable-only=yes&full-items=yes&marketplace=yes&flow=no""></script>",https://fareharbor.com/embeds/book/catalantrails/items/351600/?asn=fhdn-eur&asn-ref=alloutdooradventures&ref=alloutdooradventures&bookable-only=yes&full-items=yes&marketplace=yes&flow=no,https://cdn.filestackcontent.com/bVb9JrVvQXadugaKNDRV
Unique Tours,uniquetours,hello@uniquetours.com,+34 699 393 249,Spain/Catalunya/Barcelona,,,359800,Barcelona: Walking and Horse Riding Trip in Montserrat,Hiking-Walking Tour,6,55,171,https://fareharbor.com/embeds/calendar/uniquetours/items/359800/?asn=fhdn-eur&asn-ref=alloutdooradventures&ref=alloutdooradventures&bookable-only=yes&full-items=yes&marketplace=yes&flow=no,"<script src=""https://fareharbor.com/embeds/script/calendar/uniquetours/items/359800/?asn=fhdn-eur&asn-ref=alloutdooradventures&ref=alloutdooradventures&bookable-only=yes&full-items=yes&marketplace=yes&flow=no""></script>",https://fareharbor.com/embeds/book/uniquetours/items/359800/?asn=fhdn-eur&asn-ref=alloutdooradventures&ref=alloutdooradventures&bookable-only=yes&full-items=yes&marketplace=yes&flow=no,https://cdn.filestackcontent.com/k771hpouSWK1YGviTxrx
Unique Tours,uniquetours,hello@uniquetours.com,+34 699 393 249,Spain/Catalunya/Barcelona,,,428645,Private tour - From Barcelona: Montserrat Monastery & Scenic Mountain Hike,Guided Tour-Hiking-Private-Walking Tour,11,55,180,https://fareharbor.com/embeds/calendar/uniquetours/items/428645/?asn=fhdn-eur&asn-ref=alloutdooradventures&ref=alloutdooradventures&bookable-only=yes&full-items=yes&marketplace=yes&flow=no,"<script src=""https://fareharbor.com/embeds/script/calendar/uniquetours/items/428645/?asn=fhdn-eur&asn-ref=alloutdooradventures&ref=alloutdooradventures&bookable-only=yes&full-items=yes&marketplace=yes&flow=no""></script>",https://fareharbor.com/embeds/book/uniquetours/items/428645/?asn=fhdn-eur&asn-ref=alloutdooradventures&ref=alloutdooradventures&bookable-only=yes&full-items=yes&marketplace=yes&flow=no,https://cdn.filestackcontent.com/5XZGW3gAQl2sFyUl2wsS
Unique Tours,uniquetours,hello@uniquetours.com,+34 699 393 249,Spain/Catalunya/Barcelona,,,433080,Private Tour - From Barcelona: Horseback Tour in Montserrat National Park,Horse-Private,10,55,180,https://fareharbor.com/embeds/calendar/uniquetours/items/433080/?asn=fhdn-eur&asn-ref=alloutdooradventures&ref=alloutdooradventures&bookable-only=yes&full-items=yes&marketplace=yes&flow=no,"<script src=""https://fareharbor.com/embeds/script/calendar/uniquetours/items/433080/?asn=fhdn-eur&asn-ref=alloutdooradventures&ref=alloutdooradventures&bookable-only=yes&full-items=yes&marketplace=yes&flow=no""></script>",https://fareharbor.com/embeds/book/uniquetours/items/433080/?asn=fhdn-eur&asn-ref=alloutdooradventures&ref=alloutdooradventures&bookable-only=yes&full-items=yes&marketplace=yes&flow=no,https://cdn.filestackcontent.com/hApnPD7yQDuNu9XMXcfQ
Unique Tours,uniquetours,hello@uniquetours.com,+34 699 393 249,Spain/Catalunya/Barcelona,,,247313,From Barcelona: Horseback Tour in Montserrat National Park,Horse,6,54,170,https://fareharbor.com/embeds/calendar/uniquetours/items/247313/?asn=fhdn-eur&asn-ref=alloutdooradventures&ref=alloutdooradventures&bookable-only=yes&full-items=yes&marketplace=yes&flow=no,"<script src=""https://fareharbor.com/embeds/script/calendar/uniquetours/items/247313/?asn=fhdn-eur&asn-ref=alloutdooradventures&ref=alloutdooradventures&bookable-only=yes&full-items=yes&marketplace=yes&flow=no""></script>",https://fareharbor.com/embeds/book/uniquetours/items/247313/?asn=fhdn-eur&asn-ref=alloutdooradventures&ref=alloutdooradventures&bookable-only=yes&full-items=yes&marketplace=yes&flow=no,https://cdn.filestackcontent.com/f97uo0MPTPm9lNfeFptr
Unique Tours,uniquetours,hello@uniquetours.com,+34 699 393 249,Spain/Catalunya/Barcelona,,,433079,Private Tour - Barcelona: Walking and Horse Riding Trip in Montserrat,Hiking-Horse-Private-Walking Tour,8,54,180,https://fareharbor.com/embeds/calendar/uniquetours/items/433079/?asn=fhdn-eur&asn-ref=alloutdooradventures&ref=alloutdooradventures&bookable-only=yes&full-items=yes&marketplace=yes&flow=no,"<script src=""https://fareharbor.com/embeds/script/calendar/uniquetours/items/433079/?asn=fhdn-eur&asn-ref=alloutdooradventures&ref=alloutdooradventures&bookable-only=yes&full-items=yes&marketplace=yes&flow=no""></script>",https://fareharbor.com/embeds/book/uniquetours/items/433079/?asn=fhdn-eur&asn-ref=alloutdooradventures&ref=alloutdooradventures&bookable-only=yes&full-items=yes&marketplace=yes&flow=no,https://cdn.filestackcontent.com/oaYBRryQSBWO7W4YGV6S
Climb Om Experiences,climbom,info@climbom.com,34611283905,Spain/Catalunya/Monistrol de Montserrat,1.843416,41.610778,625875,Montserrat Climbing Experience,Climbing-Sports,1,54,0,https://fareharbor.com/embeds/calendar/climbom/items/625875/?asn=fhdn-eur&asn-ref=alloutdooradventures&ref=alloutdooradventures&bookable-only=yes&full-items=yes&marketplace=yes&flow=no,"<script src=""https://fareharbor.com/embeds/script/calendar/climbom/items/625875/?asn=fhdn-eur&asn-ref=alloutdooradventures&ref=alloutdooradventures&bookable-only=yes&full-items=yes&marketplace=yes&flow=no""></script>",https://fareharbor.com/embeds/book/climbom/items/625875/?asn=fhdn-eur&asn-ref=alloutdooradventures&ref=alloutdooradventures&bookable-only=yes&full-items=yes&marketplace=yes&flow=no,https://cdn.filestackcontent.com/Krvy3YGYRVSHtzDJAER1
Montefusco Cycling,roadcycling,claudio@roadcycling.barcelona,+34 607 51 57 82,Spain/Catalonia/Barcelona,,,107551,Barcelona Girona Gravel Ride,Bike Tour,2,52,163,https://fareharbor.com/embeds/calendar/roadcycling/items/107551/?asn=fhdn-eur&asn-ref=alloutdooradventures&ref=alloutdooradventures&bookable-only=yes&full-items=yes&marketplace=yes&flow=no,"<script src=""https://fareharbor.com/embeds/script/calendar/roadcycling/items/107551/?asn=fhdn-eur&asn-ref=alloutdooradventures&ref=alloutdooradventures&bookable-only=yes&full-items=yes&marketplace=yes&flow=no""></script>",https://fareharbor.com/embeds/book/roadcycling/items/107551/?asn=fhdn-eur&asn-ref=alloutdooradventures&ref=alloutdooradventures&bookable-only=yes&full-items=yes&marketplace=yes&flow=no,https://cdn.filestackcontent.com/HFxOKbjuTKie5XIUAorW
Marnatura,marnatura,info@marnatura.net,+34 632 595 729,Spain/Cataluña/L'Ametlla de Mar,0.80132,40.881811,265605,Descobreix la Cova del Llop Marí - Hospitalet amb Barca i Snorkel,Snorkel,2,52,0,https://fareharbor.com/embeds/calendar/marnatura/items/265605/?asn=fhdn-eur&asn-ref=alloutdooradventures&ref=alloutdooradventures&bookable-only=yes&full-items=yes&marketplace=yes&flow=no,"<script src=""https://fareharbor.com/embeds/script/calendar/marnatura/items/265605/?asn=fhdn-eur&asn-ref=alloutdooradventures&ref=alloutdooradventures&bookable-only=yes&full-items=yes&marketplace=yes&flow=no""></script>",https://fareharbor.com/embeds/book/marnatura/items/265605/?asn=fhdn-eur&asn-ref=alloutdooradventures&ref=alloutdooradventures&bookable-only=yes&full-items=yes&marketplace=yes&flow=no,https://cdn.filestackcontent.com/kYpovMJROq9szorm0YFQ
Medaqua,medaqua,info@medaqua.com,(+34) 972 752043,Spain/Catalunya/L'Estartit,,,556527,Sunset / Golden hour,Bike Tour,5,52,29,https://fareharbor.com/embeds/calendar/medaqua/items/556527/?asn=fhdn-eur&asn-ref=alloutdooradventures&ref=alloutdooradventures&bookable-only=yes&full-items=yes&marketplace=yes&flow=no,"<script src=""https://fareharbor.com/embeds/script/calendar/medaqua/items/556527/?asn=fhdn-eur&asn-ref=alloutdooradventures&ref=alloutdooradventures&bookable-only=yes&full-items=yes&marketplace=yes&flow=no""></script>",https://fareharbor.com/embeds/book/medaqua/items/556527/?asn=fhdn-eur&asn-ref=alloutdooradventures&ref=alloutdooradventures&bookable-only=yes&full-items=yes&marketplace=yes&flow=no,https://cdn.filestackcontent.com/SCbkt9TlmT4tEKdNJ9Qu
Tourne,tournebilbao,info@tournebilbao.com,+34 688 749 372,Spain/Euskadi/Bilbo,,,159060,Getxo Seaside Private E-bike Tour,Bike Rental-Bike Tour,2,50,0,https://fareharbor.com/embeds/calendar/tournebilbao/items/159060/?asn=fhdn-eur&asn-ref=alloutdooradventures&ref=alloutdooradventures&bookable-only=yes&full-items=yes&marketplace=yes&flow=no,"<script src=""https://fareharbor.com/embeds/script/calendar/tournebilbao/items/159060/?asn=fhdn-eur&asn-ref=alloutdooradventures&ref=alloutdooradventures&bookable-only=yes&full-items=yes&marketplace=yes&flow=no""></script>",https://fareharbor.com/embeds/book/tournebilbao/items/159060/?asn=fhdn-eur&asn-ref=alloutdooradventures&ref=alloutdooradventures&bookable-only=yes&full-items=yes&marketplace=yes&flow=no,https://cdn.filestackcontent.com/as3qGYq7Tp2gvK3cvVcx
Catalan Trails,catalantrails,info@catalantrails.com,+34604175927,Spain/Catalonia,,,265189,Raquetes de Neu,Hiking-Ski,1,49,0,https://fareharbor.com/embeds/calendar/catalantrails/items/265189/?asn=fhdn-eur&asn-ref=alloutdooradventures&ref=alloutdooradventures&bookable-only=yes&full-items=yes&marketplace=yes&flow=no,"<script src=""https://fareharbor.com/embeds/script/calendar/catalantrails/items/265189/?asn=fhdn-eur&asn-ref=alloutdooradventures&ref=alloutdooradventures&bookable-only=yes&full-items=yes&marketplace=yes&flow=no""></script>",https://fareharbor.com/embeds/book/catalantrails/items/265189/?asn=fhdn-eur&asn-ref=alloutdooradventures&ref=alloutdooradventures&bookable-only=yes&full-items=yes&marketplace=yes&flow=no,https://cdn.filestackcontent.com/Zd2386irTTW1h2aumnuq
Motor Verde,motorverde,infotienda@motorverde.es,+34946128526,Spain/Euskadi/Bilbo,,,444263,Alquilar bicicleta eléctrica de carretera PREMIUM,Bike Rental-Bike Tour-E-Bike,1,49,1059,https://fareharbor.com/embeds/calendar/motorverde/items/444263/?asn=fhdn-eur&asn-ref=alloutdooradventures&ref=alloutdooradventures&bookable-only=yes&full-items=yes&marketplace=yes&flow=no,"<script src=""https://fareharbor.com/embeds/script/calendar/motorverde/items/444263/?asn=fhdn-eur&asn-ref=alloutdooradventures&ref=alloutdooradventures&bookable-only=yes&full-items=yes&marketplace=yes&flow=no""></script>",https://fareharbor.com/embeds/book/motorverde/items/444263/?asn=fhdn-eur&asn-ref=alloutdooradventures&ref=alloutdooradventures&bookable-only=yes&full-items=yes&marketplace=yes&flow=no,https://cdn.filestackcontent.com/RviWhSDQFqQ3sm1CGNMQ
Sailing Sashi,tripbcn,sashiolimpico@gmail.com,0034-663491315,Spain/Catalunya/Barcelona,,,570251,Sail at your taste - 1 hr Sailing Yacht Sashi,Attraction-Boat Rental-Boat Tour-Dinner Boat-Events-Guided Tour-Marina-Private-Sailing-Sightseeing Tour-Snorkel-Water Activities,1,49,1361,https://fareharbor.com/embeds/calendar/tripbcn/items/570251/?asn=fhdn-eur&asn-ref=alloutdooradventures&ref=alloutdooradventures&bookable-only=yes&full-items=yes&marketplace=yes&flow=no,"<script src=""https://fareharbor.com/embeds/script/calendar/tripbcn/items/570251/?asn=fhdn-eur&asn-ref=alloutdooradventures&ref=alloutdooradventures&bookable-only=yes&full-items=yes&marketplace=yes&flow=no""></script>",https://fareharbor.com/embeds/book/tripbcn/items/570251/?asn=fhdn-eur&asn-ref=alloutdooradventures&ref=alloutdooradventures&bookable-only=yes&full-items=yes&marketplace=yes&flow=no,https://cdn.filestackcontent.com/kMa9G5dgS9iopw2WPfz2
Girona Explorers,gironaexplorers,info@gironafreetour.com,+34 672883786,Spain/Catalunya/Girona,2.82378,41.98188,238456,Garrotxa Volcànica,Bus Tour-Hiking,1,48,0,https://fareharbor.com/embeds/calendar/gironaexplorers/items/238456/?asn=fhdn-eur&asn-ref=alloutdooradventures&ref=alloutdooradventures&bookable-only=yes&full-items=yes&marketplace=yes&flow=no,"<script src=""https://fareharbor.com/embeds/script/calendar/gironaexplorers/items/238456/?asn=fhdn-eur&asn-ref=alloutdooradventures&ref=alloutdooradventures&bookable-only=yes&full-items=yes&marketplace=yes&flow=no""></script>",https://fareharbor.com/embeds/book/gironaexplorers/items/238456/?asn=fhdn-eur&asn-ref=alloutdooradventures&ref=alloutdooradventures&bookable-only=yes&full-items=yes&marketplace=yes&flow=no,https://cdn.filestackcontent.com/4y5FYGorS0W9gq3kVk1c
Medaqua,medaqua,info@medaqua.com,(+34) 972 752043,Spain/Catalunya/L'Estartit,3.20576,42.054548,473428,Eco-Snorkel Premium,Snorkel,1,48,0,https://fareharbor.com/embeds/calendar/medaqua/items/473428/?asn=fhdn-eur&asn-ref=alloutdooradventures&ref=alloutdooradventures&bookable-only=yes&full-items=yes&marketplace=yes&flow=no,"<script src=""https://fareharbor.com/embeds/script/calendar/medaqua/items/473428/?asn=fhdn-eur&asn-ref=alloutdooradventures&ref=alloutdooradventures&bookable-only=yes&full-items=yes&marketplace=yes&flow=no""></script>",https://fareharbor.com/embeds/book/medaqua/items/473428/?asn=fhdn-eur&asn-ref=alloutdooradventures&ref=alloutdooradventures&bookable-only=yes&full-items=yes&marketplace=yes&flow=no,https://cdn.filestackcontent.com/auU0EjuS6mNF7UJ0oQul
Ecotour Experiences,ecotourexperiences,info@ecotourexperiences.com,+34 644592104,Spain/Catalunya,0.874014,42.701169,666078,Ascensión al Tuc de Montarto,Hiking,1,48,78,https://fareharbor.com/embeds/calendar/ecotourexperiences/items/666078/?asn=fhdn-eur&asn-ref=alloutdooradventures&ref=alloutdooradventures&bookable-only=yes&full-items=yes&marketplace=yes&flow=no,"<script src=""https://fareharbor.com/embeds/script/calendar/ecotourexperiences/items/666078/?asn=fhdn-eur&asn-ref=alloutdooradventures&ref=alloutdooradventures&bookable-only=yes&full-items=yes&marketplace=yes&flow=no""></script>",https://fareharbor.com/embeds/book/ecotourexperiences/items/666078/?asn=fhdn-eur&asn-ref=alloutdooradventures&ref=alloutdooradventures&bookable-only=yes&full-items=yes&marketplace=yes&flow=no,https://cdn.filestackcontent.com/yNBcGZXuSNmz6qPeCcvQ
Ecotour Experiences,ecotourexperiences,info@ecotourexperiences.com,+34 644592104,Spain/Aragon/Aneto,0.6962,42.58172,666095,Ruta circular al pico de Vallibierna (+3000m),Hiking,1,48,78,https://fareharbor.com/embeds/calendar/ecotourexperiences/items/666095/?asn=fhdn-eur&asn-ref=alloutdooradventures&ref=alloutdooradventures&bookable-only=yes&full-items=yes&marketplace=yes&flow=no,"<script src=""https://fareharbor.com/embeds/script/calendar/ecotourexperiences/items/666095/?asn=fhdn-eur&asn-ref=alloutdooradventures&ref=alloutdooradventures&bookable-only=yes&full-items=yes&marketplace=yes&flow=no""></script>",https://fareharbor.com/embeds/book/ecotourexperiences/items/666095/?asn=fhdn-eur&asn-ref=alloutdooradventures&ref=alloutdooradventures&bookable-only=yes&full-items=yes&marketplace=yes&flow=no,https://cdn.filestackcontent.com/qMv9vXxWQ021UAR0IWUo
Ecotour Experiences,ecotourexperiences,info@ecotourexperiences.com,+34 644592104,Spain/Catalunya,0.843159,42.56263,666098,Ruta Estany de Besiberri,Hiking,1,48,109,https://fareharbor.com/embeds/calendar/ecotourexperiences/items/666098/?asn=fhdn-eur&asn-ref=alloutdooradventures&ref=alloutdooradventures&bookable-only=yes&full-items=yes&marketplace=yes&flow=no,"<script src=""https://fareharbor.com/embeds/script/calendar/ecotourexperiences/items/666098/?asn=fhdn-eur&asn-ref=alloutdooradventures&ref=alloutdooradventures&bookable-only=yes&full-items=yes&marketplace=yes&flow=no""></script>",https://fareharbor.com/embeds/book/ecotourexperiences/items/666098/?asn=fhdn-eur&asn-ref=alloutdooradventures&ref=alloutdooradventures&bookable-only=yes&full-items=yes&marketplace=yes&flow=no,https://cdn.filestackcontent.com/zsvBib0jSzeWKqddNLVz
Ecotour Experiences,ecotourexperiences,info@ecotourexperiences.com,+34 644592104,Spain/Catalunya,0.843159,42.56263,666104,Ruta a los Estanys de Gémena,Hiking,1,48,78,https://fareharbor.com/embeds/calendar/ecotourexperiences/items/666104/?asn=fhdn-eur&asn-ref=alloutdooradventures&ref=alloutdooradventures&bookable-only=yes&full-items=yes&marketplace=yes&flow=no,"<script src=""https://fareharbor.com/embeds/script/calendar/ecotourexperiences/items/666104/?asn=fhdn-eur&asn-ref=alloutdooradventures&ref=alloutdooradventures&bookable-only=yes&full-items=yes&marketplace=yes&flow=no""></script>",https://fareharbor.com/embeds/book/ecotourexperiences/items/666104/?asn=fhdn-eur&asn-ref=alloutdooradventures&ref=alloutdooradventures&bookable-only=yes&full-items=yes&marketplace=yes&flow=no,https://cdn.filestackcontent.com/2c5bvtJzRhOIj2cXzgLa
Ecotour Experiences,ecotourexperiences,info@ecotourexperiences.com,+34 644592104,Spain/Aragon/Aneto,0.6962,42.58172,666115,Ruta Ibones de Anglios (Estival),Hiking,1,48,109,https://fareharbor.com/embeds/calendar/ecotourexperiences/items/666115/?asn=fhdn-eur&asn-ref=alloutdooradventures&ref=alloutdooradventures&bookable-only=yes&full-items=yes&marketplace=yes&flow=no,"<script src=""https://fareharbor.com/embeds/script/calendar/ecotourexperiences/items/666115/?asn=fhdn-eur&asn-ref=alloutdooradventures&ref=alloutdooradventures&bookable-only=yes&full-items=yes&marketplace=yes&flow=no""></script>",https://fareharbor.com/embeds/book/ecotourexperiences/items/666115/?asn=fhdn-eur&asn-ref=alloutdooradventures&ref=alloutdooradventures&bookable-only=yes&full-items=yes&marketplace=yes&flow=no,https://cdn.filestackcontent.com/JFshCtAtRJO8Oreji89C
Ecotour Experiences,ecotourexperiences,info@ecotourexperiences.com,+34 644592104,Spain/Catalunya/Naut Aran,0.963109,42.726899,666386,Santuario de Montgarri (Estival),Hiking,1,48,109,https://fareharbor.com/embeds/calendar/ecotourexperiences/items/666386/?asn=fhdn-eur&asn-ref=alloutdooradventures&ref=alloutdooradventures&bookable-only=yes&full-items=yes&marketplace=yes&flow=no,"<script src=""https://fareharbor.com/embeds/script/calendar/ecotourexperiences/items/666386/?asn=fhdn-eur&asn-ref=alloutdooradventures&ref=alloutdooradventures&bookable-only=yes&full-items=yes&marketplace=yes&flow=no""></script>",https://fareharbor.com/embeds/book/ecotourexperiences/items/666386/?asn=fhdn-eur&asn-ref=alloutdooradventures&ref=alloutdooradventures&bookable-only=yes&full-items=yes&marketplace=yes&flow=no,https://cdn.filestackcontent.com/bip0WTS2u1H8a8rm5fPg
Montefusco Cycling,roadcycling,claudio@roadcycling.barcelona,+34 607 51 57 82,Spain/Catalunya/Barcelona,,,199796,Gravel cycling around Barcelona,Bike Tour,1,47,164,https://fareharbor.com/embeds/calendar/roadcycling/items/199796/?asn=fhdn-eur&asn-ref=alloutdooradventures&ref=alloutdooradventures&bookable-only=yes&full-items=yes&marketplace=yes&flow=no,"<script src=""https://fareharbor.com/embeds/script/calendar/roadcycling/items/199796/?asn=fhdn-eur&asn-ref=alloutdooradventures&ref=alloutdooradventures&bookable-only=yes&full-items=yes&marketplace=yes&flow=no""></script>",https://fareharbor.com/embeds/book/roadcycling/items/199796/?asn=fhdn-eur&asn-ref=alloutdooradventures&ref=alloutdooradventures&bookable-only=yes&full-items=yes&marketplace=yes&flow=no,https://cdn.filestackcontent.com/AggF0GUSBii3sboQW1LV
Catalan Trails,catalantrails,info@catalantrails.com,+34604175927,Spain/Catalunya/El Talladell,,,287398,Caminada Rural del Talladell,Hiking,2,47,0,https://fareharbor.com/embeds/calendar/catalantrails/items/287398/?asn=fhdn-eur&asn-ref=alloutdooradventures&ref=alloutdooradventures&bookable-only=yes&full-items=yes&marketplace=yes&flow=no,"<script src=""https://fareharbor.com/embeds/script/calendar/catalantrails/items/287398/?asn=fhdn-eur&asn-ref=alloutdooradventures&ref=alloutdooradventures&bookable-only=yes&full-items=yes&marketplace=yes&flow=no""></script>",https://fareharbor.com/embeds/book/catalantrails/items/287398/?asn=fhdn-eur&asn-ref=alloutdooradventures&ref=alloutdooradventures&bookable-only=yes&full-items=yes&marketplace=yes&flow=no,https://cdn.filestackcontent.com/md8pQk3SQGf1aNQaNF5m
Farm Experiences & Tours,portugalfarmexperience,hello@portugalfarmexperiences.com,911701055,Spain/Aragón/La Codoñera,-0.086394,40.934215,674879,Aragon Hike & Olive Oil Tasting Experience,Hiking,4,46,0,https://fareharbor.com/embeds/calendar/portugalfarmexperience/items/674879/?asn=fhdn-eur&asn-ref=alloutdooradventures&ref=alloutdooradventures&bookable-only=yes&full-items=yes&marketplace=yes&flow=no,"<script src=""https://fareharbor.com/embeds/script/calendar/portugalfarmexperience/items/674879/?asn=fhdn-eur&asn-ref=alloutdooradventures&ref=alloutdooradventures&bookable-only=yes&full-items=yes&marketplace=yes&flow=no""></script>",https://fareharbor.com/embeds/book/portugalfarmexperience/items/674879/?asn=fhdn-eur&asn-ref=alloutdooradventures&ref=alloutdooradventures&bookable-only=yes&full-items=yes&marketplace=yes&flow=no,https://cdn.filestackcontent.com/bASPWbLRUCDHa5ewumxe
Kayaks Cavall Bernat,kayakscavallbernat,info@kayakscavallbernat.com,+34 637472665,Spain/Catalunya/Platja d'Aro,,,617403,Kayak & Snorkel Experience,Kayak-Scuba,1,45,160,https://fareharbor.com/embeds/calendar/kayakscavallbernat/items/617403/?asn=fhdn-eur&asn-ref=alloutdooradventures&ref=alloutdooradventures&bookable-only=yes&full-items=yes&marketplace=yes&flow=no,"<script src=""https://fareharbor.com/embeds/script/calendar/kayakscavallbernat/items/617403/?asn=fhdn-eur&asn-ref=alloutdooradventures&ref=alloutdooradventures&bookable-only=yes&full-items=yes&marketplace=yes&flow=no""></script>",https://fareharbor.com/embeds/book/kayakscavallbernat/items/617403/?asn=fhdn-eur&asn-ref=alloutdooradventures&ref=alloutdooradventures&bookable-only=yes&full-items=yes&marketplace=yes&flow=no,https://cdn.filestackcontent.com/nOAAYE5ZSoeTMKTRy6Qm
"One Life, Hike it",jkerr,jamie@jkerr.net,+34 612 562 545,Spain/Catalunya/Barcelona,2.201618,41.391049,261553,Montserrat Mountain Hiking Tour to Sant Jeroni,Hiking-History Tour-Walking Tour,5,44,0,https://fareharbor.com/embeds/calendar/jkerr/items/261553/?asn=fhdn-eur&asn-ref=alloutdooradventures&ref=alloutdooradventures&bookable-only=yes&full-items=yes&marketplace=yes&flow=no,"<script src=""https://fareharbor.com/embeds/script/calendar/jkerr/items/261553/?asn=fhdn-eur&asn-ref=alloutdooradventures&ref=alloutdooradventures&bookable-only=yes&full-items=yes&marketplace=yes&flow=no""></script>",https://fareharbor.com/embeds/book/jkerr/items/261553/?asn=fhdn-eur&asn-ref=alloutdooradventures&ref=alloutdooradventures&bookable-only=yes&full-items=yes&marketplace=yes&flow=no,https://cdn.filestackcontent.com/G9ioNweQbqTysfFdujcw
Ohana Diving,ohanadiving,info@ohanadiving.es,+34 605 837 952,Spain/Cataluña/Cambrils,,,657346,Snorkel en la Costa Dorada,Snorkel-Water Activities,1,44,360,https://fareharbor.com/embeds/calendar/ohanadiving/items/657346/?asn=fhdn-eur&asn-ref=alloutdooradventures&ref=alloutdooradventures&bookable-only=yes&full-items=yes&marketplace=yes&flow=no,"<script src=""https://fareharbor.com/embeds/script/calendar/ohanadiving/items/657346/?asn=fhdn-eur&asn-ref=alloutdooradventures&ref=alloutdooradventures&bookable-only=yes&full-items=yes&marketplace=yes&flow=no""></script>",https://fareharbor.com/embeds/book/ohanadiving/items/657346/?asn=fhdn-eur&asn-ref=alloutdooradventures&ref=alloutdooradventures&bookable-only=yes&full-items=yes&marketplace=yes&flow=no,https://cdn.filestackcontent.com/2bXNw3uvRuGj3cQS3tCq
Catalan Trails,catalantrails,info@catalantrails.com,+34604175927,Spain/Catalonia/Tàrrega,,,365462,Cursa d'Orientació Tàrrega,Hiking,1,43,0,https://fareharbor.com/embeds/calendar/catalantrails/items/365462/?asn=fhdn-eur&asn-ref=alloutdooradventures&ref=alloutdooradventures&bookable-only=yes&full-items=yes&marketplace=yes&flow=no,"<script src=""https://fareharbor.com/embeds/script/calendar/catalantrails/items/365462/?asn=fhdn-eur&asn-ref=alloutdooradventures&ref=alloutdooradventures&bookable-only=yes&full-items=yes&marketplace=yes&flow=no""></script>",https://fareharbor.com/embeds/book/catalantrails/items/365462/?asn=fhdn-eur&asn-ref=alloutdooradventures&ref=alloutdooradventures&bookable-only=yes&full-items=yes&marketplace=yes&flow=no,https://cdn.filestackcontent.com/qLkZZIMzSf6kjI4WK2WQ
Ecotour Experiences,ecotourexperiences,info@ecotourexperiences.com,+34 644592104,Spain/Catalunya,0.765908,42.615015,666094,Ascensión Besiberri Sud y Pic de Comaloforno,Hiking,1,43,0,https://fareharbor.com/embeds/calendar/ecotourexperiences/items/666094/?asn=fhdn-eur&asn-ref=alloutdooradventures&ref=alloutdooradventures&bookable-only=yes&full-items=yes&marketplace=yes&flow=no,"<script src=""https://fareharbor.com/embeds/script/calendar/ecotourexperiences/items/666094/?asn=fhdn-eur&asn-ref=alloutdooradventures&ref=alloutdooradventures&bookable-only=yes&full-items=yes&marketplace=yes&flow=no""></script>",https://fareharbor.com/embeds/book/ecotourexperiences/items/666094/?asn=fhdn-eur&asn-ref=alloutdooradventures&ref=alloutdooradventures&bookable-only=yes&full-items=yes&marketplace=yes&flow=no,https://cdn.filestackcontent.com/0YID2s6CQYKTIYb4BVMH
Climb Om Experiences,climbom,info@climbom.com,34611283905,Spain/Catalunya/Camarasa,,,626203,Club de Escalada,Climbing-Sports,1,40,2,https://fareharbor.com/embeds/calendar/climbom/items/626203/?asn=fhdn-eur&asn-ref=alloutdooradventures&ref=alloutdooradventures&bookable-only=yes&full-items=yes&marketplace=yes&flow=no,"<script src=""https://fareharbor.com/embeds/script/calendar/climbom/items/626203/?asn=fhdn-eur&asn-ref=alloutdooradventures&ref=alloutdooradventures&bookable-only=yes&full-items=yes&marketplace=yes&flow=no""></script>",https://fareharbor.com/embeds/book/climbom/items/626203/?asn=fhdn-eur&asn-ref=alloutdooradventures&ref=alloutdooradventures&bookable-only=yes&full-items=yes&marketplace=yes&flow=no,https://cdn.filestackcontent.com/FaxtzXiDTNCB6SnEmEoA
Marnatura,marnatura,info@marnatura.net,+34 632 595 729,Spain/Catalunya/L'Ametlla de Mar,,,265585,Descobreix el litoral de l´Ametlla de mar amb caiac i snorkel,Snorkel,1,39,0,https://fareharbor.com/embeds/calendar/marnatura/items/265585/?asn=fhdn-eur&asn-ref=alloutdooradventures&ref=alloutdooradventures&bookable-only=yes&full-items=yes&marketplace=yes&flow=no,"<script src=""https://fareharbor.com/embeds/script/calendar/marnatura/items/265585/?asn=fhdn-eur&asn-ref=alloutdooradventures&ref=alloutdooradventures&bookable-only=yes&full-items=yes&marketplace=yes&flow=no""></script>",https://fareharbor.com/embeds/book/marnatura/items/265585/?asn=fhdn-eur&asn-ref=alloutdooradventures&ref=alloutdooradventures&bookable-only=yes&full-items=yes&marketplace=yes&flow=no,https://cdn.filestackcontent.com/Sxx6WuSRvaxooP1zTcsT
Catalan Trails,catalantrails,info@catalantrails.com,+34604175927,Spain/Catalunya/Barcelona,,,270323,Raquetes de neu - Nivell mig,Hiking-Ski,1,39,0,https://fareharbor.com/embeds/calendar/catalantrails/items/270323/?asn=fhdn-eur&asn-ref=alloutdooradventures&ref=alloutdooradventures&bookable-only=yes&full-items=yes&marketplace=yes&flow=no,"<script src=""https://fareharbor.com/embeds/script/calendar/catalantrails/items/270323/?asn=fhdn-eur&asn-ref=alloutdooradventures&ref=alloutdooradventures&bookable-only=yes&full-items=yes&marketplace=yes&flow=no""></script>",https://fareharbor.com/embeds/book/catalantrails/items/270323/?asn=fhdn-eur&asn-ref=alloutdooradventures&ref=alloutdooradventures&bookable-only=yes&full-items=yes&marketplace=yes&flow=no,https://cdn.filestackcontent.com/8zV5KbKISi8rwkQBvh6g
Basque land by horse,basquelandbyhorse,basquelandbyhorse@gmail.com,34686808908,Spain/Basque Country/Donostia-San Sebastian,,,566617,Youth Private Experience Basque on Horseback,Horse,1,39,0,https://fareharbor.com/embeds/calendar/basquelandbyhorse/items/566617/?asn=fhdn-eur&asn-ref=alloutdooradventures&ref=alloutdooradventures&bookable-only=yes&full-items=yes&marketplace=yes&flow=no,"<script src=""https://fareharbor.com/embeds/script/calendar/basquelandbyhorse/items/566617/?asn=fhdn-eur&asn-ref=alloutdooradventures&ref=alloutdooradventures&bookable-only=yes&full-items=yes&marketplace=yes&flow=no""></script>",https://fareharbor.com/embeds/book/basquelandbyhorse/items/566617/?asn=fhdn-eur&asn-ref=alloutdooradventures&ref=alloutdooradventures&bookable-only=yes&full-items=yes&marketplace=yes&flow=no,https://cdn.filestackcontent.com/gTb0bIQmSNy17aBl7i12
Medaqua,medaqua,info@medaqua.com,(+34) 972 752043,Spain/Catalunya/L'Estartit,,,465806,"Descubre el P.N. del Montgrí, ILLES MEDES + FORADADA.(BAÑO)",Bike Tour,1,38,78,https://fareharbor.com/embeds/calendar/medaqua/items/465806/?asn=fhdn-eur&asn-ref=alloutdooradventures&ref=alloutdooradventures&bookable-only=yes&full-items=yes&marketplace=yes&flow=no,"<script src=""https://fareharbor.com/embeds/script/calendar/medaqua/items/465806/?asn=fhdn-eur&asn-ref=alloutdooradventures&ref=alloutdooradventures&bookable-only=yes&full-items=yes&marketplace=yes&flow=no""></script>",https://fareharbor.com/embeds/book/medaqua/items/465806/?asn=fhdn-eur&asn-ref=alloutdooradventures&ref=alloutdooradventures&bookable-only=yes&full-items=yes&marketplace=yes&flow=no,https://cdn.filestackcontent.com/eP2VCSy2ScS5nYp8LtnW
Medaqua,medaqua,info@medaqua.com,(+34) 972 752043,Spain/Catalunya/L'Estartit,,,532835,Estartit - Medes Islands - Cala Montgó,Bike Tour,1,38,0,https://fareharbor.com/embeds/calendar/medaqua/items/532835/?asn=fhdn-eur&asn-ref=alloutdooradventures&ref=alloutdooradventures&bookable-only=yes&full-items=yes&marketplace=yes&flow=no,"<script src=""https://fareharbor.com/embeds/script/calendar/medaqua/items/532835/?asn=fhdn-eur&asn-ref=alloutdooradventures&ref=alloutdooradventures&bookable-only=yes&full-items=yes&marketplace=yes&flow=no""></script>",https://fareharbor.com/embeds/book/medaqua/items/532835/?asn=fhdn-eur&asn-ref=alloutdooradventures&ref=alloutdooradventures&bookable-only=yes&full-items=yes&marketplace=yes&flow=no,https://cdn.filestackcontent.com/a5nI4cBeSyO3nscpbnGD
Basque land by horse,basquelandbyhorse,basquelandbyhorse@gmail.com,34686808908,Spain/Basque Country/Donostia-San Sebastian,,,566600,Experience Basque on Horseback,Horse,1,38,271,https://fareharbor.com/embeds/calendar/basquelandbyhorse/items/566600/?asn=fhdn-eur&asn-ref=alloutdooradventures&ref=alloutdooradventures&bookable-only=yes&full-items=yes&marketplace=yes&flow=no,"<script src=""https://fareharbor.com/embeds/script/calendar/basquelandbyhorse/items/566600/?asn=fhdn-eur&asn-ref=alloutdooradventures&ref=alloutdooradventures&bookable-only=yes&full-items=yes&marketplace=yes&flow=no""></script>",https://fareharbor.com/embeds/book/basquelandbyhorse/items/566600/?asn=fhdn-eur&asn-ref=alloutdooradventures&ref=alloutdooradventures&bookable-only=yes&full-items=yes&marketplace=yes&flow=no,https://cdn.filestackcontent.com/PFtb2ioJTS2RCBRk3Vpw
360Xplore,360xplore,info@360xplore.cat,+34 622 360 041,Spain/Catalunya/Collbató,1.816827,41.563311,617979,Ruta Singles Senderisme Agulles Montserrat,Hiking-Walking Tour,1,38,0,https://fareharbor.com/embeds/calendar/360xplore/items/617979/?asn=fhdn-eur&asn-ref=alloutdooradventures&ref=alloutdooradventures&bookable-only=yes&full-items=yes&marketplace=yes&flow=no,"<script src=""https://fareharbor.com/embeds/script/calendar/360xplore/items/617979/?asn=fhdn-eur&asn-ref=alloutdooradventures&ref=alloutdooradventures&bookable-only=yes&full-items=yes&marketplace=yes&flow=no""></script>",https://fareharbor.com/embeds/book/360xplore/items/617979/?asn=fhdn-eur&asn-ref=alloutdooradventures&ref=alloutdooradventures&bookable-only=yes&full-items=yes&marketplace=yes&flow=no,https://cdn.filestackcontent.com/mDEjU7ieQNyfpxyUWdIM
"One Life, Hike it",jkerr,jamie@jkerr.net,+34 612 562 545,Spain/Catalonia/Girona,2.821426,41.9794,522162,"Bespoke Walking, Hiking and Cycling Holidays",Guided Tour-Hiking-Walking Tour,3,37,0,https://fareharbor.com/embeds/calendar/jkerr/items/522162/?asn=fhdn-eur&asn-ref=alloutdooradventures&ref=alloutdooradventures&bookable-only=yes&full-items=yes&marketplace=yes&flow=no,"<script src=""https://fareharbor.com/embeds/script/calendar/jkerr/items/522162/?asn=fhdn-eur&asn-ref=alloutdooradventures&ref=alloutdooradventures&bookable-only=yes&full-items=yes&marketplace=yes&flow=no""></script>",https://fareharbor.com/embeds/book/jkerr/items/522162/?asn=fhdn-eur&asn-ref=alloutdooradventures&ref=alloutdooradventures&bookable-only=yes&full-items=yes&marketplace=yes&flow=no,https://cdn.filestackcontent.com/4nHvZxYQqqIcV2ZxaLwQ
360Xplore,360xplore,info@360xplore.cat,+34 622 360 041,Spain/Catalunya/Urús,1.854125,42.3505,617973,Ruta Singles Senderisme Niu de l'Àliga,Hiking-Walking Tour,1,37,0,https://fareharbor.com/embeds/calendar/360xplore/items/617973/?asn=fhdn-eur&asn-ref=alloutdooradventures&ref=alloutdooradventures&bookable-only=yes&full-items=yes&marketplace=yes&flow=no,"<script src=""https://fareharbor.com/embeds/script/calendar/360xplore/items/617973/?asn=fhdn-eur&asn-ref=alloutdooradventures&ref=alloutdooradventures&bookable-only=yes&full-items=yes&marketplace=yes&flow=no""></script>",https://fareharbor.com/embeds/book/360xplore/items/617973/?asn=fhdn-eur&asn-ref=alloutdooradventures&ref=alloutdooradventures&bookable-only=yes&full-items=yes&marketplace=yes&flow=no,https://cdn.filestackcontent.com/OgWQgl6SQLiRg3YM89EQ
360Xplore,360xplore,info@360xplore.cat,+34 622 360 041,Spain/Catalunya/Bagà,1.865925,42.249191,617986,Ruta Singles - 5 Dies - Senderisme Cavalls del Vent,Hiking-Walking Tour,1,37,0,https://fareharbor.com/embeds/calendar/360xplore/items/617986/?asn=fhdn-eur&asn-ref=alloutdooradventures&ref=alloutdooradventures&bookable-only=yes&full-items=yes&marketplace=yes&flow=no,"<script src=""https://fareharbor.com/embeds/script/calendar/360xplore/items/617986/?asn=fhdn-eur&asn-ref=alloutdooradventures&ref=alloutdooradventures&bookable-only=yes&full-items=yes&marketplace=yes&flow=no""></script>",https://fareharbor.com/embeds/book/360xplore/items/617986/?asn=fhdn-eur&asn-ref=alloutdooradventures&ref=alloutdooradventures&bookable-only=yes&full-items=yes&marketplace=yes&flow=no,https://cdn.filestackcontent.com/QVYvccbSYiAPMYkoUtQm
360Xplore,360xplore,info@360xplore.cat,+34 622 360 041,Spain/Catalunya/Bolvir,1.882335,42.418539,617989,Ruta Singles - 2 Dies - Refugio de Malniu,Hiking-Walking Tour,1,37,0,https://fareharbor.com/embeds/calendar/360xplore/items/617989/?asn=fhdn-eur&asn-ref=alloutdooradventures&ref=alloutdooradventures&bookable-only=yes&full-items=yes&marketplace=yes&flow=no,"<script src=""https://fareharbor.com/embeds/script/calendar/360xplore/items/617989/?asn=fhdn-eur&asn-ref=alloutdooradventures&ref=alloutdooradventures&bookable-only=yes&full-items=yes&marketplace=yes&flow=no""></script>",https://fareharbor.com/embeds/book/360xplore/items/617989/?asn=fhdn-eur&asn-ref=alloutdooradventures&ref=alloutdooradventures&bookable-only=yes&full-items=yes&marketplace=yes&flow=no,https://cdn.filestackcontent.com/nhET8GYDR22q2VKBPiGQ
Catalan Trails,catalantrails,info@catalantrails.com,+34604175927,Spain/Catalunya/Barcelona,,,350534,El Penedès Hike & Wines - Private Tour,Hiking-Wine,0,35,0,https://fareharbor.com/embeds/calendar/catalantrails/items/350534/?asn=fhdn-eur&asn-ref=alloutdooradventures&ref=alloutdooradventures&bookable-only=yes&full-items=yes&marketplace=yes&flow=no,"<script src=""https://fareharbor.com/embeds/script/calendar/catalantrails/items/350534/?asn=fhdn-eur&asn-ref=alloutdooradventures&ref=alloutdooradventures&bookable-only=yes&full-items=yes&marketplace=yes&flow=no""></script>",https://fareharbor.com/embeds/book/catalantrails/items/350534/?asn=fhdn-eur&asn-ref=alloutdooradventures&ref=alloutdooradventures&bookable-only=yes&full-items=yes&marketplace=yes&flow=no,https://cdn.filestackcontent.com/Pg5OOpCDQnCDGUTfomqL
Marnatura,marnatura,info@marnatura.net,+34 632 595 729,Spain/Catalunya/L'Ametlla de Mar,,,265606,Lloguer equip Snorkel,Snorkel,1,34,0,https://fareharbor.com/embeds/calendar/marnatura/items/265606/?asn=fhdn-eur&asn-ref=alloutdooradventures&ref=alloutdooradventures&bookable-only=yes&full-items=yes&marketplace=yes&flow=no,"<script src=""https://fareharbor.com/embeds/script/calendar/marnatura/items/265606/?asn=fhdn-eur&asn-ref=alloutdooradventures&ref=alloutdooradventures&bookable-only=yes&full-items=yes&marketplace=yes&flow=no""></script>",https://fareharbor.com/embeds/book/marnatura/items/265606/?asn=fhdn-eur&asn-ref=alloutdooradventures&ref=alloutdooradventures&bookable-only=yes&full-items=yes&marketplace=yes&flow=no,https://cdn.filestackcontent.com/FCWNlB8lTYuot8qoNOvp
Unique Tours,uniquetours,hello@uniquetours.com,+34 699 393 249,Spain/Catalunya/Barcelona,,,401668,Tours by Uni - Booking,Hiking,1,33,180,https://fareharbor.com/embeds/calendar/uniquetours/items/401668/?asn=fhdn-eur&asn-ref=alloutdooradventures&ref=alloutdooradventures&bookable-only=yes&full-items=yes&marketplace=yes&flow=no,"<script src=""https://fareharbor.com/embeds/script/calendar/uniquetours/items/401668/?asn=fhdn-eur&asn-ref=alloutdooradventures&ref=alloutdooradventures&bookable-only=yes&full-items=yes&marketplace=yes&flow=no""></script>",https://fareharbor.com/embeds/book/uniquetours/items/401668/?asn=fhdn-eur&asn-ref=alloutdooradventures&ref=alloutdooradventures&bookable-only=yes&full-items=yes&marketplace=yes&flow=no,https://cdn.filestackcontent.com/w9V98VVR5eaua8kbpMhQ
Taste Girona,tastegirona,info@tastegirona.com,34 602624775,Spain/Catalunya/Girona,,,564286,Girona Evening Food Tour & Tapas Bar Experience,Food Tour-Guided Tour,2,31,119,https://fareharbor.com/embeds/calendar/tastegirona/items/564286/?asn=fhdn-eur&asn-ref=alloutdooradventures&ref=alloutdooradventures&bookable-only=yes&full-items=yes&marketplace=yes&flow=no,"<script src=""https://fareharbor.com/embeds/script/calendar/tastegirona/items/564286/?asn=fhdn-eur&asn-ref=alloutdooradventures&ref=alloutdooradventures&bookable-only=yes&full-items=yes&marketplace=yes&flow=no""></script>",https://fareharbor.com/embeds/book/tastegirona/items/564286/?asn=fhdn-eur&asn-ref=alloutdooradventures&ref=alloutdooradventures&bookable-only=yes&full-items=yes&marketplace=yes&flow=no,https://cdn.filestackcontent.com/0Xmr9C1PQhqqgsWHb6v6
Basque land by horse,basquelandbyhorse,basquelandbyhorse@gmail.com,34686808908,Spain/Basque Country/Donostia-San Sebastian,,,566614,Private Experience Basque on Horseback,Horse,1,29,0,https://fareharbor.com/embeds/calendar/basquelandbyhorse/items/566614/?asn=fhdn-eur&asn-ref=alloutdooradventures&ref=alloutdooradventures&bookable-only=yes&full-items=yes&marketplace=yes&flow=no,"<script src=""https://fareharbor.com/embeds/script/calendar/basquelandbyhorse/items/566614/?asn=fhdn-eur&asn-ref=alloutdooradventures&ref=alloutdooradventures&bookable-only=yes&full-items=yes&marketplace=yes&flow=no""></script>",https://fareharbor.com/embeds/book/basquelandbyhorse/items/566614/?asn=fhdn-eur&asn-ref=alloutdooradventures&ref=alloutdooradventures&bookable-only=yes&full-items=yes&marketplace=yes&flow=no,https://cdn.filestackcontent.com/Ul9K0rITFGshBc46C7H2
Climb Om Experiences,climbom,info@climbom.com,34611283905,Spain/Catalunya/Camarasa,,,625849,Curso iniciacion a la escalada deportiva en roca,Climbing-Sports,1,29,2,https://fareharbor.com/embeds/calendar/climbom/items/625849/?asn=fhdn-eur&asn-ref=alloutdooradventures&ref=alloutdooradventures&bookable-only=yes&full-items=yes&marketplace=yes&flow=no,"<script src=""https://fareharbor.com/embeds/script/calendar/climbom/items/625849/?asn=fhdn-eur&asn-ref=alloutdooradventures&ref=alloutdooradventures&bookable-only=yes&full-items=yes&marketplace=yes&flow=no""></script>",https://fareharbor.com/embeds/book/climbom/items/625849/?asn=fhdn-eur&asn-ref=alloutdooradventures&ref=alloutdooradventures&bookable-only=yes&full-items=yes&marketplace=yes&flow=no,https://cdn.filestackcontent.com/aR3t3YGQqKNTijkxSiRj
