
> all-outdoor-adventures@1.0.0 prebuild
> npm run generate:tour-descriptions && tsx scripts/import-tours-from-csv.ts && tsx scripts/engine2/generateEngine2FromCsv.ts && tsx scripts/validate-featured-destinations.ts && tsx scripts/validate-image-paths.ts


> all-outdoor-adventures@1.0.0 generate:tour-descriptions
> tsx scripts/generateTourDescriptions.ts

Tour descriptions generated. Updated 0 rows.
{"level":"warn","event":"csv_missing_optional_columns","source":"cycling2.csv","columns":["category","booking_url","short_description","operator"]}
{"level":"warn","event":"tour_placement_rejected","code":"TOO_FAR","reason":"Tour is 6687 miles from region center (max 60).","source":"cycling2.csv","regionKind":"city","regionSlug":"san-francisco","title":"San Francisco Bike Rentals","lat":-122.430663,"lng":37.800693}
{"level":"warn","event":"tour_placement_rejected","code":"TOO_FAR","reason":"Tour is 6723 miles from region center (max 120).","source":"cycling2.csv","regionKind":"state","regionSlug":"california","title":"Guided E-Bike Tour of Pismo Beach, Shell Beach and Avila Beach","lat":-120.641212,"lng":35.140289}
{"level":"warn","event":"tour_placement_rejected","code":"TOO_FAR","reason":"Tour is 9473 miles from region center (max 60).","source":"cycling2.csv","regionKind":"city","regionSlug":"boston","title":"City View Tour","lat":-71.052458,"lng":42.361622}
{"level":"warn","event":"tour_placement_rejected","code":"TOO_FAR","reason":"Tour is 6688 miles from region center (max 60).","source":"cycling2.csv","regionKind":"city","regionSlug":"san-francisco","title":"Bike The Bridge & 1 Day Hop On Hop Off Combo","lat":-122.41538,"lng":37.80531}
{"level":"warn","event":"tour_placement_rejected","code":"TOO_FAR","reason":"Tour is 6688 miles from region center (max 60).","source":"cycling2.csv","regionKind":"city","regionSlug":"san-francisco","title":"Streets of San Francisco Tour","lat":-122.41538,"lng":37.80531}
{"level":"warn","event":"tour_placement_rejected","code":"TOO_FAR","reason":"Tour is 6688 miles from region center (max 60).","source":"cycling2.csv","regionKind":"city","regionSlug":"san-francisco","title":"Golden Gate Bridge Electric Bike Guided Tour","lat":-122.420999,"lng":37.806357}
{"level":"warn","event":"tour_placement_rejected","code":"TOO_FAR","reason":"Tour is 6688 miles from region center (max 60).","source":"cycling2.csv","regionKind":"city","regionSlug":"san-francisco","title":"Golden Gate Bridge Bike Tour with Muir Woods & Sausalito","lat":-122.420588,"lng":37.806048}
{"level":"warn","event":"tour_placement_rejected","code":"TOO_FAR","reason":"Tour is 6688 miles from region center (max 60).","source":"cycling2.csv","regionKind":"city","regionSlug":"san-francisco","title":"Golden Gate Bridge Guided Tour","lat":-122.420999,"lng":37.806357}
{"level":"warn","event":"tour_placement_rejected","code":"TOO_FAR","reason":"Tour is 6809 miles from region center (max 60).","source":"cycling2.csv","regionKind":"city","regionSlug":"san-diego","title":"San Diego Electric Bike Rentals","lat":-117.161539,"lng":32.708643}
{"level":"warn","event":"tour_placement_rejected","code":"TOO_FAR","reason":"Tour is 3059 miles from region center (max 120).","source":"cycling2.csv","regionKind":"state","regionSlug":"hawaii","title":"The Grand Tour","lat":-156.430842,"lng":20.688469}
{"level":"warn","event":"tour_placement_rejected","code":"TOO_FAR","reason":"Tour is 6927 miles from region center (max 120).","source":"cycling2.csv","regionKind":"state","regionSlug":"california","title":"Hidden Streets Electric Bike Tour","lat":-117.779808,"lng":33.53701}
{"level":"warn","event":"tour_placement_rejected","code":"TOO_FAR","reason":"Tour is 6875 miles from region center (max 120).","source":"cycling2.csv","regionKind":"state","regionSlug":"california","title":"Los Angeles eBike Rentals","lat":-118.496758,"lng":34.013477}
{"level":"warn","event":"tour_placement_rejected","code":"TOO_FAR","reason":"Tour is 6708 miles from region center (max 60).","source":"cycling2.csv","regionKind":"city","regionSlug":"santa-barbara","title":"Coastal Cruise & Sunset Tour","lat":-119.692438,"lng":34.40778}
{"level":"warn","event":"tour_placement_rejected","code":"TOO_FAR","reason":"Tour is 7133 miles from region center (max 60).","source":"cycling2.csv","regionKind":"city","regionSlug":"las-vegas","title":"Red Rock Scooter Tour","lat":-115.427819,"lng":36.135322}
{"level":"warn","event":"tour_placement_rejected","code":"LANDLOCKED_MARINE_MISMATCH","reason":"Marine activity detected for a landlocked region.","source":"cycling2.csv","regionKind":"state","regionSlug":"british-columbia","title":"eBike Adventures"}
{"level":"warn","event":"tour_placement_rejected","code":"TOO_FAR","reason":"Tour is 7703 miles from region center (max 60).","source":"cycling2.csv","regionKind":"city","regionSlug":"moab","title":"Raptor Route: Kestrel Run Trailhead Parking Lot Pickup","lat":-109.485078,"lng":38.583038}
{"level":"warn","event":"tour_placement_rejected","code":"TOO_FAR","reason":"Tour is 7699 miles from region center (max 60).","source":"cycling2.csv","regionKind":"city","regionSlug":"moab","title":"Mag-7: In Town Pickup @ Rim Cyclery","lat":-109.552483,"lng":38.575069}
{"level":"warn","event":"tour_placement_rejected","code":"TOO_FAR","reason":"Tour is 6875 miles from region center (max 120).","source":"cycling2.csv","regionKind":"state","regionSlug":"california","title":"Santa Monica Bike Rentals","lat":-118.496758,"lng":34.013477}
{"level":"warn","event":"tour_placement_rejected","code":"TOO_FAR","reason":"Tour is 6875 miles from region center (max 120).","source":"cycling2.csv","regionKind":"state","regionSlug":"california","title":"Los Angeles Bike Rentals","lat":-118.496758,"lng":34.013477}
{"level":"warn","event":"tour_placement_rejected","code":"TOO_FAR","reason":"Tour is 7699 miles from region center (max 60).","source":"cycling2.csv","regionKind":"city","regionSlug":"moab","title":"Raptor Route: In Town Pickup @ Rim Cyclery","lat":-109.552483,"lng":38.575069}
{"level":"warn","event":"tour_placement_rejected","code":"TOO_FAR","reason":"Tour is 7699 miles from region center (max 60).","source":"cycling2.csv","regionKind":"city","regionSlug":"moab","title":"Whole Enchilada - Lower Section: In Town Pickup @ Rim Cyclery","lat":-109.552483,"lng":38.575069}
{"level":"warn","event":"tour_placement_rejected","code":"TOO_FAR","reason":"Tour is 7700 miles from region center (max 60).","source":"cycling2.csv","regionKind":"city","regionSlug":"moab","title":"Whole Enchilada - Lower Section: River Trailhead Parking Lot Pick Up","lat":-109.533141,"lng":38.611112}
{"level":"warn","event":"tour_placement_rejected","code":"TOO_FAR","reason":"Tour is 6688 miles from region center (max 60).","source":"cycling2.csv","regionKind":"city","regionSlug":"san-francisco","title":"Golden Gate Bridge Bike and Brew Tour","lat":-122.420999,"lng":37.806357}
{"level":"warn","event":"tour_placement_rejected","code":"TOO_FAR","reason":"Tour is 6688 miles from region center (max 60).","source":"cycling2.csv","regionKind":"city","regionSlug":"san-francisco","title":"Bike Rental","lat":-122.420608,"lng":37.806049}
{"level":"warn","event":"tour_placement_rejected","code":"TOO_FAR","reason":"Tour is 6686 miles from region center (max 60).","source":"cycling2.csv","regionKind":"city","regionSlug":"san-francisco","title":"Golden Gate Park Bike Rentals","lat":-122.451714,"lng":37.76956}
{"level":"warn","event":"tour_placement_rejected","code":"TOO_FAR","reason":"Tour is 7510 miles from region center (max 120).","source":"cycling2.csv","regionKind":"state","regionSlug":"utah","title":"E-Bike Tour","lat":-112.195239,"lng":37.70016}
{"level":"warn","event":"tour_placement_rejected","code":"LANDLOCKED_MARINE_MISMATCH","reason":"Marine activity detected for a landlocked region.","source":"cycling2.csv","regionKind":"state","regionSlug":"jalisco","title":"Bikes & Bites","lat":-105.231511,"lng":20.617953}
{"level":"warn","event":"tour_placement_rejected","code":"TOO_FAR","reason":"Tour is 5384 miles from region center (max 60).","source":"cycling2.csv","regionKind":"city","regionSlug":"brooklyn","title":"THE BROOKLYN TOUR (OUR MUST DO)","lat":-73.973557,"lng":40.697474}
{"level":"warn","event":"tour_placement_rejected","code":"TOO_FAR","reason":"Tour is 6567 miles from region center (max 120).","source":"cycling2.csv","regionKind":"state","regionSlug":"california","title":"The Tastes of Sonoma Bike Tour","lat":-122.459374,"lng":38.27865}
{"level":"warn","event":"tour_placement_rejected","code":"TOO_FAR","reason":"Tour is 8073 miles from region center (max 120).","source":"cycling2.csv","regionKind":"state","regionSlug":"colorado","title":"E-Bike Lesson & Test Ride","lat":-104.917449,"lng":38.858322}
{"level":"warn","event":"tour_placement_rejected","code":"TOO_FAR","reason":"Tour is 7699 miles from region center (max 60).","source":"cycling2.csv","regionKind":"city","regionSlug":"moab","title":"Moab Brands / Bar-M Trails","lat":-109.552483,"lng":38.575069}
{"level":"warn","event":"tour_placement_rejected","code":"TOO_FAR","reason":"Tour is 7270 miles from region center (max 120).","source":"cycling2.csv","regionKind":"state","regionSlug":"arizona","title":"Intro to Riding - 90 Minutes","lat":-112.648847,"lng":33.870331}
{"level":"warn","event":"tour_placement_rejected","code":"TOO_FAR","reason":"Tour is 7270 miles from region center (max 120).","source":"cycling2.csv","regionKind":"state","regionSlug":"arizona","title":"Intro to Riding - 3 Hours","lat":-112.648847,"lng":33.870331}
{"level":"warn","event":"tour_placement_rejected","code":"TOO_FAR","reason":"Tour is 7270 miles from region center (max 120).","source":"cycling2.csv","regionKind":"state","regionSlug":"arizona","title":"Intro to Riding - 5 Hours","lat":-112.648847,"lng":33.870331}
{"level":"warn","event":"tour_placement_rejected","code":"TOO_FAR","reason":"Tour is 7270 miles from region center (max 120).","source":"cycling2.csv","regionKind":"state","regionSlug":"arizona","title":"Private Lesson - 5 Hours","lat":-112.648847,"lng":33.870331}
{"level":"warn","event":"tour_placement_rejected","code":"TOO_FAR","reason":"Tour is 7270 miles from region center (max 120).","source":"cycling2.csv","regionKind":"state","regionSlug":"arizona","title":"Private Lesson - 90 Minutes","lat":-112.648847,"lng":33.870331}
{"level":"warn","event":"tour_placement_rejected","code":"TOO_FAR","reason":"Tour is 7270 miles from region center (max 120).","source":"cycling2.csv","regionKind":"state","regionSlug":"arizona","title":"Private Lesson - 3 Hours","lat":-112.648847,"lng":33.870331}
{"level":"warn","event":"tour_placement_rejected","code":"TOO_FAR","reason":"Tour is 7270 miles from region center (max 120).","source":"cycling2.csv","regionKind":"state","regionSlug":"arizona","title":"Adventure Bike Training - 90 Minutes","lat":-112.648847,"lng":33.870331}
{"level":"warn","event":"tour_placement_rejected","code":"TOO_FAR","reason":"Tour is 7270 miles from region center (max 120).","source":"cycling2.csv","regionKind":"state","regionSlug":"arizona","title":"Adventure Bike Training - 3 Hours","lat":-112.648847,"lng":33.870331}
{"level":"warn","event":"tour_placement_rejected","code":"TOO_FAR","reason":"Tour is 7270 miles from region center (max 120).","source":"cycling2.csv","regionKind":"state","regionSlug":"arizona","title":"Adventure Bike Training - 5 Hours","lat":-112.648847,"lng":33.870331}
{"level":"warn","event":"tour_placement_rejected","code":"TOO_FAR","reason":"Tour is 7270 miles from region center (max 120).","source":"cycling2.csv","regionKind":"state","regionSlug":"arizona","title":"Full Day Dirt Bike Tour","lat":-112.648847,"lng":33.870331}
{"level":"warn","event":"tour_placement_rejected","code":"TOO_FAR","reason":"Tour is 7270 miles from region center (max 120).","source":"cycling2.csv","regionKind":"state","regionSlug":"arizona","title":"Half Day Dirt Bike Tour","lat":-112.648847,"lng":33.870331}
{"level":"warn","event":"tour_placement_rejected","code":"LANDLOCKED_MARINE_MISMATCH","reason":"Marine activity detected for a landlocked region.","source":"cycling2.csv","regionKind":"state","regionSlug":"st-thomas","title":"Yacht Charter","lat":-64.850389,"lng":18.330468}
{"level":"warn","event":"tour_placement_rejected","code":"TOO_FAR","reason":"Tour is 7689 miles from region center (max 60).","source":"cycling2.csv","regionKind":"city","regionSlug":"moab","title":"Dead Horse Point: Private Guided Mountain Bike Tour","lat":-109.729424,"lng":38.505427}
{"level":"warn","event":"tour_placement_rejected","code":"TOO_FAR","reason":"Tour is 5384 miles from region center (max 60).","source":"cycling2.csv","regionKind":"city","regionSlug":"brooklyn","title":"CONEY ISLAND","lat":-73.973557,"lng":40.697474}
{"level":"warn","event":"tour_placement_rejected","code":"LANDLOCKED_MARINE_MISMATCH","reason":"Marine activity detected for a landlocked region.","source":"cycling2.csv","regionKind":"city","regionSlug":"chicago","title":"Fireworks Cruise"}
{"level":"warn","event":"tour_placement_rejected","code":"LANDLOCKED_MARINE_MISMATCH","reason":"Marine activity detected for a landlocked region.","source":"cycling2.csv","regionKind":"city","regionSlug":"washington","title":"Boomerang Sightseeing Cruise","lat":-77.060766,"lng":38.901477}
{"level":"warn","event":"tour_placement_rejected","code":"TOO_FAR","reason":"Tour is 2995 miles from region center (max 120).","source":"cycling2.csv","regionKind":"state","regionSlug":"maine","title":"Featured - Guided eBike Lobster Roll Tour","lat":-70.479359,"lng":43.360087}
{"level":"warn","event":"tour_placement_rejected","code":"TOO_FAR","reason":"Tour is 5384 miles from region center (max 60).","source":"cycling2.csv","regionKind":"city","regionSlug":"brooklyn","title":"A DAY IN BROOKLYN - HALF DAY IN BROOKLYN","lat":-73.973557,"lng":40.697474}
{"level":"warn","event":"tour_placement_rejected","code":"TOO_FAR","reason":"Tour is 2914 miles from region center (max 120).","source":"cycling2.csv","regionKind":"state","regionSlug":"maine","title":"Guided E-Bike Tours Carriage Roads Waitlist","lat":-68.247273,"lng":44.408966}
{"level":"warn","event":"tour_placement_rejected","code":"TOO_FAR","reason":"Tour is 6536 miles from region center (max 120).","source":"cycling2.csv","regionKind":"state","regionSlug":"california","title":"Velo 'N Vino Tour","lat":-122.870051,"lng":38.608169}
{"level":"warn","event":"tour_placement_rejected","code":"TOO_FAR","reason":"Tour is 6536 miles from region center (max 120).","source":"cycling2.csv","regionKind":"state","regionSlug":"california","title":"Classic Weekend Bicycle Getaway","lat":-122.870051,"lng":38.608169}
{"level":"warn","event":"tour_placement_rejected","code":"TOO_FAR","reason":"Tour is 3059 miles from region center (max 120).","source":"cycling2.csv","regionKind":"state","regionSlug":"hawaii","title":"Water Bike Tour- Makena Bay","lat":-156.442685,"lng":20.65497}
{"level":"warn","event":"tour_placement_rejected","code":"TOO_FAR","reason":"Tour is 3045 miles from region center (max 120).","source":"cycling2.csv","regionKind":"state","regionSlug":"hawaii","title":"Water Bike Tour- Olowalu","lat":-156.62664,"lng":20.812382}
{"level":"warn","event":"tour_placement_rejected","code":"LANDLOCKED_MARINE_MISMATCH","reason":"Marine activity detected for a landlocked region.","source":"cycling2.csv","regionKind":"state","regionSlug":"british-columbia","title":"Stanley Park & Vancouver City Highlights 4 Hour Bike Tour 2 in 1"}
{"level":"warn","event":"tour_placement_rejected","code":"TOO_FAR","reason":"Tour is 7320 miles from region center (max 120).","source":"cycling2.csv","regionKind":"state","regionSlug":"arizona","title":"Scottsdale Parks ebike & Old Town Scottsdale Walking Tour","lat":-111.910737,"lng":33.478934}
{"level":"warn","event":"tour_placement_rejected","code":"LANDLOCKED_MARINE_MISMATCH","reason":"Marine activity detected for a landlocked region.","source":"cycling2.csv","regionKind":"state","regionSlug":"oklahoma","title":"Red Dirt Ramble Public Rail Cruiser"}
{"level":"warn","event":"tour_placement_rejected","code":"LANDLOCKED_MARINE_MISMATCH","reason":"Marine activity detected for a landlocked region.","source":"cycling2.csv","regionKind":"state","regionSlug":"oklahoma","title":"Red Dirt Ramble Private Rail Cruiser"}
{"level":"warn","event":"tour_placement_rejected","code":"LANDLOCKED_MARINE_MISMATCH","reason":"Marine activity detected for a landlocked region.","source":"cycling2.csv","regionKind":"state","regionSlug":"british-columbia","title":"Canada Day Fireworks - Dinner Cruise"}
{"level":"warn","event":"csv_missing_optional_columns","source":"canoeing.csv","columns":["category","booking_url","short_description","operator"]}
{"level":"warn","event":"tour_placement_rejected","code":"LANDLOCKED_MARINE_MISMATCH","reason":"Marine activity detected for a landlocked region.","source":"canoeing.csv","regionKind":"state","regionSlug":"lisboa","title":"Barco e Kayak na ilha da Berlenga"}
{"level":"warn","event":"tour_placement_rejected","code":"LANDLOCKED_MARINE_MISMATCH","reason":"Marine activity detected for a landlocked region.","source":"canoeing.csv","regionKind":"city","regionSlug":"washington","title":"Rental - Canoe at Thompsons"}
{"level":"warn","event":"tour_placement_rejected","code":"LANDLOCKED_MARINE_MISMATCH","reason":"Marine activity detected for a landlocked region.","source":"canoeing.csv","regionKind":"city","regionSlug":"washington","title":"Rental - Canoe at Fletchers"}
{"level":"warn","event":"tour_placement_rejected","code":"LANDLOCKED_MARINE_MISMATCH","reason":"Marine activity detected for a landlocked region.","source":"canoeing.csv","regionKind":"city","regionSlug":"washington","title":"Rental - Canoe at Key Bridge"}
{"level":"warn","event":"tour_placement_rejected","code":"LANDLOCKED_MARINE_MISMATCH","reason":"Marine activity detected for a landlocked region.","source":"canoeing.csv","regionKind":"state","regionSlug":"porto","title":"Kayak Tour"}
{"level":"warn","event":"tour_placement_rejected","code":"LANDLOCKED_MARINE_MISMATCH","reason":"Marine activity detected for a landlocked region.","source":"canoeing.csv","regionKind":"city","regionSlug":"washington","title":"Rental - Canoe at Wharf"}
{"level":"warn","event":"tour_placement_rejected","code":"LANDLOCKED_MARINE_MISMATCH","reason":"Marine activity detected for a landlocked region.","source":"canoeing.csv","regionKind":"state","regionSlug":"northwest-territories","title":"Graham Lake Floating Tent Camp - JOEY","lat":-116.265436,"lng":62.152187}
{"level":"warn","event":"tour_placement_rejected","code":"LANDLOCKED_MARINE_MISMATCH","reason":"Marine activity detected for a landlocked region.","source":"canoeing.csv","regionKind":"state","regionSlug":"ohio","title":"10-Pax Stretched Limousine"}
{"level":"warn","event":"tour_placement_rejected","code":"LANDLOCKED_MARINE_MISMATCH","reason":"Marine activity detected for a landlocked region.","source":"canoeing.csv","regionKind":"state","regionSlug":"stockholms-ln","title":"All Inclusive, Kajakpaket (2 dagar, 1 natt)","lat":18.004338,"lng":59.343558}
{"level":"warn","event":"tour_placement_rejected","code":"LANDLOCKED_MARINE_MISMATCH","reason":"Marine activity detected for a landlocked region.","source":"canoeing.csv","regionKind":"state","regionSlug":"aores","title":"Boat Fun Activities - Half Day"}
{"level":"warn","event":"tour_placement_rejected","code":"LANDLOCKED_MARINE_MISMATCH","reason":"Marine activity detected for a landlocked region.","source":"canoeing.csv","regionKind":"state","regionSlug":"vermont","title":"West River - Upper River Run 1-Day Clinic"}
{"level":"warn","event":"tour_placement_rejected","code":"LANDLOCKED_MARINE_MISMATCH","reason":"Marine activity detected for a landlocked region.","source":"canoeing.csv","regionKind":"state","regionSlug":"stockholms-ln","title":"All Inclusive, Kajakpaket (7 dagar, 6 nätter)","lat":18.004338,"lng":59.343558}
{"level":"warn","event":"tour_placement_rejected","code":"LANDLOCKED_MARINE_MISMATCH","reason":"Marine activity detected for a landlocked region.","source":"canoeing.csv","regionKind":"state","regionSlug":"lappi","title":"Highly Recommended 2 to-4 hour Paddle Trip: Suonttajoki River & Lake Ounasjärvi"}
{"level":"warn","event":"tour_placement_rejected","code":"LANDLOCKED_MARINE_MISMATCH","reason":"Marine activity detected for a landlocked region.","source":"canoeing.csv","regionKind":"state","regionSlug":"bayern","title":"2 Tagestour Solnhofen-Eichstätt","lat":10.991021,"lng":48.89335}
{"level":"warn","event":"tour_placement_rejected","code":"LANDLOCKED_MARINE_MISMATCH","reason":"Marine activity detected for a landlocked region.","source":"canoeing.csv","regionKind":"state","regionSlug":"stockholms-ln","title":"All Inclusive, Kajakpaket (3 dagar, 2 nätter)","lat":18.004338,"lng":59.343558}
{"level":"warn","event":"tour_placement_rejected","code":"LANDLOCKED_MARINE_MISMATCH","reason":"Marine activity detected for a landlocked region.","source":"canoeing.csv","regionKind":"state","regionSlug":"schleswig-holstein","title":"Premiumtour Untere Trave Klein Wesenberg 14.5 km mit Personentransfer"}
{"level":"warn","event":"tour_placement_rejected","code":"LANDLOCKED_MARINE_MISMATCH","reason":"Marine activity detected for a landlocked region.","source":"canoeing.csv","regionKind":"state","regionSlug":"ohio","title":"20-Pax ElDorado Mini Fun Bus"}
{"level":"warn","event":"tour_placement_rejected","code":"LANDLOCKED_MARINE_MISMATCH","reason":"Marine activity detected for a landlocked region.","source":"canoeing.csv","regionKind":"state","regionSlug":"ohio","title":"40-Pax Coliseum Party Bus"}
{"level":"warn","event":"tour_placement_rejected","code":"LANDLOCKED_MARINE_MISMATCH","reason":"Marine activity detected for a landlocked region.","source":"canoeing.csv","regionKind":"state","regionSlug":"schleswig-holstein","title":"Premiumtour Hamberge bis Lübeck 12 km"}
{"level":"warn","event":"tour_placement_rejected","code":"LANDLOCKED_MARINE_MISMATCH","reason":"Marine activity detected for a landlocked region.","source":"canoeing.csv","regionKind":"state","regionSlug":"ohio","title":"32-Pax Champion of Fun Limo Party Bus"}
{"level":"warn","event":"tour_placement_rejected","code":"LANDLOCKED_MARINE_MISMATCH","reason":"Marine activity detected for a landlocked region.","source":"canoeing.csv","regionKind":"state","regionSlug":"stockholms-ln","title":"Kajakpaddling 2 timmar - Eden Kajak & SUP","lat":18.024097,"lng":59.325482}
{"level":"warn","event":"tour_placement_rejected","code":"LANDLOCKED_MARINE_MISMATCH","reason":"Marine activity detected for a landlocked region.","source":"canoeing.csv","regionKind":"state","regionSlug":"stockholms-ln","title":"All Inclusive, Kajakpaket (5 dagar, 4 nätter)","lat":18.004338,"lng":59.343558}
{"level":"warn","event":"tour_placement_rejected","code":"LANDLOCKED_MARINE_MISMATCH","reason":"Marine activity detected for a landlocked region.","source":"canoeing.csv","regionKind":"state","regionSlug":"madeira","title":"Kayak Tour"}
{"level":"warn","event":"tour_placement_rejected","code":"LANDLOCKED_MARINE_MISMATCH","reason":"Marine activity detected for a landlocked region.","source":"canoeing.csv","regionKind":"state","regionSlug":"schleswig-holstein","title":"Premiumtour mit Personentransfer Hamberge bis Lübeck 12 km"}
{"level":"warn","event":"tour_placement_rejected","code":"LANDLOCKED_MARINE_MISMATCH","reason":"Marine activity detected for a landlocked region.","source":"canoeing.csv","regionKind":"state","regionSlug":"bayern","title":"1,5 Tagestour Pappenheim-Dollnstein","lat":10.974497,"lng":48.929226}
{"level":"warn","event":"tour_placement_rejected","code":"LANDLOCKED_MARINE_MISMATCH","reason":"Marine activity detected for a landlocked region.","source":"canoeing.csv","regionKind":"state","regionSlug":"bavaria","title":"2 Tagestour Treuchtlingen-Eichstätt","lat":10.911973,"lng":48.952059}
{"level":"warn","event":"tour_placement_rejected","code":"LANDLOCKED_MARINE_MISMATCH","reason":"Marine activity detected for a landlocked region.","source":"canoeing.csv","regionKind":"state","regionSlug":"bayern","title":"2 Tagestour Pappenheim-Eichstätt","lat":10.974497,"lng":48.929226}
{"level":"warn","event":"tour_placement_rejected","code":"LANDLOCKED_MARINE_MISMATCH","reason":"Marine activity detected for a landlocked region.","source":"canoeing.csv","regionKind":"state","regionSlug":"schleswig-holstein","title":"Premiumtour Untere Trave bis Lübeck 28 km"}
{"level":"warn","event":"tour_placement_rejected","code":"LANDLOCKED_MARINE_MISMATCH","reason":"Marine activity detected for a landlocked region.","source":"canoeing.csv","regionKind":"state","regionSlug":"bavaria","title":"2 Tagestour Treuchtlingen-Dollnstein","lat":10.911973,"lng":48.952059}
{"level":"warn","event":"tour_placement_rejected","code":"LANDLOCKED_MARINE_MISMATCH","reason":"Marine activity detected for a landlocked region.","source":"canoeing.csv","regionKind":"state","regionSlug":"bavaria","title":"3 Tagestour Treuchtlingen-Eichstätt","lat":10.911973,"lng":48.952059}
{"level":"warn","event":"tour_placement_rejected","code":"LANDLOCKED_MARINE_MISMATCH","reason":"Marine activity detected for a landlocked region.","source":"canoeing.csv","regionKind":"state","regionSlug":"lappi","title":"Palojoki River"}
{"level":"warn","event":"tour_placement_rejected","code":"LANDLOCKED_MARINE_MISMATCH","reason":"Marine activity detected for a landlocked region.","source":"canoeing.csv","regionKind":"state","regionSlug":"minnesota","title":"Eric Test Yosemite Trip"}
{"level":"warn","event":"tour_placement_rejected","code":"LANDLOCKED_MARINE_MISMATCH","reason":"Marine activity detected for a landlocked region.","source":"canoeing.csv","regionKind":"state","regionSlug":"lappi","title":"Guided Suonttajoki River & Lake Ounasjärvi Openwater Paddle"}
{"level":"warn","event":"tour_placement_rejected","code":"LANDLOCKED_MARINE_MISMATCH","reason":"Marine activity detected for a landlocked region.","source":"canoeing.csv","regionKind":"state","regionSlug":"michigan","title":"2 Hour Rental - Black River Park","lat":-86.271431,"lng":42.409495}
{"level":"warn","event":"tour_placement_rejected","code":"LANDLOCKED_MARINE_MISMATCH","reason":"Marine activity detected for a landlocked region.","source":"canoeing.csv","regionKind":"city","regionSlug":"flagstaff","title":"Half Day Rental"}
{"level":"warn","event":"tour_placement_rejected","code":"LANDLOCKED_MARINE_MISMATCH","reason":"Marine activity detected for a landlocked region.","source":"canoeing.csv","regionKind":"city","regionSlug":"flagstaff","title":"Twenty-Four Hour Rentals"}
{"level":"warn","event":"tour_placement_rejected","code":"LANDLOCKED_MARINE_MISMATCH","reason":"Marine activity detected for a landlocked region.","source":"canoeing.csv","regionKind":"state","regionSlug":"bayern","title":"2,5 Tagestour Pappenheim-Eichstätt","lat":10.974497,"lng":48.929226}
{"level":"warn","event":"tour_placement_rejected","code":"LANDLOCKED_MARINE_MISMATCH","reason":"Marine activity detected for a landlocked region.","source":"canoeing.csv","regionKind":"state","regionSlug":"bavaria","title":"Halbtagestour Treuchtlingen-Pappenheim","lat":10.911973,"lng":48.952059}
{"level":"warn","event":"tour_placement_rejected","code":"LANDLOCKED_MARINE_MISMATCH","reason":"Marine activity detected for a landlocked region.","source":"canoeing.csv","regionKind":"state","regionSlug":"bavaria","title":"Tagestour Treuchtlingen- Solnhofen"}
{"level":"warn","event":"tour_placement_rejected","code":"LANDLOCKED_MARINE_MISMATCH","reason":"Marine activity detected for a landlocked region.","source":"canoeing.csv","regionKind":"state","regionSlug":"bayern","title":"Tagestour Solnhofen-Dollnstein"}
{"level":"warn","event":"tour_placement_rejected","code":"LANDLOCKED_MARINE_MISMATCH","reason":"Marine activity detected for a landlocked region.","source":"canoeing.csv","regionKind":"state","regionSlug":"bayern","title":"Tagestour Pappenheim-Dollnstein","lat":10.974497,"lng":48.929226}
{"level":"warn","event":"ingest_row_rejected","code":"MISSING_FIELDS","reason":"Missing city/state","source":"canoeing.csv","regionKind":"state","regionSlug":"unknown","title":"Wildwasser Kurs Open Kanu (Solo) / Soča"}
{"level":"warn","event":"csv_missing_optional_columns","source":"san-francisco.csv","columns":["category","booking_url","short_description","operator"]}
{"level":"warn","event":"csv_missing_optional_columns","source":"san-diego.csv","columns":["category","booking_url","short_description","operator"]}
{"level":"warn","event":"ingest_row_rejected","code":"FOOD_ONLY","reason":"Food-only tour","source":"san-diego.csv","regionKind":"city","regionSlug":"san-diego","title":"Sip, Savor and Sea - La Jolla"}
{"level":"warn","event":"ingest_row_rejected","code":"FOOD_ONLY","reason":"Food-only tour","source":"san-diego.csv","regionKind":"city","regionSlug":"san-diego","title":"Pizza, Pasta and Piazzas"}
{"level":"warn","event":"ingest_row_rejected","code":"FOOD_ONLY","reason":"Food-only tour","source":"san-diego.csv","regionKind":"city","regionSlug":"san-diego","title":"Vino! Vino! Little Italy Wine Tour"}
{"level":"warn","event":"ingest_row_rejected","code":"FOOD_ONLY","reason":"Food-only tour","source":"san-diego.csv","regionKind":"city","regionSlug":"san-diego","title":"Brothels, Bites and Booze"}
{"level":"warn","event":"ingest_row_rejected","code":"FOOD_ONLY","reason":"Food-only tour","source":"san-diego.csv","regionKind":"city","regionSlug":"san-diego","title":"San Diego: Historic True Crime Tour"}
{"level":"warn","event":"ingest_row_rejected","code":"FOOD_ONLY","reason":"Food-only tour","source":"san-diego.csv","regionKind":"city","regionSlug":"san-diego","title":"Reserved Admission"}
{"level":"warn","event":"ingest_row_rejected","code":"FOOD_ONLY","reason":"Food-only tour","source":"san-diego.csv","regionKind":"city","regionSlug":"san-diego","title":"San Diego & Little Italy Donut Tour"}
{"level":"warn","event":"ingest_row_rejected","code":"FOOD_ONLY","reason":"Food-only tour","source":"san-diego.csv","regionKind":"city","regionSlug":"san-diego","title":"San Diego Vineyard and Winery Tour (Private)"}
{"level":"warn","event":"ingest_row_rejected","code":"FOOD_ONLY","reason":"Food-only tour","source":"san-diego.csv","regionKind":"city","regionSlug":"san-diego","title":"​San Diego Ranchos & Winery Private Tour (Private)"}
{"level":"warn","event":"ingest_row_rejected","code":"FOOD_ONLY","reason":"Food-only tour","source":"san-diego.csv","regionKind":"city","regionSlug":"san-diego","title":"San Diego Sailboat & Winery Private Tour (Private)"}
{"level":"warn","event":"ingest_row_rejected","code":"FOOD_ONLY","reason":"Food-only tour","source":"san-diego.csv","regionKind":"city","regionSlug":"san-diego","title":"Temecula Vineyard & Winery Private Tour (Private)"}
{"level":"warn","event":"ingest_row_rejected","code":"FOOD_ONLY","reason":"Food-only tour","source":"san-diego.csv","regionKind":"city","regionSlug":"san-diego","title":"Southern California Italian Winery & Culinary Tour (Private)"}
{"level":"warn","event":"ingest_row_rejected","code":"FOOD_ONLY","reason":"Food-only tour","source":"san-diego.csv","regionKind":"city","regionSlug":"san-diego","title":"Baja Mexico Vineyard & Winery Tour (Private)"}
{"level":"warn","event":"ingest_row_rejected","code":"FOOD_ONLY","reason":"Food-only tour","source":"san-diego.csv","regionKind":"city","regionSlug":"san-diego","title":"Baja Mexico Female Winemakers & Behind-the-Scenes Winery Tour (Private)"}
{"level":"warn","event":"ingest_row_rejected","code":"FOOD_ONLY","reason":"Food-only tour","source":"san-diego.csv","regionKind":"city","regionSlug":"san-diego","title":"Baja Mexico Michelin-Star Guided Wine & Culinary Private Experience (Private)"}
{"level":"warn","event":"ingest_row_rejected","code":"FOOD_ONLY","reason":"Food-only tour","source":"san-diego.csv","regionKind":"city","regionSlug":"san-diego","title":"Charcuterie Tray Wine Cruise • 2 Hours"}
{"level":"warn","event":"ingest_row_rejected","code":"FOOD_ONLY","reason":"Food-only tour","source":"san-diego.csv","regionKind":"city","regionSlug":"san-diego","title":"San Diego & Little Italy Holiday Donut Tour"}
{"level":"warn","event":"ingest_row_rejected","code":"FOOD_ONLY","reason":"Food-only tour","source":"san-diego.csv","regionKind":"city","regionSlug":"san-diego","title":"Champagne Brunch Cruise"}
{"level":"warn","event":"ingest_row_rejected","code":"FOOD_ONLY","reason":"Food-only tour","source":"san-diego.csv","regionKind":"city","regionSlug":"san-diego","title":"South Harbor Tour (1 Hour)"}
{"level":"warn","event":"ingest_row_rejected","code":"FOOD_ONLY","reason":"Food-only tour","source":"san-diego.csv","regionKind":"city","regionSlug":"san-diego","title":"North Harbor Tour (1 Hour)"}
{"level":"warn","event":"ingest_row_rejected","code":"FOOD_ONLY","reason":"Food-only tour","source":"san-diego.csv","regionKind":"city","regionSlug":"san-diego","title":"Brunch on the Bay"}
{"level":"warn","event":"ingest_row_rejected","code":"FOOD_ONLY","reason":"Food-only tour","source":"san-diego.csv","regionKind":"city","regionSlug":"san-diego","title":"Mother's Day Brunch on San Diego's Largest Catamaran! 🌸"}
{"level":"warn","event":"ingest_row_rejected","code":"FOOD_ONLY","reason":"Food-only tour","source":"san-diego.csv","regionKind":"city","regionSlug":"san-diego","title":"Easter Sunday Brunch Cruise"}
{"level":"warn","event":"ingest_row_rejected","code":"FOOD_ONLY","reason":"Food-only tour","source":"san-diego.csv","regionKind":"city","regionSlug":"san-diego","title":"Father's Day Brunch Cruise 💙"}
{"level":"warn","event":"ingest_row_rejected","code":"FOOD_ONLY","reason":"Food-only tour","source":"san-diego.csv","regionKind":"city","regionSlug":"san-diego","title":"San Diego Tours:Baja Wine and Vineyard Tour from San Diego (Private)"}
{"level":"warn","event":"ingest_row_rejected","code":"FOOD_ONLY","reason":"Food-only tour","source":"san-diego.csv","regionKind":"city","regionSlug":"san-diego","title":"San Diego: Embarcadero History & Photo Tour"}
{"level":"warn","event":"ingest_row_rejected","code":"FOOD_ONLY","reason":"Food-only tour","source":"san-diego.csv","regionKind":"city","regionSlug":"san-diego","title":"Chauffeured Winery Tour"}
{"level":"warn","event":"ingest_row_rejected","code":"FOOD_ONLY","reason":"Food-only tour","source":"san-diego.csv","regionKind":"city","regionSlug":"san-diego","title":"Harbor Dinner Cruise (Weekdays)"}
{"level":"warn","event":"ingest_row_rejected","code":"FOOD_ONLY","reason":"Food-only tour","source":"san-diego.csv","regionKind":"city","regionSlug":"jacksonville","title":"Jacksonville: Historic True Crime Tour"}
{"level":"warn","event":"csv_missing_optional_columns","source":"santa-barbara.csv","columns":["category","booking_url","short_description","operator"]}
{"level":"warn","event":"ingest_row_rejected","code":"FOOD_ONLY","reason":"Food-only tour","source":"santa-barbara.csv","regionKind":"state","regionSlug":"california","title":"Solvang Food & Photo Tour"}
{"level":"warn","event":"ingest_row_rejected","code":"FOOD_ONLY","reason":"Food-only tour","source":"santa-barbara.csv","regionKind":"city","regionSlug":"santa-barbara","title":"Funk Zone Food & Photo Tour"}
{"level":"warn","event":"ingest_row_rejected","code":"FOOD_ONLY","reason":"Food-only tour","source":"santa-barbara.csv","regionKind":"city","regionSlug":"santa-barbara","title":"The Santa Barbara Taco Tour"}
{"level":"warn","event":"ingest_row_rejected","code":"FOOD_ONLY","reason":"Food-only tour","source":"santa-barbara.csv","regionKind":"city","regionSlug":"santa-barbara","title":"Wine & Walking Tour Santa Barbara"}
{"level":"warn","event":"ingest_row_rejected","code":"FOOD_ONLY","reason":"Food-only tour","source":"santa-barbara.csv","regionKind":"city","regionSlug":"santa-barbara","title":"Private Wine Tour"}
{"level":"warn","event":"ingest_row_rejected","code":"FOOD_ONLY","reason":"Food-only tour","source":"santa-barbara.csv","regionKind":"city","regionSlug":"santa-barbara","title":"Santa Barbara Wine Country Tour (Shared Tour)"}
{"level":"warn","event":"ingest_row_rejected","code":"FOOD_ONLY","reason":"Food-only tour","source":"santa-barbara.csv","regionKind":"city","regionSlug":"santa-barbara","title":"Corporate Wine Tours & Team Building"}
{"level":"warn","event":"ingest_row_rejected","code":"FOOD_ONLY","reason":"Food-only tour","source":"santa-barbara.csv","regionKind":"state","regionSlug":"lisboa","title":"Lourinhã Wine Tasting Tour - 3 Wines","lat":-9.313678,"lng":39.195739}
{"level":"warn","event":"ingest_row_rejected","code":"FOOD_ONLY","reason":"Food-only tour","source":"santa-barbara.csv","regionKind":"state","regionSlug":"lisboa","title":"Lourinhã Wine Tasting Tour - 6 Wines","lat":-9.313678,"lng":39.195739}
{"level":"warn","event":"ingest_row_rejected","code":"FOOD_ONLY","reason":"Food-only tour","source":"santa-barbara.csv","regionKind":"state","regionSlug":"lisboa","title":"Lourinhã Picnic Winery Experience","lat":-9.313678,"lng":39.195739}
{"level":"warn","event":"csv_missing_optional_columns","source":"palm-springs.csv","columns":["category","booking_url","short_description","operator"]}
{"level":"warn","event":"csv_missing_optional_columns","source":"joshua-tree.csv","columns":["category","booking_url","short_description","operator"]}
{"level":"warn","event":"ingest_row_rejected","code":"FOOD_ONLY","reason":"Food-only tour","source":"joshua-tree.csv","regionKind":"city","regionSlug":"joshua-tree","title":"Sunset Hike, Dinner, & Night Sky Presentation"}
{"level":"warn","event":"csv_missing_optional_columns","source":"northeast/boston.csv","columns":["category","booking_url","short_description","operator"]}
{"level":"warn","event":"ingest_row_rejected","code":"FOOD_ONLY","reason":"Food-only tour","source":"northeast/boston.csv","regionKind":"city","regionSlug":"boston","title":"Boston & Cambridge Private Tour"}
{"level":"warn","event":"ingest_row_rejected","code":"FOOD_ONLY","reason":"Food-only tour","source":"northeast/boston.csv","regionKind":"city","regionSlug":"boston","title":"TD Garden PRE-GAME Axe Throwing, Food & Drink Tour"}
{"level":"warn","event":"ingest_row_rejected","code":"FOOD_ONLY","reason":"Food-only tour","source":"northeast/boston.csv","regionKind":"city","regionSlug":"boston","title":"Boston's \"Politically Incorrect\" North End Food Tour"}
{"level":"warn","event":"ingest_row_rejected","code":"FOOD_ONLY","reason":"Food-only tour","source":"northeast/boston.csv","regionKind":"city","regionSlug":"boston","title":"Adirondack Day Sail"}
{"level":"warn","event":"ingest_row_rejected","code":"FOOD_ONLY","reason":"Food-only tour","source":"northeast/boston.csv","regionKind":"city","regionSlug":"boston","title":"Historic Boston Pubs Tour"}
{"level":"warn","event":"ingest_row_rejected","code":"FOOD_ONLY","reason":"Food-only tour","source":"northeast/boston.csv","regionKind":"city","regionSlug":"boston","title":"North End Pizza Tour"}
{"level":"warn","event":"ingest_row_rejected","code":"FOOD_ONLY","reason":"Food-only tour","source":"northeast/boston.csv","regionKind":"city","regionSlug":"boston","title":"Boston Food & History Tour"}
{"level":"warn","event":"ingest_row_rejected","code":"FOOD_ONLY","reason":"Food-only tour","source":"northeast/boston.csv","regionKind":"city","regionSlug":"boston","title":"Boston SeaFoodie Tour"}
{"level":"warn","event":"ingest_row_rejected","code":"FOOD_ONLY","reason":"Food-only tour","source":"northeast/boston.csv","regionKind":"city","regionSlug":"boston","title":"Boston: Historic Holiday Donut Tour"}
{"level":"warn","event":"ingest_row_rejected","code":"FOOD_ONLY","reason":"Food-only tour","source":"northeast/boston.csv","regionKind":"city","regionSlug":"boston","title":"Boston Harbor Fall Luncheon Cruise"}
{"level":"warn","event":"csv_missing_optional_columns","source":"northeast/connecticut.csv","columns":["category","booking_url","short_description","operator"]}
{"level":"warn","event":"csv_missing_optional_columns","source":"northeast/maryland.csv","columns":["category","booking_url","short_description","operator"]}
{"level":"warn","event":"csv_missing_optional_columns","source":"northeast/new-hampshire.csv","columns":["category","booking_url","short_description","operator"]}
{"level":"warn","event":"csv_missing_optional_columns","source":"northeast/new-jersey.csv","columns":["category","booking_url","short_description","operator"]}
{"level":"warn","event":"csv_missing_optional_columns","source":"northeast/new-york.csv","columns":["category","booking_url","short_description","operator"]}
{"level":"warn","event":"ingest_row_rejected","code":"MISSING_FIELDS","reason":"Missing city/state","source":"northeast/new-york.csv","regionKind":"state","regionSlug":"unknown","title":"Lower Manhattan and the 9/11 Memorial Walking Tour - Private"}
{"level":"warn","event":"ingest_row_rejected","code":"DUPLICATE_ITEM","reason":"Conflicts with palm-springs.csv","source":"northeast/new-york.csv","regionKind":"state","regionSlug":"california","title":"Shared San Andreas Fault Jeep Tour"}
{"level":"warn","event":"ingest_row_rejected","code":"MISSING_FIELDS","reason":"Missing city/state","source":"northeast/new-york.csv","regionKind":"state","regionSlug":"unknown","title":"Statue Of Liberty and Ellis Island - Semi-Private Guided Tour"}
{"level":"warn","event":"ingest_row_rejected","code":"MISSING_FIELDS","reason":"Missing city/state","source":"northeast/new-york.csv","regionKind":"state","regionSlug":"unknown","title":"Statue of Liberty and Ellis Island - Private Guided Tour"}
{"level":"warn","event":"csv_missing_optional_columns","source":"northeast/pennsylvania.csv","columns":["category","booking_url","short_description","operator"]}
{"level":"warn","event":"csv_missing_optional_columns","source":"northeast/vermont.csv","columns":["category","booking_url","short_description","operator"]}
{"level":"warn","event":"csv_missing_optional_columns","source":"northeast/washington-dc.csv","columns":["category","booking_url","short_description","operator"]}
{"level":"warn","event":"csv_missing_optional_columns","source":"deep-south/Tennessee.csv","columns":["category","booking_url","short_description","operator"]}
{"level":"warn","event":"csv_missing_optional_columns","source":"deep-south/florida.csv","columns":["category","booking_url","short_description","operator"]}
{"level":"warn","event":"csv_missing_optional_columns","source":"deep-south/georgia.csv","columns":["category","booking_url","short_description","operator"]}
{"level":"warn","event":"csv_missing_optional_columns","source":"deep-south/louisiana.csv","columns":["category","booking_url","short_description","operator"]}
{"level":"warn","event":"csv_missing_optional_columns","source":"deep-south/north-carolina.csv","columns":["category","booking_url","short_description","operator"]}
{"level":"warn","event":"csv_missing_optional_columns","source":"deep-south/south-carolina.csv","columns":["category","booking_url","short_description","operator"]}
{"level":"warn","event":"csv_missing_optional_columns","source":"heartland/Michigan.csv","columns":["category","booking_url","short_description","operator"]}
{"level":"warn","event":"csv_missing_optional_columns","source":"heartland/Minnesota.csv","columns":["category","booking_url","short_description","operator"]}
{"level":"warn","event":"csv_missing_optional_columns","source":"heartland/colorado.csv","columns":["category","booking_url","short_description","operator"]}
{"level":"warn","event":"ingest_row_rejected","code":"MISSING_FIELDS","reason":"Missing city/state","source":"heartland/colorado.csv","regionKind":"state","regionSlug":"unknown","title":"Lower Manhattan and the 9/11 Memorial Walking Tour - Private"}
{"level":"warn","event":"ingest_row_rejected","code":"MISSING_FIELDS","reason":"Missing city/state","source":"heartland/colorado.csv","regionKind":"state","regionSlug":"unknown","title":"Statue Of Liberty and Ellis Island - Semi-Private Guided Tour"}
{"level":"warn","event":"ingest_row_rejected","code":"MISSING_FIELDS","reason":"Missing city/state","source":"heartland/colorado.csv","regionKind":"state","regionSlug":"unknown","title":"Statue of Liberty and Ellis Island - Private Guided Tour"}
{"level":"warn","event":"ingest_row_rejected","code":"MISSING_FIELDS","reason":"Missing city/state","source":"heartland/colorado.csv","regionKind":"state","regionSlug":"unknown","title":"Mendenhall Glacier Ice Adventure Tour"}
{"level":"warn","event":"ingest_row_rejected","code":"MISSING_FIELDS","reason":"Missing city/state","source":"heartland/colorado.csv","regionKind":"state","regionSlug":"unknown","title":"Mendenhall Lake Canoe Tour"}
{"level":"warn","event":"ingest_row_rejected","code":"MISSING_FIELDS","reason":"Missing city/state","source":"heartland/colorado.csv","regionKind":"state","regionSlug":"unknown","title":"eFoil Lessons and Tours"}
{"level":"warn","event":"ingest_row_rejected","code":"MISSING_FIELDS","reason":"Missing city/state","source":"heartland/colorado.csv","regionKind":"state","regionSlug":"unknown","title":"Lower Manhattan and the 9/11 Memorial Walking Tour - Semi-Private"}
{"level":"warn","event":"ingest_row_rejected","code":"MISSING_FIELDS","reason":"Missing city/state","source":"heartland/colorado.csv","regionKind":"state","regionSlug":"unknown","title":"Valhalla Tour"}
{"level":"warn","event":"ingest_row_rejected","code":"MISSING_FIELDS","reason":"Missing city/state","source":"heartland/colorado.csv","regionKind":"state","regionSlug":"unknown","title":"Excursion Tour"}
{"level":"warn","event":"ingest_row_rejected","code":"MISSING_FIELDS","reason":"Missing city/state","source":"heartland/colorado.csv","regionKind":"state","regionSlug":"unknown","title":"Moab: Terma"}
{"level":"warn","event":"ingest_row_rejected","code":"MISSING_FIELDS","reason":"Missing city/state","source":"heartland/colorado.csv","regionKind":"state","regionSlug":"unknown","title":"Logan Airport and Hyatt Regency Pickup"}
{"level":"warn","event":"ingest_row_rejected","code":"MISSING_FIELDS","reason":"Missing city/state","source":"heartland/colorado.csv","regionKind":"state","regionSlug":"unknown","title":"Family Friendly Statue of Liberty and Ellis Island - Private Guided Tour"}
{"level":"warn","event":"ingest_row_rejected","code":"MISSING_FIELDS","reason":"Missing city/state","source":"heartland/colorado.csv","regionKind":"state","regionSlug":"unknown","title":"Freedom Rider"}
{"level":"warn","event":"ingest_row_rejected","code":"MISSING_FIELDS","reason":"Missing city/state","source":"heartland/colorado.csv","regionKind":"state","regionSlug":"unknown","title":"Central Park Yoga-Great Lawn"}
{"level":"warn","event":"ingest_row_rejected","code":"MISSING_FIELDS","reason":"Missing city/state","source":"heartland/colorado.csv","regionKind":"state","regionSlug":"unknown","title":"Battlefield Carriage Tour of Howard Ave. with Licensed Battlefield Guide (The Collapse of the Union XI Corp Line on July 1st)"}
{"level":"warn","event":"ingest_row_rejected","code":"MISSING_FIELDS","reason":"Missing city/state","source":"heartland/colorado.csv","regionKind":"state","regionSlug":"unknown","title":"Half Day Beach Rental"}
{"level":"warn","event":"ingest_row_rejected","code":"MISSING_FIELDS","reason":"Missing city/state","source":"heartland/colorado.csv","regionKind":"state","regionSlug":"unknown","title":"Beltline Cocktail Tour"}
{"level":"warn","event":"ingest_row_rejected","code":"MISSING_FIELDS","reason":"Missing city/state","source":"heartland/colorado.csv","regionKind":"state","regionSlug":"unknown","title":"Hannah Ford Overnight Camping Trip"}
{"level":"warn","event":"csv_missing_optional_columns","source":"heartland/montana.csv","columns":["category","booking_url","short_description","operator"]}
{"level":"warn","event":"csv_missing_optional_columns","source":"heartland/south-dakota.csv","columns":["category","booking_url","short_description","operator"]}
{"level":"warn","event":"csv_missing_optional_columns","source":"heartland/utah.csv","columns":["category","booking_url","short_description","operator"]}
{"level":"warn","event":"csv_missing_optional_columns","source":"heartland/wyoming.csv","columns":["category","booking_url","short_description","operator"]}
{"level":"info","event":"ingest_summary","processed":6967,"accepted":4960,"rejected":1684,"rejectionsByCode":{"TOO_FAR":1094,"LANDLOCKED_MARINE_MISMATCH":233,"MISSING_FIELDS":22,"FOOD_ONLY":334,"DUPLICATE_ITEM":1}}
[fareharbor-normalize] asn normalized { normalizedAsnToFhdn: 1, fixedMissingAsnRef: 0 }
[fareharbor-normalize] asn normalized { normalizedAsnToFhdn: 2, fixedMissingAsnRef: 0 }
[fareharbor-normalize] asn normalized { normalizedAsnToFhdn: 3, fixedMissingAsnRef: 0 }
[fareharbor-normalize] asn normalized { normalizedAsnToFhdn: 4, fixedMissingAsnRef: 0 }
[fareharbor-normalize] asn normalized { normalizedAsnToFhdn: 5, fixedMissingAsnRef: 0 }
[fareharbor-normalize] asn normalized { normalizedAsnToFhdn: 6, fixedMissingAsnRef: 0 }
[fareharbor-normalize] asn normalized { normalizedAsnToFhdn: 7, fixedMissingAsnRef: 0 }
[fareharbor-normalize] asn normalized { normalizedAsnToFhdn: 8, fixedMissingAsnRef: 0 }
[fareharbor-normalize] asn normalized { normalizedAsnToFhdn: 9, fixedMissingAsnRef: 0 }
[fareharbor-normalize] asn normalized { normalizedAsnToFhdn: 10, fixedMissingAsnRef: 0 }
[fareharbor-normalize] asn normalized { normalizedAsnToFhdn: 11, fixedMissingAsnRef: 0 }
[fareharbor-normalize] asn normalized { normalizedAsnToFhdn: 12, fixedMissingAsnRef: 0 }
[fareharbor-normalize] asn normalized { normalizedAsnToFhdn: 13, fixedMissingAsnRef: 0 }
[fareharbor-normalize] asn normalized { normalizedAsnToFhdn: 14, fixedMissingAsnRef: 0 }
[fareharbor-normalize] asn normalized { normalizedAsnToFhdn: 15, fixedMissingAsnRef: 0 }
[fareharbor-normalize] asn normalized { normalizedAsnToFhdn: 16, fixedMissingAsnRef: 0 }
[fareharbor-normalize] asn normalized { normalizedAsnToFhdn: 17, fixedMissingAsnRef: 0 }
[fareharbor-normalize] asn normalized { normalizedAsnToFhdn: 18, fixedMissingAsnRef: 0 }
[fareharbor-normalize] asn normalized { normalizedAsnToFhdn: 19, fixedMissingAsnRef: 0 }
[fareharbor-normalize] asn normalized { normalizedAsnToFhdn: 20, fixedMissingAsnRef: 0 }
[fareharbor-normalize] asn normalized { normalizedAsnToFhdn: 21, fixedMissingAsnRef: 0 }
[fareharbor-normalize] asn normalized { normalizedAsnToFhdn: 22, fixedMissingAsnRef: 0 }
[fareharbor-normalize] asn normalized { normalizedAsnToFhdn: 23, fixedMissingAsnRef: 0 }
[fareharbor-normalize] asn normalized { normalizedAsnToFhdn: 24, fixedMissingAsnRef: 0 }
[fareharbor-normalize] asn normalized { normalizedAsnToFhdn: 25, fixedMissingAsnRef: 0 }
[fareharbor-normalize] asn normalized { normalizedAsnToFhdn: 26, fixedMissingAsnRef: 0 }
[fareharbor-normalize] asn normalized { normalizedAsnToFhdn: 27, fixedMissingAsnRef: 0 }
[fareharbor-normalize] asn normalized { normalizedAsnToFhdn: 28, fixedMissingAsnRef: 0 }
[fareharbor-normalize] asn normalized { normalizedAsnToFhdn: 29, fixedMissingAsnRef: 0 }
[fareharbor-normalize] asn normalized { normalizedAsnToFhdn: 30, fixedMissingAsnRef: 0 }
[fareharbor-normalize] asn normalized { normalizedAsnToFhdn: 31, fixedMissingAsnRef: 0 }
[fareharbor-normalize] asn normalized { normalizedAsnToFhdn: 32, fixedMissingAsnRef: 0 }
[fareharbor-normalize] asn normalized { normalizedAsnToFhdn: 33, fixedMissingAsnRef: 0 }
[fareharbor-normalize] asn normalized { normalizedAsnToFhdn: 34, fixedMissingAsnRef: 0 }
[fareharbor-normalize] asn normalized { normalizedAsnToFhdn: 35, fixedMissingAsnRef: 0 }
[fareharbor-normalize] asn normalized { normalizedAsnToFhdn: 36, fixedMissingAsnRef: 0 }
[fareharbor-normalize] asn normalized { normalizedAsnToFhdn: 37, fixedMissingAsnRef: 0 }
[fareharbor-normalize] asn normalized { normalizedAsnToFhdn: 38, fixedMissingAsnRef: 0 }
[fareharbor-normalize] asn normalized { normalizedAsnToFhdn: 39, fixedMissingAsnRef: 0 }
[fareharbor-normalize] asn normalized { normalizedAsnToFhdn: 40, fixedMissingAsnRef: 0 }
[fareharbor-normalize] asn normalized { normalizedAsnToFhdn: 41, fixedMissingAsnRef: 0 }
[fareharbor-normalize] asn normalized { normalizedAsnToFhdn: 42, fixedMissingAsnRef: 0 }
[fareharbor-normalize] asn normalized { normalizedAsnToFhdn: 43, fixedMissingAsnRef: 0 }
[fareharbor-normalize] asn normalized { normalizedAsnToFhdn: 44, fixedMissingAsnRef: 0 }
[fareharbor-normalize] asn normalized { normalizedAsnToFhdn: 45, fixedMissingAsnRef: 0 }
[fareharbor-normalize] asn normalized { normalizedAsnToFhdn: 46, fixedMissingAsnRef: 0 }
[fareharbor-normalize] asn normalized { normalizedAsnToFhdn: 47, fixedMissingAsnRef: 0 }
[fareharbor-normalize] asn normalized { normalizedAsnToFhdn: 48, fixedMissingAsnRef: 0 }
[fareharbor-normalize] asn normalized { normalizedAsnToFhdn: 49, fixedMissingAsnRef: 0 }
[fareharbor-normalize] asn normalized { normalizedAsnToFhdn: 50, fixedMissingAsnRef: 0 }
[fareharbor-normalize] asn normalized { normalizedAsnToFhdn: 51, fixedMissingAsnRef: 0 }
[fareharbor-normalize] asn normalized { normalizedAsnToFhdn: 52, fixedMissingAsnRef: 0 }
[fareharbor-normalize] asn normalized { normalizedAsnToFhdn: 53, fixedMissingAsnRef: 0 }
[fareharbor-normalize] asn normalized { normalizedAsnToFhdn: 54, fixedMissingAsnRef: 0 }
[fareharbor-normalize] asn normalized { normalizedAsnToFhdn: 55, fixedMissingAsnRef: 0 }
[fareharbor-normalize] asn normalized { normalizedAsnToFhdn: 56, fixedMissingAsnRef: 0 }
[fareharbor-normalize] asn normalized { normalizedAsnToFhdn: 57, fixedMissingAsnRef: 0 }
[fareharbor-normalize] asn normalized { normalizedAsnToFhdn: 58, fixedMissingAsnRef: 0 }
[fareharbor-normalize] asn normalized { normalizedAsnToFhdn: 59, fixedMissingAsnRef: 0 }
[fareharbor-normalize] asn normalized { normalizedAsnToFhdn: 60, fixedMissingAsnRef: 0 }
[fareharbor-normalize] asn normalized { normalizedAsnToFhdn: 61, fixedMissingAsnRef: 0 }
[fareharbor-normalize] asn normalized { normalizedAsnToFhdn: 62, fixedMissingAsnRef: 0 }
[fareharbor-normalize] asn normalized { normalizedAsnToFhdn: 63, fixedMissingAsnRef: 0 }
[fareharbor-normalize] asn normalized { normalizedAsnToFhdn: 64, fixedMissingAsnRef: 0 }
[fareharbor-normalize] asn normalized { normalizedAsnToFhdn: 65, fixedMissingAsnRef: 0 }
[fareharbor-normalize] asn normalized { normalizedAsnToFhdn: 66, fixedMissingAsnRef: 0 }
[fareharbor-normalize] asn normalized { normalizedAsnToFhdn: 67, fixedMissingAsnRef: 0 }
[fareharbor-normalize] asn normalized { normalizedAsnToFhdn: 68, fixedMissingAsnRef: 0 }
[fareharbor-normalize] asn normalized { normalizedAsnToFhdn: 69, fixedMissingAsnRef: 0 }
[fareharbor-normalize] asn normalized { normalizedAsnToFhdn: 70, fixedMissingAsnRef: 0 }
[fareharbor-normalize] asn normalized { normalizedAsnToFhdn: 71, fixedMissingAsnRef: 0 }
[fareharbor-normalize] asn normalized { normalizedAsnToFhdn: 72, fixedMissingAsnRef: 0 }
[fareharbor-normalize] asn normalized { normalizedAsnToFhdn: 73, fixedMissingAsnRef: 0 }
[fareharbor-normalize] asn normalized { normalizedAsnToFhdn: 74, fixedMissingAsnRef: 0 }
[fareharbor-normalize] asn normalized { normalizedAsnToFhdn: 75, fixedMissingAsnRef: 0 }
[fareharbor-normalize] asn normalized { normalizedAsnToFhdn: 76, fixedMissingAsnRef: 0 }
[fareharbor-normalize] asn normalized { normalizedAsnToFhdn: 77, fixedMissingAsnRef: 0 }
[fareharbor-normalize] asn normalized { normalizedAsnToFhdn: 78, fixedMissingAsnRef: 0 }
[fareharbor-normalize] asn normalized { normalizedAsnToFhdn: 79, fixedMissingAsnRef: 0 }
[fareharbor-normalize] asn normalized { normalizedAsnToFhdn: 80, fixedMissingAsnRef: 0 }
[fareharbor-normalize] asn normalized { normalizedAsnToFhdn: 81, fixedMissingAsnRef: 0 }
[fareharbor-normalize] asn normalized { normalizedAsnToFhdn: 82, fixedMissingAsnRef: 0 }
[fareharbor-normalize] asn normalized { normalizedAsnToFhdn: 83, fixedMissingAsnRef: 0 }
[fareharbor-normalize] asn normalized { normalizedAsnToFhdn: 84, fixedMissingAsnRef: 0 }
[fareharbor-normalize] asn normalized { normalizedAsnToFhdn: 85, fixedMissingAsnRef: 0 }
[fareharbor-normalize] asn normalized { normalizedAsnToFhdn: 86, fixedMissingAsnRef: 0 }
[fareharbor-normalize] asn normalized { normalizedAsnToFhdn: 87, fixedMissingAsnRef: 0 }
[fareharbor-normalize] asn normalized { normalizedAsnToFhdn: 88, fixedMissingAsnRef: 0 }
[fareharbor-normalize] asn normalized { normalizedAsnToFhdn: 89, fixedMissingAsnRef: 0 }
[fareharbor-normalize] asn normalized { normalizedAsnToFhdn: 90, fixedMissingAsnRef: 0 }
[fareharbor-normalize] asn normalized { normalizedAsnToFhdn: 91, fixedMissingAsnRef: 0 }
[fareharbor-normalize] asn normalized { normalizedAsnToFhdn: 92, fixedMissingAsnRef: 0 }
[fareharbor-normalize] asn normalized { normalizedAsnToFhdn: 93, fixedMissingAsnRef: 0 }
[fareharbor-normalize] asn normalized { normalizedAsnToFhdn: 94, fixedMissingAsnRef: 0 }
[fareharbor-normalize] asn normalized { normalizedAsnToFhdn: 95, fixedMissingAsnRef: 0 }
[fareharbor-normalize] asn normalized { normalizedAsnToFhdn: 96, fixedMissingAsnRef: 0 }
[fareharbor-normalize] asn normalized { normalizedAsnToFhdn: 97, fixedMissingAsnRef: 0 }
[fareharbor-normalize] asn normalized { normalizedAsnToFhdn: 98, fixedMissingAsnRef: 0 }
[fareharbor-normalize] asn normalized { normalizedAsnToFhdn: 99, fixedMissingAsnRef: 0 }
[fareharbor-normalize] asn normalized { normalizedAsnToFhdn: 100, fixedMissingAsnRef: 0 }
[fareharbor-normalize] asn normalized { normalizedAsnToFhdn: 101, fixedMissingAsnRef: 0 }
[fareharbor-normalize] asn normalized { normalizedAsnToFhdn: 102, fixedMissingAsnRef: 0 }
[fareharbor-normalize] asn normalized { normalizedAsnToFhdn: 103, fixedMissingAsnRef: 0 }
[fareharbor-normalize] asn normalized { normalizedAsnToFhdn: 104, fixedMissingAsnRef: 0 }
[fareharbor-normalize] asn normalized { normalizedAsnToFhdn: 105, fixedMissingAsnRef: 0 }
[fareharbor-normalize] asn normalized { normalizedAsnToFhdn: 106, fixedMissingAsnRef: 0 }
[fareharbor-normalize] asn normalized { normalizedAsnToFhdn: 107, fixedMissingAsnRef: 0 }
[fareharbor-normalize] asn normalized { normalizedAsnToFhdn: 108, fixedMissingAsnRef: 0 }
[fareharbor-normalize] asn normalized { normalizedAsnToFhdn: 109, fixedMissingAsnRef: 0 }
[fareharbor-normalize] asn normalized { normalizedAsnToFhdn: 110, fixedMissingAsnRef: 0 }
[fareharbor-normalize] asn normalized { normalizedAsnToFhdn: 111, fixedMissingAsnRef: 0 }
[fareharbor-normalize] asn normalized { normalizedAsnToFhdn: 112, fixedMissingAsnRef: 0 }
[fareharbor-normalize] asn normalized { normalizedAsnToFhdn: 113, fixedMissingAsnRef: 0 }
[fareharbor-normalize] asn normalized { normalizedAsnToFhdn: 114, fixedMissingAsnRef: 0 }
[fareharbor-normalize] asn normalized { normalizedAsnToFhdn: 115, fixedMissingAsnRef: 0 }
[fareharbor-normalize] asn normalized { normalizedAsnToFhdn: 116, fixedMissingAsnRef: 0 }
[fareharbor-normalize] asn normalized { normalizedAsnToFhdn: 117, fixedMissingAsnRef: 0 }
[fareharbor-normalize] asn normalized { normalizedAsnToFhdn: 118, fixedMissingAsnRef: 0 }
[fareharbor-normalize] asn normalized { normalizedAsnToFhdn: 119, fixedMissingAsnRef: 0 }
[fareharbor-normalize] asn normalized { normalizedAsnToFhdn: 120, fixedMissingAsnRef: 0 }
[fareharbor-normalize] asn normalized { normalizedAsnToFhdn: 121, fixedMissingAsnRef: 0 }
[fareharbor-normalize] asn normalized { normalizedAsnToFhdn: 122, fixedMissingAsnRef: 0 }
[fareharbor-normalize] asn normalized { normalizedAsnToFhdn: 123, fixedMissingAsnRef: 0 }
[fareharbor-normalize] asn normalized { normalizedAsnToFhdn: 124, fixedMissingAsnRef: 0 }
[fareharbor-normalize] asn normalized { normalizedAsnToFhdn: 125, fixedMissingAsnRef: 0 }
[fareharbor-normalize] asn normalized { normalizedAsnToFhdn: 126, fixedMissingAsnRef: 0 }
[fareharbor-normalize] asn normalized { normalizedAsnToFhdn: 127, fixedMissingAsnRef: 0 }
[fareharbor-normalize] asn normalized { normalizedAsnToFhdn: 128, fixedMissingAsnRef: 0 }
[fareharbor-normalize] asn normalized { normalizedAsnToFhdn: 129, fixedMissingAsnRef: 0 }
[fareharbor-normalize] asn normalized { normalizedAsnToFhdn: 130, fixedMissingAsnRef: 0 }
[fareharbor-normalize] asn normalized { normalizedAsnToFhdn: 131, fixedMissingAsnRef: 0 }
[fareharbor-normalize] asn normalized { normalizedAsnToFhdn: 132, fixedMissingAsnRef: 0 }
[fareharbor-normalize] asn normalized { normalizedAsnToFhdn: 133, fixedMissingAsnRef: 0 }
[fareharbor-normalize] asn normalized { normalizedAsnToFhdn: 134, fixedMissingAsnRef: 0 }
[fareharbor-normalize] asn normalized { normalizedAsnToFhdn: 135, fixedMissingAsnRef: 0 }
[fareharbor-normalize] asn normalized { normalizedAsnToFhdn: 136, fixedMissingAsnRef: 0 }
[fareharbor-normalize] asn normalized { normalizedAsnToFhdn: 137, fixedMissingAsnRef: 0 }
[fareharbor-normalize] asn normalized { normalizedAsnToFhdn: 138, fixedMissingAsnRef: 0 }
[fareharbor-normalize] asn normalized { normalizedAsnToFhdn: 139, fixedMissingAsnRef: 0 }
[fareharbor-normalize] asn normalized { normalizedAsnToFhdn: 140, fixedMissingAsnRef: 0 }
[fareharbor-normalize] asn normalized { normalizedAsnToFhdn: 141, fixedMissingAsnRef: 0 }
[fareharbor-normalize] asn normalized { normalizedAsnToFhdn: 142, fixedMissingAsnRef: 0 }
[fareharbor-normalize] asn normalized { normalizedAsnToFhdn: 143, fixedMissingAsnRef: 0 }
[fareharbor-normalize] asn normalized { normalizedAsnToFhdn: 144, fixedMissingAsnRef: 0 }
[fareharbor-normalize] asn normalized { normalizedAsnToFhdn: 145, fixedMissingAsnRef: 0 }
[fareharbor-normalize] asn normalized { normalizedAsnToFhdn: 146, fixedMissingAsnRef: 0 }
[fareharbor-normalize] asn normalized { normalizedAsnToFhdn: 147, fixedMissingAsnRef: 0 }
[fareharbor-normalize] asn normalized { normalizedAsnToFhdn: 148, fixedMissingAsnRef: 0 }
[fareharbor-normalize] asn normalized { normalizedAsnToFhdn: 149, fixedMissingAsnRef: 0 }
[fareharbor-normalize] asn normalized { normalizedAsnToFhdn: 150, fixedMissingAsnRef: 0 }
[fareharbor-normalize] asn normalized { normalizedAsnToFhdn: 151, fixedMissingAsnRef: 0 }
[fareharbor-normalize] asn normalized { normalizedAsnToFhdn: 152, fixedMissingAsnRef: 0 }
[fareharbor-normalize] asn normalized { normalizedAsnToFhdn: 153, fixedMissingAsnRef: 0 }
[fareharbor-normalize] asn normalized { normalizedAsnToFhdn: 154, fixedMissingAsnRef: 0 }
[fareharbor-normalize] asn normalized { normalizedAsnToFhdn: 155, fixedMissingAsnRef: 0 }
[fareharbor-normalize] asn normalized { normalizedAsnToFhdn: 156, fixedMissingAsnRef: 0 }
[fareharbor-normalize] asn normalized { normalizedAsnToFhdn: 157, fixedMissingAsnRef: 0 }
[fareharbor-normalize] asn normalized { normalizedAsnToFhdn: 158, fixedMissingAsnRef: 0 }
[fareharbor-normalize] asn normalized { normalizedAsnToFhdn: 159, fixedMissingAsnRef: 0 }
[fareharbor-normalize] asn normalized { normalizedAsnToFhdn: 160, fixedMissingAsnRef: 0 }
[fareharbor-normalize] asn normalized { normalizedAsnToFhdn: 161, fixedMissingAsnRef: 0 }
[fareharbor-normalize] asn normalized { normalizedAsnToFhdn: 162, fixedMissingAsnRef: 0 }
[fareharbor-normalize] asn normalized { normalizedAsnToFhdn: 163, fixedMissingAsnRef: 0 }
[fareharbor-normalize] asn normalized { normalizedAsnToFhdn: 164, fixedMissingAsnRef: 0 }
[fareharbor-normalize] asn normalized { normalizedAsnToFhdn: 165, fixedMissingAsnRef: 0 }
[fareharbor-normalize] asn normalized { normalizedAsnToFhdn: 166, fixedMissingAsnRef: 0 }
[fareharbor-normalize] asn normalized { normalizedAsnToFhdn: 167, fixedMissingAsnRef: 0 }
[fareharbor-normalize] asn normalized { normalizedAsnToFhdn: 168, fixedMissingAsnRef: 0 }
[fareharbor-normalize] asn normalized { normalizedAsnToFhdn: 169, fixedMissingAsnRef: 0 }
[fareharbor-normalize] asn normalized { normalizedAsnToFhdn: 170, fixedMissingAsnRef: 0 }
[fareharbor-normalize] asn normalized { normalizedAsnToFhdn: 171, fixedMissingAsnRef: 0 }
[fareharbor-normalize] asn normalized { normalizedAsnToFhdn: 172, fixedMissingAsnRef: 0 }
[fareharbor-normalize] asn normalized { normalizedAsnToFhdn: 173, fixedMissingAsnRef: 0 }
[fareharbor-normalize] asn normalized { normalizedAsnToFhdn: 174, fixedMissingAsnRef: 0 }
[fareharbor-normalize] asn normalized { normalizedAsnToFhdn: 175, fixedMissingAsnRef: 0 }
[fareharbor-normalize] asn normalized { normalizedAsnToFhdn: 176, fixedMissingAsnRef: 0 }
[fareharbor-normalize] asn normalized { normalizedAsnToFhdn: 177, fixedMissingAsnRef: 0 }
[fareharbor-normalize] asn normalized { normalizedAsnToFhdn: 178, fixedMissingAsnRef: 0 }
[fareharbor-normalize] asn normalized { normalizedAsnToFhdn: 179, fixedMissingAsnRef: 0 }
[fareharbor-normalize] asn normalized { normalizedAsnToFhdn: 180, fixedMissingAsnRef: 0 }
[fareharbor-normalize] asn normalized { normalizedAsnToFhdn: 181, fixedMissingAsnRef: 0 }
[fareharbor-normalize] asn normalized { normalizedAsnToFhdn: 182, fixedMissingAsnRef: 0 }
[fareharbor-normalize] asn normalized { normalizedAsnToFhdn: 183, fixedMissingAsnRef: 0 }
[fareharbor-normalize] asn normalized { normalizedAsnToFhdn: 184, fixedMissingAsnRef: 0 }
[fareharbor-normalize] asn normalized { normalizedAsnToFhdn: 185, fixedMissingAsnRef: 0 }
[fareharbor-normalize] asn normalized { normalizedAsnToFhdn: 186, fixedMissingAsnRef: 0 }
[fareharbor-normalize] asn normalized { normalizedAsnToFhdn: 187, fixedMissingAsnRef: 0 }
[fareharbor-normalize] asn normalized { normalizedAsnToFhdn: 188, fixedMissingAsnRef: 0 }
[fareharbor-normalize] asn normalized { normalizedAsnToFhdn: 189, fixedMissingAsnRef: 0 }
[fareharbor-normalize] asn normalized { normalizedAsnToFhdn: 190, fixedMissingAsnRef: 0 }
[fareharbor-normalize] asn normalized { normalizedAsnToFhdn: 191, fixedMissingAsnRef: 0 }
[fareharbor-normalize] asn normalized { normalizedAsnToFhdn: 192, fixedMissingAsnRef: 0 }
[fareharbor-normalize] asn normalized { normalizedAsnToFhdn: 193, fixedMissingAsnRef: 0 }
[fareharbor-normalize] asn normalized { normalizedAsnToFhdn: 194, fixedMissingAsnRef: 0 }
[fareharbor-normalize] asn normalized { normalizedAsnToFhdn: 195, fixedMissingAsnRef: 0 }
[fareharbor-normalize] asn normalized { normalizedAsnToFhdn: 196, fixedMissingAsnRef: 0 }
[fareharbor-normalize] asn normalized { normalizedAsnToFhdn: 197, fixedMissingAsnRef: 0 }
[fareharbor-normalize] asn normalized { normalizedAsnToFhdn: 198, fixedMissingAsnRef: 0 }
[fareharbor-normalize] asn normalized { normalizedAsnToFhdn: 199, fixedMissingAsnRef: 0 }
[fareharbor-normalize] asn normalized { normalizedAsnToFhdn: 200, fixedMissingAsnRef: 0 }
[fareharbor-normalize] asn normalized { normalizedAsnToFhdn: 201, fixedMissingAsnRef: 0 }
[fareharbor-normalize] asn normalized { normalizedAsnToFhdn: 202, fixedMissingAsnRef: 0 }
[fareharbor-normalize] asn normalized { normalizedAsnToFhdn: 203, fixedMissingAsnRef: 0 }
[fareharbor-normalize] asn normalized { normalizedAsnToFhdn: 204, fixedMissingAsnRef: 0 }
[fareharbor-normalize] asn normalized { normalizedAsnToFhdn: 205, fixedMissingAsnRef: 0 }
[fareharbor-normalize] asn normalized { normalizedAsnToFhdn: 206, fixedMissingAsnRef: 0 }
[fareharbor-normalize] asn normalized { normalizedAsnToFhdn: 207, fixedMissingAsnRef: 0 }
[fareharbor-normalize] asn normalized { normalizedAsnToFhdn: 208, fixedMissingAsnRef: 0 }
[fareharbor-normalize] asn normalized { normalizedAsnToFhdn: 209, fixedMissingAsnRef: 0 }
[fareharbor-normalize] asn normalized { normalizedAsnToFhdn: 210, fixedMissingAsnRef: 0 }
[fareharbor-normalize] asn normalized { normalizedAsnToFhdn: 211, fixedMissingAsnRef: 0 }
[fareharbor-normalize] asn normalized { normalizedAsnToFhdn: 212, fixedMissingAsnRef: 0 }
[fareharbor-normalize] asn normalized { normalizedAsnToFhdn: 213, fixedMissingAsnRef: 0 }
[fareharbor-normalize] asn normalized { normalizedAsnToFhdn: 214, fixedMissingAsnRef: 0 }
[fareharbor-normalize] asn normalized { normalizedAsnToFhdn: 215, fixedMissingAsnRef: 0 }
[fareharbor-normalize] asn normalized { normalizedAsnToFhdn: 216, fixedMissingAsnRef: 0 }
[fareharbor-normalize] asn normalized { normalizedAsnToFhdn: 217, fixedMissingAsnRef: 0 }
[fareharbor-normalize] asn normalized { normalizedAsnToFhdn: 218, fixedMissingAsnRef: 0 }
[fareharbor-normalize] asn normalized { normalizedAsnToFhdn: 219, fixedMissingAsnRef: 0 }
[fareharbor-normalize] asn normalized { normalizedAsnToFhdn: 220, fixedMissingAsnRef: 0 }
[fareharbor-normalize] asn normalized { normalizedAsnToFhdn: 221, fixedMissingAsnRef: 0 }
[fareharbor-normalize] asn normalized { normalizedAsnToFhdn: 222, fixedMissingAsnRef: 0 }
[fareharbor-normalize] asn normalized { normalizedAsnToFhdn: 223, fixedMissingAsnRef: 0 }
[fareharbor-normalize] asn normalized { normalizedAsnToFhdn: 224, fixedMissingAsnRef: 0 }
[fareharbor-normalize] asn normalized { normalizedAsnToFhdn: 225, fixedMissingAsnRef: 0 }
[fareharbor-normalize] asn normalized { normalizedAsnToFhdn: 226, fixedMissingAsnRef: 0 }
[fareharbor-normalize] asn normalized { normalizedAsnToFhdn: 227, fixedMissingAsnRef: 0 }
[fareharbor-normalize] asn normalized { normalizedAsnToFhdn: 228, fixedMissingAsnRef: 0 }
[fareharbor-normalize] asn normalized { normalizedAsnToFhdn: 229, fixedMissingAsnRef: 0 }
[fareharbor-normalize] asn normalized { normalizedAsnToFhdn: 230, fixedMissingAsnRef: 0 }
[fareharbor-normalize] asn normalized { normalizedAsnToFhdn: 231, fixedMissingAsnRef: 0 }
[fareharbor-normalize] asn normalized { normalizedAsnToFhdn: 232, fixedMissingAsnRef: 0 }
[fareharbor-normalize] asn normalized { normalizedAsnToFhdn: 233, fixedMissingAsnRef: 0 }
[fareharbor-normalize] asn normalized { normalizedAsnToFhdn: 234, fixedMissingAsnRef: 0 }
[fareharbor-normalize] asn normalized { normalizedAsnToFhdn: 235, fixedMissingAsnRef: 0 }
[fareharbor-normalize] asn normalized { normalizedAsnToFhdn: 236, fixedMissingAsnRef: 0 }
[fareharbor-normalize] asn normalized { normalizedAsnToFhdn: 237, fixedMissingAsnRef: 0 }
[fareharbor-normalize] asn normalized { normalizedAsnToFhdn: 238, fixedMissingAsnRef: 0 }
[fareharbor-normalize] asn normalized { normalizedAsnToFhdn: 239, fixedMissingAsnRef: 0 }
[fareharbor-normalize] asn normalized { normalizedAsnToFhdn: 240, fixedMissingAsnRef: 0 }
[fareharbor-normalize] asn normalized { normalizedAsnToFhdn: 241, fixedMissingAsnRef: 0 }
[fareharbor-normalize] asn normalized { normalizedAsnToFhdn: 242, fixedMissingAsnRef: 0 }
[fareharbor-normalize] asn normalized { normalizedAsnToFhdn: 243, fixedMissingAsnRef: 0 }
[fareharbor-normalize] asn normalized { normalizedAsnToFhdn: 244, fixedMissingAsnRef: 0 }
[fareharbor-normalize] asn normalized { normalizedAsnToFhdn: 245, fixedMissingAsnRef: 0 }
[fareharbor-normalize] asn normalized { normalizedAsnToFhdn: 246, fixedMissingAsnRef: 0 }
[fareharbor-normalize] asn normalized { normalizedAsnToFhdn: 247, fixedMissingAsnRef: 0 }
[fareharbor-normalize] asn normalized { normalizedAsnToFhdn: 248, fixedMissingAsnRef: 0 }
[fareharbor-normalize] asn normalized { normalizedAsnToFhdn: 249, fixedMissingAsnRef: 0 }
[fareharbor-normalize] asn normalized { normalizedAsnToFhdn: 250, fixedMissingAsnRef: 0 }
[fareharbor-normalize] asn normalized { normalizedAsnToFhdn: 251, fixedMissingAsnRef: 0 }
[fareharbor-normalize] asn normalized { normalizedAsnToFhdn: 252, fixedMissingAsnRef: 0 }
[fareharbor-normalize] asn normalized { normalizedAsnToFhdn: 253, fixedMissingAsnRef: 0 }
[fareharbor-normalize] asn normalized { normalizedAsnToFhdn: 254, fixedMissingAsnRef: 0 }
[fareharbor-normalize] asn normalized { normalizedAsnToFhdn: 255, fixedMissingAsnRef: 0 }
[fareharbor-normalize] asn normalized { normalizedAsnToFhdn: 256, fixedMissingAsnRef: 0 }
[fareharbor-normalize] asn normalized { normalizedAsnToFhdn: 257, fixedMissingAsnRef: 0 }
[fareharbor-normalize] asn normalized { normalizedAsnToFhdn: 258, fixedMissingAsnRef: 0 }
[fareharbor-normalize] asn normalized { normalizedAsnToFhdn: 259, fixedMissingAsnRef: 0 }
[fareharbor-normalize] asn normalized { normalizedAsnToFhdn: 260, fixedMissingAsnRef: 0 }
[fareharbor-normalize] asn normalized { normalizedAsnToFhdn: 261, fixedMissingAsnRef: 0 }
[fareharbor-normalize] asn normalized { normalizedAsnToFhdn: 262, fixedMissingAsnRef: 0 }
[fareharbor-normalize] asn normalized { normalizedAsnToFhdn: 263, fixedMissingAsnRef: 0 }
[fareharbor-normalize] asn normalized { normalizedAsnToFhdn: 264, fixedMissingAsnRef: 0 }
[fareharbor-normalize] asn normalized { normalizedAsnToFhdn: 265, fixedMissingAsnRef: 0 }
[fareharbor-normalize] asn normalized { normalizedAsnToFhdn: 266, fixedMissingAsnRef: 0 }
[fareharbor-normalize] asn normalized { normalizedAsnToFhdn: 267, fixedMissingAsnRef: 0 }
[fareharbor-normalize] asn normalized { normalizedAsnToFhdn: 268, fixedMissingAsnRef: 0 }
[fareharbor-normalize] asn normalized { normalizedAsnToFhdn: 269, fixedMissingAsnRef: 0 }
[fareharbor-normalize] asn normalized { normalizedAsnToFhdn: 270, fixedMissingAsnRef: 0 }
[fareharbor-normalize] asn normalized { normalizedAsnToFhdn: 271, fixedMissingAsnRef: 0 }
[fareharbor-normalize] asn normalized { normalizedAsnToFhdn: 272, fixedMissingAsnRef: 0 }
[fareharbor-normalize] asn normalized { normalizedAsnToFhdn: 273, fixedMissingAsnRef: 0 }
[fareharbor-normalize] asn normalized { normalizedAsnToFhdn: 274, fixedMissingAsnRef: 0 }
[fareharbor-normalize] asn normalized { normalizedAsnToFhdn: 275, fixedMissingAsnRef: 0 }
[fareharbor-normalize] asn normalized { normalizedAsnToFhdn: 276, fixedMissingAsnRef: 0 }
[fareharbor-normalize] asn normalized { normalizedAsnToFhdn: 277, fixedMissingAsnRef: 0 }
[fareharbor-normalize] asn normalized { normalizedAsnToFhdn: 278, fixedMissingAsnRef: 0 }
[fareharbor-normalize] asn normalized { normalizedAsnToFhdn: 279, fixedMissingAsnRef: 0 }
[fareharbor-normalize] asn normalized { normalizedAsnToFhdn: 280, fixedMissingAsnRef: 0 }
[fareharbor-normalize] asn normalized { normalizedAsnToFhdn: 281, fixedMissingAsnRef: 0 }
[fareharbor-normalize] asn normalized { normalizedAsnToFhdn: 282, fixedMissingAsnRef: 0 }
[fareharbor-normalize] asn normalized { normalizedAsnToFhdn: 283, fixedMissingAsnRef: 0 }
[fareharbor-normalize] asn normalized { normalizedAsnToFhdn: 284, fixedMissingAsnRef: 0 }
[fareharbor-normalize] asn normalized { normalizedAsnToFhdn: 285, fixedMissingAsnRef: 0 }
[fareharbor-normalize] asn normalized { normalizedAsnToFhdn: 286, fixedMissingAsnRef: 0 }
[fareharbor-normalize] asn normalized { normalizedAsnToFhdn: 287, fixedMissingAsnRef: 0 }
[fareharbor-normalize] asn normalized { normalizedAsnToFhdn: 288, fixedMissingAsnRef: 0 }
[fareharbor-normalize] asn normalized { normalizedAsnToFhdn: 289, fixedMissingAsnRef: 0 }
[fareharbor-normalize] asn normalized { normalizedAsnToFhdn: 290, fixedMissingAsnRef: 0 }
[fareharbor-normalize] asn normalized { normalizedAsnToFhdn: 291, fixedMissingAsnRef: 0 }
[fareharbor-normalize] asn normalized { normalizedAsnToFhdn: 292, fixedMissingAsnRef: 0 }
[fareharbor-normalize] asn normalized { normalizedAsnToFhdn: 293, fixedMissingAsnRef: 0 }
[fareharbor-normalize] asn normalized { normalizedAsnToFhdn: 294, fixedMissingAsnRef: 0 }
[fareharbor-normalize] asn normalized { normalizedAsnToFhdn: 295, fixedMissingAsnRef: 0 }
[fareharbor-normalize] asn normalized { normalizedAsnToFhdn: 296, fixedMissingAsnRef: 0 }
[fareharbor-normalize] asn normalized { normalizedAsnToFhdn: 297, fixedMissingAsnRef: 0 }
[fareharbor-normalize] asn normalized { normalizedAsnToFhdn: 298, fixedMissingAsnRef: 0 }
[fareharbor-normalize] asn normalized { normalizedAsnToFhdn: 299, fixedMissingAsnRef: 0 }
[fareharbor-normalize] asn normalized { normalizedAsnToFhdn: 300, fixedMissingAsnRef: 0 }
[fareharbor-normalize] asn normalized { normalizedAsnToFhdn: 301, fixedMissingAsnRef: 0 }
[fareharbor-normalize] asn normalized { normalizedAsnToFhdn: 302, fixedMissingAsnRef: 0 }
[fareharbor-normalize] asn normalized { normalizedAsnToFhdn: 303, fixedMissingAsnRef: 0 }
[fareharbor-normalize] asn normalized { normalizedAsnToFhdn: 304, fixedMissingAsnRef: 0 }
[fareharbor-normalize] asn normalized { normalizedAsnToFhdn: 305, fixedMissingAsnRef: 0 }
[fareharbor-normalize] asn normalized { normalizedAsnToFhdn: 306, fixedMissingAsnRef: 0 }
[fareharbor-normalize] asn normalized { normalizedAsnToFhdn: 307, fixedMissingAsnRef: 0 }
[fareharbor-normalize] asn normalized { normalizedAsnToFhdn: 308, fixedMissingAsnRef: 0 }
[fareharbor-normalize] asn normalized { normalizedAsnToFhdn: 309, fixedMissingAsnRef: 0 }
[fareharbor-normalize] asn normalized { normalizedAsnToFhdn: 310, fixedMissingAsnRef: 0 }
[fareharbor-normalize] asn normalized { normalizedAsnToFhdn: 311, fixedMissingAsnRef: 0 }
[fareharbor-normalize] asn normalized { normalizedAsnToFhdn: 312, fixedMissingAsnRef: 0 }
[fareharbor-normalize] asn normalized { normalizedAsnToFhdn: 313, fixedMissingAsnRef: 0 }
[fareharbor-normalize] asn normalized { normalizedAsnToFhdn: 314, fixedMissingAsnRef: 0 }
[fareharbor-normalize] asn normalized { normalizedAsnToFhdn: 315, fixedMissingAsnRef: 0 }
[fareharbor-normalize] asn normalized { normalizedAsnToFhdn: 316, fixedMissingAsnRef: 0 }
[fareharbor-normalize] asn normalized { normalizedAsnToFhdn: 317, fixedMissingAsnRef: 0 }
[fareharbor-normalize] asn normalized { normalizedAsnToFhdn: 318, fixedMissingAsnRef: 0 }
[fareharbor-normalize] asn normalized { normalizedAsnToFhdn: 319, fixedMissingAsnRef: 0 }
[fareharbor-normalize] asn normalized { normalizedAsnToFhdn: 320, fixedMissingAsnRef: 0 }
[fareharbor-normalize] asn normalized { normalizedAsnToFhdn: 321, fixedMissingAsnRef: 0 }
[fareharbor-normalize] asn normalized { normalizedAsnToFhdn: 322, fixedMissingAsnRef: 0 }
[fareharbor-normalize] asn normalized { normalizedAsnToFhdn: 323, fixedMissingAsnRef: 0 }
[fareharbor-normalize] asn normalized { normalizedAsnToFhdn: 324, fixedMissingAsnRef: 0 }
[fareharbor-normalize] asn normalized { normalizedAsnToFhdn: 325, fixedMissingAsnRef: 0 }
[fareharbor-normalize] asn normalized { normalizedAsnToFhdn: 326, fixedMissingAsnRef: 0 }
[fareharbor-normalize] asn normalized { normalizedAsnToFhdn: 327, fixedMissingAsnRef: 0 }
[fareharbor-normalize] asn normalized { normalizedAsnToFhdn: 328, fixedMissingAsnRef: 0 }
[fareharbor-normalize] asn normalized { normalizedAsnToFhdn: 329, fixedMissingAsnRef: 0 }
[fareharbor-normalize] asn normalized { normalizedAsnToFhdn: 330, fixedMissingAsnRef: 0 }
[fareharbor-normalize] asn normalized { normalizedAsnToFhdn: 331, fixedMissingAsnRef: 0 }
[fareharbor-normalize] asn normalized { normalizedAsnToFhdn: 332, fixedMissingAsnRef: 0 }
[fareharbor-normalize] asn normalized { normalizedAsnToFhdn: 333, fixedMissingAsnRef: 0 }
[fareharbor-normalize] asn normalized { normalizedAsnToFhdn: 334, fixedMissingAsnRef: 0 }
[fareharbor-normalize] asn normalized { normalizedAsnToFhdn: 335, fixedMissingAsnRef: 0 }
[fareharbor-normalize] asn normalized { normalizedAsnToFhdn: 336, fixedMissingAsnRef: 0 }
[fareharbor-normalize] asn normalized { normalizedAsnToFhdn: 337, fixedMissingAsnRef: 0 }
[fareharbor-normalize] asn normalized { normalizedAsnToFhdn: 338, fixedMissingAsnRef: 0 }
[fareharbor-normalize] asn normalized { normalizedAsnToFhdn: 339, fixedMissingAsnRef: 0 }
[fareharbor-normalize] asn normalized { normalizedAsnToFhdn: 340, fixedMissingAsnRef: 0 }
[fareharbor-normalize] asn normalized { normalizedAsnToFhdn: 341, fixedMissingAsnRef: 0 }
[fareharbor-normalize] asn normalized { normalizedAsnToFhdn: 342, fixedMissingAsnRef: 0 }
[fareharbor-normalize] asn normalized { normalizedAsnToFhdn: 343, fixedMissingAsnRef: 0 }
[fareharbor-normalize] asn normalized { normalizedAsnToFhdn: 344, fixedMissingAsnRef: 0 }
[fareharbor-normalize] asn normalized { normalizedAsnToFhdn: 345, fixedMissingAsnRef: 0 }
[fareharbor-normalize] asn normalized { normalizedAsnToFhdn: 346, fixedMissingAsnRef: 0 }
[fareharbor-normalize] asn normalized { normalizedAsnToFhdn: 347, fixedMissingAsnRef: 0 }
[fareharbor-normalize] asn normalized { normalizedAsnToFhdn: 348, fixedMissingAsnRef: 0 }
[fareharbor-normalize] asn normalized { normalizedAsnToFhdn: 349, fixedMissingAsnRef: 0 }
[fareharbor-normalize] asn normalized { normalizedAsnToFhdn: 350, fixedMissingAsnRef: 0 }
[fareharbor-normalize] asn normalized { normalizedAsnToFhdn: 351, fixedMissingAsnRef: 0 }
[fareharbor-normalize] asn normalized { normalizedAsnToFhdn: 352, fixedMissingAsnRef: 0 }
[fareharbor-normalize] asn normalized { normalizedAsnToFhdn: 353, fixedMissingAsnRef: 0 }
[fareharbor-normalize] asn normalized { normalizedAsnToFhdn: 354, fixedMissingAsnRef: 0 }
[fareharbor-normalize] asn normalized { normalizedAsnToFhdn: 355, fixedMissingAsnRef: 0 }
[fareharbor-normalize] asn normalized { normalizedAsnToFhdn: 356, fixedMissingAsnRef: 0 }
[fareharbor-normalize] asn normalized { normalizedAsnToFhdn: 357, fixedMissingAsnRef: 0 }
[fareharbor-normalize] asn normalized { normalizedAsnToFhdn: 358, fixedMissingAsnRef: 0 }
[fareharbor-normalize] asn normalized { normalizedAsnToFhdn: 359, fixedMissingAsnRef: 0 }
[fareharbor-normalize] asn normalized { normalizedAsnToFhdn: 360, fixedMissingAsnRef: 0 }
[fareharbor-normalize] asn normalized { normalizedAsnToFhdn: 361, fixedMissingAsnRef: 0 }
[fareharbor-normalize] asn normalized { normalizedAsnToFhdn: 362, fixedMissingAsnRef: 0 }
[fareharbor-normalize] asn normalized { normalizedAsnToFhdn: 363, fixedMissingAsnRef: 0 }
[fareharbor-normalize] asn normalized { normalizedAsnToFhdn: 364, fixedMissingAsnRef: 0 }
[fareharbor-normalize] asn normalized { normalizedAsnToFhdn: 365, fixedMissingAsnRef: 0 }
[fareharbor-normalize] asn normalized { normalizedAsnToFhdn: 366, fixedMissingAsnRef: 0 }
[fareharbor-normalize] asn normalized { normalizedAsnToFhdn: 367, fixedMissingAsnRef: 0 }
[fareharbor-normalize] asn normalized { normalizedAsnToFhdn: 368, fixedMissingAsnRef: 0 }
[fareharbor-normalize] asn normalized { normalizedAsnToFhdn: 369, fixedMissingAsnRef: 0 }
[fareharbor-normalize] asn normalized { normalizedAsnToFhdn: 370, fixedMissingAsnRef: 0 }
[fareharbor-normalize] asn normalized { normalizedAsnToFhdn: 371, fixedMissingAsnRef: 0 }
[fareharbor-normalize] asn normalized { normalizedAsnToFhdn: 372, fixedMissingAsnRef: 0 }
[fareharbor-normalize] asn normalized { normalizedAsnToFhdn: 373, fixedMissingAsnRef: 0 }
[fareharbor-normalize] asn normalized { normalizedAsnToFhdn: 374, fixedMissingAsnRef: 0 }
[fareharbor-normalize] asn normalized { normalizedAsnToFhdn: 375, fixedMissingAsnRef: 0 }
[fareharbor-normalize] asn normalized { normalizedAsnToFhdn: 376, fixedMissingAsnRef: 0 }
[fareharbor-normalize] asn normalized { normalizedAsnToFhdn: 377, fixedMissingAsnRef: 0 }
[fareharbor-normalize] asn normalized { normalizedAsnToFhdn: 378, fixedMissingAsnRef: 0 }
[fareharbor-normalize] asn normalized { normalizedAsnToFhdn: 379, fixedMissingAsnRef: 0 }
[fareharbor-normalize] asn normalized { normalizedAsnToFhdn: 380, fixedMissingAsnRef: 0 }
[fareharbor-normalize] asn normalized { normalizedAsnToFhdn: 381, fixedMissingAsnRef: 0 }
[fareharbor-normalize] asn normalized { normalizedAsnToFhdn: 382, fixedMissingAsnRef: 0 }
[fareharbor-normalize] asn normalized { normalizedAsnToFhdn: 383, fixedMissingAsnRef: 0 }
[fareharbor-normalize] asn normalized { normalizedAsnToFhdn: 384, fixedMissingAsnRef: 0 }
[fareharbor-normalize] asn normalized { normalizedAsnToFhdn: 385, fixedMissingAsnRef: 0 }
[fareharbor-normalize] asn normalized { normalizedAsnToFhdn: 386, fixedMissingAsnRef: 0 }
[fareharbor-normalize] asn normalized { normalizedAsnToFhdn: 387, fixedMissingAsnRef: 0 }
[fareharbor-normalize] asn normalized { normalizedAsnToFhdn: 388, fixedMissingAsnRef: 0 }
[fareharbor-normalize] asn normalized { normalizedAsnToFhdn: 389, fixedMissingAsnRef: 0 }
[fareharbor-normalize] asn normalized { normalizedAsnToFhdn: 390, fixedMissingAsnRef: 0 }
[fareharbor-normalize] asn normalized { normalizedAsnToFhdn: 391, fixedMissingAsnRef: 0 }
[fareharbor-normalize] asn normalized { normalizedAsnToFhdn: 392, fixedMissingAsnRef: 0 }
[fareharbor-normalize] asn normalized { normalizedAsnToFhdn: 393, fixedMissingAsnRef: 0 }
[fareharbor-normalize] asn normalized { normalizedAsnToFhdn: 394, fixedMissingAsnRef: 0 }
[fareharbor-normalize] asn normalized { normalizedAsnToFhdn: 395, fixedMissingAsnRef: 0 }
[fareharbor-normalize] asn normalized { normalizedAsnToFhdn: 396, fixedMissingAsnRef: 0 }
[fareharbor-normalize] asn normalized { normalizedAsnToFhdn: 397, fixedMissingAsnRef: 0 }
[fareharbor-normalize] asn normalized { normalizedAsnToFhdn: 398, fixedMissingAsnRef: 0 }
[fareharbor-normalize] asn normalized { normalizedAsnToFhdn: 399, fixedMissingAsnRef: 0 }
[fareharbor-normalize] asn normalized { normalizedAsnToFhdn: 400, fixedMissingAsnRef: 0 }
[fareharbor-normalize] asn normalized { normalizedAsnToFhdn: 401, fixedMissingAsnRef: 0 }
[fareharbor-normalize] asn normalized { normalizedAsnToFhdn: 402, fixedMissingAsnRef: 0 }
[fareharbor-normalize] asn normalized { normalizedAsnToFhdn: 403, fixedMissingAsnRef: 0 }
[fareharbor-normalize] asn normalized { normalizedAsnToFhdn: 404, fixedMissingAsnRef: 0 }
[fareharbor-normalize] asn normalized { normalizedAsnToFhdn: 405, fixedMissingAsnRef: 0 }
[fareharbor-normalize] asn normalized { normalizedAsnToFhdn: 406, fixedMissingAsnRef: 0 }
[fareharbor-normalize] asn normalized { normalizedAsnToFhdn: 407, fixedMissingAsnRef: 0 }
[fareharbor-normalize] asn normalized { normalizedAsnToFhdn: 408, fixedMissingAsnRef: 0 }
[fareharbor-normalize] asn normalized { normalizedAsnToFhdn: 409, fixedMissingAsnRef: 0 }
[fareharbor-normalize] asn normalized { normalizedAsnToFhdn: 410, fixedMissingAsnRef: 0 }
[fareharbor-normalize] asn normalized { normalizedAsnToFhdn: 411, fixedMissingAsnRef: 0 }
[fareharbor-normalize] asn normalized { normalizedAsnToFhdn: 412, fixedMissingAsnRef: 0 }
[fareharbor-normalize] asn normalized { normalizedAsnToFhdn: 413, fixedMissingAsnRef: 0 }
[fareharbor-normalize] asn normalized { normalizedAsnToFhdn: 414, fixedMissingAsnRef: 0 }
[fareharbor-normalize] asn normalized { normalizedAsnToFhdn: 415, fixedMissingAsnRef: 0 }
[fareharbor-normalize] asn normalized { normalizedAsnToFhdn: 416, fixedMissingAsnRef: 0 }
[fareharbor-normalize] asn normalized { normalizedAsnToFhdn: 417, fixedMissingAsnRef: 0 }
[fareharbor-normalize] asn normalized { normalizedAsnToFhdn: 418, fixedMissingAsnRef: 0 }
[fareharbor-normalize] asn normalized { normalizedAsnToFhdn: 419, fixedMissingAsnRef: 0 }
[fareharbor-normalize] asn normalized { normalizedAsnToFhdn: 420, fixedMissingAsnRef: 0 }
[fareharbor-normalize] asn normalized { normalizedAsnToFhdn: 421, fixedMissingAsnRef: 0 }
[fareharbor-normalize] asn normalized { normalizedAsnToFhdn: 422, fixedMissingAsnRef: 0 }
[fareharbor-normalize] asn normalized { normalizedAsnToFhdn: 423, fixedMissingAsnRef: 0 }
[fareharbor-normalize] asn normalized { normalizedAsnToFhdn: 424, fixedMissingAsnRef: 0 }
[fareharbor-normalize] asn normalized { normalizedAsnToFhdn: 425, fixedMissingAsnRef: 0 }
[fareharbor-normalize] asn normalized { normalizedAsnToFhdn: 426, fixedMissingAsnRef: 0 }
[fareharbor-normalize] asn normalized { normalizedAsnToFhdn: 427, fixedMissingAsnRef: 0 }
[fareharbor-normalize] asn normalized { normalizedAsnToFhdn: 428, fixedMissingAsnRef: 0 }
[fareharbor-normalize] asn normalized { normalizedAsnToFhdn: 429, fixedMissingAsnRef: 0 }
[fareharbor-normalize] asn normalized { normalizedAsnToFhdn: 430, fixedMissingAsnRef: 0 }
[fareharbor-normalize] asn normalized { normalizedAsnToFhdn: 431, fixedMissingAsnRef: 0 }
[fareharbor-normalize] asn normalized { normalizedAsnToFhdn: 432, fixedMissingAsnRef: 0 }
[fareharbor-normalize] asn normalized { normalizedAsnToFhdn: 433, fixedMissingAsnRef: 0 }
[fareharbor-normalize] asn normalized { normalizedAsnToFhdn: 434, fixedMissingAsnRef: 0 }
[fareharbor-normalize] asn normalized { normalizedAsnToFhdn: 435, fixedMissingAsnRef: 0 }
[fareharbor-normalize] asn normalized { normalizedAsnToFhdn: 436, fixedMissingAsnRef: 0 }
[fareharbor-normalize] asn normalized { normalizedAsnToFhdn: 437, fixedMissingAsnRef: 0 }
[fareharbor-normalize] asn normalized { normalizedAsnToFhdn: 438, fixedMissingAsnRef: 0 }
[fareharbor-normalize] asn normalized { normalizedAsnToFhdn: 439, fixedMissingAsnRef: 0 }
[fareharbor-normalize] asn normalized { normalizedAsnToFhdn: 440, fixedMissingAsnRef: 0 }
[fareharbor-normalize] asn normalized { normalizedAsnToFhdn: 441, fixedMissingAsnRef: 0 }
[fareharbor-normalize] asn normalized { normalizedAsnToFhdn: 442, fixedMissingAsnRef: 0 }
[fareharbor-normalize] asn normalized { normalizedAsnToFhdn: 443, fixedMissingAsnRef: 0 }
[fareharbor-normalize] asn normalized { normalizedAsnToFhdn: 444, fixedMissingAsnRef: 0 }
[fareharbor-normalize] asn normalized { normalizedAsnToFhdn: 445, fixedMissingAsnRef: 0 }
[fareharbor-normalize] asn normalized { normalizedAsnToFhdn: 446, fixedMissingAsnRef: 0 }
[fareharbor-normalize] asn normalized { normalizedAsnToFhdn: 447, fixedMissingAsnRef: 0 }
[fareharbor-normalize] asn normalized { normalizedAsnToFhdn: 448, fixedMissingAsnRef: 0 }
[fareharbor-normalize] asn normalized { normalizedAsnToFhdn: 449, fixedMissingAsnRef: 0 }
[fareharbor-normalize] asn normalized { normalizedAsnToFhdn: 450, fixedMissingAsnRef: 0 }
[fareharbor-normalize] asn normalized { normalizedAsnToFhdn: 451, fixedMissingAsnRef: 0 }
[fareharbor-normalize] asn normalized { normalizedAsnToFhdn: 452, fixedMissingAsnRef: 0 }
[fareharbor-normalize] asn normalized { normalizedAsnToFhdn: 453, fixedMissingAsnRef: 0 }
[fareharbor-normalize] asn normalized { normalizedAsnToFhdn: 454, fixedMissingAsnRef: 0 }
[fareharbor-normalize] asn normalized { normalizedAsnToFhdn: 455, fixedMissingAsnRef: 0 }
[fareharbor-normalize] asn normalized { normalizedAsnToFhdn: 456, fixedMissingAsnRef: 0 }
[fareharbor-normalize] asn normalized { normalizedAsnToFhdn: 457, fixedMissingAsnRef: 0 }
[fareharbor-normalize] asn normalized { normalizedAsnToFhdn: 458, fixedMissingAsnRef: 0 }
[fareharbor-normalize] asn normalized { normalizedAsnToFhdn: 459, fixedMissingAsnRef: 0 }
[fareharbor-normalize] asn normalized { normalizedAsnToFhdn: 460, fixedMissingAsnRef: 0 }
[fareharbor-normalize] asn normalized { normalizedAsnToFhdn: 461, fixedMissingAsnRef: 0 }
[fareharbor-normalize] asn normalized { normalizedAsnToFhdn: 462, fixedMissingAsnRef: 0 }
[fareharbor-normalize] asn normalized { normalizedAsnToFhdn: 463, fixedMissingAsnRef: 0 }
[fareharbor-normalize] asn normalized { normalizedAsnToFhdn: 464, fixedMissingAsnRef: 0 }
[fareharbor-normalize] asn normalized { normalizedAsnToFhdn: 465, fixedMissingAsnRef: 0 }
[fareharbor-normalize] asn normalized { normalizedAsnToFhdn: 466, fixedMissingAsnRef: 0 }
[fareharbor-normalize] asn normalized { normalizedAsnToFhdn: 467, fixedMissingAsnRef: 0 }
[fareharbor-normalize] asn normalized { normalizedAsnToFhdn: 468, fixedMissingAsnRef: 0 }
[fareharbor-normalize] asn normalized { normalizedAsnToFhdn: 469, fixedMissingAsnRef: 0 }
[fareharbor-normalize] asn normalized { normalizedAsnToFhdn: 470, fixedMissingAsnRef: 0 }
[fareharbor-normalize] asn normalized { normalizedAsnToFhdn: 471, fixedMissingAsnRef: 0 }
[fareharbor-normalize] asn normalized { normalizedAsnToFhdn: 472, fixedMissingAsnRef: 0 }
[fareharbor-normalize] asn normalized { normalizedAsnToFhdn: 473, fixedMissingAsnRef: 0 }
[fareharbor-normalize] asn normalized { normalizedAsnToFhdn: 474, fixedMissingAsnRef: 0 }
[fareharbor-normalize] asn normalized { normalizedAsnToFhdn: 475, fixedMissingAsnRef: 0 }
[fareharbor-normalize] asn normalized { normalizedAsnToFhdn: 476, fixedMissingAsnRef: 0 }
[fareharbor-normalize] asn normalized { normalizedAsnToFhdn: 477, fixedMissingAsnRef: 0 }
[fareharbor-normalize] asn normalized { normalizedAsnToFhdn: 478, fixedMissingAsnRef: 0 }
[fareharbor-normalize] asn normalized { normalizedAsnToFhdn: 479, fixedMissingAsnRef: 0 }
[fareharbor-normalize] asn normalized { normalizedAsnToFhdn: 480, fixedMissingAsnRef: 0 }
[fareharbor-normalize] asn normalized { normalizedAsnToFhdn: 481, fixedMissingAsnRef: 0 }
[fareharbor-normalize] asn normalized { normalizedAsnToFhdn: 482, fixedMissingAsnRef: 0 }
[fareharbor-normalize] asn normalized { normalizedAsnToFhdn: 483, fixedMissingAsnRef: 0 }
[fareharbor-normalize] asn normalized { normalizedAsnToFhdn: 484, fixedMissingAsnRef: 0 }
[fareharbor-normalize] asn normalized { normalizedAsnToFhdn: 485, fixedMissingAsnRef: 0 }
[fareharbor-normalize] asn normalized { normalizedAsnToFhdn: 486, fixedMissingAsnRef: 0 }
[fareharbor-normalize] asn normalized { normalizedAsnToFhdn: 487, fixedMissingAsnRef: 0 }
[fareharbor-normalize] asn normalized { normalizedAsnToFhdn: 488, fixedMissingAsnRef: 0 }
[fareharbor-normalize] asn normalized { normalizedAsnToFhdn: 489, fixedMissingAsnRef: 0 }
[fareharbor-normalize] asn normalized { normalizedAsnToFhdn: 490, fixedMissingAsnRef: 0 }
[fareharbor-normalize] asn normalized { normalizedAsnToFhdn: 491, fixedMissingAsnRef: 0 }
[fareharbor-normalize] asn normalized { normalizedAsnToFhdn: 492, fixedMissingAsnRef: 0 }
[fareharbor-normalize] asn normalized { normalizedAsnToFhdn: 493, fixedMissingAsnRef: 0 }
[fareharbor-normalize] asn normalized { normalizedAsnToFhdn: 494, fixedMissingAsnRef: 0 }
[fareharbor-normalize] asn normalized { normalizedAsnToFhdn: 495, fixedMissingAsnRef: 0 }
[fareharbor-normalize] asn normalized { normalizedAsnToFhdn: 496, fixedMissingAsnRef: 0 }
[fareharbor-normalize] asn normalized { normalizedAsnToFhdn: 497, fixedMissingAsnRef: 0 }
[fareharbor-normalize] asn normalized { normalizedAsnToFhdn: 498, fixedMissingAsnRef: 0 }
[fareharbor-normalize] asn normalized { normalizedAsnToFhdn: 499, fixedMissingAsnRef: 0 }
[fareharbor-normalize] asn normalized { normalizedAsnToFhdn: 500, fixedMissingAsnRef: 0 }
[fareharbor-normalize] asn normalized { normalizedAsnToFhdn: 501, fixedMissingAsnRef: 0 }
[fareharbor-normalize] asn normalized { normalizedAsnToFhdn: 502, fixedMissingAsnRef: 0 }
[fareharbor-normalize] asn normalized { normalizedAsnToFhdn: 503, fixedMissingAsnRef: 0 }
[fareharbor-normalize] asn normalized { normalizedAsnToFhdn: 504, fixedMissingAsnRef: 0 }
[fareharbor-normalize] asn normalized { normalizedAsnToFhdn: 505, fixedMissingAsnRef: 0 }
[fareharbor-normalize] asn normalized { normalizedAsnToFhdn: 506, fixedMissingAsnRef: 0 }
[fareharbor-normalize] asn normalized { normalizedAsnToFhdn: 507, fixedMissingAsnRef: 0 }
[fareharbor-normalize] asn normalized { normalizedAsnToFhdn: 508, fixedMissingAsnRef: 0 }
[fareharbor-normalize] asn normalized { normalizedAsnToFhdn: 509, fixedMissingAsnRef: 0 }
[fareharbor-normalize] asn normalized { normalizedAsnToFhdn: 510, fixedMissingAsnRef: 0 }
[fareharbor-normalize] asn normalized { normalizedAsnToFhdn: 511, fixedMissingAsnRef: 0 }
[fareharbor-normalize] asn normalized { normalizedAsnToFhdn: 512, fixedMissingAsnRef: 0 }
[fareharbor-normalize] asn normalized { normalizedAsnToFhdn: 513, fixedMissingAsnRef: 0 }
[fareharbor-normalize] asn normalized { normalizedAsnToFhdn: 514, fixedMissingAsnRef: 0 }
[fareharbor-normalize] asn normalized { normalizedAsnToFhdn: 515, fixedMissingAsnRef: 0 }
[fareharbor-normalize] asn normalized { normalizedAsnToFhdn: 516, fixedMissingAsnRef: 0 }
[fareharbor-normalize] asn normalized { normalizedAsnToFhdn: 517, fixedMissingAsnRef: 0 }
[fareharbor-normalize] asn normalized { normalizedAsnToFhdn: 518, fixedMissingAsnRef: 0 }
[fareharbor-normalize] asn normalized { normalizedAsnToFhdn: 519, fixedMissingAsnRef: 0 }
[fareharbor-normalize] asn normalized { normalizedAsnToFhdn: 520, fixedMissingAsnRef: 0 }
[fareharbor-normalize] asn normalized { normalizedAsnToFhdn: 521, fixedMissingAsnRef: 0 }
[fareharbor-normalize] asn normalized { normalizedAsnToFhdn: 522, fixedMissingAsnRef: 0 }
[fareharbor-normalize] asn normalized { normalizedAsnToFhdn: 523, fixedMissingAsnRef: 0 }
[fareharbor-normalize] asn normalized { normalizedAsnToFhdn: 524, fixedMissingAsnRef: 0 }
[fareharbor-normalize] asn normalized { normalizedAsnToFhdn: 525, fixedMissingAsnRef: 0 }
[fareharbor-normalize] asn normalized { normalizedAsnToFhdn: 526, fixedMissingAsnRef: 0 }
[fareharbor-normalize] asn normalized { normalizedAsnToFhdn: 527, fixedMissingAsnRef: 0 }
[fareharbor-normalize] asn normalized { normalizedAsnToFhdn: 528, fixedMissingAsnRef: 0 }
[fareharbor-normalize] asn normalized { normalizedAsnToFhdn: 529, fixedMissingAsnRef: 0 }
[fareharbor-normalize] asn normalized { normalizedAsnToFhdn: 530, fixedMissingAsnRef: 0 }
[fareharbor-normalize] asn normalized { normalizedAsnToFhdn: 531, fixedMissingAsnRef: 0 }
[fareharbor-normalize] asn normalized { normalizedAsnToFhdn: 532, fixedMissingAsnRef: 0 }
[fareharbor-normalize] asn normalized { normalizedAsnToFhdn: 533, fixedMissingAsnRef: 0 }
[fareharbor-normalize] asn normalized { normalizedAsnToFhdn: 534, fixedMissingAsnRef: 0 }
[fareharbor-normalize] asn normalized { normalizedAsnToFhdn: 535, fixedMissingAsnRef: 0 }
[fareharbor-normalize] asn normalized { normalizedAsnToFhdn: 536, fixedMissingAsnRef: 0 }
[fareharbor-normalize] asn normalized { normalizedAsnToFhdn: 537, fixedMissingAsnRef: 0 }
[fareharbor-normalize] asn normalized { normalizedAsnToFhdn: 538, fixedMissingAsnRef: 0 }
[fareharbor-normalize] asn normalized { normalizedAsnToFhdn: 539, fixedMissingAsnRef: 0 }
[fareharbor-normalize] asn normalized { normalizedAsnToFhdn: 540, fixedMissingAsnRef: 0 }
[fareharbor-normalize] asn normalized { normalizedAsnToFhdn: 541, fixedMissingAsnRef: 0 }
[fareharbor-normalize] asn normalized { normalizedAsnToFhdn: 542, fixedMissingAsnRef: 0 }
[fareharbor-normalize] asn normalized { normalizedAsnToFhdn: 543, fixedMissingAsnRef: 0 }
[fareharbor-normalize] asn normalized { normalizedAsnToFhdn: 544, fixedMissingAsnRef: 0 }
[fareharbor-normalize] asn normalized { normalizedAsnToFhdn: 545, fixedMissingAsnRef: 0 }
[fareharbor-normalize] asn normalized { normalizedAsnToFhdn: 546, fixedMissingAsnRef: 0 }
[fareharbor-normalize] asn normalized { normalizedAsnToFhdn: 547, fixedMissingAsnRef: 0 }
[fareharbor-normalize] asn normalized { normalizedAsnToFhdn: 548, fixedMissingAsnRef: 0 }
[fareharbor-normalize] asn normalized { normalizedAsnToFhdn: 549, fixedMissingAsnRef: 0 }
[fareharbor-normalize] asn normalized { normalizedAsnToFhdn: 550, fixedMissingAsnRef: 0 }
[fareharbor-normalize] asn normalized { normalizedAsnToFhdn: 551, fixedMissingAsnRef: 0 }
[fareharbor-normalize] asn normalized { normalizedAsnToFhdn: 552, fixedMissingAsnRef: 0 }
[fareharbor-normalize] asn normalized { normalizedAsnToFhdn: 553, fixedMissingAsnRef: 0 }
[fareharbor-normalize] asn normalized { normalizedAsnToFhdn: 554, fixedMissingAsnRef: 0 }
[fareharbor-normalize] asn normalized { normalizedAsnToFhdn: 555, fixedMissingAsnRef: 0 }
[fareharbor-normalize] asn normalized { normalizedAsnToFhdn: 556, fixedMissingAsnRef: 0 }
[fareharbor-normalize] asn normalized { normalizedAsnToFhdn: 557, fixedMissingAsnRef: 0 }
[fareharbor-normalize] asn normalized { normalizedAsnToFhdn: 558, fixedMissingAsnRef: 0 }
[fareharbor-normalize] asn normalized { normalizedAsnToFhdn: 559, fixedMissingAsnRef: 0 }
[fareharbor-normalize] asn normalized { normalizedAsnToFhdn: 560, fixedMissingAsnRef: 0 }
[fareharbor-normalize] asn normalized { normalizedAsnToFhdn: 561, fixedMissingAsnRef: 0 }
[fareharbor-normalize] asn normalized { normalizedAsnToFhdn: 562, fixedMissingAsnRef: 0 }
[fareharbor-normalize] asn normalized { normalizedAsnToFhdn: 563, fixedMissingAsnRef: 0 }
[fareharbor-normalize] asn normalized { normalizedAsnToFhdn: 564, fixedMissingAsnRef: 0 }
[fareharbor-normalize] asn normalized { normalizedAsnToFhdn: 565, fixedMissingAsnRef: 0 }
[fareharbor-normalize] asn normalized { normalizedAsnToFhdn: 566, fixedMissingAsnRef: 0 }
[fareharbor-normalize] asn normalized { normalizedAsnToFhdn: 567, fixedMissingAsnRef: 0 }
[fareharbor-normalize] asn normalized { normalizedAsnToFhdn: 568, fixedMissingAsnRef: 0 }
[fareharbor-normalize] asn normalized { normalizedAsnToFhdn: 569, fixedMissingAsnRef: 0 }
[fareharbor-normalize] asn normalized { normalizedAsnToFhdn: 570, fixedMissingAsnRef: 0 }
[fareharbor-normalize] asn normalized { normalizedAsnToFhdn: 571, fixedMissingAsnRef: 0 }
[fareharbor-normalize] asn normalized { normalizedAsnToFhdn: 572, fixedMissingAsnRef: 0 }
[fareharbor-normalize] asn normalized { normalizedAsnToFhdn: 573, fixedMissingAsnRef: 0 }
[fareharbor-normalize] asn normalized { normalizedAsnToFhdn: 574, fixedMissingAsnRef: 0 }
[fareharbor-normalize] asn normalized { normalizedAsnToFhdn: 575, fixedMissingAsnRef: 0 }
[fareharbor-normalize] asn normalized { normalizedAsnToFhdn: 576, fixedMissingAsnRef: 0 }
[fareharbor-normalize] asn normalized { normalizedAsnToFhdn: 577, fixedMissingAsnRef: 0 }
[fareharbor-normalize] asn normalized { normalizedAsnToFhdn: 578, fixedMissingAsnRef: 0 }
[fareharbor-normalize] asn normalized { normalizedAsnToFhdn: 579, fixedMissingAsnRef: 0 }
[fareharbor-normalize] asn normalized { normalizedAsnToFhdn: 580, fixedMissingAsnRef: 0 }
[fareharbor-normalize] asn normalized { normalizedAsnToFhdn: 581, fixedMissingAsnRef: 0 }
[fareharbor-normalize] asn normalized { normalizedAsnToFhdn: 582, fixedMissingAsnRef: 0 }
[fareharbor-normalize] asn normalized { normalizedAsnToFhdn: 583, fixedMissingAsnRef: 0 }
[fareharbor-normalize] asn normalized { normalizedAsnToFhdn: 584, fixedMissingAsnRef: 0 }
[fareharbor-normalize] asn normalized { normalizedAsnToFhdn: 585, fixedMissingAsnRef: 0 }
[fareharbor-normalize] asn normalized { normalizedAsnToFhdn: 586, fixedMissingAsnRef: 0 }
[fareharbor-normalize] asn normalized { normalizedAsnToFhdn: 587, fixedMissingAsnRef: 0 }
[fareharbor-normalize] asn normalized { normalizedAsnToFhdn: 588, fixedMissingAsnRef: 0 }
[fareharbor-normalize] asn normalized { normalizedAsnToFhdn: 589, fixedMissingAsnRef: 0 }
[fareharbor-normalize] asn normalized { normalizedAsnToFhdn: 590, fixedMissingAsnRef: 0 }
[fareharbor-normalize] asn normalized { normalizedAsnToFhdn: 591, fixedMissingAsnRef: 0 }
[fareharbor-normalize] asn normalized { normalizedAsnToFhdn: 592, fixedMissingAsnRef: 0 }
[fareharbor-normalize] asn normalized { normalizedAsnToFhdn: 593, fixedMissingAsnRef: 0 }
[fareharbor-normalize] asn normalized { normalizedAsnToFhdn: 594, fixedMissingAsnRef: 0 }
[fareharbor-normalize] asn normalized { normalizedAsnToFhdn: 595, fixedMissingAsnRef: 0 }
[fareharbor-normalize] asn normalized { normalizedAsnToFhdn: 596, fixedMissingAsnRef: 0 }
[fareharbor-normalize] asn normalized { normalizedAsnToFhdn: 597, fixedMissingAsnRef: 0 }
[fareharbor-normalize] asn normalized { normalizedAsnToFhdn: 598, fixedMissingAsnRef: 0 }
[fareharbor-normalize] asn normalized { normalizedAsnToFhdn: 599, fixedMissingAsnRef: 0 }
[fareharbor-normalize] asn normalized { normalizedAsnToFhdn: 600, fixedMissingAsnRef: 0 }
[fareharbor-normalize] asn normalized { normalizedAsnToFhdn: 601, fixedMissingAsnRef: 0 }
[fareharbor-normalize] asn normalized { normalizedAsnToFhdn: 602, fixedMissingAsnRef: 0 }
[fareharbor-normalize] asn normalized { normalizedAsnToFhdn: 603, fixedMissingAsnRef: 0 }
[fareharbor-normalize] asn normalized { normalizedAsnToFhdn: 604, fixedMissingAsnRef: 0 }
[fareharbor-normalize] asn normalized { normalizedAsnToFhdn: 605, fixedMissingAsnRef: 0 }
[fareharbor-normalize] asn normalized { normalizedAsnToFhdn: 606, fixedMissingAsnRef: 0 }
[fareharbor-normalize] asn normalized { normalizedAsnToFhdn: 607, fixedMissingAsnRef: 0 }
[fareharbor-normalize] asn normalized { normalizedAsnToFhdn: 608, fixedMissingAsnRef: 0 }
[fareharbor-normalize] asn normalized { normalizedAsnToFhdn: 609, fixedMissingAsnRef: 0 }
[fareharbor-normalize] asn normalized { normalizedAsnToFhdn: 610, fixedMissingAsnRef: 0 }
[fareharbor-normalize] asn normalized { normalizedAsnToFhdn: 611, fixedMissingAsnRef: 0 }
[fareharbor-normalize] asn normalized { normalizedAsnToFhdn: 612, fixedMissingAsnRef: 0 }
[fareharbor-normalize] asn normalized { normalizedAsnToFhdn: 613, fixedMissingAsnRef: 0 }
[fareharbor-normalize] asn normalized { normalizedAsnToFhdn: 614, fixedMissingAsnRef: 0 }
[fareharbor-normalize] asn normalized { normalizedAsnToFhdn: 615, fixedMissingAsnRef: 0 }
[fareharbor-normalize] asn normalized { normalizedAsnToFhdn: 616, fixedMissingAsnRef: 0 }
[fareharbor-normalize] asn normalized { normalizedAsnToFhdn: 617, fixedMissingAsnRef: 0 }
[fareharbor-normalize] asn normalized { normalizedAsnToFhdn: 618, fixedMissingAsnRef: 0 }
[fareharbor-normalize] asn normalized { normalizedAsnToFhdn: 619, fixedMissingAsnRef: 0 }
[fareharbor-normalize] asn normalized { normalizedAsnToFhdn: 620, fixedMissingAsnRef: 0 }
[fareharbor-normalize] asn normalized { normalizedAsnToFhdn: 621, fixedMissingAsnRef: 0 }
[fareharbor-normalize] asn normalized { normalizedAsnToFhdn: 622, fixedMissingAsnRef: 0 }
[fareharbor-normalize] asn normalized { normalizedAsnToFhdn: 623, fixedMissingAsnRef: 0 }
[fareharbor-normalize] asn normalized { normalizedAsnToFhdn: 624, fixedMissingAsnRef: 0 }
[fareharbor-normalize] asn normalized { normalizedAsnToFhdn: 625, fixedMissingAsnRef: 0 }
[fareharbor-normalize] asn normalized { normalizedAsnToFhdn: 626, fixedMissingAsnRef: 0 }
[fareharbor-normalize] asn normalized { normalizedAsnToFhdn: 627, fixedMissingAsnRef: 0 }
[fareharbor-normalize] asn normalized { normalizedAsnToFhdn: 628, fixedMissingAsnRef: 0 }
[fareharbor-normalize] asn normalized { normalizedAsnToFhdn: 629, fixedMissingAsnRef: 0 }
[fareharbor-normalize] asn normalized { normalizedAsnToFhdn: 630, fixedMissingAsnRef: 0 }
[fareharbor-normalize] asn normalized { normalizedAsnToFhdn: 631, fixedMissingAsnRef: 0 }
[fareharbor-normalize] asn normalized { normalizedAsnToFhdn: 632, fixedMissingAsnRef: 0 }
[fareharbor-normalize] asn normalized { normalizedAsnToFhdn: 633, fixedMissingAsnRef: 0 }
[fareharbor-normalize] asn normalized { normalizedAsnToFhdn: 634, fixedMissingAsnRef: 0 }
[fareharbor-normalize] asn normalized { normalizedAsnToFhdn: 635, fixedMissingAsnRef: 0 }
[fareharbor-normalize] asn normalized { normalizedAsnToFhdn: 636, fixedMissingAsnRef: 0 }
[fareharbor-normalize] asn normalized { normalizedAsnToFhdn: 637, fixedMissingAsnRef: 0 }
[fareharbor-normalize] asn normalized { normalizedAsnToFhdn: 638, fixedMissingAsnRef: 0 }
[fareharbor-normalize] asn normalized { normalizedAsnToFhdn: 639, fixedMissingAsnRef: 0 }
[fareharbor-normalize] asn normalized { normalizedAsnToFhdn: 640, fixedMissingAsnRef: 0 }
[fareharbor-normalize] asn normalized { normalizedAsnToFhdn: 641, fixedMissingAsnRef: 0 }
[fareharbor-normalize] asn normalized { normalizedAsnToFhdn: 642, fixedMissingAsnRef: 0 }
[fareharbor-normalize] asn normalized { normalizedAsnToFhdn: 643, fixedMissingAsnRef: 0 }
[fareharbor-normalize] asn normalized { normalizedAsnToFhdn: 644, fixedMissingAsnRef: 0 }
[fareharbor-normalize] asn normalized { normalizedAsnToFhdn: 645, fixedMissingAsnRef: 0 }
[fareharbor-normalize] asn normalized { normalizedAsnToFhdn: 646, fixedMissingAsnRef: 0 }
[fareharbor-normalize] asn normalized { normalizedAsnToFhdn: 647, fixedMissingAsnRef: 0 }
[fareharbor-normalize] asn normalized { normalizedAsnToFhdn: 648, fixedMissingAsnRef: 0 }
[fareharbor-normalize] asn normalized { normalizedAsnToFhdn: 649, fixedMissingAsnRef: 0 }
[fareharbor-normalize] asn normalized { normalizedAsnToFhdn: 650, fixedMissingAsnRef: 0 }
[fareharbor-normalize] asn normalized { normalizedAsnToFhdn: 651, fixedMissingAsnRef: 0 }
[fareharbor-normalize] asn normalized { normalizedAsnToFhdn: 652, fixedMissingAsnRef: 0 }
[fareharbor-normalize] asn normalized { normalizedAsnToFhdn: 653, fixedMissingAsnRef: 0 }
[fareharbor-normalize] asn normalized { normalizedAsnToFhdn: 654, fixedMissingAsnRef: 0 }
[fareharbor-normalize] asn normalized { normalizedAsnToFhdn: 655, fixedMissingAsnRef: 0 }
[fareharbor-normalize] asn normalized { normalizedAsnToFhdn: 656, fixedMissingAsnRef: 0 }
[fareharbor-normalize] asn normalized { normalizedAsnToFhdn: 657, fixedMissingAsnRef: 0 }
[fareharbor-normalize] asn normalized { normalizedAsnToFhdn: 658, fixedMissingAsnRef: 0 }
[fareharbor-normalize] asn normalized { normalizedAsnToFhdn: 659, fixedMissingAsnRef: 0 }
[fareharbor-normalize] asn normalized { normalizedAsnToFhdn: 660, fixedMissingAsnRef: 0 }
[fareharbor-normalize] asn normalized { normalizedAsnToFhdn: 661, fixedMissingAsnRef: 0 }
[fareharbor-normalize] asn normalized { normalizedAsnToFhdn: 662, fixedMissingAsnRef: 0 }
[fareharbor-normalize] asn normalized { normalizedAsnToFhdn: 663, fixedMissingAsnRef: 0 }
[fareharbor-normalize] asn normalized { normalizedAsnToFhdn: 664, fixedMissingAsnRef: 0 }
[fareharbor-normalize] asn normalized { normalizedAsnToFhdn: 665, fixedMissingAsnRef: 0 }
[fareharbor-normalize] asn normalized { normalizedAsnToFhdn: 666, fixedMissingAsnRef: 0 }
[fareharbor-normalize] asn normalized { normalizedAsnToFhdn: 667, fixedMissingAsnRef: 0 }
[fareharbor-normalize] asn normalized { normalizedAsnToFhdn: 668, fixedMissingAsnRef: 0 }
[fareharbor-normalize] asn normalized { normalizedAsnToFhdn: 669, fixedMissingAsnRef: 0 }
[fareharbor-normalize] asn normalized { normalizedAsnToFhdn: 670, fixedMissingAsnRef: 0 }
[fareharbor-normalize] asn normalized { normalizedAsnToFhdn: 671, fixedMissingAsnRef: 0 }
[fareharbor-normalize] asn normalized { normalizedAsnToFhdn: 672, fixedMissingAsnRef: 0 }
[fareharbor-normalize] asn normalized { normalizedAsnToFhdn: 673, fixedMissingAsnRef: 0 }
[fareharbor-normalize] asn normalized { normalizedAsnToFhdn: 674, fixedMissingAsnRef: 0 }
[fareharbor-normalize] asn normalized { normalizedAsnToFhdn: 675, fixedMissingAsnRef: 0 }
[fareharbor-normalize] asn normalized { normalizedAsnToFhdn: 676, fixedMissingAsnRef: 0 }
[fareharbor-normalize] asn normalized { normalizedAsnToFhdn: 677, fixedMissingAsnRef: 0 }
[fareharbor-normalize] asn normalized { normalizedAsnToFhdn: 678, fixedMissingAsnRef: 0 }
[fareharbor-normalize] asn normalized { normalizedAsnToFhdn: 679, fixedMissingAsnRef: 0 }
[fareharbor-normalize] asn normalized { normalizedAsnToFhdn: 680, fixedMissingAsnRef: 0 }
[fareharbor-normalize] asn normalized { normalizedAsnToFhdn: 681, fixedMissingAsnRef: 0 }
[fareharbor-normalize] asn normalized { normalizedAsnToFhdn: 682, fixedMissingAsnRef: 0 }
[fareharbor-normalize] asn normalized { normalizedAsnToFhdn: 683, fixedMissingAsnRef: 0 }
[fareharbor-normalize] asn normalized { normalizedAsnToFhdn: 684, fixedMissingAsnRef: 0 }
[fareharbor-normalize] asn normalized { normalizedAsnToFhdn: 685, fixedMissingAsnRef: 0 }
[fareharbor-normalize] asn normalized { normalizedAsnToFhdn: 686, fixedMissingAsnRef: 0 }
[fareharbor-normalize] asn normalized { normalizedAsnToFhdn: 687, fixedMissingAsnRef: 0 }
[fareharbor-normalize] asn normalized { normalizedAsnToFhdn: 688, fixedMissingAsnRef: 0 }
[fareharbor-normalize] asn normalized { normalizedAsnToFhdn: 689, fixedMissingAsnRef: 0 }
[fareharbor-normalize] asn normalized { normalizedAsnToFhdn: 690, fixedMissingAsnRef: 0 }
[fareharbor-normalize] asn normalized { normalizedAsnToFhdn: 691, fixedMissingAsnRef: 0 }
[fareharbor-normalize] asn normalized { normalizedAsnToFhdn: 692, fixedMissingAsnRef: 0 }
[fareharbor-normalize] asn normalized { normalizedAsnToFhdn: 693, fixedMissingAsnRef: 0 }
[fareharbor-normalize] asn normalized { normalizedAsnToFhdn: 694, fixedMissingAsnRef: 0 }
[fareharbor-normalize] asn normalized { normalizedAsnToFhdn: 695, fixedMissingAsnRef: 0 }
[fareharbor-normalize] asn normalized { normalizedAsnToFhdn: 696, fixedMissingAsnRef: 0 }
[fareharbor-normalize] asn normalized { normalizedAsnToFhdn: 697, fixedMissingAsnRef: 0 }
[fareharbor-normalize] asn normalized { normalizedAsnToFhdn: 698, fixedMissingAsnRef: 0 }
[fareharbor-normalize] asn normalized { normalizedAsnToFhdn: 699, fixedMissingAsnRef: 0 }
[fareharbor-normalize] asn normalized { normalizedAsnToFhdn: 700, fixedMissingAsnRef: 0 }
[fareharbor-normalize] asn normalized { normalizedAsnToFhdn: 701, fixedMissingAsnRef: 0 }
[fareharbor-normalize] asn normalized { normalizedAsnToFhdn: 702, fixedMissingAsnRef: 0 }
[fareharbor-normalize] asn normalized { normalizedAsnToFhdn: 703, fixedMissingAsnRef: 0 }
[fareharbor-normalize] asn normalized { normalizedAsnToFhdn: 704, fixedMissingAsnRef: 0 }
[fareharbor-normalize] asn normalized { normalizedAsnToFhdn: 705, fixedMissingAsnRef: 0 }
[fareharbor-normalize] asn normalized { normalizedAsnToFhdn: 706, fixedMissingAsnRef: 0 }
[fareharbor-normalize] asn normalized { normalizedAsnToFhdn: 707, fixedMissingAsnRef: 0 }
[fareharbor-normalize] asn normalized { normalizedAsnToFhdn: 708, fixedMissingAsnRef: 0 }
[fareharbor-normalize] asn normalized { normalizedAsnToFhdn: 709, fixedMissingAsnRef: 0 }
[fareharbor-normalize] asn normalized { normalizedAsnToFhdn: 710, fixedMissingAsnRef: 0 }
[fareharbor-normalize] asn normalized { normalizedAsnToFhdn: 711, fixedMissingAsnRef: 0 }
[fareharbor-normalize] asn normalized { normalizedAsnToFhdn: 712, fixedMissingAsnRef: 0 }
[fareharbor-normalize] asn normalized { normalizedAsnToFhdn: 713, fixedMissingAsnRef: 0 }
[fareharbor-normalize] asn normalized { normalizedAsnToFhdn: 714, fixedMissingAsnRef: 0 }
[fareharbor-normalize] asn normalized { normalizedAsnToFhdn: 715, fixedMissingAsnRef: 0 }
[fareharbor-normalize] asn normalized { normalizedAsnToFhdn: 716, fixedMissingAsnRef: 0 }
[fareharbor-normalize] asn normalized { normalizedAsnToFhdn: 717, fixedMissingAsnRef: 0 }
[fareharbor-normalize] asn normalized { normalizedAsnToFhdn: 718, fixedMissingAsnRef: 0 }
[fareharbor-normalize] asn normalized { normalizedAsnToFhdn: 719, fixedMissingAsnRef: 0 }
[fareharbor-normalize] asn normalized { normalizedAsnToFhdn: 720, fixedMissingAsnRef: 0 }
[fareharbor-normalize] asn normalized { normalizedAsnToFhdn: 721, fixedMissingAsnRef: 0 }
[fareharbor-normalize] asn normalized { normalizedAsnToFhdn: 722, fixedMissingAsnRef: 0 }
[fareharbor-normalize] asn normalized { normalizedAsnToFhdn: 723, fixedMissingAsnRef: 0 }
[fareharbor-normalize] asn normalized { normalizedAsnToFhdn: 724, fixedMissingAsnRef: 0 }
[fareharbor-normalize] asn normalized { normalizedAsnToFhdn: 725, fixedMissingAsnRef: 0 }
[fareharbor-normalize] asn normalized { normalizedAsnToFhdn: 726, fixedMissingAsnRef: 0 }
[fareharbor-normalize] asn normalized { normalizedAsnToFhdn: 727, fixedMissingAsnRef: 0 }
[fareharbor-normalize] asn normalized { normalizedAsnToFhdn: 728, fixedMissingAsnRef: 0 }
[fareharbor-normalize] asn normalized { normalizedAsnToFhdn: 729, fixedMissingAsnRef: 0 }
[fareharbor-normalize] asn normalized { normalizedAsnToFhdn: 730, fixedMissingAsnRef: 0 }
[fareharbor-normalize] asn normalized { normalizedAsnToFhdn: 731, fixedMissingAsnRef: 0 }
[fareharbor-normalize] asn normalized { normalizedAsnToFhdn: 732, fixedMissingAsnRef: 0 }
[fareharbor-normalize] asn normalized { normalizedAsnToFhdn: 733, fixedMissingAsnRef: 0 }
[fareharbor-normalize] asn normalized { normalizedAsnToFhdn: 734, fixedMissingAsnRef: 0 }
[fareharbor-normalize] asn normalized { normalizedAsnToFhdn: 735, fixedMissingAsnRef: 0 }
[fareharbor-normalize] asn normalized { normalizedAsnToFhdn: 736, fixedMissingAsnRef: 0 }
[fareharbor-normalize] asn normalized { normalizedAsnToFhdn: 737, fixedMissingAsnRef: 0 }
[fareharbor-normalize] asn normalized { normalizedAsnToFhdn: 738, fixedMissingAsnRef: 0 }
[fareharbor-normalize] asn normalized { normalizedAsnToFhdn: 739, fixedMissingAsnRef: 0 }
[fareharbor-normalize] asn normalized { normalizedAsnToFhdn: 740, fixedMissingAsnRef: 0 }
[fareharbor-normalize] asn normalized { normalizedAsnToFhdn: 741, fixedMissingAsnRef: 0 }
[fareharbor-normalize] asn normalized { normalizedAsnToFhdn: 742, fixedMissingAsnRef: 0 }
[fareharbor-normalize] asn normalized { normalizedAsnToFhdn: 743, fixedMissingAsnRef: 0 }
[fareharbor-normalize] asn normalized { normalizedAsnToFhdn: 744, fixedMissingAsnRef: 0 }
[fareharbor-normalize] asn normalized { normalizedAsnToFhdn: 745, fixedMissingAsnRef: 0 }
[fareharbor-normalize] asn normalized { normalizedAsnToFhdn: 746, fixedMissingAsnRef: 0 }
[fareharbor-normalize] asn normalized { normalizedAsnToFhdn: 747, fixedMissingAsnRef: 0 }
[fareharbor-normalize] asn normalized { normalizedAsnToFhdn: 748, fixedMissingAsnRef: 0 }
[fareharbor-normalize] asn normalized { normalizedAsnToFhdn: 749, fixedMissingAsnRef: 0 }
[fareharbor-normalize] asn normalized { normalizedAsnToFhdn: 750, fixedMissingAsnRef: 0 }
[fareharbor-normalize] asn normalized { normalizedAsnToFhdn: 751, fixedMissingAsnRef: 0 }
[fareharbor-normalize] asn normalized { normalizedAsnToFhdn: 752, fixedMissingAsnRef: 0 }
[fareharbor-normalize] asn normalized { normalizedAsnToFhdn: 753, fixedMissingAsnRef: 0 }
[fareharbor-normalize] asn normalized { normalizedAsnToFhdn: 754, fixedMissingAsnRef: 0 }
[fareharbor-normalize] asn normalized { normalizedAsnToFhdn: 755, fixedMissingAsnRef: 0 }
[fareharbor-normalize] asn normalized { normalizedAsnToFhdn: 756, fixedMissingAsnRef: 0 }
[fareharbor-normalize] asn normalized { normalizedAsnToFhdn: 757, fixedMissingAsnRef: 0 }
[fareharbor-normalize] asn normalized { normalizedAsnToFhdn: 758, fixedMissingAsnRef: 0 }
[fareharbor-normalize] asn normalized { normalizedAsnToFhdn: 759, fixedMissingAsnRef: 0 }
[fareharbor-normalize] asn normalized { normalizedAsnToFhdn: 760, fixedMissingAsnRef: 0 }
[fareharbor-normalize] asn normalized { normalizedAsnToFhdn: 761, fixedMissingAsnRef: 0 }
[fareharbor-normalize] asn normalized { normalizedAsnToFhdn: 762, fixedMissingAsnRef: 0 }
[fareharbor-normalize] asn normalized { normalizedAsnToFhdn: 763, fixedMissingAsnRef: 0 }
[fareharbor-normalize] asn normalized { normalizedAsnToFhdn: 764, fixedMissingAsnRef: 0 }
[fareharbor-normalize] asn normalized { normalizedAsnToFhdn: 765, fixedMissingAsnRef: 0 }
[fareharbor-normalize] asn normalized { normalizedAsnToFhdn: 766, fixedMissingAsnRef: 0 }
[fareharbor-normalize] asn normalized { normalizedAsnToFhdn: 767, fixedMissingAsnRef: 0 }
[fareharbor-normalize] asn normalized { normalizedAsnToFhdn: 768, fixedMissingAsnRef: 0 }
[fareharbor-normalize] asn normalized { normalizedAsnToFhdn: 769, fixedMissingAsnRef: 0 }
[fareharbor-normalize] asn normalized { normalizedAsnToFhdn: 770, fixedMissingAsnRef: 0 }
[fareharbor-normalize] asn normalized { normalizedAsnToFhdn: 771, fixedMissingAsnRef: 0 }
[fareharbor-normalize] asn normalized { normalizedAsnToFhdn: 772, fixedMissingAsnRef: 0 }
[fareharbor-normalize] asn normalized { normalizedAsnToFhdn: 773, fixedMissingAsnRef: 0 }
[fareharbor-normalize] asn normalized { normalizedAsnToFhdn: 774, fixedMissingAsnRef: 0 }
[fareharbor-normalize] asn normalized { normalizedAsnToFhdn: 775, fixedMissingAsnRef: 0 }
[fareharbor-normalize] asn normalized { normalizedAsnToFhdn: 776, fixedMissingAsnRef: 0 }
[fareharbor-normalize] asn normalized { normalizedAsnToFhdn: 777, fixedMissingAsnRef: 0 }
[fareharbor-normalize] asn normalized { normalizedAsnToFhdn: 778, fixedMissingAsnRef: 0 }
[fareharbor-normalize] asn normalized { normalizedAsnToFhdn: 779, fixedMissingAsnRef: 0 }
[fareharbor-normalize] asn normalized { normalizedAsnToFhdn: 780, fixedMissingAsnRef: 0 }
[fareharbor-normalize] asn normalized { normalizedAsnToFhdn: 781, fixedMissingAsnRef: 0 }
[fareharbor-normalize] asn normalized { normalizedAsnToFhdn: 782, fixedMissingAsnRef: 0 }
[fareharbor-normalize] asn normalized { normalizedAsnToFhdn: 783, fixedMissingAsnRef: 0 }
[fareharbor-normalize] asn normalized { normalizedAsnToFhdn: 784, fixedMissingAsnRef: 0 }
[fareharbor-normalize] asn normalized { normalizedAsnToFhdn: 785, fixedMissingAsnRef: 0 }
[fareharbor-normalize] asn normalized { normalizedAsnToFhdn: 786, fixedMissingAsnRef: 0 }
[fareharbor-normalize] asn normalized { normalizedAsnToFhdn: 787, fixedMissingAsnRef: 0 }
[fareharbor-normalize] asn normalized { normalizedAsnToFhdn: 788, fixedMissingAsnRef: 0 }
[fareharbor-normalize] asn normalized { normalizedAsnToFhdn: 789, fixedMissingAsnRef: 0 }
[fareharbor-normalize] asn normalized { normalizedAsnToFhdn: 790, fixedMissingAsnRef: 0 }
[fareharbor-normalize] asn normalized { normalizedAsnToFhdn: 791, fixedMissingAsnRef: 0 }
[fareharbor-normalize] asn normalized { normalizedAsnToFhdn: 792, fixedMissingAsnRef: 0 }
[fareharbor-normalize] asn normalized { normalizedAsnToFhdn: 793, fixedMissingAsnRef: 0 }
[fareharbor-normalize] asn normalized { normalizedAsnToFhdn: 794, fixedMissingAsnRef: 0 }
[fareharbor-normalize] asn normalized { normalizedAsnToFhdn: 795, fixedMissingAsnRef: 0 }
[fareharbor-normalize] asn normalized { normalizedAsnToFhdn: 796, fixedMissingAsnRef: 0 }
[fareharbor-normalize] asn normalized { normalizedAsnToFhdn: 797, fixedMissingAsnRef: 0 }
[fareharbor-normalize] asn normalized { normalizedAsnToFhdn: 798, fixedMissingAsnRef: 0 }
[fareharbor-normalize] asn normalized { normalizedAsnToFhdn: 799, fixedMissingAsnRef: 0 }
[fareharbor-normalize] asn normalized { normalizedAsnToFhdn: 800, fixedMissingAsnRef: 0 }
[fareharbor-normalize] asn normalized { normalizedAsnToFhdn: 801, fixedMissingAsnRef: 0 }
[fareharbor-normalize] asn normalized { normalizedAsnToFhdn: 802, fixedMissingAsnRef: 0 }
[fareharbor-normalize] asn normalized { normalizedAsnToFhdn: 803, fixedMissingAsnRef: 0 }
[fareharbor-normalize] asn normalized { normalizedAsnToFhdn: 804, fixedMissingAsnRef: 0 }
[fareharbor-normalize] asn normalized { normalizedAsnToFhdn: 805, fixedMissingAsnRef: 0 }
[fareharbor-normalize] asn normalized { normalizedAsnToFhdn: 806, fixedMissingAsnRef: 0 }
[fareharbor-normalize] asn normalized { normalizedAsnToFhdn: 807, fixedMissingAsnRef: 0 }
[fareharbor-normalize] asn normalized { normalizedAsnToFhdn: 808, fixedMissingAsnRef: 0 }
[fareharbor-normalize] asn normalized { normalizedAsnToFhdn: 809, fixedMissingAsnRef: 0 }
[fareharbor-normalize] asn normalized { normalizedAsnToFhdn: 810, fixedMissingAsnRef: 0 }
[fareharbor-normalize] asn normalized { normalizedAsnToFhdn: 811, fixedMissingAsnRef: 0 }
[fareharbor-normalize] asn normalized { normalizedAsnToFhdn: 812, fixedMissingAsnRef: 0 }
[fareharbor-normalize] asn normalized { normalizedAsnToFhdn: 813, fixedMissingAsnRef: 0 }
[fareharbor-normalize] asn normalized { normalizedAsnToFhdn: 814, fixedMissingAsnRef: 0 }
[fareharbor-normalize] asn normalized { normalizedAsnToFhdn: 815, fixedMissingAsnRef: 0 }
[fareharbor-normalize] asn normalized { normalizedAsnToFhdn: 816, fixedMissingAsnRef: 0 }
[fareharbor-normalize] asn normalized { normalizedAsnToFhdn: 817, fixedMissingAsnRef: 0 }
[fareharbor-normalize] asn normalized { normalizedAsnToFhdn: 818, fixedMissingAsnRef: 0 }
[fareharbor-normalize] asn normalized { normalizedAsnToFhdn: 819, fixedMissingAsnRef: 0 }
[fareharbor-normalize] asn normalized { normalizedAsnToFhdn: 820, fixedMissingAsnRef: 0 }
[fareharbor-normalize] asn normalized { normalizedAsnToFhdn: 821, fixedMissingAsnRef: 0 }
[fareharbor-normalize] asn normalized { normalizedAsnToFhdn: 822, fixedMissingAsnRef: 0 }
[fareharbor-normalize] asn normalized { normalizedAsnToFhdn: 823, fixedMissingAsnRef: 0 }
[fareharbor-normalize] asn normalized { normalizedAsnToFhdn: 824, fixedMissingAsnRef: 0 }
[fareharbor-normalize] asn normalized { normalizedAsnToFhdn: 825, fixedMissingAsnRef: 0 }
[fareharbor-normalize] asn normalized { normalizedAsnToFhdn: 826, fixedMissingAsnRef: 0 }
[fareharbor-normalize] asn normalized { normalizedAsnToFhdn: 827, fixedMissingAsnRef: 0 }
[fareharbor-normalize] asn normalized { normalizedAsnToFhdn: 828, fixedMissingAsnRef: 0 }
[fareharbor-normalize] asn normalized { normalizedAsnToFhdn: 829, fixedMissingAsnRef: 0 }
[fareharbor-normalize] asn normalized { normalizedAsnToFhdn: 830, fixedMissingAsnRef: 0 }
[fareharbor-normalize] asn normalized { normalizedAsnToFhdn: 831, fixedMissingAsnRef: 0 }
[fareharbor-normalize] asn normalized { normalizedAsnToFhdn: 832, fixedMissingAsnRef: 0 }
[fareharbor-normalize] asn normalized { normalizedAsnToFhdn: 833, fixedMissingAsnRef: 0 }
[fareharbor-normalize] asn normalized { normalizedAsnToFhdn: 834, fixedMissingAsnRef: 0 }
[fareharbor-normalize] asn normalized { normalizedAsnToFhdn: 835, fixedMissingAsnRef: 0 }
[fareharbor-normalize] asn normalized { normalizedAsnToFhdn: 836, fixedMissingAsnRef: 0 }
[fareharbor-normalize] asn normalized { normalizedAsnToFhdn: 837, fixedMissingAsnRef: 0 }
[fareharbor-normalize] asn normalized { normalizedAsnToFhdn: 838, fixedMissingAsnRef: 0 }
[fareharbor-normalize] asn normalized { normalizedAsnToFhdn: 839, fixedMissingAsnRef: 0 }
[fareharbor-normalize] asn normalized { normalizedAsnToFhdn: 840, fixedMissingAsnRef: 0 }
[fareharbor-normalize] asn normalized { normalizedAsnToFhdn: 841, fixedMissingAsnRef: 0 }
[fareharbor-normalize] asn normalized { normalizedAsnToFhdn: 842, fixedMissingAsnRef: 0 }
[fareharbor-normalize] asn normalized { normalizedAsnToFhdn: 843, fixedMissingAsnRef: 0 }
[fareharbor-normalize] asn normalized { normalizedAsnToFhdn: 844, fixedMissingAsnRef: 0 }
[fareharbor-normalize] asn normalized { normalizedAsnToFhdn: 845, fixedMissingAsnRef: 0 }
[fareharbor-normalize] asn normalized { normalizedAsnToFhdn: 846, fixedMissingAsnRef: 0 }
[fareharbor-normalize] asn normalized { normalizedAsnToFhdn: 847, fixedMissingAsnRef: 0 }
[fareharbor-normalize] asn normalized { normalizedAsnToFhdn: 848, fixedMissingAsnRef: 0 }
[fareharbor-normalize] asn normalized { normalizedAsnToFhdn: 849, fixedMissingAsnRef: 0 }
[fareharbor-normalize] asn normalized { normalizedAsnToFhdn: 850, fixedMissingAsnRef: 0 }
[fareharbor-normalize] asn normalized { normalizedAsnToFhdn: 851, fixedMissingAsnRef: 0 }
[fareharbor-normalize] asn normalized { normalizedAsnToFhdn: 852, fixedMissingAsnRef: 0 }
[fareharbor-normalize] asn normalized { normalizedAsnToFhdn: 853, fixedMissingAsnRef: 0 }
[fareharbor-normalize] asn normalized { normalizedAsnToFhdn: 854, fixedMissingAsnRef: 0 }
[fareharbor-normalize] asn normalized { normalizedAsnToFhdn: 855, fixedMissingAsnRef: 0 }
[fareharbor-normalize] asn normalized { normalizedAsnToFhdn: 856, fixedMissingAsnRef: 0 }
[fareharbor-normalize] asn normalized { normalizedAsnToFhdn: 857, fixedMissingAsnRef: 0 }
[fareharbor-normalize] asn normalized { normalizedAsnToFhdn: 858, fixedMissingAsnRef: 0 }
[fareharbor-normalize] asn normalized { normalizedAsnToFhdn: 859, fixedMissingAsnRef: 0 }
[fareharbor-normalize] asn normalized { normalizedAsnToFhdn: 860, fixedMissingAsnRef: 0 }
[fareharbor-normalize] asn normalized { normalizedAsnToFhdn: 861, fixedMissingAsnRef: 0 }
[fareharbor-normalize] asn normalized { normalizedAsnToFhdn: 862, fixedMissingAsnRef: 0 }
[fareharbor-normalize] asn normalized { normalizedAsnToFhdn: 863, fixedMissingAsnRef: 0 }
[fareharbor-normalize] asn normalized { normalizedAsnToFhdn: 864, fixedMissingAsnRef: 0 }
[fareharbor-normalize] asn normalized { normalizedAsnToFhdn: 865, fixedMissingAsnRef: 0 }
[fareharbor-normalize] asn normalized { normalizedAsnToFhdn: 866, fixedMissingAsnRef: 0 }
[fareharbor-normalize] asn normalized { normalizedAsnToFhdn: 867, fixedMissingAsnRef: 0 }
[fareharbor-normalize] asn normalized { normalizedAsnToFhdn: 868, fixedMissingAsnRef: 0 }
[fareharbor-normalize] asn normalized { normalizedAsnToFhdn: 869, fixedMissingAsnRef: 0 }
[fareharbor-normalize] asn normalized { normalizedAsnToFhdn: 870, fixedMissingAsnRef: 0 }
[fareharbor-normalize] asn normalized { normalizedAsnToFhdn: 871, fixedMissingAsnRef: 0 }
[fareharbor-normalize] asn normalized { normalizedAsnToFhdn: 872, fixedMissingAsnRef: 0 }
[fareharbor-normalize] asn normalized { normalizedAsnToFhdn: 873, fixedMissingAsnRef: 0 }
[fareharbor-normalize] asn normalized { normalizedAsnToFhdn: 874, fixedMissingAsnRef: 0 }
[fareharbor-normalize] asn normalized { normalizedAsnToFhdn: 875, fixedMissingAsnRef: 0 }
[fareharbor-normalize] asn normalized { normalizedAsnToFhdn: 876, fixedMissingAsnRef: 0 }
[fareharbor-normalize] asn normalized { normalizedAsnToFhdn: 877, fixedMissingAsnRef: 0 }
[fareharbor-normalize] asn normalized { normalizedAsnToFhdn: 878, fixedMissingAsnRef: 0 }
[fareharbor-normalize] asn normalized { normalizedAsnToFhdn: 879, fixedMissingAsnRef: 0 }
[fareharbor-normalize] asn normalized { normalizedAsnToFhdn: 880, fixedMissingAsnRef: 0 }
[fareharbor-normalize] asn normalized { normalizedAsnToFhdn: 881, fixedMissingAsnRef: 0 }
[fareharbor-normalize] asn normalized { normalizedAsnToFhdn: 882, fixedMissingAsnRef: 0 }
[fareharbor-normalize] asn normalized { normalizedAsnToFhdn: 883, fixedMissingAsnRef: 0 }
[fareharbor-normalize] asn normalized { normalizedAsnToFhdn: 884, fixedMissingAsnRef: 0 }
[fareharbor-normalize] asn normalized { normalizedAsnToFhdn: 885, fixedMissingAsnRef: 0 }
[fareharbor-normalize] asn normalized { normalizedAsnToFhdn: 886, fixedMissingAsnRef: 0 }
[fareharbor-normalize] asn normalized { normalizedAsnToFhdn: 887, fixedMissingAsnRef: 0 }
[fareharbor-normalize] asn normalized { normalizedAsnToFhdn: 888, fixedMissingAsnRef: 0 }
[fareharbor-normalize] asn normalized { normalizedAsnToFhdn: 889, fixedMissingAsnRef: 0 }
[fareharbor-normalize] asn normalized { normalizedAsnToFhdn: 890, fixedMissingAsnRef: 0 }
[fareharbor-normalize] asn normalized { normalizedAsnToFhdn: 891, fixedMissingAsnRef: 0 }
[fareharbor-normalize] asn normalized { normalizedAsnToFhdn: 892, fixedMissingAsnRef: 0 }
[fareharbor-normalize] asn normalized { normalizedAsnToFhdn: 893, fixedMissingAsnRef: 0 }
[fareharbor-normalize] asn normalized { normalizedAsnToFhdn: 894, fixedMissingAsnRef: 0 }
[fareharbor-normalize] asn normalized { normalizedAsnToFhdn: 895, fixedMissingAsnRef: 0 }
[fareharbor-normalize] asn normalized { normalizedAsnToFhdn: 896, fixedMissingAsnRef: 0 }
[fareharbor-normalize] asn normalized { normalizedAsnToFhdn: 897, fixedMissingAsnRef: 0 }
[fareharbor-normalize] asn normalized { normalizedAsnToFhdn: 898, fixedMissingAsnRef: 0 }
[fareharbor-normalize] asn normalized { normalizedAsnToFhdn: 899, fixedMissingAsnRef: 0 }
[fareharbor-normalize] asn normalized { normalizedAsnToFhdn: 900, fixedMissingAsnRef: 0 }
[fareharbor-normalize] asn normalized { normalizedAsnToFhdn: 901, fixedMissingAsnRef: 0 }
[fareharbor-normalize] asn normalized { normalizedAsnToFhdn: 902, fixedMissingAsnRef: 0 }
[fareharbor-normalize] asn normalized { normalizedAsnToFhdn: 903, fixedMissingAsnRef: 0 }
[fareharbor-normalize] asn normalized { normalizedAsnToFhdn: 904, fixedMissingAsnRef: 0 }
[fareharbor-normalize] asn normalized { normalizedAsnToFhdn: 905, fixedMissingAsnRef: 0 }
[fareharbor-normalize] asn normalized { normalizedAsnToFhdn: 906, fixedMissingAsnRef: 0 }
[fareharbor-normalize] asn normalized { normalizedAsnToFhdn: 907, fixedMissingAsnRef: 0 }
[fareharbor-normalize] asn normalized { normalizedAsnToFhdn: 908, fixedMissingAsnRef: 0 }
[fareharbor-normalize] asn normalized { normalizedAsnToFhdn: 909, fixedMissingAsnRef: 0 }
[fareharbor-normalize] asn normalized { normalizedAsnToFhdn: 910, fixedMissingAsnRef: 0 }
[fareharbor-normalize] asn normalized { normalizedAsnToFhdn: 911, fixedMissingAsnRef: 0 }
[fareharbor-normalize] asn normalized { normalizedAsnToFhdn: 912, fixedMissingAsnRef: 0 }
[fareharbor-normalize] asn normalized { normalizedAsnToFhdn: 913, fixedMissingAsnRef: 0 }
[fareharbor-normalize] asn normalized { normalizedAsnToFhdn: 914, fixedMissingAsnRef: 0 }
[fareharbor-normalize] asn normalized { normalizedAsnToFhdn: 915, fixedMissingAsnRef: 0 }
[fareharbor-normalize] asn normalized { normalizedAsnToFhdn: 916, fixedMissingAsnRef: 0 }
[fareharbor-normalize] asn normalized { normalizedAsnToFhdn: 917, fixedMissingAsnRef: 0 }
[fareharbor-normalize] asn normalized { normalizedAsnToFhdn: 918, fixedMissingAsnRef: 0 }
[fareharbor-normalize] asn normalized { normalizedAsnToFhdn: 919, fixedMissingAsnRef: 0 }
[fareharbor-normalize] asn normalized { normalizedAsnToFhdn: 920, fixedMissingAsnRef: 0 }
[fareharbor-normalize] asn normalized { normalizedAsnToFhdn: 921, fixedMissingAsnRef: 0 }
[fareharbor-normalize] asn normalized { normalizedAsnToFhdn: 922, fixedMissingAsnRef: 0 }
[fareharbor-normalize] asn normalized { normalizedAsnToFhdn: 923, fixedMissingAsnRef: 0 }
[fareharbor-normalize] asn normalized { normalizedAsnToFhdn: 924, fixedMissingAsnRef: 0 }
[fareharbor-normalize] asn normalized { normalizedAsnToFhdn: 925, fixedMissingAsnRef: 0 }
[fareharbor-normalize] asn normalized { normalizedAsnToFhdn: 926, fixedMissingAsnRef: 0 }
[fareharbor-normalize] asn normalized { normalizedAsnToFhdn: 927, fixedMissingAsnRef: 0 }
[fareharbor-normalize] asn normalized { normalizedAsnToFhdn: 928, fixedMissingAsnRef: 0 }
[fareharbor-normalize] asn normalized { normalizedAsnToFhdn: 929, fixedMissingAsnRef: 0 }
[fareharbor-normalize] asn normalized { normalizedAsnToFhdn: 930, fixedMissingAsnRef: 0 }
[fareharbor-normalize] asn normalized { normalizedAsnToFhdn: 931, fixedMissingAsnRef: 0 }
[fareharbor-normalize] asn normalized { normalizedAsnToFhdn: 932, fixedMissingAsnRef: 0 }
[fareharbor-normalize] asn normalized { normalizedAsnToFhdn: 933, fixedMissingAsnRef: 0 }
[fareharbor-normalize] asn normalized { normalizedAsnToFhdn: 934, fixedMissingAsnRef: 0 }
[fareharbor-normalize] asn normalized { normalizedAsnToFhdn: 935, fixedMissingAsnRef: 0 }
[fareharbor-normalize] asn normalized { normalizedAsnToFhdn: 936, fixedMissingAsnRef: 0 }
[fareharbor-normalize] asn normalized { normalizedAsnToFhdn: 937, fixedMissingAsnRef: 0 }
[fareharbor-normalize] asn normalized { normalizedAsnToFhdn: 938, fixedMissingAsnRef: 0 }
[fareharbor-normalize] asn normalized { normalizedAsnToFhdn: 939, fixedMissingAsnRef: 0 }
[fareharbor-normalize] asn normalized { normalizedAsnToFhdn: 940, fixedMissingAsnRef: 0 }
[fareharbor-normalize] asn normalized { normalizedAsnToFhdn: 941, fixedMissingAsnRef: 0 }
[fareharbor-normalize] asn normalized { normalizedAsnToFhdn: 942, fixedMissingAsnRef: 0 }
[fareharbor-normalize] asn normalized { normalizedAsnToFhdn: 943, fixedMissingAsnRef: 0 }
[fareharbor-normalize] asn normalized { normalizedAsnToFhdn: 944, fixedMissingAsnRef: 0 }
[fareharbor-normalize] asn normalized { normalizedAsnToFhdn: 945, fixedMissingAsnRef: 0 }
[fareharbor-normalize] asn normalized { normalizedAsnToFhdn: 946, fixedMissingAsnRef: 0 }
[fareharbor-normalize] asn normalized { normalizedAsnToFhdn: 947, fixedMissingAsnRef: 0 }
[fareharbor-normalize] asn normalized { normalizedAsnToFhdn: 948, fixedMissingAsnRef: 0 }
[fareharbor-normalize] asn normalized { normalizedAsnToFhdn: 949, fixedMissingAsnRef: 0 }
[fareharbor-normalize] asn normalized { normalizedAsnToFhdn: 950, fixedMissingAsnRef: 0 }
[fareharbor-normalize] asn normalized { normalizedAsnToFhdn: 951, fixedMissingAsnRef: 0 }
[fareharbor-normalize] asn normalized { normalizedAsnToFhdn: 952, fixedMissingAsnRef: 0 }
[fareharbor-normalize] asn normalized { normalizedAsnToFhdn: 953, fixedMissingAsnRef: 0 }
[fareharbor-normalize] asn normalized { normalizedAsnToFhdn: 954, fixedMissingAsnRef: 0 }
[fareharbor-normalize] asn normalized { normalizedAsnToFhdn: 955, fixedMissingAsnRef: 0 }
[fareharbor-normalize] asn normalized { normalizedAsnToFhdn: 956, fixedMissingAsnRef: 0 }
[fareharbor-normalize] asn normalized { normalizedAsnToFhdn: 957, fixedMissingAsnRef: 0 }
[fareharbor-normalize] asn normalized { normalizedAsnToFhdn: 958, fixedMissingAsnRef: 0 }
[fareharbor-normalize] asn normalized { normalizedAsnToFhdn: 959, fixedMissingAsnRef: 0 }
[fareharbor-normalize] asn normalized { normalizedAsnToFhdn: 960, fixedMissingAsnRef: 0 }
[fareharbor-normalize] asn normalized { normalizedAsnToFhdn: 961, fixedMissingAsnRef: 0 }
[fareharbor-normalize] asn normalized { normalizedAsnToFhdn: 962, fixedMissingAsnRef: 0 }
[fareharbor-normalize] asn normalized { normalizedAsnToFhdn: 963, fixedMissingAsnRef: 0 }
[fareharbor-normalize] asn normalized { normalizedAsnToFhdn: 964, fixedMissingAsnRef: 0 }
[fareharbor-normalize] asn normalized { normalizedAsnToFhdn: 965, fixedMissingAsnRef: 0 }
[fareharbor-normalize] asn normalized { normalizedAsnToFhdn: 966, fixedMissingAsnRef: 0 }
[fareharbor-normalize] asn normalized { normalizedAsnToFhdn: 967, fixedMissingAsnRef: 0 }
[fareharbor-normalize] asn normalized { normalizedAsnToFhdn: 968, fixedMissingAsnRef: 0 }
[fareharbor-normalize] asn normalized { normalizedAsnToFhdn: 969, fixedMissingAsnRef: 0 }
[fareharbor-normalize] asn normalized { normalizedAsnToFhdn: 970, fixedMissingAsnRef: 0 }
[fareharbor-normalize] asn normalized { normalizedAsnToFhdn: 971, fixedMissingAsnRef: 0 }
[fareharbor-normalize] asn normalized { normalizedAsnToFhdn: 972, fixedMissingAsnRef: 0 }
[fareharbor-normalize] asn normalized { normalizedAsnToFhdn: 973, fixedMissingAsnRef: 0 }
[fareharbor-normalize] asn normalized { normalizedAsnToFhdn: 974, fixedMissingAsnRef: 0 }
[fareharbor-normalize] asn normalized { normalizedAsnToFhdn: 975, fixedMissingAsnRef: 0 }
[fareharbor-normalize] asn normalized { normalizedAsnToFhdn: 976, fixedMissingAsnRef: 0 }
[fareharbor-normalize] asn normalized { normalizedAsnToFhdn: 977, fixedMissingAsnRef: 0 }
[fareharbor-normalize] asn normalized { normalizedAsnToFhdn: 978, fixedMissingAsnRef: 0 }
[fareharbor-normalize] asn normalized { normalizedAsnToFhdn: 979, fixedMissingAsnRef: 0 }
[fareharbor-normalize] asn normalized { normalizedAsnToFhdn: 980, fixedMissingAsnRef: 0 }
[fareharbor-normalize] asn normalized { normalizedAsnToFhdn: 981, fixedMissingAsnRef: 0 }
[fareharbor-normalize] asn normalized { normalizedAsnToFhdn: 982, fixedMissingAsnRef: 0 }
[fareharbor-normalize] asn normalized { normalizedAsnToFhdn: 983, fixedMissingAsnRef: 0 }
[fareharbor-normalize] asn normalized { normalizedAsnToFhdn: 984, fixedMissingAsnRef: 0 }
[fareharbor-normalize] asn normalized { normalizedAsnToFhdn: 985, fixedMissingAsnRef: 0 }
[fareharbor-normalize] asn normalized { normalizedAsnToFhdn: 986, fixedMissingAsnRef: 0 }
[fareharbor-normalize] asn normalized { normalizedAsnToFhdn: 987, fixedMissingAsnRef: 0 }
[fareharbor-normalize] asn normalized { normalizedAsnToFhdn: 988, fixedMissingAsnRef: 0 }
[fareharbor-normalize] asn normalized { normalizedAsnToFhdn: 989, fixedMissingAsnRef: 0 }
[fareharbor-normalize] asn normalized { normalizedAsnToFhdn: 990, fixedMissingAsnRef: 0 }
[fareharbor-normalize] asn normalized { normalizedAsnToFhdn: 991, fixedMissingAsnRef: 0 }
[fareharbor-normalize] asn normalized { normalizedAsnToFhdn: 992, fixedMissingAsnRef: 0 }
[fareharbor-normalize] asn normalized { normalizedAsnToFhdn: 993, fixedMissingAsnRef: 0 }
[fareharbor-normalize] asn normalized { normalizedAsnToFhdn: 994, fixedMissingAsnRef: 0 }
[fareharbor-normalize] asn normalized { normalizedAsnToFhdn: 995, fixedMissingAsnRef: 0 }
[fareharbor-normalize] asn normalized { normalizedAsnToFhdn: 996, fixedMissingAsnRef: 0 }
[fareharbor-normalize] asn normalized { normalizedAsnToFhdn: 997, fixedMissingAsnRef: 0 }
[fareharbor-normalize] asn normalized { normalizedAsnToFhdn: 998, fixedMissingAsnRef: 0 }
[fareharbor-normalize] asn normalized { normalizedAsnToFhdn: 999, fixedMissingAsnRef: 0 }
[fareharbor-normalize] asn normalized { normalizedAsnToFhdn: 1000, fixedMissingAsnRef: 0 }
[fareharbor-normalize] asn normalized { normalizedAsnToFhdn: 1001, fixedMissingAsnRef: 0 }
[fareharbor-normalize] asn normalized { normalizedAsnToFhdn: 1002, fixedMissingAsnRef: 0 }
[fareharbor-normalize] asn normalized { normalizedAsnToFhdn: 1003, fixedMissingAsnRef: 0 }
[fareharbor-normalize] asn normalized { normalizedAsnToFhdn: 1004, fixedMissingAsnRef: 0 }
[fareharbor-normalize] asn normalized { normalizedAsnToFhdn: 1005, fixedMissingAsnRef: 0 }
[fareharbor-normalize] asn normalized { normalizedAsnToFhdn: 1006, fixedMissingAsnRef: 0 }
[fareharbor-normalize] asn normalized { normalizedAsnToFhdn: 1007, fixedMissingAsnRef: 0 }
[fareharbor-normalize] asn normalized { normalizedAsnToFhdn: 1008, fixedMissingAsnRef: 0 }
[fareharbor-normalize] asn normalized { normalizedAsnToFhdn: 1009, fixedMissingAsnRef: 0 }
[fareharbor-normalize] asn normalized { normalizedAsnToFhdn: 1010, fixedMissingAsnRef: 0 }
[fareharbor-normalize] asn normalized { normalizedAsnToFhdn: 1011, fixedMissingAsnRef: 0 }
[fareharbor-normalize] asn normalized { normalizedAsnToFhdn: 1012, fixedMissingAsnRef: 0 }
[fareharbor-normalize] asn normalized { normalizedAsnToFhdn: 1013, fixedMissingAsnRef: 0 }
[fareharbor-normalize] asn normalized { normalizedAsnToFhdn: 1014, fixedMissingAsnRef: 0 }
[fareharbor-normalize] asn normalized { normalizedAsnToFhdn: 1015, fixedMissingAsnRef: 0 }
[fareharbor-normalize] asn normalized { normalizedAsnToFhdn: 1016, fixedMissingAsnRef: 0 }
[fareharbor-normalize] asn normalized { normalizedAsnToFhdn: 1017, fixedMissingAsnRef: 0 }
[fareharbor-normalize] asn normalized { normalizedAsnToFhdn: 1018, fixedMissingAsnRef: 0 }
[fareharbor-normalize] asn normalized { normalizedAsnToFhdn: 1019, fixedMissingAsnRef: 0 }
[fareharbor-normalize] asn normalized { normalizedAsnToFhdn: 1020, fixedMissingAsnRef: 0 }
[fareharbor-normalize] asn normalized { normalizedAsnToFhdn: 1021, fixedMissingAsnRef: 0 }
[fareharbor-normalize] asn normalized { normalizedAsnToFhdn: 1022, fixedMissingAsnRef: 0 }
[fareharbor-normalize] asn normalized { normalizedAsnToFhdn: 1023, fixedMissingAsnRef: 0 }
[fareharbor-normalize] asn normalized { normalizedAsnToFhdn: 1024, fixedMissingAsnRef: 0 }
[fareharbor-normalize] asn normalized { normalizedAsnToFhdn: 1025, fixedMissingAsnRef: 0 }
[fareharbor-normalize] asn normalized { normalizedAsnToFhdn: 1026, fixedMissingAsnRef: 0 }
[fareharbor-normalize] asn normalized { normalizedAsnToFhdn: 1027, fixedMissingAsnRef: 0 }
[fareharbor-normalize] asn normalized { normalizedAsnToFhdn: 1028, fixedMissingAsnRef: 0 }
[fareharbor-normalize] asn normalized { normalizedAsnToFhdn: 1029, fixedMissingAsnRef: 0 }
[fareharbor-normalize] asn normalized { normalizedAsnToFhdn: 1030, fixedMissingAsnRef: 0 }
[fareharbor-normalize] asn normalized { normalizedAsnToFhdn: 1031, fixedMissingAsnRef: 0 }
[fareharbor-normalize] asn normalized { normalizedAsnToFhdn: 1032, fixedMissingAsnRef: 0 }
[fareharbor-normalize] asn normalized { normalizedAsnToFhdn: 1033, fixedMissingAsnRef: 0 }
[fareharbor-normalize] asn normalized { normalizedAsnToFhdn: 1034, fixedMissingAsnRef: 0 }
[fareharbor-normalize] asn normalized { normalizedAsnToFhdn: 1035, fixedMissingAsnRef: 0 }
[fareharbor-normalize] asn normalized { normalizedAsnToFhdn: 1036, fixedMissingAsnRef: 0 }
[fareharbor-normalize] asn normalized { normalizedAsnToFhdn: 1037, fixedMissingAsnRef: 0 }
[fareharbor-normalize] asn normalized { normalizedAsnToFhdn: 1038, fixedMissingAsnRef: 0 }
[fareharbor-normalize] asn normalized { normalizedAsnToFhdn: 1039, fixedMissingAsnRef: 0 }
[fareharbor-normalize] asn normalized { normalizedAsnToFhdn: 1040, fixedMissingAsnRef: 0 }
[fareharbor-normalize] asn normalized { normalizedAsnToFhdn: 1041, fixedMissingAsnRef: 0 }
[fareharbor-normalize] asn normalized { normalizedAsnToFhdn: 1042, fixedMissingAsnRef: 0 }
[fareharbor-normalize] asn normalized { normalizedAsnToFhdn: 1043, fixedMissingAsnRef: 0 }
[fareharbor-normalize] asn normalized { normalizedAsnToFhdn: 1044, fixedMissingAsnRef: 0 }
[fareharbor-normalize] asn normalized { normalizedAsnToFhdn: 1045, fixedMissingAsnRef: 0 }
[fareharbor-normalize] asn normalized { normalizedAsnToFhdn: 1046, fixedMissingAsnRef: 0 }
[fareharbor-normalize] asn normalized { normalizedAsnToFhdn: 1047, fixedMissingAsnRef: 0 }
[fareharbor-normalize] asn normalized { normalizedAsnToFhdn: 1048, fixedMissingAsnRef: 0 }
[fareharbor-normalize] asn normalized { normalizedAsnToFhdn: 1049, fixedMissingAsnRef: 0 }
[fareharbor-normalize] asn normalized { normalizedAsnToFhdn: 1050, fixedMissingAsnRef: 0 }
[fareharbor-normalize] asn normalized { normalizedAsnToFhdn: 1051, fixedMissingAsnRef: 0 }
[fareharbor-normalize] asn normalized { normalizedAsnToFhdn: 1052, fixedMissingAsnRef: 0 }
[fareharbor-normalize] asn normalized { normalizedAsnToFhdn: 1053, fixedMissingAsnRef: 0 }
[fareharbor-normalize] asn normalized { normalizedAsnToFhdn: 1054, fixedMissingAsnRef: 0 }
[fareharbor-normalize] asn normalized { normalizedAsnToFhdn: 1055, fixedMissingAsnRef: 0 }
[fareharbor-normalize] asn normalized { normalizedAsnToFhdn: 1056, fixedMissingAsnRef: 0 }
[fareharbor-normalize] asn normalized { normalizedAsnToFhdn: 1057, fixedMissingAsnRef: 0 }
[fareharbor-normalize] asn normalized { normalizedAsnToFhdn: 1058, fixedMissingAsnRef: 0 }
[fareharbor-normalize] asn normalized { normalizedAsnToFhdn: 1059, fixedMissingAsnRef: 0 }
[fareharbor-normalize] asn normalized { normalizedAsnToFhdn: 1060, fixedMissingAsnRef: 0 }
[fareharbor-normalize] asn normalized { normalizedAsnToFhdn: 1061, fixedMissingAsnRef: 0 }
[fareharbor-normalize] asn normalized { normalizedAsnToFhdn: 1062, fixedMissingAsnRef: 0 }
[fareharbor-normalize] asn normalized { normalizedAsnToFhdn: 1063, fixedMissingAsnRef: 0 }
[fareharbor-normalize] asn normalized { normalizedAsnToFhdn: 1064, fixedMissingAsnRef: 0 }
[fareharbor-normalize] asn normalized { normalizedAsnToFhdn: 1065, fixedMissingAsnRef: 0 }
[fareharbor-normalize] asn normalized { normalizedAsnToFhdn: 1066, fixedMissingAsnRef: 0 }
[fareharbor-normalize] asn normalized { normalizedAsnToFhdn: 1067, fixedMissingAsnRef: 0 }
[fareharbor-normalize] asn normalized { normalizedAsnToFhdn: 1068, fixedMissingAsnRef: 0 }
[fareharbor-normalize] asn normalized { normalizedAsnToFhdn: 1069, fixedMissingAsnRef: 0 }
[fareharbor-normalize] asn normalized { normalizedAsnToFhdn: 1070, fixedMissingAsnRef: 0 }
[fareharbor-normalize] asn normalized { normalizedAsnToFhdn: 1071, fixedMissingAsnRef: 0 }
[fareharbor-normalize] asn normalized { normalizedAsnToFhdn: 1072, fixedMissingAsnRef: 0 }
[fareharbor-normalize] asn normalized { normalizedAsnToFhdn: 1073, fixedMissingAsnRef: 0 }
[fareharbor-normalize] asn normalized { normalizedAsnToFhdn: 1074, fixedMissingAsnRef: 0 }
[fareharbor-normalize] asn normalized { normalizedAsnToFhdn: 1075, fixedMissingAsnRef: 0 }
[fareharbor-normalize] asn normalized { normalizedAsnToFhdn: 1076, fixedMissingAsnRef: 0 }
[fareharbor-normalize] asn normalized { normalizedAsnToFhdn: 1077, fixedMissingAsnRef: 0 }
[fareharbor-normalize] asn normalized { normalizedAsnToFhdn: 1078, fixedMissingAsnRef: 0 }
[fareharbor-normalize] asn normalized { normalizedAsnToFhdn: 1079, fixedMissingAsnRef: 0 }
[fareharbor-normalize] asn normalized { normalizedAsnToFhdn: 1080, fixedMissingAsnRef: 0 }
[fareharbor-normalize] asn normalized { normalizedAsnToFhdn: 1081, fixedMissingAsnRef: 0 }
[fareharbor-normalize] asn normalized { normalizedAsnToFhdn: 1082, fixedMissingAsnRef: 0 }
[fareharbor-normalize] asn normalized { normalizedAsnToFhdn: 1083, fixedMissingAsnRef: 0 }
[fareharbor-normalize] asn normalized { normalizedAsnToFhdn: 1084, fixedMissingAsnRef: 0 }
[fareharbor-normalize] asn normalized { normalizedAsnToFhdn: 1085, fixedMissingAsnRef: 0 }
[fareharbor-normalize] asn normalized { normalizedAsnToFhdn: 1086, fixedMissingAsnRef: 0 }
[fareharbor-normalize] asn normalized { normalizedAsnToFhdn: 1087, fixedMissingAsnRef: 0 }
[fareharbor-normalize] asn normalized { normalizedAsnToFhdn: 1088, fixedMissingAsnRef: 0 }
[fareharbor-normalize] asn normalized { normalizedAsnToFhdn: 1089, fixedMissingAsnRef: 0 }
[fareharbor-normalize] asn normalized { normalizedAsnToFhdn: 1090, fixedMissingAsnRef: 0 }
[fareharbor-normalize] asn normalized { normalizedAsnToFhdn: 1091, fixedMissingAsnRef: 0 }
[fareharbor-normalize] asn normalized { normalizedAsnToFhdn: 1092, fixedMissingAsnRef: 0 }
[fareharbor-normalize] asn normalized { normalizedAsnToFhdn: 1093, fixedMissingAsnRef: 0 }
[fareharbor-normalize] asn normalized { normalizedAsnToFhdn: 1094, fixedMissingAsnRef: 0 }
[fareharbor-normalize] asn normalized { normalizedAsnToFhdn: 1095, fixedMissingAsnRef: 0 }
[fareharbor-normalize] asn normalized { normalizedAsnToFhdn: 1096, fixedMissingAsnRef: 0 }
[fareharbor-normalize] asn normalized { normalizedAsnToFhdn: 1097, fixedMissingAsnRef: 0 }
[fareharbor-normalize] asn normalized { normalizedAsnToFhdn: 1098, fixedMissingAsnRef: 0 }
[fareharbor-normalize] asn normalized { normalizedAsnToFhdn: 1099, fixedMissingAsnRef: 0 }
[fareharbor-normalize] asn normalized { normalizedAsnToFhdn: 1100, fixedMissingAsnRef: 0 }
[fareharbor-normalize] asn normalized { normalizedAsnToFhdn: 1101, fixedMissingAsnRef: 0 }
[fareharbor-normalize] asn normalized { normalizedAsnToFhdn: 1102, fixedMissingAsnRef: 0 }
[fareharbor-normalize] asn normalized { normalizedAsnToFhdn: 1103, fixedMissingAsnRef: 0 }
[mexico] filtered US rows: 23
[puerto-vallarta] filtered rows: 0
[engine2] CSV rows: 316
[engine2] Active rows: 316
[engine2] Inactive rows: 0
[engine2] Distinct city slugs: 60
[engine2] Top 20 city counts:
  - perris: 31
  - santa-barbara: 30
  - san-diego: 27
  - oakland: 22
  - portsmouth: 22
  - eureka: 16
  - kingsburg: 14
  - santa-clarita: 13
  - belgrade: 11
  - laguna-beach: 8
  - tijuana: 8
  - arcata: 7
  - buena-park: 7
  - jamestown: 7
  - julian: 7
  - santa-rosa: 6
  - south-lake-tahoe: 6
  - fresno: 4
  - marina-del-rey: 4
  - mountain-ranch: 4
[engine2] Generated tour pages: 316
[engine2] Generated booking pages: 316
[engine2] Skipped rows: 0
Generated 316 Engine2 tours -> /home/runner/work/alloutdooradventures2/alloutdooradventures2/src/engine2/data/california.generated.ts
Validated 613 image references (31 local).

> all-outdoor-adventures@1.0.0 build
> SITEMAP_WRITE=1 node scripts/generate-sitemap.mjs && node scripts/vercel-build.mjs && NODE_ENV=production TSX_TSCONFIG_PATH=tsconfig.prerender.json node --import tsx scripts/prerender-guide-routes.tsx && NODE_ENV=production TSX_TSCONFIG_PATH=tsconfig.prerender.json node --import tsx scripts/prerender-activity-routes.tsx && NODE_ENV=production TSX_TSCONFIG_PATH=tsconfig.prerender.json node --import tsx scripts/prerender-city-tour-index-routes.tsx && node scripts/finalize-guide-prerender-output.mjs && node scripts/finalize-breadcrumb-structured-data.mjs && node scripts/repair-product-structured-data-route-aliases.mjs && node scripts/finalize-product-structured-data.mjs && node scripts/consolidate-product-structured-data.mjs && node scripts/audit-product-structured-data.mjs && node scripts/audit-product-schema-uniqueness.mjs

[mexico] filtered US rows: 23
[puerto-vallarta] filtered rows: 0
[fareharbor-normalize] asn normalized { normalizedAsnToFhdn: 1, fixedMissingAsnRef: 0 }
[fareharbor-normalize] asn normalized { normalizedAsnToFhdn: 2, fixedMissingAsnRef: 0 }
[fareharbor-normalize] asn normalized { normalizedAsnToFhdn: 3, fixedMissingAsnRef: 0 }
[fareharbor-normalize] asn normalized { normalizedAsnToFhdn: 4, fixedMissingAsnRef: 0 }
[fareharbor-normalize] asn normalized { normalizedAsnToFhdn: 5, fixedMissingAsnRef: 0 }
[fareharbor-normalize] asn normalized { normalizedAsnToFhdn: 6, fixedMissingAsnRef: 0 }
[fareharbor-normalize] asn normalized { normalizedAsnToFhdn: 7, fixedMissingAsnRef: 0 }
[fareharbor-normalize] asn normalized { normalizedAsnToFhdn: 8, fixedMissingAsnRef: 0 }
[fareharbor-normalize] asn normalized { normalizedAsnToFhdn: 9, fixedMissingAsnRef: 0 }
[fareharbor-normalize] asn normalized { normalizedAsnToFhdn: 10, fixedMissingAsnRef: 0 }
[fareharbor-normalize] asn normalized { normalizedAsnToFhdn: 11, fixedMissingAsnRef: 0 }
[fareharbor-normalize] asn normalized { normalizedAsnToFhdn: 12, fixedMissingAsnRef: 0 }
[fareharbor-normalize] asn normalized { normalizedAsnToFhdn: 13, fixedMissingAsnRef: 0 }
[fareharbor-normalize] asn normalized { normalizedAsnToFhdn: 14, fixedMissingAsnRef: 0 }
[fareharbor-normalize] asn normalized { normalizedAsnToFhdn: 15, fixedMissingAsnRef: 0 }
[fareharbor-normalize] asn normalized { normalizedAsnToFhdn: 16, fixedMissingAsnRef: 0 }
[fareharbor-normalize] asn normalized { normalizedAsnToFhdn: 17, fixedMissingAsnRef: 0 }
[fareharbor-normalize] asn normalized { normalizedAsnToFhdn: 18, fixedMissingAsnRef: 0 }
[fareharbor-normalize] asn normalized { normalizedAsnToFhdn: 19, fixedMissingAsnRef: 0 }
[fareharbor-normalize] asn normalized { normalizedAsnToFhdn: 20, fixedMissingAsnRef: 0 }
[fareharbor-normalize] asn normalized { normalizedAsnToFhdn: 21, fixedMissingAsnRef: 0 }
[fareharbor-normalize] asn normalized { normalizedAsnToFhdn: 22, fixedMissingAsnRef: 0 }
[fareharbor-normalize] asn normalized { normalizedAsnToFhdn: 23, fixedMissingAsnRef: 0 }
[fareharbor-normalize] asn normalized { normalizedAsnToFhdn: 24, fixedMissingAsnRef: 0 }
[fareharbor-normalize] asn normalized { normalizedAsnToFhdn: 25, fixedMissingAsnRef: 0 }
[fareharbor-normalize] asn normalized { normalizedAsnToFhdn: 26, fixedMissingAsnRef: 0 }
[fareharbor-normalize] asn normalized { normalizedAsnToFhdn: 27, fixedMissingAsnRef: 0 }
[fareharbor-normalize] asn normalized { normalizedAsnToFhdn: 28, fixedMissingAsnRef: 0 }
[fareharbor-normalize] asn normalized { normalizedAsnToFhdn: 29, fixedMissingAsnRef: 0 }
[fareharbor-normalize] asn normalized { normalizedAsnToFhdn: 30, fixedMissingAsnRef: 0 }
[fareharbor-normalize] asn normalized { normalizedAsnToFhdn: 31, fixedMissingAsnRef: 0 }
[fareharbor-normalize] asn normalized { normalizedAsnToFhdn: 32, fixedMissingAsnRef: 0 }
[fareharbor-normalize] asn normalized { normalizedAsnToFhdn: 33, fixedMissingAsnRef: 0 }
[fareharbor-normalize] asn normalized { normalizedAsnToFhdn: 34, fixedMissingAsnRef: 0 }
[fareharbor-normalize] asn normalized { normalizedAsnToFhdn: 35, fixedMissingAsnRef: 0 }
[fareharbor-normalize] asn normalized { normalizedAsnToFhdn: 36, fixedMissingAsnRef: 0 }
[fareharbor-normalize] asn normalized { normalizedAsnToFhdn: 37, fixedMissingAsnRef: 0 }
[fareharbor-normalize] asn normalized { normalizedAsnToFhdn: 38, fixedMissingAsnRef: 0 }
[fareharbor-normalize] asn normalized { normalizedAsnToFhdn: 39, fixedMissingAsnRef: 0 }
[fareharbor-normalize] asn normalized { normalizedAsnToFhdn: 40, fixedMissingAsnRef: 0 }
[fareharbor-normalize] asn normalized { normalizedAsnToFhdn: 41, fixedMissingAsnRef: 0 }
[fareharbor-normalize] asn normalized { normalizedAsnToFhdn: 42, fixedMissingAsnRef: 0 }
[fareharbor-normalize] asn normalized { normalizedAsnToFhdn: 43, fixedMissingAsnRef: 0 }
[fareharbor-normalize] asn normalized { normalizedAsnToFhdn: 44, fixedMissingAsnRef: 0 }
[fareharbor-normalize] asn normalized { normalizedAsnToFhdn: 45, fixedMissingAsnRef: 0 }
[fareharbor-normalize] asn normalized { normalizedAsnToFhdn: 46, fixedMissingAsnRef: 0 }
[fareharbor-normalize] asn normalized { normalizedAsnToFhdn: 47, fixedMissingAsnRef: 0 }
[fareharbor-normalize] asn normalized { normalizedAsnToFhdn: 48, fixedMissingAsnRef: 0 }
[fareharbor-normalize] asn normalized { normalizedAsnToFhdn: 49, fixedMissingAsnRef: 0 }
[fareharbor-normalize] asn normalized { normalizedAsnToFhdn: 50, fixedMissingAsnRef: 0 }
[fareharbor-normalize] asn normalized { normalizedAsnToFhdn: 51, fixedMissingAsnRef: 0 }
[fareharbor-normalize] asn normalized { normalizedAsnToFhdn: 52, fixedMissingAsnRef: 0 }
[fareharbor-normalize] asn normalized { normalizedAsnToFhdn: 53, fixedMissingAsnRef: 0 }
[fareharbor-normalize] asn normalized { normalizedAsnToFhdn: 54, fixedMissingAsnRef: 0 }
[fareharbor-normalize] asn normalized { normalizedAsnToFhdn: 55, fixedMissingAsnRef: 0 }
[fareharbor-normalize] asn normalized { normalizedAsnToFhdn: 56, fixedMissingAsnRef: 0 }
[fareharbor-normalize] asn normalized { normalizedAsnToFhdn: 57, fixedMissingAsnRef: 0 }
[fareharbor-normalize] asn normalized { normalizedAsnToFhdn: 58, fixedMissingAsnRef: 0 }
[fareharbor-normalize] asn normalized { normalizedAsnToFhdn: 59, fixedMissingAsnRef: 0 }
[fareharbor-normalize] asn normalized { normalizedAsnToFhdn: 60, fixedMissingAsnRef: 0 }
[fareharbor-normalize] asn normalized { normalizedAsnToFhdn: 61, fixedMissingAsnRef: 0 }
[fareharbor-normalize] asn normalized { normalizedAsnToFhdn: 62, fixedMissingAsnRef: 0 }
[fareharbor-normalize] asn normalized { normalizedAsnToFhdn: 63, fixedMissingAsnRef: 0 }
[fareharbor-normalize] asn normalized { normalizedAsnToFhdn: 64, fixedMissingAsnRef: 0 }
[fareharbor-normalize] asn normalized { normalizedAsnToFhdn: 65, fixedMissingAsnRef: 0 }
[fareharbor-normalize] asn normalized { normalizedAsnToFhdn: 66, fixedMissingAsnRef: 0 }
[fareharbor-normalize] asn normalized { normalizedAsnToFhdn: 67, fixedMissingAsnRef: 0 }
[fareharbor-normalize] asn normalized { normalizedAsnToFhdn: 68, fixedMissingAsnRef: 0 }
[fareharbor-normalize] asn normalized { normalizedAsnToFhdn: 69, fixedMissingAsnRef: 0 }
[fareharbor-normalize] asn normalized { normalizedAsnToFhdn: 70, fixedMissingAsnRef: 0 }
[fareharbor-normalize] asn normalized { normalizedAsnToFhdn: 71, fixedMissingAsnRef: 0 }
[fareharbor-normalize] asn normalized { normalizedAsnToFhdn: 72, fixedMissingAsnRef: 0 }
[fareharbor-normalize] asn normalized { normalizedAsnToFhdn: 73, fixedMissingAsnRef: 0 }
[fareharbor-normalize] asn normalized { normalizedAsnToFhdn: 74, fixedMissingAsnRef: 0 }
[fareharbor-normalize] asn normalized { normalizedAsnToFhdn: 75, fixedMissingAsnRef: 0 }
[fareharbor-normalize] asn normalized { normalizedAsnToFhdn: 76, fixedMissingAsnRef: 0 }
[fareharbor-normalize] asn normalized { normalizedAsnToFhdn: 77, fixedMissingAsnRef: 0 }
[fareharbor-normalize] asn normalized { normalizedAsnToFhdn: 78, fixedMissingAsnRef: 0 }
[fareharbor-normalize] asn normalized { normalizedAsnToFhdn: 79, fixedMissingAsnRef: 0 }
[fareharbor-normalize] asn normalized { normalizedAsnToFhdn: 80, fixedMissingAsnRef: 0 }
[fareharbor-normalize] asn normalized { normalizedAsnToFhdn: 81, fixedMissingAsnRef: 0 }
[fareharbor-normalize] asn normalized { normalizedAsnToFhdn: 82, fixedMissingAsnRef: 0 }
[fareharbor-normalize] asn normalized { normalizedAsnToFhdn: 83, fixedMissingAsnRef: 0 }
[fareharbor-normalize] asn normalized { normalizedAsnToFhdn: 84, fixedMissingAsnRef: 0 }
[fareharbor-normalize] asn normalized { normalizedAsnToFhdn: 85, fixedMissingAsnRef: 0 }
[fareharbor-normalize] asn normalized { normalizedAsnToFhdn: 86, fixedMissingAsnRef: 0 }
[fareharbor-normalize] asn normalized { normalizedAsnToFhdn: 87, fixedMissingAsnRef: 0 }
[fareharbor-normalize] asn normalized { normalizedAsnToFhdn: 88, fixedMissingAsnRef: 0 }
[fareharbor-normalize] asn normalized { normalizedAsnToFhdn: 89, fixedMissingAsnRef: 0 }
[fareharbor-normalize] asn normalized { normalizedAsnToFhdn: 90, fixedMissingAsnRef: 0 }
[fareharbor-normalize] asn normalized { normalizedAsnToFhdn: 91, fixedMissingAsnRef: 0 }
[fareharbor-normalize] asn normalized { normalizedAsnToFhdn: 92, fixedMissingAsnRef: 0 }
[fareharbor-normalize] asn normalized { normalizedAsnToFhdn: 93, fixedMissingAsnRef: 0 }
[fareharbor-normalize] asn normalized { normalizedAsnToFhdn: 94, fixedMissingAsnRef: 0 }
[fareharbor-normalize] asn normalized { normalizedAsnToFhdn: 95, fixedMissingAsnRef: 0 }
[fareharbor-normalize] asn normalized { normalizedAsnToFhdn: 96, fixedMissingAsnRef: 0 }
[fareharbor-normalize] asn normalized { normalizedAsnToFhdn: 97, fixedMissingAsnRef: 0 }
[fareharbor-normalize] asn normalized { normalizedAsnToFhdn: 98, fixedMissingAsnRef: 0 }
[fareharbor-normalize] asn normalized { normalizedAsnToFhdn: 99, fixedMissingAsnRef: 0 }
[fareharbor-normalize] asn normalized { normalizedAsnToFhdn: 100, fixedMissingAsnRef: 0 }
[fareharbor-normalize] asn normalized { normalizedAsnToFhdn: 101, fixedMissingAsnRef: 0 }
[fareharbor-normalize] asn normalized { normalizedAsnToFhdn: 102, fixedMissingAsnRef: 0 }
[fareharbor-normalize] asn normalized { normalizedAsnToFhdn: 103, fixedMissingAsnRef: 0 }
[fareharbor-normalize] asn normalized { normalizedAsnToFhdn: 104, fixedMissingAsnRef: 0 }
[fareharbor-normalize] asn normalized { normalizedAsnToFhdn: 105, fixedMissingAsnRef: 0 }
[fareharbor-normalize] asn normalized { normalizedAsnToFhdn: 106, fixedMissingAsnRef: 0 }
[fareharbor-normalize] asn normalized { normalizedAsnToFhdn: 107, fixedMissingAsnRef: 0 }
[fareharbor-normalize] asn normalized { normalizedAsnToFhdn: 108, fixedMissingAsnRef: 0 }
[fareharbor-normalize] asn normalized { normalizedAsnToFhdn: 109, fixedMissingAsnRef: 0 }
[fareharbor-normalize] asn normalized { normalizedAsnToFhdn: 110, fixedMissingAsnRef: 0 }
[fareharbor-normalize] asn normalized { normalizedAsnToFhdn: 111, fixedMissingAsnRef: 0 }
[fareharbor-normalize] asn normalized { normalizedAsnToFhdn: 112, fixedMissingAsnRef: 0 }
[fareharbor-normalize] asn normalized { normalizedAsnToFhdn: 113, fixedMissingAsnRef: 0 }
[fareharbor-normalize] asn normalized { normalizedAsnToFhdn: 114, fixedMissingAsnRef: 0 }
[fareharbor-normalize] asn normalized { normalizedAsnToFhdn: 115, fixedMissingAsnRef: 0 }
[fareharbor-normalize] asn normalized { normalizedAsnToFhdn: 116, fixedMissingAsnRef: 0 }
[fareharbor-normalize] asn normalized { normalizedAsnToFhdn: 117, fixedMissingAsnRef: 0 }
[fareharbor-normalize] asn normalized { normalizedAsnToFhdn: 118, fixedMissingAsnRef: 0 }
[fareharbor-normalize] asn normalized { normalizedAsnToFhdn: 119, fixedMissingAsnRef: 0 }
[fareharbor-normalize] asn normalized { normalizedAsnToFhdn: 120, fixedMissingAsnRef: 0 }
[fareharbor-normalize] asn normalized { normalizedAsnToFhdn: 121, fixedMissingAsnRef: 0 }
[fareharbor-normalize] asn normalized { normalizedAsnToFhdn: 122, fixedMissingAsnRef: 0 }
[fareharbor-normalize] asn normalized { normalizedAsnToFhdn: 123, fixedMissingAsnRef: 0 }
[fareharbor-normalize] asn normalized { normalizedAsnToFhdn: 124, fixedMissingAsnRef: 0 }
[fareharbor-normalize] asn normalized { normalizedAsnToFhdn: 125, fixedMissingAsnRef: 0 }
[fareharbor-normalize] asn normalized { normalizedAsnToFhdn: 126, fixedMissingAsnRef: 0 }
[fareharbor-normalize] asn normalized { normalizedAsnToFhdn: 127, fixedMissingAsnRef: 0 }
[fareharbor-normalize] asn normalized { normalizedAsnToFhdn: 128, fixedMissingAsnRef: 0 }
[fareharbor-normalize] asn normalized { normalizedAsnToFhdn: 129, fixedMissingAsnRef: 0 }
[fareharbor-normalize] asn normalized { normalizedAsnToFhdn: 130, fixedMissingAsnRef: 0 }
[fareharbor-normalize] asn normalized { normalizedAsnToFhdn: 131, fixedMissingAsnRef: 0 }
[fareharbor-normalize] asn normalized { normalizedAsnToFhdn: 132, fixedMissingAsnRef: 0 }
[fareharbor-normalize] asn normalized { normalizedAsnToFhdn: 133, fixedMissingAsnRef: 0 }
[fareharbor-normalize] asn normalized { normalizedAsnToFhdn: 134, fixedMissingAsnRef: 0 }
[fareharbor-normalize] asn normalized { normalizedAsnToFhdn: 135, fixedMissingAsnRef: 0 }
[fareharbor-normalize] asn normalized { normalizedAsnToFhdn: 136, fixedMissingAsnRef: 0 }
[fareharbor-normalize] asn normalized { normalizedAsnToFhdn: 137, fixedMissingAsnRef: 0 }
[fareharbor-normalize] asn normalized { normalizedAsnToFhdn: 138, fixedMissingAsnRef: 0 }
[fareharbor-normalize] asn normalized { normalizedAsnToFhdn: 139, fixedMissingAsnRef: 0 }
[fareharbor-normalize] asn normalized { normalizedAsnToFhdn: 140, fixedMissingAsnRef: 0 }
[fareharbor-normalize] asn normalized { normalizedAsnToFhdn: 141, fixedMissingAsnRef: 0 }
[fareharbor-normalize] asn normalized { normalizedAsnToFhdn: 142, fixedMissingAsnRef: 0 }
[fareharbor-normalize] asn normalized { normalizedAsnToFhdn: 143, fixedMissingAsnRef: 0 }
[fareharbor-normalize] asn normalized { normalizedAsnToFhdn: 144, fixedMissingAsnRef: 0 }
[fareharbor-normalize] asn normalized { normalizedAsnToFhdn: 145, fixedMissingAsnRef: 0 }
[fareharbor-normalize] asn normalized { normalizedAsnToFhdn: 146, fixedMissingAsnRef: 0 }
[fareharbor-normalize] asn normalized { normalizedAsnToFhdn: 147, fixedMissingAsnRef: 0 }
[fareharbor-normalize] asn normalized { normalizedAsnToFhdn: 148, fixedMissingAsnRef: 0 }
[fareharbor-normalize] asn normalized { normalizedAsnToFhdn: 149, fixedMissingAsnRef: 0 }
[fareharbor-normalize] asn normalized { normalizedAsnToFhdn: 150, fixedMissingAsnRef: 0 }
[fareharbor-normalize] asn normalized { normalizedAsnToFhdn: 151, fixedMissingAsnRef: 0 }
[fareharbor-normalize] asn normalized { normalizedAsnToFhdn: 152, fixedMissingAsnRef: 0 }
[fareharbor-normalize] asn normalized { normalizedAsnToFhdn: 153, fixedMissingAsnRef: 0 }
[fareharbor-normalize] asn normalized { normalizedAsnToFhdn: 154, fixedMissingAsnRef: 0 }
[fareharbor-normalize] asn normalized { normalizedAsnToFhdn: 155, fixedMissingAsnRef: 0 }
[fareharbor-normalize] asn normalized { normalizedAsnToFhdn: 156, fixedMissingAsnRef: 0 }
[fareharbor-normalize] asn normalized { normalizedAsnToFhdn: 157, fixedMissingAsnRef: 0 }
[fareharbor-normalize] asn normalized { normalizedAsnToFhdn: 158, fixedMissingAsnRef: 0 }
[fareharbor-normalize] asn normalized { normalizedAsnToFhdn: 159, fixedMissingAsnRef: 0 }
[fareharbor-normalize] asn normalized { normalizedAsnToFhdn: 160, fixedMissingAsnRef: 0 }
[fareharbor-normalize] asn normalized { normalizedAsnToFhdn: 161, fixedMissingAsnRef: 0 }
[fareharbor-normalize] asn normalized { normalizedAsnToFhdn: 162, fixedMissingAsnRef: 0 }
[fareharbor-normalize] asn normalized { normalizedAsnToFhdn: 163, fixedMissingAsnRef: 0 }
[fareharbor-normalize] asn normalized { normalizedAsnToFhdn: 164, fixedMissingAsnRef: 0 }
[fareharbor-normalize] asn normalized { normalizedAsnToFhdn: 165, fixedMissingAsnRef: 0 }
[fareharbor-normalize] asn normalized { normalizedAsnToFhdn: 166, fixedMissingAsnRef: 0 }
[fareharbor-normalize] asn normalized { normalizedAsnToFhdn: 167, fixedMissingAsnRef: 0 }
[fareharbor-normalize] asn normalized { normalizedAsnToFhdn: 168, fixedMissingAsnRef: 0 }
[fareharbor-normalize] asn normalized { normalizedAsnToFhdn: 169, fixedMissingAsnRef: 0 }
[fareharbor-normalize] asn normalized { normalizedAsnToFhdn: 170, fixedMissingAsnRef: 0 }
[fareharbor-normalize] asn normalized { normalizedAsnToFhdn: 171, fixedMissingAsnRef: 0 }
[fareharbor-normalize] asn normalized { normalizedAsnToFhdn: 172, fixedMissingAsnRef: 0 }
[fareharbor-normalize] asn normalized { normalizedAsnToFhdn: 173, fixedMissingAsnRef: 0 }
[fareharbor-normalize] asn normalized { normalizedAsnToFhdn: 174, fixedMissingAsnRef: 0 }
[fareharbor-normalize] asn normalized { normalizedAsnToFhdn: 175, fixedMissingAsnRef: 0 }
[fareharbor-normalize] asn normalized { normalizedAsnToFhdn: 176, fixedMissingAsnRef: 0 }
[fareharbor-normalize] asn normalized { normalizedAsnToFhdn: 177, fixedMissingAsnRef: 0 }
[fareharbor-normalize] asn normalized { normalizedAsnToFhdn: 178, fixedMissingAsnRef: 0 }
[fareharbor-normalize] asn normalized { normalizedAsnToFhdn: 179, fixedMissingAsnRef: 0 }
[fareharbor-normalize] asn normalized { normalizedAsnToFhdn: 180, fixedMissingAsnRef: 0 }
[fareharbor-normalize] asn normalized { normalizedAsnToFhdn: 181, fixedMissingAsnRef: 0 }
[fareharbor-normalize] asn normalized { normalizedAsnToFhdn: 182, fixedMissingAsnRef: 0 }
[fareharbor-normalize] asn normalized { normalizedAsnToFhdn: 183, fixedMissingAsnRef: 0 }
[fareharbor-normalize] asn normalized { normalizedAsnToFhdn: 184, fixedMissingAsnRef: 0 }
[fareharbor-normalize] asn normalized { normalizedAsnToFhdn: 185, fixedMissingAsnRef: 0 }
[fareharbor-normalize] asn normalized { normalizedAsnToFhdn: 186, fixedMissingAsnRef: 0 }
[fareharbor-normalize] asn normalized { normalizedAsnToFhdn: 187, fixedMissingAsnRef: 0 }
[fareharbor-normalize] asn normalized { normalizedAsnToFhdn: 188, fixedMissingAsnRef: 0 }
[fareharbor-normalize] asn normalized { normalizedAsnToFhdn: 189, fixedMissingAsnRef: 0 }
[fareharbor-normalize] asn normalized { normalizedAsnToFhdn: 190, fixedMissingAsnRef: 0 }
[fareharbor-normalize] asn normalized { normalizedAsnToFhdn: 191, fixedMissingAsnRef: 0 }
[fareharbor-normalize] asn normalized { normalizedAsnToFhdn: 192, fixedMissingAsnRef: 0 }
[fareharbor-normalize] asn normalized { normalizedAsnToFhdn: 193, fixedMissingAsnRef: 0 }
[fareharbor-normalize] asn normalized { normalizedAsnToFhdn: 194, fixedMissingAsnRef: 0 }
[fareharbor-normalize] asn normalized { normalizedAsnToFhdn: 195, fixedMissingAsnRef: 0 }
[fareharbor-normalize] asn normalized { normalizedAsnToFhdn: 196, fixedMissingAsnRef: 0 }
[fareharbor-normalize] asn normalized { normalizedAsnToFhdn: 197, fixedMissingAsnRef: 0 }
[fareharbor-normalize] asn normalized { normalizedAsnToFhdn: 198, fixedMissingAsnRef: 0 }
[fareharbor-normalize] asn normalized { normalizedAsnToFhdn: 199, fixedMissingAsnRef: 0 }
[fareharbor-normalize] asn normalized { normalizedAsnToFhdn: 200, fixedMissingAsnRef: 0 }
[fareharbor-normalize] asn normalized { normalizedAsnToFhdn: 201, fixedMissingAsnRef: 0 }
[fareharbor-normalize] asn normalized { normalizedAsnToFhdn: 202, fixedMissingAsnRef: 0 }
[fareharbor-normalize] asn normalized { normalizedAsnToFhdn: 203, fixedMissingAsnRef: 0 }
[fareharbor-normalize] asn normalized { normalizedAsnToFhdn: 204, fixedMissingAsnRef: 0 }
[fareharbor-normalize] asn normalized { normalizedAsnToFhdn: 205, fixedMissingAsnRef: 0 }
[fareharbor-normalize] asn normalized { normalizedAsnToFhdn: 206, fixedMissingAsnRef: 0 }
[fareharbor-normalize] asn normalized { normalizedAsnToFhdn: 207, fixedMissingAsnRef: 0 }
[fareharbor-normalize] asn normalized { normalizedAsnToFhdn: 208, fixedMissingAsnRef: 0 }
[fareharbor-normalize] asn normalized { normalizedAsnToFhdn: 209, fixedMissingAsnRef: 0 }
[fareharbor-normalize] asn normalized { normalizedAsnToFhdn: 210, fixedMissingAsnRef: 0 }
[fareharbor-normalize] asn normalized { normalizedAsnToFhdn: 211, fixedMissingAsnRef: 0 }
[fareharbor-normalize] asn normalized { normalizedAsnToFhdn: 212, fixedMissingAsnRef: 0 }
[fareharbor-normalize] asn normalized { normalizedAsnToFhdn: 213, fixedMissingAsnRef: 0 }
[fareharbor-normalize] asn normalized { normalizedAsnToFhdn: 214, fixedMissingAsnRef: 0 }
[fareharbor-normalize] asn normalized { normalizedAsnToFhdn: 215, fixedMissingAsnRef: 0 }
[fareharbor-normalize] asn normalized { normalizedAsnToFhdn: 216, fixedMissingAsnRef: 0 }
[fareharbor-normalize] asn normalized { normalizedAsnToFhdn: 217, fixedMissingAsnRef: 0 }
[fareharbor-normalize] asn normalized { normalizedAsnToFhdn: 218, fixedMissingAsnRef: 0 }
[fareharbor-normalize] asn normalized { normalizedAsnToFhdn: 219, fixedMissingAsnRef: 0 }
[fareharbor-normalize] asn normalized { normalizedAsnToFhdn: 220, fixedMissingAsnRef: 0 }
[fareharbor-normalize] asn normalized { normalizedAsnToFhdn: 221, fixedMissingAsnRef: 0 }
[fareharbor-normalize] asn normalized { normalizedAsnToFhdn: 222, fixedMissingAsnRef: 0 }
[fareharbor-normalize] asn normalized { normalizedAsnToFhdn: 223, fixedMissingAsnRef: 0 }
[fareharbor-normalize] asn normalized { normalizedAsnToFhdn: 224, fixedMissingAsnRef: 0 }
[fareharbor-normalize] asn normalized { normalizedAsnToFhdn: 225, fixedMissingAsnRef: 0 }
[fareharbor-normalize] asn normalized { normalizedAsnToFhdn: 226, fixedMissingAsnRef: 0 }
[fareharbor-normalize] asn normalized { normalizedAsnToFhdn: 227, fixedMissingAsnRef: 0 }
[fareharbor-normalize] asn normalized { normalizedAsnToFhdn: 228, fixedMissingAsnRef: 0 }
[fareharbor-normalize] asn normalized { normalizedAsnToFhdn: 229, fixedMissingAsnRef: 0 }
[fareharbor-normalize] asn normalized { normalizedAsnToFhdn: 230, fixedMissingAsnRef: 0 }
[fareharbor-normalize] asn normalized { normalizedAsnToFhdn: 231, fixedMissingAsnRef: 0 }
[fareharbor-normalize] asn normalized { normalizedAsnToFhdn: 232, fixedMissingAsnRef: 0 }
[fareharbor-normalize] asn normalized { normalizedAsnToFhdn: 233, fixedMissingAsnRef: 0 }
[fareharbor-normalize] asn normalized { normalizedAsnToFhdn: 234, fixedMissingAsnRef: 0 }
[fareharbor-normalize] asn normalized { normalizedAsnToFhdn: 235, fixedMissingAsnRef: 0 }
[fareharbor-normalize] asn normalized { normalizedAsnToFhdn: 236, fixedMissingAsnRef: 0 }
[fareharbor-normalize] asn normalized { normalizedAsnToFhdn: 237, fixedMissingAsnRef: 0 }
[fareharbor-normalize] asn normalized { normalizedAsnToFhdn: 238, fixedMissingAsnRef: 0 }
[fareharbor-normalize] asn normalized { normalizedAsnToFhdn: 239, fixedMissingAsnRef: 0 }
[fareharbor-normalize] asn normalized { normalizedAsnToFhdn: 240, fixedMissingAsnRef: 0 }
[fareharbor-normalize] asn normalized { normalizedAsnToFhdn: 241, fixedMissingAsnRef: 0 }
[fareharbor-normalize] asn normalized { normalizedAsnToFhdn: 242, fixedMissingAsnRef: 0 }
[fareharbor-normalize] asn normalized { normalizedAsnToFhdn: 243, fixedMissingAsnRef: 0 }
[fareharbor-normalize] asn normalized { normalizedAsnToFhdn: 244, fixedMissingAsnRef: 0 }
[fareharbor-normalize] asn normalized { normalizedAsnToFhdn: 245, fixedMissingAsnRef: 0 }
[fareharbor-normalize] asn normalized { normalizedAsnToFhdn: 246, fixedMissingAsnRef: 0 }
[fareharbor-normalize] asn normalized { normalizedAsnToFhdn: 247, fixedMissingAsnRef: 0 }
[fareharbor-normalize] asn normalized { normalizedAsnToFhdn: 248, fixedMissingAsnRef: 0 }
[fareharbor-normalize] asn normalized { normalizedAsnToFhdn: 249, fixedMissingAsnRef: 0 }
[fareharbor-normalize] asn normalized { normalizedAsnToFhdn: 250, fixedMissingAsnRef: 0 }
[fareharbor-normalize] asn normalized { normalizedAsnToFhdn: 251, fixedMissingAsnRef: 0 }
[fareharbor-normalize] asn normalized { normalizedAsnToFhdn: 252, fixedMissingAsnRef: 0 }
[fareharbor-normalize] asn normalized { normalizedAsnToFhdn: 253, fixedMissingAsnRef: 0 }
[fareharbor-normalize] asn normalized { normalizedAsnToFhdn: 254, fixedMissingAsnRef: 0 }
[fareharbor-normalize] asn normalized { normalizedAsnToFhdn: 255, fixedMissingAsnRef: 0 }
[fareharbor-normalize] asn normalized { normalizedAsnToFhdn: 256, fixedMissingAsnRef: 0 }
[fareharbor-normalize] asn normalized { normalizedAsnToFhdn: 257, fixedMissingAsnRef: 0 }
[fareharbor-normalize] asn normalized { normalizedAsnToFhdn: 258, fixedMissingAsnRef: 0 }
[fareharbor-normalize] asn normalized { normalizedAsnToFhdn: 259, fixedMissingAsnRef: 0 }
[fareharbor-normalize] asn normalized { normalizedAsnToFhdn: 260, fixedMissingAsnRef: 0 }
[fareharbor-normalize] asn normalized { normalizedAsnToFhdn: 261, fixedMissingAsnRef: 0 }
[fareharbor-normalize] asn normalized { normalizedAsnToFhdn: 262, fixedMissingAsnRef: 0 }
[fareharbor-normalize] asn normalized { normalizedAsnToFhdn: 263, fixedMissingAsnRef: 0 }
[fareharbor-normalize] asn normalized { normalizedAsnToFhdn: 264, fixedMissingAsnRef: 0 }
[fareharbor-normalize] asn normalized { normalizedAsnToFhdn: 265, fixedMissingAsnRef: 0 }
[fareharbor-normalize] asn normalized { normalizedAsnToFhdn: 266, fixedMissingAsnRef: 0 }
[fareharbor-normalize] asn normalized { normalizedAsnToFhdn: 267, fixedMissingAsnRef: 0 }
[fareharbor-normalize] asn normalized { normalizedAsnToFhdn: 268, fixedMissingAsnRef: 0 }
[fareharbor-normalize] asn normalized { normalizedAsnToFhdn: 269, fixedMissingAsnRef: 0 }
[fareharbor-normalize] asn normalized { normalizedAsnToFhdn: 270, fixedMissingAsnRef: 0 }
[fareharbor-normalize] asn normalized { normalizedAsnToFhdn: 271, fixedMissingAsnRef: 0 }
[fareharbor-normalize] asn normalized { normalizedAsnToFhdn: 272, fixedMissingAsnRef: 0 }
[fareharbor-normalize] asn normalized { normalizedAsnToFhdn: 273, fixedMissingAsnRef: 0 }
[fareharbor-normalize] asn normalized { normalizedAsnToFhdn: 274, fixedMissingAsnRef: 0 }
[fareharbor-normalize] asn normalized { normalizedAsnToFhdn: 275, fixedMissingAsnRef: 0 }
[fareharbor-normalize] asn normalized { normalizedAsnToFhdn: 276, fixedMissingAsnRef: 0 }
[fareharbor-normalize] asn normalized { normalizedAsnToFhdn: 277, fixedMissingAsnRef: 0 }
[fareharbor-normalize] asn normalized { normalizedAsnToFhdn: 278, fixedMissingAsnRef: 0 }
[fareharbor-normalize] asn normalized { normalizedAsnToFhdn: 279, fixedMissingAsnRef: 0 }
[fareharbor-normalize] asn normalized { normalizedAsnToFhdn: 280, fixedMissingAsnRef: 0 }
[fareharbor-normalize] asn normalized { normalizedAsnToFhdn: 281, fixedMissingAsnRef: 0 }
[fareharbor-normalize] asn normalized { normalizedAsnToFhdn: 282, fixedMissingAsnRef: 0 }
[fareharbor-normalize] asn normalized { normalizedAsnToFhdn: 283, fixedMissingAsnRef: 0 }
[fareharbor-normalize] asn normalized { normalizedAsnToFhdn: 284, fixedMissingAsnRef: 0 }
[fareharbor-normalize] asn normalized { normalizedAsnToFhdn: 285, fixedMissingAsnRef: 0 }
[fareharbor-normalize] asn normalized { normalizedAsnToFhdn: 286, fixedMissingAsnRef: 0 }
[fareharbor-normalize] asn normalized { normalizedAsnToFhdn: 287, fixedMissingAsnRef: 0 }
[fareharbor-normalize] asn normalized { normalizedAsnToFhdn: 288, fixedMissingAsnRef: 0 }
[fareharbor-normalize] asn normalized { normalizedAsnToFhdn: 289, fixedMissingAsnRef: 0 }
[fareharbor-normalize] asn normalized { normalizedAsnToFhdn: 290, fixedMissingAsnRef: 0 }
[fareharbor-normalize] asn normalized { normalizedAsnToFhdn: 291, fixedMissingAsnRef: 0 }
[fareharbor-normalize] asn normalized { normalizedAsnToFhdn: 292, fixedMissingAsnRef: 0 }
[fareharbor-normalize] asn normalized { normalizedAsnToFhdn: 293, fixedMissingAsnRef: 0 }
[fareharbor-normalize] asn normalized { normalizedAsnToFhdn: 294, fixedMissingAsnRef: 0 }
[fareharbor-normalize] asn normalized { normalizedAsnToFhdn: 295, fixedMissingAsnRef: 0 }
[fareharbor-normalize] asn normalized { normalizedAsnToFhdn: 296, fixedMissingAsnRef: 0 }
[fareharbor-normalize] asn normalized { normalizedAsnToFhdn: 297, fixedMissingAsnRef: 0 }
[fareharbor-normalize] asn normalized { normalizedAsnToFhdn: 298, fixedMissingAsnRef: 0 }
[fareharbor-normalize] asn normalized { normalizedAsnToFhdn: 299, fixedMissingAsnRef: 0 }
[fareharbor-normalize] asn normalized { normalizedAsnToFhdn: 300, fixedMissingAsnRef: 0 }
[fareharbor-normalize] asn normalized { normalizedAsnToFhdn: 301, fixedMissingAsnRef: 0 }
[fareharbor-normalize] asn normalized { normalizedAsnToFhdn: 302, fixedMissingAsnRef: 0 }
[fareharbor-normalize] asn normalized { normalizedAsnToFhdn: 303, fixedMissingAsnRef: 0 }
[fareharbor-normalize] asn normalized { normalizedAsnToFhdn: 304, fixedMissingAsnRef: 0 }
[fareharbor-normalize] asn normalized { normalizedAsnToFhdn: 305, fixedMissingAsnRef: 0 }
[fareharbor-normalize] asn normalized { normalizedAsnToFhdn: 306, fixedMissingAsnRef: 0 }
[fareharbor-normalize] asn normalized { normalizedAsnToFhdn: 307, fixedMissingAsnRef: 0 }
[fareharbor-normalize] asn normalized { normalizedAsnToFhdn: 308, fixedMissingAsnRef: 0 }
[fareharbor-normalize] asn normalized { normalizedAsnToFhdn: 309, fixedMissingAsnRef: 0 }
[fareharbor-normalize] asn normalized { normalizedAsnToFhdn: 310, fixedMissingAsnRef: 0 }
[fareharbor-normalize] asn normalized { normalizedAsnToFhdn: 311, fixedMissingAsnRef: 0 }
[fareharbor-normalize] asn normalized { normalizedAsnToFhdn: 312, fixedMissingAsnRef: 0 }
[fareharbor-normalize] asn normalized { normalizedAsnToFhdn: 313, fixedMissingAsnRef: 0 }
[fareharbor-normalize] asn normalized { normalizedAsnToFhdn: 314, fixedMissingAsnRef: 0 }
[fareharbor-normalize] asn normalized { normalizedAsnToFhdn: 315, fixedMissingAsnRef: 0 }
[fareharbor-normalize] asn normalized { normalizedAsnToFhdn: 316, fixedMissingAsnRef: 0 }
[fareharbor-normalize] asn normalized { normalizedAsnToFhdn: 317, fixedMissingAsnRef: 0 }
[fareharbor-normalize] asn normalized { normalizedAsnToFhdn: 318, fixedMissingAsnRef: 0 }
[fareharbor-normalize] asn normalized { normalizedAsnToFhdn: 319, fixedMissingAsnRef: 0 }
[fareharbor-normalize] asn normalized { normalizedAsnToFhdn: 320, fixedMissingAsnRef: 0 }
[fareharbor-normalize] asn normalized { normalizedAsnToFhdn: 321, fixedMissingAsnRef: 0 }
[fareharbor-normalize] asn normalized { normalizedAsnToFhdn: 322, fixedMissingAsnRef: 0 }
[fareharbor-normalize] asn normalized { normalizedAsnToFhdn: 323, fixedMissingAsnRef: 0 }
[fareharbor-normalize] asn normalized { normalizedAsnToFhdn: 324, fixedMissingAsnRef: 0 }
[fareharbor-normalize] asn normalized { normalizedAsnToFhdn: 325, fixedMissingAsnRef: 0 }
[fareharbor-normalize] asn normalized { normalizedAsnToFhdn: 326, fixedMissingAsnRef: 0 }
[fareharbor-normalize] asn normalized { normalizedAsnToFhdn: 327, fixedMissingAsnRef: 0 }
[fareharbor-normalize] asn normalized { normalizedAsnToFhdn: 328, fixedMissingAsnRef: 0 }
[fareharbor-normalize] asn normalized { normalizedAsnToFhdn: 329, fixedMissingAsnRef: 0 }
[fareharbor-normalize] asn normalized { normalizedAsnToFhdn: 330, fixedMissingAsnRef: 0 }
[fareharbor-normalize] asn normalized { normalizedAsnToFhdn: 331, fixedMissingAsnRef: 0 }
[fareharbor-normalize] asn normalized { normalizedAsnToFhdn: 332, fixedMissingAsnRef: 0 }
[fareharbor-normalize] asn normalized { normalizedAsnToFhdn: 333, fixedMissingAsnRef: 0 }
[fareharbor-normalize] asn normalized { normalizedAsnToFhdn: 334, fixedMissingAsnRef: 0 }
[fareharbor-normalize] asn normalized { normalizedAsnToFhdn: 335, fixedMissingAsnRef: 0 }
[fareharbor-normalize] asn normalized { normalizedAsnToFhdn: 336, fixedMissingAsnRef: 0 }
[fareharbor-normalize] asn normalized { normalizedAsnToFhdn: 337, fixedMissingAsnRef: 0 }
[fareharbor-normalize] asn normalized { normalizedAsnToFhdn: 338, fixedMissingAsnRef: 0 }
[fareharbor-normalize] asn normalized { normalizedAsnToFhdn: 339, fixedMissingAsnRef: 0 }
[fareharbor-normalize] asn normalized { normalizedAsnToFhdn: 340, fixedMissingAsnRef: 0 }
[fareharbor-normalize] asn normalized { normalizedAsnToFhdn: 341, fixedMissingAsnRef: 0 }
[fareharbor-normalize] asn normalized { normalizedAsnToFhdn: 342, fixedMissingAsnRef: 0 }
[fareharbor-normalize] asn normalized { normalizedAsnToFhdn: 343, fixedMissingAsnRef: 0 }
[fareharbor-normalize] asn normalized { normalizedAsnToFhdn: 344, fixedMissingAsnRef: 0 }
[fareharbor-normalize] asn normalized { normalizedAsnToFhdn: 345, fixedMissingAsnRef: 0 }
[fareharbor-normalize] asn normalized { normalizedAsnToFhdn: 346, fixedMissingAsnRef: 0 }
[fareharbor-normalize] asn normalized { normalizedAsnToFhdn: 347, fixedMissingAsnRef: 0 }
[fareharbor-normalize] asn normalized { normalizedAsnToFhdn: 348, fixedMissingAsnRef: 0 }
[fareharbor-normalize] asn normalized { normalizedAsnToFhdn: 349, fixedMissingAsnRef: 0 }
[fareharbor-normalize] asn normalized { normalizedAsnToFhdn: 350, fixedMissingAsnRef: 0 }
[fareharbor-normalize] asn normalized { normalizedAsnToFhdn: 351, fixedMissingAsnRef: 0 }
[fareharbor-normalize] asn normalized { normalizedAsnToFhdn: 352, fixedMissingAsnRef: 0 }
[fareharbor-normalize] asn normalized { normalizedAsnToFhdn: 353, fixedMissingAsnRef: 0 }
[fareharbor-normalize] asn normalized { normalizedAsnToFhdn: 354, fixedMissingAsnRef: 0 }
[fareharbor-normalize] asn normalized { normalizedAsnToFhdn: 355, fixedMissingAsnRef: 0 }
[fareharbor-normalize] asn normalized { normalizedAsnToFhdn: 356, fixedMissingAsnRef: 0 }
[fareharbor-normalize] asn normalized { normalizedAsnToFhdn: 357, fixedMissingAsnRef: 0 }
[fareharbor-normalize] asn normalized { normalizedAsnToFhdn: 358, fixedMissingAsnRef: 0 }
[fareharbor-normalize] asn normalized { normalizedAsnToFhdn: 359, fixedMissingAsnRef: 0 }
[fareharbor-normalize] asn normalized { normalizedAsnToFhdn: 360, fixedMissingAsnRef: 0 }
[fareharbor-normalize] asn normalized { normalizedAsnToFhdn: 361, fixedMissingAsnRef: 0 }
[fareharbor-normalize] asn normalized { normalizedAsnToFhdn: 362, fixedMissingAsnRef: 0 }
[fareharbor-normalize] asn normalized { normalizedAsnToFhdn: 363, fixedMissingAsnRef: 0 }
[fareharbor-normalize] asn normalized { normalizedAsnToFhdn: 364, fixedMissingAsnRef: 0 }
[fareharbor-normalize] asn normalized { normalizedAsnToFhdn: 365, fixedMissingAsnRef: 0 }
[fareharbor-normalize] asn normalized { normalizedAsnToFhdn: 366, fixedMissingAsnRef: 0 }
[fareharbor-normalize] asn normalized { normalizedAsnToFhdn: 367, fixedMissingAsnRef: 0 }
[fareharbor-normalize] asn normalized { normalizedAsnToFhdn: 368, fixedMissingAsnRef: 0 }
[fareharbor-normalize] asn normalized { normalizedAsnToFhdn: 369, fixedMissingAsnRef: 0 }
[fareharbor-normalize] asn normalized { normalizedAsnToFhdn: 370, fixedMissingAsnRef: 0 }
[fareharbor-normalize] asn normalized { normalizedAsnToFhdn: 371, fixedMissingAsnRef: 0 }
[fareharbor-normalize] asn normalized { normalizedAsnToFhdn: 372, fixedMissingAsnRef: 0 }
[fareharbor-normalize] asn normalized { normalizedAsnToFhdn: 373, fixedMissingAsnRef: 0 }
[fareharbor-normalize] asn normalized { normalizedAsnToFhdn: 374, fixedMissingAsnRef: 0 }
[fareharbor-normalize] asn normalized { normalizedAsnToFhdn: 375, fixedMissingAsnRef: 0 }
[fareharbor-normalize] asn normalized { normalizedAsnToFhdn: 376, fixedMissingAsnRef: 0 }
[fareharbor-normalize] asn normalized { normalizedAsnToFhdn: 377, fixedMissingAsnRef: 0 }
[fareharbor-normalize] asn normalized { normalizedAsnToFhdn: 378, fixedMissingAsnRef: 0 }
[fareharbor-normalize] asn normalized { normalizedAsnToFhdn: 379, fixedMissingAsnRef: 0 }
[fareharbor-normalize] asn normalized { normalizedAsnToFhdn: 380, fixedMissingAsnRef: 0 }
[fareharbor-normalize] asn normalized { normalizedAsnToFhdn: 381, fixedMissingAsnRef: 0 }
[fareharbor-normalize] asn normalized { normalizedAsnToFhdn: 382, fixedMissingAsnRef: 0 }
[fareharbor-normalize] asn normalized { normalizedAsnToFhdn: 383, fixedMissingAsnRef: 0 }
[fareharbor-normalize] asn normalized { normalizedAsnToFhdn: 384, fixedMissingAsnRef: 0 }
[fareharbor-normalize] asn normalized { normalizedAsnToFhdn: 385, fixedMissingAsnRef: 0 }
[fareharbor-normalize] asn normalized { normalizedAsnToFhdn: 386, fixedMissingAsnRef: 0 }
[fareharbor-normalize] asn normalized { normalizedAsnToFhdn: 387, fixedMissingAsnRef: 0 }
[fareharbor-normalize] asn normalized { normalizedAsnToFhdn: 388, fixedMissingAsnRef: 0 }
[fareharbor-normalize] asn normalized { normalizedAsnToFhdn: 389, fixedMissingAsnRef: 0 }
[fareharbor-normalize] asn normalized { normalizedAsnToFhdn: 390, fixedMissingAsnRef: 0 }
[fareharbor-normalize] asn normalized { normalizedAsnToFhdn: 391, fixedMissingAsnRef: 0 }
[fareharbor-normalize] asn normalized { normalizedAsnToFhdn: 392, fixedMissingAsnRef: 0 }
[fareharbor-normalize] asn normalized { normalizedAsnToFhdn: 393, fixedMissingAsnRef: 0 }
[fareharbor-normalize] asn normalized { normalizedAsnToFhdn: 394, fixedMissingAsnRef: 0 }
[fareharbor-normalize] asn normalized { normalizedAsnToFhdn: 395, fixedMissingAsnRef: 0 }
[fareharbor-normalize] asn normalized { normalizedAsnToFhdn: 396, fixedMissingAsnRef: 0 }
[fareharbor-normalize] asn normalized { normalizedAsnToFhdn: 397, fixedMissingAsnRef: 0 }
[fareharbor-normalize] asn normalized { normalizedAsnToFhdn: 398, fixedMissingAsnRef: 0 }
[fareharbor-normalize] asn normalized { normalizedAsnToFhdn: 399, fixedMissingAsnRef: 0 }
[fareharbor-normalize] asn normalized { normalizedAsnToFhdn: 400, fixedMissingAsnRef: 0 }
[fareharbor-normalize] asn normalized { normalizedAsnToFhdn: 401, fixedMissingAsnRef: 0 }
[fareharbor-normalize] asn normalized { normalizedAsnToFhdn: 402, fixedMissingAsnRef: 0 }
[fareharbor-normalize] asn normalized { normalizedAsnToFhdn: 403, fixedMissingAsnRef: 0 }
[fareharbor-normalize] asn normalized { normalizedAsnToFhdn: 404, fixedMissingAsnRef: 0 }
[fareharbor-normalize] asn normalized { normalizedAsnToFhdn: 405, fixedMissingAsnRef: 0 }
[fareharbor-normalize] asn normalized { normalizedAsnToFhdn: 406, fixedMissingAsnRef: 0 }
[fareharbor-normalize] asn normalized { normalizedAsnToFhdn: 407, fixedMissingAsnRef: 0 }
[fareharbor-normalize] asn normalized { normalizedAsnToFhdn: 408, fixedMissingAsnRef: 0 }
[fareharbor-normalize] asn normalized { normalizedAsnToFhdn: 409, fixedMissingAsnRef: 0 }
[fareharbor-normalize] asn normalized { normalizedAsnToFhdn: 410, fixedMissingAsnRef: 0 }
[fareharbor-normalize] asn normalized { normalizedAsnToFhdn: 411, fixedMissingAsnRef: 0 }
[fareharbor-normalize] asn normalized { normalizedAsnToFhdn: 412, fixedMissingAsnRef: 0 }
[fareharbor-normalize] asn normalized { normalizedAsnToFhdn: 413, fixedMissingAsnRef: 0 }
[fareharbor-normalize] asn normalized { normalizedAsnToFhdn: 414, fixedMissingAsnRef: 0 }
[fareharbor-normalize] asn normalized { normalizedAsnToFhdn: 415, fixedMissingAsnRef: 0 }
[fareharbor-normalize] asn normalized { normalizedAsnToFhdn: 416, fixedMissingAsnRef: 0 }
[fareharbor-normalize] asn normalized { normalizedAsnToFhdn: 417, fixedMissingAsnRef: 0 }
[fareharbor-normalize] asn normalized { normalizedAsnToFhdn: 418, fixedMissingAsnRef: 0 }
[fareharbor-normalize] asn normalized { normalizedAsnToFhdn: 419, fixedMissingAsnRef: 0 }
[fareharbor-normalize] asn normalized { normalizedAsnToFhdn: 420, fixedMissingAsnRef: 0 }
[fareharbor-normalize] asn normalized { normalizedAsnToFhdn: 421, fixedMissingAsnRef: 0 }
[fareharbor-normalize] asn normalized { normalizedAsnToFhdn: 422, fixedMissingAsnRef: 0 }
[fareharbor-normalize] asn normalized { normalizedAsnToFhdn: 423, fixedMissingAsnRef: 0 }
[fareharbor-normalize] asn normalized { normalizedAsnToFhdn: 424, fixedMissingAsnRef: 0 }
[fareharbor-normalize] asn normalized { normalizedAsnToFhdn: 425, fixedMissingAsnRef: 0 }
[fareharbor-normalize] asn normalized { normalizedAsnToFhdn: 426, fixedMissingAsnRef: 0 }
[fareharbor-normalize] asn normalized { normalizedAsnToFhdn: 427, fixedMissingAsnRef: 0 }
[fareharbor-normalize] asn normalized { normalizedAsnToFhdn: 428, fixedMissingAsnRef: 0 }
[fareharbor-normalize] asn normalized { normalizedAsnToFhdn: 429, fixedMissingAsnRef: 0 }
[fareharbor-normalize] asn normalized { normalizedAsnToFhdn: 430, fixedMissingAsnRef: 0 }
[fareharbor-normalize] asn normalized { normalizedAsnToFhdn: 431, fixedMissingAsnRef: 0 }
[fareharbor-normalize] asn normalized { normalizedAsnToFhdn: 432, fixedMissingAsnRef: 0 }
[fareharbor-normalize] asn normalized { normalizedAsnToFhdn: 433, fixedMissingAsnRef: 0 }
[fareharbor-normalize] asn normalized { normalizedAsnToFhdn: 434, fixedMissingAsnRef: 0 }
[fareharbor-normalize] asn normalized { normalizedAsnToFhdn: 435, fixedMissingAsnRef: 0 }
[fareharbor-normalize] asn normalized { normalizedAsnToFhdn: 436, fixedMissingAsnRef: 0 }
[fareharbor-normalize] asn normalized { normalizedAsnToFhdn: 437, fixedMissingAsnRef: 0 }
[fareharbor-normalize] asn normalized { normalizedAsnToFhdn: 438, fixedMissingAsnRef: 0 }
[fareharbor-normalize] asn normalized { normalizedAsnToFhdn: 439, fixedMissingAsnRef: 0 }
[fareharbor-normalize] asn normalized { normalizedAsnToFhdn: 440, fixedMissingAsnRef: 0 }
[fareharbor-normalize] asn normalized { normalizedAsnToFhdn: 441, fixedMissingAsnRef: 0 }
[fareharbor-normalize] asn normalized { normalizedAsnToFhdn: 442, fixedMissingAsnRef: 0 }
[fareharbor-normalize] asn normalized { normalizedAsnToFhdn: 443, fixedMissingAsnRef: 0 }
[fareharbor-normalize] asn normalized { normalizedAsnToFhdn: 444, fixedMissingAsnRef: 0 }
[fareharbor-normalize] asn normalized { normalizedAsnToFhdn: 445, fixedMissingAsnRef: 0 }
[fareharbor-normalize] asn normalized { normalizedAsnToFhdn: 446, fixedMissingAsnRef: 0 }
[fareharbor-normalize] asn normalized { normalizedAsnToFhdn: 447, fixedMissingAsnRef: 0 }
[fareharbor-normalize] asn normalized { normalizedAsnToFhdn: 448, fixedMissingAsnRef: 0 }
[fareharbor-normalize] asn normalized { normalizedAsnToFhdn: 449, fixedMissingAsnRef: 0 }
[fareharbor-normalize] asn normalized { normalizedAsnToFhdn: 450, fixedMissingAsnRef: 0 }
[fareharbor-normalize] asn normalized { normalizedAsnToFhdn: 451, fixedMissingAsnRef: 0 }
[fareharbor-normalize] asn normalized { normalizedAsnToFhdn: 452, fixedMissingAsnRef: 0 }
[fareharbor-normalize] asn normalized { normalizedAsnToFhdn: 453, fixedMissingAsnRef: 0 }
[fareharbor-normalize] asn normalized { normalizedAsnToFhdn: 454, fixedMissingAsnRef: 0 }
[fareharbor-normalize] asn normalized { normalizedAsnToFhdn: 455, fixedMissingAsnRef: 0 }
[fareharbor-normalize] asn normalized { normalizedAsnToFhdn: 456, fixedMissingAsnRef: 0 }
[fareharbor-normalize] asn normalized { normalizedAsnToFhdn: 457, fixedMissingAsnRef: 0 }
[fareharbor-normalize] asn normalized { normalizedAsnToFhdn: 458, fixedMissingAsnRef: 0 }
[fareharbor-normalize] asn normalized { normalizedAsnToFhdn: 459, fixedMissingAsnRef: 0 }
[fareharbor-normalize] asn normalized { normalizedAsnToFhdn: 460, fixedMissingAsnRef: 0 }
[fareharbor-normalize] asn normalized { normalizedAsnToFhdn: 461, fixedMissingAsnRef: 0 }
[fareharbor-normalize] asn normalized { normalizedAsnToFhdn: 462, fixedMissingAsnRef: 0 }
[fareharbor-normalize] asn normalized { normalizedAsnToFhdn: 463, fixedMissingAsnRef: 0 }
[fareharbor-normalize] asn normalized { normalizedAsnToFhdn: 464, fixedMissingAsnRef: 0 }
[fareharbor-normalize] asn normalized { normalizedAsnToFhdn: 465, fixedMissingAsnRef: 0 }
[fareharbor-normalize] asn normalized { normalizedAsnToFhdn: 466, fixedMissingAsnRef: 0 }
[fareharbor-normalize] asn normalized { normalizedAsnToFhdn: 467, fixedMissingAsnRef: 0 }
[fareharbor-normalize] asn normalized { normalizedAsnToFhdn: 468, fixedMissingAsnRef: 0 }
[fareharbor-normalize] asn normalized { normalizedAsnToFhdn: 469, fixedMissingAsnRef: 0 }
[fareharbor-normalize] asn normalized { normalizedAsnToFhdn: 470, fixedMissingAsnRef: 0 }
[fareharbor-normalize] asn normalized { normalizedAsnToFhdn: 471, fixedMissingAsnRef: 0 }
[fareharbor-normalize] asn normalized { normalizedAsnToFhdn: 472, fixedMissingAsnRef: 0 }
[fareharbor-normalize] asn normalized { normalizedAsnToFhdn: 473, fixedMissingAsnRef: 0 }
[fareharbor-normalize] asn normalized { normalizedAsnToFhdn: 474, fixedMissingAsnRef: 0 }
[fareharbor-normalize] asn normalized { normalizedAsnToFhdn: 475, fixedMissingAsnRef: 0 }
[fareharbor-normalize] asn normalized { normalizedAsnToFhdn: 476, fixedMissingAsnRef: 0 }
[fareharbor-normalize] asn normalized { normalizedAsnToFhdn: 477, fixedMissingAsnRef: 0 }
[fareharbor-normalize] asn normalized { normalizedAsnToFhdn: 478, fixedMissingAsnRef: 0 }
[fareharbor-normalize] asn normalized { normalizedAsnToFhdn: 479, fixedMissingAsnRef: 0 }
[fareharbor-normalize] asn normalized { normalizedAsnToFhdn: 480, fixedMissingAsnRef: 0 }
[fareharbor-normalize] asn normalized { normalizedAsnToFhdn: 481, fixedMissingAsnRef: 0 }
[fareharbor-normalize] asn normalized { normalizedAsnToFhdn: 482, fixedMissingAsnRef: 0 }
[fareharbor-normalize] asn normalized { normalizedAsnToFhdn: 483, fixedMissingAsnRef: 0 }
[fareharbor-normalize] asn normalized { normalizedAsnToFhdn: 484, fixedMissingAsnRef: 0 }
[fareharbor-normalize] asn normalized { normalizedAsnToFhdn: 485, fixedMissingAsnRef: 0 }
[fareharbor-normalize] asn normalized { normalizedAsnToFhdn: 486, fixedMissingAsnRef: 0 }
[fareharbor-normalize] asn normalized { normalizedAsnToFhdn: 487, fixedMissingAsnRef: 0 }
[fareharbor-normalize] asn normalized { normalizedAsnToFhdn: 488, fixedMissingAsnRef: 0 }
[fareharbor-normalize] asn normalized { normalizedAsnToFhdn: 489, fixedMissingAsnRef: 0 }
[fareharbor-normalize] asn normalized { normalizedAsnToFhdn: 490, fixedMissingAsnRef: 0 }
[fareharbor-normalize] asn normalized { normalizedAsnToFhdn: 491, fixedMissingAsnRef: 0 }
[fareharbor-normalize] asn normalized { normalizedAsnToFhdn: 492, fixedMissingAsnRef: 0 }
[fareharbor-normalize] asn normalized { normalizedAsnToFhdn: 493, fixedMissingAsnRef: 0 }
[fareharbor-normalize] asn normalized { normalizedAsnToFhdn: 494, fixedMissingAsnRef: 0 }
[fareharbor-normalize] asn normalized { normalizedAsnToFhdn: 495, fixedMissingAsnRef: 0 }
[fareharbor-normalize] asn normalized { normalizedAsnToFhdn: 496, fixedMissingAsnRef: 0 }
[fareharbor-normalize] asn normalized { normalizedAsnToFhdn: 497, fixedMissingAsnRef: 0 }
[fareharbor-normalize] asn normalized { normalizedAsnToFhdn: 498, fixedMissingAsnRef: 0 }
[fareharbor-normalize] asn normalized { normalizedAsnToFhdn: 499, fixedMissingAsnRef: 0 }
[fareharbor-normalize] asn normalized { normalizedAsnToFhdn: 500, fixedMissingAsnRef: 0 }
[fareharbor-normalize] asn normalized { normalizedAsnToFhdn: 501, fixedMissingAsnRef: 0 }
[fareharbor-normalize] asn normalized { normalizedAsnToFhdn: 502, fixedMissingAsnRef: 0 }
[fareharbor-normalize] asn normalized { normalizedAsnToFhdn: 503, fixedMissingAsnRef: 0 }
[fareharbor-normalize] asn normalized { normalizedAsnToFhdn: 504, fixedMissingAsnRef: 0 }
[fareharbor-normalize] asn normalized { normalizedAsnToFhdn: 505, fixedMissingAsnRef: 0 }
[fareharbor-normalize] asn normalized { normalizedAsnToFhdn: 506, fixedMissingAsnRef: 0 }
[fareharbor-normalize] asn normalized { normalizedAsnToFhdn: 507, fixedMissingAsnRef: 0 }
[fareharbor-normalize] asn normalized { normalizedAsnToFhdn: 508, fixedMissingAsnRef: 0 }
[fareharbor-normalize] asn normalized { normalizedAsnToFhdn: 509, fixedMissingAsnRef: 0 }
[fareharbor-normalize] asn normalized { normalizedAsnToFhdn: 510, fixedMissingAsnRef: 0 }
[fareharbor-normalize] asn normalized { normalizedAsnToFhdn: 511, fixedMissingAsnRef: 0 }
[fareharbor-normalize] asn normalized { normalizedAsnToFhdn: 512, fixedMissingAsnRef: 0 }
[fareharbor-normalize] asn normalized { normalizedAsnToFhdn: 513, fixedMissingAsnRef: 0 }
[fareharbor-normalize] asn normalized { normalizedAsnToFhdn: 514, fixedMissingAsnRef: 0 }
[fareharbor-normalize] asn normalized { normalizedAsnToFhdn: 515, fixedMissingAsnRef: 0 }
[fareharbor-normalize] asn normalized { normalizedAsnToFhdn: 516, fixedMissingAsnRef: 0 }
[fareharbor-normalize] asn normalized { normalizedAsnToFhdn: 517, fixedMissingAsnRef: 0 }
[fareharbor-normalize] asn normalized { normalizedAsnToFhdn: 518, fixedMissingAsnRef: 0 }
[fareharbor-normalize] asn normalized { normalizedAsnToFhdn: 519, fixedMissingAsnRef: 0 }
[fareharbor-normalize] asn normalized { normalizedAsnToFhdn: 520, fixedMissingAsnRef: 0 }
[fareharbor-normalize] asn normalized { normalizedAsnToFhdn: 521, fixedMissingAsnRef: 0 }
[fareharbor-normalize] asn normalized { normalizedAsnToFhdn: 522, fixedMissingAsnRef: 0 }
[fareharbor-normalize] asn normalized { normalizedAsnToFhdn: 523, fixedMissingAsnRef: 0 }
[fareharbor-normalize] asn normalized { normalizedAsnToFhdn: 524, fixedMissingAsnRef: 0 }
[fareharbor-normalize] asn normalized { normalizedAsnToFhdn: 525, fixedMissingAsnRef: 0 }
[fareharbor-normalize] asn normalized { normalizedAsnToFhdn: 526, fixedMissingAsnRef: 0 }
[fareharbor-normalize] asn normalized { normalizedAsnToFhdn: 527, fixedMissingAsnRef: 0 }
[fareharbor-normalize] asn normalized { normalizedAsnToFhdn: 528, fixedMissingAsnRef: 0 }
[fareharbor-normalize] asn normalized { normalizedAsnToFhdn: 529, fixedMissingAsnRef: 0 }
[fareharbor-normalize] asn normalized { normalizedAsnToFhdn: 530, fixedMissingAsnRef: 0 }
[fareharbor-normalize] asn normalized { normalizedAsnToFhdn: 531, fixedMissingAsnRef: 0 }
[fareharbor-normalize] asn normalized { normalizedAsnToFhdn: 532, fixedMissingAsnRef: 0 }
[fareharbor-normalize] asn normalized { normalizedAsnToFhdn: 533, fixedMissingAsnRef: 0 }
[fareharbor-normalize] asn normalized { normalizedAsnToFhdn: 534, fixedMissingAsnRef: 0 }
[fareharbor-normalize] asn normalized { normalizedAsnToFhdn: 535, fixedMissingAsnRef: 0 }
[fareharbor-normalize] asn normalized { normalizedAsnToFhdn: 536, fixedMissingAsnRef: 0 }
[fareharbor-normalize] asn normalized { normalizedAsnToFhdn: 537, fixedMissingAsnRef: 0 }
[fareharbor-normalize] asn normalized { normalizedAsnToFhdn: 538, fixedMissingAsnRef: 0 }
[fareharbor-normalize] asn normalized { normalizedAsnToFhdn: 539, fixedMissingAsnRef: 0 }
[fareharbor-normalize] asn normalized { normalizedAsnToFhdn: 540, fixedMissingAsnRef: 0 }
[fareharbor-normalize] asn normalized { normalizedAsnToFhdn: 541, fixedMissingAsnRef: 0 }
[fareharbor-normalize] asn normalized { normalizedAsnToFhdn: 542, fixedMissingAsnRef: 0 }
[fareharbor-normalize] asn normalized { normalizedAsnToFhdn: 543, fixedMissingAsnRef: 0 }
[fareharbor-normalize] asn normalized { normalizedAsnToFhdn: 544, fixedMissingAsnRef: 0 }
[fareharbor-normalize] asn normalized { normalizedAsnToFhdn: 545, fixedMissingAsnRef: 0 }
[fareharbor-normalize] asn normalized { normalizedAsnToFhdn: 546, fixedMissingAsnRef: 0 }
[fareharbor-normalize] asn normalized { normalizedAsnToFhdn: 547, fixedMissingAsnRef: 0 }
[fareharbor-normalize] asn normalized { normalizedAsnToFhdn: 548, fixedMissingAsnRef: 0 }
[fareharbor-normalize] asn normalized { normalizedAsnToFhdn: 549, fixedMissingAsnRef: 0 }
[fareharbor-normalize] asn normalized { normalizedAsnToFhdn: 550, fixedMissingAsnRef: 0 }
[fareharbor-normalize] asn normalized { normalizedAsnToFhdn: 551, fixedMissingAsnRef: 0 }
[fareharbor-normalize] asn normalized { normalizedAsnToFhdn: 552, fixedMissingAsnRef: 0 }
[fareharbor-normalize] asn normalized { normalizedAsnToFhdn: 553, fixedMissingAsnRef: 0 }
[fareharbor-normalize] asn normalized { normalizedAsnToFhdn: 554, fixedMissingAsnRef: 0 }
[fareharbor-normalize] asn normalized { normalizedAsnToFhdn: 555, fixedMissingAsnRef: 0 }
[fareharbor-normalize] asn normalized { normalizedAsnToFhdn: 556, fixedMissingAsnRef: 0 }
[fareharbor-normalize] asn normalized { normalizedAsnToFhdn: 557, fixedMissingAsnRef: 0 }
[fareharbor-normalize] asn normalized { normalizedAsnToFhdn: 558, fixedMissingAsnRef: 0 }
[fareharbor-normalize] asn normalized { normalizedAsnToFhdn: 559, fixedMissingAsnRef: 0 }
[fareharbor-normalize] asn normalized { normalizedAsnToFhdn: 560, fixedMissingAsnRef: 0 }
[fareharbor-normalize] asn normalized { normalizedAsnToFhdn: 561, fixedMissingAsnRef: 0 }
[fareharbor-normalize] asn normalized { normalizedAsnToFhdn: 562, fixedMissingAsnRef: 0 }
[fareharbor-normalize] asn normalized { normalizedAsnToFhdn: 563, fixedMissingAsnRef: 0 }
[fareharbor-normalize] asn normalized { normalizedAsnToFhdn: 564, fixedMissingAsnRef: 0 }
[fareharbor-normalize] asn normalized { normalizedAsnToFhdn: 565, fixedMissingAsnRef: 0 }
[fareharbor-normalize] asn normalized { normalizedAsnToFhdn: 566, fixedMissingAsnRef: 0 }
[fareharbor-normalize] asn normalized { normalizedAsnToFhdn: 567, fixedMissingAsnRef: 0 }
[fareharbor-normalize] asn normalized { normalizedAsnToFhdn: 568, fixedMissingAsnRef: 0 }
[fareharbor-normalize] asn normalized { normalizedAsnToFhdn: 569, fixedMissingAsnRef: 0 }
[fareharbor-normalize] asn normalized { normalizedAsnToFhdn: 570, fixedMissingAsnRef: 0 }
[fareharbor-normalize] asn normalized { normalizedAsnToFhdn: 571, fixedMissingAsnRef: 0 }
[fareharbor-normalize] asn normalized { normalizedAsnToFhdn: 572, fixedMissingAsnRef: 0 }
[fareharbor-normalize] asn normalized { normalizedAsnToFhdn: 573, fixedMissingAsnRef: 0 }
[fareharbor-normalize] asn normalized { normalizedAsnToFhdn: 574, fixedMissingAsnRef: 0 }
[fareharbor-normalize] asn normalized { normalizedAsnToFhdn: 575, fixedMissingAsnRef: 0 }
[fareharbor-normalize] asn normalized { normalizedAsnToFhdn: 576, fixedMissingAsnRef: 0 }
[fareharbor-normalize] asn normalized { normalizedAsnToFhdn: 577, fixedMissingAsnRef: 0 }
[fareharbor-normalize] asn normalized { normalizedAsnToFhdn: 578, fixedMissingAsnRef: 0 }
[fareharbor-normalize] asn normalized { normalizedAsnToFhdn: 579, fixedMissingAsnRef: 0 }
[fareharbor-normalize] asn normalized { normalizedAsnToFhdn: 580, fixedMissingAsnRef: 0 }
[fareharbor-normalize] asn normalized { normalizedAsnToFhdn: 581, fixedMissingAsnRef: 0 }
[fareharbor-normalize] asn normalized { normalizedAsnToFhdn: 582, fixedMissingAsnRef: 0 }
[fareharbor-normalize] asn normalized { normalizedAsnToFhdn: 583, fixedMissingAsnRef: 0 }
[fareharbor-normalize] asn normalized { normalizedAsnToFhdn: 584, fixedMissingAsnRef: 0 }
[fareharbor-normalize] asn normalized { normalizedAsnToFhdn: 585, fixedMissingAsnRef: 0 }
[fareharbor-normalize] asn normalized { normalizedAsnToFhdn: 586, fixedMissingAsnRef: 0 }
[fareharbor-normalize] asn normalized { normalizedAsnToFhdn: 587, fixedMissingAsnRef: 0 }
[fareharbor-normalize] asn normalized { normalizedAsnToFhdn: 588, fixedMissingAsnRef: 0 }
[fareharbor-normalize] asn normalized { normalizedAsnToFhdn: 589, fixedMissingAsnRef: 0 }
[fareharbor-normalize] asn normalized { normalizedAsnToFhdn: 590, fixedMissingAsnRef: 0 }
[fareharbor-normalize] asn normalized { normalizedAsnToFhdn: 591, fixedMissingAsnRef: 0 }
[fareharbor-normalize] asn normalized { normalizedAsnToFhdn: 592, fixedMissingAsnRef: 0 }
[fareharbor-normalize] asn normalized { normalizedAsnToFhdn: 593, fixedMissingAsnRef: 0 }
[fareharbor-normalize] asn normalized { normalizedAsnToFhdn: 594, fixedMissingAsnRef: 0 }
[fareharbor-normalize] asn normalized { normalizedAsnToFhdn: 595, fixedMissingAsnRef: 0 }
[fareharbor-normalize] asn normalized { normalizedAsnToFhdn: 596, fixedMissingAsnRef: 0 }
[fareharbor-normalize] asn normalized { normalizedAsnToFhdn: 597, fixedMissingAsnRef: 0 }
[fareharbor-normalize] asn normalized { normalizedAsnToFhdn: 598, fixedMissingAsnRef: 0 }
[fareharbor-normalize] asn normalized { normalizedAsnToFhdn: 599, fixedMissingAsnRef: 0 }
[fareharbor-normalize] asn normalized { normalizedAsnToFhdn: 600, fixedMissingAsnRef: 0 }
[fareharbor-normalize] asn normalized { normalizedAsnToFhdn: 601, fixedMissingAsnRef: 0 }
[fareharbor-normalize] asn normalized { normalizedAsnToFhdn: 602, fixedMissingAsnRef: 0 }
[fareharbor-normalize] asn normalized { normalizedAsnToFhdn: 603, fixedMissingAsnRef: 0 }
[fareharbor-normalize] asn normalized { normalizedAsnToFhdn: 604, fixedMissingAsnRef: 0 }
[fareharbor-normalize] asn normalized { normalizedAsnToFhdn: 605, fixedMissingAsnRef: 0 }
[fareharbor-normalize] asn normalized { normalizedAsnToFhdn: 606, fixedMissingAsnRef: 0 }
[fareharbor-normalize] asn normalized { normalizedAsnToFhdn: 607, fixedMissingAsnRef: 0 }
[fareharbor-normalize] asn normalized { normalizedAsnToFhdn: 608, fixedMissingAsnRef: 0 }
[fareharbor-normalize] asn normalized { normalizedAsnToFhdn: 609, fixedMissingAsnRef: 0 }
[fareharbor-normalize] asn normalized { normalizedAsnToFhdn: 610, fixedMissingAsnRef: 0 }
[fareharbor-normalize] asn normalized { normalizedAsnToFhdn: 611, fixedMissingAsnRef: 0 }
[fareharbor-normalize] asn normalized { normalizedAsnToFhdn: 612, fixedMissingAsnRef: 0 }
[fareharbor-normalize] asn normalized { normalizedAsnToFhdn: 613, fixedMissingAsnRef: 0 }
[fareharbor-normalize] asn normalized { normalizedAsnToFhdn: 614, fixedMissingAsnRef: 0 }
[fareharbor-normalize] asn normalized { normalizedAsnToFhdn: 615, fixedMissingAsnRef: 0 }
[fareharbor-normalize] asn normalized { normalizedAsnToFhdn: 616, fixedMissingAsnRef: 0 }
[fareharbor-normalize] asn normalized { normalizedAsnToFhdn: 617, fixedMissingAsnRef: 0 }
[fareharbor-normalize] asn normalized { normalizedAsnToFhdn: 618, fixedMissingAsnRef: 0 }
[fareharbor-normalize] asn normalized { normalizedAsnToFhdn: 619, fixedMissingAsnRef: 0 }
[fareharbor-normalize] asn normalized { normalizedAsnToFhdn: 620, fixedMissingAsnRef: 0 }
[fareharbor-normalize] asn normalized { normalizedAsnToFhdn: 621, fixedMissingAsnRef: 0 }
[fareharbor-normalize] asn normalized { normalizedAsnToFhdn: 622, fixedMissingAsnRef: 0 }
[fareharbor-normalize] asn normalized { normalizedAsnToFhdn: 623, fixedMissingAsnRef: 0 }
[fareharbor-normalize] asn normalized { normalizedAsnToFhdn: 624, fixedMissingAsnRef: 0 }
[fareharbor-normalize] asn normalized { normalizedAsnToFhdn: 625, fixedMissingAsnRef: 0 }
[fareharbor-normalize] asn normalized { normalizedAsnToFhdn: 626, fixedMissingAsnRef: 0 }
[fareharbor-normalize] asn normalized { normalizedAsnToFhdn: 627, fixedMissingAsnRef: 0 }
[fareharbor-normalize] asn normalized { normalizedAsnToFhdn: 628, fixedMissingAsnRef: 0 }
[fareharbor-normalize] asn normalized { normalizedAsnToFhdn: 629, fixedMissingAsnRef: 0 }
[fareharbor-normalize] asn normalized { normalizedAsnToFhdn: 630, fixedMissingAsnRef: 0 }
[fareharbor-normalize] asn normalized { normalizedAsnToFhdn: 631, fixedMissingAsnRef: 0 }
[fareharbor-normalize] asn normalized { normalizedAsnToFhdn: 632, fixedMissingAsnRef: 0 }
[fareharbor-normalize] asn normalized { normalizedAsnToFhdn: 633, fixedMissingAsnRef: 0 }
[fareharbor-normalize] asn normalized { normalizedAsnToFhdn: 634, fixedMissingAsnRef: 0 }
[fareharbor-normalize] asn normalized { normalizedAsnToFhdn: 635, fixedMissingAsnRef: 0 }
[fareharbor-normalize] asn normalized { normalizedAsnToFhdn: 636, fixedMissingAsnRef: 0 }
[fareharbor-normalize] asn normalized { normalizedAsnToFhdn: 637, fixedMissingAsnRef: 0 }
[fareharbor-normalize] asn normalized { normalizedAsnToFhdn: 638, fixedMissingAsnRef: 0 }
[fareharbor-normalize] asn normalized { normalizedAsnToFhdn: 639, fixedMissingAsnRef: 0 }
[fareharbor-normalize] asn normalized { normalizedAsnToFhdn: 640, fixedMissingAsnRef: 0 }
[fareharbor-normalize] asn normalized { normalizedAsnToFhdn: 641, fixedMissingAsnRef: 0 }
[fareharbor-normalize] asn normalized { normalizedAsnToFhdn: 642, fixedMissingAsnRef: 0 }
[fareharbor-normalize] asn normalized { normalizedAsnToFhdn: 643, fixedMissingAsnRef: 0 }
[fareharbor-normalize] asn normalized { normalizedAsnToFhdn: 644, fixedMissingAsnRef: 0 }
[fareharbor-normalize] asn normalized { normalizedAsnToFhdn: 645, fixedMissingAsnRef: 0 }
[fareharbor-normalize] asn normalized { normalizedAsnToFhdn: 646, fixedMissingAsnRef: 0 }
[fareharbor-normalize] asn normalized { normalizedAsnToFhdn: 647, fixedMissingAsnRef: 0 }
[fareharbor-normalize] asn normalized { normalizedAsnToFhdn: 648, fixedMissingAsnRef: 0 }
[fareharbor-normalize] asn normalized { normalizedAsnToFhdn: 649, fixedMissingAsnRef: 0 }
[fareharbor-normalize] asn normalized { normalizedAsnToFhdn: 650, fixedMissingAsnRef: 0 }
[fareharbor-normalize] asn normalized { normalizedAsnToFhdn: 651, fixedMissingAsnRef: 0 }
[fareharbor-normalize] asn normalized { normalizedAsnToFhdn: 652, fixedMissingAsnRef: 0 }
[fareharbor-normalize] asn normalized { normalizedAsnToFhdn: 653, fixedMissingAsnRef: 0 }
[fareharbor-normalize] asn normalized { normalizedAsnToFhdn: 654, fixedMissingAsnRef: 0 }
[fareharbor-normalize] asn normalized { normalizedAsnToFhdn: 655, fixedMissingAsnRef: 0 }
[fareharbor-normalize] asn normalized { normalizedAsnToFhdn: 656, fixedMissingAsnRef: 0 }
[fareharbor-normalize] asn normalized { normalizedAsnToFhdn: 657, fixedMissingAsnRef: 0 }
[fareharbor-normalize] asn normalized { normalizedAsnToFhdn: 658, fixedMissingAsnRef: 0 }
[fareharbor-normalize] asn normalized { normalizedAsnToFhdn: 659, fixedMissingAsnRef: 0 }
[fareharbor-normalize] asn normalized { normalizedAsnToFhdn: 660, fixedMissingAsnRef: 0 }
[fareharbor-normalize] asn normalized { normalizedAsnToFhdn: 661, fixedMissingAsnRef: 0 }
[fareharbor-normalize] asn normalized { normalizedAsnToFhdn: 662, fixedMissingAsnRef: 0 }
[fareharbor-normalize] asn normalized { normalizedAsnToFhdn: 663, fixedMissingAsnRef: 0 }
[fareharbor-normalize] asn normalized { normalizedAsnToFhdn: 664, fixedMissingAsnRef: 0 }
[fareharbor-normalize] asn normalized { normalizedAsnToFhdn: 665, fixedMissingAsnRef: 0 }
[fareharbor-normalize] asn normalized { normalizedAsnToFhdn: 666, fixedMissingAsnRef: 0 }
[fareharbor-normalize] asn normalized { normalizedAsnToFhdn: 667, fixedMissingAsnRef: 0 }
[fareharbor-normalize] asn normalized { normalizedAsnToFhdn: 668, fixedMissingAsnRef: 0 }
[fareharbor-normalize] asn normalized { normalizedAsnToFhdn: 669, fixedMissingAsnRef: 0 }
[fareharbor-normalize] asn normalized { normalizedAsnToFhdn: 670, fixedMissingAsnRef: 0 }
[fareharbor-normalize] asn normalized { normalizedAsnToFhdn: 671, fixedMissingAsnRef: 0 }
[fareharbor-normalize] asn normalized { normalizedAsnToFhdn: 672, fixedMissingAsnRef: 0 }
[fareharbor-normalize] asn normalized { normalizedAsnToFhdn: 673, fixedMissingAsnRef: 0 }
[fareharbor-normalize] asn normalized { normalizedAsnToFhdn: 674, fixedMissingAsnRef: 0 }
[fareharbor-normalize] asn normalized { normalizedAsnToFhdn: 675, fixedMissingAsnRef: 0 }
[fareharbor-normalize] asn normalized { normalizedAsnToFhdn: 676, fixedMissingAsnRef: 0 }
[fareharbor-normalize] asn normalized { normalizedAsnToFhdn: 677, fixedMissingAsnRef: 0 }
[fareharbor-normalize] asn normalized { normalizedAsnToFhdn: 678, fixedMissingAsnRef: 0 }
[fareharbor-normalize] asn normalized { normalizedAsnToFhdn: 679, fixedMissingAsnRef: 0 }
[fareharbor-normalize] asn normalized { normalizedAsnToFhdn: 680, fixedMissingAsnRef: 0 }
[fareharbor-normalize] asn normalized { normalizedAsnToFhdn: 681, fixedMissingAsnRef: 0 }
[fareharbor-normalize] asn normalized { normalizedAsnToFhdn: 682, fixedMissingAsnRef: 0 }
[fareharbor-normalize] asn normalized { normalizedAsnToFhdn: 683, fixedMissingAsnRef: 0 }
[fareharbor-normalize] asn normalized { normalizedAsnToFhdn: 684, fixedMissingAsnRef: 0 }
[fareharbor-normalize] asn normalized { normalizedAsnToFhdn: 685, fixedMissingAsnRef: 0 }
[fareharbor-normalize] asn normalized { normalizedAsnToFhdn: 686, fixedMissingAsnRef: 0 }
[fareharbor-normalize] asn normalized { normalizedAsnToFhdn: 687, fixedMissingAsnRef: 0 }
[fareharbor-normalize] asn normalized { normalizedAsnToFhdn: 688, fixedMissingAsnRef: 0 }
[fareharbor-normalize] asn normalized { normalizedAsnToFhdn: 689, fixedMissingAsnRef: 0 }
[fareharbor-normalize] asn normalized { normalizedAsnToFhdn: 690, fixedMissingAsnRef: 0 }
[fareharbor-normalize] asn normalized { normalizedAsnToFhdn: 691, fixedMissingAsnRef: 0 }
[fareharbor-normalize] asn normalized { normalizedAsnToFhdn: 692, fixedMissingAsnRef: 0 }
[fareharbor-normalize] asn normalized { normalizedAsnToFhdn: 693, fixedMissingAsnRef: 0 }
[fareharbor-normalize] asn normalized { normalizedAsnToFhdn: 694, fixedMissingAsnRef: 0 }
[fareharbor-normalize] asn normalized { normalizedAsnToFhdn: 695, fixedMissingAsnRef: 0 }
[fareharbor-normalize] asn normalized { normalizedAsnToFhdn: 696, fixedMissingAsnRef: 0 }
[fareharbor-normalize] asn normalized { normalizedAsnToFhdn: 697, fixedMissingAsnRef: 0 }
[fareharbor-normalize] asn normalized { normalizedAsnToFhdn: 698, fixedMissingAsnRef: 0 }
[fareharbor-normalize] asn normalized { normalizedAsnToFhdn: 699, fixedMissingAsnRef: 0 }
[fareharbor-normalize] asn normalized { normalizedAsnToFhdn: 700, fixedMissingAsnRef: 0 }
[fareharbor-normalize] asn normalized { normalizedAsnToFhdn: 701, fixedMissingAsnRef: 0 }
[fareharbor-normalize] asn normalized { normalizedAsnToFhdn: 702, fixedMissingAsnRef: 0 }
[fareharbor-normalize] asn normalized { normalizedAsnToFhdn: 703, fixedMissingAsnRef: 0 }
[fareharbor-normalize] asn normalized { normalizedAsnToFhdn: 704, fixedMissingAsnRef: 0 }
[fareharbor-normalize] asn normalized { normalizedAsnToFhdn: 705, fixedMissingAsnRef: 0 }
[fareharbor-normalize] asn normalized { normalizedAsnToFhdn: 706, fixedMissingAsnRef: 0 }
[fareharbor-normalize] asn normalized { normalizedAsnToFhdn: 707, fixedMissingAsnRef: 0 }
[fareharbor-normalize] asn normalized { normalizedAsnToFhdn: 708, fixedMissingAsnRef: 0 }
[fareharbor-normalize] asn normalized { normalizedAsnToFhdn: 709, fixedMissingAsnRef: 0 }
[fareharbor-normalize] asn normalized { normalizedAsnToFhdn: 710, fixedMissingAsnRef: 0 }
[fareharbor-normalize] asn normalized { normalizedAsnToFhdn: 711, fixedMissingAsnRef: 0 }
[fareharbor-normalize] asn normalized { normalizedAsnToFhdn: 712, fixedMissingAsnRef: 0 }
[fareharbor-normalize] asn normalized { normalizedAsnToFhdn: 713, fixedMissingAsnRef: 0 }
[fareharbor-normalize] asn normalized { normalizedAsnToFhdn: 714, fixedMissingAsnRef: 0 }
[fareharbor-normalize] asn normalized { normalizedAsnToFhdn: 715, fixedMissingAsnRef: 0 }
[fareharbor-normalize] asn normalized { normalizedAsnToFhdn: 716, fixedMissingAsnRef: 0 }
[fareharbor-normalize] asn normalized { normalizedAsnToFhdn: 717, fixedMissingAsnRef: 0 }
[fareharbor-normalize] asn normalized { normalizedAsnToFhdn: 718, fixedMissingAsnRef: 0 }
[fareharbor-normalize] asn normalized { normalizedAsnToFhdn: 719, fixedMissingAsnRef: 0 }
[fareharbor-normalize] asn normalized { normalizedAsnToFhdn: 720, fixedMissingAsnRef: 0 }
[fareharbor-normalize] asn normalized { normalizedAsnToFhdn: 721, fixedMissingAsnRef: 0 }
[fareharbor-normalize] asn normalized { normalizedAsnToFhdn: 722, fixedMissingAsnRef: 0 }
[fareharbor-normalize] asn normalized { normalizedAsnToFhdn: 723, fixedMissingAsnRef: 0 }
[fareharbor-normalize] asn normalized { normalizedAsnToFhdn: 724, fixedMissingAsnRef: 0 }
[fareharbor-normalize] asn normalized { normalizedAsnToFhdn: 725, fixedMissingAsnRef: 0 }
[fareharbor-normalize] asn normalized { normalizedAsnToFhdn: 726, fixedMissingAsnRef: 0 }
[fareharbor-normalize] asn normalized { normalizedAsnToFhdn: 727, fixedMissingAsnRef: 0 }
[fareharbor-normalize] asn normalized { normalizedAsnToFhdn: 728, fixedMissingAsnRef: 0 }
[fareharbor-normalize] asn normalized { normalizedAsnToFhdn: 729, fixedMissingAsnRef: 0 }
[fareharbor-normalize] asn normalized { normalizedAsnToFhdn: 730, fixedMissingAsnRef: 0 }
[fareharbor-normalize] asn normalized { normalizedAsnToFhdn: 731, fixedMissingAsnRef: 0 }
[fareharbor-normalize] asn normalized { normalizedAsnToFhdn: 732, fixedMissingAsnRef: 0 }
[fareharbor-normalize] asn normalized { normalizedAsnToFhdn: 733, fixedMissingAsnRef: 0 }
[fareharbor-normalize] asn normalized { normalizedAsnToFhdn: 734, fixedMissingAsnRef: 0 }
[fareharbor-normalize] asn normalized { normalizedAsnToFhdn: 735, fixedMissingAsnRef: 0 }
[fareharbor-normalize] asn normalized { normalizedAsnToFhdn: 736, fixedMissingAsnRef: 0 }
[fareharbor-normalize] asn normalized { normalizedAsnToFhdn: 737, fixedMissingAsnRef: 0 }
[fareharbor-normalize] asn normalized { normalizedAsnToFhdn: 738, fixedMissingAsnRef: 0 }
[fareharbor-normalize] asn normalized { normalizedAsnToFhdn: 739, fixedMissingAsnRef: 0 }
[fareharbor-normalize] asn normalized { normalizedAsnToFhdn: 740, fixedMissingAsnRef: 0 }
[fareharbor-normalize] asn normalized { normalizedAsnToFhdn: 741, fixedMissingAsnRef: 0 }
[fareharbor-normalize] asn normalized { normalizedAsnToFhdn: 742, fixedMissingAsnRef: 0 }
[fareharbor-normalize] asn normalized { normalizedAsnToFhdn: 743, fixedMissingAsnRef: 0 }
[fareharbor-normalize] asn normalized { normalizedAsnToFhdn: 744, fixedMissingAsnRef: 0 }
[fareharbor-normalize] asn normalized { normalizedAsnToFhdn: 745, fixedMissingAsnRef: 0 }
[fareharbor-normalize] asn normalized { normalizedAsnToFhdn: 746, fixedMissingAsnRef: 0 }
[fareharbor-normalize] asn normalized { normalizedAsnToFhdn: 747, fixedMissingAsnRef: 0 }
[fareharbor-normalize] asn normalized { normalizedAsnToFhdn: 748, fixedMissingAsnRef: 0 }
[fareharbor-normalize] asn normalized { normalizedAsnToFhdn: 749, fixedMissingAsnRef: 0 }
[fareharbor-normalize] asn normalized { normalizedAsnToFhdn: 750, fixedMissingAsnRef: 0 }
[fareharbor-normalize] asn normalized { normalizedAsnToFhdn: 751, fixedMissingAsnRef: 0 }
[fareharbor-normalize] asn normalized { normalizedAsnToFhdn: 752, fixedMissingAsnRef: 0 }
[fareharbor-normalize] asn normalized { normalizedAsnToFhdn: 753, fixedMissingAsnRef: 0 }
[fareharbor-normalize] asn normalized { normalizedAsnToFhdn: 754, fixedMissingAsnRef: 0 }
[fareharbor-normalize] asn normalized { normalizedAsnToFhdn: 755, fixedMissingAsnRef: 0 }
[fareharbor-normalize] asn normalized { normalizedAsnToFhdn: 756, fixedMissingAsnRef: 0 }
[fareharbor-normalize] asn normalized { normalizedAsnToFhdn: 757, fixedMissingAsnRef: 0 }
[fareharbor-normalize] asn normalized { normalizedAsnToFhdn: 758, fixedMissingAsnRef: 0 }
[fareharbor-normalize] asn normalized { normalizedAsnToFhdn: 759, fixedMissingAsnRef: 0 }
[fareharbor-normalize] asn normalized { normalizedAsnToFhdn: 760, fixedMissingAsnRef: 0 }
[fareharbor-normalize] asn normalized { normalizedAsnToFhdn: 761, fixedMissingAsnRef: 0 }
[fareharbor-normalize] asn normalized { normalizedAsnToFhdn: 762, fixedMissingAsnRef: 0 }
[fareharbor-normalize] asn normalized { normalizedAsnToFhdn: 763, fixedMissingAsnRef: 0 }
[fareharbor-normalize] asn normalized { normalizedAsnToFhdn: 764, fixedMissingAsnRef: 0 }
[fareharbor-normalize] asn normalized { normalizedAsnToFhdn: 765, fixedMissingAsnRef: 0 }
[fareharbor-normalize] asn normalized { normalizedAsnToFhdn: 766, fixedMissingAsnRef: 0 }
[fareharbor-normalize] asn normalized { normalizedAsnToFhdn: 767, fixedMissingAsnRef: 0 }
[fareharbor-normalize] asn normalized { normalizedAsnToFhdn: 768, fixedMissingAsnRef: 0 }
[fareharbor-normalize] asn normalized { normalizedAsnToFhdn: 769, fixedMissingAsnRef: 0 }
[fareharbor-normalize] asn normalized { normalizedAsnToFhdn: 770, fixedMissingAsnRef: 0 }
[fareharbor-normalize] asn normalized { normalizedAsnToFhdn: 771, fixedMissingAsnRef: 0 }
[fareharbor-normalize] asn normalized { normalizedAsnToFhdn: 772, fixedMissingAsnRef: 0 }
[fareharbor-normalize] asn normalized { normalizedAsnToFhdn: 773, fixedMissingAsnRef: 0 }
[fareharbor-normalize] asn normalized { normalizedAsnToFhdn: 774, fixedMissingAsnRef: 0 }
[fareharbor-normalize] asn normalized { normalizedAsnToFhdn: 775, fixedMissingAsnRef: 0 }
[fareharbor-normalize] asn normalized { normalizedAsnToFhdn: 776, fixedMissingAsnRef: 0 }
[fareharbor-normalize] asn normalized { normalizedAsnToFhdn: 777, fixedMissingAsnRef: 0 }
[fareharbor-normalize] asn normalized { normalizedAsnToFhdn: 778, fixedMissingAsnRef: 0 }
[fareharbor-normalize] asn normalized { normalizedAsnToFhdn: 779, fixedMissingAsnRef: 0 }
[fareharbor-normalize] asn normalized { normalizedAsnToFhdn: 780, fixedMissingAsnRef: 0 }
[fareharbor-normalize] asn normalized { normalizedAsnToFhdn: 781, fixedMissingAsnRef: 0 }
[fareharbor-normalize] asn normalized { normalizedAsnToFhdn: 782, fixedMissingAsnRef: 0 }
[fareharbor-normalize] asn normalized { normalizedAsnToFhdn: 783, fixedMissingAsnRef: 0 }
[fareharbor-normalize] asn normalized { normalizedAsnToFhdn: 784, fixedMissingAsnRef: 0 }
[fareharbor-normalize] asn normalized { normalizedAsnToFhdn: 785, fixedMissingAsnRef: 0 }
[fareharbor-normalize] asn normalized { normalizedAsnToFhdn: 786, fixedMissingAsnRef: 0 }
[fareharbor-normalize] asn normalized { normalizedAsnToFhdn: 787, fixedMissingAsnRef: 0 }
[fareharbor-normalize] asn normalized { normalizedAsnToFhdn: 788, fixedMissingAsnRef: 0 }
[fareharbor-normalize] asn normalized { normalizedAsnToFhdn: 789, fixedMissingAsnRef: 0 }
[fareharbor-normalize] asn normalized { normalizedAsnToFhdn: 790, fixedMissingAsnRef: 0 }
[fareharbor-normalize] asn normalized { normalizedAsnToFhdn: 791, fixedMissingAsnRef: 0 }
[fareharbor-normalize] asn normalized { normalizedAsnToFhdn: 792, fixedMissingAsnRef: 0 }
[fareharbor-normalize] asn normalized { normalizedAsnToFhdn: 793, fixedMissingAsnRef: 0 }
[fareharbor-normalize] asn normalized { normalizedAsnToFhdn: 794, fixedMissingAsnRef: 0 }
[fareharbor-normalize] asn normalized { normalizedAsnToFhdn: 795, fixedMissingAsnRef: 0 }
[fareharbor-normalize] asn normalized { normalizedAsnToFhdn: 796, fixedMissingAsnRef: 0 }
[fareharbor-normalize] asn normalized { normalizedAsnToFhdn: 797, fixedMissingAsnRef: 0 }
[fareharbor-normalize] asn normalized { normalizedAsnToFhdn: 798, fixedMissingAsnRef: 0 }
[fareharbor-normalize] asn normalized { normalizedAsnToFhdn: 799, fixedMissingAsnRef: 0 }
[fareharbor-normalize] asn normalized { normalizedAsnToFhdn: 800, fixedMissingAsnRef: 0 }
[fareharbor-normalize] asn normalized { normalizedAsnToFhdn: 801, fixedMissingAsnRef: 0 }
[fareharbor-normalize] asn normalized { normalizedAsnToFhdn: 802, fixedMissingAsnRef: 0 }
[fareharbor-normalize] asn normalized { normalizedAsnToFhdn: 803, fixedMissingAsnRef: 0 }
[fareharbor-normalize] asn normalized { normalizedAsnToFhdn: 804, fixedMissingAsnRef: 0 }
[fareharbor-normalize] asn normalized { normalizedAsnToFhdn: 805, fixedMissingAsnRef: 0 }
[fareharbor-normalize] asn normalized { normalizedAsnToFhdn: 806, fixedMissingAsnRef: 0 }
[fareharbor-normalize] asn normalized { normalizedAsnToFhdn: 807, fixedMissingAsnRef: 0 }
[fareharbor-normalize] asn normalized { normalizedAsnToFhdn: 808, fixedMissingAsnRef: 0 }
[fareharbor-normalize] asn normalized { normalizedAsnToFhdn: 809, fixedMissingAsnRef: 0 }
[fareharbor-normalize] asn normalized { normalizedAsnToFhdn: 810, fixedMissingAsnRef: 0 }
[fareharbor-normalize] asn normalized { normalizedAsnToFhdn: 811, fixedMissingAsnRef: 0 }
[fareharbor-normalize] asn normalized { normalizedAsnToFhdn: 812, fixedMissingAsnRef: 0 }
[fareharbor-normalize] asn normalized { normalizedAsnToFhdn: 813, fixedMissingAsnRef: 0 }
[fareharbor-normalize] asn normalized { normalizedAsnToFhdn: 814, fixedMissingAsnRef: 0 }
[fareharbor-normalize] asn normalized { normalizedAsnToFhdn: 815, fixedMissingAsnRef: 0 }
[fareharbor-normalize] asn normalized { normalizedAsnToFhdn: 816, fixedMissingAsnRef: 0 }
[fareharbor-normalize] asn normalized { normalizedAsnToFhdn: 817, fixedMissingAsnRef: 0 }
[fareharbor-normalize] asn normalized { normalizedAsnToFhdn: 818, fixedMissingAsnRef: 0 }
[fareharbor-normalize] asn normalized { normalizedAsnToFhdn: 819, fixedMissingAsnRef: 0 }
[fareharbor-normalize] asn normalized { normalizedAsnToFhdn: 820, fixedMissingAsnRef: 0 }
[fareharbor-normalize] asn normalized { normalizedAsnToFhdn: 821, fixedMissingAsnRef: 0 }
[fareharbor-normalize] asn normalized { normalizedAsnToFhdn: 822, fixedMissingAsnRef: 0 }
[fareharbor-normalize] asn normalized { normalizedAsnToFhdn: 823, fixedMissingAsnRef: 0 }
[fareharbor-normalize] asn normalized { normalizedAsnToFhdn: 824, fixedMissingAsnRef: 0 }
[fareharbor-normalize] asn normalized { normalizedAsnToFhdn: 825, fixedMissingAsnRef: 0 }
[fareharbor-normalize] asn normalized { normalizedAsnToFhdn: 826, fixedMissingAsnRef: 0 }
[fareharbor-normalize] asn normalized { normalizedAsnToFhdn: 827, fixedMissingAsnRef: 0 }
[fareharbor-normalize] asn normalized { normalizedAsnToFhdn: 828, fixedMissingAsnRef: 0 }
[fareharbor-normalize] asn normalized { normalizedAsnToFhdn: 829, fixedMissingAsnRef: 0 }
[fareharbor-normalize] asn normalized { normalizedAsnToFhdn: 830, fixedMissingAsnRef: 0 }
[fareharbor-normalize] asn normalized { normalizedAsnToFhdn: 831, fixedMissingAsnRef: 0 }
[fareharbor-normalize] asn normalized { normalizedAsnToFhdn: 832, fixedMissingAsnRef: 0 }
[fareharbor-normalize] asn normalized { normalizedAsnToFhdn: 833, fixedMissingAsnRef: 0 }
[fareharbor-normalize] asn normalized { normalizedAsnToFhdn: 834, fixedMissingAsnRef: 0 }
[fareharbor-normalize] asn normalized { normalizedAsnToFhdn: 835, fixedMissingAsnRef: 0 }
[fareharbor-normalize] asn normalized { normalizedAsnToFhdn: 836, fixedMissingAsnRef: 0 }
[fareharbor-normalize] asn normalized { normalizedAsnToFhdn: 837, fixedMissingAsnRef: 0 }
[fareharbor-normalize] asn normalized { normalizedAsnToFhdn: 838, fixedMissingAsnRef: 0 }
[fareharbor-normalize] asn normalized { normalizedAsnToFhdn: 839, fixedMissingAsnRef: 0 }
[fareharbor-normalize] asn normalized { normalizedAsnToFhdn: 840, fixedMissingAsnRef: 0 }
[fareharbor-normalize] asn normalized { normalizedAsnToFhdn: 841, fixedMissingAsnRef: 0 }
[fareharbor-normalize] asn normalized { normalizedAsnToFhdn: 842, fixedMissingAsnRef: 0 }
[fareharbor-normalize] asn normalized { normalizedAsnToFhdn: 843, fixedMissingAsnRef: 0 }
[fareharbor-normalize] asn normalized { normalizedAsnToFhdn: 844, fixedMissingAsnRef: 0 }
[fareharbor-normalize] asn normalized { normalizedAsnToFhdn: 845, fixedMissingAsnRef: 0 }
[fareharbor-normalize] asn normalized { normalizedAsnToFhdn: 846, fixedMissingAsnRef: 0 }
[fareharbor-normalize] asn normalized { normalizedAsnToFhdn: 847, fixedMissingAsnRef: 0 }
[fareharbor-normalize] asn normalized { normalizedAsnToFhdn: 848, fixedMissingAsnRef: 0 }
[fareharbor-normalize] asn normalized { normalizedAsnToFhdn: 849, fixedMissingAsnRef: 0 }
[fareharbor-normalize] asn normalized { normalizedAsnToFhdn: 850, fixedMissingAsnRef: 0 }
[fareharbor-normalize] asn normalized { normalizedAsnToFhdn: 851, fixedMissingAsnRef: 0 }
[fareharbor-normalize] asn normalized { normalizedAsnToFhdn: 852, fixedMissingAsnRef: 0 }
[fareharbor-normalize] asn normalized { normalizedAsnToFhdn: 853, fixedMissingAsnRef: 0 }
[fareharbor-normalize] asn normalized { normalizedAsnToFhdn: 854, fixedMissingAsnRef: 0 }
[fareharbor-normalize] asn normalized { normalizedAsnToFhdn: 855, fixedMissingAsnRef: 0 }
[fareharbor-normalize] asn normalized { normalizedAsnToFhdn: 856, fixedMissingAsnRef: 0 }
[fareharbor-normalize] asn normalized { normalizedAsnToFhdn: 857, fixedMissingAsnRef: 0 }
[fareharbor-normalize] asn normalized { normalizedAsnToFhdn: 858, fixedMissingAsnRef: 0 }
[fareharbor-normalize] asn normalized { normalizedAsnToFhdn: 859, fixedMissingAsnRef: 0 }
[fareharbor-normalize] asn normalized { normalizedAsnToFhdn: 860, fixedMissingAsnRef: 0 }
[fareharbor-normalize] asn normalized { normalizedAsnToFhdn: 861, fixedMissingAsnRef: 0 }
[fareharbor-normalize] asn normalized { normalizedAsnToFhdn: 862, fixedMissingAsnRef: 0 }
[fareharbor-normalize] asn normalized { normalizedAsnToFhdn: 863, fixedMissingAsnRef: 0 }
[fareharbor-normalize] asn normalized { normalizedAsnToFhdn: 864, fixedMissingAsnRef: 0 }
[fareharbor-normalize] asn normalized { normalizedAsnToFhdn: 865, fixedMissingAsnRef: 0 }
[fareharbor-normalize] asn normalized { normalizedAsnToFhdn: 866, fixedMissingAsnRef: 0 }
[fareharbor-normalize] asn normalized { normalizedAsnToFhdn: 867, fixedMissingAsnRef: 0 }
[fareharbor-normalize] asn normalized { normalizedAsnToFhdn: 868, fixedMissingAsnRef: 0 }
[fareharbor-normalize] asn normalized { normalizedAsnToFhdn: 869, fixedMissingAsnRef: 0 }
[fareharbor-normalize] asn normalized { normalizedAsnToFhdn: 870, fixedMissingAsnRef: 0 }
[fareharbor-normalize] asn normalized { normalizedAsnToFhdn: 871, fixedMissingAsnRef: 0 }
[fareharbor-normalize] asn normalized { normalizedAsnToFhdn: 872, fixedMissingAsnRef: 0 }
[fareharbor-normalize] asn normalized { normalizedAsnToFhdn: 873, fixedMissingAsnRef: 0 }
[fareharbor-normalize] asn normalized { normalizedAsnToFhdn: 874, fixedMissingAsnRef: 0 }
[fareharbor-normalize] asn normalized { normalizedAsnToFhdn: 875, fixedMissingAsnRef: 0 }
[fareharbor-normalize] asn normalized { normalizedAsnToFhdn: 876, fixedMissingAsnRef: 0 }
[fareharbor-normalize] asn normalized { normalizedAsnToFhdn: 877, fixedMissingAsnRef: 0 }
[fareharbor-normalize] asn normalized { normalizedAsnToFhdn: 878, fixedMissingAsnRef: 0 }
[fareharbor-normalize] asn normalized { normalizedAsnToFhdn: 879, fixedMissingAsnRef: 0 }
[fareharbor-normalize] asn normalized { normalizedAsnToFhdn: 880, fixedMissingAsnRef: 0 }
[fareharbor-normalize] asn normalized { normalizedAsnToFhdn: 881, fixedMissingAsnRef: 0 }
[fareharbor-normalize] asn normalized { normalizedAsnToFhdn: 882, fixedMissingAsnRef: 0 }
[fareharbor-normalize] asn normalized { normalizedAsnToFhdn: 883, fixedMissingAsnRef: 0 }
[fareharbor-normalize] asn normalized { normalizedAsnToFhdn: 884, fixedMissingAsnRef: 0 }
[fareharbor-normalize] asn normalized { normalizedAsnToFhdn: 885, fixedMissingAsnRef: 0 }
[fareharbor-normalize] asn normalized { normalizedAsnToFhdn: 886, fixedMissingAsnRef: 0 }
[fareharbor-normalize] asn normalized { normalizedAsnToFhdn: 887, fixedMissingAsnRef: 0 }
[fareharbor-normalize] asn normalized { normalizedAsnToFhdn: 888, fixedMissingAsnRef: 0 }
[fareharbor-normalize] asn normalized { normalizedAsnToFhdn: 889, fixedMissingAsnRef: 0 }
[fareharbor-normalize] asn normalized { normalizedAsnToFhdn: 890, fixedMissingAsnRef: 0 }
[fareharbor-normalize] asn normalized { normalizedAsnToFhdn: 891, fixedMissingAsnRef: 0 }
[fareharbor-normalize] asn normalized { normalizedAsnToFhdn: 892, fixedMissingAsnRef: 0 }
[fareharbor-normalize] asn normalized { normalizedAsnToFhdn: 893, fixedMissingAsnRef: 0 }
[fareharbor-normalize] asn normalized { normalizedAsnToFhdn: 894, fixedMissingAsnRef: 0 }
[fareharbor-normalize] asn normalized { normalizedAsnToFhdn: 895, fixedMissingAsnRef: 0 }
[fareharbor-normalize] asn normalized { normalizedAsnToFhdn: 896, fixedMissingAsnRef: 0 }
[fareharbor-normalize] asn normalized { normalizedAsnToFhdn: 897, fixedMissingAsnRef: 0 }
[fareharbor-normalize] asn normalized { normalizedAsnToFhdn: 898, fixedMissingAsnRef: 0 }
[fareharbor-normalize] asn normalized { normalizedAsnToFhdn: 899, fixedMissingAsnRef: 0 }
[fareharbor-normalize] asn normalized { normalizedAsnToFhdn: 900, fixedMissingAsnRef: 0 }
[fareharbor-normalize] asn normalized { normalizedAsnToFhdn: 901, fixedMissingAsnRef: 0 }
[fareharbor-normalize] asn normalized { normalizedAsnToFhdn: 902, fixedMissingAsnRef: 0 }
[fareharbor-normalize] asn normalized { normalizedAsnToFhdn: 903, fixedMissingAsnRef: 0 }
[fareharbor-normalize] asn normalized { normalizedAsnToFhdn: 904, fixedMissingAsnRef: 0 }
[fareharbor-normalize] asn normalized { normalizedAsnToFhdn: 905, fixedMissingAsnRef: 0 }
[fareharbor-normalize] asn normalized { normalizedAsnToFhdn: 906, fixedMissingAsnRef: 0 }
[fareharbor-normalize] asn normalized { normalizedAsnToFhdn: 907, fixedMissingAsnRef: 0 }
[fareharbor-normalize] asn normalized { normalizedAsnToFhdn: 908, fixedMissingAsnRef: 0 }
[fareharbor-normalize] asn normalized { normalizedAsnToFhdn: 909, fixedMissingAsnRef: 0 }
[fareharbor-normalize] asn normalized { normalizedAsnToFhdn: 910, fixedMissingAsnRef: 0 }
[fareharbor-normalize] asn normalized { normalizedAsnToFhdn: 911, fixedMissingAsnRef: 0 }
[fareharbor-normalize] asn normalized { normalizedAsnToFhdn: 912, fixedMissingAsnRef: 0 }
[fareharbor-normalize] asn normalized { normalizedAsnToFhdn: 913, fixedMissingAsnRef: 0 }
[fareharbor-normalize] asn normalized { normalizedAsnToFhdn: 914, fixedMissingAsnRef: 0 }
[fareharbor-normalize] asn normalized { normalizedAsnToFhdn: 915, fixedMissingAsnRef: 0 }
[fareharbor-normalize] asn normalized { normalizedAsnToFhdn: 916, fixedMissingAsnRef: 0 }
[fareharbor-normalize] asn normalized { normalizedAsnToFhdn: 917, fixedMissingAsnRef: 0 }
[fareharbor-normalize] asn normalized { normalizedAsnToFhdn: 918, fixedMissingAsnRef: 0 }
[fareharbor-normalize] asn normalized { normalizedAsnToFhdn: 919, fixedMissingAsnRef: 0 }
[fareharbor-normalize] asn normalized { normalizedAsnToFhdn: 920, fixedMissingAsnRef: 0 }
[fareharbor-normalize] asn normalized { normalizedAsnToFhdn: 921, fixedMissingAsnRef: 0 }
[fareharbor-normalize] asn normalized { normalizedAsnToFhdn: 922, fixedMissingAsnRef: 0 }
[fareharbor-normalize] asn normalized { normalizedAsnToFhdn: 923, fixedMissingAsnRef: 0 }
[fareharbor-normalize] asn normalized { normalizedAsnToFhdn: 924, fixedMissingAsnRef: 0 }
[fareharbor-normalize] asn normalized { normalizedAsnToFhdn: 925, fixedMissingAsnRef: 0 }
[fareharbor-normalize] asn normalized { normalizedAsnToFhdn: 926, fixedMissingAsnRef: 0 }
[fareharbor-normalize] asn normalized { normalizedAsnToFhdn: 927, fixedMissingAsnRef: 0 }
[fareharbor-normalize] asn normalized { normalizedAsnToFhdn: 928, fixedMissingAsnRef: 0 }
[fareharbor-normalize] asn normalized { normalizedAsnToFhdn: 929, fixedMissingAsnRef: 0 }
[fareharbor-normalize] asn normalized { normalizedAsnToFhdn: 930, fixedMissingAsnRef: 0 }
[fareharbor-normalize] asn normalized { normalizedAsnToFhdn: 931, fixedMissingAsnRef: 0 }
[fareharbor-normalize] asn normalized { normalizedAsnToFhdn: 932, fixedMissingAsnRef: 0 }
[fareharbor-normalize] asn normalized { normalizedAsnToFhdn: 933, fixedMissingAsnRef: 0 }
[fareharbor-normalize] asn normalized { normalizedAsnToFhdn: 934, fixedMissingAsnRef: 0 }
[fareharbor-normalize] asn normalized { normalizedAsnToFhdn: 935, fixedMissingAsnRef: 0 }
[fareharbor-normalize] asn normalized { normalizedAsnToFhdn: 936, fixedMissingAsnRef: 0 }
[fareharbor-normalize] asn normalized { normalizedAsnToFhdn: 937, fixedMissingAsnRef: 0 }
[fareharbor-normalize] asn normalized { normalizedAsnToFhdn: 938, fixedMissingAsnRef: 0 }
[fareharbor-normalize] asn normalized { normalizedAsnToFhdn: 939, fixedMissingAsnRef: 0 }
[fareharbor-normalize] asn normalized { normalizedAsnToFhdn: 940, fixedMissingAsnRef: 0 }
[fareharbor-normalize] asn normalized { normalizedAsnToFhdn: 941, fixedMissingAsnRef: 0 }
[fareharbor-normalize] asn normalized { normalizedAsnToFhdn: 942, fixedMissingAsnRef: 0 }
[fareharbor-normalize] asn normalized { normalizedAsnToFhdn: 943, fixedMissingAsnRef: 0 }
[fareharbor-normalize] asn normalized { normalizedAsnToFhdn: 944, fixedMissingAsnRef: 0 }
[fareharbor-normalize] asn normalized { normalizedAsnToFhdn: 945, fixedMissingAsnRef: 0 }
[fareharbor-normalize] asn normalized { normalizedAsnToFhdn: 946, fixedMissingAsnRef: 0 }
[fareharbor-normalize] asn normalized { normalizedAsnToFhdn: 947, fixedMissingAsnRef: 0 }
[fareharbor-normalize] asn normalized { normalizedAsnToFhdn: 948, fixedMissingAsnRef: 0 }
[fareharbor-normalize] asn normalized { normalizedAsnToFhdn: 949, fixedMissingAsnRef: 0 }
[fareharbor-normalize] asn normalized { normalizedAsnToFhdn: 950, fixedMissingAsnRef: 0 }
[fareharbor-normalize] asn normalized { normalizedAsnToFhdn: 951, fixedMissingAsnRef: 0 }
[fareharbor-normalize] asn normalized { normalizedAsnToFhdn: 952, fixedMissingAsnRef: 0 }
[fareharbor-normalize] asn normalized { normalizedAsnToFhdn: 953, fixedMissingAsnRef: 0 }
[fareharbor-normalize] asn normalized { normalizedAsnToFhdn: 954, fixedMissingAsnRef: 0 }
[fareharbor-normalize] asn normalized { normalizedAsnToFhdn: 955, fixedMissingAsnRef: 0 }
[fareharbor-normalize] asn normalized { normalizedAsnToFhdn: 956, fixedMissingAsnRef: 0 }
[fareharbor-normalize] asn normalized { normalizedAsnToFhdn: 957, fixedMissingAsnRef: 0 }
[fareharbor-normalize] asn normalized { normalizedAsnToFhdn: 958, fixedMissingAsnRef: 0 }
[fareharbor-normalize] asn normalized { normalizedAsnToFhdn: 959, fixedMissingAsnRef: 0 }
[fareharbor-normalize] asn normalized { normalizedAsnToFhdn: 960, fixedMissingAsnRef: 0 }
[fareharbor-normalize] asn normalized { normalizedAsnToFhdn: 961, fixedMissingAsnRef: 0 }
[fareharbor-normalize] asn normalized { normalizedAsnToFhdn: 962, fixedMissingAsnRef: 0 }
[fareharbor-normalize] asn normalized { normalizedAsnToFhdn: 963, fixedMissingAsnRef: 0 }
[fareharbor-normalize] asn normalized { normalizedAsnToFhdn: 964, fixedMissingAsnRef: 0 }
[fareharbor-normalize] asn normalized { normalizedAsnToFhdn: 965, fixedMissingAsnRef: 0 }
[fareharbor-normalize] asn normalized { normalizedAsnToFhdn: 966, fixedMissingAsnRef: 0 }
[fareharbor-normalize] asn normalized { normalizedAsnToFhdn: 967, fixedMissingAsnRef: 0 }
[fareharbor-normalize] asn normalized { normalizedAsnToFhdn: 968, fixedMissingAsnRef: 0 }
[fareharbor-normalize] asn normalized { normalizedAsnToFhdn: 969, fixedMissingAsnRef: 0 }
[fareharbor-normalize] asn normalized { normalizedAsnToFhdn: 970, fixedMissingAsnRef: 0 }
[fareharbor-normalize] asn normalized { normalizedAsnToFhdn: 971, fixedMissingAsnRef: 0 }
[fareharbor-normalize] asn normalized { normalizedAsnToFhdn: 972, fixedMissingAsnRef: 0 }
[fareharbor-normalize] asn normalized { normalizedAsnToFhdn: 973, fixedMissingAsnRef: 0 }
[fareharbor-normalize] asn normalized { normalizedAsnToFhdn: 974, fixedMissingAsnRef: 0 }
[fareharbor-normalize] asn normalized { normalizedAsnToFhdn: 975, fixedMissingAsnRef: 0 }
[fareharbor-normalize] asn normalized { normalizedAsnToFhdn: 976, fixedMissingAsnRef: 0 }
[fareharbor-normalize] asn normalized { normalizedAsnToFhdn: 977, fixedMissingAsnRef: 0 }
[fareharbor-normalize] asn normalized { normalizedAsnToFhdn: 978, fixedMissingAsnRef: 0 }
[fareharbor-normalize] asn normalized { normalizedAsnToFhdn: 979, fixedMissingAsnRef: 0 }
[fareharbor-normalize] asn normalized { normalizedAsnToFhdn: 980, fixedMissingAsnRef: 0 }
[fareharbor-normalize] asn normalized { normalizedAsnToFhdn: 981, fixedMissingAsnRef: 0 }
[fareharbor-normalize] asn normalized { normalizedAsnToFhdn: 982, fixedMissingAsnRef: 0 }
[fareharbor-normalize] asn normalized { normalizedAsnToFhdn: 983, fixedMissingAsnRef: 0 }
[fareharbor-normalize] asn normalized { normalizedAsnToFhdn: 984, fixedMissingAsnRef: 0 }
[fareharbor-normalize] asn normalized { normalizedAsnToFhdn: 985, fixedMissingAsnRef: 0 }
[fareharbor-normalize] asn normalized { normalizedAsnToFhdn: 986, fixedMissingAsnRef: 0 }
[fareharbor-normalize] asn normalized { normalizedAsnToFhdn: 987, fixedMissingAsnRef: 0 }
[fareharbor-normalize] asn normalized { normalizedAsnToFhdn: 988, fixedMissingAsnRef: 0 }
[fareharbor-normalize] asn normalized { normalizedAsnToFhdn: 989, fixedMissingAsnRef: 0 }
[fareharbor-normalize] asn normalized { normalizedAsnToFhdn: 990, fixedMissingAsnRef: 0 }
[fareharbor-normalize] asn normalized { normalizedAsnToFhdn: 991, fixedMissingAsnRef: 0 }
[fareharbor-normalize] asn normalized { normalizedAsnToFhdn: 992, fixedMissingAsnRef: 0 }
[fareharbor-normalize] asn normalized { normalizedAsnToFhdn: 993, fixedMissingAsnRef: 0 }
[fareharbor-normalize] asn normalized { normalizedAsnToFhdn: 994, fixedMissingAsnRef: 0 }
[fareharbor-normalize] asn normalized { normalizedAsnToFhdn: 995, fixedMissingAsnRef: 0 }
[fareharbor-normalize] asn normalized { normalizedAsnToFhdn: 996, fixedMissingAsnRef: 0 }
[fareharbor-normalize] asn normalized { normalizedAsnToFhdn: 997, fixedMissingAsnRef: 0 }
[fareharbor-normalize] asn normalized { normalizedAsnToFhdn: 998, fixedMissingAsnRef: 0 }
[fareharbor-normalize] asn normalized { normalizedAsnToFhdn: 999, fixedMissingAsnRef: 0 }
[fareharbor-normalize] asn normalized { normalizedAsnToFhdn: 1000, fixedMissingAsnRef: 0 }
[fareharbor-normalize] asn normalized { normalizedAsnToFhdn: 1001, fixedMissingAsnRef: 0 }
[fareharbor-normalize] asn normalized { normalizedAsnToFhdn: 1002, fixedMissingAsnRef: 0 }
[fareharbor-normalize] asn normalized { normalizedAsnToFhdn: 1003, fixedMissingAsnRef: 0 }
[fareharbor-normalize] asn normalized { normalizedAsnToFhdn: 1004, fixedMissingAsnRef: 0 }
[fareharbor-normalize] asn normalized { normalizedAsnToFhdn: 1005, fixedMissingAsnRef: 0 }
[fareharbor-normalize] asn normalized { normalizedAsnToFhdn: 1006, fixedMissingAsnRef: 0 }
[fareharbor-normalize] asn normalized { normalizedAsnToFhdn: 1007, fixedMissingAsnRef: 0 }
[fareharbor-normalize] asn normalized { normalizedAsnToFhdn: 1008, fixedMissingAsnRef: 0 }
[fareharbor-normalize] asn normalized { normalizedAsnToFhdn: 1009, fixedMissingAsnRef: 0 }
[fareharbor-normalize] asn normalized { normalizedAsnToFhdn: 1010, fixedMissingAsnRef: 0 }
[fareharbor-normalize] asn normalized { normalizedAsnToFhdn: 1011, fixedMissingAsnRef: 0 }
[fareharbor-normalize] asn normalized { normalizedAsnToFhdn: 1012, fixedMissingAsnRef: 0 }
[fareharbor-normalize] asn normalized { normalizedAsnToFhdn: 1013, fixedMissingAsnRef: 0 }
[fareharbor-normalize] asn normalized { normalizedAsnToFhdn: 1014, fixedMissingAsnRef: 0 }
[fareharbor-normalize] asn normalized { normalizedAsnToFhdn: 1015, fixedMissingAsnRef: 0 }
[fareharbor-normalize] asn normalized { normalizedAsnToFhdn: 1016, fixedMissingAsnRef: 0 }
[fareharbor-normalize] asn normalized { normalizedAsnToFhdn: 1017, fixedMissingAsnRef: 0 }
[fareharbor-normalize] asn normalized { normalizedAsnToFhdn: 1018, fixedMissingAsnRef: 0 }
[fareharbor-normalize] asn normalized { normalizedAsnToFhdn: 1019, fixedMissingAsnRef: 0 }
[fareharbor-normalize] asn normalized { normalizedAsnToFhdn: 1020, fixedMissingAsnRef: 0 }
[fareharbor-normalize] asn normalized { normalizedAsnToFhdn: 1021, fixedMissingAsnRef: 0 }
[fareharbor-normalize] asn normalized { normalizedAsnToFhdn: 1022, fixedMissingAsnRef: 0 }
[fareharbor-normalize] asn normalized { normalizedAsnToFhdn: 1023, fixedMissingAsnRef: 0 }
[fareharbor-normalize] asn normalized { normalizedAsnToFhdn: 1024, fixedMissingAsnRef: 0 }
[fareharbor-normalize] asn normalized { normalizedAsnToFhdn: 1025, fixedMissingAsnRef: 0 }
[fareharbor-normalize] asn normalized { normalizedAsnToFhdn: 1026, fixedMissingAsnRef: 0 }
[fareharbor-normalize] asn normalized { normalizedAsnToFhdn: 1027, fixedMissingAsnRef: 0 }
[fareharbor-normalize] asn normalized { normalizedAsnToFhdn: 1028, fixedMissingAsnRef: 0 }
[fareharbor-normalize] asn normalized { normalizedAsnToFhdn: 1029, fixedMissingAsnRef: 0 }
[fareharbor-normalize] asn normalized { normalizedAsnToFhdn: 1030, fixedMissingAsnRef: 0 }
[fareharbor-normalize] asn normalized { normalizedAsnToFhdn: 1031, fixedMissingAsnRef: 0 }
[fareharbor-normalize] asn normalized { normalizedAsnToFhdn: 1032, fixedMissingAsnRef: 0 }
[fareharbor-normalize] asn normalized { normalizedAsnToFhdn: 1033, fixedMissingAsnRef: 0 }
[fareharbor-normalize] asn normalized { normalizedAsnToFhdn: 1034, fixedMissingAsnRef: 0 }
[fareharbor-normalize] asn normalized { normalizedAsnToFhdn: 1035, fixedMissingAsnRef: 0 }
[fareharbor-normalize] asn normalized { normalizedAsnToFhdn: 1036, fixedMissingAsnRef: 0 }
[fareharbor-normalize] asn normalized { normalizedAsnToFhdn: 1037, fixedMissingAsnRef: 0 }
[fareharbor-normalize] asn normalized { normalizedAsnToFhdn: 1038, fixedMissingAsnRef: 0 }
[fareharbor-normalize] asn normalized { normalizedAsnToFhdn: 1039, fixedMissingAsnRef: 0 }
[fareharbor-normalize] asn normalized { normalizedAsnToFhdn: 1040, fixedMissingAsnRef: 0 }
[fareharbor-normalize] asn normalized { normalizedAsnToFhdn: 1041, fixedMissingAsnRef: 0 }
[fareharbor-normalize] asn normalized { normalizedAsnToFhdn: 1042, fixedMissingAsnRef: 0 }
[fareharbor-normalize] asn normalized { normalizedAsnToFhdn: 1043, fixedMissingAsnRef: 0 }
[fareharbor-normalize] asn normalized { normalizedAsnToFhdn: 1044, fixedMissingAsnRef: 0 }
[fareharbor-normalize] asn normalized { normalizedAsnToFhdn: 1045, fixedMissingAsnRef: 0 }
[fareharbor-normalize] asn normalized { normalizedAsnToFhdn: 1046, fixedMissingAsnRef: 0 }
[fareharbor-normalize] asn normalized { normalizedAsnToFhdn: 1047, fixedMissingAsnRef: 0 }
[fareharbor-normalize] asn normalized { normalizedAsnToFhdn: 1048, fixedMissingAsnRef: 0 }
[fareharbor-normalize] asn normalized { normalizedAsnToFhdn: 1049, fixedMissingAsnRef: 0 }
[fareharbor-normalize] asn normalized { normalizedAsnToFhdn: 1050, fixedMissingAsnRef: 0 }
[fareharbor-normalize] asn normalized { normalizedAsnToFhdn: 1051, fixedMissingAsnRef: 0 }
[fareharbor-normalize] asn normalized { normalizedAsnToFhdn: 1052, fixedMissingAsnRef: 0 }
[fareharbor-normalize] asn normalized { normalizedAsnToFhdn: 1053, fixedMissingAsnRef: 0 }
[fareharbor-normalize] asn normalized { normalizedAsnToFhdn: 1054, fixedMissingAsnRef: 0 }
[fareharbor-normalize] asn normalized { normalizedAsnToFhdn: 1055, fixedMissingAsnRef: 0 }
[fareharbor-normalize] asn normalized { normalizedAsnToFhdn: 1056, fixedMissingAsnRef: 0 }
[fareharbor-normalize] asn normalized { normalizedAsnToFhdn: 1057, fixedMissingAsnRef: 0 }
[fareharbor-normalize] asn normalized { normalizedAsnToFhdn: 1058, fixedMissingAsnRef: 0 }
[fareharbor-normalize] asn normalized { normalizedAsnToFhdn: 1059, fixedMissingAsnRef: 0 }
[fareharbor-normalize] asn normalized { normalizedAsnToFhdn: 1060, fixedMissingAsnRef: 0 }
[fareharbor-normalize] asn normalized { normalizedAsnToFhdn: 1061, fixedMissingAsnRef: 0 }
[fareharbor-normalize] asn normalized { normalizedAsnToFhdn: 1062, fixedMissingAsnRef: 0 }
[fareharbor-normalize] asn normalized { normalizedAsnToFhdn: 1063, fixedMissingAsnRef: 0 }
[fareharbor-normalize] asn normalized { normalizedAsnToFhdn: 1064, fixedMissingAsnRef: 0 }
[fareharbor-normalize] asn normalized { normalizedAsnToFhdn: 1065, fixedMissingAsnRef: 0 }
[fareharbor-normalize] asn normalized { normalizedAsnToFhdn: 1066, fixedMissingAsnRef: 0 }
[fareharbor-normalize] asn normalized { normalizedAsnToFhdn: 1067, fixedMissingAsnRef: 0 }
[fareharbor-normalize] asn normalized { normalizedAsnToFhdn: 1068, fixedMissingAsnRef: 0 }
[fareharbor-normalize] asn normalized { normalizedAsnToFhdn: 1069, fixedMissingAsnRef: 0 }
[fareharbor-normalize] asn normalized { normalizedAsnToFhdn: 1070, fixedMissingAsnRef: 0 }
[fareharbor-normalize] asn normalized { normalizedAsnToFhdn: 1071, fixedMissingAsnRef: 0 }
[fareharbor-normalize] asn normalized { normalizedAsnToFhdn: 1072, fixedMissingAsnRef: 0 }
[fareharbor-normalize] asn normalized { normalizedAsnToFhdn: 1073, fixedMissingAsnRef: 0 }
[fareharbor-normalize] asn normalized { normalizedAsnToFhdn: 1074, fixedMissingAsnRef: 0 }
[fareharbor-normalize] asn normalized { normalizedAsnToFhdn: 1075, fixedMissingAsnRef: 0 }
[fareharbor-normalize] asn normalized { normalizedAsnToFhdn: 1076, fixedMissingAsnRef: 0 }
[fareharbor-normalize] asn normalized { normalizedAsnToFhdn: 1077, fixedMissingAsnRef: 0 }
[fareharbor-normalize] asn normalized { normalizedAsnToFhdn: 1078, fixedMissingAsnRef: 0 }
[fareharbor-normalize] asn normalized { normalizedAsnToFhdn: 1079, fixedMissingAsnRef: 0 }
[fareharbor-normalize] asn normalized { normalizedAsnToFhdn: 1080, fixedMissingAsnRef: 0 }
[fareharbor-normalize] asn normalized { normalizedAsnToFhdn: 1081, fixedMissingAsnRef: 0 }
[fareharbor-normalize] asn normalized { normalizedAsnToFhdn: 1082, fixedMissingAsnRef: 0 }
[fareharbor-normalize] asn normalized { normalizedAsnToFhdn: 1083, fixedMissingAsnRef: 0 }
[fareharbor-normalize] asn normalized { normalizedAsnToFhdn: 1084, fixedMissingAsnRef: 0 }
[fareharbor-normalize] asn normalized { normalizedAsnToFhdn: 1085, fixedMissingAsnRef: 0 }
[fareharbor-normalize] asn normalized { normalizedAsnToFhdn: 1086, fixedMissingAsnRef: 0 }
[fareharbor-normalize] asn normalized { normalizedAsnToFhdn: 1087, fixedMissingAsnRef: 0 }
[fareharbor-normalize] asn normalized { normalizedAsnToFhdn: 1088, fixedMissingAsnRef: 0 }
[fareharbor-normalize] asn normalized { normalizedAsnToFhdn: 1089, fixedMissingAsnRef: 0 }
[fareharbor-normalize] asn normalized { normalizedAsnToFhdn: 1090, fixedMissingAsnRef: 0 }
[fareharbor-normalize] asn normalized { normalizedAsnToFhdn: 1091, fixedMissingAsnRef: 0 }
[fareharbor-normalize] asn normalized { normalizedAsnToFhdn: 1092, fixedMissingAsnRef: 0 }
[fareharbor-normalize] asn normalized { normalizedAsnToFhdn: 1093, fixedMissingAsnRef: 0 }
[fareharbor-normalize] asn normalized { normalizedAsnToFhdn: 1094, fixedMissingAsnRef: 0 }
[fareharbor-normalize] asn normalized { normalizedAsnToFhdn: 1095, fixedMissingAsnRef: 0 }
[fareharbor-normalize] asn normalized { normalizedAsnToFhdn: 1096, fixedMissingAsnRef: 0 }
[fareharbor-normalize] asn normalized { normalizedAsnToFhdn: 1097, fixedMissingAsnRef: 0 }
[fareharbor-normalize] asn normalized { normalizedAsnToFhdn: 1098, fixedMissingAsnRef: 0 }
[fareharbor-normalize] asn normalized { normalizedAsnToFhdn: 1099, fixedMissingAsnRef: 0 }
[fareharbor-normalize] asn normalized { normalizedAsnToFhdn: 1100, fixedMissingAsnRef: 0 }
[fareharbor-normalize] asn normalized { normalizedAsnToFhdn: 1101, fixedMissingAsnRef: 0 }
[fareharbor-normalize] asn normalized { normalizedAsnToFhdn: 1102, fixedMissingAsnRef: 0 }
[fareharbor-normalize] asn normalized { normalizedAsnToFhdn: 1103, fixedMissingAsnRef: 0 }
[mexico] filtered US rows: 23
[puerto-vallarta] filtered rows: 0
[fareharbor-normalize] asn normalized { normalizedAsnToFhdn: 1, fixedMissingAsnRef: 0 }
[fareharbor-normalize] asn normalized { normalizedAsnToFhdn: 2, fixedMissingAsnRef: 0 }
[fareharbor-normalize] asn normalized { normalizedAsnToFhdn: 3, fixedMissingAsnRef: 0 }
[fareharbor-normalize] asn normalized { normalizedAsnToFhdn: 4, fixedMissingAsnRef: 0 }
[fareharbor-normalize] asn normalized { normalizedAsnToFhdn: 5, fixedMissingAsnRef: 0 }
[fareharbor-normalize] asn normalized { normalizedAsnToFhdn: 6, fixedMissingAsnRef: 0 }
[fareharbor-normalize] asn normalized { normalizedAsnToFhdn: 7, fixedMissingAsnRef: 0 }
[fareharbor-normalize] asn normalized { normalizedAsnToFhdn: 8, fixedMissingAsnRef: 0 }
[fareharbor-normalize] asn normalized { normalizedAsnToFhdn: 9, fixedMissingAsnRef: 0 }
[fareharbor-normalize] asn normalized { normalizedAsnToFhdn: 10, fixedMissingAsnRef: 0 }
[fareharbor-normalize] asn normalized { normalizedAsnToFhdn: 11, fixedMissingAsnRef: 0 }
[fareharbor-normalize] asn normalized { normalizedAsnToFhdn: 12, fixedMissingAsnRef: 0 }
[fareharbor-normalize] asn normalized { normalizedAsnToFhdn: 13, fixedMissingAsnRef: 0 }
[fareharbor-normalize] asn normalized { normalizedAsnToFhdn: 14, fixedMissingAsnRef: 0 }
[fareharbor-normalize] asn normalized { normalizedAsnToFhdn: 15, fixedMissingAsnRef: 0 }
[fareharbor-normalize] asn normalized { normalizedAsnToFhdn: 16, fixedMissingAsnRef: 0 }
[fareharbor-normalize] asn normalized { normalizedAsnToFhdn: 17, fixedMissingAsnRef: 0 }
[fareharbor-normalize] asn normalized { normalizedAsnToFhdn: 18, fixedMissingAsnRef: 0 }
[fareharbor-normalize] asn normalized { normalizedAsnToFhdn: 19, fixedMissingAsnRef: 0 }
[fareharbor-normalize] asn normalized { normalizedAsnToFhdn: 20, fixedMissingAsnRef: 0 }
[fareharbor-normalize] asn normalized { normalizedAsnToFhdn: 21, fixedMissingAsnRef: 0 }
[fareharbor-normalize] asn normalized { normalizedAsnToFhdn: 22, fixedMissingAsnRef: 0 }
[fareharbor-normalize] asn normalized { normalizedAsnToFhdn: 23, fixedMissingAsnRef: 0 }
[fareharbor-normalize] asn normalized { normalizedAsnToFhdn: 24, fixedMissingAsnRef: 0 }
[fareharbor-normalize] asn normalized { normalizedAsnToFhdn: 25, fixedMissingAsnRef: 0 }
[fareharbor-normalize] asn normalized { normalizedAsnToFhdn: 26, fixedMissingAsnRef: 0 }
[fareharbor-normalize] asn normalized { normalizedAsnToFhdn: 27, fixedMissingAsnRef: 0 }
[fareharbor-normalize] asn normalized { normalizedAsnToFhdn: 28, fixedMissingAsnRef: 0 }
[fareharbor-normalize] asn normalized { normalizedAsnToFhdn: 29, fixedMissingAsnRef: 0 }
[fareharbor-normalize] asn normalized { normalizedAsnToFhdn: 30, fixedMissingAsnRef: 0 }
[fareharbor-normalize] asn normalized { normalizedAsnToFhdn: 31, fixedMissingAsnRef: 0 }
[fareharbor-normalize] asn normalized { normalizedAsnToFhdn: 32, fixedMissingAsnRef: 0 }
[fareharbor-normalize] asn normalized { normalizedAsnToFhdn: 33, fixedMissingAsnRef: 0 }
[fareharbor-normalize] asn normalized { normalizedAsnToFhdn: 34, fixedMissingAsnRef: 0 }
[fareharbor-normalize] asn normalized { normalizedAsnToFhdn: 35, fixedMissingAsnRef: 0 }
[fareharbor-normalize] asn normalized { normalizedAsnToFhdn: 36, fixedMissingAsnRef: 0 }
[fareharbor-normalize] asn normalized { normalizedAsnToFhdn: 37, fixedMissingAsnRef: 0 }
[fareharbor-normalize] asn normalized { normalizedAsnToFhdn: 38, fixedMissingAsnRef: 0 }
[fareharbor-normalize] asn normalized { normalizedAsnToFhdn: 39, fixedMissingAsnRef: 0 }
[fareharbor-normalize] asn normalized { normalizedAsnToFhdn: 40, fixedMissingAsnRef: 0 }
[fareharbor-normalize] asn normalized { normalizedAsnToFhdn: 41, fixedMissingAsnRef: 0 }
[fareharbor-normalize] asn normalized { normalizedAsnToFhdn: 42, fixedMissingAsnRef: 0 }
[fareharbor-normalize] asn normalized { normalizedAsnToFhdn: 43, fixedMissingAsnRef: 0 }
[fareharbor-normalize] asn normalized { normalizedAsnToFhdn: 44, fixedMissingAsnRef: 0 }
[fareharbor-normalize] asn normalized { normalizedAsnToFhdn: 45, fixedMissingAsnRef: 0 }
[fareharbor-normalize] asn normalized { normalizedAsnToFhdn: 46, fixedMissingAsnRef: 0 }
[fareharbor-normalize] asn normalized { normalizedAsnToFhdn: 47, fixedMissingAsnRef: 0 }
[fareharbor-normalize] asn normalized { normalizedAsnToFhdn: 48, fixedMissingAsnRef: 0 }
[fareharbor-normalize] asn normalized { normalizedAsnToFhdn: 49, fixedMissingAsnRef: 0 }
[fareharbor-normalize] asn normalized { normalizedAsnToFhdn: 50, fixedMissingAsnRef: 0 }
[fareharbor-normalize] asn normalized { normalizedAsnToFhdn: 51, fixedMissingAsnRef: 0 }
[fareharbor-normalize] asn normalized { normalizedAsnToFhdn: 52, fixedMissingAsnRef: 0 }
[fareharbor-normalize] asn normalized { normalizedAsnToFhdn: 53, fixedMissingAsnRef: 0 }
[fareharbor-normalize] asn normalized { normalizedAsnToFhdn: 54, fixedMissingAsnRef: 0 }
[fareharbor-normalize] asn normalized { normalizedAsnToFhdn: 55, fixedMissingAsnRef: 0 }
[fareharbor-normalize] asn normalized { normalizedAsnToFhdn: 56, fixedMissingAsnRef: 0 }
[fareharbor-normalize] asn normalized { normalizedAsnToFhdn: 57, fixedMissingAsnRef: 0 }
[fareharbor-normalize] asn normalized { normalizedAsnToFhdn: 58, fixedMissingAsnRef: 0 }
[fareharbor-normalize] asn normalized { normalizedAsnToFhdn: 59, fixedMissingAsnRef: 0 }
[fareharbor-normalize] asn normalized { normalizedAsnToFhdn: 60, fixedMissingAsnRef: 0 }
[fareharbor-normalize] asn normalized { normalizedAsnToFhdn: 61, fixedMissingAsnRef: 0 }
[fareharbor-normalize] asn normalized { normalizedAsnToFhdn: 62, fixedMissingAsnRef: 0 }
[fareharbor-normalize] asn normalized { normalizedAsnToFhdn: 63, fixedMissingAsnRef: 0 }
[fareharbor-normalize] asn normalized { normalizedAsnToFhdn: 64, fixedMissingAsnRef: 0 }
[fareharbor-normalize] asn normalized { normalizedAsnToFhdn: 65, fixedMissingAsnRef: 0 }
[fareharbor-normalize] asn normalized { normalizedAsnToFhdn: 66, fixedMissingAsnRef: 0 }
[fareharbor-normalize] asn normalized { normalizedAsnToFhdn: 67, fixedMissingAsnRef: 0 }
[fareharbor-normalize] asn normalized { normalizedAsnToFhdn: 68, fixedMissingAsnRef: 0 }
[fareharbor-normalize] asn normalized { normalizedAsnToFhdn: 69, fixedMissingAsnRef: 0 }
[fareharbor-normalize] asn normalized { normalizedAsnToFhdn: 70, fixedMissingAsnRef: 0 }
[fareharbor-normalize] asn normalized { normalizedAsnToFhdn: 71, fixedMissingAsnRef: 0 }
[fareharbor-normalize] asn normalized { normalizedAsnToFhdn: 72, fixedMissingAsnRef: 0 }
[fareharbor-normalize] asn normalized { normalizedAsnToFhdn: 73, fixedMissingAsnRef: 0 }
[fareharbor-normalize] asn normalized { normalizedAsnToFhdn: 74, fixedMissingAsnRef: 0 }
[fareharbor-normalize] asn normalized { normalizedAsnToFhdn: 75, fixedMissingAsnRef: 0 }
[fareharbor-normalize] asn normalized { normalizedAsnToFhdn: 76, fixedMissingAsnRef: 0 }
[fareharbor-normalize] asn normalized { normalizedAsnToFhdn: 77, fixedMissingAsnRef: 0 }
[fareharbor-normalize] asn normalized { normalizedAsnToFhdn: 78, fixedMissingAsnRef: 0 }
[fareharbor-normalize] asn normalized { normalizedAsnToFhdn: 79, fixedMissingAsnRef: 0 }
[fareharbor-normalize] asn normalized { normalizedAsnToFhdn: 80, fixedMissingAsnRef: 0 }
[fareharbor-normalize] asn normalized { normalizedAsnToFhdn: 81, fixedMissingAsnRef: 0 }
[fareharbor-normalize] asn normalized { normalizedAsnToFhdn: 82, fixedMissingAsnRef: 0 }
[fareharbor-normalize] asn normalized { normalizedAsnToFhdn: 83, fixedMissingAsnRef: 0 }
[fareharbor-normalize] asn normalized { normalizedAsnToFhdn: 84, fixedMissingAsnRef: 0 }
[fareharbor-normalize] asn normalized { normalizedAsnToFhdn: 85, fixedMissingAsnRef: 0 }
[fareharbor-normalize] asn normalized { normalizedAsnToFhdn: 86, fixedMissingAsnRef: 0 }
[fareharbor-normalize] asn normalized { normalizedAsnToFhdn: 87, fixedMissingAsnRef: 0 }
[fareharbor-normalize] asn normalized { normalizedAsnToFhdn: 88, fixedMissingAsnRef: 0 }
[fareharbor-normalize] asn normalized { normalizedAsnToFhdn: 89, fixedMissingAsnRef: 0 }
[fareharbor-normalize] asn normalized { normalizedAsnToFhdn: 90, fixedMissingAsnRef: 0 }
[fareharbor-normalize] asn normalized { normalizedAsnToFhdn: 91, fixedMissingAsnRef: 0 }
[fareharbor-normalize] asn normalized { normalizedAsnToFhdn: 92, fixedMissingAsnRef: 0 }
[fareharbor-normalize] asn normalized { normalizedAsnToFhdn: 93, fixedMissingAsnRef: 0 }
[fareharbor-normalize] asn normalized { normalizedAsnToFhdn: 94, fixedMissingAsnRef: 0 }
[fareharbor-normalize] asn normalized { normalizedAsnToFhdn: 95, fixedMissingAsnRef: 0 }
[fareharbor-normalize] asn normalized { normalizedAsnToFhdn: 96, fixedMissingAsnRef: 0 }
[fareharbor-normalize] asn normalized { normalizedAsnToFhdn: 97, fixedMissingAsnRef: 0 }
[fareharbor-normalize] asn normalized { normalizedAsnToFhdn: 98, fixedMissingAsnRef: 0 }
[fareharbor-normalize] asn normalized { normalizedAsnToFhdn: 99, fixedMissingAsnRef: 0 }
[fareharbor-normalize] asn normalized { normalizedAsnToFhdn: 100, fixedMissingAsnRef: 0 }
[fareharbor-normalize] asn normalized { normalizedAsnToFhdn: 101, fixedMissingAsnRef: 0 }
[fareharbor-normalize] asn normalized { normalizedAsnToFhdn: 102, fixedMissingAsnRef: 0 }
[fareharbor-normalize] asn normalized { normalizedAsnToFhdn: 103, fixedMissingAsnRef: 0 }
[fareharbor-normalize] asn normalized { normalizedAsnToFhdn: 104, fixedMissingAsnRef: 0 }
[fareharbor-normalize] asn normalized { normalizedAsnToFhdn: 105, fixedMissingAsnRef: 0 }
[fareharbor-normalize] asn normalized { normalizedAsnToFhdn: 106, fixedMissingAsnRef: 0 }
[fareharbor-normalize] asn normalized { normalizedAsnToFhdn: 107, fixedMissingAsnRef: 0 }
[fareharbor-normalize] asn normalized { normalizedAsnToFhdn: 108, fixedMissingAsnRef: 0 }
[fareharbor-normalize] asn normalized { normalizedAsnToFhdn: 109, fixedMissingAsnRef: 0 }
[fareharbor-normalize] asn normalized { normalizedAsnToFhdn: 110, fixedMissingAsnRef: 0 }
[fareharbor-normalize] asn normalized { normalizedAsnToFhdn: 111, fixedMissingAsnRef: 0 }
[fareharbor-normalize] asn normalized { normalizedAsnToFhdn: 112, fixedMissingAsnRef: 0 }
[fareharbor-normalize] asn normalized { normalizedAsnToFhdn: 113, fixedMissingAsnRef: 0 }
[fareharbor-normalize] asn normalized { normalizedAsnToFhdn: 114, fixedMissingAsnRef: 0 }
[fareharbor-normalize] asn normalized { normalizedAsnToFhdn: 115, fixedMissingAsnRef: 0 }
[fareharbor-normalize] asn normalized { normalizedAsnToFhdn: 116, fixedMissingAsnRef: 0 }
[fareharbor-normalize] asn normalized { normalizedAsnToFhdn: 117, fixedMissingAsnRef: 0 }
[fareharbor-normalize] asn normalized { normalizedAsnToFhdn: 118, fixedMissingAsnRef: 0 }
[fareharbor-normalize] asn normalized { normalizedAsnToFhdn: 119, fixedMissingAsnRef: 0 }
[fareharbor-normalize] asn normalized { normalizedAsnToFhdn: 120, fixedMissingAsnRef: 0 }
[fareharbor-normalize] asn normalized { normalizedAsnToFhdn: 121, fixedMissingAsnRef: 0 }
[fareharbor-normalize] asn normalized { normalizedAsnToFhdn: 122, fixedMissingAsnRef: 0 }
[fareharbor-normalize] asn normalized { normalizedAsnToFhdn: 123, fixedMissingAsnRef: 0 }
[fareharbor-normalize] asn normalized { normalizedAsnToFhdn: 124, fixedMissingAsnRef: 0 }
[fareharbor-normalize] asn normalized { normalizedAsnToFhdn: 125, fixedMissingAsnRef: 0 }
[fareharbor-normalize] asn normalized { normalizedAsnToFhdn: 126, fixedMissingAsnRef: 0 }
[fareharbor-normalize] asn normalized { normalizedAsnToFhdn: 127, fixedMissingAsnRef: 0 }
[fareharbor-normalize] asn normalized { normalizedAsnToFhdn: 128, fixedMissingAsnRef: 0 }
[fareharbor-normalize] asn normalized { normalizedAsnToFhdn: 129, fixedMissingAsnRef: 0 }
[fareharbor-normalize] asn normalized { normalizedAsnToFhdn: 130, fixedMissingAsnRef: 0 }
[fareharbor-normalize] asn normalized { normalizedAsnToFhdn: 131, fixedMissingAsnRef: 0 }
[fareharbor-normalize] asn normalized { normalizedAsnToFhdn: 132, fixedMissingAsnRef: 0 }
[fareharbor-normalize] asn normalized { normalizedAsnToFhdn: 133, fixedMissingAsnRef: 0 }
[fareharbor-normalize] asn normalized { normalizedAsnToFhdn: 134, fixedMissingAsnRef: 0 }
[fareharbor-normalize] asn normalized { normalizedAsnToFhdn: 135, fixedMissingAsnRef: 0 }
[fareharbor-normalize] asn normalized { normalizedAsnToFhdn: 136, fixedMissingAsnRef: 0 }
[fareharbor-normalize] asn normalized { normalizedAsnToFhdn: 137, fixedMissingAsnRef: 0 }
[fareharbor-normalize] asn normalized { normalizedAsnToFhdn: 138, fixedMissingAsnRef: 0 }
[fareharbor-normalize] asn normalized { normalizedAsnToFhdn: 139, fixedMissingAsnRef: 0 }
[fareharbor-normalize] asn normalized { normalizedAsnToFhdn: 140, fixedMissingAsnRef: 0 }
[fareharbor-normalize] asn normalized { normalizedAsnToFhdn: 141, fixedMissingAsnRef: 0 }
[fareharbor-normalize] asn normalized { normalizedAsnToFhdn: 142, fixedMissingAsnRef: 0 }
[fareharbor-normalize] asn normalized { normalizedAsnToFhdn: 143, fixedMissingAsnRef: 0 }
[fareharbor-normalize] asn normalized { normalizedAsnToFhdn: 144, fixedMissingAsnRef: 0 }
[fareharbor-normalize] asn normalized { normalizedAsnToFhdn: 145, fixedMissingAsnRef: 0 }
[fareharbor-normalize] asn normalized { normalizedAsnToFhdn: 146, fixedMissingAsnRef: 0 }
[fareharbor-normalize] asn normalized { normalizedAsnToFhdn: 147, fixedMissingAsnRef: 0 }
[fareharbor-normalize] asn normalized { normalizedAsnToFhdn: 148, fixedMissingAsnRef: 0 }
[fareharbor-normalize] asn normalized { normalizedAsnToFhdn: 149, fixedMissingAsnRef: 0 }
[fareharbor-normalize] asn normalized { normalizedAsnToFhdn: 150, fixedMissingAsnRef: 0 }
[fareharbor-normalize] asn normalized { normalizedAsnToFhdn: 151, fixedMissingAsnRef: 0 }
[fareharbor-normalize] asn normalized { normalizedAsnToFhdn: 152, fixedMissingAsnRef: 0 }
[fareharbor-normalize] asn normalized { normalizedAsnToFhdn: 153, fixedMissingAsnRef: 0 }
[fareharbor-normalize] asn normalized { normalizedAsnToFhdn: 154, fixedMissingAsnRef: 0 }
[fareharbor-normalize] asn normalized { normalizedAsnToFhdn: 155, fixedMissingAsnRef: 0 }
[fareharbor-normalize] asn normalized { normalizedAsnToFhdn: 156, fixedMissingAsnRef: 0 }
[fareharbor-normalize] asn normalized { normalizedAsnToFhdn: 157, fixedMissingAsnRef: 0 }
[fareharbor-normalize] asn normalized { normalizedAsnToFhdn: 158, fixedMissingAsnRef: 0 }
[fareharbor-normalize] asn normalized { normalizedAsnToFhdn: 159, fixedMissingAsnRef: 0 }
[fareharbor-normalize] asn normalized { normalizedAsnToFhdn: 160, fixedMissingAsnRef: 0 }
[fareharbor-normalize] asn normalized { normalizedAsnToFhdn: 161, fixedMissingAsnRef: 0 }
[fareharbor-normalize] asn normalized { normalizedAsnToFhdn: 162, fixedMissingAsnRef: 0 }
[fareharbor-normalize] asn normalized { normalizedAsnToFhdn: 163, fixedMissingAsnRef: 0 }
[fareharbor-normalize] asn normalized { normalizedAsnToFhdn: 164, fixedMissingAsnRef: 0 }
[fareharbor-normalize] asn normalized { normalizedAsnToFhdn: 165, fixedMissingAsnRef: 0 }
[fareharbor-normalize] asn normalized { normalizedAsnToFhdn: 166, fixedMissingAsnRef: 0 }
[fareharbor-normalize] asn normalized { normalizedAsnToFhdn: 167, fixedMissingAsnRef: 0 }
[fareharbor-normalize] asn normalized { normalizedAsnToFhdn: 168, fixedMissingAsnRef: 0 }
[fareharbor-normalize] asn normalized { normalizedAsnToFhdn: 169, fixedMissingAsnRef: 0 }
[fareharbor-normalize] asn normalized { normalizedAsnToFhdn: 170, fixedMissingAsnRef: 0 }
[fareharbor-normalize] asn normalized { normalizedAsnToFhdn: 171, fixedMissingAsnRef: 0 }
[fareharbor-normalize] asn normalized { normalizedAsnToFhdn: 172, fixedMissingAsnRef: 0 }
[fareharbor-normalize] asn normalized { normalizedAsnToFhdn: 173, fixedMissingAsnRef: 0 }
[fareharbor-normalize] asn normalized { normalizedAsnToFhdn: 174, fixedMissingAsnRef: 0 }
[fareharbor-normalize] asn normalized { normalizedAsnToFhdn: 175, fixedMissingAsnRef: 0 }
[fareharbor-normalize] asn normalized { normalizedAsnToFhdn: 176, fixedMissingAsnRef: 0 }
[fareharbor-normalize] asn normalized { normalizedAsnToFhdn: 177, fixedMissingAsnRef: 0 }
[fareharbor-normalize] asn normalized { normalizedAsnToFhdn: 178, fixedMissingAsnRef: 0 }
[fareharbor-normalize] asn normalized { normalizedAsnToFhdn: 179, fixedMissingAsnRef: 0 }
[fareharbor-normalize] asn normalized { normalizedAsnToFhdn: 180, fixedMissingAsnRef: 0 }
[fareharbor-normalize] asn normalized { normalizedAsnToFhdn: 181, fixedMissingAsnRef: 0 }
[fareharbor-normalize] asn normalized { normalizedAsnToFhdn: 182, fixedMissingAsnRef: 0 }
[fareharbor-normalize] asn normalized { normalizedAsnToFhdn: 183, fixedMissingAsnRef: 0 }
[fareharbor-normalize] asn normalized { normalizedAsnToFhdn: 184, fixedMissingAsnRef: 0 }
[fareharbor-normalize] asn normalized { normalizedAsnToFhdn: 185, fixedMissingAsnRef: 0 }
[fareharbor-normalize] asn normalized { normalizedAsnToFhdn: 186, fixedMissingAsnRef: 0 }
[fareharbor-normalize] asn normalized { normalizedAsnToFhdn: 187, fixedMissingAsnRef: 0 }
[fareharbor-normalize] asn normalized { normalizedAsnToFhdn: 188, fixedMissingAsnRef: 0 }
[fareharbor-normalize] asn normalized { normalizedAsnToFhdn: 189, fixedMissingAsnRef: 0 }
[fareharbor-normalize] asn normalized { normalizedAsnToFhdn: 190, fixedMissingAsnRef: 0 }
[fareharbor-normalize] asn normalized { normalizedAsnToFhdn: 191, fixedMissingAsnRef: 0 }
[fareharbor-normalize] asn normalized { normalizedAsnToFhdn: 192, fixedMissingAsnRef: 0 }
[fareharbor-normalize] asn normalized { normalizedAsnToFhdn: 193, fixedMissingAsnRef: 0 }
[fareharbor-normalize] asn normalized { normalizedAsnToFhdn: 194, fixedMissingAsnRef: 0 }
[fareharbor-normalize] asn normalized { normalizedAsnToFhdn: 195, fixedMissingAsnRef: 0 }
[fareharbor-normalize] asn normalized { normalizedAsnToFhdn: 196, fixedMissingAsnRef: 0 }
[fareharbor-normalize] asn normalized { normalizedAsnToFhdn: 197, fixedMissingAsnRef: 0 }
[fareharbor-normalize] asn normalized { normalizedAsnToFhdn: 198, fixedMissingAsnRef: 0 }
[fareharbor-normalize] asn normalized { normalizedAsnToFhdn: 199, fixedMissingAsnRef: 0 }
[fareharbor-normalize] asn normalized { normalizedAsnToFhdn: 200, fixedMissingAsnRef: 0 }
[fareharbor-normalize] asn normalized { normalizedAsnToFhdn: 201, fixedMissingAsnRef: 0 }
[fareharbor-normalize] asn normalized { normalizedAsnToFhdn: 202, fixedMissingAsnRef: 0 }
[fareharbor-normalize] asn normalized { normalizedAsnToFhdn: 203, fixedMissingAsnRef: 0 }
[fareharbor-normalize] asn normalized { normalizedAsnToFhdn: 204, fixedMissingAsnRef: 0 }
[fareharbor-normalize] asn normalized { normalizedAsnToFhdn: 205, fixedMissingAsnRef: 0 }
[fareharbor-normalize] asn normalized { normalizedAsnToFhdn: 206, fixedMissingAsnRef: 0 }
[fareharbor-normalize] asn normalized { normalizedAsnToFhdn: 207, fixedMissingAsnRef: 0 }
[fareharbor-normalize] asn normalized { normalizedAsnToFhdn: 208, fixedMissingAsnRef: 0 }
[fareharbor-normalize] asn normalized { normalizedAsnToFhdn: 209, fixedMissingAsnRef: 0 }
[fareharbor-normalize] asn normalized { normalizedAsnToFhdn: 210, fixedMissingAsnRef: 0 }
[fareharbor-normalize] asn normalized { normalizedAsnToFhdn: 211, fixedMissingAsnRef: 0 }
[fareharbor-normalize] asn normalized { normalizedAsnToFhdn: 212, fixedMissingAsnRef: 0 }
[fareharbor-normalize] asn normalized { normalizedAsnToFhdn: 213, fixedMissingAsnRef: 0 }
[fareharbor-normalize] asn normalized { normalizedAsnToFhdn: 214, fixedMissingAsnRef: 0 }
[fareharbor-normalize] asn normalized { normalizedAsnToFhdn: 215, fixedMissingAsnRef: 0 }
[fareharbor-normalize] asn normalized { normalizedAsnToFhdn: 216, fixedMissingAsnRef: 0 }
[fareharbor-normalize] asn normalized { normalizedAsnToFhdn: 217, fixedMissingAsnRef: 0 }
[fareharbor-normalize] asn normalized { normalizedAsnToFhdn: 218, fixedMissingAsnRef: 0 }
[fareharbor-normalize] asn normalized { normalizedAsnToFhdn: 219, fixedMissingAsnRef: 0 }
[fareharbor-normalize] asn normalized { normalizedAsnToFhdn: 220, fixedMissingAsnRef: 0 }
[fareharbor-normalize] asn normalized { normalizedAsnToFhdn: 221, fixedMissingAsnRef: 0 }
[fareharbor-normalize] asn normalized { normalizedAsnToFhdn: 222, fixedMissingAsnRef: 0 }
[fareharbor-normalize] asn normalized { normalizedAsnToFhdn: 223, fixedMissingAsnRef: 0 }
[fareharbor-normalize] asn normalized { normalizedAsnToFhdn: 224, fixedMissingAsnRef: 0 }
[fareharbor-normalize] asn normalized { normalizedAsnToFhdn: 225, fixedMissingAsnRef: 0 }
[fareharbor-normalize] asn normalized { normalizedAsnToFhdn: 226, fixedMissingAsnRef: 0 }
[fareharbor-normalize] asn normalized { normalizedAsnToFhdn: 227, fixedMissingAsnRef: 0 }
[fareharbor-normalize] asn normalized { normalizedAsnToFhdn: 228, fixedMissingAsnRef: 0 }
[fareharbor-normalize] asn normalized { normalizedAsnToFhdn: 229, fixedMissingAsnRef: 0 }
[fareharbor-normalize] asn normalized { normalizedAsnToFhdn: 230, fixedMissingAsnRef: 0 }
[fareharbor-normalize] asn normalized { normalizedAsnToFhdn: 231, fixedMissingAsnRef: 0 }
[fareharbor-normalize] asn normalized { normalizedAsnToFhdn: 232, fixedMissingAsnRef: 0 }
[fareharbor-normalize] asn normalized { normalizedAsnToFhdn: 233, fixedMissingAsnRef: 0 }
[fareharbor-normalize] asn normalized { normalizedAsnToFhdn: 234, fixedMissingAsnRef: 0 }
[fareharbor-normalize] asn normalized { normalizedAsnToFhdn: 235, fixedMissingAsnRef: 0 }
[fareharbor-normalize] asn normalized { normalizedAsnToFhdn: 236, fixedMissingAsnRef: 0 }
[fareharbor-normalize] asn normalized { normalizedAsnToFhdn: 237, fixedMissingAsnRef: 0 }
[fareharbor-normalize] asn normalized { normalizedAsnToFhdn: 238, fixedMissingAsnRef: 0 }
[fareharbor-normalize] asn normalized { normalizedAsnToFhdn: 239, fixedMissingAsnRef: 0 }
[fareharbor-normalize] asn normalized { normalizedAsnToFhdn: 240, fixedMissingAsnRef: 0 }
[fareharbor-normalize] asn normalized { normalizedAsnToFhdn: 241, fixedMissingAsnRef: 0 }
[fareharbor-normalize] asn normalized { normalizedAsnToFhdn: 242, fixedMissingAsnRef: 0 }
[fareharbor-normalize] asn normalized { normalizedAsnToFhdn: 243, fixedMissingAsnRef: 0 }
[fareharbor-normalize] asn normalized { normalizedAsnToFhdn: 244, fixedMissingAsnRef: 0 }
[fareharbor-normalize] asn normalized { normalizedAsnToFhdn: 245, fixedMissingAsnRef: 0 }
[fareharbor-normalize] asn normalized { normalizedAsnToFhdn: 246, fixedMissingAsnRef: 0 }
[fareharbor-normalize] asn normalized { normalizedAsnToFhdn: 247, fixedMissingAsnRef: 0 }
[fareharbor-normalize] asn normalized { normalizedAsnToFhdn: 248, fixedMissingAsnRef: 0 }
[fareharbor-normalize] asn normalized { normalizedAsnToFhdn: 249, fixedMissingAsnRef: 0 }
[fareharbor-normalize] asn normalized { normalizedAsnToFhdn: 250, fixedMissingAsnRef: 0 }
[fareharbor-normalize] asn normalized { normalizedAsnToFhdn: 251, fixedMissingAsnRef: 0 }
[fareharbor-normalize] asn normalized { normalizedAsnToFhdn: 252, fixedMissingAsnRef: 0 }
[fareharbor-normalize] asn normalized { normalizedAsnToFhdn: 253, fixedMissingAsnRef: 0 }
[fareharbor-normalize] asn normalized { normalizedAsnToFhdn: 254, fixedMissingAsnRef: 0 }
[fareharbor-normalize] asn normalized { normalizedAsnToFhdn: 255, fixedMissingAsnRef: 0 }
[fareharbor-normalize] asn normalized { normalizedAsnToFhdn: 256, fixedMissingAsnRef: 0 }
[fareharbor-normalize] asn normalized { normalizedAsnToFhdn: 257, fixedMissingAsnRef: 0 }
[fareharbor-normalize] asn normalized { normalizedAsnToFhdn: 258, fixedMissingAsnRef: 0 }
[fareharbor-normalize] asn normalized { normalizedAsnToFhdn: 259, fixedMissingAsnRef: 0 }
[fareharbor-normalize] asn normalized { normalizedAsnToFhdn: 260, fixedMissingAsnRef: 0 }
[fareharbor-normalize] asn normalized { normalizedAsnToFhdn: 261, fixedMissingAsnRef: 0 }
[fareharbor-normalize] asn normalized { normalizedAsnToFhdn: 262, fixedMissingAsnRef: 0 }
[fareharbor-normalize] asn normalized { normalizedAsnToFhdn: 263, fixedMissingAsnRef: 0 }
[fareharbor-normalize] asn normalized { normalizedAsnToFhdn: 264, fixedMissingAsnRef: 0 }
[fareharbor-normalize] asn normalized { normalizedAsnToFhdn: 265, fixedMissingAsnRef: 0 }
[fareharbor-normalize] asn normalized { normalizedAsnToFhdn: 266, fixedMissingAsnRef: 0 }
[fareharbor-normalize] asn normalized { normalizedAsnToFhdn: 267, fixedMissingAsnRef: 0 }
[fareharbor-normalize] asn normalized { normalizedAsnToFhdn: 268, fixedMissingAsnRef: 0 }
[fareharbor-normalize] asn normalized { normalizedAsnToFhdn: 269, fixedMissingAsnRef: 0 }
[fareharbor-normalize] asn normalized { normalizedAsnToFhdn: 270, fixedMissingAsnRef: 0 }
[fareharbor-normalize] asn normalized { normalizedAsnToFhdn: 271, fixedMissingAsnRef: 0 }
[fareharbor-normalize] asn normalized { normalizedAsnToFhdn: 272, fixedMissingAsnRef: 0 }
[fareharbor-normalize] asn normalized { normalizedAsnToFhdn: 273, fixedMissingAsnRef: 0 }
[fareharbor-normalize] asn normalized { normalizedAsnToFhdn: 274, fixedMissingAsnRef: 0 }
[fareharbor-normalize] asn normalized { normalizedAsnToFhdn: 275, fixedMissingAsnRef: 0 }
[fareharbor-normalize] asn normalized { normalizedAsnToFhdn: 276, fixedMissingAsnRef: 0 }
[fareharbor-normalize] asn normalized { normalizedAsnToFhdn: 277, fixedMissingAsnRef: 0 }
[fareharbor-normalize] asn normalized { normalizedAsnToFhdn: 278, fixedMissingAsnRef: 0 }
[fareharbor-normalize] asn normalized { normalizedAsnToFhdn: 279, fixedMissingAsnRef: 0 }
[fareharbor-normalize] asn normalized { normalizedAsnToFhdn: 280, fixedMissingAsnRef: 0 }
[fareharbor-normalize] asn normalized { normalizedAsnToFhdn: 281, fixedMissingAsnRef: 0 }
[fareharbor-normalize] asn normalized { normalizedAsnToFhdn: 282, fixedMissingAsnRef: 0 }
[fareharbor-normalize] asn normalized { normalizedAsnToFhdn: 283, fixedMissingAsnRef: 0 }
[fareharbor-normalize] asn normalized { normalizedAsnToFhdn: 284, fixedMissingAsnRef: 0 }
[fareharbor-normalize] asn normalized { normalizedAsnToFhdn: 285, fixedMissingAsnRef: 0 }
[fareharbor-normalize] asn normalized { normalizedAsnToFhdn: 286, fixedMissingAsnRef: 0 }
[fareharbor-normalize] asn normalized { normalizedAsnToFhdn: 287, fixedMissingAsnRef: 0 }
[fareharbor-normalize] asn normalized { normalizedAsnToFhdn: 288, fixedMissingAsnRef: 0 }
[fareharbor-normalize] asn normalized { normalizedAsnToFhdn: 289, fixedMissingAsnRef: 0 }
[fareharbor-normalize] asn normalized { normalizedAsnToFhdn: 290, fixedMissingAsnRef: 0 }
[fareharbor-normalize] asn normalized { normalizedAsnToFhdn: 291, fixedMissingAsnRef: 0 }
[fareharbor-normalize] asn normalized { normalizedAsnToFhdn: 292, fixedMissingAsnRef: 0 }
[fareharbor-normalize] asn normalized { normalizedAsnToFhdn: 293, fixedMissingAsnRef: 0 }
[fareharbor-normalize] asn normalized { normalizedAsnToFhdn: 294, fixedMissingAsnRef: 0 }
[fareharbor-normalize] asn normalized { normalizedAsnToFhdn: 295, fixedMissingAsnRef: 0 }
[fareharbor-normalize] asn normalized { normalizedAsnToFhdn: 296, fixedMissingAsnRef: 0 }
[fareharbor-normalize] asn normalized { normalizedAsnToFhdn: 297, fixedMissingAsnRef: 0 }
[fareharbor-normalize] asn normalized { normalizedAsnToFhdn: 298, fixedMissingAsnRef: 0 }
[fareharbor-normalize] asn normalized { normalizedAsnToFhdn: 299, fixedMissingAsnRef: 0 }
[fareharbor-normalize] asn normalized { normalizedAsnToFhdn: 300, fixedMissingAsnRef: 0 }
[fareharbor-normalize] asn normalized { normalizedAsnToFhdn: 301, fixedMissingAsnRef: 0 }
[fareharbor-normalize] asn normalized { normalizedAsnToFhdn: 302, fixedMissingAsnRef: 0 }
[fareharbor-normalize] asn normalized { normalizedAsnToFhdn: 303, fixedMissingAsnRef: 0 }
[fareharbor-normalize] asn normalized { normalizedAsnToFhdn: 304, fixedMissingAsnRef: 0 }
[fareharbor-normalize] asn normalized { normalizedAsnToFhdn: 305, fixedMissingAsnRef: 0 }
[fareharbor-normalize] asn normalized { normalizedAsnToFhdn: 306, fixedMissingAsnRef: 0 }
[fareharbor-normalize] asn normalized { normalizedAsnToFhdn: 307, fixedMissingAsnRef: 0 }
[fareharbor-normalize] asn normalized { normalizedAsnToFhdn: 308, fixedMissingAsnRef: 0 }
[fareharbor-normalize] asn normalized { normalizedAsnToFhdn: 309, fixedMissingAsnRef: 0 }
[fareharbor-normalize] asn normalized { normalizedAsnToFhdn: 310, fixedMissingAsnRef: 0 }
[fareharbor-normalize] asn normalized { normalizedAsnToFhdn: 311, fixedMissingAsnRef: 0 }
[fareharbor-normalize] asn normalized { normalizedAsnToFhdn: 312, fixedMissingAsnRef: 0 }
[fareharbor-normalize] asn normalized { normalizedAsnToFhdn: 313, fixedMissingAsnRef: 0 }
[fareharbor-normalize] asn normalized { normalizedAsnToFhdn: 314, fixedMissingAsnRef: 0 }
[fareharbor-normalize] asn normalized { normalizedAsnToFhdn: 315, fixedMissingAsnRef: 0 }
[fareharbor-normalize] asn normalized { normalizedAsnToFhdn: 316, fixedMissingAsnRef: 0 }
[fareharbor-normalize] asn normalized { normalizedAsnToFhdn: 317, fixedMissingAsnRef: 0 }
[fareharbor-normalize] asn normalized { normalizedAsnToFhdn: 318, fixedMissingAsnRef: 0 }
[fareharbor-normalize] asn normalized { normalizedAsnToFhdn: 319, fixedMissingAsnRef: 0 }
[fareharbor-normalize] asn normalized { normalizedAsnToFhdn: 320, fixedMissingAsnRef: 0 }
[fareharbor-normalize] asn normalized { normalizedAsnToFhdn: 321, fixedMissingAsnRef: 0 }
[fareharbor-normalize] asn normalized { normalizedAsnToFhdn: 322, fixedMissingAsnRef: 0 }
[fareharbor-normalize] asn normalized { normalizedAsnToFhdn: 323, fixedMissingAsnRef: 0 }
[fareharbor-normalize] asn normalized { normalizedAsnToFhdn: 324, fixedMissingAsnRef: 0 }
[fareharbor-normalize] asn normalized { normalizedAsnToFhdn: 325, fixedMissingAsnRef: 0 }
[fareharbor-normalize] asn normalized { normalizedAsnToFhdn: 326, fixedMissingAsnRef: 0 }
[fareharbor-normalize] asn normalized { normalizedAsnToFhdn: 327, fixedMissingAsnRef: 0 }
[fareharbor-normalize] asn normalized { normalizedAsnToFhdn: 328, fixedMissingAsnRef: 0 }
[fareharbor-normalize] asn normalized { normalizedAsnToFhdn: 329, fixedMissingAsnRef: 0 }
[fareharbor-normalize] asn normalized { normalizedAsnToFhdn: 330, fixedMissingAsnRef: 0 }
[fareharbor-normalize] asn normalized { normalizedAsnToFhdn: 331, fixedMissingAsnRef: 0 }
[fareharbor-normalize] asn normalized { normalizedAsnToFhdn: 332, fixedMissingAsnRef: 0 }
[fareharbor-normalize] asn normalized { normalizedAsnToFhdn: 333, fixedMissingAsnRef: 0 }
[fareharbor-normalize] asn normalized { normalizedAsnToFhdn: 334, fixedMissingAsnRef: 0 }
[fareharbor-normalize] asn normalized { normalizedAsnToFhdn: 335, fixedMissingAsnRef: 0 }
[fareharbor-normalize] asn normalized { normalizedAsnToFhdn: 336, fixedMissingAsnRef: 0 }
[fareharbor-normalize] asn normalized { normalizedAsnToFhdn: 337, fixedMissingAsnRef: 0 }
[fareharbor-normalize] asn normalized { normalizedAsnToFhdn: 338, fixedMissingAsnRef: 0 }
[fareharbor-normalize] asn normalized { normalizedAsnToFhdn: 339, fixedMissingAsnRef: 0 }
[fareharbor-normalize] asn normalized { normalizedAsnToFhdn: 340, fixedMissingAsnRef: 0 }
[fareharbor-normalize] asn normalized { normalizedAsnToFhdn: 341, fixedMissingAsnRef: 0 }
[fareharbor-normalize] asn normalized { normalizedAsnToFhdn: 342, fixedMissingAsnRef: 0 }
[fareharbor-normalize] asn normalized { normalizedAsnToFhdn: 343, fixedMissingAsnRef: 0 }
[fareharbor-normalize] asn normalized { normalizedAsnToFhdn: 344, fixedMissingAsnRef: 0 }
[fareharbor-normalize] asn normalized { normalizedAsnToFhdn: 345, fixedMissingAsnRef: 0 }
[fareharbor-normalize] asn normalized { normalizedAsnToFhdn: 346, fixedMissingAsnRef: 0 }
[fareharbor-normalize] asn normalized { normalizedAsnToFhdn: 347, fixedMissingAsnRef: 0 }
[fareharbor-normalize] asn normalized { normalizedAsnToFhdn: 348, fixedMissingAsnRef: 0 }
[fareharbor-normalize] asn normalized { normalizedAsnToFhdn: 349, fixedMissingAsnRef: 0 }
[fareharbor-normalize] asn normalized { normalizedAsnToFhdn: 350, fixedMissingAsnRef: 0 }
[fareharbor-normalize] asn normalized { normalizedAsnToFhdn: 351, fixedMissingAsnRef: 0 }
[fareharbor-normalize] asn normalized { normalizedAsnToFhdn: 352, fixedMissingAsnRef: 0 }
[fareharbor-normalize] asn normalized { normalizedAsnToFhdn: 353, fixedMissingAsnRef: 0 }
[fareharbor-normalize] asn normalized { normalizedAsnToFhdn: 354, fixedMissingAsnRef: 0 }
[fareharbor-normalize] asn normalized { normalizedAsnToFhdn: 355, fixedMissingAsnRef: 0 }
[fareharbor-normalize] asn normalized { normalizedAsnToFhdn: 356, fixedMissingAsnRef: 0 }
[fareharbor-normalize] asn normalized { normalizedAsnToFhdn: 357, fixedMissingAsnRef: 0 }
[fareharbor-normalize] asn normalized { normalizedAsnToFhdn: 358, fixedMissingAsnRef: 0 }
[fareharbor-normalize] asn normalized { normalizedAsnToFhdn: 359, fixedMissingAsnRef: 0 }
[fareharbor-normalize] asn normalized { normalizedAsnToFhdn: 360, fixedMissingAsnRef: 0 }
[fareharbor-normalize] asn normalized { normalizedAsnToFhdn: 361, fixedMissingAsnRef: 0 }
[fareharbor-normalize] asn normalized { normalizedAsnToFhdn: 362, fixedMissingAsnRef: 0 }
[fareharbor-normalize] asn normalized { normalizedAsnToFhdn: 363, fixedMissingAsnRef: 0 }
[fareharbor-normalize] asn normalized { normalizedAsnToFhdn: 364, fixedMissingAsnRef: 0 }
[fareharbor-normalize] asn normalized { normalizedAsnToFhdn: 365, fixedMissingAsnRef: 0 }
[fareharbor-normalize] asn normalized { normalizedAsnToFhdn: 366, fixedMissingAsnRef: 0 }
[fareharbor-normalize] asn normalized { normalizedAsnToFhdn: 367, fixedMissingAsnRef: 0 }
[fareharbor-normalize] asn normalized { normalizedAsnToFhdn: 368, fixedMissingAsnRef: 0 }
[fareharbor-normalize] asn normalized { normalizedAsnToFhdn: 369, fixedMissingAsnRef: 0 }
[fareharbor-normalize] asn normalized { normalizedAsnToFhdn: 370, fixedMissingAsnRef: 0 }
[fareharbor-normalize] asn normalized { normalizedAsnToFhdn: 371, fixedMissingAsnRef: 0 }
[fareharbor-normalize] asn normalized { normalizedAsnToFhdn: 372, fixedMissingAsnRef: 0 }
[fareharbor-normalize] asn normalized { normalizedAsnToFhdn: 373, fixedMissingAsnRef: 0 }
[fareharbor-normalize] asn normalized { normalizedAsnToFhdn: 374, fixedMissingAsnRef: 0 }
[fareharbor-normalize] asn normalized { normalizedAsnToFhdn: 375, fixedMissingAsnRef: 0 }
[fareharbor-normalize] asn normalized { normalizedAsnToFhdn: 376, fixedMissingAsnRef: 0 }
[fareharbor-normalize] asn normalized { normalizedAsnToFhdn: 377, fixedMissingAsnRef: 0 }
[fareharbor-normalize] asn normalized { normalizedAsnToFhdn: 378, fixedMissingAsnRef: 0 }
[fareharbor-normalize] asn normalized { normalizedAsnToFhdn: 379, fixedMissingAsnRef: 0 }
[fareharbor-normalize] asn normalized { normalizedAsnToFhdn: 380, fixedMissingAsnRef: 0 }
[fareharbor-normalize] asn normalized { normalizedAsnToFhdn: 381, fixedMissingAsnRef: 0 }
[fareharbor-normalize] asn normalized { normalizedAsnToFhdn: 382, fixedMissingAsnRef: 0 }
[fareharbor-normalize] asn normalized { normalizedAsnToFhdn: 383, fixedMissingAsnRef: 0 }
[fareharbor-normalize] asn normalized { normalizedAsnToFhdn: 384, fixedMissingAsnRef: 0 }
[fareharbor-normalize] asn normalized { normalizedAsnToFhdn: 385, fixedMissingAsnRef: 0 }
[fareharbor-normalize] asn normalized { normalizedAsnToFhdn: 386, fixedMissingAsnRef: 0 }
[fareharbor-normalize] asn normalized { normalizedAsnToFhdn: 387, fixedMissingAsnRef: 0 }
[fareharbor-normalize] asn normalized { normalizedAsnToFhdn: 388, fixedMissingAsnRef: 0 }
[fareharbor-normalize] asn normalized { normalizedAsnToFhdn: 389, fixedMissingAsnRef: 0 }
[fareharbor-normalize] asn normalized { normalizedAsnToFhdn: 390, fixedMissingAsnRef: 0 }
[fareharbor-normalize] asn normalized { normalizedAsnToFhdn: 391, fixedMissingAsnRef: 0 }
[fareharbor-normalize] asn normalized { normalizedAsnToFhdn: 392, fixedMissingAsnRef: 0 }
[fareharbor-normalize] asn normalized { normalizedAsnToFhdn: 393, fixedMissingAsnRef: 0 }
[fareharbor-normalize] asn normalized { normalizedAsnToFhdn: 394, fixedMissingAsnRef: 0 }
[fareharbor-normalize] asn normalized { normalizedAsnToFhdn: 395, fixedMissingAsnRef: 0 }
[fareharbor-normalize] asn normalized { normalizedAsnToFhdn: 396, fixedMissingAsnRef: 0 }
[fareharbor-normalize] asn normalized { normalizedAsnToFhdn: 397, fixedMissingAsnRef: 0 }
[fareharbor-normalize] asn normalized { normalizedAsnToFhdn: 398, fixedMissingAsnRef: 0 }
[fareharbor-normalize] asn normalized { normalizedAsnToFhdn: 399, fixedMissingAsnRef: 0 }
[fareharbor-normalize] asn normalized { normalizedAsnToFhdn: 400, fixedMissingAsnRef: 0 }
[fareharbor-normalize] asn normalized { normalizedAsnToFhdn: 401, fixedMissingAsnRef: 0 }
[fareharbor-normalize] asn normalized { normalizedAsnToFhdn: 402, fixedMissingAsnRef: 0 }
[fareharbor-normalize] asn normalized { normalizedAsnToFhdn: 403, fixedMissingAsnRef: 0 }
[fareharbor-normalize] asn normalized { normalizedAsnToFhdn: 404, fixedMissingAsnRef: 0 }
[fareharbor-normalize] asn normalized { normalizedAsnToFhdn: 405, fixedMissingAsnRef: 0 }
[fareharbor-normalize] asn normalized { normalizedAsnToFhdn: 406, fixedMissingAsnRef: 0 }
[fareharbor-normalize] asn normalized { normalizedAsnToFhdn: 407, fixedMissingAsnRef: 0 }
[fareharbor-normalize] asn normalized { normalizedAsnToFhdn: 408, fixedMissingAsnRef: 0 }
[fareharbor-normalize] asn normalized { normalizedAsnToFhdn: 409, fixedMissingAsnRef: 0 }
[fareharbor-normalize] asn normalized { normalizedAsnToFhdn: 410, fixedMissingAsnRef: 0 }
[fareharbor-normalize] asn normalized { normalizedAsnToFhdn: 411, fixedMissingAsnRef: 0 }
[fareharbor-normalize] asn normalized { normalizedAsnToFhdn: 412, fixedMissingAsnRef: 0 }
[fareharbor-normalize] asn normalized { normalizedAsnToFhdn: 413, fixedMissingAsnRef: 0 }
[fareharbor-normalize] asn normalized { normalizedAsnToFhdn: 414, fixedMissingAsnRef: 0 }
[fareharbor-normalize] asn normalized { normalizedAsnToFhdn: 415, fixedMissingAsnRef: 0 }
[fareharbor-normalize] asn normalized { normalizedAsnToFhdn: 416, fixedMissingAsnRef: 0 }
[fareharbor-normalize] asn normalized { normalizedAsnToFhdn: 417, fixedMissingAsnRef: 0 }
[fareharbor-normalize] asn normalized { normalizedAsnToFhdn: 418, fixedMissingAsnRef: 0 }
[fareharbor-normalize] asn normalized { normalizedAsnToFhdn: 419, fixedMissingAsnRef: 0 }
[fareharbor-normalize] asn normalized { normalizedAsnToFhdn: 420, fixedMissingAsnRef: 0 }
[fareharbor-normalize] asn normalized { normalizedAsnToFhdn: 421, fixedMissingAsnRef: 0 }
[fareharbor-normalize] asn normalized { normalizedAsnToFhdn: 422, fixedMissingAsnRef: 0 }
[fareharbor-normalize] asn normalized { normalizedAsnToFhdn: 423, fixedMissingAsnRef: 0 }
[fareharbor-normalize] asn normalized { normalizedAsnToFhdn: 424, fixedMissingAsnRef: 0 }
[fareharbor-normalize] asn normalized { normalizedAsnToFhdn: 425, fixedMissingAsnRef: 0 }
[fareharbor-normalize] asn normalized { normalizedAsnToFhdn: 426, fixedMissingAsnRef: 0 }
[fareharbor-normalize] asn normalized { normalizedAsnToFhdn: 427, fixedMissingAsnRef: 0 }
[fareharbor-normalize] asn normalized { normalizedAsnToFhdn: 428, fixedMissingAsnRef: 0 }
[fareharbor-normalize] asn normalized { normalizedAsnToFhdn: 429, fixedMissingAsnRef: 0 }
[fareharbor-normalize] asn normalized { normalizedAsnToFhdn: 430, fixedMissingAsnRef: 0 }
[fareharbor-normalize] asn normalized { normalizedAsnToFhdn: 431, fixedMissingAsnRef: 0 }
[fareharbor-normalize] asn normalized { normalizedAsnToFhdn: 432, fixedMissingAsnRef: 0 }
[fareharbor-normalize] asn normalized { normalizedAsnToFhdn: 433, fixedMissingAsnRef: 0 }
[fareharbor-normalize] asn normalized { normalizedAsnToFhdn: 434, fixedMissingAsnRef: 0 }
[fareharbor-normalize] asn normalized { normalizedAsnToFhdn: 435, fixedMissingAsnRef: 0 }
[fareharbor-normalize] asn normalized { normalizedAsnToFhdn: 436, fixedMissingAsnRef: 0 }
[fareharbor-normalize] asn normalized { normalizedAsnToFhdn: 437, fixedMissingAsnRef: 0 }
[fareharbor-normalize] asn normalized { normalizedAsnToFhdn: 438, fixedMissingAsnRef: 0 }
[fareharbor-normalize] asn normalized { normalizedAsnToFhdn: 439, fixedMissingAsnRef: 0 }
[fareharbor-normalize] asn normalized { normalizedAsnToFhdn: 440, fixedMissingAsnRef: 0 }
[fareharbor-normalize] asn normalized { normalizedAsnToFhdn: 441, fixedMissingAsnRef: 0 }
[fareharbor-normalize] asn normalized { normalizedAsnToFhdn: 442, fixedMissingAsnRef: 0 }
[fareharbor-normalize] asn normalized { normalizedAsnToFhdn: 443, fixedMissingAsnRef: 0 }
[fareharbor-normalize] asn normalized { normalizedAsnToFhdn: 444, fixedMissingAsnRef: 0 }
[fareharbor-normalize] asn normalized { normalizedAsnToFhdn: 445, fixedMissingAsnRef: 0 }
[fareharbor-normalize] asn normalized { normalizedAsnToFhdn: 446, fixedMissingAsnRef: 0 }
[fareharbor-normalize] asn normalized { normalizedAsnToFhdn: 447, fixedMissingAsnRef: 0 }
[fareharbor-normalize] asn normalized { normalizedAsnToFhdn: 448, fixedMissingAsnRef: 0 }
[fareharbor-normalize] asn normalized { normalizedAsnToFhdn: 449, fixedMissingAsnRef: 0 }
[fareharbor-normalize] asn normalized { normalizedAsnToFhdn: 450, fixedMissingAsnRef: 0 }
[fareharbor-normalize] asn normalized { normalizedAsnToFhdn: 451, fixedMissingAsnRef: 0 }
[fareharbor-normalize] asn normalized { normalizedAsnToFhdn: 452, fixedMissingAsnRef: 0 }
[fareharbor-normalize] asn normalized { normalizedAsnToFhdn: 453, fixedMissingAsnRef: 0 }
[fareharbor-normalize] asn normalized { normalizedAsnToFhdn: 454, fixedMissingAsnRef: 0 }
[fareharbor-normalize] asn normalized { normalizedAsnToFhdn: 455, fixedMissingAsnRef: 0 }
[fareharbor-normalize] asn normalized { normalizedAsnToFhdn: 456, fixedMissingAsnRef: 0 }
[fareharbor-normalize] asn normalized { normalizedAsnToFhdn: 457, fixedMissingAsnRef: 0 }
[fareharbor-normalize] asn normalized { normalizedAsnToFhdn: 458, fixedMissingAsnRef: 0 }
[fareharbor-normalize] asn normalized { normalizedAsnToFhdn: 459, fixedMissingAsnRef: 0 }
[fareharbor-normalize] asn normalized { normalizedAsnToFhdn: 460, fixedMissingAsnRef: 0 }
[fareharbor-normalize] asn normalized { normalizedAsnToFhdn: 461, fixedMissingAsnRef: 0 }
[fareharbor-normalize] asn normalized { normalizedAsnToFhdn: 462, fixedMissingAsnRef: 0 }
[fareharbor-normalize] asn normalized { normalizedAsnToFhdn: 463, fixedMissingAsnRef: 0 }
[fareharbor-normalize] asn normalized { normalizedAsnToFhdn: 464, fixedMissingAsnRef: 0 }
[fareharbor-normalize] asn normalized { normalizedAsnToFhdn: 465, fixedMissingAsnRef: 0 }
[fareharbor-normalize] asn normalized { normalizedAsnToFhdn: 466, fixedMissingAsnRef: 0 }
[fareharbor-normalize] asn normalized { normalizedAsnToFhdn: 467, fixedMissingAsnRef: 0 }
[fareharbor-normalize] asn normalized { normalizedAsnToFhdn: 468, fixedMissingAsnRef: 0 }
[fareharbor-normalize] asn normalized { normalizedAsnToFhdn: 469, fixedMissingAsnRef: 0 }
[fareharbor-normalize] asn normalized { normalizedAsnToFhdn: 470, fixedMissingAsnRef: 0 }
[fareharbor-normalize] asn normalized { normalizedAsnToFhdn: 471, fixedMissingAsnRef: 0 }
[fareharbor-normalize] asn normalized { normalizedAsnToFhdn: 472, fixedMissingAsnRef: 0 }
[fareharbor-normalize] asn normalized { normalizedAsnToFhdn: 473, fixedMissingAsnRef: 0 }
[fareharbor-normalize] asn normalized { normalizedAsnToFhdn: 474, fixedMissingAsnRef: 0 }
[fareharbor-normalize] asn normalized { normalizedAsnToFhdn: 475, fixedMissingAsnRef: 0 }
[fareharbor-normalize] asn normalized { normalizedAsnToFhdn: 476, fixedMissingAsnRef: 0 }
[fareharbor-normalize] asn normalized { normalizedAsnToFhdn: 477, fixedMissingAsnRef: 0 }
[fareharbor-normalize] asn normalized { normalizedAsnToFhdn: 478, fixedMissingAsnRef: 0 }
[fareharbor-normalize] asn normalized { normalizedAsnToFhdn: 479, fixedMissingAsnRef: 0 }
[fareharbor-normalize] asn normalized { normalizedAsnToFhdn: 480, fixedMissingAsnRef: 0 }
[fareharbor-normalize] asn normalized { normalizedAsnToFhdn: 481, fixedMissingAsnRef: 0 }
[fareharbor-normalize] asn normalized { normalizedAsnToFhdn: 482, fixedMissingAsnRef: 0 }
[fareharbor-normalize] asn normalized { normalizedAsnToFhdn: 483, fixedMissingAsnRef: 0 }
[fareharbor-normalize] asn normalized { normalizedAsnToFhdn: 484, fixedMissingAsnRef: 0 }
[fareharbor-normalize] asn normalized { normalizedAsnToFhdn: 485, fixedMissingAsnRef: 0 }
[fareharbor-normalize] asn normalized { normalizedAsnToFhdn: 486, fixedMissingAsnRef: 0 }
[fareharbor-normalize] asn normalized { normalizedAsnToFhdn: 487, fixedMissingAsnRef: 0 }
[fareharbor-normalize] asn normalized { normalizedAsnToFhdn: 488, fixedMissingAsnRef: 0 }
[fareharbor-normalize] asn normalized { normalizedAsnToFhdn: 489, fixedMissingAsnRef: 0 }
[fareharbor-normalize] asn normalized { normalizedAsnToFhdn: 490, fixedMissingAsnRef: 0 }
[fareharbor-normalize] asn normalized { normalizedAsnToFhdn: 491, fixedMissingAsnRef: 0 }
[fareharbor-normalize] asn normalized { normalizedAsnToFhdn: 492, fixedMissingAsnRef: 0 }
[fareharbor-normalize] asn normalized { normalizedAsnToFhdn: 493, fixedMissingAsnRef: 0 }
[fareharbor-normalize] asn normalized { normalizedAsnToFhdn: 494, fixedMissingAsnRef: 0 }
[fareharbor-normalize] asn normalized { normalizedAsnToFhdn: 495, fixedMissingAsnRef: 0 }
[fareharbor-normalize] asn normalized { normalizedAsnToFhdn: 496, fixedMissingAsnRef: 0 }
[fareharbor-normalize] asn normalized { normalizedAsnToFhdn: 497, fixedMissingAsnRef: 0 }
[fareharbor-normalize] asn normalized { normalizedAsnToFhdn: 498, fixedMissingAsnRef: 0 }
[fareharbor-normalize] asn normalized { normalizedAsnToFhdn: 499, fixedMissingAsnRef: 0 }
[fareharbor-normalize] asn normalized { normalizedAsnToFhdn: 500, fixedMissingAsnRef: 0 }
[fareharbor-normalize] asn normalized { normalizedAsnToFhdn: 501, fixedMissingAsnRef: 0 }
[fareharbor-normalize] asn normalized { normalizedAsnToFhdn: 502, fixedMissingAsnRef: 0 }
[fareharbor-normalize] asn normalized { normalizedAsnToFhdn: 503, fixedMissingAsnRef: 0 }
[fareharbor-normalize] asn normalized { normalizedAsnToFhdn: 504, fixedMissingAsnRef: 0 }
[fareharbor-normalize] asn normalized { normalizedAsnToFhdn: 505, fixedMissingAsnRef: 0 }
[fareharbor-normalize] asn normalized { normalizedAsnToFhdn: 506, fixedMissingAsnRef: 0 }
[fareharbor-normalize] asn normalized { normalizedAsnToFhdn: 507, fixedMissingAsnRef: 0 }
[fareharbor-normalize] asn normalized { normalizedAsnToFhdn: 508, fixedMissingAsnRef: 0 }
[fareharbor-normalize] asn normalized { normalizedAsnToFhdn: 509, fixedMissingAsnRef: 0 }
[fareharbor-normalize] asn normalized { normalizedAsnToFhdn: 510, fixedMissingAsnRef: 0 }
[fareharbor-normalize] asn normalized { normalizedAsnToFhdn: 511, fixedMissingAsnRef: 0 }
[fareharbor-normalize] asn normalized { normalizedAsnToFhdn: 512, fixedMissingAsnRef: 0 }
[fareharbor-normalize] asn normalized { normalizedAsnToFhdn: 513, fixedMissingAsnRef: 0 }
[fareharbor-normalize] asn normalized { normalizedAsnToFhdn: 514, fixedMissingAsnRef: 0 }
[fareharbor-normalize] asn normalized { normalizedAsnToFhdn: 515, fixedMissingAsnRef: 0 }
[fareharbor-normalize] asn normalized { normalizedAsnToFhdn: 516, fixedMissingAsnRef: 0 }
[fareharbor-normalize] asn normalized { normalizedAsnToFhdn: 517, fixedMissingAsnRef: 0 }
[fareharbor-normalize] asn normalized { normalizedAsnToFhdn: 518, fixedMissingAsnRef: 0 }
[fareharbor-normalize] asn normalized { normalizedAsnToFhdn: 519, fixedMissingAsnRef: 0 }
[fareharbor-normalize] asn normalized { normalizedAsnToFhdn: 520, fixedMissingAsnRef: 0 }
[fareharbor-normalize] asn normalized { normalizedAsnToFhdn: 521, fixedMissingAsnRef: 0 }
[fareharbor-normalize] asn normalized { normalizedAsnToFhdn: 522, fixedMissingAsnRef: 0 }
[fareharbor-normalize] asn normalized { normalizedAsnToFhdn: 523, fixedMissingAsnRef: 0 }
[fareharbor-normalize] asn normalized { normalizedAsnToFhdn: 524, fixedMissingAsnRef: 0 }
[fareharbor-normalize] asn normalized { normalizedAsnToFhdn: 525, fixedMissingAsnRef: 0 }
[fareharbor-normalize] asn normalized { normalizedAsnToFhdn: 526, fixedMissingAsnRef: 0 }
[fareharbor-normalize] asn normalized { normalizedAsnToFhdn: 527, fixedMissingAsnRef: 0 }
[fareharbor-normalize] asn normalized { normalizedAsnToFhdn: 528, fixedMissingAsnRef: 0 }
[fareharbor-normalize] asn normalized { normalizedAsnToFhdn: 529, fixedMissingAsnRef: 0 }
[fareharbor-normalize] asn normalized { normalizedAsnToFhdn: 530, fixedMissingAsnRef: 0 }
[fareharbor-normalize] asn normalized { normalizedAsnToFhdn: 531, fixedMissingAsnRef: 0 }
[fareharbor-normalize] asn normalized { normalizedAsnToFhdn: 532, fixedMissingAsnRef: 0 }
[fareharbor-normalize] asn normalized { normalizedAsnToFhdn: 533, fixedMissingAsnRef: 0 }
[fareharbor-normalize] asn normalized { normalizedAsnToFhdn: 534, fixedMissingAsnRef: 0 }
[fareharbor-normalize] asn normalized { normalizedAsnToFhdn: 535, fixedMissingAsnRef: 0 }
[fareharbor-normalize] asn normalized { normalizedAsnToFhdn: 536, fixedMissingAsnRef: 0 }
[fareharbor-normalize] asn normalized { normalizedAsnToFhdn: 537, fixedMissingAsnRef: 0 }
[fareharbor-normalize] asn normalized { normalizedAsnToFhdn: 538, fixedMissingAsnRef: 0 }
[fareharbor-normalize] asn normalized { normalizedAsnToFhdn: 539, fixedMissingAsnRef: 0 }
[fareharbor-normalize] asn normalized { normalizedAsnToFhdn: 540, fixedMissingAsnRef: 0 }
[fareharbor-normalize] asn normalized { normalizedAsnToFhdn: 541, fixedMissingAsnRef: 0 }
[fareharbor-normalize] asn normalized { normalizedAsnToFhdn: 542, fixedMissingAsnRef: 0 }
[fareharbor-normalize] asn normalized { normalizedAsnToFhdn: 543, fixedMissingAsnRef: 0 }
[fareharbor-normalize] asn normalized { normalizedAsnToFhdn: 544, fixedMissingAsnRef: 0 }
[fareharbor-normalize] asn normalized { normalizedAsnToFhdn: 545, fixedMissingAsnRef: 0 }
[fareharbor-normalize] asn normalized { normalizedAsnToFhdn: 546, fixedMissingAsnRef: 0 }
[fareharbor-normalize] asn normalized { normalizedAsnToFhdn: 547, fixedMissingAsnRef: 0 }
[fareharbor-normalize] asn normalized { normalizedAsnToFhdn: 548, fixedMissingAsnRef: 0 }
[fareharbor-normalize] asn normalized { normalizedAsnToFhdn: 549, fixedMissingAsnRef: 0 }
[fareharbor-normalize] asn normalized { normalizedAsnToFhdn: 550, fixedMissingAsnRef: 0 }
[fareharbor-normalize] asn normalized { normalizedAsnToFhdn: 551, fixedMissingAsnRef: 0 }
[fareharbor-normalize] asn normalized { normalizedAsnToFhdn: 552, fixedMissingAsnRef: 0 }
[fareharbor-normalize] asn normalized { normalizedAsnToFhdn: 553, fixedMissingAsnRef: 0 }
[fareharbor-normalize] asn normalized { normalizedAsnToFhdn: 554, fixedMissingAsnRef: 0 }
[fareharbor-normalize] asn normalized { normalizedAsnToFhdn: 555, fixedMissingAsnRef: 0 }
[fareharbor-normalize] asn normalized { normalizedAsnToFhdn: 556, fixedMissingAsnRef: 0 }
[fareharbor-normalize] asn normalized { normalizedAsnToFhdn: 557, fixedMissingAsnRef: 0 }
[fareharbor-normalize] asn normalized { normalizedAsnToFhdn: 558, fixedMissingAsnRef: 0 }
[fareharbor-normalize] asn normalized { normalizedAsnToFhdn: 559, fixedMissingAsnRef: 0 }
[fareharbor-normalize] asn normalized { normalizedAsnToFhdn: 560, fixedMissingAsnRef: 0 }
[fareharbor-normalize] asn normalized { normalizedAsnToFhdn: 561, fixedMissingAsnRef: 0 }
[fareharbor-normalize] asn normalized { normalizedAsnToFhdn: 562, fixedMissingAsnRef: 0 }
[fareharbor-normalize] asn normalized { normalizedAsnToFhdn: 563, fixedMissingAsnRef: 0 }
[fareharbor-normalize] asn normalized { normalizedAsnToFhdn: 564, fixedMissingAsnRef: 0 }
[fareharbor-normalize] asn normalized { normalizedAsnToFhdn: 565, fixedMissingAsnRef: 0 }
[fareharbor-normalize] asn normalized { normalizedAsnToFhdn: 566, fixedMissingAsnRef: 0 }
[fareharbor-normalize] asn normalized { normalizedAsnToFhdn: 567, fixedMissingAsnRef: 0 }
[fareharbor-normalize] asn normalized { normalizedAsnToFhdn: 568, fixedMissingAsnRef: 0 }
[fareharbor-normalize] asn normalized { normalizedAsnToFhdn: 569, fixedMissingAsnRef: 0 }
[fareharbor-normalize] asn normalized { normalizedAsnToFhdn: 570, fixedMissingAsnRef: 0 }
[fareharbor-normalize] asn normalized { normalizedAsnToFhdn: 571, fixedMissingAsnRef: 0 }
[fareharbor-normalize] asn normalized { normalizedAsnToFhdn: 572, fixedMissingAsnRef: 0 }
[fareharbor-normalize] asn normalized { normalizedAsnToFhdn: 573, fixedMissingAsnRef: 0 }
[fareharbor-normalize] asn normalized { normalizedAsnToFhdn: 574, fixedMissingAsnRef: 0 }
[fareharbor-normalize] asn normalized { normalizedAsnToFhdn: 575, fixedMissingAsnRef: 0 }
[fareharbor-normalize] asn normalized { normalizedAsnToFhdn: 576, fixedMissingAsnRef: 0 }
[fareharbor-normalize] asn normalized { normalizedAsnToFhdn: 577, fixedMissingAsnRef: 0 }
[fareharbor-normalize] asn normalized { normalizedAsnToFhdn: 578, fixedMissingAsnRef: 0 }
[fareharbor-normalize] asn normalized { normalizedAsnToFhdn: 579, fixedMissingAsnRef: 0 }
[fareharbor-normalize] asn normalized { normalizedAsnToFhdn: 580, fixedMissingAsnRef: 0 }
[fareharbor-normalize] asn normalized { normalizedAsnToFhdn: 581, fixedMissingAsnRef: 0 }
[fareharbor-normalize] asn normalized { normalizedAsnToFhdn: 582, fixedMissingAsnRef: 0 }
[fareharbor-normalize] asn normalized { normalizedAsnToFhdn: 583, fixedMissingAsnRef: 0 }
[fareharbor-normalize] asn normalized { normalizedAsnToFhdn: 584, fixedMissingAsnRef: 0 }
[fareharbor-normalize] asn normalized { normalizedAsnToFhdn: 585, fixedMissingAsnRef: 0 }
[fareharbor-normalize] asn normalized { normalizedAsnToFhdn: 586, fixedMissingAsnRef: 0 }
[fareharbor-normalize] asn normalized { normalizedAsnToFhdn: 587, fixedMissingAsnRef: 0 }
[fareharbor-normalize] asn normalized { normalizedAsnToFhdn: 588, fixedMissingAsnRef: 0 }
[fareharbor-normalize] asn normalized { normalizedAsnToFhdn: 589, fixedMissingAsnRef: 0 }
[fareharbor-normalize] asn normalized { normalizedAsnToFhdn: 590, fixedMissingAsnRef: 0 }
[fareharbor-normalize] asn normalized { normalizedAsnToFhdn: 591, fixedMissingAsnRef: 0 }
[fareharbor-normalize] asn normalized { normalizedAsnToFhdn: 592, fixedMissingAsnRef: 0 }
[fareharbor-normalize] asn normalized { normalizedAsnToFhdn: 593, fixedMissingAsnRef: 0 }
[fareharbor-normalize] asn normalized { normalizedAsnToFhdn: 594, fixedMissingAsnRef: 0 }
[fareharbor-normalize] asn normalized { normalizedAsnToFhdn: 595, fixedMissingAsnRef: 0 }
[fareharbor-normalize] asn normalized { normalizedAsnToFhdn: 596, fixedMissingAsnRef: 0 }
[fareharbor-normalize] asn normalized { normalizedAsnToFhdn: 597, fixedMissingAsnRef: 0 }
[fareharbor-normalize] asn normalized { normalizedAsnToFhdn: 598, fixedMissingAsnRef: 0 }
[fareharbor-normalize] asn normalized { normalizedAsnToFhdn: 599, fixedMissingAsnRef: 0 }
[fareharbor-normalize] asn normalized { normalizedAsnToFhdn: 600, fixedMissingAsnRef: 0 }
[fareharbor-normalize] asn normalized { normalizedAsnToFhdn: 601, fixedMissingAsnRef: 0 }
[fareharbor-normalize] asn normalized { normalizedAsnToFhdn: 602, fixedMissingAsnRef: 0 }
[fareharbor-normalize] asn normalized { normalizedAsnToFhdn: 603, fixedMissingAsnRef: 0 }
[fareharbor-normalize] asn normalized { normalizedAsnToFhdn: 604, fixedMissingAsnRef: 0 }
[fareharbor-normalize] asn normalized { normalizedAsnToFhdn: 605, fixedMissingAsnRef: 0 }
[fareharbor-normalize] asn normalized { normalizedAsnToFhdn: 606, fixedMissingAsnRef: 0 }
[fareharbor-normalize] asn normalized { normalizedAsnToFhdn: 607, fixedMissingAsnRef: 0 }
[fareharbor-normalize] asn normalized { normalizedAsnToFhdn: 608, fixedMissingAsnRef: 0 }
[fareharbor-normalize] asn normalized { normalizedAsnToFhdn: 609, fixedMissingAsnRef: 0 }
[fareharbor-normalize] asn normalized { normalizedAsnToFhdn: 610, fixedMissingAsnRef: 0 }
[fareharbor-normalize] asn normalized { normalizedAsnToFhdn: 611, fixedMissingAsnRef: 0 }
[fareharbor-normalize] asn normalized { normalizedAsnToFhdn: 612, fixedMissingAsnRef: 0 }
[fareharbor-normalize] asn normalized { normalizedAsnToFhdn: 613, fixedMissingAsnRef: 0 }
[fareharbor-normalize] asn normalized { normalizedAsnToFhdn: 614, fixedMissingAsnRef: 0 }
[fareharbor-normalize] asn normalized { normalizedAsnToFhdn: 615, fixedMissingAsnRef: 0 }
[fareharbor-normalize] asn normalized { normalizedAsnToFhdn: 616, fixedMissingAsnRef: 0 }
[fareharbor-normalize] asn normalized { normalizedAsnToFhdn: 617, fixedMissingAsnRef: 0 }
[fareharbor-normalize] asn normalized { normalizedAsnToFhdn: 618, fixedMissingAsnRef: 0 }
[fareharbor-normalize] asn normalized { normalizedAsnToFhdn: 619, fixedMissingAsnRef: 0 }
[fareharbor-normalize] asn normalized { normalizedAsnToFhdn: 620, fixedMissingAsnRef: 0 }
[fareharbor-normalize] asn normalized { normalizedAsnToFhdn: 621, fixedMissingAsnRef: 0 }
[fareharbor-normalize] asn normalized { normalizedAsnToFhdn: 622, fixedMissingAsnRef: 0 }
[fareharbor-normalize] asn normalized { normalizedAsnToFhdn: 623, fixedMissingAsnRef: 0 }
[fareharbor-normalize] asn normalized { normalizedAsnToFhdn: 624, fixedMissingAsnRef: 0 }
[fareharbor-normalize] asn normalized { normalizedAsnToFhdn: 625, fixedMissingAsnRef: 0 }
[fareharbor-normalize] asn normalized { normalizedAsnToFhdn: 626, fixedMissingAsnRef: 0 }
[fareharbor-normalize] asn normalized { normalizedAsnToFhdn: 627, fixedMissingAsnRef: 0 }
[fareharbor-normalize] asn normalized { normalizedAsnToFhdn: 628, fixedMissingAsnRef: 0 }
[fareharbor-normalize] asn normalized { normalizedAsnToFhdn: 629, fixedMissingAsnRef: 0 }
[fareharbor-normalize] asn normalized { normalizedAsnToFhdn: 630, fixedMissingAsnRef: 0 }
[fareharbor-normalize] asn normalized { normalizedAsnToFhdn: 631, fixedMissingAsnRef: 0 }
[fareharbor-normalize] asn normalized { normalizedAsnToFhdn: 632, fixedMissingAsnRef: 0 }
[fareharbor-normalize] asn normalized { normalizedAsnToFhdn: 633, fixedMissingAsnRef: 0 }
[fareharbor-normalize] asn normalized { normalizedAsnToFhdn: 634, fixedMissingAsnRef: 0 }
[fareharbor-normalize] asn normalized { normalizedAsnToFhdn: 635, fixedMissingAsnRef: 0 }
[fareharbor-normalize] asn normalized { normalizedAsnToFhdn: 636, fixedMissingAsnRef: 0 }
[fareharbor-normalize] asn normalized { normalizedAsnToFhdn: 637, fixedMissingAsnRef: 0 }
[fareharbor-normalize] asn normalized { normalizedAsnToFhdn: 638, fixedMissingAsnRef: 0 }
[fareharbor-normalize] asn normalized { normalizedAsnToFhdn: 639, fixedMissingAsnRef: 0 }
[fareharbor-normalize] asn normalized { normalizedAsnToFhdn: 640, fixedMissingAsnRef: 0 }
[fareharbor-normalize] asn normalized { normalizedAsnToFhdn: 641, fixedMissingAsnRef: 0 }
[fareharbor-normalize] asn normalized { normalizedAsnToFhdn: 642, fixedMissingAsnRef: 0 }
[fareharbor-normalize] asn normalized { normalizedAsnToFhdn: 643, fixedMissingAsnRef: 0 }
[fareharbor-normalize] asn normalized { normalizedAsnToFhdn: 644, fixedMissingAsnRef: 0 }
[fareharbor-normalize] asn normalized { normalizedAsnToFhdn: 645, fixedMissingAsnRef: 0 }
[fareharbor-normalize] asn normalized { normalizedAsnToFhdn: 646, fixedMissingAsnRef: 0 }
[fareharbor-normalize] asn normalized { normalizedAsnToFhdn: 647, fixedMissingAsnRef: 0 }
[fareharbor-normalize] asn normalized { normalizedAsnToFhdn: 648, fixedMissingAsnRef: 0 }
[fareharbor-normalize] asn normalized { normalizedAsnToFhdn: 649, fixedMissingAsnRef: 0 }
[fareharbor-normalize] asn normalized { normalizedAsnToFhdn: 650, fixedMissingAsnRef: 0 }
[fareharbor-normalize] asn normalized { normalizedAsnToFhdn: 651, fixedMissingAsnRef: 0 }
[fareharbor-normalize] asn normalized { normalizedAsnToFhdn: 652, fixedMissingAsnRef: 0 }
[fareharbor-normalize] asn normalized { normalizedAsnToFhdn: 653, fixedMissingAsnRef: 0 }
[fareharbor-normalize] asn normalized { normalizedAsnToFhdn: 654, fixedMissingAsnRef: 0 }
[fareharbor-normalize] asn normalized { normalizedAsnToFhdn: 655, fixedMissingAsnRef: 0 }
[fareharbor-normalize] asn normalized { normalizedAsnToFhdn: 656, fixedMissingAsnRef: 0 }
[fareharbor-normalize] asn normalized { normalizedAsnToFhdn: 657, fixedMissingAsnRef: 0 }
[fareharbor-normalize] asn normalized { normalizedAsnToFhdn: 658, fixedMissingAsnRef: 0 }
[fareharbor-normalize] asn normalized { normalizedAsnToFhdn: 659, fixedMissingAsnRef: 0 }
[fareharbor-normalize] asn normalized { normalizedAsnToFhdn: 660, fixedMissingAsnRef: 0 }
[fareharbor-normalize] asn normalized { normalizedAsnToFhdn: 661, fixedMissingAsnRef: 0 }
[fareharbor-normalize] asn normalized { normalizedAsnToFhdn: 662, fixedMissingAsnRef: 0 }
[fareharbor-normalize] asn normalized { normalizedAsnToFhdn: 663, fixedMissingAsnRef: 0 }
[fareharbor-normalize] asn normalized { normalizedAsnToFhdn: 664, fixedMissingAsnRef: 0 }
[fareharbor-normalize] asn normalized { normalizedAsnToFhdn: 665, fixedMissingAsnRef: 0 }
[fareharbor-normalize] asn normalized { normalizedAsnToFhdn: 666, fixedMissingAsnRef: 0 }
[fareharbor-normalize] asn normalized { normalizedAsnToFhdn: 667, fixedMissingAsnRef: 0 }
[fareharbor-normalize] asn normalized { normalizedAsnToFhdn: 668, fixedMissingAsnRef: 0 }
[fareharbor-normalize] asn normalized { normalizedAsnToFhdn: 669, fixedMissingAsnRef: 0 }
[fareharbor-normalize] asn normalized { normalizedAsnToFhdn: 670, fixedMissingAsnRef: 0 }
[fareharbor-normalize] asn normalized { normalizedAsnToFhdn: 671, fixedMissingAsnRef: 0 }
[fareharbor-normalize] asn normalized { normalizedAsnToFhdn: 672, fixedMissingAsnRef: 0 }
[fareharbor-normalize] asn normalized { normalizedAsnToFhdn: 673, fixedMissingAsnRef: 0 }
[fareharbor-normalize] asn normalized { normalizedAsnToFhdn: 674, fixedMissingAsnRef: 0 }
[fareharbor-normalize] asn normalized { normalizedAsnToFhdn: 675, fixedMissingAsnRef: 0 }
[fareharbor-normalize] asn normalized { normalizedAsnToFhdn: 676, fixedMissingAsnRef: 0 }
[fareharbor-normalize] asn normalized { normalizedAsnToFhdn: 677, fixedMissingAsnRef: 0 }
[fareharbor-normalize] asn normalized { normalizedAsnToFhdn: 678, fixedMissingAsnRef: 0 }
[fareharbor-normalize] asn normalized { normalizedAsnToFhdn: 679, fixedMissingAsnRef: 0 }
[fareharbor-normalize] asn normalized { normalizedAsnToFhdn: 680, fixedMissingAsnRef: 0 }
[fareharbor-normalize] asn normalized { normalizedAsnToFhdn: 681, fixedMissingAsnRef: 0 }
[fareharbor-normalize] asn normalized { normalizedAsnToFhdn: 682, fixedMissingAsnRef: 0 }
[fareharbor-normalize] asn normalized { normalizedAsnToFhdn: 683, fixedMissingAsnRef: 0 }
[fareharbor-normalize] asn normalized { normalizedAsnToFhdn: 684, fixedMissingAsnRef: 0 }
[fareharbor-normalize] asn normalized { normalizedAsnToFhdn: 685, fixedMissingAsnRef: 0 }
[fareharbor-normalize] asn normalized { normalizedAsnToFhdn: 686, fixedMissingAsnRef: 0 }
[fareharbor-normalize] asn normalized { normalizedAsnToFhdn: 687, fixedMissingAsnRef: 0 }
[fareharbor-normalize] asn normalized { normalizedAsnToFhdn: 688, fixedMissingAsnRef: 0 }
[fareharbor-normalize] asn normalized { normalizedAsnToFhdn: 689, fixedMissingAsnRef: 0 }
[fareharbor-normalize] asn normalized { normalizedAsnToFhdn: 690, fixedMissingAsnRef: 0 }
[fareharbor-normalize] asn normalized { normalizedAsnToFhdn: 691, fixedMissingAsnRef: 0 }
[fareharbor-normalize] asn normalized { normalizedAsnToFhdn: 692, fixedMissingAsnRef: 0 }
[fareharbor-normalize] asn normalized { normalizedAsnToFhdn: 693, fixedMissingAsnRef: 0 }
[fareharbor-normalize] asn normalized { normalizedAsnToFhdn: 694, fixedMissingAsnRef: 0 }
[fareharbor-normalize] asn normalized { normalizedAsnToFhdn: 695, fixedMissingAsnRef: 0 }
[fareharbor-normalize] asn normalized { normalizedAsnToFhdn: 696, fixedMissingAsnRef: 0 }
[fareharbor-normalize] asn normalized { normalizedAsnToFhdn: 697, fixedMissingAsnRef: 0 }
[fareharbor-normalize] asn normalized { normalizedAsnToFhdn: 698, fixedMissingAsnRef: 0 }
[fareharbor-normalize] asn normalized { normalizedAsnToFhdn: 699, fixedMissingAsnRef: 0 }
[fareharbor-normalize] asn normalized { normalizedAsnToFhdn: 700, fixedMissingAsnRef: 0 }
[fareharbor-normalize] asn normalized { normalizedAsnToFhdn: 701, fixedMissingAsnRef: 0 }
[fareharbor-normalize] asn normalized { normalizedAsnToFhdn: 702, fixedMissingAsnRef: 0 }
[fareharbor-normalize] asn normalized { normalizedAsnToFhdn: 703, fixedMissingAsnRef: 0 }
[fareharbor-normalize] asn normalized { normalizedAsnToFhdn: 704, fixedMissingAsnRef: 0 }
[fareharbor-normalize] asn normalized { normalizedAsnToFhdn: 705, fixedMissingAsnRef: 0 }
[fareharbor-normalize] asn normalized { normalizedAsnToFhdn: 706, fixedMissingAsnRef: 0 }
[fareharbor-normalize] asn normalized { normalizedAsnToFhdn: 707, fixedMissingAsnRef: 0 }
[fareharbor-normalize] asn normalized { normalizedAsnToFhdn: 708, fixedMissingAsnRef: 0 }
[fareharbor-normalize] asn normalized { normalizedAsnToFhdn: 709, fixedMissingAsnRef: 0 }
[fareharbor-normalize] asn normalized { normalizedAsnToFhdn: 710, fixedMissingAsnRef: 0 }
[fareharbor-normalize] asn normalized { normalizedAsnToFhdn: 711, fixedMissingAsnRef: 0 }
[fareharbor-normalize] asn normalized { normalizedAsnToFhdn: 712, fixedMissingAsnRef: 0 }
[fareharbor-normalize] asn normalized { normalizedAsnToFhdn: 713, fixedMissingAsnRef: 0 }
[fareharbor-normalize] asn normalized { normalizedAsnToFhdn: 714, fixedMissingAsnRef: 0 }
[fareharbor-normalize] asn normalized { normalizedAsnToFhdn: 715, fixedMissingAsnRef: 0 }
[fareharbor-normalize] asn normalized { normalizedAsnToFhdn: 716, fixedMissingAsnRef: 0 }
[fareharbor-normalize] asn normalized { normalizedAsnToFhdn: 717, fixedMissingAsnRef: 0 }
[fareharbor-normalize] asn normalized { normalizedAsnToFhdn: 718, fixedMissingAsnRef: 0 }
[fareharbor-normalize] asn normalized { normalizedAsnToFhdn: 719, fixedMissingAsnRef: 0 }
[fareharbor-normalize] asn normalized { normalizedAsnToFhdn: 720, fixedMissingAsnRef: 0 }
[fareharbor-normalize] asn normalized { normalizedAsnToFhdn: 721, fixedMissingAsnRef: 0 }
[fareharbor-normalize] asn normalized { normalizedAsnToFhdn: 722, fixedMissingAsnRef: 0 }
[fareharbor-normalize] asn normalized { normalizedAsnToFhdn: 723, fixedMissingAsnRef: 0 }
[fareharbor-normalize] asn normalized { normalizedAsnToFhdn: 724, fixedMissingAsnRef: 0 }
[fareharbor-normalize] asn normalized { normalizedAsnToFhdn: 725, fixedMissingAsnRef: 0 }
[fareharbor-normalize] asn normalized { normalizedAsnToFhdn: 726, fixedMissingAsnRef: 0 }
[fareharbor-normalize] asn normalized { normalizedAsnToFhdn: 727, fixedMissingAsnRef: 0 }
[fareharbor-normalize] asn normalized { normalizedAsnToFhdn: 728, fixedMissingAsnRef: 0 }
[fareharbor-normalize] asn normalized { normalizedAsnToFhdn: 729, fixedMissingAsnRef: 0 }
[fareharbor-normalize] asn normalized { normalizedAsnToFhdn: 730, fixedMissingAsnRef: 0 }
[fareharbor-normalize] asn normalized { normalizedAsnToFhdn: 731, fixedMissingAsnRef: 0 }
[fareharbor-normalize] asn normalized { normalizedAsnToFhdn: 732, fixedMissingAsnRef: 0 }
[fareharbor-normalize] asn normalized { normalizedAsnToFhdn: 733, fixedMissingAsnRef: 0 }
[fareharbor-normalize] asn normalized { normalizedAsnToFhdn: 734, fixedMissingAsnRef: 0 }
[fareharbor-normalize] asn normalized { normalizedAsnToFhdn: 735, fixedMissingAsnRef: 0 }
[fareharbor-normalize] asn normalized { normalizedAsnToFhdn: 736, fixedMissingAsnRef: 0 }
[fareharbor-normalize] asn normalized { normalizedAsnToFhdn: 737, fixedMissingAsnRef: 0 }
[fareharbor-normalize] asn normalized { normalizedAsnToFhdn: 738, fixedMissingAsnRef: 0 }
[fareharbor-normalize] asn normalized { normalizedAsnToFhdn: 739, fixedMissingAsnRef: 0 }
[fareharbor-normalize] asn normalized { normalizedAsnToFhdn: 740, fixedMissingAsnRef: 0 }
[fareharbor-normalize] asn normalized { normalizedAsnToFhdn: 741, fixedMissingAsnRef: 0 }
[fareharbor-normalize] asn normalized { normalizedAsnToFhdn: 742, fixedMissingAsnRef: 0 }
[fareharbor-normalize] asn normalized { normalizedAsnToFhdn: 743, fixedMissingAsnRef: 0 }
[fareharbor-normalize] asn normalized { normalizedAsnToFhdn: 744, fixedMissingAsnRef: 0 }
[fareharbor-normalize] asn normalized { normalizedAsnToFhdn: 745, fixedMissingAsnRef: 0 }
[fareharbor-normalize] asn normalized { normalizedAsnToFhdn: 746, fixedMissingAsnRef: 0 }
[fareharbor-normalize] asn normalized { normalizedAsnToFhdn: 747, fixedMissingAsnRef: 0 }
[fareharbor-normalize] asn normalized { normalizedAsnToFhdn: 748, fixedMissingAsnRef: 0 }
[fareharbor-normalize] asn normalized { normalizedAsnToFhdn: 749, fixedMissingAsnRef: 0 }
[fareharbor-normalize] asn normalized { normalizedAsnToFhdn: 750, fixedMissingAsnRef: 0 }
[fareharbor-normalize] asn normalized { normalizedAsnToFhdn: 751, fixedMissingAsnRef: 0 }
[fareharbor-normalize] asn normalized { normalizedAsnToFhdn: 752, fixedMissingAsnRef: 0 }
[fareharbor-normalize] asn normalized { normalizedAsnToFhdn: 753, fixedMissingAsnRef: 0 }
[fareharbor-normalize] asn normalized { normalizedAsnToFhdn: 754, fixedMissingAsnRef: 0 }
[fareharbor-normalize] asn normalized { normalizedAsnToFhdn: 755, fixedMissingAsnRef: 0 }
[fareharbor-normalize] asn normalized { normalizedAsnToFhdn: 756, fixedMissingAsnRef: 0 }
[fareharbor-normalize] asn normalized { normalizedAsnToFhdn: 757, fixedMissingAsnRef: 0 }
[fareharbor-normalize] asn normalized { normalizedAsnToFhdn: 758, fixedMissingAsnRef: 0 }
[fareharbor-normalize] asn normalized { normalizedAsnToFhdn: 759, fixedMissingAsnRef: 0 }
[fareharbor-normalize] asn normalized { normalizedAsnToFhdn: 760, fixedMissingAsnRef: 0 }
[fareharbor-normalize] asn normalized { normalizedAsnToFhdn: 761, fixedMissingAsnRef: 0 }
[fareharbor-normalize] asn normalized { normalizedAsnToFhdn: 762, fixedMissingAsnRef: 0 }
[fareharbor-normalize] asn normalized { normalizedAsnToFhdn: 763, fixedMissingAsnRef: 0 }
[fareharbor-normalize] asn normalized { normalizedAsnToFhdn: 764, fixedMissingAsnRef: 0 }
[fareharbor-normalize] asn normalized { normalizedAsnToFhdn: 765, fixedMissingAsnRef: 0 }
[fareharbor-normalize] asn normalized { normalizedAsnToFhdn: 766, fixedMissingAsnRef: 0 }
[fareharbor-normalize] asn normalized { normalizedAsnToFhdn: 767, fixedMissingAsnRef: 0 }
[fareharbor-normalize] asn normalized { normalizedAsnToFhdn: 768, fixedMissingAsnRef: 0 }
[fareharbor-normalize] asn normalized { normalizedAsnToFhdn: 769, fixedMissingAsnRef: 0 }
[fareharbor-normalize] asn normalized { normalizedAsnToFhdn: 770, fixedMissingAsnRef: 0 }
[fareharbor-normalize] asn normalized { normalizedAsnToFhdn: 771, fixedMissingAsnRef: 0 }
[fareharbor-normalize] asn normalized { normalizedAsnToFhdn: 772, fixedMissingAsnRef: 0 }
[fareharbor-normalize] asn normalized { normalizedAsnToFhdn: 773, fixedMissingAsnRef: 0 }
[fareharbor-normalize] asn normalized { normalizedAsnToFhdn: 774, fixedMissingAsnRef: 0 }
[fareharbor-normalize] asn normalized { normalizedAsnToFhdn: 775, fixedMissingAsnRef: 0 }
[fareharbor-normalize] asn normalized { normalizedAsnToFhdn: 776, fixedMissingAsnRef: 0 }
[fareharbor-normalize] asn normalized { normalizedAsnToFhdn: 777, fixedMissingAsnRef: 0 }
[fareharbor-normalize] asn normalized { normalizedAsnToFhdn: 778, fixedMissingAsnRef: 0 }
[fareharbor-normalize] asn normalized { normalizedAsnToFhdn: 779, fixedMissingAsnRef: 0 }
[fareharbor-normalize] asn normalized { normalizedAsnToFhdn: 780, fixedMissingAsnRef: 0 }
[fareharbor-normalize] asn normalized { normalizedAsnToFhdn: 781, fixedMissingAsnRef: 0 }
[fareharbor-normalize] asn normalized { normalizedAsnToFhdn: 782, fixedMissingAsnRef: 0 }
[fareharbor-normalize] asn normalized { normalizedAsnToFhdn: 783, fixedMissingAsnRef: 0 }
[fareharbor-normalize] asn normalized { normalizedAsnToFhdn: 784, fixedMissingAsnRef: 0 }
[fareharbor-normalize] asn normalized { normalizedAsnToFhdn: 785, fixedMissingAsnRef: 0 }
[fareharbor-normalize] asn normalized { normalizedAsnToFhdn: 786, fixedMissingAsnRef: 0 }
[fareharbor-normalize] asn normalized { normalizedAsnToFhdn: 787, fixedMissingAsnRef: 0 }
[fareharbor-normalize] asn normalized { normalizedAsnToFhdn: 788, fixedMissingAsnRef: 0 }
[fareharbor-normalize] asn normalized { normalizedAsnToFhdn: 789, fixedMissingAsnRef: 0 }
[fareharbor-normalize] asn normalized { normalizedAsnToFhdn: 790, fixedMissingAsnRef: 0 }
[fareharbor-normalize] asn normalized { normalizedAsnToFhdn: 791, fixedMissingAsnRef: 0 }
[fareharbor-normalize] asn normalized { normalizedAsnToFhdn: 792, fixedMissingAsnRef: 0 }
[fareharbor-normalize] asn normalized { normalizedAsnToFhdn: 793, fixedMissingAsnRef: 0 }
[fareharbor-normalize] asn normalized { normalizedAsnToFhdn: 794, fixedMissingAsnRef: 0 }
[fareharbor-normalize] asn normalized { normalizedAsnToFhdn: 795, fixedMissingAsnRef: 0 }
[fareharbor-normalize] asn normalized { normalizedAsnToFhdn: 796, fixedMissingAsnRef: 0 }
[fareharbor-normalize] asn normalized { normalizedAsnToFhdn: 797, fixedMissingAsnRef: 0 }
[fareharbor-normalize] asn normalized { normalizedAsnToFhdn: 798, fixedMissingAsnRef: 0 }
[fareharbor-normalize] asn normalized { normalizedAsnToFhdn: 799, fixedMissingAsnRef: 0 }
[fareharbor-normalize] asn normalized { normalizedAsnToFhdn: 800, fixedMissingAsnRef: 0 }
[fareharbor-normalize] asn normalized { normalizedAsnToFhdn: 801, fixedMissingAsnRef: 0 }
[fareharbor-normalize] asn normalized { normalizedAsnToFhdn: 802, fixedMissingAsnRef: 0 }
[fareharbor-normalize] asn normalized { normalizedAsnToFhdn: 803, fixedMissingAsnRef: 0 }
[fareharbor-normalize] asn normalized { normalizedAsnToFhdn: 804, fixedMissingAsnRef: 0 }
[fareharbor-normalize] asn normalized { normalizedAsnToFhdn: 805, fixedMissingAsnRef: 0 }
[fareharbor-normalize] asn normalized { normalizedAsnToFhdn: 806, fixedMissingAsnRef: 0 }
[fareharbor-normalize] asn normalized { normalizedAsnToFhdn: 807, fixedMissingAsnRef: 0 }
[fareharbor-normalize] asn normalized { normalizedAsnToFhdn: 808, fixedMissingAsnRef: 0 }
[fareharbor-normalize] asn normalized { normalizedAsnToFhdn: 809, fixedMissingAsnRef: 0 }
[fareharbor-normalize] asn normalized { normalizedAsnToFhdn: 810, fixedMissingAsnRef: 0 }
[fareharbor-normalize] asn normalized { normalizedAsnToFhdn: 811, fixedMissingAsnRef: 0 }
[fareharbor-normalize] asn normalized { normalizedAsnToFhdn: 812, fixedMissingAsnRef: 0 }
[fareharbor-normalize] asn normalized { normalizedAsnToFhdn: 813, fixedMissingAsnRef: 0 }
[fareharbor-normalize] asn normalized { normalizedAsnToFhdn: 814, fixedMissingAsnRef: 0 }
[fareharbor-normalize] asn normalized { normalizedAsnToFhdn: 815, fixedMissingAsnRef: 0 }
[fareharbor-normalize] asn normalized { normalizedAsnToFhdn: 816, fixedMissingAsnRef: 0 }
[fareharbor-normalize] asn normalized { normalizedAsnToFhdn: 817, fixedMissingAsnRef: 0 }
[fareharbor-normalize] asn normalized { normalizedAsnToFhdn: 818, fixedMissingAsnRef: 0 }
[fareharbor-normalize] asn normalized { normalizedAsnToFhdn: 819, fixedMissingAsnRef: 0 }
[fareharbor-normalize] asn normalized { normalizedAsnToFhdn: 820, fixedMissingAsnRef: 0 }
[fareharbor-normalize] asn normalized { normalizedAsnToFhdn: 821, fixedMissingAsnRef: 0 }
[fareharbor-normalize] asn normalized { normalizedAsnToFhdn: 822, fixedMissingAsnRef: 0 }
[fareharbor-normalize] asn normalized { normalizedAsnToFhdn: 823, fixedMissingAsnRef: 0 }
[fareharbor-normalize] asn normalized { normalizedAsnToFhdn: 824, fixedMissingAsnRef: 0 }
[fareharbor-normalize] asn normalized { normalizedAsnToFhdn: 825, fixedMissingAsnRef: 0 }
[fareharbor-normalize] asn normalized { normalizedAsnToFhdn: 826, fixedMissingAsnRef: 0 }
[fareharbor-normalize] asn normalized { normalizedAsnToFhdn: 827, fixedMissingAsnRef: 0 }
[fareharbor-normalize] asn normalized { normalizedAsnToFhdn: 828, fixedMissingAsnRef: 0 }
[fareharbor-normalize] asn normalized { normalizedAsnToFhdn: 829, fixedMissingAsnRef: 0 }
[fareharbor-normalize] asn normalized { normalizedAsnToFhdn: 830, fixedMissingAsnRef: 0 }
[fareharbor-normalize] asn normalized { normalizedAsnToFhdn: 831, fixedMissingAsnRef: 0 }
[fareharbor-normalize] asn normalized { normalizedAsnToFhdn: 832, fixedMissingAsnRef: 0 }
[fareharbor-normalize] asn normalized { normalizedAsnToFhdn: 833, fixedMissingAsnRef: 0 }
[fareharbor-normalize] asn normalized { normalizedAsnToFhdn: 834, fixedMissingAsnRef: 0 }
[fareharbor-normalize] asn normalized { normalizedAsnToFhdn: 835, fixedMissingAsnRef: 0 }
[fareharbor-normalize] asn normalized { normalizedAsnToFhdn: 836, fixedMissingAsnRef: 0 }
[fareharbor-normalize] asn normalized { normalizedAsnToFhdn: 837, fixedMissingAsnRef: 0 }
[fareharbor-normalize] asn normalized { normalizedAsnToFhdn: 838, fixedMissingAsnRef: 0 }
[fareharbor-normalize] asn normalized { normalizedAsnToFhdn: 839, fixedMissingAsnRef: 0 }
[fareharbor-normalize] asn normalized { normalizedAsnToFhdn: 840, fixedMissingAsnRef: 0 }
[fareharbor-normalize] asn normalized { normalizedAsnToFhdn: 841, fixedMissingAsnRef: 0 }
[fareharbor-normalize] asn normalized { normalizedAsnToFhdn: 842, fixedMissingAsnRef: 0 }
[fareharbor-normalize] asn normalized { normalizedAsnToFhdn: 843, fixedMissingAsnRef: 0 }
[fareharbor-normalize] asn normalized { normalizedAsnToFhdn: 844, fixedMissingAsnRef: 0 }
[fareharbor-normalize] asn normalized { normalizedAsnToFhdn: 845, fixedMissingAsnRef: 0 }
[fareharbor-normalize] asn normalized { normalizedAsnToFhdn: 846, fixedMissingAsnRef: 0 }
[fareharbor-normalize] asn normalized { normalizedAsnToFhdn: 847, fixedMissingAsnRef: 0 }
[fareharbor-normalize] asn normalized { normalizedAsnToFhdn: 848, fixedMissingAsnRef: 0 }
[fareharbor-normalize] asn normalized { normalizedAsnToFhdn: 849, fixedMissingAsnRef: 0 }
[fareharbor-normalize] asn normalized { normalizedAsnToFhdn: 850, fixedMissingAsnRef: 0 }
[fareharbor-normalize] asn normalized { normalizedAsnToFhdn: 851, fixedMissingAsnRef: 0 }
[fareharbor-normalize] asn normalized { normalizedAsnToFhdn: 852, fixedMissingAsnRef: 0 }
[fareharbor-normalize] asn normalized { normalizedAsnToFhdn: 853, fixedMissingAsnRef: 0 }
[fareharbor-normalize] asn normalized { normalizedAsnToFhdn: 854, fixedMissingAsnRef: 0 }
[fareharbor-normalize] asn normalized { normalizedAsnToFhdn: 855, fixedMissingAsnRef: 0 }
[fareharbor-normalize] asn normalized { normalizedAsnToFhdn: 856, fixedMissingAsnRef: 0 }
[fareharbor-normalize] asn normalized { normalizedAsnToFhdn: 857, fixedMissingAsnRef: 0 }
[fareharbor-normalize] asn normalized { normalizedAsnToFhdn: 858, fixedMissingAsnRef: 0 }
[fareharbor-normalize] asn normalized { normalizedAsnToFhdn: 859, fixedMissingAsnRef: 0 }
[fareharbor-normalize] asn normalized { normalizedAsnToFhdn: 860, fixedMissingAsnRef: 0 }
[fareharbor-normalize] asn normalized { normalizedAsnToFhdn: 861, fixedMissingAsnRef: 0 }
[fareharbor-normalize] asn normalized { normalizedAsnToFhdn: 862, fixedMissingAsnRef: 0 }
[fareharbor-normalize] asn normalized { normalizedAsnToFhdn: 863, fixedMissingAsnRef: 0 }
[fareharbor-normalize] asn normalized { normalizedAsnToFhdn: 864, fixedMissingAsnRef: 0 }
[fareharbor-normalize] asn normalized { normalizedAsnToFhdn: 865, fixedMissingAsnRef: 0 }
[fareharbor-normalize] asn normalized { normalizedAsnToFhdn: 866, fixedMissingAsnRef: 0 }
[fareharbor-normalize] asn normalized { normalizedAsnToFhdn: 867, fixedMissingAsnRef: 0 }
[fareharbor-normalize] asn normalized { normalizedAsnToFhdn: 868, fixedMissingAsnRef: 0 }
[fareharbor-normalize] asn normalized { normalizedAsnToFhdn: 869, fixedMissingAsnRef: 0 }
[fareharbor-normalize] asn normalized { normalizedAsnToFhdn: 870, fixedMissingAsnRef: 0 }
[fareharbor-normalize] asn normalized { normalizedAsnToFhdn: 871, fixedMissingAsnRef: 0 }
[fareharbor-normalize] asn normalized { normalizedAsnToFhdn: 872, fixedMissingAsnRef: 0 }
[fareharbor-normalize] asn normalized { normalizedAsnToFhdn: 873, fixedMissingAsnRef: 0 }
[fareharbor-normalize] asn normalized { normalizedAsnToFhdn: 874, fixedMissingAsnRef: 0 }
[fareharbor-normalize] asn normalized { normalizedAsnToFhdn: 875, fixedMissingAsnRef: 0 }
[fareharbor-normalize] asn normalized { normalizedAsnToFhdn: 876, fixedMissingAsnRef: 0 }
[fareharbor-normalize] asn normalized { normalizedAsnToFhdn: 877, fixedMissingAsnRef: 0 }
[fareharbor-normalize] asn normalized { normalizedAsnToFhdn: 878, fixedMissingAsnRef: 0 }
[fareharbor-normalize] asn normalized { normalizedAsnToFhdn: 879, fixedMissingAsnRef: 0 }
[fareharbor-normalize] asn normalized { normalizedAsnToFhdn: 880, fixedMissingAsnRef: 0 }
[fareharbor-normalize] asn normalized { normalizedAsnToFhdn: 881, fixedMissingAsnRef: 0 }
[fareharbor-normalize] asn normalized { normalizedAsnToFhdn: 882, fixedMissingAsnRef: 0 }
[fareharbor-normalize] asn normalized { normalizedAsnToFhdn: 883, fixedMissingAsnRef: 0 }
[fareharbor-normalize] asn normalized { normalizedAsnToFhdn: 884, fixedMissingAsnRef: 0 }
[fareharbor-normalize] asn normalized { normalizedAsnToFhdn: 885, fixedMissingAsnRef: 0 }
[fareharbor-normalize] asn normalized { normalizedAsnToFhdn: 886, fixedMissingAsnRef: 0 }
[fareharbor-normalize] asn normalized { normalizedAsnToFhdn: 887, fixedMissingAsnRef: 0 }
[fareharbor-normalize] asn normalized { normalizedAsnToFhdn: 888, fixedMissingAsnRef: 0 }
[fareharbor-normalize] asn normalized { normalizedAsnToFhdn: 889, fixedMissingAsnRef: 0 }
[fareharbor-normalize] asn normalized { normalizedAsnToFhdn: 890, fixedMissingAsnRef: 0 }
[fareharbor-normalize] asn normalized { normalizedAsnToFhdn: 891, fixedMissingAsnRef: 0 }
[fareharbor-normalize] asn normalized { normalizedAsnToFhdn: 892, fixedMissingAsnRef: 0 }
[fareharbor-normalize] asn normalized { normalizedAsnToFhdn: 893, fixedMissingAsnRef: 0 }
[fareharbor-normalize] asn normalized { normalizedAsnToFhdn: 894, fixedMissingAsnRef: 0 }
[fareharbor-normalize] asn normalized { normalizedAsnToFhdn: 895, fixedMissingAsnRef: 0 }
[fareharbor-normalize] asn normalized { normalizedAsnToFhdn: 896, fixedMissingAsnRef: 0 }
[fareharbor-normalize] asn normalized { normalizedAsnToFhdn: 897, fixedMissingAsnRef: 0 }
[fareharbor-normalize] asn normalized { normalizedAsnToFhdn: 898, fixedMissingAsnRef: 0 }
[fareharbor-normalize] asn normalized { normalizedAsnToFhdn: 899, fixedMissingAsnRef: 0 }
[fareharbor-normalize] asn normalized { normalizedAsnToFhdn: 900, fixedMissingAsnRef: 0 }
[fareharbor-normalize] asn normalized { normalizedAsnToFhdn: 901, fixedMissingAsnRef: 0 }
[fareharbor-normalize] asn normalized { normalizedAsnToFhdn: 902, fixedMissingAsnRef: 0 }
[fareharbor-normalize] asn normalized { normalizedAsnToFhdn: 903, fixedMissingAsnRef: 0 }
[fareharbor-normalize] asn normalized { normalizedAsnToFhdn: 904, fixedMissingAsnRef: 0 }
[fareharbor-normalize] asn normalized { normalizedAsnToFhdn: 905, fixedMissingAsnRef: 0 }
[fareharbor-normalize] asn normalized { normalizedAsnToFhdn: 906, fixedMissingAsnRef: 0 }
[fareharbor-normalize] asn normalized { normalizedAsnToFhdn: 907, fixedMissingAsnRef: 0 }
[fareharbor-normalize] asn normalized { normalizedAsnToFhdn: 908, fixedMissingAsnRef: 0 }
[fareharbor-normalize] asn normalized { normalizedAsnToFhdn: 909, fixedMissingAsnRef: 0 }
[fareharbor-normalize] asn normalized { normalizedAsnToFhdn: 910, fixedMissingAsnRef: 0 }
[fareharbor-normalize] asn normalized { normalizedAsnToFhdn: 911, fixedMissingAsnRef: 0 }
[fareharbor-normalize] asn normalized { normalizedAsnToFhdn: 912, fixedMissingAsnRef: 0 }
[fareharbor-normalize] asn normalized { normalizedAsnToFhdn: 913, fixedMissingAsnRef: 0 }
[fareharbor-normalize] asn normalized { normalizedAsnToFhdn: 914, fixedMissingAsnRef: 0 }
[fareharbor-normalize] asn normalized { normalizedAsnToFhdn: 915, fixedMissingAsnRef: 0 }
[fareharbor-normalize] asn normalized { normalizedAsnToFhdn: 916, fixedMissingAsnRef: 0 }
[fareharbor-normalize] asn normalized { normalizedAsnToFhdn: 917, fixedMissingAsnRef: 0 }
[fareharbor-normalize] asn normalized { normalizedAsnToFhdn: 918, fixedMissingAsnRef: 0 }
[fareharbor-normalize] asn normalized { normalizedAsnToFhdn: 919, fixedMissingAsnRef: 0 }
[fareharbor-normalize] asn normalized { normalizedAsnToFhdn: 920, fixedMissingAsnRef: 0 }
[fareharbor-normalize] asn normalized { normalizedAsnToFhdn: 921, fixedMissingAsnRef: 0 }
[fareharbor-normalize] asn normalized { normalizedAsnToFhdn: 922, fixedMissingAsnRef: 0 }
[fareharbor-normalize] asn normalized { normalizedAsnToFhdn: 923, fixedMissingAsnRef: 0 }
[fareharbor-normalize] asn normalized { normalizedAsnToFhdn: 924, fixedMissingAsnRef: 0 }
[fareharbor-normalize] asn normalized { normalizedAsnToFhdn: 925, fixedMissingAsnRef: 0 }
[fareharbor-normalize] asn normalized { normalizedAsnToFhdn: 926, fixedMissingAsnRef: 0 }
[fareharbor-normalize] asn normalized { normalizedAsnToFhdn: 927, fixedMissingAsnRef: 0 }
[fareharbor-normalize] asn normalized { normalizedAsnToFhdn: 928, fixedMissingAsnRef: 0 }
[fareharbor-normalize] asn normalized { normalizedAsnToFhdn: 929, fixedMissingAsnRef: 0 }
[fareharbor-normalize] asn normalized { normalizedAsnToFhdn: 930, fixedMissingAsnRef: 0 }
[fareharbor-normalize] asn normalized { normalizedAsnToFhdn: 931, fixedMissingAsnRef: 0 }
[fareharbor-normalize] asn normalized { normalizedAsnToFhdn: 932, fixedMissingAsnRef: 0 }
[fareharbor-normalize] asn normalized { normalizedAsnToFhdn: 933, fixedMissingAsnRef: 0 }
[fareharbor-normalize] asn normalized { normalizedAsnToFhdn: 934, fixedMissingAsnRef: 0 }
[fareharbor-normalize] asn normalized { normalizedAsnToFhdn: 935, fixedMissingAsnRef: 0 }
[fareharbor-normalize] asn normalized { normalizedAsnToFhdn: 936, fixedMissingAsnRef: 0 }
[fareharbor-normalize] asn normalized { normalizedAsnToFhdn: 937, fixedMissingAsnRef: 0 }
[fareharbor-normalize] asn normalized { normalizedAsnToFhdn: 938, fixedMissingAsnRef: 0 }
[fareharbor-normalize] asn normalized { normalizedAsnToFhdn: 939, fixedMissingAsnRef: 0 }
[fareharbor-normalize] asn normalized { normalizedAsnToFhdn: 940, fixedMissingAsnRef: 0 }
[fareharbor-normalize] asn normalized { normalizedAsnToFhdn: 941, fixedMissingAsnRef: 0 }
[fareharbor-normalize] asn normalized { normalizedAsnToFhdn: 942, fixedMissingAsnRef: 0 }
[fareharbor-normalize] asn normalized { normalizedAsnToFhdn: 943, fixedMissingAsnRef: 0 }
[fareharbor-normalize] asn normalized { normalizedAsnToFhdn: 944, fixedMissingAsnRef: 0 }
[fareharbor-normalize] asn normalized { normalizedAsnToFhdn: 945, fixedMissingAsnRef: 0 }
[fareharbor-normalize] asn normalized { normalizedAsnToFhdn: 946, fixedMissingAsnRef: 0 }
[fareharbor-normalize] asn normalized { normalizedAsnToFhdn: 947, fixedMissingAsnRef: 0 }
[fareharbor-normalize] asn normalized { normalizedAsnToFhdn: 948, fixedMissingAsnRef: 0 }
[fareharbor-normalize] asn normalized { normalizedAsnToFhdn: 949, fixedMissingAsnRef: 0 }
[fareharbor-normalize] asn normalized { normalizedAsnToFhdn: 950, fixedMissingAsnRef: 0 }
[fareharbor-normalize] asn normalized { normalizedAsnToFhdn: 951, fixedMissingAsnRef: 0 }
[fareharbor-normalize] asn normalized { normalizedAsnToFhdn: 952, fixedMissingAsnRef: 0 }
[fareharbor-normalize] asn normalized { normalizedAsnToFhdn: 953, fixedMissingAsnRef: 0 }
[fareharbor-normalize] asn normalized { normalizedAsnToFhdn: 954, fixedMissingAsnRef: 0 }
[fareharbor-normalize] asn normalized { normalizedAsnToFhdn: 955, fixedMissingAsnRef: 0 }
[fareharbor-normalize] asn normalized { normalizedAsnToFhdn: 956, fixedMissingAsnRef: 0 }
[fareharbor-normalize] asn normalized { normalizedAsnToFhdn: 957, fixedMissingAsnRef: 0 }
[fareharbor-normalize] asn normalized { normalizedAsnToFhdn: 958, fixedMissingAsnRef: 0 }
[fareharbor-normalize] asn normalized { normalizedAsnToFhdn: 959, fixedMissingAsnRef: 0 }
[fareharbor-normalize] asn normalized { normalizedAsnToFhdn: 960, fixedMissingAsnRef: 0 }
[fareharbor-normalize] asn normalized { normalizedAsnToFhdn: 961, fixedMissingAsnRef: 0 }
[fareharbor-normalize] asn normalized { normalizedAsnToFhdn: 962, fixedMissingAsnRef: 0 }
[fareharbor-normalize] asn normalized { normalizedAsnToFhdn: 963, fixedMissingAsnRef: 0 }
[fareharbor-normalize] asn normalized { normalizedAsnToFhdn: 964, fixedMissingAsnRef: 0 }
[fareharbor-normalize] asn normalized { normalizedAsnToFhdn: 965, fixedMissingAsnRef: 0 }
[fareharbor-normalize] asn normalized { normalizedAsnToFhdn: 966, fixedMissingAsnRef: 0 }
[fareharbor-normalize] asn normalized { normalizedAsnToFhdn: 967, fixedMissingAsnRef: 0 }
[fareharbor-normalize] asn normalized { normalizedAsnToFhdn: 968, fixedMissingAsnRef: 0 }
[fareharbor-normalize] asn normalized { normalizedAsnToFhdn: 969, fixedMissingAsnRef: 0 }
[fareharbor-normalize] asn normalized { normalizedAsnToFhdn: 970, fixedMissingAsnRef: 0 }
[fareharbor-normalize] asn normalized { normalizedAsnToFhdn: 971, fixedMissingAsnRef: 0 }
[fareharbor-normalize] asn normalized { normalizedAsnToFhdn: 972, fixedMissingAsnRef: 0 }
[fareharbor-normalize] asn normalized { normalizedAsnToFhdn: 973, fixedMissingAsnRef: 0 }
[fareharbor-normalize] asn normalized { normalizedAsnToFhdn: 974, fixedMissingAsnRef: 0 }
[fareharbor-normalize] asn normalized { normalizedAsnToFhdn: 975, fixedMissingAsnRef: 0 }
[fareharbor-normalize] asn normalized { normalizedAsnToFhdn: 976, fixedMissingAsnRef: 0 }
[fareharbor-normalize] asn normalized { normalizedAsnToFhdn: 977, fixedMissingAsnRef: 0 }
[fareharbor-normalize] asn normalized { normalizedAsnToFhdn: 978, fixedMissingAsnRef: 0 }
[fareharbor-normalize] asn normalized { normalizedAsnToFhdn: 979, fixedMissingAsnRef: 0 }
[fareharbor-normalize] asn normalized { normalizedAsnToFhdn: 980, fixedMissingAsnRef: 0 }
[fareharbor-normalize] asn normalized { normalizedAsnToFhdn: 981, fixedMissingAsnRef: 0 }
[fareharbor-normalize] asn normalized { normalizedAsnToFhdn: 982, fixedMissingAsnRef: 0 }
[fareharbor-normalize] asn normalized { normalizedAsnToFhdn: 983, fixedMissingAsnRef: 0 }
[fareharbor-normalize] asn normalized { normalizedAsnToFhdn: 984, fixedMissingAsnRef: 0 }
[fareharbor-normalize] asn normalized { normalizedAsnToFhdn: 985, fixedMissingAsnRef: 0 }
[fareharbor-normalize] asn normalized { normalizedAsnToFhdn: 986, fixedMissingAsnRef: 0 }
[fareharbor-normalize] asn normalized { normalizedAsnToFhdn: 987, fixedMissingAsnRef: 0 }
[fareharbor-normalize] asn normalized { normalizedAsnToFhdn: 988, fixedMissingAsnRef: 0 }
[fareharbor-normalize] asn normalized { normalizedAsnToFhdn: 989, fixedMissingAsnRef: 0 }
[fareharbor-normalize] asn normalized { normalizedAsnToFhdn: 990, fixedMissingAsnRef: 0 }
[fareharbor-normalize] asn normalized { normalizedAsnToFhdn: 991, fixedMissingAsnRef: 0 }
[fareharbor-normalize] asn normalized { normalizedAsnToFhdn: 992, fixedMissingAsnRef: 0 }
[fareharbor-normalize] asn normalized { normalizedAsnToFhdn: 993, fixedMissingAsnRef: 0 }
[fareharbor-normalize] asn normalized { normalizedAsnToFhdn: 994, fixedMissingAsnRef: 0 }
[fareharbor-normalize] asn normalized { normalizedAsnToFhdn: 995, fixedMissingAsnRef: 0 }
[fareharbor-normalize] asn normalized { normalizedAsnToFhdn: 996, fixedMissingAsnRef: 0 }
[fareharbor-normalize] asn normalized { normalizedAsnToFhdn: 997, fixedMissingAsnRef: 0 }
[fareharbor-normalize] asn normalized { normalizedAsnToFhdn: 998, fixedMissingAsnRef: 0 }
[fareharbor-normalize] asn normalized { normalizedAsnToFhdn: 999, fixedMissingAsnRef: 0 }
[fareharbor-normalize] asn normalized { normalizedAsnToFhdn: 1000, fixedMissingAsnRef: 0 }
[fareharbor-normalize] asn normalized { normalizedAsnToFhdn: 1001, fixedMissingAsnRef: 0 }
[fareharbor-normalize] asn normalized { normalizedAsnToFhdn: 1002, fixedMissingAsnRef: 0 }
[fareharbor-normalize] asn normalized { normalizedAsnToFhdn: 1003, fixedMissingAsnRef: 0 }
[fareharbor-normalize] asn normalized { normalizedAsnToFhdn: 1004, fixedMissingAsnRef: 0 }
[fareharbor-normalize] asn normalized { normalizedAsnToFhdn: 1005, fixedMissingAsnRef: 0 }
[fareharbor-normalize] asn normalized { normalizedAsnToFhdn: 1006, fixedMissingAsnRef: 0 }
[fareharbor-normalize] asn normalized { normalizedAsnToFhdn: 1007, fixedMissingAsnRef: 0 }
[fareharbor-normalize] asn normalized { normalizedAsnToFhdn: 1008, fixedMissingAsnRef: 0 }
[fareharbor-normalize] asn normalized { normalizedAsnToFhdn: 1009, fixedMissingAsnRef: 0 }
[fareharbor-normalize] asn normalized { normalizedAsnToFhdn: 1010, fixedMissingAsnRef: 0 }
[fareharbor-normalize] asn normalized { normalizedAsnToFhdn: 1011, fixedMissingAsnRef: 0 }
[fareharbor-normalize] asn normalized { normalizedAsnToFhdn: 1012, fixedMissingAsnRef: 0 }
[fareharbor-normalize] asn normalized { normalizedAsnToFhdn: 1013, fixedMissingAsnRef: 0 }
[fareharbor-normalize] asn normalized { normalizedAsnToFhdn: 1014, fixedMissingAsnRef: 0 }
[fareharbor-normalize] asn normalized { normalizedAsnToFhdn: 1015, fixedMissingAsnRef: 0 }
[fareharbor-normalize] asn normalized { normalizedAsnToFhdn: 1016, fixedMissingAsnRef: 0 }
[fareharbor-normalize] asn normalized { normalizedAsnToFhdn: 1017, fixedMissingAsnRef: 0 }
[fareharbor-normalize] asn normalized { normalizedAsnToFhdn: 1018, fixedMissingAsnRef: 0 }
[fareharbor-normalize] asn normalized { normalizedAsnToFhdn: 1019, fixedMissingAsnRef: 0 }
[fareharbor-normalize] asn normalized { normalizedAsnToFhdn: 1020, fixedMissingAsnRef: 0 }
[fareharbor-normalize] asn normalized { normalizedAsnToFhdn: 1021, fixedMissingAsnRef: 0 }
[fareharbor-normalize] asn normalized { normalizedAsnToFhdn: 1022, fixedMissingAsnRef: 0 }
[fareharbor-normalize] asn normalized { normalizedAsnToFhdn: 1023, fixedMissingAsnRef: 0 }
[fareharbor-normalize] asn normalized { normalizedAsnToFhdn: 1024, fixedMissingAsnRef: 0 }
[fareharbor-normalize] asn normalized { normalizedAsnToFhdn: 1025, fixedMissingAsnRef: 0 }
[fareharbor-normalize] asn normalized { normalizedAsnToFhdn: 1026, fixedMissingAsnRef: 0 }
[fareharbor-normalize] asn normalized { normalizedAsnToFhdn: 1027, fixedMissingAsnRef: 0 }
[fareharbor-normalize] asn normalized { normalizedAsnToFhdn: 1028, fixedMissingAsnRef: 0 }
[fareharbor-normalize] asn normalized { normalizedAsnToFhdn: 1029, fixedMissingAsnRef: 0 }
[fareharbor-normalize] asn normalized { normalizedAsnToFhdn: 1030, fixedMissingAsnRef: 0 }
[fareharbor-normalize] asn normalized { normalizedAsnToFhdn: 1031, fixedMissingAsnRef: 0 }
[fareharbor-normalize] asn normalized { normalizedAsnToFhdn: 1032, fixedMissingAsnRef: 0 }
[fareharbor-normalize] asn normalized { normalizedAsnToFhdn: 1033, fixedMissingAsnRef: 0 }
[fareharbor-normalize] asn normalized { normalizedAsnToFhdn: 1034, fixedMissingAsnRef: 0 }
[fareharbor-normalize] asn normalized { normalizedAsnToFhdn: 1035, fixedMissingAsnRef: 0 }
[fareharbor-normalize] asn normalized { normalizedAsnToFhdn: 1036, fixedMissingAsnRef: 0 }
[fareharbor-normalize] asn normalized { normalizedAsnToFhdn: 1037, fixedMissingAsnRef: 0 }
[fareharbor-normalize] asn normalized { normalizedAsnToFhdn: 1038, fixedMissingAsnRef: 0 }
[fareharbor-normalize] asn normalized { normalizedAsnToFhdn: 1039, fixedMissingAsnRef: 0 }
[fareharbor-normalize] asn normalized { normalizedAsnToFhdn: 1040, fixedMissingAsnRef: 0 }
[fareharbor-normalize] asn normalized { normalizedAsnToFhdn: 1041, fixedMissingAsnRef: 0 }
[fareharbor-normalize] asn normalized { normalizedAsnToFhdn: 1042, fixedMissingAsnRef: 0 }
[fareharbor-normalize] asn normalized { normalizedAsnToFhdn: 1043, fixedMissingAsnRef: 0 }
[fareharbor-normalize] asn normalized { normalizedAsnToFhdn: 1044, fixedMissingAsnRef: 0 }
[fareharbor-normalize] asn normalized { normalizedAsnToFhdn: 1045, fixedMissingAsnRef: 0 }
[fareharbor-normalize] asn normalized { normalizedAsnToFhdn: 1046, fixedMissingAsnRef: 0 }
[fareharbor-normalize] asn normalized { normalizedAsnToFhdn: 1047, fixedMissingAsnRef: 0 }
[fareharbor-normalize] asn normalized { normalizedAsnToFhdn: 1048, fixedMissingAsnRef: 0 }
[fareharbor-normalize] asn normalized { normalizedAsnToFhdn: 1049, fixedMissingAsnRef: 0 }
[fareharbor-normalize] asn normalized { normalizedAsnToFhdn: 1050, fixedMissingAsnRef: 0 }
[fareharbor-normalize] asn normalized { normalizedAsnToFhdn: 1051, fixedMissingAsnRef: 0 }
[fareharbor-normalize] asn normalized { normalizedAsnToFhdn: 1052, fixedMissingAsnRef: 0 }
[fareharbor-normalize] asn normalized { normalizedAsnToFhdn: 1053, fixedMissingAsnRef: 0 }
[fareharbor-normalize] asn normalized { normalizedAsnToFhdn: 1054, fixedMissingAsnRef: 0 }
[fareharbor-normalize] asn normalized { normalizedAsnToFhdn: 1055, fixedMissingAsnRef: 0 }
[fareharbor-normalize] asn normalized { normalizedAsnToFhdn: 1056, fixedMissingAsnRef: 0 }
[fareharbor-normalize] asn normalized { normalizedAsnToFhdn: 1057, fixedMissingAsnRef: 0 }
[fareharbor-normalize] asn normalized { normalizedAsnToFhdn: 1058, fixedMissingAsnRef: 0 }
[fareharbor-normalize] asn normalized { normalizedAsnToFhdn: 1059, fixedMissingAsnRef: 0 }
[fareharbor-normalize] asn normalized { normalizedAsnToFhdn: 1060, fixedMissingAsnRef: 0 }
[fareharbor-normalize] asn normalized { normalizedAsnToFhdn: 1061, fixedMissingAsnRef: 0 }
[fareharbor-normalize] asn normalized { normalizedAsnToFhdn: 1062, fixedMissingAsnRef: 0 }
[fareharbor-normalize] asn normalized { normalizedAsnToFhdn: 1063, fixedMissingAsnRef: 0 }
[fareharbor-normalize] asn normalized { normalizedAsnToFhdn: 1064, fixedMissingAsnRef: 0 }
[fareharbor-normalize] asn normalized { normalizedAsnToFhdn: 1065, fixedMissingAsnRef: 0 }
[fareharbor-normalize] asn normalized { normalizedAsnToFhdn: 1066, fixedMissingAsnRef: 0 }
[fareharbor-normalize] asn normalized { normalizedAsnToFhdn: 1067, fixedMissingAsnRef: 0 }
[fareharbor-normalize] asn normalized { normalizedAsnToFhdn: 1068, fixedMissingAsnRef: 0 }
[fareharbor-normalize] asn normalized { normalizedAsnToFhdn: 1069, fixedMissingAsnRef: 0 }
[fareharbor-normalize] asn normalized { normalizedAsnToFhdn: 1070, fixedMissingAsnRef: 0 }
[fareharbor-normalize] asn normalized { normalizedAsnToFhdn: 1071, fixedMissingAsnRef: 0 }
[fareharbor-normalize] asn normalized { normalizedAsnToFhdn: 1072, fixedMissingAsnRef: 0 }
[fareharbor-normalize] asn normalized { normalizedAsnToFhdn: 1073, fixedMissingAsnRef: 0 }
[fareharbor-normalize] asn normalized { normalizedAsnToFhdn: 1074, fixedMissingAsnRef: 0 }
[fareharbor-normalize] asn normalized { normalizedAsnToFhdn: 1075, fixedMissingAsnRef: 0 }
[fareharbor-normalize] asn normalized { normalizedAsnToFhdn: 1076, fixedMissingAsnRef: 0 }
[fareharbor-normalize] asn normalized { normalizedAsnToFhdn: 1077, fixedMissingAsnRef: 0 }
[fareharbor-normalize] asn normalized { normalizedAsnToFhdn: 1078, fixedMissingAsnRef: 0 }
[fareharbor-normalize] asn normalized { normalizedAsnToFhdn: 1079, fixedMissingAsnRef: 0 }
[fareharbor-normalize] asn normalized { normalizedAsnToFhdn: 1080, fixedMissingAsnRef: 0 }
[fareharbor-normalize] asn normalized { normalizedAsnToFhdn: 1081, fixedMissingAsnRef: 0 }
[fareharbor-normalize] asn normalized { normalizedAsnToFhdn: 1082, fixedMissingAsnRef: 0 }
[fareharbor-normalize] asn normalized { normalizedAsnToFhdn: 1083, fixedMissingAsnRef: 0 }
[fareharbor-normalize] asn normalized { normalizedAsnToFhdn: 1084, fixedMissingAsnRef: 0 }
[fareharbor-normalize] asn normalized { normalizedAsnToFhdn: 1085, fixedMissingAsnRef: 0 }
[fareharbor-normalize] asn normalized { normalizedAsnToFhdn: 1086, fixedMissingAsnRef: 0 }
[fareharbor-normalize] asn normalized { normalizedAsnToFhdn: 1087, fixedMissingAsnRef: 0 }
[fareharbor-normalize] asn normalized { normalizedAsnToFhdn: 1088, fixedMissingAsnRef: 0 }
[fareharbor-normalize] asn normalized { normalizedAsnToFhdn: 1089, fixedMissingAsnRef: 0 }
[fareharbor-normalize] asn normalized { normalizedAsnToFhdn: 1090, fixedMissingAsnRef: 0 }
[fareharbor-normalize] asn normalized { normalizedAsnToFhdn: 1091, fixedMissingAsnRef: 0 }
[fareharbor-normalize] asn normalized { normalizedAsnToFhdn: 1092, fixedMissingAsnRef: 0 }
[fareharbor-normalize] asn normalized { normalizedAsnToFhdn: 1093, fixedMissingAsnRef: 0 }
[fareharbor-normalize] asn normalized { normalizedAsnToFhdn: 1094, fixedMissingAsnRef: 0 }
[fareharbor-normalize] asn normalized { normalizedAsnToFhdn: 1095, fixedMissingAsnRef: 0 }
[fareharbor-normalize] asn normalized { normalizedAsnToFhdn: 1096, fixedMissingAsnRef: 0 }
[fareharbor-normalize] asn normalized { normalizedAsnToFhdn: 1097, fixedMissingAsnRef: 0 }
[fareharbor-normalize] asn normalized { normalizedAsnToFhdn: 1098, fixedMissingAsnRef: 0 }
[fareharbor-normalize] asn normalized { normalizedAsnToFhdn: 1099, fixedMissingAsnRef: 0 }
[fareharbor-normalize] asn normalized { normalizedAsnToFhdn: 1100, fixedMissingAsnRef: 0 }
[fareharbor-normalize] asn normalized { normalizedAsnToFhdn: 1101, fixedMissingAsnRef: 0 }
[fareharbor-normalize] asn normalized { normalizedAsnToFhdn: 1102, fixedMissingAsnRef: 0 }
[fareharbor-normalize] asn normalized { normalizedAsnToFhdn: 1103, fixedMissingAsnRef: 0 }
[mexico] filtered US rows: 23
[puerto-vallarta] filtered rows: 0
[fareharbor-normalize] asn normalized { normalizedAsnToFhdn: 1, fixedMissingAsnRef: 0 }
[fareharbor-normalize] asn normalized { normalizedAsnToFhdn: 2, fixedMissingAsnRef: 0 }
[fareharbor-normalize] asn normalized { normalizedAsnToFhdn: 3, fixedMissingAsnRef: 0 }
[fareharbor-normalize] asn normalized { normalizedAsnToFhdn: 4, fixedMissingAsnRef: 0 }
[fareharbor-normalize] asn normalized { normalizedAsnToFhdn: 5, fixedMissingAsnRef: 0 }
[fareharbor-normalize] asn normalized { normalizedAsnToFhdn: 6, fixedMissingAsnRef: 0 }
[fareharbor-normalize] asn normalized { normalizedAsnToFhdn: 7, fixedMissingAsnRef: 0 }
[fareharbor-normalize] asn normalized { normalizedAsnToFhdn: 8, fixedMissingAsnRef: 0 }
[fareharbor-normalize] asn normalized { normalizedAsnToFhdn: 9, fixedMissingAsnRef: 0 }
[fareharbor-normalize] asn normalized { normalizedAsnToFhdn: 10, fixedMissingAsnRef: 0 }
[fareharbor-normalize] asn normalized { normalizedAsnToFhdn: 11, fixedMissingAsnRef: 0 }
[fareharbor-normalize] asn normalized { normalizedAsnToFhdn: 12, fixedMissingAsnRef: 0 }
[fareharbor-normalize] asn normalized { normalizedAsnToFhdn: 13, fixedMissingAsnRef: 0 }
[fareharbor-normalize] asn normalized { normalizedAsnToFhdn: 14, fixedMissingAsnRef: 0 }
[fareharbor-normalize] asn normalized { normalizedAsnToFhdn: 15, fixedMissingAsnRef: 0 }
[fareharbor-normalize] asn normalized { normalizedAsnToFhdn: 16, fixedMissingAsnRef: 0 }
[fareharbor-normalize] asn normalized { normalizedAsnToFhdn: 17, fixedMissingAsnRef: 0 }
[fareharbor-normalize] asn normalized { normalizedAsnToFhdn: 18, fixedMissingAsnRef: 0 }
[fareharbor-normalize] asn normalized { normalizedAsnToFhdn: 19, fixedMissingAsnRef: 0 }
[fareharbor-normalize] asn normalized { normalizedAsnToFhdn: 20, fixedMissingAsnRef: 0 }
[fareharbor-normalize] asn normalized { normalizedAsnToFhdn: 21, fixedMissingAsnRef: 0 }
[fareharbor-normalize] asn normalized { normalizedAsnToFhdn: 22, fixedMissingAsnRef: 0 }
[fareharbor-normalize] asn normalized { normalizedAsnToFhdn: 23, fixedMissingAsnRef: 0 }
[fareharbor-normalize] asn normalized { normalizedAsnToFhdn: 24, fixedMissingAsnRef: 0 }
[fareharbor-normalize] asn normalized { normalizedAsnToFhdn: 25, fixedMissingAsnRef: 0 }
[fareharbor-normalize] asn normalized { normalizedAsnToFhdn: 26, fixedMissingAsnRef: 0 }
[fareharbor-normalize] asn normalized { normalizedAsnToFhdn: 27, fixedMissingAsnRef: 0 }
[fareharbor-normalize] asn normalized { normalizedAsnToFhdn: 28, fixedMissingAsnRef: 0 }
[fareharbor-normalize] asn normalized { normalizedAsnToFhdn: 29, fixedMissingAsnRef: 0 }
[fareharbor-normalize] asn normalized { normalizedAsnToFhdn: 30, fixedMissingAsnRef: 0 }
[fareharbor-normalize] asn normalized { normalizedAsnToFhdn: 31, fixedMissingAsnRef: 0 }
[fareharbor-normalize] asn normalized { normalizedAsnToFhdn: 32, fixedMissingAsnRef: 0 }
[fareharbor-normalize] asn normalized { normalizedAsnToFhdn: 33, fixedMissingAsnRef: 0 }
[fareharbor-normalize] asn normalized { normalizedAsnToFhdn: 34, fixedMissingAsnRef: 0 }
[fareharbor-normalize] asn normalized { normalizedAsnToFhdn: 35, fixedMissingAsnRef: 0 }
[fareharbor-normalize] asn normalized { normalizedAsnToFhdn: 36, fixedMissingAsnRef: 0 }
[fareharbor-normalize] asn normalized { normalizedAsnToFhdn: 37, fixedMissingAsnRef: 0 }
[fareharbor-normalize] asn normalized { normalizedAsnToFhdn: 38, fixedMissingAsnRef: 0 }
[fareharbor-normalize] asn normalized { normalizedAsnToFhdn: 39, fixedMissingAsnRef: 0 }
[fareharbor-normalize] asn normalized { normalizedAsnToFhdn: 40, fixedMissingAsnRef: 0 }
[fareharbor-normalize] asn normalized { normalizedAsnToFhdn: 41, fixedMissingAsnRef: 0 }
[fareharbor-normalize] asn normalized { normalizedAsnToFhdn: 42, fixedMissingAsnRef: 0 }
[fareharbor-normalize] asn normalized { normalizedAsnToFhdn: 43, fixedMissingAsnRef: 0 }
[fareharbor-normalize] asn normalized { normalizedAsnToFhdn: 44, fixedMissingAsnRef: 0 }
[fareharbor-normalize] asn normalized { normalizedAsnToFhdn: 45, fixedMissingAsnRef: 0 }
[fareharbor-normalize] asn normalized { normalizedAsnToFhdn: 46, fixedMissingAsnRef: 0 }
[fareharbor-normalize] asn normalized { normalizedAsnToFhdn: 47, fixedMissingAsnRef: 0 }
[fareharbor-normalize] asn normalized { normalizedAsnToFhdn: 48, fixedMissingAsnRef: 0 }
[fareharbor-normalize] asn normalized { normalizedAsnToFhdn: 49, fixedMissingAsnRef: 0 }
[fareharbor-normalize] asn normalized { normalizedAsnToFhdn: 50, fixedMissingAsnRef: 0 }
[fareharbor-normalize] asn normalized { normalizedAsnToFhdn: 51, fixedMissingAsnRef: 0 }
[fareharbor-normalize] asn normalized { normalizedAsnToFhdn: 52, fixedMissingAsnRef: 0 }
[fareharbor-normalize] asn normalized { normalizedAsnToFhdn: 53, fixedMissingAsnRef: 0 }
[fareharbor-normalize] asn normalized { normalizedAsnToFhdn: 54, fixedMissingAsnRef: 0 }
[fareharbor-normalize] asn normalized { normalizedAsnToFhdn: 55, fixedMissingAsnRef: 0 }
[fareharbor-normalize] asn normalized { normalizedAsnToFhdn: 56, fixedMissingAsnRef: 0 }
[fareharbor-normalize] asn normalized { normalizedAsnToFhdn: 57, fixedMissingAsnRef: 0 }
[fareharbor-normalize] asn normalized { normalizedAsnToFhdn: 58, fixedMissingAsnRef: 0 }
[fareharbor-normalize] asn normalized { normalizedAsnToFhdn: 59, fixedMissingAsnRef: 0 }
[fareharbor-normalize] asn normalized { normalizedAsnToFhdn: 60, fixedMissingAsnRef: 0 }
[fareharbor-normalize] asn normalized { normalizedAsnToFhdn: 61, fixedMissingAsnRef: 0 }
[fareharbor-normalize] asn normalized { normalizedAsnToFhdn: 62, fixedMissingAsnRef: 0 }
[fareharbor-normalize] asn normalized { normalizedAsnToFhdn: 63, fixedMissingAsnRef: 0 }
[fareharbor-normalize] asn normalized { normalizedAsnToFhdn: 64, fixedMissingAsnRef: 0 }
[fareharbor-normalize] asn normalized { normalizedAsnToFhdn: 65, fixedMissingAsnRef: 0 }
[fareharbor-normalize] asn normalized { normalizedAsnToFhdn: 66, fixedMissingAsnRef: 0 }
[fareharbor-normalize] asn normalized { normalizedAsnToFhdn: 67, fixedMissingAsnRef: 0 }
[fareharbor-normalize] asn normalized { normalizedAsnToFhdn: 68, fixedMissingAsnRef: 0 }
[fareharbor-normalize] asn normalized { normalizedAsnToFhdn: 69, fixedMissingAsnRef: 0 }
[fareharbor-normalize] asn normalized { normalizedAsnToFhdn: 70, fixedMissingAsnRef: 0 }
[fareharbor-normalize] asn normalized { normalizedAsnToFhdn: 71, fixedMissingAsnRef: 0 }
[fareharbor-normalize] asn normalized { normalizedAsnToFhdn: 72, fixedMissingAsnRef: 0 }
[fareharbor-normalize] asn normalized { normalizedAsnToFhdn: 73, fixedMissingAsnRef: 0 }
[fareharbor-normalize] asn normalized { normalizedAsnToFhdn: 74, fixedMissingAsnRef: 0 }
[fareharbor-normalize] asn normalized { normalizedAsnToFhdn: 75, fixedMissingAsnRef: 0 }
[fareharbor-normalize] asn normalized { normalizedAsnToFhdn: 76, fixedMissingAsnRef: 0 }
[fareharbor-normalize] asn normalized { normalizedAsnToFhdn: 77, fixedMissingAsnRef: 0 }
[fareharbor-normalize] asn normalized { normalizedAsnToFhdn: 78, fixedMissingAsnRef: 0 }
[fareharbor-normalize] asn normalized { normalizedAsnToFhdn: 79, fixedMissingAsnRef: 0 }
[fareharbor-normalize] asn normalized { normalizedAsnToFhdn: 80, fixedMissingAsnRef: 0 }
[fareharbor-normalize] asn normalized { normalizedAsnToFhdn: 81, fixedMissingAsnRef: 0 }
[fareharbor-normalize] asn normalized { normalizedAsnToFhdn: 82, fixedMissingAsnRef: 0 }
[fareharbor-normalize] asn normalized { normalizedAsnToFhdn: 83, fixedMissingAsnRef: 0 }
[fareharbor-normalize] asn normalized { normalizedAsnToFhdn: 84, fixedMissingAsnRef: 0 }
[fareharbor-normalize] asn normalized { normalizedAsnToFhdn: 85, fixedMissingAsnRef: 0 }
[fareharbor-normalize] asn normalized { normalizedAsnToFhdn: 86, fixedMissingAsnRef: 0 }
[fareharbor-normalize] asn normalized { normalizedAsnToFhdn: 87, fixedMissingAsnRef: 0 }
[fareharbor-normalize] asn normalized { normalizedAsnToFhdn: 88, fixedMissingAsnRef: 0 }
[fareharbor-normalize] asn normalized { normalizedAsnToFhdn: 89, fixedMissingAsnRef: 0 }
[fareharbor-normalize] asn normalized { normalizedAsnToFhdn: 90, fixedMissingAsnRef: 0 }
[fareharbor-normalize] asn normalized { normalizedAsnToFhdn: 91, fixedMissingAsnRef: 0 }
[fareharbor-normalize] asn normalized { normalizedAsnToFhdn: 92, fixedMissingAsnRef: 0 }
[fareharbor-normalize] asn normalized { normalizedAsnToFhdn: 93, fixedMissingAsnRef: 0 }
[fareharbor-normalize] asn normalized { normalizedAsnToFhdn: 94, fixedMissingAsnRef: 0 }
[fareharbor-normalize] asn normalized { normalizedAsnToFhdn: 95, fixedMissingAsnRef: 0 }
[fareharbor-normalize] asn normalized { normalizedAsnToFhdn: 96, fixedMissingAsnRef: 0 }
[fareharbor-normalize] asn normalized { normalizedAsnToFhdn: 97, fixedMissingAsnRef: 0 }
[fareharbor-normalize] asn normalized { normalizedAsnToFhdn: 98, fixedMissingAsnRef: 0 }
[fareharbor-normalize] asn normalized { normalizedAsnToFhdn: 99, fixedMissingAsnRef: 0 }
[fareharbor-normalize] asn normalized { normalizedAsnToFhdn: 100, fixedMissingAsnRef: 0 }
[fareharbor-normalize] asn normalized { normalizedAsnToFhdn: 101, fixedMissingAsnRef: 0 }
[fareharbor-normalize] asn normalized { normalizedAsnToFhdn: 102, fixedMissingAsnRef: 0 }
[fareharbor-normalize] asn normalized { normalizedAsnToFhdn: 103, fixedMissingAsnRef: 0 }
[fareharbor-normalize] asn normalized { normalizedAsnToFhdn: 104, fixedMissingAsnRef: 0 }
[fareharbor-normalize] asn normalized { normalizedAsnToFhdn: 105, fixedMissingAsnRef: 0 }
[fareharbor-normalize] asn normalized { normalizedAsnToFhdn: 106, fixedMissingAsnRef: 0 }
[fareharbor-normalize] asn normalized { normalizedAsnToFhdn: 107, fixedMissingAsnRef: 0 }
[fareharbor-normalize] asn normalized { normalizedAsnToFhdn: 108, fixedMissingAsnRef: 0 }
[fareharbor-normalize] asn normalized { normalizedAsnToFhdn: 109, fixedMissingAsnRef: 0 }
[fareharbor-normalize] asn normalized { normalizedAsnToFhdn: 110, fixedMissingAsnRef: 0 }
[fareharbor-normalize] asn normalized { normalizedAsnToFhdn: 111, fixedMissingAsnRef: 0 }
[fareharbor-normalize] asn normalized { normalizedAsnToFhdn: 112, fixedMissingAsnRef: 0 }
[fareharbor-normalize] asn normalized { normalizedAsnToFhdn: 113, fixedMissingAsnRef: 0 }
[fareharbor-normalize] asn normalized { normalizedAsnToFhdn: 114, fixedMissingAsnRef: 0 }
[fareharbor-normalize] asn normalized { normalizedAsnToFhdn: 115, fixedMissingAsnRef: 0 }
[fareharbor-normalize] asn normalized { normalizedAsnToFhdn: 116, fixedMissingAsnRef: 0 }
[fareharbor-normalize] asn normalized { normalizedAsnToFhdn: 117, fixedMissingAsnRef: 0 }
[fareharbor-normalize] asn normalized { normalizedAsnToFhdn: 118, fixedMissingAsnRef: 0 }
[fareharbor-normalize] asn normalized { normalizedAsnToFhdn: 119, fixedMissingAsnRef: 0 }
[fareharbor-normalize] asn normalized { normalizedAsnToFhdn: 120, fixedMissingAsnRef: 0 }
[fareharbor-normalize] asn normalized { normalizedAsnToFhdn: 121, fixedMissingAsnRef: 0 }
[fareharbor-normalize] asn normalized { normalizedAsnToFhdn: 122, fixedMissingAsnRef: 0 }
[fareharbor-normalize] asn normalized { normalizedAsnToFhdn: 123, fixedMissingAsnRef: 0 }
[fareharbor-normalize] asn normalized { normalizedAsnToFhdn: 124, fixedMissingAsnRef: 0 }
[fareharbor-normalize] asn normalized { normalizedAsnToFhdn: 125, fixedMissingAsnRef: 0 }
[fareharbor-normalize] asn normalized { normalizedAsnToFhdn: 126, fixedMissingAsnRef: 0 }
[fareharbor-normalize] asn normalized { normalizedAsnToFhdn: 127, fixedMissingAsnRef: 0 }
[fareharbor-normalize] asn normalized { normalizedAsnToFhdn: 128, fixedMissingAsnRef: 0 }
[fareharbor-normalize] asn normalized { normalizedAsnToFhdn: 129, fixedMissingAsnRef: 0 }
[fareharbor-normalize] asn normalized { normalizedAsnToFhdn: 130, fixedMissingAsnRef: 0 }
[fareharbor-normalize] asn normalized { normalizedAsnToFhdn: 131, fixedMissingAsnRef: 0 }
[fareharbor-normalize] asn normalized { normalizedAsnToFhdn: 132, fixedMissingAsnRef: 0 }
[fareharbor-normalize] asn normalized { normalizedAsnToFhdn: 133, fixedMissingAsnRef: 0 }
[fareharbor-normalize] asn normalized { normalizedAsnToFhdn: 134, fixedMissingAsnRef: 0 }
[fareharbor-normalize] asn normalized { normalizedAsnToFhdn: 135, fixedMissingAsnRef: 0 }
[fareharbor-normalize] asn normalized { normalizedAsnToFhdn: 136, fixedMissingAsnRef: 0 }
[fareharbor-normalize] asn normalized { normalizedAsnToFhdn: 137, fixedMissingAsnRef: 0 }
[fareharbor-normalize] asn normalized { normalizedAsnToFhdn: 138, fixedMissingAsnRef: 0 }
[fareharbor-normalize] asn normalized { normalizedAsnToFhdn: 139, fixedMissingAsnRef: 0 }
[fareharbor-normalize] asn normalized { normalizedAsnToFhdn: 140, fixedMissingAsnRef: 0 }
[fareharbor-normalize] asn normalized { normalizedAsnToFhdn: 141, fixedMissingAsnRef: 0 }
[fareharbor-normalize] asn normalized { normalizedAsnToFhdn: 142, fixedMissingAsnRef: 0 }
[fareharbor-normalize] asn normalized { normalizedAsnToFhdn: 143, fixedMissingAsnRef: 0 }
[fareharbor-normalize] asn normalized { normalizedAsnToFhdn: 144, fixedMissingAsnRef: 0 }
[fareharbor-normalize] asn normalized { normalizedAsnToFhdn: 145, fixedMissingAsnRef: 0 }
[fareharbor-normalize] asn normalized { normalizedAsnToFhdn: 146, fixedMissingAsnRef: 0 }
[fareharbor-normalize] asn normalized { normalizedAsnToFhdn: 147, fixedMissingAsnRef: 0 }
[fareharbor-normalize] asn normalized { normalizedAsnToFhdn: 148, fixedMissingAsnRef: 0 }
[fareharbor-normalize] asn normalized { normalizedAsnToFhdn: 149, fixedMissingAsnRef: 0 }
[fareharbor-normalize] asn normalized { normalizedAsnToFhdn: 150, fixedMissingAsnRef: 0 }
[fareharbor-normalize] asn normalized { normalizedAsnToFhdn: 151, fixedMissingAsnRef: 0 }
[fareharbor-normalize] asn normalized { normalizedAsnToFhdn: 152, fixedMissingAsnRef: 0 }
[fareharbor-normalize] asn normalized { normalizedAsnToFhdn: 153, fixedMissingAsnRef: 0 }
[fareharbor-normalize] asn normalized { normalizedAsnToFhdn: 154, fixedMissingAsnRef: 0 }
[fareharbor-normalize] asn normalized { normalizedAsnToFhdn: 155, fixedMissingAsnRef: 0 }
[fareharbor-normalize] asn normalized { normalizedAsnToFhdn: 156, fixedMissingAsnRef: 0 }
[fareharbor-normalize] asn normalized { normalizedAsnToFhdn: 157, fixedMissingAsnRef: 0 }
[fareharbor-normalize] asn normalized { normalizedAsnToFhdn: 158, fixedMissingAsnRef: 0 }
[fareharbor-normalize] asn normalized { normalizedAsnToFhdn: 159, fixedMissingAsnRef: 0 }
[fareharbor-normalize] asn normalized { normalizedAsnToFhdn: 160, fixedMissingAsnRef: 0 }
[fareharbor-normalize] asn normalized { normalizedAsnToFhdn: 161, fixedMissingAsnRef: 0 }
[fareharbor-normalize] asn normalized { normalizedAsnToFhdn: 162, fixedMissingAsnRef: 0 }
[fareharbor-normalize] asn normalized { normalizedAsnToFhdn: 163, fixedMissingAsnRef: 0 }
[fareharbor-normalize] asn normalized { normalizedAsnToFhdn: 164, fixedMissingAsnRef: 0 }
[fareharbor-normalize] asn normalized { normalizedAsnToFhdn: 165, fixedMissingAsnRef: 0 }
[fareharbor-normalize] asn normalized { normalizedAsnToFhdn: 166, fixedMissingAsnRef: 0 }
[fareharbor-normalize] asn normalized { normalizedAsnToFhdn: 167, fixedMissingAsnRef: 0 }
[fareharbor-normalize] asn normalized { normalizedAsnToFhdn: 168, fixedMissingAsnRef: 0 }
[fareharbor-normalize] asn normalized { normalizedAsnToFhdn: 169, fixedMissingAsnRef: 0 }
[fareharbor-normalize] asn normalized { normalizedAsnToFhdn: 170, fixedMissingAsnRef: 0 }
[fareharbor-normalize] asn normalized { normalizedAsnToFhdn: 171, fixedMissingAsnRef: 0 }
[fareharbor-normalize] asn normalized { normalizedAsnToFhdn: 172, fixedMissingAsnRef: 0 }
[fareharbor-normalize] asn normalized { normalizedAsnToFhdn: 173, fixedMissingAsnRef: 0 }
[fareharbor-normalize] asn normalized { normalizedAsnToFhdn: 174, fixedMissingAsnRef: 0 }
[fareharbor-normalize] asn normalized { normalizedAsnToFhdn: 175, fixedMissingAsnRef: 0 }
[fareharbor-normalize] asn normalized { normalizedAsnToFhdn: 176, fixedMissingAsnRef: 0 }
[fareharbor-normalize] asn normalized { normalizedAsnToFhdn: 177, fixedMissingAsnRef: 0 }
[fareharbor-normalize] asn normalized { normalizedAsnToFhdn: 178, fixedMissingAsnRef: 0 }
[fareharbor-normalize] asn normalized { normalizedAsnToFhdn: 179, fixedMissingAsnRef: 0 }
[fareharbor-normalize] asn normalized { normalizedAsnToFhdn: 180, fixedMissingAsnRef: 0 }
[fareharbor-normalize] asn normalized { normalizedAsnToFhdn: 181, fixedMissingAsnRef: 0 }
[fareharbor-normalize] asn normalized { normalizedAsnToFhdn: 182, fixedMissingAsnRef: 0 }
[fareharbor-normalize] asn normalized { normalizedAsnToFhdn: 183, fixedMissingAsnRef: 0 }
[fareharbor-normalize] asn normalized { normalizedAsnToFhdn: 184, fixedMissingAsnRef: 0 }
[fareharbor-normalize] asn normalized { normalizedAsnToFhdn: 185, fixedMissingAsnRef: 0 }
[fareharbor-normalize] asn normalized { normalizedAsnToFhdn: 186, fixedMissingAsnRef: 0 }
[fareharbor-normalize] asn normalized { normalizedAsnToFhdn: 187, fixedMissingAsnRef: 0 }
[fareharbor-normalize] asn normalized { normalizedAsnToFhdn: 188, fixedMissingAsnRef: 0 }
[fareharbor-normalize] asn normalized { normalizedAsnToFhdn: 189, fixedMissingAsnRef: 0 }
[fareharbor-normalize] asn normalized { normalizedAsnToFhdn: 190, fixedMissingAsnRef: 0 }
[fareharbor-normalize] asn normalized { normalizedAsnToFhdn: 191, fixedMissingAsnRef: 0 }
[fareharbor-normalize] asn normalized { normalizedAsnToFhdn: 192, fixedMissingAsnRef: 0 }
[fareharbor-normalize] asn normalized { normalizedAsnToFhdn: 193, fixedMissingAsnRef: 0 }
[fareharbor-normalize] asn normalized { normalizedAsnToFhdn: 194, fixedMissingAsnRef: 0 }
[fareharbor-normalize] asn normalized { normalizedAsnToFhdn: 195, fixedMissingAsnRef: 0 }
[fareharbor-normalize] asn normalized { normalizedAsnToFhdn: 196, fixedMissingAsnRef: 0 }
[fareharbor-normalize] asn normalized { normalizedAsnToFhdn: 197, fixedMissingAsnRef: 0 }
[fareharbor-normalize] asn normalized { normalizedAsnToFhdn: 198, fixedMissingAsnRef: 0 }
[fareharbor-normalize] asn normalized { normalizedAsnToFhdn: 199, fixedMissingAsnRef: 0 }
[fareharbor-normalize] asn normalized { normalizedAsnToFhdn: 200, fixedMissingAsnRef: 0 }
[fareharbor-normalize] asn normalized { normalizedAsnToFhdn: 201, fixedMissingAsnRef: 0 }
[fareharbor-normalize] asn normalized { normalizedAsnToFhdn: 202, fixedMissingAsnRef: 0 }
[fareharbor-normalize] asn normalized { normalizedAsnToFhdn: 203, fixedMissingAsnRef: 0 }
[fareharbor-normalize] asn normalized { normalizedAsnToFhdn: 204, fixedMissingAsnRef: 0 }
[fareharbor-normalize] asn normalized { normalizedAsnToFhdn: 205, fixedMissingAsnRef: 0 }
[fareharbor-normalize] asn normalized { normalizedAsnToFhdn: 206, fixedMissingAsnRef: 0 }
[fareharbor-normalize] asn normalized { normalizedAsnToFhdn: 207, fixedMissingAsnRef: 0 }
[fareharbor-normalize] asn normalized { normalizedAsnToFhdn: 208, fixedMissingAsnRef: 0 }
[fareharbor-normalize] asn normalized { normalizedAsnToFhdn: 209, fixedMissingAsnRef: 0 }
[fareharbor-normalize] asn normalized { normalizedAsnToFhdn: 210, fixedMissingAsnRef: 0 }
[fareharbor-normalize] asn normalized { normalizedAsnToFhdn: 211, fixedMissingAsnRef: 0 }
[fareharbor-normalize] asn normalized { normalizedAsnToFhdn: 212, fixedMissingAsnRef: 0 }
[fareharbor-normalize] asn normalized { normalizedAsnToFhdn: 213, fixedMissingAsnRef: 0 }
[fareharbor-normalize] asn normalized { normalizedAsnToFhdn: 214, fixedMissingAsnRef: 0 }
[fareharbor-normalize] asn normalized { normalizedAsnToFhdn: 215, fixedMissingAsnRef: 0 }
[fareharbor-normalize] asn normalized { normalizedAsnToFhdn: 216, fixedMissingAsnRef: 0 }
[fareharbor-normalize] asn normalized { normalizedAsnToFhdn: 217, fixedMissingAsnRef: 0 }
[fareharbor-normalize] asn normalized { normalizedAsnToFhdn: 218, fixedMissingAsnRef: 0 }
[fareharbor-normalize] asn normalized { normalizedAsnToFhdn: 219, fixedMissingAsnRef: 0 }
[fareharbor-normalize] asn normalized { normalizedAsnToFhdn: 220, fixedMissingAsnRef: 0 }
[fareharbor-normalize] asn normalized { normalizedAsnToFhdn: 221, fixedMissingAsnRef: 0 }
[fareharbor-normalize] asn normalized { normalizedAsnToFhdn: 222, fixedMissingAsnRef: 0 }
[fareharbor-normalize] asn normalized { normalizedAsnToFhdn: 223, fixedMissingAsnRef: 0 }
[fareharbor-normalize] asn normalized { normalizedAsnToFhdn: 224, fixedMissingAsnRef: 0 }
[fareharbor-normalize] asn normalized { normalizedAsnToFhdn: 225, fixedMissingAsnRef: 0 }
[fareharbor-normalize] asn normalized { normalizedAsnToFhdn: 226, fixedMissingAsnRef: 0 }
[fareharbor-normalize] asn normalized { normalizedAsnToFhdn: 227, fixedMissingAsnRef: 0 }
[fareharbor-normalize] asn normalized { normalizedAsnToFhdn: 228, fixedMissingAsnRef: 0 }
[fareharbor-normalize] asn normalized { normalizedAsnToFhdn: 229, fixedMissingAsnRef: 0 }
[fareharbor-normalize] asn normalized { normalizedAsnToFhdn: 230, fixedMissingAsnRef: 0 }
[fareharbor-normalize] asn normalized { normalizedAsnToFhdn: 231, fixedMissingAsnRef: 0 }
[fareharbor-normalize] asn normalized { normalizedAsnToFhdn: 232, fixedMissingAsnRef: 0 }
[fareharbor-normalize] asn normalized { normalizedAsnToFhdn: 233, fixedMissingAsnRef: 0 }
[fareharbor-normalize] asn normalized { normalizedAsnToFhdn: 234, fixedMissingAsnRef: 0 }
[fareharbor-normalize] asn normalized { normalizedAsnToFhdn: 235, fixedMissingAsnRef: 0 }
[fareharbor-normalize] asn normalized { normalizedAsnToFhdn: 236, fixedMissingAsnRef: 0 }
[fareharbor-normalize] asn normalized { normalizedAsnToFhdn: 237, fixedMissingAsnRef: 0 }
[fareharbor-normalize] asn normalized { normalizedAsnToFhdn: 238, fixedMissingAsnRef: 0 }
[fareharbor-normalize] asn normalized { normalizedAsnToFhdn: 239, fixedMissingAsnRef: 0 }
[fareharbor-normalize] asn normalized { normalizedAsnToFhdn: 240, fixedMissingAsnRef: 0 }
[fareharbor-normalize] asn normalized { normalizedAsnToFhdn: 241, fixedMissingAsnRef: 0 }
[fareharbor-normalize] asn normalized { normalizedAsnToFhdn: 242, fixedMissingAsnRef: 0 }
[fareharbor-normalize] asn normalized { normalizedAsnToFhdn: 243, fixedMissingAsnRef: 0 }
[fareharbor-normalize] asn normalized { normalizedAsnToFhdn: 244, fixedMissingAsnRef: 0 }
[fareharbor-normalize] asn normalized { normalizedAsnToFhdn: 245, fixedMissingAsnRef: 0 }
[fareharbor-normalize] asn normalized { normalizedAsnToFhdn: 246, fixedMissingAsnRef: 0 }
[fareharbor-normalize] asn normalized { normalizedAsnToFhdn: 247, fixedMissingAsnRef: 0 }
[fareharbor-normalize] asn normalized { normalizedAsnToFhdn: 248, fixedMissingAsnRef: 0 }
[fareharbor-normalize] asn normalized { normalizedAsnToFhdn: 249, fixedMissingAsnRef: 0 }
[fareharbor-normalize] asn normalized { normalizedAsnToFhdn: 250, fixedMissingAsnRef: 0 }
[fareharbor-normalize] asn normalized { normalizedAsnToFhdn: 251, fixedMissingAsnRef: 0 }
[fareharbor-normalize] asn normalized { normalizedAsnToFhdn: 252, fixedMissingAsnRef: 0 }
[fareharbor-normalize] asn normalized { normalizedAsnToFhdn: 253, fixedMissingAsnRef: 0 }
[fareharbor-normalize] asn normalized { normalizedAsnToFhdn: 254, fixedMissingAsnRef: 0 }
[fareharbor-normalize] asn normalized { normalizedAsnToFhdn: 255, fixedMissingAsnRef: 0 }
[fareharbor-normalize] asn normalized { normalizedAsnToFhdn: 256, fixedMissingAsnRef: 0 }
[fareharbor-normalize] asn normalized { normalizedAsnToFhdn: 257, fixedMissingAsnRef: 0 }
[fareharbor-normalize] asn normalized { normalizedAsnToFhdn: 258, fixedMissingAsnRef: 0 }
[fareharbor-normalize] asn normalized { normalizedAsnToFhdn: 259, fixedMissingAsnRef: 0 }
[fareharbor-normalize] asn normalized { normalizedAsnToFhdn: 260, fixedMissingAsnRef: 0 }
[fareharbor-normalize] asn normalized { normalizedAsnToFhdn: 261, fixedMissingAsnRef: 0 }
[fareharbor-normalize] asn normalized { normalizedAsnToFhdn: 262, fixedMissingAsnRef: 0 }
[fareharbor-normalize] asn normalized { normalizedAsnToFhdn: 263, fixedMissingAsnRef: 0 }
[fareharbor-normalize] asn normalized { normalizedAsnToFhdn: 264, fixedMissingAsnRef: 0 }
[fareharbor-normalize] asn normalized { normalizedAsnToFhdn: 265, fixedMissingAsnRef: 0 }
[fareharbor-normalize] asn normalized { normalizedAsnToFhdn: 266, fixedMissingAsnRef: 0 }
[fareharbor-normalize] asn normalized { normalizedAsnToFhdn: 267, fixedMissingAsnRef: 0 }
[fareharbor-normalize] asn normalized { normalizedAsnToFhdn: 268, fixedMissingAsnRef: 0 }
[fareharbor-normalize] asn normalized { normalizedAsnToFhdn: 269, fixedMissingAsnRef: 0 }
[fareharbor-normalize] asn normalized { normalizedAsnToFhdn: 270, fixedMissingAsnRef: 0 }
[fareharbor-normalize] asn normalized { normalizedAsnToFhdn: 271, fixedMissingAsnRef: 0 }
[fareharbor-normalize] asn normalized { normalizedAsnToFhdn: 272, fixedMissingAsnRef: 0 }
[fareharbor-normalize] asn normalized { normalizedAsnToFhdn: 273, fixedMissingAsnRef: 0 }
[fareharbor-normalize] asn normalized { normalizedAsnToFhdn: 274, fixedMissingAsnRef: 0 }
[fareharbor-normalize] asn normalized { normalizedAsnToFhdn: 275, fixedMissingAsnRef: 0 }
[fareharbor-normalize] asn normalized { normalizedAsnToFhdn: 276, fixedMissingAsnRef: 0 }
[fareharbor-normalize] asn normalized { normalizedAsnToFhdn: 277, fixedMissingAsnRef: 0 }
[fareharbor-normalize] asn normalized { normalizedAsnToFhdn: 278, fixedMissingAsnRef: 0 }
[fareharbor-normalize] asn normalized { normalizedAsnToFhdn: 279, fixedMissingAsnRef: 0 }
[fareharbor-normalize] asn normalized { normalizedAsnToFhdn: 280, fixedMissingAsnRef: 0 }
[fareharbor-normalize] asn normalized { normalizedAsnToFhdn: 281, fixedMissingAsnRef: 0 }
[fareharbor-normalize] asn normalized { normalizedAsnToFhdn: 282, fixedMissingAsnRef: 0 }
[fareharbor-normalize] asn normalized { normalizedAsnToFhdn: 283, fixedMissingAsnRef: 0 }
[fareharbor-normalize] asn normalized { normalizedAsnToFhdn: 284, fixedMissingAsnRef: 0 }
[fareharbor-normalize] asn normalized { normalizedAsnToFhdn: 285, fixedMissingAsnRef: 0 }
[fareharbor-normalize] asn normalized { normalizedAsnToFhdn: 286, fixedMissingAsnRef: 0 }
[fareharbor-normalize] asn normalized { normalizedAsnToFhdn: 287, fixedMissingAsnRef: 0 }
[fareharbor-normalize] asn normalized { normalizedAsnToFhdn: 288, fixedMissingAsnRef: 0 }
[fareharbor-normalize] asn normalized { normalizedAsnToFhdn: 289, fixedMissingAsnRef: 0 }
[fareharbor-normalize] asn normalized { normalizedAsnToFhdn: 290, fixedMissingAsnRef: 0 }
[fareharbor-normalize] asn normalized { normalizedAsnToFhdn: 291, fixedMissingAsnRef: 0 }
[fareharbor-normalize] asn normalized { normalizedAsnToFhdn: 292, fixedMissingAsnRef: 0 }
[fareharbor-normalize] asn normalized { normalizedAsnToFhdn: 293, fixedMissingAsnRef: 0 }
[fareharbor-normalize] asn normalized { normalizedAsnToFhdn: 294, fixedMissingAsnRef: 0 }
[fareharbor-normalize] asn normalized { normalizedAsnToFhdn: 295, fixedMissingAsnRef: 0 }
[fareharbor-normalize] asn normalized { normalizedAsnToFhdn: 296, fixedMissingAsnRef: 0 }
[fareharbor-normalize] asn normalized { normalizedAsnToFhdn: 297, fixedMissingAsnRef: 0 }
[fareharbor-normalize] asn normalized { normalizedAsnToFhdn: 298, fixedMissingAsnRef: 0 }
[fareharbor-normalize] asn normalized { normalizedAsnToFhdn: 299, fixedMissingAsnRef: 0 }
[fareharbor-normalize] asn normalized { normalizedAsnToFhdn: 300, fixedMissingAsnRef: 0 }
[fareharbor-normalize] asn normalized { normalizedAsnToFhdn: 301, fixedMissingAsnRef: 0 }
[fareharbor-normalize] asn normalized { normalizedAsnToFhdn: 302, fixedMissingAsnRef: 0 }
[fareharbor-normalize] asn normalized { normalizedAsnToFhdn: 303, fixedMissingAsnRef: 0 }
[fareharbor-normalize] asn normalized { normalizedAsnToFhdn: 304, fixedMissingAsnRef: 0 }
[fareharbor-normalize] asn normalized { normalizedAsnToFhdn: 305, fixedMissingAsnRef: 0 }
[fareharbor-normalize] asn normalized { normalizedAsnToFhdn: 306, fixedMissingAsnRef: 0 }
[fareharbor-normalize] asn normalized { normalizedAsnToFhdn: 307, fixedMissingAsnRef: 0 }
[fareharbor-normalize] asn normalized { normalizedAsnToFhdn: 308, fixedMissingAsnRef: 0 }
[fareharbor-normalize] asn normalized { normalizedAsnToFhdn: 309, fixedMissingAsnRef: 0 }
[fareharbor-normalize] asn normalized { normalizedAsnToFhdn: 310, fixedMissingAsnRef: 0 }
[fareharbor-normalize] asn normalized { normalizedAsnToFhdn: 311, fixedMissingAsnRef: 0 }
[fareharbor-normalize] asn normalized { normalizedAsnToFhdn: 312, fixedMissingAsnRef: 0 }
[fareharbor-normalize] asn normalized { normalizedAsnToFhdn: 313, fixedMissingAsnRef: 0 }
[fareharbor-normalize] asn normalized { normalizedAsnToFhdn: 314, fixedMissingAsnRef: 0 }
[fareharbor-normalize] asn normalized { normalizedAsnToFhdn: 315, fixedMissingAsnRef: 0 }
[fareharbor-normalize] asn normalized { normalizedAsnToFhdn: 316, fixedMissingAsnRef: 0 }
[fareharbor-normalize] asn normalized { normalizedAsnToFhdn: 317, fixedMissingAsnRef: 0 }
[fareharbor-normalize] asn normalized { normalizedAsnToFhdn: 318, fixedMissingAsnRef: 0 }
[fareharbor-normalize] asn normalized { normalizedAsnToFhdn: 319, fixedMissingAsnRef: 0 }
[fareharbor-normalize] asn normalized { normalizedAsnToFhdn: 320, fixedMissingAsnRef: 0 }
[fareharbor-normalize] asn normalized { normalizedAsnToFhdn: 321, fixedMissingAsnRef: 0 }
[fareharbor-normalize] asn normalized { normalizedAsnToFhdn: 322, fixedMissingAsnRef: 0 }
[fareharbor-normalize] asn normalized { normalizedAsnToFhdn: 323, fixedMissingAsnRef: 0 }
[fareharbor-normalize] asn normalized { normalizedAsnToFhdn: 324, fixedMissingAsnRef: 0 }
[fareharbor-normalize] asn normalized { normalizedAsnToFhdn: 325, fixedMissingAsnRef: 0 }
[fareharbor-normalize] asn normalized { normalizedAsnToFhdn: 326, fixedMissingAsnRef: 0 }
[fareharbor-normalize] asn normalized { normalizedAsnToFhdn: 327, fixedMissingAsnRef: 0 }
[fareharbor-normalize] asn normalized { normalizedAsnToFhdn: 328, fixedMissingAsnRef: 0 }
[fareharbor-normalize] asn normalized { normalizedAsnToFhdn: 329, fixedMissingAsnRef: 0 }
[fareharbor-normalize] asn normalized { normalizedAsnToFhdn: 330, fixedMissingAsnRef: 0 }
[fareharbor-normalize] asn normalized { normalizedAsnToFhdn: 331, fixedMissingAsnRef: 0 }
[fareharbor-normalize] asn normalized { normalizedAsnToFhdn: 332, fixedMissingAsnRef: 0 }
[fareharbor-normalize] asn normalized { normalizedAsnToFhdn: 333, fixedMissingAsnRef: 0 }
[fareharbor-normalize] asn normalized { normalizedAsnToFhdn: 334, fixedMissingAsnRef: 0 }
[fareharbor-normalize] asn normalized { normalizedAsnToFhdn: 335, fixedMissingAsnRef: 0 }
[fareharbor-normalize] asn normalized { normalizedAsnToFhdn: 336, fixedMissingAsnRef: 0 }
[fareharbor-normalize] asn normalized { normalizedAsnToFhdn: 337, fixedMissingAsnRef: 0 }
[fareharbor-normalize] asn normalized { normalizedAsnToFhdn: 338, fixedMissingAsnRef: 0 }
[fareharbor-normalize] asn normalized { normalizedAsnToFhdn: 339, fixedMissingAsnRef: 0 }
[fareharbor-normalize] asn normalized { normalizedAsnToFhdn: 340, fixedMissingAsnRef: 0 }
[fareharbor-normalize] asn normalized { normalizedAsnToFhdn: 341, fixedMissingAsnRef: 0 }
[fareharbor-normalize] asn normalized { normalizedAsnToFhdn: 342, fixedMissingAsnRef: 0 }
[fareharbor-normalize] asn normalized { normalizedAsnToFhdn: 343, fixedMissingAsnRef: 0 }
[fareharbor-normalize] asn normalized { normalizedAsnToFhdn: 344, fixedMissingAsnRef: 0 }
[fareharbor-normalize] asn normalized { normalizedAsnToFhdn: 345, fixedMissingAsnRef: 0 }
[fareharbor-normalize] asn normalized { normalizedAsnToFhdn: 346, fixedMissingAsnRef: 0 }
[fareharbor-normalize] asn normalized { normalizedAsnToFhdn: 347, fixedMissingAsnRef: 0 }
[fareharbor-normalize] asn normalized { normalizedAsnToFhdn: 348, fixedMissingAsnRef: 0 }
[fareharbor-normalize] asn normalized { normalizedAsnToFhdn: 349, fixedMissingAsnRef: 0 }
[fareharbor-normalize] asn normalized { normalizedAsnToFhdn: 350, fixedMissingAsnRef: 0 }
[fareharbor-normalize] asn normalized { normalizedAsnToFhdn: 351, fixedMissingAsnRef: 0 }
[fareharbor-normalize] asn normalized { normalizedAsnToFhdn: 352, fixedMissingAsnRef: 0 }
[fareharbor-normalize] asn normalized { normalizedAsnToFhdn: 353, fixedMissingAsnRef: 0 }
[fareharbor-normalize] asn normalized { normalizedAsnToFhdn: 354, fixedMissingAsnRef: 0 }
[fareharbor-normalize] asn normalized { normalizedAsnToFhdn: 355, fixedMissingAsnRef: 0 }
[fareharbor-normalize] asn normalized { normalizedAsnToFhdn: 356, fixedMissingAsnRef: 0 }
[fareharbor-normalize] asn normalized { normalizedAsnToFhdn: 357, fixedMissingAsnRef: 0 }
[fareharbor-normalize] asn normalized { normalizedAsnToFhdn: 358, fixedMissingAsnRef: 0 }
[fareharbor-normalize] asn normalized { normalizedAsnToFhdn: 359, fixedMissingAsnRef: 0 }
[fareharbor-normalize] asn normalized { normalizedAsnToFhdn: 360, fixedMissingAsnRef: 0 }
[fareharbor-normalize] asn normalized { normalizedAsnToFhdn: 361, fixedMissingAsnRef: 0 }
[fareharbor-normalize] asn normalized { normalizedAsnToFhdn: 362, fixedMissingAsnRef: 0 }
[fareharbor-normalize] asn normalized { normalizedAsnToFhdn: 363, fixedMissingAsnRef: 0 }
[fareharbor-normalize] asn normalized { normalizedAsnToFhdn: 364, fixedMissingAsnRef: 0 }
[fareharbor-normalize] asn normalized { normalizedAsnToFhdn: 365, fixedMissingAsnRef: 0 }
[fareharbor-normalize] asn normalized { normalizedAsnToFhdn: 366, fixedMissingAsnRef: 0 }
[fareharbor-normalize] asn normalized { normalizedAsnToFhdn: 367, fixedMissingAsnRef: 0 }
[fareharbor-normalize] asn normalized { normalizedAsnToFhdn: 368, fixedMissingAsnRef: 0 }
[fareharbor-normalize] asn normalized { normalizedAsnToFhdn: 369, fixedMissingAsnRef: 0 }
[fareharbor-normalize] asn normalized { normalizedAsnToFhdn: 370, fixedMissingAsnRef: 0 }
[fareharbor-normalize] asn normalized { normalizedAsnToFhdn: 371, fixedMissingAsnRef: 0 }
[fareharbor-normalize] asn normalized { normalizedAsnToFhdn: 372, fixedMissingAsnRef: 0 }
[fareharbor-normalize] asn normalized { normalizedAsnToFhdn: 373, fixedMissingAsnRef: 0 }
[fareharbor-normalize] asn normalized { normalizedAsnToFhdn: 374, fixedMissingAsnRef: 0 }
[fareharbor-normalize] asn normalized { normalizedAsnToFhdn: 375, fixedMissingAsnRef: 0 }
[fareharbor-normalize] asn normalized { normalizedAsnToFhdn: 376, fixedMissingAsnRef: 0 }
[fareharbor-normalize] asn normalized { normalizedAsnToFhdn: 377, fixedMissingAsnRef: 0 }
[fareharbor-normalize] asn normalized { normalizedAsnToFhdn: 378, fixedMissingAsnRef: 0 }
[fareharbor-normalize] asn normalized { normalizedAsnToFhdn: 379, fixedMissingAsnRef: 0 }
[fareharbor-normalize] asn normalized { normalizedAsnToFhdn: 380, fixedMissingAsnRef: 0 }
[fareharbor-normalize] asn normalized { normalizedAsnToFhdn: 381, fixedMissingAsnRef: 0 }
[fareharbor-normalize] asn normalized { normalizedAsnToFhdn: 382, fixedMissingAsnRef: 0 }
[fareharbor-normalize] asn normalized { normalizedAsnToFhdn: 383, fixedMissingAsnRef: 0 }
[fareharbor-normalize] asn normalized { normalizedAsnToFhdn: 384, fixedMissingAsnRef: 0 }
[fareharbor-normalize] asn normalized { normalizedAsnToFhdn: 385, fixedMissingAsnRef: 0 }
[fareharbor-normalize] asn normalized { normalizedAsnToFhdn: 386, fixedMissingAsnRef: 0 }
[fareharbor-normalize] asn normalized { normalizedAsnToFhdn: 387, fixedMissingAsnRef: 0 }
[fareharbor-normalize] asn normalized { normalizedAsnToFhdn: 388, fixedMissingAsnRef: 0 }
[fareharbor-normalize] asn normalized { normalizedAsnToFhdn: 389, fixedMissingAsnRef: 0 }
[fareharbor-normalize] asn normalized { normalizedAsnToFhdn: 390, fixedMissingAsnRef: 0 }
[fareharbor-normalize] asn normalized { normalizedAsnToFhdn: 391, fixedMissingAsnRef: 0 }
[fareharbor-normalize] asn normalized { normalizedAsnToFhdn: 392, fixedMissingAsnRef: 0 }
[fareharbor-normalize] asn normalized { normalizedAsnToFhdn: 393, fixedMissingAsnRef: 0 }
[fareharbor-normalize] asn normalized { normalizedAsnToFhdn: 394, fixedMissingAsnRef: 0 }
[fareharbor-normalize] asn normalized { normalizedAsnToFhdn: 395, fixedMissingAsnRef: 0 }
[fareharbor-normalize] asn normalized { normalizedAsnToFhdn: 396, fixedMissingAsnRef: 0 }
[fareharbor-normalize] asn normalized { normalizedAsnToFhdn: 397, fixedMissingAsnRef: 0 }
[fareharbor-normalize] asn normalized { normalizedAsnToFhdn: 398, fixedMissingAsnRef: 0 }
[fareharbor-normalize] asn normalized { normalizedAsnToFhdn: 399, fixedMissingAsnRef: 0 }
[fareharbor-normalize] asn normalized { normalizedAsnToFhdn: 400, fixedMissingAsnRef: 0 }
[fareharbor-normalize] asn normalized { normalizedAsnToFhdn: 401, fixedMissingAsnRef: 0 }
[fareharbor-normalize] asn normalized { normalizedAsnToFhdn: 402, fixedMissingAsnRef: 0 }
[fareharbor-normalize] asn normalized { normalizedAsnToFhdn: 403, fixedMissingAsnRef: 0 }
[fareharbor-normalize] asn normalized { normalizedAsnToFhdn: 404, fixedMissingAsnRef: 0 }
[fareharbor-normalize] asn normalized { normalizedAsnToFhdn: 405, fixedMissingAsnRef: 0 }
[fareharbor-normalize] asn normalized { normalizedAsnToFhdn: 406, fixedMissingAsnRef: 0 }
[fareharbor-normalize] asn normalized { normalizedAsnToFhdn: 407, fixedMissingAsnRef: 0 }
[fareharbor-normalize] asn normalized { normalizedAsnToFhdn: 408, fixedMissingAsnRef: 0 }
[fareharbor-normalize] asn normalized { normalizedAsnToFhdn: 409, fixedMissingAsnRef: 0 }
[fareharbor-normalize] asn normalized { normalizedAsnToFhdn: 410, fixedMissingAsnRef: 0 }
[fareharbor-normalize] asn normalized { normalizedAsnToFhdn: 411, fixedMissingAsnRef: 0 }
[fareharbor-normalize] asn normalized { normalizedAsnToFhdn: 412, fixedMissingAsnRef: 0 }
[fareharbor-normalize] asn normalized { normalizedAsnToFhdn: 413, fixedMissingAsnRef: 0 }
[fareharbor-normalize] asn normalized { normalizedAsnToFhdn: 414, fixedMissingAsnRef: 0 }
[fareharbor-normalize] asn normalized { normalizedAsnToFhdn: 415, fixedMissingAsnRef: 0 }
[fareharbor-normalize] asn normalized { normalizedAsnToFhdn: 416, fixedMissingAsnRef: 0 }
[fareharbor-normalize] asn normalized { normalizedAsnToFhdn: 417, fixedMissingAsnRef: 0 }
[fareharbor-normalize] asn normalized { normalizedAsnToFhdn: 418, fixedMissingAsnRef: 0 }
[fareharbor-normalize] asn normalized { normalizedAsnToFhdn: 419, fixedMissingAsnRef: 0 }
[fareharbor-normalize] asn normalized { normalizedAsnToFhdn: 420, fixedMissingAsnRef: 0 }
[fareharbor-normalize] asn normalized { normalizedAsnToFhdn: 421, fixedMissingAsnRef: 0 }
[fareharbor-normalize] asn normalized { normalizedAsnToFhdn: 422, fixedMissingAsnRef: 0 }
[fareharbor-normalize] asn normalized { normalizedAsnToFhdn: 423, fixedMissingAsnRef: 0 }
[fareharbor-normalize] asn normalized { normalizedAsnToFhdn: 424, fixedMissingAsnRef: 0 }
[fareharbor-normalize] asn normalized { normalizedAsnToFhdn: 425, fixedMissingAsnRef: 0 }
[fareharbor-normalize] asn normalized { normalizedAsnToFhdn: 426, fixedMissingAsnRef: 0 }
[fareharbor-normalize] asn normalized { normalizedAsnToFhdn: 427, fixedMissingAsnRef: 0 }
[fareharbor-normalize] asn normalized { normalizedAsnToFhdn: 428, fixedMissingAsnRef: 0 }
[fareharbor-normalize] asn normalized { normalizedAsnToFhdn: 429, fixedMissingAsnRef: 0 }
[fareharbor-normalize] asn normalized { normalizedAsnToFhdn: 430, fixedMissingAsnRef: 0 }
[fareharbor-normalize] asn normalized { normalizedAsnToFhdn: 431, fixedMissingAsnRef: 0 }
[fareharbor-normalize] asn normalized { normalizedAsnToFhdn: 432, fixedMissingAsnRef: 0 }
[fareharbor-normalize] asn normalized { normalizedAsnToFhdn: 433, fixedMissingAsnRef: 0 }
[fareharbor-normalize] asn normalized { normalizedAsnToFhdn: 434, fixedMissingAsnRef: 0 }
[fareharbor-normalize] asn normalized { normalizedAsnToFhdn: 435, fixedMissingAsnRef: 0 }
[fareharbor-normalize] asn normalized { normalizedAsnToFhdn: 436, fixedMissingAsnRef: 0 }
[fareharbor-normalize] asn normalized { normalizedAsnToFhdn: 437, fixedMissingAsnRef: 0 }
[fareharbor-normalize] asn normalized { normalizedAsnToFhdn: 438, fixedMissingAsnRef: 0 }
[fareharbor-normalize] asn normalized { normalizedAsnToFhdn: 439, fixedMissingAsnRef: 0 }
[fareharbor-normalize] asn normalized { normalizedAsnToFhdn: 440, fixedMissingAsnRef: 0 }
[fareharbor-normalize] asn normalized { normalizedAsnToFhdn: 441, fixedMissingAsnRef: 0 }
[fareharbor-normalize] asn normalized { normalizedAsnToFhdn: 442, fixedMissingAsnRef: 0 }
[fareharbor-normalize] asn normalized { normalizedAsnToFhdn: 443, fixedMissingAsnRef: 0 }
[fareharbor-normalize] asn normalized { normalizedAsnToFhdn: 444, fixedMissingAsnRef: 0 }
[fareharbor-normalize] asn normalized { normalizedAsnToFhdn: 445, fixedMissingAsnRef: 0 }
[fareharbor-normalize] asn normalized { normalizedAsnToFhdn: 446, fixedMissingAsnRef: 0 }
[fareharbor-normalize] asn normalized { normalizedAsnToFhdn: 447, fixedMissingAsnRef: 0 }
[fareharbor-normalize] asn normalized { normalizedAsnToFhdn: 448, fixedMissingAsnRef: 0 }
[fareharbor-normalize] asn normalized { normalizedAsnToFhdn: 449, fixedMissingAsnRef: 0 }
[fareharbor-normalize] asn normalized { normalizedAsnToFhdn: 450, fixedMissingAsnRef: 0 }
[fareharbor-normalize] asn normalized { normalizedAsnToFhdn: 451, fixedMissingAsnRef: 0 }
[fareharbor-normalize] asn normalized { normalizedAsnToFhdn: 452, fixedMissingAsnRef: 0 }
[fareharbor-normalize] asn normalized { normalizedAsnToFhdn: 453, fixedMissingAsnRef: 0 }
[fareharbor-normalize] asn normalized { normalizedAsnToFhdn: 454, fixedMissingAsnRef: 0 }
[fareharbor-normalize] asn normalized { normalizedAsnToFhdn: 455, fixedMissingAsnRef: 0 }
[fareharbor-normalize] asn normalized { normalizedAsnToFhdn: 456, fixedMissingAsnRef: 0 }
[fareharbor-normalize] asn normalized { normalizedAsnToFhdn: 457, fixedMissingAsnRef: 0 }
[fareharbor-normalize] asn normalized { normalizedAsnToFhdn: 458, fixedMissingAsnRef: 0 }
[fareharbor-normalize] asn normalized { normalizedAsnToFhdn: 459, fixedMissingAsnRef: 0 }
[fareharbor-normalize] asn normalized { normalizedAsnToFhdn: 460, fixedMissingAsnRef: 0 }
[fareharbor-normalize] asn normalized { normalizedAsnToFhdn: 461, fixedMissingAsnRef: 0 }
[fareharbor-normalize] asn normalized { normalizedAsnToFhdn: 462, fixedMissingAsnRef: 0 }
[fareharbor-normalize] asn normalized { normalizedAsnToFhdn: 463, fixedMissingAsnRef: 0 }
[fareharbor-normalize] asn normalized { normalizedAsnToFhdn: 464, fixedMissingAsnRef: 0 }
[fareharbor-normalize] asn normalized { normalizedAsnToFhdn: 465, fixedMissingAsnRef: 0 }
[fareharbor-normalize] asn normalized { normalizedAsnToFhdn: 466, fixedMissingAsnRef: 0 }
[fareharbor-normalize] asn normalized { normalizedAsnToFhdn: 467, fixedMissingAsnRef: 0 }
[fareharbor-normalize] asn normalized { normalizedAsnToFhdn: 468, fixedMissingAsnRef: 0 }
[fareharbor-normalize] asn normalized { normalizedAsnToFhdn: 469, fixedMissingAsnRef: 0 }
[fareharbor-normalize] asn normalized { normalizedAsnToFhdn: 470, fixedMissingAsnRef: 0 }
[fareharbor-normalize] asn normalized { normalizedAsnToFhdn: 471, fixedMissingAsnRef: 0 }
[fareharbor-normalize] asn normalized { normalizedAsnToFhdn: 472, fixedMissingAsnRef: 0 }
[fareharbor-normalize] asn normalized { normalizedAsnToFhdn: 473, fixedMissingAsnRef: 0 }
[fareharbor-normalize] asn normalized { normalizedAsnToFhdn: 474, fixedMissingAsnRef: 0 }
[fareharbor-normalize] asn normalized { normalizedAsnToFhdn: 475, fixedMissingAsnRef: 0 }
[fareharbor-normalize] asn normalized { normalizedAsnToFhdn: 476, fixedMissingAsnRef: 0 }
[fareharbor-normalize] asn normalized { normalizedAsnToFhdn: 477, fixedMissingAsnRef: 0 }
[fareharbor-normalize] asn normalized { normalizedAsnToFhdn: 478, fixedMissingAsnRef: 0 }
[fareharbor-normalize] asn normalized { normalizedAsnToFhdn: 479, fixedMissingAsnRef: 0 }
[fareharbor-normalize] asn normalized { normalizedAsnToFhdn: 480, fixedMissingAsnRef: 0 }
[fareharbor-normalize] asn normalized { normalizedAsnToFhdn: 481, fixedMissingAsnRef: 0 }
[fareharbor-normalize] asn normalized { normalizedAsnToFhdn: 482, fixedMissingAsnRef: 0 }
[fareharbor-normalize] asn normalized { normalizedAsnToFhdn: 483, fixedMissingAsnRef: 0 }
[fareharbor-normalize] asn normalized { normalizedAsnToFhdn: 484, fixedMissingAsnRef: 0 }
[fareharbor-normalize] asn normalized { normalizedAsnToFhdn: 485, fixedMissingAsnRef: 0 }
[fareharbor-normalize] asn normalized { normalizedAsnToFhdn: 486, fixedMissingAsnRef: 0 }
[fareharbor-normalize] asn normalized { normalizedAsnToFhdn: 487, fixedMissingAsnRef: 0 }
[fareharbor-normalize] asn normalized { normalizedAsnToFhdn: 488, fixedMissingAsnRef: 0 }
[fareharbor-normalize] asn normalized { normalizedAsnToFhdn: 489, fixedMissingAsnRef: 0 }
[fareharbor-normalize] asn normalized { normalizedAsnToFhdn: 490, fixedMissingAsnRef: 0 }
[fareharbor-normalize] asn normalized { normalizedAsnToFhdn: 491, fixedMissingAsnRef: 0 }
[fareharbor-normalize] asn normalized { normalizedAsnToFhdn: 492, fixedMissingAsnRef: 0 }
[fareharbor-normalize] asn normalized { normalizedAsnToFhdn: 493, fixedMissingAsnRef: 0 }
[fareharbor-normalize] asn normalized { normalizedAsnToFhdn: 494, fixedMissingAsnRef: 0 }
[fareharbor-normalize] asn normalized { normalizedAsnToFhdn: 495, fixedMissingAsnRef: 0 }
[fareharbor-normalize] asn normalized { normalizedAsnToFhdn: 496, fixedMissingAsnRef: 0 }
[fareharbor-normalize] asn normalized { normalizedAsnToFhdn: 497, fixedMissingAsnRef: 0 }
[fareharbor-normalize] asn normalized { normalizedAsnToFhdn: 498, fixedMissingAsnRef: 0 }
[fareharbor-normalize] asn normalized { normalizedAsnToFhdn: 499, fixedMissingAsnRef: 0 }
[fareharbor-normalize] asn normalized { normalizedAsnToFhdn: 500, fixedMissingAsnRef: 0 }
[fareharbor-normalize] asn normalized { normalizedAsnToFhdn: 501, fixedMissingAsnRef: 0 }
[fareharbor-normalize] asn normalized { normalizedAsnToFhdn: 502, fixedMissingAsnRef: 0 }
[fareharbor-normalize] asn normalized { normalizedAsnToFhdn: 503, fixedMissingAsnRef: 0 }
[fareharbor-normalize] asn normalized { normalizedAsnToFhdn: 504, fixedMissingAsnRef: 0 }
[fareharbor-normalize] asn normalized { normalizedAsnToFhdn: 505, fixedMissingAsnRef: 0 }
[fareharbor-normalize] asn normalized { normalizedAsnToFhdn: 506, fixedMissingAsnRef: 0 }
[fareharbor-normalize] asn normalized { normalizedAsnToFhdn: 507, fixedMissingAsnRef: 0 }
[fareharbor-normalize] asn normalized { normalizedAsnToFhdn: 508, fixedMissingAsnRef: 0 }
[fareharbor-normalize] asn normalized { normalizedAsnToFhdn: 509, fixedMissingAsnRef: 0 }
[fareharbor-normalize] asn normalized { normalizedAsnToFhdn: 510, fixedMissingAsnRef: 0 }
[fareharbor-normalize] asn normalized { normalizedAsnToFhdn: 511, fixedMissingAsnRef: 0 }
[fareharbor-normalize] asn normalized { normalizedAsnToFhdn: 512, fixedMissingAsnRef: 0 }
[fareharbor-normalize] asn normalized { normalizedAsnToFhdn: 513, fixedMissingAsnRef: 0 }
[fareharbor-normalize] asn normalized { normalizedAsnToFhdn: 514, fixedMissingAsnRef: 0 }
[fareharbor-normalize] asn normalized { normalizedAsnToFhdn: 515, fixedMissingAsnRef: 0 }
[fareharbor-normalize] asn normalized { normalizedAsnToFhdn: 516, fixedMissingAsnRef: 0 }
[fareharbor-normalize] asn normalized { normalizedAsnToFhdn: 517, fixedMissingAsnRef: 0 }
[fareharbor-normalize] asn normalized { normalizedAsnToFhdn: 518, fixedMissingAsnRef: 0 }
[fareharbor-normalize] asn normalized { normalizedAsnToFhdn: 519, fixedMissingAsnRef: 0 }
[fareharbor-normalize] asn normalized { normalizedAsnToFhdn: 520, fixedMissingAsnRef: 0 }
[fareharbor-normalize] asn normalized { normalizedAsnToFhdn: 521, fixedMissingAsnRef: 0 }
[fareharbor-normalize] asn normalized { normalizedAsnToFhdn: 522, fixedMissingAsnRef: 0 }
[fareharbor-normalize] asn normalized { normalizedAsnToFhdn: 523, fixedMissingAsnRef: 0 }
[fareharbor-normalize] asn normalized { normalizedAsnToFhdn: 524, fixedMissingAsnRef: 0 }
[fareharbor-normalize] asn normalized { normalizedAsnToFhdn: 525, fixedMissingAsnRef: 0 }
[fareharbor-normalize] asn normalized { normalizedAsnToFhdn: 526, fixedMissingAsnRef: 0 }
[fareharbor-normalize] asn normalized { normalizedAsnToFhdn: 527, fixedMissingAsnRef: 0 }
[fareharbor-normalize] asn normalized { normalizedAsnToFhdn: 528, fixedMissingAsnRef: 0 }
[fareharbor-normalize] asn normalized { normalizedAsnToFhdn: 529, fixedMissingAsnRef: 0 }
[fareharbor-normalize] asn normalized { normalizedAsnToFhdn: 530, fixedMissingAsnRef: 0 }
[fareharbor-normalize] asn normalized { normalizedAsnToFhdn: 531, fixedMissingAsnRef: 0 }
[fareharbor-normalize] asn normalized { normalizedAsnToFhdn: 532, fixedMissingAsnRef: 0 }
[fareharbor-normalize] asn normalized { normalizedAsnToFhdn: 533, fixedMissingAsnRef: 0 }
[fareharbor-normalize] asn normalized { normalizedAsnToFhdn: 534, fixedMissingAsnRef: 0 }
[fareharbor-normalize] asn normalized { normalizedAsnToFhdn: 535, fixedMissingAsnRef: 0 }
[fareharbor-normalize] asn normalized { normalizedAsnToFhdn: 536, fixedMissingAsnRef: 0 }
[fareharbor-normalize] asn normalized { normalizedAsnToFhdn: 537, fixedMissingAsnRef: 0 }
[fareharbor-normalize] asn normalized { normalizedAsnToFhdn: 538, fixedMissingAsnRef: 0 }
[fareharbor-normalize] asn normalized { normalizedAsnToFhdn: 539, fixedMissingAsnRef: 0 }
[fareharbor-normalize] asn normalized { normalizedAsnToFhdn: 540, fixedMissingAsnRef: 0 }
[fareharbor-normalize] asn normalized { normalizedAsnToFhdn: 541, fixedMissingAsnRef: 0 }
[fareharbor-normalize] asn normalized { normalizedAsnToFhdn: 542, fixedMissingAsnRef: 0 }
[fareharbor-normalize] asn normalized { normalizedAsnToFhdn: 543, fixedMissingAsnRef: 0 }
[fareharbor-normalize] asn normalized { normalizedAsnToFhdn: 544, fixedMissingAsnRef: 0 }
[fareharbor-normalize] asn normalized { normalizedAsnToFhdn: 545, fixedMissingAsnRef: 0 }
[fareharbor-normalize] asn normalized { normalizedAsnToFhdn: 546, fixedMissingAsnRef: 0 }
[fareharbor-normalize] asn normalized { normalizedAsnToFhdn: 547, fixedMissingAsnRef: 0 }
[fareharbor-normalize] asn normalized { normalizedAsnToFhdn: 548, fixedMissingAsnRef: 0 }
[fareharbor-normalize] asn normalized { normalizedAsnToFhdn: 549, fixedMissingAsnRef: 0 }
[fareharbor-normalize] asn normalized { normalizedAsnToFhdn: 550, fixedMissingAsnRef: 0 }
[fareharbor-normalize] asn normalized { normalizedAsnToFhdn: 551, fixedMissingAsnRef: 0 }
[fareharbor-normalize] asn normalized { normalizedAsnToFhdn: 552, fixedMissingAsnRef: 0 }
[fareharbor-normalize] asn normalized { normalizedAsnToFhdn: 553, fixedMissingAsnRef: 0 }
[fareharbor-normalize] asn normalized { normalizedAsnToFhdn: 554, fixedMissingAsnRef: 0 }
[fareharbor-normalize] asn normalized { normalizedAsnToFhdn: 555, fixedMissingAsnRef: 0 }
[fareharbor-normalize] asn normalized { normalizedAsnToFhdn: 556, fixedMissingAsnRef: 0 }
[fareharbor-normalize] asn normalized { normalizedAsnToFhdn: 557, fixedMissingAsnRef: 0 }
[fareharbor-normalize] asn normalized { normalizedAsnToFhdn: 558, fixedMissingAsnRef: 0 }
[fareharbor-normalize] asn normalized { normalizedAsnToFhdn: 559, fixedMissingAsnRef: 0 }
[fareharbor-normalize] asn normalized { normalizedAsnToFhdn: 560, fixedMissingAsnRef: 0 }
[fareharbor-normalize] asn normalized { normalizedAsnToFhdn: 561, fixedMissingAsnRef: 0 }
[fareharbor-normalize] asn normalized { normalizedAsnToFhdn: 562, fixedMissingAsnRef: 0 }
[fareharbor-normalize] asn normalized { normalizedAsnToFhdn: 563, fixedMissingAsnRef: 0 }
[fareharbor-normalize] asn normalized { normalizedAsnToFhdn: 564, fixedMissingAsnRef: 0 }
[fareharbor-normalize] asn normalized { normalizedAsnToFhdn: 565, fixedMissingAsnRef: 0 }
[fareharbor-normalize] asn normalized { normalizedAsnToFhdn: 566, fixedMissingAsnRef: 0 }
[fareharbor-normalize] asn normalized { normalizedAsnToFhdn: 567, fixedMissingAsnRef: 0 }
[fareharbor-normalize] asn normalized { normalizedAsnToFhdn: 568, fixedMissingAsnRef: 0 }
[fareharbor-normalize] asn normalized { normalizedAsnToFhdn: 569, fixedMissingAsnRef: 0 }
[fareharbor-normalize] asn normalized { normalizedAsnToFhdn: 570, fixedMissingAsnRef: 0 }
[fareharbor-normalize] asn normalized { normalizedAsnToFhdn: 571, fixedMissingAsnRef: 0 }
[fareharbor-normalize] asn normalized { normalizedAsnToFhdn: 572, fixedMissingAsnRef: 0 }
[fareharbor-normalize] asn normalized { normalizedAsnToFhdn: 573, fixedMissingAsnRef: 0 }
[fareharbor-normalize] asn normalized { normalizedAsnToFhdn: 574, fixedMissingAsnRef: 0 }
[fareharbor-normalize] asn normalized { normalizedAsnToFhdn: 575, fixedMissingAsnRef: 0 }
[fareharbor-normalize] asn normalized { normalizedAsnToFhdn: 576, fixedMissingAsnRef: 0 }
[fareharbor-normalize] asn normalized { normalizedAsnToFhdn: 577, fixedMissingAsnRef: 0 }
[fareharbor-normalize] asn normalized { normalizedAsnToFhdn: 578, fixedMissingAsnRef: 0 }
[fareharbor-normalize] asn normalized { normalizedAsnToFhdn: 579, fixedMissingAsnRef: 0 }
[fareharbor-normalize] asn normalized { normalizedAsnToFhdn: 580, fixedMissingAsnRef: 0 }
[fareharbor-normalize] asn normalized { normalizedAsnToFhdn: 581, fixedMissingAsnRef: 0 }
[fareharbor-normalize] asn normalized { normalizedAsnToFhdn: 582, fixedMissingAsnRef: 0 }
[fareharbor-normalize] asn normalized { normalizedAsnToFhdn: 583, fixedMissingAsnRef: 0 }
[fareharbor-normalize] asn normalized { normalizedAsnToFhdn: 584, fixedMissingAsnRef: 0 }
[fareharbor-normalize] asn normalized { normalizedAsnToFhdn: 585, fixedMissingAsnRef: 0 }
[fareharbor-normalize] asn normalized { normalizedAsnToFhdn: 586, fixedMissingAsnRef: 0 }
[fareharbor-normalize] asn normalized { normalizedAsnToFhdn: 587, fixedMissingAsnRef: 0 }
[fareharbor-normalize] asn normalized { normalizedAsnToFhdn: 588, fixedMissingAsnRef: 0 }
[fareharbor-normalize] asn normalized { normalizedAsnToFhdn: 589, fixedMissingAsnRef: 0 }
[fareharbor-normalize] asn normalized { normalizedAsnToFhdn: 590, fixedMissingAsnRef: 0 }
[fareharbor-normalize] asn normalized { normalizedAsnToFhdn: 591, fixedMissingAsnRef: 0 }
[fareharbor-normalize] asn normalized { normalizedAsnToFhdn: 592, fixedMissingAsnRef: 0 }
[fareharbor-normalize] asn normalized { normalizedAsnToFhdn: 593, fixedMissingAsnRef: 0 }
[fareharbor-normalize] asn normalized { normalizedAsnToFhdn: 594, fixedMissingAsnRef: 0 }
[fareharbor-normalize] asn normalized { normalizedAsnToFhdn: 595, fixedMissingAsnRef: 0 }
[fareharbor-normalize] asn normalized { normalizedAsnToFhdn: 596, fixedMissingAsnRef: 0 }
[fareharbor-normalize] asn normalized { normalizedAsnToFhdn: 597, fixedMissingAsnRef: 0 }
[fareharbor-normalize] asn normalized { normalizedAsnToFhdn: 598, fixedMissingAsnRef: 0 }
[fareharbor-normalize] asn normalized { normalizedAsnToFhdn: 599, fixedMissingAsnRef: 0 }
[fareharbor-normalize] asn normalized { normalizedAsnToFhdn: 600, fixedMissingAsnRef: 0 }
[fareharbor-normalize] asn normalized { normalizedAsnToFhdn: 601, fixedMissingAsnRef: 0 }
[fareharbor-normalize] asn normalized { normalizedAsnToFhdn: 602, fixedMissingAsnRef: 0 }
[fareharbor-normalize] asn normalized { normalizedAsnToFhdn: 603, fixedMissingAsnRef: 0 }
[fareharbor-normalize] asn normalized { normalizedAsnToFhdn: 604, fixedMissingAsnRef: 0 }
[fareharbor-normalize] asn normalized { normalizedAsnToFhdn: 605, fixedMissingAsnRef: 0 }
[fareharbor-normalize] asn normalized { normalizedAsnToFhdn: 606, fixedMissingAsnRef: 0 }
[fareharbor-normalize] asn normalized { normalizedAsnToFhdn: 607, fixedMissingAsnRef: 0 }
[fareharbor-normalize] asn normalized { normalizedAsnToFhdn: 608, fixedMissingAsnRef: 0 }
[fareharbor-normalize] asn normalized { normalizedAsnToFhdn: 609, fixedMissingAsnRef: 0 }
[fareharbor-normalize] asn normalized { normalizedAsnToFhdn: 610, fixedMissingAsnRef: 0 }
[fareharbor-normalize] asn normalized { normalizedAsnToFhdn: 611, fixedMissingAsnRef: 0 }
[fareharbor-normalize] asn normalized { normalizedAsnToFhdn: 612, fixedMissingAsnRef: 0 }
[fareharbor-normalize] asn normalized { normalizedAsnToFhdn: 613, fixedMissingAsnRef: 0 }
[fareharbor-normalize] asn normalized { normalizedAsnToFhdn: 614, fixedMissingAsnRef: 0 }
[fareharbor-normalize] asn normalized { normalizedAsnToFhdn: 615, fixedMissingAsnRef: 0 }
[fareharbor-normalize] asn normalized { normalizedAsnToFhdn: 616, fixedMissingAsnRef: 0 }
[fareharbor-normalize] asn normalized { normalizedAsnToFhdn: 617, fixedMissingAsnRef: 0 }
[fareharbor-normalize] asn normalized { normalizedAsnToFhdn: 618, fixedMissingAsnRef: 0 }
[fareharbor-normalize] asn normalized { normalizedAsnToFhdn: 619, fixedMissingAsnRef: 0 }
[fareharbor-normalize] asn normalized { normalizedAsnToFhdn: 620, fixedMissingAsnRef: 0 }
[fareharbor-normalize] asn normalized { normalizedAsnToFhdn: 621, fixedMissingAsnRef: 0 }
[fareharbor-normalize] asn normalized { normalizedAsnToFhdn: 622, fixedMissingAsnRef: 0 }
[fareharbor-normalize] asn normalized { normalizedAsnToFhdn: 623, fixedMissingAsnRef: 0 }
[fareharbor-normalize] asn normalized { normalizedAsnToFhdn: 624, fixedMissingAsnRef: 0 }
[fareharbor-normalize] asn normalized { normalizedAsnToFhdn: 625, fixedMissingAsnRef: 0 }
[fareharbor-normalize] asn normalized { normalizedAsnToFhdn: 626, fixedMissingAsnRef: 0 }
[fareharbor-normalize] asn normalized { normalizedAsnToFhdn: 627, fixedMissingAsnRef: 0 }
[fareharbor-normalize] asn normalized { normalizedAsnToFhdn: 628, fixedMissingAsnRef: 0 }
[fareharbor-normalize] asn normalized { normalizedAsnToFhdn: 629, fixedMissingAsnRef: 0 }
[fareharbor-normalize] asn normalized { normalizedAsnToFhdn: 630, fixedMissingAsnRef: 0 }
[fareharbor-normalize] asn normalized { normalizedAsnToFhdn: 631, fixedMissingAsnRef: 0 }
[fareharbor-normalize] asn normalized { normalizedAsnToFhdn: 632, fixedMissingAsnRef: 0 }
[fareharbor-normalize] asn normalized { normalizedAsnToFhdn: 633, fixedMissingAsnRef: 0 }
[fareharbor-normalize] asn normalized { normalizedAsnToFhdn: 634, fixedMissingAsnRef: 0 }
[fareharbor-normalize] asn normalized { normalizedAsnToFhdn: 635, fixedMissingAsnRef: 0 }
[fareharbor-normalize] asn normalized { normalizedAsnToFhdn: 636, fixedMissingAsnRef: 0 }
[fareharbor-normalize] asn normalized { normalizedAsnToFhdn: 637, fixedMissingAsnRef: 0 }
[fareharbor-normalize] asn normalized { normalizedAsnToFhdn: 638, fixedMissingAsnRef: 0 }
[fareharbor-normalize] asn normalized { normalizedAsnToFhdn: 639, fixedMissingAsnRef: 0 }
[fareharbor-normalize] asn normalized { normalizedAsnToFhdn: 640, fixedMissingAsnRef: 0 }
[fareharbor-normalize] asn normalized { normalizedAsnToFhdn: 641, fixedMissingAsnRef: 0 }
[fareharbor-normalize] asn normalized { normalizedAsnToFhdn: 642, fixedMissingAsnRef: 0 }
[fareharbor-normalize] asn normalized { normalizedAsnToFhdn: 643, fixedMissingAsnRef: 0 }
[fareharbor-normalize] asn normalized { normalizedAsnToFhdn: 644, fixedMissingAsnRef: 0 }
[fareharbor-normalize] asn normalized { normalizedAsnToFhdn: 645, fixedMissingAsnRef: 0 }
[fareharbor-normalize] asn normalized { normalizedAsnToFhdn: 646, fixedMissingAsnRef: 0 }
[fareharbor-normalize] asn normalized { normalizedAsnToFhdn: 647, fixedMissingAsnRef: 0 }
[fareharbor-normalize] asn normalized { normalizedAsnToFhdn: 648, fixedMissingAsnRef: 0 }
[fareharbor-normalize] asn normalized { normalizedAsnToFhdn: 649, fixedMissingAsnRef: 0 }
[fareharbor-normalize] asn normalized { normalizedAsnToFhdn: 650, fixedMissingAsnRef: 0 }
[fareharbor-normalize] asn normalized { normalizedAsnToFhdn: 651, fixedMissingAsnRef: 0 }
[fareharbor-normalize] asn normalized { normalizedAsnToFhdn: 652, fixedMissingAsnRef: 0 }
[fareharbor-normalize] asn normalized { normalizedAsnToFhdn: 653, fixedMissingAsnRef: 0 }
[fareharbor-normalize] asn normalized { normalizedAsnToFhdn: 654, fixedMissingAsnRef: 0 }
[fareharbor-normalize] asn normalized { normalizedAsnToFhdn: 655, fixedMissingAsnRef: 0 }
[fareharbor-normalize] asn normalized { normalizedAsnToFhdn: 656, fixedMissingAsnRef: 0 }
[fareharbor-normalize] asn normalized { normalizedAsnToFhdn: 657, fixedMissingAsnRef: 0 }
[fareharbor-normalize] asn normalized { normalizedAsnToFhdn: 658, fixedMissingAsnRef: 0 }
[fareharbor-normalize] asn normalized { normalizedAsnToFhdn: 659, fixedMissingAsnRef: 0 }
[fareharbor-normalize] asn normalized { normalizedAsnToFhdn: 660, fixedMissingAsnRef: 0 }
[fareharbor-normalize] asn normalized { normalizedAsnToFhdn: 661, fixedMissingAsnRef: 0 }
[fareharbor-normalize] asn normalized { normalizedAsnToFhdn: 662, fixedMissingAsnRef: 0 }
[fareharbor-normalize] asn normalized { normalizedAsnToFhdn: 663, fixedMissingAsnRef: 0 }
[fareharbor-normalize] asn normalized { normalizedAsnToFhdn: 664, fixedMissingAsnRef: 0 }
[fareharbor-normalize] asn normalized { normalizedAsnToFhdn: 665, fixedMissingAsnRef: 0 }
[fareharbor-normalize] asn normalized { normalizedAsnToFhdn: 666, fixedMissingAsnRef: 0 }
[fareharbor-normalize] asn normalized { normalizedAsnToFhdn: 667, fixedMissingAsnRef: 0 }
[fareharbor-normalize] asn normalized { normalizedAsnToFhdn: 668, fixedMissingAsnRef: 0 }
[fareharbor-normalize] asn normalized { normalizedAsnToFhdn: 669, fixedMissingAsnRef: 0 }
[fareharbor-normalize] asn normalized { normalizedAsnToFhdn: 670, fixedMissingAsnRef: 0 }
[fareharbor-normalize] asn normalized { normalizedAsnToFhdn: 671, fixedMissingAsnRef: 0 }
[fareharbor-normalize] asn normalized { normalizedAsnToFhdn: 672, fixedMissingAsnRef: 0 }
[fareharbor-normalize] asn normalized { normalizedAsnToFhdn: 673, fixedMissingAsnRef: 0 }
[fareharbor-normalize] asn normalized { normalizedAsnToFhdn: 674, fixedMissingAsnRef: 0 }
[fareharbor-normalize] asn normalized { normalizedAsnToFhdn: 675, fixedMissingAsnRef: 0 }
[fareharbor-normalize] asn normalized { normalizedAsnToFhdn: 676, fixedMissingAsnRef: 0 }
[fareharbor-normalize] asn normalized { normalizedAsnToFhdn: 677, fixedMissingAsnRef: 0 }
[fareharbor-normalize] asn normalized { normalizedAsnToFhdn: 678, fixedMissingAsnRef: 0 }
[fareharbor-normalize] asn normalized { normalizedAsnToFhdn: 679, fixedMissingAsnRef: 0 }
[fareharbor-normalize] asn normalized { normalizedAsnToFhdn: 680, fixedMissingAsnRef: 0 }
[fareharbor-normalize] asn normalized { normalizedAsnToFhdn: 681, fixedMissingAsnRef: 0 }
[fareharbor-normalize] asn normalized { normalizedAsnToFhdn: 682, fixedMissingAsnRef: 0 }
[fareharbor-normalize] asn normalized { normalizedAsnToFhdn: 683, fixedMissingAsnRef: 0 }
[fareharbor-normalize] asn normalized { normalizedAsnToFhdn: 684, fixedMissingAsnRef: 0 }
[fareharbor-normalize] asn normalized { normalizedAsnToFhdn: 685, fixedMissingAsnRef: 0 }
[fareharbor-normalize] asn normalized { normalizedAsnToFhdn: 686, fixedMissingAsnRef: 0 }
[fareharbor-normalize] asn normalized { normalizedAsnToFhdn: 687, fixedMissingAsnRef: 0 }
[fareharbor-normalize] asn normalized { normalizedAsnToFhdn: 688, fixedMissingAsnRef: 0 }
[fareharbor-normalize] asn normalized { normalizedAsnToFhdn: 689, fixedMissingAsnRef: 0 }
[fareharbor-normalize] asn normalized { normalizedAsnToFhdn: 690, fixedMissingAsnRef: 0 }
[fareharbor-normalize] asn normalized { normalizedAsnToFhdn: 691, fixedMissingAsnRef: 0 }
[fareharbor-normalize] asn normalized { normalizedAsnToFhdn: 692, fixedMissingAsnRef: 0 }
[fareharbor-normalize] asn normalized { normalizedAsnToFhdn: 693, fixedMissingAsnRef: 0 }
[fareharbor-normalize] asn normalized { normalizedAsnToFhdn: 694, fixedMissingAsnRef: 0 }
[fareharbor-normalize] asn normalized { normalizedAsnToFhdn: 695, fixedMissingAsnRef: 0 }
[fareharbor-normalize] asn normalized { normalizedAsnToFhdn: 696, fixedMissingAsnRef: 0 }
[fareharbor-normalize] asn normalized { normalizedAsnToFhdn: 697, fixedMissingAsnRef: 0 }
[fareharbor-normalize] asn normalized { normalizedAsnToFhdn: 698, fixedMissingAsnRef: 0 }
[fareharbor-normalize] asn normalized { normalizedAsnToFhdn: 699, fixedMissingAsnRef: 0 }
[fareharbor-normalize] asn normalized { normalizedAsnToFhdn: 700, fixedMissingAsnRef: 0 }
[fareharbor-normalize] asn normalized { normalizedAsnToFhdn: 701, fixedMissingAsnRef: 0 }
[fareharbor-normalize] asn normalized { normalizedAsnToFhdn: 702, fixedMissingAsnRef: 0 }
[fareharbor-normalize] asn normalized { normalizedAsnToFhdn: 703, fixedMissingAsnRef: 0 }
[fareharbor-normalize] asn normalized { normalizedAsnToFhdn: 704, fixedMissingAsnRef: 0 }
[fareharbor-normalize] asn normalized { normalizedAsnToFhdn: 705, fixedMissingAsnRef: 0 }
[fareharbor-normalize] asn normalized { normalizedAsnToFhdn: 706, fixedMissingAsnRef: 0 }
[fareharbor-normalize] asn normalized { normalizedAsnToFhdn: 707, fixedMissingAsnRef: 0 }
[fareharbor-normalize] asn normalized { normalizedAsnToFhdn: 708, fixedMissingAsnRef: 0 }
[fareharbor-normalize] asn normalized { normalizedAsnToFhdn: 709, fixedMissingAsnRef: 0 }
[fareharbor-normalize] asn normalized { normalizedAsnToFhdn: 710, fixedMissingAsnRef: 0 }
[fareharbor-normalize] asn normalized { normalizedAsnToFhdn: 711, fixedMissingAsnRef: 0 }
[fareharbor-normalize] asn normalized { normalizedAsnToFhdn: 712, fixedMissingAsnRef: 0 }
[fareharbor-normalize] asn normalized { normalizedAsnToFhdn: 713, fixedMissingAsnRef: 0 }
[fareharbor-normalize] asn normalized { normalizedAsnToFhdn: 714, fixedMissingAsnRef: 0 }
[fareharbor-normalize] asn normalized { normalizedAsnToFhdn: 715, fixedMissingAsnRef: 0 }
[fareharbor-normalize] asn normalized { normalizedAsnToFhdn: 716, fixedMissingAsnRef: 0 }
[fareharbor-normalize] asn normalized { normalizedAsnToFhdn: 717, fixedMissingAsnRef: 0 }
[fareharbor-normalize] asn normalized { normalizedAsnToFhdn: 718, fixedMissingAsnRef: 0 }
[fareharbor-normalize] asn normalized { normalizedAsnToFhdn: 719, fixedMissingAsnRef: 0 }
[fareharbor-normalize] asn normalized { normalizedAsnToFhdn: 720, fixedMissingAsnRef: 0 }
[fareharbor-normalize] asn normalized { normalizedAsnToFhdn: 721, fixedMissingAsnRef: 0 }
[fareharbor-normalize] asn normalized { normalizedAsnToFhdn: 722, fixedMissingAsnRef: 0 }
[fareharbor-normalize] asn normalized { normalizedAsnToFhdn: 723, fixedMissingAsnRef: 0 }
[fareharbor-normalize] asn normalized { normalizedAsnToFhdn: 724, fixedMissingAsnRef: 0 }
[fareharbor-normalize] asn normalized { normalizedAsnToFhdn: 725, fixedMissingAsnRef: 0 }
[fareharbor-normalize] asn normalized { normalizedAsnToFhdn: 726, fixedMissingAsnRef: 0 }
[fareharbor-normalize] asn normalized { normalizedAsnToFhdn: 727, fixedMissingAsnRef: 0 }
[fareharbor-normalize] asn normalized { normalizedAsnToFhdn: 728, fixedMissingAsnRef: 0 }
[fareharbor-normalize] asn normalized { normalizedAsnToFhdn: 729, fixedMissingAsnRef: 0 }
[fareharbor-normalize] asn normalized { normalizedAsnToFhdn: 730, fixedMissingAsnRef: 0 }
[fareharbor-normalize] asn normalized { normalizedAsnToFhdn: 731, fixedMissingAsnRef: 0 }
[fareharbor-normalize] asn normalized { normalizedAsnToFhdn: 732, fixedMissingAsnRef: 0 }
[fareharbor-normalize] asn normalized { normalizedAsnToFhdn: 733, fixedMissingAsnRef: 0 }
[fareharbor-normalize] asn normalized { normalizedAsnToFhdn: 734, fixedMissingAsnRef: 0 }
[fareharbor-normalize] asn normalized { normalizedAsnToFhdn: 735, fixedMissingAsnRef: 0 }
[fareharbor-normalize] asn normalized { normalizedAsnToFhdn: 736, fixedMissingAsnRef: 0 }
[fareharbor-normalize] asn normalized { normalizedAsnToFhdn: 737, fixedMissingAsnRef: 0 }
[fareharbor-normalize] asn normalized { normalizedAsnToFhdn: 738, fixedMissingAsnRef: 0 }
[fareharbor-normalize] asn normalized { normalizedAsnToFhdn: 739, fixedMissingAsnRef: 0 }
[fareharbor-normalize] asn normalized { normalizedAsnToFhdn: 740, fixedMissingAsnRef: 0 }
[fareharbor-normalize] asn normalized { normalizedAsnToFhdn: 741, fixedMissingAsnRef: 0 }
[fareharbor-normalize] asn normalized { normalizedAsnToFhdn: 742, fixedMissingAsnRef: 0 }
[fareharbor-normalize] asn normalized { normalizedAsnToFhdn: 743, fixedMissingAsnRef: 0 }
[fareharbor-normalize] asn normalized { normalizedAsnToFhdn: 744, fixedMissingAsnRef: 0 }
[fareharbor-normalize] asn normalized { normalizedAsnToFhdn: 745, fixedMissingAsnRef: 0 }
[fareharbor-normalize] asn normalized { normalizedAsnToFhdn: 746, fixedMissingAsnRef: 0 }
[fareharbor-normalize] asn normalized { normalizedAsnToFhdn: 747, fixedMissingAsnRef: 0 }
[fareharbor-normalize] asn normalized { normalizedAsnToFhdn: 748, fixedMissingAsnRef: 0 }
[fareharbor-normalize] asn normalized { normalizedAsnToFhdn: 749, fixedMissingAsnRef: 0 }
[fareharbor-normalize] asn normalized { normalizedAsnToFhdn: 750, fixedMissingAsnRef: 0 }
[fareharbor-normalize] asn normalized { normalizedAsnToFhdn: 751, fixedMissingAsnRef: 0 }
[fareharbor-normalize] asn normalized { normalizedAsnToFhdn: 752, fixedMissingAsnRef: 0 }
[fareharbor-normalize] asn normalized { normalizedAsnToFhdn: 753, fixedMissingAsnRef: 0 }
[fareharbor-normalize] asn normalized { normalizedAsnToFhdn: 754, fixedMissingAsnRef: 0 }
[fareharbor-normalize] asn normalized { normalizedAsnToFhdn: 755, fixedMissingAsnRef: 0 }
[fareharbor-normalize] asn normalized { normalizedAsnToFhdn: 756, fixedMissingAsnRef: 0 }
[fareharbor-normalize] asn normalized { normalizedAsnToFhdn: 757, fixedMissingAsnRef: 0 }
[fareharbor-normalize] asn normalized { normalizedAsnToFhdn: 758, fixedMissingAsnRef: 0 }
[fareharbor-normalize] asn normalized { normalizedAsnToFhdn: 759, fixedMissingAsnRef: 0 }
[fareharbor-normalize] asn normalized { normalizedAsnToFhdn: 760, fixedMissingAsnRef: 0 }
[fareharbor-normalize] asn normalized { normalizedAsnToFhdn: 761, fixedMissingAsnRef: 0 }
[fareharbor-normalize] asn normalized { normalizedAsnToFhdn: 762, fixedMissingAsnRef: 0 }
[fareharbor-normalize] asn normalized { normalizedAsnToFhdn: 763, fixedMissingAsnRef: 0 }
[fareharbor-normalize] asn normalized { normalizedAsnToFhdn: 764, fixedMissingAsnRef: 0 }
[fareharbor-normalize] asn normalized { normalizedAsnToFhdn: 765, fixedMissingAsnRef: 0 }
[fareharbor-normalize] asn normalized { normalizedAsnToFhdn: 766, fixedMissingAsnRef: 0 }
[fareharbor-normalize] asn normalized { normalizedAsnToFhdn: 767, fixedMissingAsnRef: 0 }
[fareharbor-normalize] asn normalized { normalizedAsnToFhdn: 768, fixedMissingAsnRef: 0 }
[fareharbor-normalize] asn normalized { normalizedAsnToFhdn: 769, fixedMissingAsnRef: 0 }
[fareharbor-normalize] asn normalized { normalizedAsnToFhdn: 770, fixedMissingAsnRef: 0 }
[fareharbor-normalize] asn normalized { normalizedAsnToFhdn: 771, fixedMissingAsnRef: 0 }
[fareharbor-normalize] asn normalized { normalizedAsnToFhdn: 772, fixedMissingAsnRef: 0 }
[fareharbor-normalize] asn normalized { normalizedAsnToFhdn: 773, fixedMissingAsnRef: 0 }
[fareharbor-normalize] asn normalized { normalizedAsnToFhdn: 774, fixedMissingAsnRef: 0 }
[fareharbor-normalize] asn normalized { normalizedAsnToFhdn: 775, fixedMissingAsnRef: 0 }
[fareharbor-normalize] asn normalized { normalizedAsnToFhdn: 776, fixedMissingAsnRef: 0 }
[fareharbor-normalize] asn normalized { normalizedAsnToFhdn: 777, fixedMissingAsnRef: 0 }
[fareharbor-normalize] asn normalized { normalizedAsnToFhdn: 778, fixedMissingAsnRef: 0 }
[fareharbor-normalize] asn normalized { normalizedAsnToFhdn: 779, fixedMissingAsnRef: 0 }
[fareharbor-normalize] asn normalized { normalizedAsnToFhdn: 780, fixedMissingAsnRef: 0 }
[fareharbor-normalize] asn normalized { normalizedAsnToFhdn: 781, fixedMissingAsnRef: 0 }
[fareharbor-normalize] asn normalized { normalizedAsnToFhdn: 782, fixedMissingAsnRef: 0 }
[fareharbor-normalize] asn normalized { normalizedAsnToFhdn: 783, fixedMissingAsnRef: 0 }
[fareharbor-normalize] asn normalized { normalizedAsnToFhdn: 784, fixedMissingAsnRef: 0 }
[fareharbor-normalize] asn normalized { normalizedAsnToFhdn: 785, fixedMissingAsnRef: 0 }
[fareharbor-normalize] asn normalized { normalizedAsnToFhdn: 786, fixedMissingAsnRef: 0 }
[fareharbor-normalize] asn normalized { normalizedAsnToFhdn: 787, fixedMissingAsnRef: 0 }
[fareharbor-normalize] asn normalized { normalizedAsnToFhdn: 788, fixedMissingAsnRef: 0 }
[fareharbor-normalize] asn normalized { normalizedAsnToFhdn: 789, fixedMissingAsnRef: 0 }
[fareharbor-normalize] asn normalized { normalizedAsnToFhdn: 790, fixedMissingAsnRef: 0 }
[fareharbor-normalize] asn normalized { normalizedAsnToFhdn: 791, fixedMissingAsnRef: 0 }
[fareharbor-normalize] asn normalized { normalizedAsnToFhdn: 792, fixedMissingAsnRef: 0 }
[fareharbor-normalize] asn normalized { normalizedAsnToFhdn: 793, fixedMissingAsnRef: 0 }
[fareharbor-normalize] asn normalized { normalizedAsnToFhdn: 794, fixedMissingAsnRef: 0 }
[fareharbor-normalize] asn normalized { normalizedAsnToFhdn: 795, fixedMissingAsnRef: 0 }
[fareharbor-normalize] asn normalized { normalizedAsnToFhdn: 796, fixedMissingAsnRef: 0 }
[fareharbor-normalize] asn normalized { normalizedAsnToFhdn: 797, fixedMissingAsnRef: 0 }
[fareharbor-normalize] asn normalized { normalizedAsnToFhdn: 798, fixedMissingAsnRef: 0 }
[fareharbor-normalize] asn normalized { normalizedAsnToFhdn: 799, fixedMissingAsnRef: 0 }
[fareharbor-normalize] asn normalized { normalizedAsnToFhdn: 800, fixedMissingAsnRef: 0 }
[fareharbor-normalize] asn normalized { normalizedAsnToFhdn: 801, fixedMissingAsnRef: 0 }
[fareharbor-normalize] asn normalized { normalizedAsnToFhdn: 802, fixedMissingAsnRef: 0 }
[fareharbor-normalize] asn normalized { normalizedAsnToFhdn: 803, fixedMissingAsnRef: 0 }
[fareharbor-normalize] asn normalized { normalizedAsnToFhdn: 804, fixedMissingAsnRef: 0 }
[fareharbor-normalize] asn normalized { normalizedAsnToFhdn: 805, fixedMissingAsnRef: 0 }
[fareharbor-normalize] asn normalized { normalizedAsnToFhdn: 806, fixedMissingAsnRef: 0 }
[fareharbor-normalize] asn normalized { normalizedAsnToFhdn: 807, fixedMissingAsnRef: 0 }
[fareharbor-normalize] asn normalized { normalizedAsnToFhdn: 808, fixedMissingAsnRef: 0 }
[fareharbor-normalize] asn normalized { normalizedAsnToFhdn: 809, fixedMissingAsnRef: 0 }
[fareharbor-normalize] asn normalized { normalizedAsnToFhdn: 810, fixedMissingAsnRef: 0 }
[fareharbor-normalize] asn normalized { normalizedAsnToFhdn: 811, fixedMissingAsnRef: 0 }
[fareharbor-normalize] asn normalized { normalizedAsnToFhdn: 812, fixedMissingAsnRef: 0 }
[fareharbor-normalize] asn normalized { normalizedAsnToFhdn: 813, fixedMissingAsnRef: 0 }
[fareharbor-normalize] asn normalized { normalizedAsnToFhdn: 814, fixedMissingAsnRef: 0 }
[fareharbor-normalize] asn normalized { normalizedAsnToFhdn: 815, fixedMissingAsnRef: 0 }
[fareharbor-normalize] asn normalized { normalizedAsnToFhdn: 816, fixedMissingAsnRef: 0 }
[fareharbor-normalize] asn normalized { normalizedAsnToFhdn: 817, fixedMissingAsnRef: 0 }
[fareharbor-normalize] asn normalized { normalizedAsnToFhdn: 818, fixedMissingAsnRef: 0 }
[fareharbor-normalize] asn normalized { normalizedAsnToFhdn: 819, fixedMissingAsnRef: 0 }
[fareharbor-normalize] asn normalized { normalizedAsnToFhdn: 820, fixedMissingAsnRef: 0 }
[fareharbor-normalize] asn normalized { normalizedAsnToFhdn: 821, fixedMissingAsnRef: 0 }
[fareharbor-normalize] asn normalized { normalizedAsnToFhdn: 822, fixedMissingAsnRef: 0 }
[fareharbor-normalize] asn normalized { normalizedAsnToFhdn: 823, fixedMissingAsnRef: 0 }
[fareharbor-normalize] asn normalized { normalizedAsnToFhdn: 824, fixedMissingAsnRef: 0 }
[fareharbor-normalize] asn normalized { normalizedAsnToFhdn: 825, fixedMissingAsnRef: 0 }
[fareharbor-normalize] asn normalized { normalizedAsnToFhdn: 826, fixedMissingAsnRef: 0 }
[fareharbor-normalize] asn normalized { normalizedAsnToFhdn: 827, fixedMissingAsnRef: 0 }
[fareharbor-normalize] asn normalized { normalizedAsnToFhdn: 828, fixedMissingAsnRef: 0 }
[fareharbor-normalize] asn normalized { normalizedAsnToFhdn: 829, fixedMissingAsnRef: 0 }
[fareharbor-normalize] asn normalized { normalizedAsnToFhdn: 830, fixedMissingAsnRef: 0 }
[fareharbor-normalize] asn normalized { normalizedAsnToFhdn: 831, fixedMissingAsnRef: 0 }
[fareharbor-normalize] asn normalized { normalizedAsnToFhdn: 832, fixedMissingAsnRef: 0 }
[fareharbor-normalize] asn normalized { normalizedAsnToFhdn: 833, fixedMissingAsnRef: 0 }
[fareharbor-normalize] asn normalized { normalizedAsnToFhdn: 834, fixedMissingAsnRef: 0 }
[fareharbor-normalize] asn normalized { normalizedAsnToFhdn: 835, fixedMissingAsnRef: 0 }
[fareharbor-normalize] asn normalized { normalizedAsnToFhdn: 836, fixedMissingAsnRef: 0 }
[fareharbor-normalize] asn normalized { normalizedAsnToFhdn: 837, fixedMissingAsnRef: 0 }
[fareharbor-normalize] asn normalized { normalizedAsnToFhdn: 838, fixedMissingAsnRef: 0 }
[fareharbor-normalize] asn normalized { normalizedAsnToFhdn: 839, fixedMissingAsnRef: 0 }
[fareharbor-normalize] asn normalized { normalizedAsnToFhdn: 840, fixedMissingAsnRef: 0 }
[fareharbor-normalize] asn normalized { normalizedAsnToFhdn: 841, fixedMissingAsnRef: 0 }
[fareharbor-normalize] asn normalized { normalizedAsnToFhdn: 842, fixedMissingAsnRef: 0 }
[fareharbor-normalize] asn normalized { normalizedAsnToFhdn: 843, fixedMissingAsnRef: 0 }
[fareharbor-normalize] asn normalized { normalizedAsnToFhdn: 844, fixedMissingAsnRef: 0 }
[fareharbor-normalize] asn normalized { normalizedAsnToFhdn: 845, fixedMissingAsnRef: 0 }
[fareharbor-normalize] asn normalized { normalizedAsnToFhdn: 846, fixedMissingAsnRef: 0 }
[fareharbor-normalize] asn normalized { normalizedAsnToFhdn: 847, fixedMissingAsnRef: 0 }
[fareharbor-normalize] asn normalized { normalizedAsnToFhdn: 848, fixedMissingAsnRef: 0 }
[fareharbor-normalize] asn normalized { normalizedAsnToFhdn: 849, fixedMissingAsnRef: 0 }
[fareharbor-normalize] asn normalized { normalizedAsnToFhdn: 850, fixedMissingAsnRef: 0 }
[fareharbor-normalize] asn normalized { normalizedAsnToFhdn: 851, fixedMissingAsnRef: 0 }
[fareharbor-normalize] asn normalized { normalizedAsnToFhdn: 852, fixedMissingAsnRef: 0 }
[fareharbor-normalize] asn normalized { normalizedAsnToFhdn: 853, fixedMissingAsnRef: 0 }
[fareharbor-normalize] asn normalized { normalizedAsnToFhdn: 854, fixedMissingAsnRef: 0 }
[fareharbor-normalize] asn normalized { normalizedAsnToFhdn: 855, fixedMissingAsnRef: 0 }
[fareharbor-normalize] asn normalized { normalizedAsnToFhdn: 856, fixedMissingAsnRef: 0 }
[fareharbor-normalize] asn normalized { normalizedAsnToFhdn: 857, fixedMissingAsnRef: 0 }
[fareharbor-normalize] asn normalized { normalizedAsnToFhdn: 858, fixedMissingAsnRef: 0 }
[fareharbor-normalize] asn normalized { normalizedAsnToFhdn: 859, fixedMissingAsnRef: 0 }
[fareharbor-normalize] asn normalized { normalizedAsnToFhdn: 860, fixedMissingAsnRef: 0 }
[fareharbor-normalize] asn normalized { normalizedAsnToFhdn: 861, fixedMissingAsnRef: 0 }
[fareharbor-normalize] asn normalized { normalizedAsnToFhdn: 862, fixedMissingAsnRef: 0 }
[fareharbor-normalize] asn normalized { normalizedAsnToFhdn: 863, fixedMissingAsnRef: 0 }
[fareharbor-normalize] asn normalized { normalizedAsnToFhdn: 864, fixedMissingAsnRef: 0 }
[fareharbor-normalize] asn normalized { normalizedAsnToFhdn: 865, fixedMissingAsnRef: 0 }
[fareharbor-normalize] asn normalized { normalizedAsnToFhdn: 866, fixedMissingAsnRef: 0 }
[fareharbor-normalize] asn normalized { normalizedAsnToFhdn: 867, fixedMissingAsnRef: 0 }
[fareharbor-normalize] asn normalized { normalizedAsnToFhdn: 868, fixedMissingAsnRef: 0 }
[fareharbor-normalize] asn normalized { normalizedAsnToFhdn: 869, fixedMissingAsnRef: 0 }
[fareharbor-normalize] asn normalized { normalizedAsnToFhdn: 870, fixedMissingAsnRef: 0 }
[fareharbor-normalize] asn normalized { normalizedAsnToFhdn: 871, fixedMissingAsnRef: 0 }
[fareharbor-normalize] asn normalized { normalizedAsnToFhdn: 872, fixedMissingAsnRef: 0 }
[fareharbor-normalize] asn normalized { normalizedAsnToFhdn: 873, fixedMissingAsnRef: 0 }
[fareharbor-normalize] asn normalized { normalizedAsnToFhdn: 874, fixedMissingAsnRef: 0 }
[fareharbor-normalize] asn normalized { normalizedAsnToFhdn: 875, fixedMissingAsnRef: 0 }
[fareharbor-normalize] asn normalized { normalizedAsnToFhdn: 876, fixedMissingAsnRef: 0 }
[fareharbor-normalize] asn normalized { normalizedAsnToFhdn: 877, fixedMissingAsnRef: 0 }
[fareharbor-normalize] asn normalized { normalizedAsnToFhdn: 878, fixedMissingAsnRef: 0 }
[fareharbor-normalize] asn normalized { normalizedAsnToFhdn: 879, fixedMissingAsnRef: 0 }
[fareharbor-normalize] asn normalized { normalizedAsnToFhdn: 880, fixedMissingAsnRef: 0 }
[fareharbor-normalize] asn normalized { normalizedAsnToFhdn: 881, fixedMissingAsnRef: 0 }
[fareharbor-normalize] asn normalized { normalizedAsnToFhdn: 882, fixedMissingAsnRef: 0 }
[fareharbor-normalize] asn normalized { normalizedAsnToFhdn: 883, fixedMissingAsnRef: 0 }
[fareharbor-normalize] asn normalized { normalizedAsnToFhdn: 884, fixedMissingAsnRef: 0 }
[fareharbor-normalize] asn normalized { normalizedAsnToFhdn: 885, fixedMissingAsnRef: 0 }
[fareharbor-normalize] asn normalized { normalizedAsnToFhdn: 886, fixedMissingAsnRef: 0 }
[fareharbor-normalize] asn normalized { normalizedAsnToFhdn: 887, fixedMissingAsnRef: 0 }
[fareharbor-normalize] asn normalized { normalizedAsnToFhdn: 888, fixedMissingAsnRef: 0 }
[fareharbor-normalize] asn normalized { normalizedAsnToFhdn: 889, fixedMissingAsnRef: 0 }
[fareharbor-normalize] asn normalized { normalizedAsnToFhdn: 890, fixedMissingAsnRef: 0 }
[fareharbor-normalize] asn normalized { normalizedAsnToFhdn: 891, fixedMissingAsnRef: 0 }
[fareharbor-normalize] asn normalized { normalizedAsnToFhdn: 892, fixedMissingAsnRef: 0 }
[fareharbor-normalize] asn normalized { normalizedAsnToFhdn: 893, fixedMissingAsnRef: 0 }
[fareharbor-normalize] asn normalized { normalizedAsnToFhdn: 894, fixedMissingAsnRef: 0 }
[fareharbor-normalize] asn normalized { normalizedAsnToFhdn: 895, fixedMissingAsnRef: 0 }
[fareharbor-normalize] asn normalized { normalizedAsnToFhdn: 896, fixedMissingAsnRef: 0 }
[fareharbor-normalize] asn normalized { normalizedAsnToFhdn: 897, fixedMissingAsnRef: 0 }
[fareharbor-normalize] asn normalized { normalizedAsnToFhdn: 898, fixedMissingAsnRef: 0 }
[fareharbor-normalize] asn normalized { normalizedAsnToFhdn: 899, fixedMissingAsnRef: 0 }
[fareharbor-normalize] asn normalized { normalizedAsnToFhdn: 900, fixedMissingAsnRef: 0 }
[fareharbor-normalize] asn normalized { normalizedAsnToFhdn: 901, fixedMissingAsnRef: 0 }
[fareharbor-normalize] asn normalized { normalizedAsnToFhdn: 902, fixedMissingAsnRef: 0 }
[fareharbor-normalize] asn normalized { normalizedAsnToFhdn: 903, fixedMissingAsnRef: 0 }
[fareharbor-normalize] asn normalized { normalizedAsnToFhdn: 904, fixedMissingAsnRef: 0 }
[fareharbor-normalize] asn normalized { normalizedAsnToFhdn: 905, fixedMissingAsnRef: 0 }
[fareharbor-normalize] asn normalized { normalizedAsnToFhdn: 906, fixedMissingAsnRef: 0 }
[fareharbor-normalize] asn normalized { normalizedAsnToFhdn: 907, fixedMissingAsnRef: 0 }
[fareharbor-normalize] asn normalized { normalizedAsnToFhdn: 908, fixedMissingAsnRef: 0 }
[fareharbor-normalize] asn normalized { normalizedAsnToFhdn: 909, fixedMissingAsnRef: 0 }
[fareharbor-normalize] asn normalized { normalizedAsnToFhdn: 910, fixedMissingAsnRef: 0 }
[fareharbor-normalize] asn normalized { normalizedAsnToFhdn: 911, fixedMissingAsnRef: 0 }
[fareharbor-normalize] asn normalized { normalizedAsnToFhdn: 912, fixedMissingAsnRef: 0 }
[fareharbor-normalize] asn normalized { normalizedAsnToFhdn: 913, fixedMissingAsnRef: 0 }
[fareharbor-normalize] asn normalized { normalizedAsnToFhdn: 914, fixedMissingAsnRef: 0 }
[fareharbor-normalize] asn normalized { normalizedAsnToFhdn: 915, fixedMissingAsnRef: 0 }
[fareharbor-normalize] asn normalized { normalizedAsnToFhdn: 916, fixedMissingAsnRef: 0 }
[fareharbor-normalize] asn normalized { normalizedAsnToFhdn: 917, fixedMissingAsnRef: 0 }
[fareharbor-normalize] asn normalized { normalizedAsnToFhdn: 918, fixedMissingAsnRef: 0 }
[fareharbor-normalize] asn normalized { normalizedAsnToFhdn: 919, fixedMissingAsnRef: 0 }
[fareharbor-normalize] asn normalized { normalizedAsnToFhdn: 920, fixedMissingAsnRef: 0 }
[fareharbor-normalize] asn normalized { normalizedAsnToFhdn: 921, fixedMissingAsnRef: 0 }
[fareharbor-normalize] asn normalized { normalizedAsnToFhdn: 922, fixedMissingAsnRef: 0 }
[fareharbor-normalize] asn normalized { normalizedAsnToFhdn: 923, fixedMissingAsnRef: 0 }
[fareharbor-normalize] asn normalized { normalizedAsnToFhdn: 924, fixedMissingAsnRef: 0 }
[fareharbor-normalize] asn normalized { normalizedAsnToFhdn: 925, fixedMissingAsnRef: 0 }
[fareharbor-normalize] asn normalized { normalizedAsnToFhdn: 926, fixedMissingAsnRef: 0 }
[fareharbor-normalize] asn normalized { normalizedAsnToFhdn: 927, fixedMissingAsnRef: 0 }
[fareharbor-normalize] asn normalized { normalizedAsnToFhdn: 928, fixedMissingAsnRef: 0 }
[fareharbor-normalize] asn normalized { normalizedAsnToFhdn: 929, fixedMissingAsnRef: 0 }
[fareharbor-normalize] asn normalized { normalizedAsnToFhdn: 930, fixedMissingAsnRef: 0 }
[fareharbor-normalize] asn normalized { normalizedAsnToFhdn: 931, fixedMissingAsnRef: 0 }
[fareharbor-normalize] asn normalized { normalizedAsnToFhdn: 932, fixedMissingAsnRef: 0 }
[fareharbor-normalize] asn normalized { normalizedAsnToFhdn: 933, fixedMissingAsnRef: 0 }
[fareharbor-normalize] asn normalized { normalizedAsnToFhdn: 934, fixedMissingAsnRef: 0 }
[fareharbor-normalize] asn normalized { normalizedAsnToFhdn: 935, fixedMissingAsnRef: 0 }
[fareharbor-normalize] asn normalized { normalizedAsnToFhdn: 936, fixedMissingAsnRef: 0 }
[fareharbor-normalize] asn normalized { normalizedAsnToFhdn: 937, fixedMissingAsnRef: 0 }
[fareharbor-normalize] asn normalized { normalizedAsnToFhdn: 938, fixedMissingAsnRef: 0 }
[fareharbor-normalize] asn normalized { normalizedAsnToFhdn: 939, fixedMissingAsnRef: 0 }
[fareharbor-normalize] asn normalized { normalizedAsnToFhdn: 940, fixedMissingAsnRef: 0 }
[fareharbor-normalize] asn normalized { normalizedAsnToFhdn: 941, fixedMissingAsnRef: 0 }
[fareharbor-normalize] asn normalized { normalizedAsnToFhdn: 942, fixedMissingAsnRef: 0 }
[fareharbor-normalize] asn normalized { normalizedAsnToFhdn: 943, fixedMissingAsnRef: 0 }
[fareharbor-normalize] asn normalized { normalizedAsnToFhdn: 944, fixedMissingAsnRef: 0 }
[fareharbor-normalize] asn normalized { normalizedAsnToFhdn: 945, fixedMissingAsnRef: 0 }
[fareharbor-normalize] asn normalized { normalizedAsnToFhdn: 946, fixedMissingAsnRef: 0 }
[fareharbor-normalize] asn normalized { normalizedAsnToFhdn: 947, fixedMissingAsnRef: 0 }
[fareharbor-normalize] asn normalized { normalizedAsnToFhdn: 948, fixedMissingAsnRef: 0 }
[fareharbor-normalize] asn normalized { normalizedAsnToFhdn: 949, fixedMissingAsnRef: 0 }
[fareharbor-normalize] asn normalized { normalizedAsnToFhdn: 950, fixedMissingAsnRef: 0 }
[fareharbor-normalize] asn normalized { normalizedAsnToFhdn: 951, fixedMissingAsnRef: 0 }
[fareharbor-normalize] asn normalized { normalizedAsnToFhdn: 952, fixedMissingAsnRef: 0 }
[fareharbor-normalize] asn normalized { normalizedAsnToFhdn: 953, fixedMissingAsnRef: 0 }
[fareharbor-normalize] asn normalized { normalizedAsnToFhdn: 954, fixedMissingAsnRef: 0 }
[fareharbor-normalize] asn normalized { normalizedAsnToFhdn: 955, fixedMissingAsnRef: 0 }
[fareharbor-normalize] asn normalized { normalizedAsnToFhdn: 956, fixedMissingAsnRef: 0 }
[fareharbor-normalize] asn normalized { normalizedAsnToFhdn: 957, fixedMissingAsnRef: 0 }
[fareharbor-normalize] asn normalized { normalizedAsnToFhdn: 958, fixedMissingAsnRef: 0 }
[fareharbor-normalize] asn normalized { normalizedAsnToFhdn: 959, fixedMissingAsnRef: 0 }
[fareharbor-normalize] asn normalized { normalizedAsnToFhdn: 960, fixedMissingAsnRef: 0 }
[fareharbor-normalize] asn normalized { normalizedAsnToFhdn: 961, fixedMissingAsnRef: 0 }
[fareharbor-normalize] asn normalized { normalizedAsnToFhdn: 962, fixedMissingAsnRef: 0 }
[fareharbor-normalize] asn normalized { normalizedAsnToFhdn: 963, fixedMissingAsnRef: 0 }
[fareharbor-normalize] asn normalized { normalizedAsnToFhdn: 964, fixedMissingAsnRef: 0 }
[fareharbor-normalize] asn normalized { normalizedAsnToFhdn: 965, fixedMissingAsnRef: 0 }
[fareharbor-normalize] asn normalized { normalizedAsnToFhdn: 966, fixedMissingAsnRef: 0 }
[fareharbor-normalize] asn normalized { normalizedAsnToFhdn: 967, fixedMissingAsnRef: 0 }
[fareharbor-normalize] asn normalized { normalizedAsnToFhdn: 968, fixedMissingAsnRef: 0 }
[fareharbor-normalize] asn normalized { normalizedAsnToFhdn: 969, fixedMissingAsnRef: 0 }
[fareharbor-normalize] asn normalized { normalizedAsnToFhdn: 970, fixedMissingAsnRef: 0 }
[fareharbor-normalize] asn normalized { normalizedAsnToFhdn: 971, fixedMissingAsnRef: 0 }
[fareharbor-normalize] asn normalized { normalizedAsnToFhdn: 972, fixedMissingAsnRef: 0 }
[fareharbor-normalize] asn normalized { normalizedAsnToFhdn: 973, fixedMissingAsnRef: 0 }
[fareharbor-normalize] asn normalized { normalizedAsnToFhdn: 974, fixedMissingAsnRef: 0 }
[fareharbor-normalize] asn normalized { normalizedAsnToFhdn: 975, fixedMissingAsnRef: 0 }
[fareharbor-normalize] asn normalized { normalizedAsnToFhdn: 976, fixedMissingAsnRef: 0 }
[fareharbor-normalize] asn normalized { normalizedAsnToFhdn: 977, fixedMissingAsnRef: 0 }
[fareharbor-normalize] asn normalized { normalizedAsnToFhdn: 978, fixedMissingAsnRef: 0 }
[fareharbor-normalize] asn normalized { normalizedAsnToFhdn: 979, fixedMissingAsnRef: 0 }
[fareharbor-normalize] asn normalized { normalizedAsnToFhdn: 980, fixedMissingAsnRef: 0 }
[fareharbor-normalize] asn normalized { normalizedAsnToFhdn: 981, fixedMissingAsnRef: 0 }
[fareharbor-normalize] asn normalized { normalizedAsnToFhdn: 982, fixedMissingAsnRef: 0 }
[fareharbor-normalize] asn normalized { normalizedAsnToFhdn: 983, fixedMissingAsnRef: 0 }
[fareharbor-normalize] asn normalized { normalizedAsnToFhdn: 984, fixedMissingAsnRef: 0 }
[fareharbor-normalize] asn normalized { normalizedAsnToFhdn: 985, fixedMissingAsnRef: 0 }
[fareharbor-normalize] asn normalized { normalizedAsnToFhdn: 986, fixedMissingAsnRef: 0 }
[fareharbor-normalize] asn normalized { normalizedAsnToFhdn: 987, fixedMissingAsnRef: 0 }
[fareharbor-normalize] asn normalized { normalizedAsnToFhdn: 988, fixedMissingAsnRef: 0 }
[fareharbor-normalize] asn normalized { normalizedAsnToFhdn: 989, fixedMissingAsnRef: 0 }
[fareharbor-normalize] asn normalized { normalizedAsnToFhdn: 990, fixedMissingAsnRef: 0 }
[fareharbor-normalize] asn normalized { normalizedAsnToFhdn: 991, fixedMissingAsnRef: 0 }
[fareharbor-normalize] asn normalized { normalizedAsnToFhdn: 992, fixedMissingAsnRef: 0 }
[fareharbor-normalize] asn normalized { normalizedAsnToFhdn: 993, fixedMissingAsnRef: 0 }
[fareharbor-normalize] asn normalized { normalizedAsnToFhdn: 994, fixedMissingAsnRef: 0 }
[fareharbor-normalize] asn normalized { normalizedAsnToFhdn: 995, fixedMissingAsnRef: 0 }
[fareharbor-normalize] asn normalized { normalizedAsnToFhdn: 996, fixedMissingAsnRef: 0 }
[fareharbor-normalize] asn normalized { normalizedAsnToFhdn: 997, fixedMissingAsnRef: 0 }
[fareharbor-normalize] asn normalized { normalizedAsnToFhdn: 998, fixedMissingAsnRef: 0 }
[fareharbor-normalize] asn normalized { normalizedAsnToFhdn: 999, fixedMissingAsnRef: 0 }
[fareharbor-normalize] asn normalized { normalizedAsnToFhdn: 1000, fixedMissingAsnRef: 0 }
[fareharbor-normalize] asn normalized { normalizedAsnToFhdn: 1001, fixedMissingAsnRef: 0 }
[fareharbor-normalize] asn normalized { normalizedAsnToFhdn: 1002, fixedMissingAsnRef: 0 }
[fareharbor-normalize] asn normalized { normalizedAsnToFhdn: 1003, fixedMissingAsnRef: 0 }
[fareharbor-normalize] asn normalized { normalizedAsnToFhdn: 1004, fixedMissingAsnRef: 0 }
[fareharbor-normalize] asn normalized { normalizedAsnToFhdn: 1005, fixedMissingAsnRef: 0 }
[fareharbor-normalize] asn normalized { normalizedAsnToFhdn: 1006, fixedMissingAsnRef: 0 }
[fareharbor-normalize] asn normalized { normalizedAsnToFhdn: 1007, fixedMissingAsnRef: 0 }
[fareharbor-normalize] asn normalized { normalizedAsnToFhdn: 1008, fixedMissingAsnRef: 0 }
[fareharbor-normalize] asn normalized { normalizedAsnToFhdn: 1009, fixedMissingAsnRef: 0 }
[fareharbor-normalize] asn normalized { normalizedAsnToFhdn: 1010, fixedMissingAsnRef: 0 }
[fareharbor-normalize] asn normalized { normalizedAsnToFhdn: 1011, fixedMissingAsnRef: 0 }
[fareharbor-normalize] asn normalized { normalizedAsnToFhdn: 1012, fixedMissingAsnRef: 0 }
[fareharbor-normalize] asn normalized { normalizedAsnToFhdn: 1013, fixedMissingAsnRef: 0 }
[fareharbor-normalize] asn normalized { normalizedAsnToFhdn: 1014, fixedMissingAsnRef: 0 }
[fareharbor-normalize] asn normalized { normalizedAsnToFhdn: 1015, fixedMissingAsnRef: 0 }
[fareharbor-normalize] asn normalized { normalizedAsnToFhdn: 1016, fixedMissingAsnRef: 0 }
[fareharbor-normalize] asn normalized { normalizedAsnToFhdn: 1017, fixedMissingAsnRef: 0 }
[fareharbor-normalize] asn normalized { normalizedAsnToFhdn: 1018, fixedMissingAsnRef: 0 }
[fareharbor-normalize] asn normalized { normalizedAsnToFhdn: 1019, fixedMissingAsnRef: 0 }
[fareharbor-normalize] asn normalized { normalizedAsnToFhdn: 1020, fixedMissingAsnRef: 0 }
[fareharbor-normalize] asn normalized { normalizedAsnToFhdn: 1021, fixedMissingAsnRef: 0 }
[fareharbor-normalize] asn normalized { normalizedAsnToFhdn: 1022, fixedMissingAsnRef: 0 }
[fareharbor-normalize] asn normalized { normalizedAsnToFhdn: 1023, fixedMissingAsnRef: 0 }
[fareharbor-normalize] asn normalized { normalizedAsnToFhdn: 1024, fixedMissingAsnRef: 0 }
[fareharbor-normalize] asn normalized { normalizedAsnToFhdn: 1025, fixedMissingAsnRef: 0 }
[fareharbor-normalize] asn normalized { normalizedAsnToFhdn: 1026, fixedMissingAsnRef: 0 }
[fareharbor-normalize] asn normalized { normalizedAsnToFhdn: 1027, fixedMissingAsnRef: 0 }
[fareharbor-normalize] asn normalized { normalizedAsnToFhdn: 1028, fixedMissingAsnRef: 0 }
[fareharbor-normalize] asn normalized { normalizedAsnToFhdn: 1029, fixedMissingAsnRef: 0 }
[fareharbor-normalize] asn normalized { normalizedAsnToFhdn: 1030, fixedMissingAsnRef: 0 }
[fareharbor-normalize] asn normalized { normalizedAsnToFhdn: 1031, fixedMissingAsnRef: 0 }
[fareharbor-normalize] asn normalized { normalizedAsnToFhdn: 1032, fixedMissingAsnRef: 0 }
[fareharbor-normalize] asn normalized { normalizedAsnToFhdn: 1033, fixedMissingAsnRef: 0 }
[fareharbor-normalize] asn normalized { normalizedAsnToFhdn: 1034, fixedMissingAsnRef: 0 }
[fareharbor-normalize] asn normalized { normalizedAsnToFhdn: 1035, fixedMissingAsnRef: 0 }
[fareharbor-normalize] asn normalized { normalizedAsnToFhdn: 1036, fixedMissingAsnRef: 0 }
[fareharbor-normalize] asn normalized { normalizedAsnToFhdn: 1037, fixedMissingAsnRef: 0 }
[fareharbor-normalize] asn normalized { normalizedAsnToFhdn: 1038, fixedMissingAsnRef: 0 }
[fareharbor-normalize] asn normalized { normalizedAsnToFhdn: 1039, fixedMissingAsnRef: 0 }
[fareharbor-normalize] asn normalized { normalizedAsnToFhdn: 1040, fixedMissingAsnRef: 0 }
[fareharbor-normalize] asn normalized { normalizedAsnToFhdn: 1041, fixedMissingAsnRef: 0 }
[fareharbor-normalize] asn normalized { normalizedAsnToFhdn: 1042, fixedMissingAsnRef: 0 }
[fareharbor-normalize] asn normalized { normalizedAsnToFhdn: 1043, fixedMissingAsnRef: 0 }
[fareharbor-normalize] asn normalized { normalizedAsnToFhdn: 1044, fixedMissingAsnRef: 0 }
[fareharbor-normalize] asn normalized { normalizedAsnToFhdn: 1045, fixedMissingAsnRef: 0 }
[fareharbor-normalize] asn normalized { normalizedAsnToFhdn: 1046, fixedMissingAsnRef: 0 }
[fareharbor-normalize] asn normalized { normalizedAsnToFhdn: 1047, fixedMissingAsnRef: 0 }
[fareharbor-normalize] asn normalized { normalizedAsnToFhdn: 1048, fixedMissingAsnRef: 0 }
[fareharbor-normalize] asn normalized { normalizedAsnToFhdn: 1049, fixedMissingAsnRef: 0 }
[fareharbor-normalize] asn normalized { normalizedAsnToFhdn: 1050, fixedMissingAsnRef: 0 }
[fareharbor-normalize] asn normalized { normalizedAsnToFhdn: 1051, fixedMissingAsnRef: 0 }
[fareharbor-normalize] asn normalized { normalizedAsnToFhdn: 1052, fixedMissingAsnRef: 0 }
[fareharbor-normalize] asn normalized { normalizedAsnToFhdn: 1053, fixedMissingAsnRef: 0 }
[fareharbor-normalize] asn normalized { normalizedAsnToFhdn: 1054, fixedMissingAsnRef: 0 }
[fareharbor-normalize] asn normalized { normalizedAsnToFhdn: 1055, fixedMissingAsnRef: 0 }
[fareharbor-normalize] asn normalized { normalizedAsnToFhdn: 1056, fixedMissingAsnRef: 0 }
[fareharbor-normalize] asn normalized { normalizedAsnToFhdn: 1057, fixedMissingAsnRef: 0 }
[fareharbor-normalize] asn normalized { normalizedAsnToFhdn: 1058, fixedMissingAsnRef: 0 }
[fareharbor-normalize] asn normalized { normalizedAsnToFhdn: 1059, fixedMissingAsnRef: 0 }
[fareharbor-normalize] asn normalized { normalizedAsnToFhdn: 1060, fixedMissingAsnRef: 0 }
[fareharbor-normalize] asn normalized { normalizedAsnToFhdn: 1061, fixedMissingAsnRef: 0 }
[fareharbor-normalize] asn normalized { normalizedAsnToFhdn: 1062, fixedMissingAsnRef: 0 }
[fareharbor-normalize] asn normalized { normalizedAsnToFhdn: 1063, fixedMissingAsnRef: 0 }
[fareharbor-normalize] asn normalized { normalizedAsnToFhdn: 1064, fixedMissingAsnRef: 0 }
[fareharbor-normalize] asn normalized { normalizedAsnToFhdn: 1065, fixedMissingAsnRef: 0 }
[fareharbor-normalize] asn normalized { normalizedAsnToFhdn: 1066, fixedMissingAsnRef: 0 }
[fareharbor-normalize] asn normalized { normalizedAsnToFhdn: 1067, fixedMissingAsnRef: 0 }
[fareharbor-normalize] asn normalized { normalizedAsnToFhdn: 1068, fixedMissingAsnRef: 0 }
[fareharbor-normalize] asn normalized { normalizedAsnToFhdn: 1069, fixedMissingAsnRef: 0 }
[fareharbor-normalize] asn normalized { normalizedAsnToFhdn: 1070, fixedMissingAsnRef: 0 }
[fareharbor-normalize] asn normalized { normalizedAsnToFhdn: 1071, fixedMissingAsnRef: 0 }
[fareharbor-normalize] asn normalized { normalizedAsnToFhdn: 1072, fixedMissingAsnRef: 0 }
[fareharbor-normalize] asn normalized { normalizedAsnToFhdn: 1073, fixedMissingAsnRef: 0 }
[fareharbor-normalize] asn normalized { normalizedAsnToFhdn: 1074, fixedMissingAsnRef: 0 }
[fareharbor-normalize] asn normalized { normalizedAsnToFhdn: 1075, fixedMissingAsnRef: 0 }
[fareharbor-normalize] asn normalized { normalizedAsnToFhdn: 1076, fixedMissingAsnRef: 0 }
[fareharbor-normalize] asn normalized { normalizedAsnToFhdn: 1077, fixedMissingAsnRef: 0 }
[fareharbor-normalize] asn normalized { normalizedAsnToFhdn: 1078, fixedMissingAsnRef: 0 }
[fareharbor-normalize] asn normalized { normalizedAsnToFhdn: 1079, fixedMissingAsnRef: 0 }
[fareharbor-normalize] asn normalized { normalizedAsnToFhdn: 1080, fixedMissingAsnRef: 0 }
[fareharbor-normalize] asn normalized { normalizedAsnToFhdn: 1081, fixedMissingAsnRef: 0 }
[fareharbor-normalize] asn normalized { normalizedAsnToFhdn: 1082, fixedMissingAsnRef: 0 }
[fareharbor-normalize] asn normalized { normalizedAsnToFhdn: 1083, fixedMissingAsnRef: 0 }
[fareharbor-normalize] asn normalized { normalizedAsnToFhdn: 1084, fixedMissingAsnRef: 0 }
[fareharbor-normalize] asn normalized { normalizedAsnToFhdn: 1085, fixedMissingAsnRef: 0 }
[fareharbor-normalize] asn normalized { normalizedAsnToFhdn: 1086, fixedMissingAsnRef: 0 }
[fareharbor-normalize] asn normalized { normalizedAsnToFhdn: 1087, fixedMissingAsnRef: 0 }
[fareharbor-normalize] asn normalized { normalizedAsnToFhdn: 1088, fixedMissingAsnRef: 0 }
[fareharbor-normalize] asn normalized { normalizedAsnToFhdn: 1089, fixedMissingAsnRef: 0 }
[fareharbor-normalize] asn normalized { normalizedAsnToFhdn: 1090, fixedMissingAsnRef: 0 }
[fareharbor-normalize] asn normalized { normalizedAsnToFhdn: 1091, fixedMissingAsnRef: 0 }
[fareharbor-normalize] asn normalized { normalizedAsnToFhdn: 1092, fixedMissingAsnRef: 0 }
[fareharbor-normalize] asn normalized { normalizedAsnToFhdn: 1093, fixedMissingAsnRef: 0 }
[fareharbor-normalize] asn normalized { normalizedAsnToFhdn: 1094, fixedMissingAsnRef: 0 }
[fareharbor-normalize] asn normalized { normalizedAsnToFhdn: 1095, fixedMissingAsnRef: 0 }
[fareharbor-normalize] asn normalized { normalizedAsnToFhdn: 1096, fixedMissingAsnRef: 0 }
[fareharbor-normalize] asn normalized { normalizedAsnToFhdn: 1097, fixedMissingAsnRef: 0 }
[fareharbor-normalize] asn normalized { normalizedAsnToFhdn: 1098, fixedMissingAsnRef: 0 }
[fareharbor-normalize] asn normalized { normalizedAsnToFhdn: 1099, fixedMissingAsnRef: 0 }
[fareharbor-normalize] asn normalized { normalizedAsnToFhdn: 1100, fixedMissingAsnRef: 0 }
[fareharbor-normalize] asn normalized { normalizedAsnToFhdn: 1101, fixedMissingAsnRef: 0 }
[fareharbor-normalize] asn normalized { normalizedAsnToFhdn: 1102, fixedMissingAsnRef: 0 }
[fareharbor-normalize] asn normalized { normalizedAsnToFhdn: 1103, fixedMissingAsnRef: 0 }
[mexico] filtered US rows: 23
[puerto-vallarta] filtered rows: 0
[mexico] filtered US rows: 23
[puerto-vallarta] filtered rows: 0
[fareharbor-normalize] asn normalized { normalizedAsnToFhdn: 1, fixedMissingAsnRef: 0 }
[fareharbor-normalize] asn normalized { normalizedAsnToFhdn: 2, fixedMissingAsnRef: 0 }
[fareharbor-normalize] asn normalized { normalizedAsnToFhdn: 3, fixedMissingAsnRef: 0 }
[fareharbor-normalize] asn normalized { normalizedAsnToFhdn: 4, fixedMissingAsnRef: 0 }
[fareharbor-normalize] asn normalized { normalizedAsnToFhdn: 5, fixedMissingAsnRef: 0 }
[fareharbor-normalize] asn normalized { normalizedAsnToFhdn: 6, fixedMissingAsnRef: 0 }
[fareharbor-normalize] asn normalized { normalizedAsnToFhdn: 7, fixedMissingAsnRef: 0 }
[fareharbor-normalize] asn normalized { normalizedAsnToFhdn: 8, fixedMissingAsnRef: 0 }
[fareharbor-normalize] asn normalized { normalizedAsnToFhdn: 9, fixedMissingAsnRef: 0 }
[fareharbor-normalize] asn normalized { normalizedAsnToFhdn: 10, fixedMissingAsnRef: 0 }
[fareharbor-normalize] asn normalized { normalizedAsnToFhdn: 11, fixedMissingAsnRef: 0 }
[fareharbor-normalize] asn normalized { normalizedAsnToFhdn: 12, fixedMissingAsnRef: 0 }
[fareharbor-normalize] asn normalized { normalizedAsnToFhdn: 13, fixedMissingAsnRef: 0 }
[fareharbor-normalize] asn normalized { normalizedAsnToFhdn: 14, fixedMissingAsnRef: 0 }
[fareharbor-normalize] asn normalized { normalizedAsnToFhdn: 15, fixedMissingAsnRef: 0 }
[fareharbor-normalize] asn normalized { normalizedAsnToFhdn: 16, fixedMissingAsnRef: 0 }
[fareharbor-normalize] asn normalized { normalizedAsnToFhdn: 17, fixedMissingAsnRef: 0 }
[fareharbor-normalize] asn normalized { normalizedAsnToFhdn: 18, fixedMissingAsnRef: 0 }
[fareharbor-normalize] asn normalized { normalizedAsnToFhdn: 19, fixedMissingAsnRef: 0 }
[fareharbor-normalize] asn normalized { normalizedAsnToFhdn: 20, fixedMissingAsnRef: 0 }
[fareharbor-normalize] asn normalized { normalizedAsnToFhdn: 21, fixedMissingAsnRef: 0 }
[fareharbor-normalize] asn normalized { normalizedAsnToFhdn: 22, fixedMissingAsnRef: 0 }
[fareharbor-normalize] asn normalized { normalizedAsnToFhdn: 23, fixedMissingAsnRef: 0 }
[fareharbor-normalize] asn normalized { normalizedAsnToFhdn: 24, fixedMissingAsnRef: 0 }
[fareharbor-normalize] asn normalized { normalizedAsnToFhdn: 25, fixedMissingAsnRef: 0 }
[fareharbor-normalize] asn normalized { normalizedAsnToFhdn: 26, fixedMissingAsnRef: 0 }
[fareharbor-normalize] asn normalized { normalizedAsnToFhdn: 27, fixedMissingAsnRef: 0 }
[fareharbor-normalize] asn normalized { normalizedAsnToFhdn: 28, fixedMissingAsnRef: 0 }
[fareharbor-normalize] asn normalized { normalizedAsnToFhdn: 29, fixedMissingAsnRef: 0 }
[fareharbor-normalize] asn normalized { normalizedAsnToFhdn: 30, fixedMissingAsnRef: 0 }
[fareharbor-normalize] asn normalized { normalizedAsnToFhdn: 31, fixedMissingAsnRef: 0 }
[fareharbor-normalize] asn normalized { normalizedAsnToFhdn: 32, fixedMissingAsnRef: 0 }
[fareharbor-normalize] asn normalized { normalizedAsnToFhdn: 33, fixedMissingAsnRef: 0 }
[fareharbor-normalize] asn normalized { normalizedAsnToFhdn: 34, fixedMissingAsnRef: 0 }
[fareharbor-normalize] asn normalized { normalizedAsnToFhdn: 35, fixedMissingAsnRef: 0 }
[fareharbor-normalize] asn normalized { normalizedAsnToFhdn: 36, fixedMissingAsnRef: 0 }
[fareharbor-normalize] asn normalized { normalizedAsnToFhdn: 37, fixedMissingAsnRef: 0 }
[fareharbor-normalize] asn normalized { normalizedAsnToFhdn: 38, fixedMissingAsnRef: 0 }
[fareharbor-normalize] asn normalized { normalizedAsnToFhdn: 39, fixedMissingAsnRef: 0 }
[fareharbor-normalize] asn normalized { normalizedAsnToFhdn: 40, fixedMissingAsnRef: 0 }
[fareharbor-normalize] asn normalized { normalizedAsnToFhdn: 41, fixedMissingAsnRef: 0 }
[fareharbor-normalize] asn normalized { normalizedAsnToFhdn: 42, fixedMissingAsnRef: 0 }
[fareharbor-normalize] asn normalized { normalizedAsnToFhdn: 43, fixedMissingAsnRef: 0 }
[fareharbor-normalize] asn normalized { normalizedAsnToFhdn: 44, fixedMissingAsnRef: 0 }
[fareharbor-normalize] asn normalized { normalizedAsnToFhdn: 45, fixedMissingAsnRef: 0 }
[fareharbor-normalize] asn normalized { normalizedAsnToFhdn: 46, fixedMissingAsnRef: 0 }
[fareharbor-normalize] asn normalized { normalizedAsnToFhdn: 47, fixedMissingAsnRef: 0 }
[fareharbor-normalize] asn normalized { normalizedAsnToFhdn: 48, fixedMissingAsnRef: 0 }
[fareharbor-normalize] asn normalized { normalizedAsnToFhdn: 49, fixedMissingAsnRef: 0 }
[fareharbor-normalize] asn normalized { normalizedAsnToFhdn: 50, fixedMissingAsnRef: 0 }
[fareharbor-normalize] asn normalized { normalizedAsnToFhdn: 51, fixedMissingAsnRef: 0 }
[fareharbor-normalize] asn normalized { normalizedAsnToFhdn: 52, fixedMissingAsnRef: 0 }
[fareharbor-normalize] asn normalized { normalizedAsnToFhdn: 53, fixedMissingAsnRef: 0 }
[fareharbor-normalize] asn normalized { normalizedAsnToFhdn: 54, fixedMissingAsnRef: 0 }
[fareharbor-normalize] asn normalized { normalizedAsnToFhdn: 55, fixedMissingAsnRef: 0 }
[fareharbor-normalize] asn normalized { normalizedAsnToFhdn: 56, fixedMissingAsnRef: 0 }
[fareharbor-normalize] asn normalized { normalizedAsnToFhdn: 57, fixedMissingAsnRef: 0 }
[fareharbor-normalize] asn normalized { normalizedAsnToFhdn: 58, fixedMissingAsnRef: 0 }
[fareharbor-normalize] asn normalized { normalizedAsnToFhdn: 59, fixedMissingAsnRef: 0 }
[fareharbor-normalize] asn normalized { normalizedAsnToFhdn: 60, fixedMissingAsnRef: 0 }
[fareharbor-normalize] asn normalized { normalizedAsnToFhdn: 61, fixedMissingAsnRef: 0 }
[fareharbor-normalize] asn normalized { normalizedAsnToFhdn: 62, fixedMissingAsnRef: 0 }
[fareharbor-normalize] asn normalized { normalizedAsnToFhdn: 63, fixedMissingAsnRef: 0 }
[fareharbor-normalize] asn normalized { normalizedAsnToFhdn: 64, fixedMissingAsnRef: 0 }
[fareharbor-normalize] asn normalized { normalizedAsnToFhdn: 65, fixedMissingAsnRef: 0 }
[fareharbor-normalize] asn normalized { normalizedAsnToFhdn: 66, fixedMissingAsnRef: 0 }
[fareharbor-normalize] asn normalized { normalizedAsnToFhdn: 67, fixedMissingAsnRef: 0 }
[fareharbor-normalize] asn normalized { normalizedAsnToFhdn: 68, fixedMissingAsnRef: 0 }
[fareharbor-normalize] asn normalized { normalizedAsnToFhdn: 69, fixedMissingAsnRef: 0 }
[fareharbor-normalize] asn normalized { normalizedAsnToFhdn: 70, fixedMissingAsnRef: 0 }
[fareharbor-normalize] asn normalized { normalizedAsnToFhdn: 71, fixedMissingAsnRef: 0 }
[fareharbor-normalize] asn normalized { normalizedAsnToFhdn: 72, fixedMissingAsnRef: 0 }
[fareharbor-normalize] asn normalized { normalizedAsnToFhdn: 73, fixedMissingAsnRef: 0 }
[fareharbor-normalize] asn normalized { normalizedAsnToFhdn: 74, fixedMissingAsnRef: 0 }
[fareharbor-normalize] asn normalized { normalizedAsnToFhdn: 75, fixedMissingAsnRef: 0 }
[fareharbor-normalize] asn normalized { normalizedAsnToFhdn: 76, fixedMissingAsnRef: 0 }
[fareharbor-normalize] asn normalized { normalizedAsnToFhdn: 77, fixedMissingAsnRef: 0 }
[fareharbor-normalize] asn normalized { normalizedAsnToFhdn: 78, fixedMissingAsnRef: 0 }
[fareharbor-normalize] asn normalized { normalizedAsnToFhdn: 79, fixedMissingAsnRef: 0 }
[fareharbor-normalize] asn normalized { normalizedAsnToFhdn: 80, fixedMissingAsnRef: 0 }
[fareharbor-normalize] asn normalized { normalizedAsnToFhdn: 81, fixedMissingAsnRef: 0 }
[fareharbor-normalize] asn normalized { normalizedAsnToFhdn: 82, fixedMissingAsnRef: 0 }
[fareharbor-normalize] asn normalized { normalizedAsnToFhdn: 83, fixedMissingAsnRef: 0 }
[fareharbor-normalize] asn normalized { normalizedAsnToFhdn: 84, fixedMissingAsnRef: 0 }
[fareharbor-normalize] asn normalized { normalizedAsnToFhdn: 85, fixedMissingAsnRef: 0 }
[fareharbor-normalize] asn normalized { normalizedAsnToFhdn: 86, fixedMissingAsnRef: 0 }
[fareharbor-normalize] asn normalized { normalizedAsnToFhdn: 87, fixedMissingAsnRef: 0 }
[fareharbor-normalize] asn normalized { normalizedAsnToFhdn: 88, fixedMissingAsnRef: 0 }
[fareharbor-normalize] asn normalized { normalizedAsnToFhdn: 89, fixedMissingAsnRef: 0 }
[fareharbor-normalize] asn normalized { normalizedAsnToFhdn: 90, fixedMissingAsnRef: 0 }
[fareharbor-normalize] asn normalized { normalizedAsnToFhdn: 91, fixedMissingAsnRef: 0 }
[fareharbor-normalize] asn normalized { normalizedAsnToFhdn: 92, fixedMissingAsnRef: 0 }
[fareharbor-normalize] asn normalized { normalizedAsnToFhdn: 93, fixedMissingAsnRef: 0 }
[fareharbor-normalize] asn normalized { normalizedAsnToFhdn: 94, fixedMissingAsnRef: 0 }
[fareharbor-normalize] asn normalized { normalizedAsnToFhdn: 95, fixedMissingAsnRef: 0 }
[fareharbor-normalize] asn normalized { normalizedAsnToFhdn: 96, fixedMissingAsnRef: 0 }
[fareharbor-normalize] asn normalized { normalizedAsnToFhdn: 97, fixedMissingAsnRef: 0 }
[fareharbor-normalize] asn normalized { normalizedAsnToFhdn: 98, fixedMissingAsnRef: 0 }
[fareharbor-normalize] asn normalized { normalizedAsnToFhdn: 99, fixedMissingAsnRef: 0 }
[fareharbor-normalize] asn normalized { normalizedAsnToFhdn: 100, fixedMissingAsnRef: 0 }
[fareharbor-normalize] asn normalized { normalizedAsnToFhdn: 101, fixedMissingAsnRef: 0 }
[fareharbor-normalize] asn normalized { normalizedAsnToFhdn: 102, fixedMissingAsnRef: 0 }
[fareharbor-normalize] asn normalized { normalizedAsnToFhdn: 103, fixedMissingAsnRef: 0 }
[fareharbor-normalize] asn normalized { normalizedAsnToFhdn: 104, fixedMissingAsnRef: 0 }
[fareharbor-normalize] asn normalized { normalizedAsnToFhdn: 105, fixedMissingAsnRef: 0 }
[fareharbor-normalize] asn normalized { normalizedAsnToFhdn: 106, fixedMissingAsnRef: 0 }
[fareharbor-normalize] asn normalized { normalizedAsnToFhdn: 107, fixedMissingAsnRef: 0 }
[fareharbor-normalize] asn normalized { normalizedAsnToFhdn: 108, fixedMissingAsnRef: 0 }
[fareharbor-normalize] asn normalized { normalizedAsnToFhdn: 109, fixedMissingAsnRef: 0 }
[fareharbor-normalize] asn normalized { normalizedAsnToFhdn: 110, fixedMissingAsnRef: 0 }
[fareharbor-normalize] asn normalized { normalizedAsnToFhdn: 111, fixedMissingAsnRef: 0 }
[fareharbor-normalize] asn normalized { normalizedAsnToFhdn: 112, fixedMissingAsnRef: 0 }
[fareharbor-normalize] asn normalized { normalizedAsnToFhdn: 113, fixedMissingAsnRef: 0 }
[fareharbor-normalize] asn normalized { normalizedAsnToFhdn: 114, fixedMissingAsnRef: 0 }
[fareharbor-normalize] asn normalized { normalizedAsnToFhdn: 115, fixedMissingAsnRef: 0 }
[fareharbor-normalize] asn normalized { normalizedAsnToFhdn: 116, fixedMissingAsnRef: 0 }
[fareharbor-normalize] asn normalized { normalizedAsnToFhdn: 117, fixedMissingAsnRef: 0 }
[fareharbor-normalize] asn normalized { normalizedAsnToFhdn: 118, fixedMissingAsnRef: 0 }
[fareharbor-normalize] asn normalized { normalizedAsnToFhdn: 119, fixedMissingAsnRef: 0 }
[fareharbor-normalize] asn normalized { normalizedAsnToFhdn: 120, fixedMissingAsnRef: 0 }
[fareharbor-normalize] asn normalized { normalizedAsnToFhdn: 121, fixedMissingAsnRef: 0 }
[fareharbor-normalize] asn normalized { normalizedAsnToFhdn: 122, fixedMissingAsnRef: 0 }
[fareharbor-normalize] asn normalized { normalizedAsnToFhdn: 123, fixedMissingAsnRef: 0 }
[fareharbor-normalize] asn normalized { normalizedAsnToFhdn: 124, fixedMissingAsnRef: 0 }
[fareharbor-normalize] asn normalized { normalizedAsnToFhdn: 125, fixedMissingAsnRef: 0 }
[fareharbor-normalize] asn normalized { normalizedAsnToFhdn: 126, fixedMissingAsnRef: 0 }
[fareharbor-normalize] asn normalized { normalizedAsnToFhdn: 127, fixedMissingAsnRef: 0 }
[fareharbor-normalize] asn normalized { normalizedAsnToFhdn: 128, fixedMissingAsnRef: 0 }
[fareharbor-normalize] asn normalized { normalizedAsnToFhdn: 129, fixedMissingAsnRef: 0 }
[fareharbor-normalize] asn normalized { normalizedAsnToFhdn: 130, fixedMissingAsnRef: 0 }
[fareharbor-normalize] asn normalized { normalizedAsnToFhdn: 131, fixedMissingAsnRef: 0 }
[fareharbor-normalize] asn normalized { normalizedAsnToFhdn: 132, fixedMissingAsnRef: 0 }
[fareharbor-normalize] asn normalized { normalizedAsnToFhdn: 133, fixedMissingAsnRef: 0 }
[fareharbor-normalize] asn normalized { normalizedAsnToFhdn: 134, fixedMissingAsnRef: 0 }
[fareharbor-normalize] asn normalized { normalizedAsnToFhdn: 135, fixedMissingAsnRef: 0 }
[fareharbor-normalize] asn normalized { normalizedAsnToFhdn: 136, fixedMissingAsnRef: 0 }
[fareharbor-normalize] asn normalized { normalizedAsnToFhdn: 137, fixedMissingAsnRef: 0 }
[fareharbor-normalize] asn normalized { normalizedAsnToFhdn: 138, fixedMissingAsnRef: 0 }
[fareharbor-normalize] asn normalized { normalizedAsnToFhdn: 139, fixedMissingAsnRef: 0 }
[fareharbor-normalize] asn normalized { normalizedAsnToFhdn: 140, fixedMissingAsnRef: 0 }
[fareharbor-normalize] asn normalized { normalizedAsnToFhdn: 141, fixedMissingAsnRef: 0 }
[fareharbor-normalize] asn normalized { normalizedAsnToFhdn: 142, fixedMissingAsnRef: 0 }
[fareharbor-normalize] asn normalized { normalizedAsnToFhdn: 143, fixedMissingAsnRef: 0 }
[fareharbor-normalize] asn normalized { normalizedAsnToFhdn: 144, fixedMissingAsnRef: 0 }
[fareharbor-normalize] asn normalized { normalizedAsnToFhdn: 145, fixedMissingAsnRef: 0 }
[fareharbor-normalize] asn normalized { normalizedAsnToFhdn: 146, fixedMissingAsnRef: 0 }
[fareharbor-normalize] asn normalized { normalizedAsnToFhdn: 147, fixedMissingAsnRef: 0 }
[fareharbor-normalize] asn normalized { normalizedAsnToFhdn: 148, fixedMissingAsnRef: 0 }
[fareharbor-normalize] asn normalized { normalizedAsnToFhdn: 149, fixedMissingAsnRef: 0 }
[fareharbor-normalize] asn normalized { normalizedAsnToFhdn: 150, fixedMissingAsnRef: 0 }
[fareharbor-normalize] asn normalized { normalizedAsnToFhdn: 151, fixedMissingAsnRef: 0 }
[fareharbor-normalize] asn normalized { normalizedAsnToFhdn: 152, fixedMissingAsnRef: 0 }
[fareharbor-normalize] asn normalized { normalizedAsnToFhdn: 153, fixedMissingAsnRef: 0 }
[fareharbor-normalize] asn normalized { normalizedAsnToFhdn: 154, fixedMissingAsnRef: 0 }
[fareharbor-normalize] asn normalized { normalizedAsnToFhdn: 155, fixedMissingAsnRef: 0 }
[fareharbor-normalize] asn normalized { normalizedAsnToFhdn: 156, fixedMissingAsnRef: 0 }
[fareharbor-normalize] asn normalized { normalizedAsnToFhdn: 157, fixedMissingAsnRef: 0 }
[fareharbor-normalize] asn normalized { normalizedAsnToFhdn: 158, fixedMissingAsnRef: 0 }
[fareharbor-normalize] asn normalized { normalizedAsnToFhdn: 159, fixedMissingAsnRef: 0 }
[fareharbor-normalize] asn normalized { normalizedAsnToFhdn: 160, fixedMissingAsnRef: 0 }
[fareharbor-normalize] asn normalized { normalizedAsnToFhdn: 161, fixedMissingAsnRef: 0 }
[fareharbor-normalize] asn normalized { normalizedAsnToFhdn: 162, fixedMissingAsnRef: 0 }
[fareharbor-normalize] asn normalized { normalizedAsnToFhdn: 163, fixedMissingAsnRef: 0 }
[fareharbor-normalize] asn normalized { normalizedAsnToFhdn: 164, fixedMissingAsnRef: 0 }
[fareharbor-normalize] asn normalized { normalizedAsnToFhdn: 165, fixedMissingAsnRef: 0 }
[fareharbor-normalize] asn normalized { normalizedAsnToFhdn: 166, fixedMissingAsnRef: 0 }
[fareharbor-normalize] asn normalized { normalizedAsnToFhdn: 167, fixedMissingAsnRef: 0 }
[fareharbor-normalize] asn normalized { normalizedAsnToFhdn: 168, fixedMissingAsnRef: 0 }
[fareharbor-normalize] asn normalized { normalizedAsnToFhdn: 169, fixedMissingAsnRef: 0 }
[fareharbor-normalize] asn normalized { normalizedAsnToFhdn: 170, fixedMissingAsnRef: 0 }
[fareharbor-normalize] asn normalized { normalizedAsnToFhdn: 171, fixedMissingAsnRef: 0 }
[fareharbor-normalize] asn normalized { normalizedAsnToFhdn: 172, fixedMissingAsnRef: 0 }
[fareharbor-normalize] asn normalized { normalizedAsnToFhdn: 173, fixedMissingAsnRef: 0 }
[fareharbor-normalize] asn normalized { normalizedAsnToFhdn: 174, fixedMissingAsnRef: 0 }
[fareharbor-normalize] asn normalized { normalizedAsnToFhdn: 175, fixedMissingAsnRef: 0 }
[fareharbor-normalize] asn normalized { normalizedAsnToFhdn: 176, fixedMissingAsnRef: 0 }
[fareharbor-normalize] asn normalized { normalizedAsnToFhdn: 177, fixedMissingAsnRef: 0 }
[fareharbor-normalize] asn normalized { normalizedAsnToFhdn: 178, fixedMissingAsnRef: 0 }
[fareharbor-normalize] asn normalized { normalizedAsnToFhdn: 179, fixedMissingAsnRef: 0 }
[fareharbor-normalize] asn normalized { normalizedAsnToFhdn: 180, fixedMissingAsnRef: 0 }
[fareharbor-normalize] asn normalized { normalizedAsnToFhdn: 181, fixedMissingAsnRef: 0 }
[fareharbor-normalize] asn normalized { normalizedAsnToFhdn: 182, fixedMissingAsnRef: 0 }
[fareharbor-normalize] asn normalized { normalizedAsnToFhdn: 183, fixedMissingAsnRef: 0 }
[fareharbor-normalize] asn normalized { normalizedAsnToFhdn: 184, fixedMissingAsnRef: 0 }
[fareharbor-normalize] asn normalized { normalizedAsnToFhdn: 185, fixedMissingAsnRef: 0 }
[fareharbor-normalize] asn normalized { normalizedAsnToFhdn: 186, fixedMissingAsnRef: 0 }
[fareharbor-normalize] asn normalized { normalizedAsnToFhdn: 187, fixedMissingAsnRef: 0 }
[fareharbor-normalize] asn normalized { normalizedAsnToFhdn: 188, fixedMissingAsnRef: 0 }
[fareharbor-normalize] asn normalized { normalizedAsnToFhdn: 189, fixedMissingAsnRef: 0 }
[fareharbor-normalize] asn normalized { normalizedAsnToFhdn: 190, fixedMissingAsnRef: 0 }
[fareharbor-normalize] asn normalized { normalizedAsnToFhdn: 191, fixedMissingAsnRef: 0 }
[fareharbor-normalize] asn normalized { normalizedAsnToFhdn: 192, fixedMissingAsnRef: 0 }
[fareharbor-normalize] asn normalized { normalizedAsnToFhdn: 193, fixedMissingAsnRef: 0 }
[fareharbor-normalize] asn normalized { normalizedAsnToFhdn: 194, fixedMissingAsnRef: 0 }
[fareharbor-normalize] asn normalized { normalizedAsnToFhdn: 195, fixedMissingAsnRef: 0 }
[fareharbor-normalize] asn normalized { normalizedAsnToFhdn: 196, fixedMissingAsnRef: 0 }
[fareharbor-normalize] asn normalized { normalizedAsnToFhdn: 197, fixedMissingAsnRef: 0 }
[fareharbor-normalize] asn normalized { normalizedAsnToFhdn: 198, fixedMissingAsnRef: 0 }
[fareharbor-normalize] asn normalized { normalizedAsnToFhdn: 199, fixedMissingAsnRef: 0 }
[fareharbor-normalize] asn normalized { normalizedAsnToFhdn: 200, fixedMissingAsnRef: 0 }
[fareharbor-normalize] asn normalized { normalizedAsnToFhdn: 201, fixedMissingAsnRef: 0 }
[fareharbor-normalize] asn normalized { normalizedAsnToFhdn: 202, fixedMissingAsnRef: 0 }
[fareharbor-normalize] asn normalized { normalizedAsnToFhdn: 203, fixedMissingAsnRef: 0 }
[fareharbor-normalize] asn normalized { normalizedAsnToFhdn: 204, fixedMissingAsnRef: 0 }
[fareharbor-normalize] asn normalized { normalizedAsnToFhdn: 205, fixedMissingAsnRef: 0 }
[fareharbor-normalize] asn normalized { normalizedAsnToFhdn: 206, fixedMissingAsnRef: 0 }
[fareharbor-normalize] asn normalized { normalizedAsnToFhdn: 207, fixedMissingAsnRef: 0 }
[fareharbor-normalize] asn normalized { normalizedAsnToFhdn: 208, fixedMissingAsnRef: 0 }
[fareharbor-normalize] asn normalized { normalizedAsnToFhdn: 209, fixedMissingAsnRef: 0 }
[fareharbor-normalize] asn normalized { normalizedAsnToFhdn: 210, fixedMissingAsnRef: 0 }
[fareharbor-normalize] asn normalized { normalizedAsnToFhdn: 211, fixedMissingAsnRef: 0 }
[fareharbor-normalize] asn normalized { normalizedAsnToFhdn: 212, fixedMissingAsnRef: 0 }
[fareharbor-normalize] asn normalized { normalizedAsnToFhdn: 213, fixedMissingAsnRef: 0 }
[fareharbor-normalize] asn normalized { normalizedAsnToFhdn: 214, fixedMissingAsnRef: 0 }
[fareharbor-normalize] asn normalized { normalizedAsnToFhdn: 215, fixedMissingAsnRef: 0 }
[fareharbor-normalize] asn normalized { normalizedAsnToFhdn: 216, fixedMissingAsnRef: 0 }
[fareharbor-normalize] asn normalized { normalizedAsnToFhdn: 217, fixedMissingAsnRef: 0 }
[fareharbor-normalize] asn normalized { normalizedAsnToFhdn: 218, fixedMissingAsnRef: 0 }
[fareharbor-normalize] asn normalized { normalizedAsnToFhdn: 219, fixedMissingAsnRef: 0 }
[fareharbor-normalize] asn normalized { normalizedAsnToFhdn: 220, fixedMissingAsnRef: 0 }
[fareharbor-normalize] asn normalized { normalizedAsnToFhdn: 221, fixedMissingAsnRef: 0 }
[fareharbor-normalize] asn normalized { normalizedAsnToFhdn: 222, fixedMissingAsnRef: 0 }
[fareharbor-normalize] asn normalized { normalizedAsnToFhdn: 223, fixedMissingAsnRef: 0 }
[fareharbor-normalize] asn normalized { normalizedAsnToFhdn: 224, fixedMissingAsnRef: 0 }
[fareharbor-normalize] asn normalized { normalizedAsnToFhdn: 225, fixedMissingAsnRef: 0 }
[fareharbor-normalize] asn normalized { normalizedAsnToFhdn: 226, fixedMissingAsnRef: 0 }
[fareharbor-normalize] asn normalized { normalizedAsnToFhdn: 227, fixedMissingAsnRef: 0 }
[fareharbor-normalize] asn normalized { normalizedAsnToFhdn: 228, fixedMissingAsnRef: 0 }
[fareharbor-normalize] asn normalized { normalizedAsnToFhdn: 229, fixedMissingAsnRef: 0 }
[fareharbor-normalize] asn normalized { normalizedAsnToFhdn: 230, fixedMissingAsnRef: 0 }
[fareharbor-normalize] asn normalized { normalizedAsnToFhdn: 231, fixedMissingAsnRef: 0 }
[fareharbor-normalize] asn normalized { normalizedAsnToFhdn: 232, fixedMissingAsnRef: 0 }
[fareharbor-normalize] asn normalized { normalizedAsnToFhdn: 233, fixedMissingAsnRef: 0 }
[fareharbor-normalize] asn normalized { normalizedAsnToFhdn: 234, fixedMissingAsnRef: 0 }
[fareharbor-normalize] asn normalized { normalizedAsnToFhdn: 235, fixedMissingAsnRef: 0 }
[fareharbor-normalize] asn normalized { normalizedAsnToFhdn: 236, fixedMissingAsnRef: 0 }
[fareharbor-normalize] asn normalized { normalizedAsnToFhdn: 237, fixedMissingAsnRef: 0 }
[fareharbor-normalize] asn normalized { normalizedAsnToFhdn: 238, fixedMissingAsnRef: 0 }
[fareharbor-normalize] asn normalized { normalizedAsnToFhdn: 239, fixedMissingAsnRef: 0 }
[fareharbor-normalize] asn normalized { normalizedAsnToFhdn: 240, fixedMissingAsnRef: 0 }
[fareharbor-normalize] asn normalized { normalizedAsnToFhdn: 241, fixedMissingAsnRef: 0 }
[fareharbor-normalize] asn normalized { normalizedAsnToFhdn: 242, fixedMissingAsnRef: 0 }
[fareharbor-normalize] asn normalized { normalizedAsnToFhdn: 243, fixedMissingAsnRef: 0 }
[fareharbor-normalize] asn normalized { normalizedAsnToFhdn: 244, fixedMissingAsnRef: 0 }
[fareharbor-normalize] asn normalized { normalizedAsnToFhdn: 245, fixedMissingAsnRef: 0 }
[fareharbor-normalize] asn normalized { normalizedAsnToFhdn: 246, fixedMissingAsnRef: 0 }
[fareharbor-normalize] asn normalized { normalizedAsnToFhdn: 247, fixedMissingAsnRef: 0 }
[fareharbor-normalize] asn normalized { normalizedAsnToFhdn: 248, fixedMissingAsnRef: 0 }
[fareharbor-normalize] asn normalized { normalizedAsnToFhdn: 249, fixedMissingAsnRef: 0 }
[fareharbor-normalize] asn normalized { normalizedAsnToFhdn: 250, fixedMissingAsnRef: 0 }
[fareharbor-normalize] asn normalized { normalizedAsnToFhdn: 251, fixedMissingAsnRef: 0 }
[fareharbor-normalize] asn normalized { normalizedAsnToFhdn: 252, fixedMissingAsnRef: 0 }
[fareharbor-normalize] asn normalized { normalizedAsnToFhdn: 253, fixedMissingAsnRef: 0 }
[fareharbor-normalize] asn normalized { normalizedAsnToFhdn: 254, fixedMissingAsnRef: 0 }
[fareharbor-normalize] asn normalized { normalizedAsnToFhdn: 255, fixedMissingAsnRef: 0 }
[fareharbor-normalize] asn normalized { normalizedAsnToFhdn: 256, fixedMissingAsnRef: 0 }
[fareharbor-normalize] asn normalized { normalizedAsnToFhdn: 257, fixedMissingAsnRef: 0 }
[fareharbor-normalize] asn normalized { normalizedAsnToFhdn: 258, fixedMissingAsnRef: 0 }
[fareharbor-normalize] asn normalized { normalizedAsnToFhdn: 259, fixedMissingAsnRef: 0 }
[fareharbor-normalize] asn normalized { normalizedAsnToFhdn: 260, fixedMissingAsnRef: 0 }
[fareharbor-normalize] asn normalized { normalizedAsnToFhdn: 261, fixedMissingAsnRef: 0 }
[fareharbor-normalize] asn normalized { normalizedAsnToFhdn: 262, fixedMissingAsnRef: 0 }
[fareharbor-normalize] asn normalized { normalizedAsnToFhdn: 263, fixedMissingAsnRef: 0 }
[fareharbor-normalize] asn normalized { normalizedAsnToFhdn: 264, fixedMissingAsnRef: 0 }
[fareharbor-normalize] asn normalized { normalizedAsnToFhdn: 265, fixedMissingAsnRef: 0 }
[fareharbor-normalize] asn normalized { normalizedAsnToFhdn: 266, fixedMissingAsnRef: 0 }
[fareharbor-normalize] asn normalized { normalizedAsnToFhdn: 267, fixedMissingAsnRef: 0 }
[fareharbor-normalize] asn normalized { normalizedAsnToFhdn: 268, fixedMissingAsnRef: 0 }
[fareharbor-normalize] asn normalized { normalizedAsnToFhdn: 269, fixedMissingAsnRef: 0 }
[fareharbor-normalize] asn normalized { normalizedAsnToFhdn: 270, fixedMissingAsnRef: 0 }
[fareharbor-normalize] asn normalized { normalizedAsnToFhdn: 271, fixedMissingAsnRef: 0 }
[fareharbor-normalize] asn normalized { normalizedAsnToFhdn: 272, fixedMissingAsnRef: 0 }
[fareharbor-normalize] asn normalized { normalizedAsnToFhdn: 273, fixedMissingAsnRef: 0 }
[fareharbor-normalize] asn normalized { normalizedAsnToFhdn: 274, fixedMissingAsnRef: 0 }
[fareharbor-normalize] asn normalized { normalizedAsnToFhdn: 275, fixedMissingAsnRef: 0 }
[fareharbor-normalize] asn normalized { normalizedAsnToFhdn: 276, fixedMissingAsnRef: 0 }
[fareharbor-normalize] asn normalized { normalizedAsnToFhdn: 277, fixedMissingAsnRef: 0 }
[fareharbor-normalize] asn normalized { normalizedAsnToFhdn: 278, fixedMissingAsnRef: 0 }
[fareharbor-normalize] asn normalized { normalizedAsnToFhdn: 279, fixedMissingAsnRef: 0 }
[fareharbor-normalize] asn normalized { normalizedAsnToFhdn: 280, fixedMissingAsnRef: 0 }
[fareharbor-normalize] asn normalized { normalizedAsnToFhdn: 281, fixedMissingAsnRef: 0 }
[fareharbor-normalize] asn normalized { normalizedAsnToFhdn: 282, fixedMissingAsnRef: 0 }
[fareharbor-normalize] asn normalized { normalizedAsnToFhdn: 283, fixedMissingAsnRef: 0 }
[fareharbor-normalize] asn normalized { normalizedAsnToFhdn: 284, fixedMissingAsnRef: 0 }
[fareharbor-normalize] asn normalized { normalizedAsnToFhdn: 285, fixedMissingAsnRef: 0 }
[fareharbor-normalize] asn normalized { normalizedAsnToFhdn: 286, fixedMissingAsnRef: 0 }
[fareharbor-normalize] asn normalized { normalizedAsnToFhdn: 287, fixedMissingAsnRef: 0 }
[fareharbor-normalize] asn normalized { normalizedAsnToFhdn: 288, fixedMissingAsnRef: 0 }
[fareharbor-normalize] asn normalized { normalizedAsnToFhdn: 289, fixedMissingAsnRef: 0 }
[fareharbor-normalize] asn normalized { normalizedAsnToFhdn: 290, fixedMissingAsnRef: 0 }
[fareharbor-normalize] asn normalized { normalizedAsnToFhdn: 291, fixedMissingAsnRef: 0 }
[fareharbor-normalize] asn normalized { normalizedAsnToFhdn: 292, fixedMissingAsnRef: 0 }
[fareharbor-normalize] asn normalized { normalizedAsnToFhdn: 293, fixedMissingAsnRef: 0 }
[fareharbor-normalize] asn normalized { normalizedAsnToFhdn: 294, fixedMissingAsnRef: 0 }
[fareharbor-normalize] asn normalized { normalizedAsnToFhdn: 295, fixedMissingAsnRef: 0 }
[fareharbor-normalize] asn normalized { normalizedAsnToFhdn: 296, fixedMissingAsnRef: 0 }
[fareharbor-normalize] asn normalized { normalizedAsnToFhdn: 297, fixedMissingAsnRef: 0 }
[fareharbor-normalize] asn normalized { normalizedAsnToFhdn: 298, fixedMissingAsnRef: 0 }
[fareharbor-normalize] asn normalized { normalizedAsnToFhdn: 299, fixedMissingAsnRef: 0 }
[fareharbor-normalize] asn normalized { normalizedAsnToFhdn: 300, fixedMissingAsnRef: 0 }
[fareharbor-normalize] asn normalized { normalizedAsnToFhdn: 301, fixedMissingAsnRef: 0 }
[fareharbor-normalize] asn normalized { normalizedAsnToFhdn: 302, fixedMissingAsnRef: 0 }
[fareharbor-normalize] asn normalized { normalizedAsnToFhdn: 303, fixedMissingAsnRef: 0 }
[fareharbor-normalize] asn normalized { normalizedAsnToFhdn: 304, fixedMissingAsnRef: 0 }
[fareharbor-normalize] asn normalized { normalizedAsnToFhdn: 305, fixedMissingAsnRef: 0 }
[fareharbor-normalize] asn normalized { normalizedAsnToFhdn: 306, fixedMissingAsnRef: 0 }
[fareharbor-normalize] asn normalized { normalizedAsnToFhdn: 307, fixedMissingAsnRef: 0 }
[fareharbor-normalize] asn normalized { normalizedAsnToFhdn: 308, fixedMissingAsnRef: 0 }
[fareharbor-normalize] asn normalized { normalizedAsnToFhdn: 309, fixedMissingAsnRef: 0 }
[fareharbor-normalize] asn normalized { normalizedAsnToFhdn: 310, fixedMissingAsnRef: 0 }
[fareharbor-normalize] asn normalized { normalizedAsnToFhdn: 311, fixedMissingAsnRef: 0 }
[fareharbor-normalize] asn normalized { normalizedAsnToFhdn: 312, fixedMissingAsnRef: 0 }
[fareharbor-normalize] asn normalized { normalizedAsnToFhdn: 313, fixedMissingAsnRef: 0 }
[fareharbor-normalize] asn normalized { normalizedAsnToFhdn: 314, fixedMissingAsnRef: 0 }
[fareharbor-normalize] asn normalized { normalizedAsnToFhdn: 315, fixedMissingAsnRef: 0 }
[fareharbor-normalize] asn normalized { normalizedAsnToFhdn: 316, fixedMissingAsnRef: 0 }
[fareharbor-normalize] asn normalized { normalizedAsnToFhdn: 317, fixedMissingAsnRef: 0 }
[fareharbor-normalize] asn normalized { normalizedAsnToFhdn: 318, fixedMissingAsnRef: 0 }
[fareharbor-normalize] asn normalized { normalizedAsnToFhdn: 319, fixedMissingAsnRef: 0 }
[fareharbor-normalize] asn normalized { normalizedAsnToFhdn: 320, fixedMissingAsnRef: 0 }
[fareharbor-normalize] asn normalized { normalizedAsnToFhdn: 321, fixedMissingAsnRef: 0 }
[fareharbor-normalize] asn normalized { normalizedAsnToFhdn: 322, fixedMissingAsnRef: 0 }
[fareharbor-normalize] asn normalized { normalizedAsnToFhdn: 323, fixedMissingAsnRef: 0 }
[fareharbor-normalize] asn normalized { normalizedAsnToFhdn: 324, fixedMissingAsnRef: 0 }
[fareharbor-normalize] asn normalized { normalizedAsnToFhdn: 325, fixedMissingAsnRef: 0 }
[fareharbor-normalize] asn normalized { normalizedAsnToFhdn: 326, fixedMissingAsnRef: 0 }
[fareharbor-normalize] asn normalized { normalizedAsnToFhdn: 327, fixedMissingAsnRef: 0 }
[fareharbor-normalize] asn normalized { normalizedAsnToFhdn: 328, fixedMissingAsnRef: 0 }
[fareharbor-normalize] asn normalized { normalizedAsnToFhdn: 329, fixedMissingAsnRef: 0 }
[fareharbor-normalize] asn normalized { normalizedAsnToFhdn: 330, fixedMissingAsnRef: 0 }
[fareharbor-normalize] asn normalized { normalizedAsnToFhdn: 331, fixedMissingAsnRef: 0 }
[fareharbor-normalize] asn normalized { normalizedAsnToFhdn: 332, fixedMissingAsnRef: 0 }
[fareharbor-normalize] asn normalized { normalizedAsnToFhdn: 333, fixedMissingAsnRef: 0 }
[fareharbor-normalize] asn normalized { normalizedAsnToFhdn: 334, fixedMissingAsnRef: 0 }
[fareharbor-normalize] asn normalized { normalizedAsnToFhdn: 335, fixedMissingAsnRef: 0 }
[fareharbor-normalize] asn normalized { normalizedAsnToFhdn: 336, fixedMissingAsnRef: 0 }
[fareharbor-normalize] asn normalized { normalizedAsnToFhdn: 337, fixedMissingAsnRef: 0 }
[fareharbor-normalize] asn normalized { normalizedAsnToFhdn: 338, fixedMissingAsnRef: 0 }
[fareharbor-normalize] asn normalized { normalizedAsnToFhdn: 339, fixedMissingAsnRef: 0 }
[fareharbor-normalize] asn normalized { normalizedAsnToFhdn: 340, fixedMissingAsnRef: 0 }
[fareharbor-normalize] asn normalized { normalizedAsnToFhdn: 341, fixedMissingAsnRef: 0 }
[fareharbor-normalize] asn normalized { normalizedAsnToFhdn: 342, fixedMissingAsnRef: 0 }
[fareharbor-normalize] asn normalized { normalizedAsnToFhdn: 343, fixedMissingAsnRef: 0 }
[fareharbor-normalize] asn normalized { normalizedAsnToFhdn: 344, fixedMissingAsnRef: 0 }
[fareharbor-normalize] asn normalized { normalizedAsnToFhdn: 345, fixedMissingAsnRef: 0 }
[fareharbor-normalize] asn normalized { normalizedAsnToFhdn: 346, fixedMissingAsnRef: 0 }
[fareharbor-normalize] asn normalized { normalizedAsnToFhdn: 347, fixedMissingAsnRef: 0 }
[fareharbor-normalize] asn normalized { normalizedAsnToFhdn: 348, fixedMissingAsnRef: 0 }
[fareharbor-normalize] asn normalized { normalizedAsnToFhdn: 349, fixedMissingAsnRef: 0 }
[fareharbor-normalize] asn normalized { normalizedAsnToFhdn: 350, fixedMissingAsnRef: 0 }
[fareharbor-normalize] asn normalized { normalizedAsnToFhdn: 351, fixedMissingAsnRef: 0 }
[fareharbor-normalize] asn normalized { normalizedAsnToFhdn: 352, fixedMissingAsnRef: 0 }
[fareharbor-normalize] asn normalized { normalizedAsnToFhdn: 353, fixedMissingAsnRef: 0 }
[fareharbor-normalize] asn normalized { normalizedAsnToFhdn: 354, fixedMissingAsnRef: 0 }
[fareharbor-normalize] asn normalized { normalizedAsnToFhdn: 355, fixedMissingAsnRef: 0 }
[fareharbor-normalize] asn normalized { normalizedAsnToFhdn: 356, fixedMissingAsnRef: 0 }
[fareharbor-normalize] asn normalized { normalizedAsnToFhdn: 357, fixedMissingAsnRef: 0 }
[fareharbor-normalize] asn normalized { normalizedAsnToFhdn: 358, fixedMissingAsnRef: 0 }
[fareharbor-normalize] asn normalized { normalizedAsnToFhdn: 359, fixedMissingAsnRef: 0 }
[fareharbor-normalize] asn normalized { normalizedAsnToFhdn: 360, fixedMissingAsnRef: 0 }
[fareharbor-normalize] asn normalized { normalizedAsnToFhdn: 361, fixedMissingAsnRef: 0 }
[fareharbor-normalize] asn normalized { normalizedAsnToFhdn: 362, fixedMissingAsnRef: 0 }
[fareharbor-normalize] asn normalized { normalizedAsnToFhdn: 363, fixedMissingAsnRef: 0 }
[fareharbor-normalize] asn normalized { normalizedAsnToFhdn: 364, fixedMissingAsnRef: 0 }
[fareharbor-normalize] asn normalized { normalizedAsnToFhdn: 365, fixedMissingAsnRef: 0 }
[fareharbor-normalize] asn normalized { normalizedAsnToFhdn: 366, fixedMissingAsnRef: 0 }
[fareharbor-normalize] asn normalized { normalizedAsnToFhdn: 367, fixedMissingAsnRef: 0 }
[fareharbor-normalize] asn normalized { normalizedAsnToFhdn: 368, fixedMissingAsnRef: 0 }
[fareharbor-normalize] asn normalized { normalizedAsnToFhdn: 369, fixedMissingAsnRef: 0 }
[fareharbor-normalize] asn normalized { normalizedAsnToFhdn: 370, fixedMissingAsnRef: 0 }
[fareharbor-normalize] asn normalized { normalizedAsnToFhdn: 371, fixedMissingAsnRef: 0 }
[fareharbor-normalize] asn normalized { normalizedAsnToFhdn: 372, fixedMissingAsnRef: 0 }
[fareharbor-normalize] asn normalized { normalizedAsnToFhdn: 373, fixedMissingAsnRef: 0 }
[fareharbor-normalize] asn normalized { normalizedAsnToFhdn: 374, fixedMissingAsnRef: 0 }
[fareharbor-normalize] asn normalized { normalizedAsnToFhdn: 375, fixedMissingAsnRef: 0 }
[fareharbor-normalize] asn normalized { normalizedAsnToFhdn: 376, fixedMissingAsnRef: 0 }
[fareharbor-normalize] asn normalized { normalizedAsnToFhdn: 377, fixedMissingAsnRef: 0 }
[fareharbor-normalize] asn normalized { normalizedAsnToFhdn: 378, fixedMissingAsnRef: 0 }
[fareharbor-normalize] asn normalized { normalizedAsnToFhdn: 379, fixedMissingAsnRef: 0 }
[fareharbor-normalize] asn normalized { normalizedAsnToFhdn: 380, fixedMissingAsnRef: 0 }
[fareharbor-normalize] asn normalized { normalizedAsnToFhdn: 381, fixedMissingAsnRef: 0 }
[fareharbor-normalize] asn normalized { normalizedAsnToFhdn: 382, fixedMissingAsnRef: 0 }
[fareharbor-normalize] asn normalized { normalizedAsnToFhdn: 383, fixedMissingAsnRef: 0 }
[fareharbor-normalize] asn normalized { normalizedAsnToFhdn: 384, fixedMissingAsnRef: 0 }
[fareharbor-normalize] asn normalized { normalizedAsnToFhdn: 385, fixedMissingAsnRef: 0 }
[fareharbor-normalize] asn normalized { normalizedAsnToFhdn: 386, fixedMissingAsnRef: 0 }
[fareharbor-normalize] asn normalized { normalizedAsnToFhdn: 387, fixedMissingAsnRef: 0 }
[fareharbor-normalize] asn normalized { normalizedAsnToFhdn: 388, fixedMissingAsnRef: 0 }
[fareharbor-normalize] asn normalized { normalizedAsnToFhdn: 389, fixedMissingAsnRef: 0 }
[fareharbor-normalize] asn normalized { normalizedAsnToFhdn: 390, fixedMissingAsnRef: 0 }
[fareharbor-normalize] asn normalized { normalizedAsnToFhdn: 391, fixedMissingAsnRef: 0 }
[fareharbor-normalize] asn normalized { normalizedAsnToFhdn: 392, fixedMissingAsnRef: 0 }
[fareharbor-normalize] asn normalized { normalizedAsnToFhdn: 393, fixedMissingAsnRef: 0 }
[fareharbor-normalize] asn normalized { normalizedAsnToFhdn: 394, fixedMissingAsnRef: 0 }
[fareharbor-normalize] asn normalized { normalizedAsnToFhdn: 395, fixedMissingAsnRef: 0 }
[fareharbor-normalize] asn normalized { normalizedAsnToFhdn: 396, fixedMissingAsnRef: 0 }
[fareharbor-normalize] asn normalized { normalizedAsnToFhdn: 397, fixedMissingAsnRef: 0 }
[fareharbor-normalize] asn normalized { normalizedAsnToFhdn: 398, fixedMissingAsnRef: 0 }
[fareharbor-normalize] asn normalized { normalizedAsnToFhdn: 399, fixedMissingAsnRef: 0 }
[fareharbor-normalize] asn normalized { normalizedAsnToFhdn: 400, fixedMissingAsnRef: 0 }
[fareharbor-normalize] asn normalized { normalizedAsnToFhdn: 401, fixedMissingAsnRef: 0 }
[fareharbor-normalize] asn normalized { normalizedAsnToFhdn: 402, fixedMissingAsnRef: 0 }
[fareharbor-normalize] asn normalized { normalizedAsnToFhdn: 403, fixedMissingAsnRef: 0 }
[fareharbor-normalize] asn normalized { normalizedAsnToFhdn: 404, fixedMissingAsnRef: 0 }
[fareharbor-normalize] asn normalized { normalizedAsnToFhdn: 405, fixedMissingAsnRef: 0 }
[fareharbor-normalize] asn normalized { normalizedAsnToFhdn: 406, fixedMissingAsnRef: 0 }
[fareharbor-normalize] asn normalized { normalizedAsnToFhdn: 407, fixedMissingAsnRef: 0 }
[fareharbor-normalize] asn normalized { normalizedAsnToFhdn: 408, fixedMissingAsnRef: 0 }
[fareharbor-normalize] asn normalized { normalizedAsnToFhdn: 409, fixedMissingAsnRef: 0 }
[fareharbor-normalize] asn normalized { normalizedAsnToFhdn: 410, fixedMissingAsnRef: 0 }
[fareharbor-normalize] asn normalized { normalizedAsnToFhdn: 411, fixedMissingAsnRef: 0 }
[fareharbor-normalize] asn normalized { normalizedAsnToFhdn: 412, fixedMissingAsnRef: 0 }
[fareharbor-normalize] asn normalized { normalizedAsnToFhdn: 413, fixedMissingAsnRef: 0 }
[fareharbor-normalize] asn normalized { normalizedAsnToFhdn: 414, fixedMissingAsnRef: 0 }
[fareharbor-normalize] asn normalized { normalizedAsnToFhdn: 415, fixedMissingAsnRef: 0 }
[fareharbor-normalize] asn normalized { normalizedAsnToFhdn: 416, fixedMissingAsnRef: 0 }
[fareharbor-normalize] asn normalized { normalizedAsnToFhdn: 417, fixedMissingAsnRef: 0 }
[fareharbor-normalize] asn normalized { normalizedAsnToFhdn: 418, fixedMissingAsnRef: 0 }
[fareharbor-normalize] asn normalized { normalizedAsnToFhdn: 419, fixedMissingAsnRef: 0 }
[fareharbor-normalize] asn normalized { normalizedAsnToFhdn: 420, fixedMissingAsnRef: 0 }
[fareharbor-normalize] asn normalized { normalizedAsnToFhdn: 421, fixedMissingAsnRef: 0 }
[fareharbor-normalize] asn normalized { normalizedAsnToFhdn: 422, fixedMissingAsnRef: 0 }
[fareharbor-normalize] asn normalized { normalizedAsnToFhdn: 423, fixedMissingAsnRef: 0 }
[fareharbor-normalize] asn normalized { normalizedAsnToFhdn: 424, fixedMissingAsnRef: 0 }
[fareharbor-normalize] asn normalized { normalizedAsnToFhdn: 425, fixedMissingAsnRef: 0 }
[fareharbor-normalize] asn normalized { normalizedAsnToFhdn: 426, fixedMissingAsnRef: 0 }
[fareharbor-normalize] asn normalized { normalizedAsnToFhdn: 427, fixedMissingAsnRef: 0 }
[fareharbor-normalize] asn normalized { normalizedAsnToFhdn: 428, fixedMissingAsnRef: 0 }
[fareharbor-normalize] asn normalized { normalizedAsnToFhdn: 429, fixedMissingAsnRef: 0 }
[fareharbor-normalize] asn normalized { normalizedAsnToFhdn: 430, fixedMissingAsnRef: 0 }
[fareharbor-normalize] asn normalized { normalizedAsnToFhdn: 431, fixedMissingAsnRef: 0 }
[fareharbor-normalize] asn normalized { normalizedAsnToFhdn: 432, fixedMissingAsnRef: 0 }
[fareharbor-normalize] asn normalized { normalizedAsnToFhdn: 433, fixedMissingAsnRef: 0 }
[fareharbor-normalize] asn normalized { normalizedAsnToFhdn: 434, fixedMissingAsnRef: 0 }
[fareharbor-normalize] asn normalized { normalizedAsnToFhdn: 435, fixedMissingAsnRef: 0 }
[fareharbor-normalize] asn normalized { normalizedAsnToFhdn: 436, fixedMissingAsnRef: 0 }
[fareharbor-normalize] asn normalized { normalizedAsnToFhdn: 437, fixedMissingAsnRef: 0 }
[fareharbor-normalize] asn normalized { normalizedAsnToFhdn: 438, fixedMissingAsnRef: 0 }
[fareharbor-normalize] asn normalized { normalizedAsnToFhdn: 439, fixedMissingAsnRef: 0 }
[fareharbor-normalize] asn normalized { normalizedAsnToFhdn: 440, fixedMissingAsnRef: 0 }
[fareharbor-normalize] asn normalized { normalizedAsnToFhdn: 441, fixedMissingAsnRef: 0 }
[fareharbor-normalize] asn normalized { normalizedAsnToFhdn: 442, fixedMissingAsnRef: 0 }
[fareharbor-normalize] asn normalized { normalizedAsnToFhdn: 443, fixedMissingAsnRef: 0 }
[fareharbor-normalize] asn normalized { normalizedAsnToFhdn: 444, fixedMissingAsnRef: 0 }
[fareharbor-normalize] asn normalized { normalizedAsnToFhdn: 445, fixedMissingAsnRef: 0 }
[fareharbor-normalize] asn normalized { normalizedAsnToFhdn: 446, fixedMissingAsnRef: 0 }
[fareharbor-normalize] asn normalized { normalizedAsnToFhdn: 447, fixedMissingAsnRef: 0 }
[fareharbor-normalize] asn normalized { normalizedAsnToFhdn: 448, fixedMissingAsnRef: 0 }
[fareharbor-normalize] asn normalized { normalizedAsnToFhdn: 449, fixedMissingAsnRef: 0 }
[fareharbor-normalize] asn normalized { normalizedAsnToFhdn: 450, fixedMissingAsnRef: 0 }
[fareharbor-normalize] asn normalized { normalizedAsnToFhdn: 451, fixedMissingAsnRef: 0 }
[fareharbor-normalize] asn normalized { normalizedAsnToFhdn: 452, fixedMissingAsnRef: 0 }
[fareharbor-normalize] asn normalized { normalizedAsnToFhdn: 453, fixedMissingAsnRef: 0 }
[fareharbor-normalize] asn normalized { normalizedAsnToFhdn: 454, fixedMissingAsnRef: 0 }
[fareharbor-normalize] asn normalized { normalizedAsnToFhdn: 455, fixedMissingAsnRef: 0 }
[fareharbor-normalize] asn normalized { normalizedAsnToFhdn: 456, fixedMissingAsnRef: 0 }
[fareharbor-normalize] asn normalized { normalizedAsnToFhdn: 457, fixedMissingAsnRef: 0 }
[fareharbor-normalize] asn normalized { normalizedAsnToFhdn: 458, fixedMissingAsnRef: 0 }
[fareharbor-normalize] asn normalized { normalizedAsnToFhdn: 459, fixedMissingAsnRef: 0 }
[fareharbor-normalize] asn normalized { normalizedAsnToFhdn: 460, fixedMissingAsnRef: 0 }
[fareharbor-normalize] asn normalized { normalizedAsnToFhdn: 461, fixedMissingAsnRef: 0 }
[fareharbor-normalize] asn normalized { normalizedAsnToFhdn: 462, fixedMissingAsnRef: 0 }
[fareharbor-normalize] asn normalized { normalizedAsnToFhdn: 463, fixedMissingAsnRef: 0 }
[fareharbor-normalize] asn normalized { normalizedAsnToFhdn: 464, fixedMissingAsnRef: 0 }
[fareharbor-normalize] asn normalized { normalizedAsnToFhdn: 465, fixedMissingAsnRef: 0 }
[fareharbor-normalize] asn normalized { normalizedAsnToFhdn: 466, fixedMissingAsnRef: 0 }
[fareharbor-normalize] asn normalized { normalizedAsnToFhdn: 467, fixedMissingAsnRef: 0 }
[fareharbor-normalize] asn normalized { normalizedAsnToFhdn: 468, fixedMissingAsnRef: 0 }
[fareharbor-normalize] asn normalized { normalizedAsnToFhdn: 469, fixedMissingAsnRef: 0 }
[fareharbor-normalize] asn normalized { normalizedAsnToFhdn: 470, fixedMissingAsnRef: 0 }
[fareharbor-normalize] asn normalized { normalizedAsnToFhdn: 471, fixedMissingAsnRef: 0 }
[fareharbor-normalize] asn normalized { normalizedAsnToFhdn: 472, fixedMissingAsnRef: 0 }
[fareharbor-normalize] asn normalized { normalizedAsnToFhdn: 473, fixedMissingAsnRef: 0 }
[fareharbor-normalize] asn normalized { normalizedAsnToFhdn: 474, fixedMissingAsnRef: 0 }
[fareharbor-normalize] asn normalized { normalizedAsnToFhdn: 475, fixedMissingAsnRef: 0 }
[fareharbor-normalize] asn normalized { normalizedAsnToFhdn: 476, fixedMissingAsnRef: 0 }
[fareharbor-normalize] asn normalized { normalizedAsnToFhdn: 477, fixedMissingAsnRef: 0 }
[fareharbor-normalize] asn normalized { normalizedAsnToFhdn: 478, fixedMissingAsnRef: 0 }
[fareharbor-normalize] asn normalized { normalizedAsnToFhdn: 479, fixedMissingAsnRef: 0 }
[fareharbor-normalize] asn normalized { normalizedAsnToFhdn: 480, fixedMissingAsnRef: 0 }
[fareharbor-normalize] asn normalized { normalizedAsnToFhdn: 481, fixedMissingAsnRef: 0 }
[fareharbor-normalize] asn normalized { normalizedAsnToFhdn: 482, fixedMissingAsnRef: 0 }
[fareharbor-normalize] asn normalized { normalizedAsnToFhdn: 483, fixedMissingAsnRef: 0 }
[fareharbor-normalize] asn normalized { normalizedAsnToFhdn: 484, fixedMissingAsnRef: 0 }
[fareharbor-normalize] asn normalized { normalizedAsnToFhdn: 485, fixedMissingAsnRef: 0 }
[fareharbor-normalize] asn normalized { normalizedAsnToFhdn: 486, fixedMissingAsnRef: 0 }
[fareharbor-normalize] asn normalized { normalizedAsnToFhdn: 487, fixedMissingAsnRef: 0 }
[fareharbor-normalize] asn normalized { normalizedAsnToFhdn: 488, fixedMissingAsnRef: 0 }
[fareharbor-normalize] asn normalized { normalizedAsnToFhdn: 489, fixedMissingAsnRef: 0 }
[fareharbor-normalize] asn normalized { normalizedAsnToFhdn: 490, fixedMissingAsnRef: 0 }
[fareharbor-normalize] asn normalized { normalizedAsnToFhdn: 491, fixedMissingAsnRef: 0 }
[fareharbor-normalize] asn normalized { normalizedAsnToFhdn: 492, fixedMissingAsnRef: 0 }
[fareharbor-normalize] asn normalized { normalizedAsnToFhdn: 493, fixedMissingAsnRef: 0 }
[fareharbor-normalize] asn normalized { normalizedAsnToFhdn: 494, fixedMissingAsnRef: 0 }
[fareharbor-normalize] asn normalized { normalizedAsnToFhdn: 495, fixedMissingAsnRef: 0 }
[fareharbor-normalize] asn normalized { normalizedAsnToFhdn: 496, fixedMissingAsnRef: 0 }
[fareharbor-normalize] asn normalized { normalizedAsnToFhdn: 497, fixedMissingAsnRef: 0 }
[fareharbor-normalize] asn normalized { normalizedAsnToFhdn: 498, fixedMissingAsnRef: 0 }
[fareharbor-normalize] asn normalized { normalizedAsnToFhdn: 499, fixedMissingAsnRef: 0 }
[fareharbor-normalize] asn normalized { normalizedAsnToFhdn: 500, fixedMissingAsnRef: 0 }
[fareharbor-normalize] asn normalized { normalizedAsnToFhdn: 501, fixedMissingAsnRef: 0 }
[fareharbor-normalize] asn normalized { normalizedAsnToFhdn: 502, fixedMissingAsnRef: 0 }
[fareharbor-normalize] asn normalized { normalizedAsnToFhdn: 503, fixedMissingAsnRef: 0 }
[fareharbor-normalize] asn normalized { normalizedAsnToFhdn: 504, fixedMissingAsnRef: 0 }
[fareharbor-normalize] asn normalized { normalizedAsnToFhdn: 505, fixedMissingAsnRef: 0 }
[fareharbor-normalize] asn normalized { normalizedAsnToFhdn: 506, fixedMissingAsnRef: 0 }
[fareharbor-normalize] asn normalized { normalizedAsnToFhdn: 507, fixedMissingAsnRef: 0 }
[fareharbor-normalize] asn normalized { normalizedAsnToFhdn: 508, fixedMissingAsnRef: 0 }
[fareharbor-normalize] asn normalized { normalizedAsnToFhdn: 509, fixedMissingAsnRef: 0 }
[fareharbor-normalize] asn normalized { normalizedAsnToFhdn: 510, fixedMissingAsnRef: 0 }
[fareharbor-normalize] asn normalized { normalizedAsnToFhdn: 511, fixedMissingAsnRef: 0 }
[fareharbor-normalize] asn normalized { normalizedAsnToFhdn: 512, fixedMissingAsnRef: 0 }
[fareharbor-normalize] asn normalized { normalizedAsnToFhdn: 513, fixedMissingAsnRef: 0 }
[fareharbor-normalize] asn normalized { normalizedAsnToFhdn: 514, fixedMissingAsnRef: 0 }
[fareharbor-normalize] asn normalized { normalizedAsnToFhdn: 515, fixedMissingAsnRef: 0 }
[fareharbor-normalize] asn normalized { normalizedAsnToFhdn: 516, fixedMissingAsnRef: 0 }
[fareharbor-normalize] asn normalized { normalizedAsnToFhdn: 517, fixedMissingAsnRef: 0 }
[fareharbor-normalize] asn normalized { normalizedAsnToFhdn: 518, fixedMissingAsnRef: 0 }
[fareharbor-normalize] asn normalized { normalizedAsnToFhdn: 519, fixedMissingAsnRef: 0 }
[fareharbor-normalize] asn normalized { normalizedAsnToFhdn: 520, fixedMissingAsnRef: 0 }
[fareharbor-normalize] asn normalized { normalizedAsnToFhdn: 521, fixedMissingAsnRef: 0 }
[fareharbor-normalize] asn normalized { normalizedAsnToFhdn: 522, fixedMissingAsnRef: 0 }
[fareharbor-normalize] asn normalized { normalizedAsnToFhdn: 523, fixedMissingAsnRef: 0 }
[fareharbor-normalize] asn normalized { normalizedAsnToFhdn: 524, fixedMissingAsnRef: 0 }
[fareharbor-normalize] asn normalized { normalizedAsnToFhdn: 525, fixedMissingAsnRef: 0 }
[fareharbor-normalize] asn normalized { normalizedAsnToFhdn: 526, fixedMissingAsnRef: 0 }
[fareharbor-normalize] asn normalized { normalizedAsnToFhdn: 527, fixedMissingAsnRef: 0 }
[fareharbor-normalize] asn normalized { normalizedAsnToFhdn: 528, fixedMissingAsnRef: 0 }
[fareharbor-normalize] asn normalized { normalizedAsnToFhdn: 529, fixedMissingAsnRef: 0 }
[fareharbor-normalize] asn normalized { normalizedAsnToFhdn: 530, fixedMissingAsnRef: 0 }
[fareharbor-normalize] asn normalized { normalizedAsnToFhdn: 531, fixedMissingAsnRef: 0 }
[fareharbor-normalize] asn normalized { normalizedAsnToFhdn: 532, fixedMissingAsnRef: 0 }
[fareharbor-normalize] asn normalized { normalizedAsnToFhdn: 533, fixedMissingAsnRef: 0 }
[fareharbor-normalize] asn normalized { normalizedAsnToFhdn: 534, fixedMissingAsnRef: 0 }
[fareharbor-normalize] asn normalized { normalizedAsnToFhdn: 535, fixedMissingAsnRef: 0 }
[fareharbor-normalize] asn normalized { normalizedAsnToFhdn: 536, fixedMissingAsnRef: 0 }
[fareharbor-normalize] asn normalized { normalizedAsnToFhdn: 537, fixedMissingAsnRef: 0 }
[fareharbor-normalize] asn normalized { normalizedAsnToFhdn: 538, fixedMissingAsnRef: 0 }
[fareharbor-normalize] asn normalized { normalizedAsnToFhdn: 539, fixedMissingAsnRef: 0 }
[fareharbor-normalize] asn normalized { normalizedAsnToFhdn: 540, fixedMissingAsnRef: 0 }
[fareharbor-normalize] asn normalized { normalizedAsnToFhdn: 541, fixedMissingAsnRef: 0 }
[fareharbor-normalize] asn normalized { normalizedAsnToFhdn: 542, fixedMissingAsnRef: 0 }
[fareharbor-normalize] asn normalized { normalizedAsnToFhdn: 543, fixedMissingAsnRef: 0 }
[fareharbor-normalize] asn normalized { normalizedAsnToFhdn: 544, fixedMissingAsnRef: 0 }
[fareharbor-normalize] asn normalized { normalizedAsnToFhdn: 545, fixedMissingAsnRef: 0 }
[fareharbor-normalize] asn normalized { normalizedAsnToFhdn: 546, fixedMissingAsnRef: 0 }
[fareharbor-normalize] asn normalized { normalizedAsnToFhdn: 547, fixedMissingAsnRef: 0 }
[fareharbor-normalize] asn normalized { normalizedAsnToFhdn: 548, fixedMissingAsnRef: 0 }
[fareharbor-normalize] asn normalized { normalizedAsnToFhdn: 549, fixedMissingAsnRef: 0 }
[fareharbor-normalize] asn normalized { normalizedAsnToFhdn: 550, fixedMissingAsnRef: 0 }
[fareharbor-normalize] asn normalized { normalizedAsnToFhdn: 551, fixedMissingAsnRef: 0 }
[fareharbor-normalize] asn normalized { normalizedAsnToFhdn: 552, fixedMissingAsnRef: 0 }
[fareharbor-normalize] asn normalized { normalizedAsnToFhdn: 553, fixedMissingAsnRef: 0 }
[fareharbor-normalize] asn normalized { normalizedAsnToFhdn: 554, fixedMissingAsnRef: 0 }
[fareharbor-normalize] asn normalized { normalizedAsnToFhdn: 555, fixedMissingAsnRef: 0 }
[fareharbor-normalize] asn normalized { normalizedAsnToFhdn: 556, fixedMissingAsnRef: 0 }
[fareharbor-normalize] asn normalized { normalizedAsnToFhdn: 557, fixedMissingAsnRef: 0 }
[fareharbor-normalize] asn normalized { normalizedAsnToFhdn: 558, fixedMissingAsnRef: 0 }
[fareharbor-normalize] asn normalized { normalizedAsnToFhdn: 559, fixedMissingAsnRef: 0 }
[fareharbor-normalize] asn normalized { normalizedAsnToFhdn: 560, fixedMissingAsnRef: 0 }
[fareharbor-normalize] asn normalized { normalizedAsnToFhdn: 561, fixedMissingAsnRef: 0 }
[fareharbor-normalize] asn normalized { normalizedAsnToFhdn: 562, fixedMissingAsnRef: 0 }
[fareharbor-normalize] asn normalized { normalizedAsnToFhdn: 563, fixedMissingAsnRef: 0 }
[fareharbor-normalize] asn normalized { normalizedAsnToFhdn: 564, fixedMissingAsnRef: 0 }
[fareharbor-normalize] asn normalized { normalizedAsnToFhdn: 565, fixedMissingAsnRef: 0 }
[fareharbor-normalize] asn normalized { normalizedAsnToFhdn: 566, fixedMissingAsnRef: 0 }
[fareharbor-normalize] asn normalized { normalizedAsnToFhdn: 567, fixedMissingAsnRef: 0 }
[fareharbor-normalize] asn normalized { normalizedAsnToFhdn: 568, fixedMissingAsnRef: 0 }
[fareharbor-normalize] asn normalized { normalizedAsnToFhdn: 569, fixedMissingAsnRef: 0 }
[fareharbor-normalize] asn normalized { normalizedAsnToFhdn: 570, fixedMissingAsnRef: 0 }
[fareharbor-normalize] asn normalized { normalizedAsnToFhdn: 571, fixedMissingAsnRef: 0 }
[fareharbor-normalize] asn normalized { normalizedAsnToFhdn: 572, fixedMissingAsnRef: 0 }
[fareharbor-normalize] asn normalized { normalizedAsnToFhdn: 573, fixedMissingAsnRef: 0 }
[fareharbor-normalize] asn normalized { normalizedAsnToFhdn: 574, fixedMissingAsnRef: 0 }
[fareharbor-normalize] asn normalized { normalizedAsnToFhdn: 575, fixedMissingAsnRef: 0 }
[fareharbor-normalize] asn normalized { normalizedAsnToFhdn: 576, fixedMissingAsnRef: 0 }
[fareharbor-normalize] asn normalized { normalizedAsnToFhdn: 577, fixedMissingAsnRef: 0 }
[fareharbor-normalize] asn normalized { normalizedAsnToFhdn: 578, fixedMissingAsnRef: 0 }
[fareharbor-normalize] asn normalized { normalizedAsnToFhdn: 579, fixedMissingAsnRef: 0 }
[fareharbor-normalize] asn normalized { normalizedAsnToFhdn: 580, fixedMissingAsnRef: 0 }
[fareharbor-normalize] asn normalized { normalizedAsnToFhdn: 581, fixedMissingAsnRef: 0 }
[fareharbor-normalize] asn normalized { normalizedAsnToFhdn: 582, fixedMissingAsnRef: 0 }
[fareharbor-normalize] asn normalized { normalizedAsnToFhdn: 583, fixedMissingAsnRef: 0 }
[fareharbor-normalize] asn normalized { normalizedAsnToFhdn: 584, fixedMissingAsnRef: 0 }
[fareharbor-normalize] asn normalized { normalizedAsnToFhdn: 585, fixedMissingAsnRef: 0 }
[fareharbor-normalize] asn normalized { normalizedAsnToFhdn: 586, fixedMissingAsnRef: 0 }
[fareharbor-normalize] asn normalized { normalizedAsnToFhdn: 587, fixedMissingAsnRef: 0 }
[fareharbor-normalize] asn normalized { normalizedAsnToFhdn: 588, fixedMissingAsnRef: 0 }
[fareharbor-normalize] asn normalized { normalizedAsnToFhdn: 589, fixedMissingAsnRef: 0 }
[fareharbor-normalize] asn normalized { normalizedAsnToFhdn: 590, fixedMissingAsnRef: 0 }
[fareharbor-normalize] asn normalized { normalizedAsnToFhdn: 591, fixedMissingAsnRef: 0 }
[fareharbor-normalize] asn normalized { normalizedAsnToFhdn: 592, fixedMissingAsnRef: 0 }
[fareharbor-normalize] asn normalized { normalizedAsnToFhdn: 593, fixedMissingAsnRef: 0 }
[fareharbor-normalize] asn normalized { normalizedAsnToFhdn: 594, fixedMissingAsnRef: 0 }
[fareharbor-normalize] asn normalized { normalizedAsnToFhdn: 595, fixedMissingAsnRef: 0 }
[fareharbor-normalize] asn normalized { normalizedAsnToFhdn: 596, fixedMissingAsnRef: 0 }
[fareharbor-normalize] asn normalized { normalizedAsnToFhdn: 597, fixedMissingAsnRef: 0 }
[fareharbor-normalize] asn normalized { normalizedAsnToFhdn: 598, fixedMissingAsnRef: 0 }
[fareharbor-normalize] asn normalized { normalizedAsnToFhdn: 599, fixedMissingAsnRef: 0 }
[fareharbor-normalize] asn normalized { normalizedAsnToFhdn: 600, fixedMissingAsnRef: 0 }
[fareharbor-normalize] asn normalized { normalizedAsnToFhdn: 601, fixedMissingAsnRef: 0 }
[fareharbor-normalize] asn normalized { normalizedAsnToFhdn: 602, fixedMissingAsnRef: 0 }
[fareharbor-normalize] asn normalized { normalizedAsnToFhdn: 603, fixedMissingAsnRef: 0 }
[fareharbor-normalize] asn normalized { normalizedAsnToFhdn: 604, fixedMissingAsnRef: 0 }
[fareharbor-normalize] asn normalized { normalizedAsnToFhdn: 605, fixedMissingAsnRef: 0 }
[fareharbor-normalize] asn normalized { normalizedAsnToFhdn: 606, fixedMissingAsnRef: 0 }
[fareharbor-normalize] asn normalized { normalizedAsnToFhdn: 607, fixedMissingAsnRef: 0 }
[fareharbor-normalize] asn normalized { normalizedAsnToFhdn: 608, fixedMissingAsnRef: 0 }
[fareharbor-normalize] asn normalized { normalizedAsnToFhdn: 609, fixedMissingAsnRef: 0 }
[fareharbor-normalize] asn normalized { normalizedAsnToFhdn: 610, fixedMissingAsnRef: 0 }
[fareharbor-normalize] asn normalized { normalizedAsnToFhdn: 611, fixedMissingAsnRef: 0 }
[fareharbor-normalize] asn normalized { normalizedAsnToFhdn: 612, fixedMissingAsnRef: 0 }
[fareharbor-normalize] asn normalized { normalizedAsnToFhdn: 613, fixedMissingAsnRef: 0 }
[fareharbor-normalize] asn normalized { normalizedAsnToFhdn: 614, fixedMissingAsnRef: 0 }
[fareharbor-normalize] asn normalized { normalizedAsnToFhdn: 615, fixedMissingAsnRef: 0 }
[fareharbor-normalize] asn normalized { normalizedAsnToFhdn: 616, fixedMissingAsnRef: 0 }
[fareharbor-normalize] asn normalized { normalizedAsnToFhdn: 617, fixedMissingAsnRef: 0 }
[fareharbor-normalize] asn normalized { normalizedAsnToFhdn: 618, fixedMissingAsnRef: 0 }
[fareharbor-normalize] asn normalized { normalizedAsnToFhdn: 619, fixedMissingAsnRef: 0 }
[fareharbor-normalize] asn normalized { normalizedAsnToFhdn: 620, fixedMissingAsnRef: 0 }
[fareharbor-normalize] asn normalized { normalizedAsnToFhdn: 621, fixedMissingAsnRef: 0 }
[fareharbor-normalize] asn normalized { normalizedAsnToFhdn: 622, fixedMissingAsnRef: 0 }
[fareharbor-normalize] asn normalized { normalizedAsnToFhdn: 623, fixedMissingAsnRef: 0 }
[fareharbor-normalize] asn normalized { normalizedAsnToFhdn: 624, fixedMissingAsnRef: 0 }
[fareharbor-normalize] asn normalized { normalizedAsnToFhdn: 625, fixedMissingAsnRef: 0 }
[fareharbor-normalize] asn normalized { normalizedAsnToFhdn: 626, fixedMissingAsnRef: 0 }
[fareharbor-normalize] asn normalized { normalizedAsnToFhdn: 627, fixedMissingAsnRef: 0 }
[fareharbor-normalize] asn normalized { normalizedAsnToFhdn: 628, fixedMissingAsnRef: 0 }
[fareharbor-normalize] asn normalized { normalizedAsnToFhdn: 629, fixedMissingAsnRef: 0 }
[fareharbor-normalize] asn normalized { normalizedAsnToFhdn: 630, fixedMissingAsnRef: 0 }
[fareharbor-normalize] asn normalized { normalizedAsnToFhdn: 631, fixedMissingAsnRef: 0 }
[fareharbor-normalize] asn normalized { normalizedAsnToFhdn: 632, fixedMissingAsnRef: 0 }
[fareharbor-normalize] asn normalized { normalizedAsnToFhdn: 633, fixedMissingAsnRef: 0 }
[fareharbor-normalize] asn normalized { normalizedAsnToFhdn: 634, fixedMissingAsnRef: 0 }
[fareharbor-normalize] asn normalized { normalizedAsnToFhdn: 635, fixedMissingAsnRef: 0 }
[fareharbor-normalize] asn normalized { normalizedAsnToFhdn: 636, fixedMissingAsnRef: 0 }
[fareharbor-normalize] asn normalized { normalizedAsnToFhdn: 637, fixedMissingAsnRef: 0 }
[fareharbor-normalize] asn normalized { normalizedAsnToFhdn: 638, fixedMissingAsnRef: 0 }
[fareharbor-normalize] asn normalized { normalizedAsnToFhdn: 639, fixedMissingAsnRef: 0 }
[fareharbor-normalize] asn normalized { normalizedAsnToFhdn: 640, fixedMissingAsnRef: 0 }
[fareharbor-normalize] asn normalized { normalizedAsnToFhdn: 641, fixedMissingAsnRef: 0 }
[fareharbor-normalize] asn normalized { normalizedAsnToFhdn: 642, fixedMissingAsnRef: 0 }
[fareharbor-normalize] asn normalized { normalizedAsnToFhdn: 643, fixedMissingAsnRef: 0 }
[fareharbor-normalize] asn normalized { normalizedAsnToFhdn: 644, fixedMissingAsnRef: 0 }
[fareharbor-normalize] asn normalized { normalizedAsnToFhdn: 645, fixedMissingAsnRef: 0 }
[fareharbor-normalize] asn normalized { normalizedAsnToFhdn: 646, fixedMissingAsnRef: 0 }
[fareharbor-normalize] asn normalized { normalizedAsnToFhdn: 647, fixedMissingAsnRef: 0 }
[fareharbor-normalize] asn normalized { normalizedAsnToFhdn: 648, fixedMissingAsnRef: 0 }
[fareharbor-normalize] asn normalized { normalizedAsnToFhdn: 649, fixedMissingAsnRef: 0 }
[fareharbor-normalize] asn normalized { normalizedAsnToFhdn: 650, fixedMissingAsnRef: 0 }
[fareharbor-normalize] asn normalized { normalizedAsnToFhdn: 651, fixedMissingAsnRef: 0 }
[fareharbor-normalize] asn normalized { normalizedAsnToFhdn: 652, fixedMissingAsnRef: 0 }
[fareharbor-normalize] asn normalized { normalizedAsnToFhdn: 653, fixedMissingAsnRef: 0 }
[fareharbor-normalize] asn normalized { normalizedAsnToFhdn: 654, fixedMissingAsnRef: 0 }
[fareharbor-normalize] asn normalized { normalizedAsnToFhdn: 655, fixedMissingAsnRef: 0 }
[fareharbor-normalize] asn normalized { normalizedAsnToFhdn: 656, fixedMissingAsnRef: 0 }
[fareharbor-normalize] asn normalized { normalizedAsnToFhdn: 657, fixedMissingAsnRef: 0 }
[fareharbor-normalize] asn normalized { normalizedAsnToFhdn: 658, fixedMissingAsnRef: 0 }
[fareharbor-normalize] asn normalized { normalizedAsnToFhdn: 659, fixedMissingAsnRef: 0 }
[fareharbor-normalize] asn normalized { normalizedAsnToFhdn: 660, fixedMissingAsnRef: 0 }
[fareharbor-normalize] asn normalized { normalizedAsnToFhdn: 661, fixedMissingAsnRef: 0 }
[fareharbor-normalize] asn normalized { normalizedAsnToFhdn: 662, fixedMissingAsnRef: 0 }
[fareharbor-normalize] asn normalized { normalizedAsnToFhdn: 663, fixedMissingAsnRef: 0 }
[fareharbor-normalize] asn normalized { normalizedAsnToFhdn: 664, fixedMissingAsnRef: 0 }
[fareharbor-normalize] asn normalized { normalizedAsnToFhdn: 665, fixedMissingAsnRef: 0 }
[fareharbor-normalize] asn normalized { normalizedAsnToFhdn: 666, fixedMissingAsnRef: 0 }
[fareharbor-normalize] asn normalized { normalizedAsnToFhdn: 667, fixedMissingAsnRef: 0 }
[fareharbor-normalize] asn normalized { normalizedAsnToFhdn: 668, fixedMissingAsnRef: 0 }
[fareharbor-normalize] asn normalized { normalizedAsnToFhdn: 669, fixedMissingAsnRef: 0 }
[fareharbor-normalize] asn normalized { normalizedAsnToFhdn: 670, fixedMissingAsnRef: 0 }
[fareharbor-normalize] asn normalized { normalizedAsnToFhdn: 671, fixedMissingAsnRef: 0 }
[fareharbor-normalize] asn normalized { normalizedAsnToFhdn: 672, fixedMissingAsnRef: 0 }
[fareharbor-normalize] asn normalized { normalizedAsnToFhdn: 673, fixedMissingAsnRef: 0 }
[fareharbor-normalize] asn normalized { normalizedAsnToFhdn: 674, fixedMissingAsnRef: 0 }
[fareharbor-normalize] asn normalized { normalizedAsnToFhdn: 675, fixedMissingAsnRef: 0 }
[fareharbor-normalize] asn normalized { normalizedAsnToFhdn: 676, fixedMissingAsnRef: 0 }
[fareharbor-normalize] asn normalized { normalizedAsnToFhdn: 677, fixedMissingAsnRef: 0 }
[fareharbor-normalize] asn normalized { normalizedAsnToFhdn: 678, fixedMissingAsnRef: 0 }
[fareharbor-normalize] asn normalized { normalizedAsnToFhdn: 679, fixedMissingAsnRef: 0 }
[fareharbor-normalize] asn normalized { normalizedAsnToFhdn: 680, fixedMissingAsnRef: 0 }
[fareharbor-normalize] asn normalized { normalizedAsnToFhdn: 681, fixedMissingAsnRef: 0 }
[fareharbor-normalize] asn normalized { normalizedAsnToFhdn: 682, fixedMissingAsnRef: 0 }
[fareharbor-normalize] asn normalized { normalizedAsnToFhdn: 683, fixedMissingAsnRef: 0 }
[fareharbor-normalize] asn normalized { normalizedAsnToFhdn: 684, fixedMissingAsnRef: 0 }
[fareharbor-normalize] asn normalized { normalizedAsnToFhdn: 685, fixedMissingAsnRef: 0 }
[fareharbor-normalize] asn normalized { normalizedAsnToFhdn: 686, fixedMissingAsnRef: 0 }
[fareharbor-normalize] asn normalized { normalizedAsnToFhdn: 687, fixedMissingAsnRef: 0 }
[fareharbor-normalize] asn normalized { normalizedAsnToFhdn: 688, fixedMissingAsnRef: 0 }
[fareharbor-normalize] asn normalized { normalizedAsnToFhdn: 689, fixedMissingAsnRef: 0 }
[fareharbor-normalize] asn normalized { normalizedAsnToFhdn: 690, fixedMissingAsnRef: 0 }
[fareharbor-normalize] asn normalized { normalizedAsnToFhdn: 691, fixedMissingAsnRef: 0 }
[fareharbor-normalize] asn normalized { normalizedAsnToFhdn: 692, fixedMissingAsnRef: 0 }
[fareharbor-normalize] asn normalized { normalizedAsnToFhdn: 693, fixedMissingAsnRef: 0 }
[fareharbor-normalize] asn normalized { normalizedAsnToFhdn: 694, fixedMissingAsnRef: 0 }
[fareharbor-normalize] asn normalized { normalizedAsnToFhdn: 695, fixedMissingAsnRef: 0 }
[fareharbor-normalize] asn normalized { normalizedAsnToFhdn: 696, fixedMissingAsnRef: 0 }
[fareharbor-normalize] asn normalized { normalizedAsnToFhdn: 697, fixedMissingAsnRef: 0 }
[fareharbor-normalize] asn normalized { normalizedAsnToFhdn: 698, fixedMissingAsnRef: 0 }
[fareharbor-normalize] asn normalized { normalizedAsnToFhdn: 699, fixedMissingAsnRef: 0 }
[fareharbor-normalize] asn normalized { normalizedAsnToFhdn: 700, fixedMissingAsnRef: 0 }
[fareharbor-normalize] asn normalized { normalizedAsnToFhdn: 701, fixedMissingAsnRef: 0 }
[fareharbor-normalize] asn normalized { normalizedAsnToFhdn: 702, fixedMissingAsnRef: 0 }
[fareharbor-normalize] asn normalized { normalizedAsnToFhdn: 703, fixedMissingAsnRef: 0 }
[fareharbor-normalize] asn normalized { normalizedAsnToFhdn: 704, fixedMissingAsnRef: 0 }
[fareharbor-normalize] asn normalized { normalizedAsnToFhdn: 705, fixedMissingAsnRef: 0 }
[fareharbor-normalize] asn normalized { normalizedAsnToFhdn: 706, fixedMissingAsnRef: 0 }
[fareharbor-normalize] asn normalized { normalizedAsnToFhdn: 707, fixedMissingAsnRef: 0 }
[fareharbor-normalize] asn normalized { normalizedAsnToFhdn: 708, fixedMissingAsnRef: 0 }
[fareharbor-normalize] asn normalized { normalizedAsnToFhdn: 709, fixedMissingAsnRef: 0 }
[fareharbor-normalize] asn normalized { normalizedAsnToFhdn: 710, fixedMissingAsnRef: 0 }
[fareharbor-normalize] asn normalized { normalizedAsnToFhdn: 711, fixedMissingAsnRef: 0 }
[fareharbor-normalize] asn normalized { normalizedAsnToFhdn: 712, fixedMissingAsnRef: 0 }
[fareharbor-normalize] asn normalized { normalizedAsnToFhdn: 713, fixedMissingAsnRef: 0 }
[fareharbor-normalize] asn normalized { normalizedAsnToFhdn: 714, fixedMissingAsnRef: 0 }
[fareharbor-normalize] asn normalized { normalizedAsnToFhdn: 715, fixedMissingAsnRef: 0 }
[fareharbor-normalize] asn normalized { normalizedAsnToFhdn: 716, fixedMissingAsnRef: 0 }
[fareharbor-normalize] asn normalized { normalizedAsnToFhdn: 717, fixedMissingAsnRef: 0 }
[fareharbor-normalize] asn normalized { normalizedAsnToFhdn: 718, fixedMissingAsnRef: 0 }
[fareharbor-normalize] asn normalized { normalizedAsnToFhdn: 719, fixedMissingAsnRef: 0 }
[fareharbor-normalize] asn normalized { normalizedAsnToFhdn: 720, fixedMissingAsnRef: 0 }
[fareharbor-normalize] asn normalized { normalizedAsnToFhdn: 721, fixedMissingAsnRef: 0 }
[fareharbor-normalize] asn normalized { normalizedAsnToFhdn: 722, fixedMissingAsnRef: 0 }
[fareharbor-normalize] asn normalized { normalizedAsnToFhdn: 723, fixedMissingAsnRef: 0 }
[fareharbor-normalize] asn normalized { normalizedAsnToFhdn: 724, fixedMissingAsnRef: 0 }
[fareharbor-normalize] asn normalized { normalizedAsnToFhdn: 725, fixedMissingAsnRef: 0 }
[fareharbor-normalize] asn normalized { normalizedAsnToFhdn: 726, fixedMissingAsnRef: 0 }
[fareharbor-normalize] asn normalized { normalizedAsnToFhdn: 727, fixedMissingAsnRef: 0 }
[fareharbor-normalize] asn normalized { normalizedAsnToFhdn: 728, fixedMissingAsnRef: 0 }
[fareharbor-normalize] asn normalized { normalizedAsnToFhdn: 729, fixedMissingAsnRef: 0 }
[fareharbor-normalize] asn normalized { normalizedAsnToFhdn: 730, fixedMissingAsnRef: 0 }
[fareharbor-normalize] asn normalized { normalizedAsnToFhdn: 731, fixedMissingAsnRef: 0 }
[fareharbor-normalize] asn normalized { normalizedAsnToFhdn: 732, fixedMissingAsnRef: 0 }
[fareharbor-normalize] asn normalized { normalizedAsnToFhdn: 733, fixedMissingAsnRef: 0 }
[fareharbor-normalize] asn normalized { normalizedAsnToFhdn: 734, fixedMissingAsnRef: 0 }
[fareharbor-normalize] asn normalized { normalizedAsnToFhdn: 735, fixedMissingAsnRef: 0 }
[fareharbor-normalize] asn normalized { normalizedAsnToFhdn: 736, fixedMissingAsnRef: 0 }
[fareharbor-normalize] asn normalized { normalizedAsnToFhdn: 737, fixedMissingAsnRef: 0 }
[fareharbor-normalize] asn normalized { normalizedAsnToFhdn: 738, fixedMissingAsnRef: 0 }
[fareharbor-normalize] asn normalized { normalizedAsnToFhdn: 739, fixedMissingAsnRef: 0 }
[fareharbor-normalize] asn normalized { normalizedAsnToFhdn: 740, fixedMissingAsnRef: 0 }
[fareharbor-normalize] asn normalized { normalizedAsnToFhdn: 741, fixedMissingAsnRef: 0 }
[fareharbor-normalize] asn normalized { normalizedAsnToFhdn: 742, fixedMissingAsnRef: 0 }
[fareharbor-normalize] asn normalized { normalizedAsnToFhdn: 743, fixedMissingAsnRef: 0 }
[fareharbor-normalize] asn normalized { normalizedAsnToFhdn: 744, fixedMissingAsnRef: 0 }
[fareharbor-normalize] asn normalized { normalizedAsnToFhdn: 745, fixedMissingAsnRef: 0 }
[fareharbor-normalize] asn normalized { normalizedAsnToFhdn: 746, fixedMissingAsnRef: 0 }
[fareharbor-normalize] asn normalized { normalizedAsnToFhdn: 747, fixedMissingAsnRef: 0 }
[fareharbor-normalize] asn normalized { normalizedAsnToFhdn: 748, fixedMissingAsnRef: 0 }
[fareharbor-normalize] asn normalized { normalizedAsnToFhdn: 749, fixedMissingAsnRef: 0 }
[fareharbor-normalize] asn normalized { normalizedAsnToFhdn: 750, fixedMissingAsnRef: 0 }
[fareharbor-normalize] asn normalized { normalizedAsnToFhdn: 751, fixedMissingAsnRef: 0 }
[fareharbor-normalize] asn normalized { normalizedAsnToFhdn: 752, fixedMissingAsnRef: 0 }
[fareharbor-normalize] asn normalized { normalizedAsnToFhdn: 753, fixedMissingAsnRef: 0 }
[fareharbor-normalize] asn normalized { normalizedAsnToFhdn: 754, fixedMissingAsnRef: 0 }
[fareharbor-normalize] asn normalized { normalizedAsnToFhdn: 755, fixedMissingAsnRef: 0 }
[fareharbor-normalize] asn normalized { normalizedAsnToFhdn: 756, fixedMissingAsnRef: 0 }
[fareharbor-normalize] asn normalized { normalizedAsnToFhdn: 757, fixedMissingAsnRef: 0 }
[fareharbor-normalize] asn normalized { normalizedAsnToFhdn: 758, fixedMissingAsnRef: 0 }
[fareharbor-normalize] asn normalized { normalizedAsnToFhdn: 759, fixedMissingAsnRef: 0 }
[fareharbor-normalize] asn normalized { normalizedAsnToFhdn: 760, fixedMissingAsnRef: 0 }
[fareharbor-normalize] asn normalized { normalizedAsnToFhdn: 761, fixedMissingAsnRef: 0 }
[fareharbor-normalize] asn normalized { normalizedAsnToFhdn: 762, fixedMissingAsnRef: 0 }
[fareharbor-normalize] asn normalized { normalizedAsnToFhdn: 763, fixedMissingAsnRef: 0 }
[fareharbor-normalize] asn normalized { normalizedAsnToFhdn: 764, fixedMissingAsnRef: 0 }
[fareharbor-normalize] asn normalized { normalizedAsnToFhdn: 765, fixedMissingAsnRef: 0 }
[fareharbor-normalize] asn normalized { normalizedAsnToFhdn: 766, fixedMissingAsnRef: 0 }
[fareharbor-normalize] asn normalized { normalizedAsnToFhdn: 767, fixedMissingAsnRef: 0 }
[fareharbor-normalize] asn normalized { normalizedAsnToFhdn: 768, fixedMissingAsnRef: 0 }
[fareharbor-normalize] asn normalized { normalizedAsnToFhdn: 769, fixedMissingAsnRef: 0 }
[fareharbor-normalize] asn normalized { normalizedAsnToFhdn: 770, fixedMissingAsnRef: 0 }
[fareharbor-normalize] asn normalized { normalizedAsnToFhdn: 771, fixedMissingAsnRef: 0 }
[fareharbor-normalize] asn normalized { normalizedAsnToFhdn: 772, fixedMissingAsnRef: 0 }
[fareharbor-normalize] asn normalized { normalizedAsnToFhdn: 773, fixedMissingAsnRef: 0 }
[fareharbor-normalize] asn normalized { normalizedAsnToFhdn: 774, fixedMissingAsnRef: 0 }
[fareharbor-normalize] asn normalized { normalizedAsnToFhdn: 775, fixedMissingAsnRef: 0 }
[fareharbor-normalize] asn normalized { normalizedAsnToFhdn: 776, fixedMissingAsnRef: 0 }
[fareharbor-normalize] asn normalized { normalizedAsnToFhdn: 777, fixedMissingAsnRef: 0 }
[fareharbor-normalize] asn normalized { normalizedAsnToFhdn: 778, fixedMissingAsnRef: 0 }
[fareharbor-normalize] asn normalized { normalizedAsnToFhdn: 779, fixedMissingAsnRef: 0 }
[fareharbor-normalize] asn normalized { normalizedAsnToFhdn: 780, fixedMissingAsnRef: 0 }
[fareharbor-normalize] asn normalized { normalizedAsnToFhdn: 781, fixedMissingAsnRef: 0 }
[fareharbor-normalize] asn normalized { normalizedAsnToFhdn: 782, fixedMissingAsnRef: 0 }
[fareharbor-normalize] asn normalized { normalizedAsnToFhdn: 783, fixedMissingAsnRef: 0 }
[fareharbor-normalize] asn normalized { normalizedAsnToFhdn: 784, fixedMissingAsnRef: 0 }
[fareharbor-normalize] asn normalized { normalizedAsnToFhdn: 785, fixedMissingAsnRef: 0 }
[fareharbor-normalize] asn normalized { normalizedAsnToFhdn: 786, fixedMissingAsnRef: 0 }
[fareharbor-normalize] asn normalized { normalizedAsnToFhdn: 787, fixedMissingAsnRef: 0 }
[fareharbor-normalize] asn normalized { normalizedAsnToFhdn: 788, fixedMissingAsnRef: 0 }
[fareharbor-normalize] asn normalized { normalizedAsnToFhdn: 789, fixedMissingAsnRef: 0 }
[fareharbor-normalize] asn normalized { normalizedAsnToFhdn: 790, fixedMissingAsnRef: 0 }
[fareharbor-normalize] asn normalized { normalizedAsnToFhdn: 791, fixedMissingAsnRef: 0 }
[fareharbor-normalize] asn normalized { normalizedAsnToFhdn: 792, fixedMissingAsnRef: 0 }
[fareharbor-normalize] asn normalized { normalizedAsnToFhdn: 793, fixedMissingAsnRef: 0 }
[fareharbor-normalize] asn normalized { normalizedAsnToFhdn: 794, fixedMissingAsnRef: 0 }
[fareharbor-normalize] asn normalized { normalizedAsnToFhdn: 795, fixedMissingAsnRef: 0 }
[fareharbor-normalize] asn normalized { normalizedAsnToFhdn: 796, fixedMissingAsnRef: 0 }
[fareharbor-normalize] asn normalized { normalizedAsnToFhdn: 797, fixedMissingAsnRef: 0 }
[fareharbor-normalize] asn normalized { normalizedAsnToFhdn: 798, fixedMissingAsnRef: 0 }
[fareharbor-normalize] asn normalized { normalizedAsnToFhdn: 799, fixedMissingAsnRef: 0 }
[fareharbor-normalize] asn normalized { normalizedAsnToFhdn: 800, fixedMissingAsnRef: 0 }
[fareharbor-normalize] asn normalized { normalizedAsnToFhdn: 801, fixedMissingAsnRef: 0 }
[fareharbor-normalize] asn normalized { normalizedAsnToFhdn: 802, fixedMissingAsnRef: 0 }
[fareharbor-normalize] asn normalized { normalizedAsnToFhdn: 803, fixedMissingAsnRef: 0 }
[fareharbor-normalize] asn normalized { normalizedAsnToFhdn: 804, fixedMissingAsnRef: 0 }
[fareharbor-normalize] asn normalized { normalizedAsnToFhdn: 805, fixedMissingAsnRef: 0 }
[fareharbor-normalize] asn normalized { normalizedAsnToFhdn: 806, fixedMissingAsnRef: 0 }
[fareharbor-normalize] asn normalized { normalizedAsnToFhdn: 807, fixedMissingAsnRef: 0 }
[fareharbor-normalize] asn normalized { normalizedAsnToFhdn: 808, fixedMissingAsnRef: 0 }
[fareharbor-normalize] asn normalized { normalizedAsnToFhdn: 809, fixedMissingAsnRef: 0 }
[fareharbor-normalize] asn normalized { normalizedAsnToFhdn: 810, fixedMissingAsnRef: 0 }
[fareharbor-normalize] asn normalized { normalizedAsnToFhdn: 811, fixedMissingAsnRef: 0 }
[fareharbor-normalize] asn normalized { normalizedAsnToFhdn: 812, fixedMissingAsnRef: 0 }
[fareharbor-normalize] asn normalized { normalizedAsnToFhdn: 813, fixedMissingAsnRef: 0 }
[fareharbor-normalize] asn normalized { normalizedAsnToFhdn: 814, fixedMissingAsnRef: 0 }
[fareharbor-normalize] asn normalized { normalizedAsnToFhdn: 815, fixedMissingAsnRef: 0 }
[fareharbor-normalize] asn normalized { normalizedAsnToFhdn: 816, fixedMissingAsnRef: 0 }
[fareharbor-normalize] asn normalized { normalizedAsnToFhdn: 817, fixedMissingAsnRef: 0 }
[fareharbor-normalize] asn normalized { normalizedAsnToFhdn: 818, fixedMissingAsnRef: 0 }
[fareharbor-normalize] asn normalized { normalizedAsnToFhdn: 819, fixedMissingAsnRef: 0 }
[fareharbor-normalize] asn normalized { normalizedAsnToFhdn: 820, fixedMissingAsnRef: 0 }
[fareharbor-normalize] asn normalized { normalizedAsnToFhdn: 821, fixedMissingAsnRef: 0 }
[fareharbor-normalize] asn normalized { normalizedAsnToFhdn: 822, fixedMissingAsnRef: 0 }
[fareharbor-normalize] asn normalized { normalizedAsnToFhdn: 823, fixedMissingAsnRef: 0 }
[fareharbor-normalize] asn normalized { normalizedAsnToFhdn: 824, fixedMissingAsnRef: 0 }
[fareharbor-normalize] asn normalized { normalizedAsnToFhdn: 825, fixedMissingAsnRef: 0 }
[fareharbor-normalize] asn normalized { normalizedAsnToFhdn: 826, fixedMissingAsnRef: 0 }
[fareharbor-normalize] asn normalized { normalizedAsnToFhdn: 827, fixedMissingAsnRef: 0 }
[fareharbor-normalize] asn normalized { normalizedAsnToFhdn: 828, fixedMissingAsnRef: 0 }
[fareharbor-normalize] asn normalized { normalizedAsnToFhdn: 829, fixedMissingAsnRef: 0 }
[fareharbor-normalize] asn normalized { normalizedAsnToFhdn: 830, fixedMissingAsnRef: 0 }
[fareharbor-normalize] asn normalized { normalizedAsnToFhdn: 831, fixedMissingAsnRef: 0 }
[fareharbor-normalize] asn normalized { normalizedAsnToFhdn: 832, fixedMissingAsnRef: 0 }
[fareharbor-normalize] asn normalized { normalizedAsnToFhdn: 833, fixedMissingAsnRef: 0 }
[fareharbor-normalize] asn normalized { normalizedAsnToFhdn: 834, fixedMissingAsnRef: 0 }
[fareharbor-normalize] asn normalized { normalizedAsnToFhdn: 835, fixedMissingAsnRef: 0 }
[fareharbor-normalize] asn normalized { normalizedAsnToFhdn: 836, fixedMissingAsnRef: 0 }
[fareharbor-normalize] asn normalized { normalizedAsnToFhdn: 837, fixedMissingAsnRef: 0 }
[fareharbor-normalize] asn normalized { normalizedAsnToFhdn: 838, fixedMissingAsnRef: 0 }
[fareharbor-normalize] asn normalized { normalizedAsnToFhdn: 839, fixedMissingAsnRef: 0 }
[fareharbor-normalize] asn normalized { normalizedAsnToFhdn: 840, fixedMissingAsnRef: 0 }
[fareharbor-normalize] asn normalized { normalizedAsnToFhdn: 841, fixedMissingAsnRef: 0 }
[fareharbor-normalize] asn normalized { normalizedAsnToFhdn: 842, fixedMissingAsnRef: 0 }
[fareharbor-normalize] asn normalized { normalizedAsnToFhdn: 843, fixedMissingAsnRef: 0 }
[fareharbor-normalize] asn normalized { normalizedAsnToFhdn: 844, fixedMissingAsnRef: 0 }
[fareharbor-normalize] asn normalized { normalizedAsnToFhdn: 845, fixedMissingAsnRef: 0 }
[fareharbor-normalize] asn normalized { normalizedAsnToFhdn: 846, fixedMissingAsnRef: 0 }
[fareharbor-normalize] asn normalized { normalizedAsnToFhdn: 847, fixedMissingAsnRef: 0 }
[fareharbor-normalize] asn normalized { normalizedAsnToFhdn: 848, fixedMissingAsnRef: 0 }
[fareharbor-normalize] asn normalized { normalizedAsnToFhdn: 849, fixedMissingAsnRef: 0 }
[fareharbor-normalize] asn normalized { normalizedAsnToFhdn: 850, fixedMissingAsnRef: 0 }
[fareharbor-normalize] asn normalized { normalizedAsnToFhdn: 851, fixedMissingAsnRef: 0 }
[fareharbor-normalize] asn normalized { normalizedAsnToFhdn: 852, fixedMissingAsnRef: 0 }
[fareharbor-normalize] asn normalized { normalizedAsnToFhdn: 853, fixedMissingAsnRef: 0 }
[fareharbor-normalize] asn normalized { normalizedAsnToFhdn: 854, fixedMissingAsnRef: 0 }
[fareharbor-normalize] asn normalized { normalizedAsnToFhdn: 855, fixedMissingAsnRef: 0 }
[fareharbor-normalize] asn normalized { normalizedAsnToFhdn: 856, fixedMissingAsnRef: 0 }
[fareharbor-normalize] asn normalized { normalizedAsnToFhdn: 857, fixedMissingAsnRef: 0 }
[fareharbor-normalize] asn normalized { normalizedAsnToFhdn: 858, fixedMissingAsnRef: 0 }
[fareharbor-normalize] asn normalized { normalizedAsnToFhdn: 859, fixedMissingAsnRef: 0 }
[fareharbor-normalize] asn normalized { normalizedAsnToFhdn: 860, fixedMissingAsnRef: 0 }
[fareharbor-normalize] asn normalized { normalizedAsnToFhdn: 861, fixedMissingAsnRef: 0 }
[fareharbor-normalize] asn normalized { normalizedAsnToFhdn: 862, fixedMissingAsnRef: 0 }
[fareharbor-normalize] asn normalized { normalizedAsnToFhdn: 863, fixedMissingAsnRef: 0 }
[fareharbor-normalize] asn normalized { normalizedAsnToFhdn: 864, fixedMissingAsnRef: 0 }
[fareharbor-normalize] asn normalized { normalizedAsnToFhdn: 865, fixedMissingAsnRef: 0 }
[fareharbor-normalize] asn normalized { normalizedAsnToFhdn: 866, fixedMissingAsnRef: 0 }
[fareharbor-normalize] asn normalized { normalizedAsnToFhdn: 867, fixedMissingAsnRef: 0 }
[fareharbor-normalize] asn normalized { normalizedAsnToFhdn: 868, fixedMissingAsnRef: 0 }
[fareharbor-normalize] asn normalized { normalizedAsnToFhdn: 869, fixedMissingAsnRef: 0 }
[fareharbor-normalize] asn normalized { normalizedAsnToFhdn: 870, fixedMissingAsnRef: 0 }
[fareharbor-normalize] asn normalized { normalizedAsnToFhdn: 871, fixedMissingAsnRef: 0 }
[fareharbor-normalize] asn normalized { normalizedAsnToFhdn: 872, fixedMissingAsnRef: 0 }
[fareharbor-normalize] asn normalized { normalizedAsnToFhdn: 873, fixedMissingAsnRef: 0 }
[fareharbor-normalize] asn normalized { normalizedAsnToFhdn: 874, fixedMissingAsnRef: 0 }
[fareharbor-normalize] asn normalized { normalizedAsnToFhdn: 875, fixedMissingAsnRef: 0 }
[fareharbor-normalize] asn normalized { normalizedAsnToFhdn: 876, fixedMissingAsnRef: 0 }
[fareharbor-normalize] asn normalized { normalizedAsnToFhdn: 877, fixedMissingAsnRef: 0 }
[fareharbor-normalize] asn normalized { normalizedAsnToFhdn: 878, fixedMissingAsnRef: 0 }
[fareharbor-normalize] asn normalized { normalizedAsnToFhdn: 879, fixedMissingAsnRef: 0 }
[fareharbor-normalize] asn normalized { normalizedAsnToFhdn: 880, fixedMissingAsnRef: 0 }
[fareharbor-normalize] asn normalized { normalizedAsnToFhdn: 881, fixedMissingAsnRef: 0 }
[fareharbor-normalize] asn normalized { normalizedAsnToFhdn: 882, fixedMissingAsnRef: 0 }
[fareharbor-normalize] asn normalized { normalizedAsnToFhdn: 883, fixedMissingAsnRef: 0 }
[fareharbor-normalize] asn normalized { normalizedAsnToFhdn: 884, fixedMissingAsnRef: 0 }
[fareharbor-normalize] asn normalized { normalizedAsnToFhdn: 885, fixedMissingAsnRef: 0 }
[fareharbor-normalize] asn normalized { normalizedAsnToFhdn: 886, fixedMissingAsnRef: 0 }
[fareharbor-normalize] asn normalized { normalizedAsnToFhdn: 887, fixedMissingAsnRef: 0 }
[fareharbor-normalize] asn normalized { normalizedAsnToFhdn: 888, fixedMissingAsnRef: 0 }
[fareharbor-normalize] asn normalized { normalizedAsnToFhdn: 889, fixedMissingAsnRef: 0 }
[fareharbor-normalize] asn normalized { normalizedAsnToFhdn: 890, fixedMissingAsnRef: 0 }
[fareharbor-normalize] asn normalized { normalizedAsnToFhdn: 891, fixedMissingAsnRef: 0 }
[fareharbor-normalize] asn normalized { normalizedAsnToFhdn: 892, fixedMissingAsnRef: 0 }
[fareharbor-normalize] asn normalized { normalizedAsnToFhdn: 893, fixedMissingAsnRef: 0 }
[fareharbor-normalize] asn normalized { normalizedAsnToFhdn: 894, fixedMissingAsnRef: 0 }
[fareharbor-normalize] asn normalized { normalizedAsnToFhdn: 895, fixedMissingAsnRef: 0 }
[fareharbor-normalize] asn normalized { normalizedAsnToFhdn: 896, fixedMissingAsnRef: 0 }
[fareharbor-normalize] asn normalized { normalizedAsnToFhdn: 897, fixedMissingAsnRef: 0 }
[fareharbor-normalize] asn normalized { normalizedAsnToFhdn: 898, fixedMissingAsnRef: 0 }
[fareharbor-normalize] asn normalized { normalizedAsnToFhdn: 899, fixedMissingAsnRef: 0 }
[fareharbor-normalize] asn normalized { normalizedAsnToFhdn: 900, fixedMissingAsnRef: 0 }
[fareharbor-normalize] asn normalized { normalizedAsnToFhdn: 901, fixedMissingAsnRef: 0 }
[fareharbor-normalize] asn normalized { normalizedAsnToFhdn: 902, fixedMissingAsnRef: 0 }
[fareharbor-normalize] asn normalized { normalizedAsnToFhdn: 903, fixedMissingAsnRef: 0 }
[fareharbor-normalize] asn normalized { normalizedAsnToFhdn: 904, fixedMissingAsnRef: 0 }
[fareharbor-normalize] asn normalized { normalizedAsnToFhdn: 905, fixedMissingAsnRef: 0 }
[fareharbor-normalize] asn normalized { normalizedAsnToFhdn: 906, fixedMissingAsnRef: 0 }
[fareharbor-normalize] asn normalized { normalizedAsnToFhdn: 907, fixedMissingAsnRef: 0 }
[fareharbor-normalize] asn normalized { normalizedAsnToFhdn: 908, fixedMissingAsnRef: 0 }
[fareharbor-normalize] asn normalized { normalizedAsnToFhdn: 909, fixedMissingAsnRef: 0 }
[fareharbor-normalize] asn normalized { normalizedAsnToFhdn: 910, fixedMissingAsnRef: 0 }
[fareharbor-normalize] asn normalized { normalizedAsnToFhdn: 911, fixedMissingAsnRef: 0 }
[fareharbor-normalize] asn normalized { normalizedAsnToFhdn: 912, fixedMissingAsnRef: 0 }
[fareharbor-normalize] asn normalized { normalizedAsnToFhdn: 913, fixedMissingAsnRef: 0 }
[fareharbor-normalize] asn normalized { normalizedAsnToFhdn: 914, fixedMissingAsnRef: 0 }
[fareharbor-normalize] asn normalized { normalizedAsnToFhdn: 915, fixedMissingAsnRef: 0 }
[fareharbor-normalize] asn normalized { normalizedAsnToFhdn: 916, fixedMissingAsnRef: 0 }
[fareharbor-normalize] asn normalized { normalizedAsnToFhdn: 917, fixedMissingAsnRef: 0 }
[fareharbor-normalize] asn normalized { normalizedAsnToFhdn: 918, fixedMissingAsnRef: 0 }
[fareharbor-normalize] asn normalized { normalizedAsnToFhdn: 919, fixedMissingAsnRef: 0 }
[fareharbor-normalize] asn normalized { normalizedAsnToFhdn: 920, fixedMissingAsnRef: 0 }
[fareharbor-normalize] asn normalized { normalizedAsnToFhdn: 921, fixedMissingAsnRef: 0 }
[fareharbor-normalize] asn normalized { normalizedAsnToFhdn: 922, fixedMissingAsnRef: 0 }
[fareharbor-normalize] asn normalized { normalizedAsnToFhdn: 923, fixedMissingAsnRef: 0 }
[fareharbor-normalize] asn normalized { normalizedAsnToFhdn: 924, fixedMissingAsnRef: 0 }
[fareharbor-normalize] asn normalized { normalizedAsnToFhdn: 925, fixedMissingAsnRef: 0 }
[fareharbor-normalize] asn normalized { normalizedAsnToFhdn: 926, fixedMissingAsnRef: 0 }
[fareharbor-normalize] asn normalized { normalizedAsnToFhdn: 927, fixedMissingAsnRef: 0 }
[fareharbor-normalize] asn normalized { normalizedAsnToFhdn: 928, fixedMissingAsnRef: 0 }
[fareharbor-normalize] asn normalized { normalizedAsnToFhdn: 929, fixedMissingAsnRef: 0 }
[fareharbor-normalize] asn normalized { normalizedAsnToFhdn: 930, fixedMissingAsnRef: 0 }
[fareharbor-normalize] asn normalized { normalizedAsnToFhdn: 931, fixedMissingAsnRef: 0 }
[fareharbor-normalize] asn normalized { normalizedAsnToFhdn: 932, fixedMissingAsnRef: 0 }
[fareharbor-normalize] asn normalized { normalizedAsnToFhdn: 933, fixedMissingAsnRef: 0 }
[fareharbor-normalize] asn normalized { normalizedAsnToFhdn: 934, fixedMissingAsnRef: 0 }
[fareharbor-normalize] asn normalized { normalizedAsnToFhdn: 935, fixedMissingAsnRef: 0 }
[fareharbor-normalize] asn normalized { normalizedAsnToFhdn: 936, fixedMissingAsnRef: 0 }
[fareharbor-normalize] asn normalized { normalizedAsnToFhdn: 937, fixedMissingAsnRef: 0 }
[fareharbor-normalize] asn normalized { normalizedAsnToFhdn: 938, fixedMissingAsnRef: 0 }
[fareharbor-normalize] asn normalized { normalizedAsnToFhdn: 939, fixedMissingAsnRef: 0 }
[fareharbor-normalize] asn normalized { normalizedAsnToFhdn: 940, fixedMissingAsnRef: 0 }
[fareharbor-normalize] asn normalized { normalizedAsnToFhdn: 941, fixedMissingAsnRef: 0 }
[fareharbor-normalize] asn normalized { normalizedAsnToFhdn: 942, fixedMissingAsnRef: 0 }
[fareharbor-normalize] asn normalized { normalizedAsnToFhdn: 943, fixedMissingAsnRef: 0 }
[fareharbor-normalize] asn normalized { normalizedAsnToFhdn: 944, fixedMissingAsnRef: 0 }
[fareharbor-normalize] asn normalized { normalizedAsnToFhdn: 945, fixedMissingAsnRef: 0 }
[fareharbor-normalize] asn normalized { normalizedAsnToFhdn: 946, fixedMissingAsnRef: 0 }
[fareharbor-normalize] asn normalized { normalizedAsnToFhdn: 947, fixedMissingAsnRef: 0 }
[fareharbor-normalize] asn normalized { normalizedAsnToFhdn: 948, fixedMissingAsnRef: 0 }
[fareharbor-normalize] asn normalized { normalizedAsnToFhdn: 949, fixedMissingAsnRef: 0 }
[fareharbor-normalize] asn normalized { normalizedAsnToFhdn: 950, fixedMissingAsnRef: 0 }
[fareharbor-normalize] asn normalized { normalizedAsnToFhdn: 951, fixedMissingAsnRef: 0 }
[fareharbor-normalize] asn normalized { normalizedAsnToFhdn: 952, fixedMissingAsnRef: 0 }
[fareharbor-normalize] asn normalized { normalizedAsnToFhdn: 953, fixedMissingAsnRef: 0 }
[fareharbor-normalize] asn normalized { normalizedAsnToFhdn: 954, fixedMissingAsnRef: 0 }
[fareharbor-normalize] asn normalized { normalizedAsnToFhdn: 955, fixedMissingAsnRef: 0 }
[fareharbor-normalize] asn normalized { normalizedAsnToFhdn: 956, fixedMissingAsnRef: 0 }
[fareharbor-normalize] asn normalized { normalizedAsnToFhdn: 957, fixedMissingAsnRef: 0 }
[fareharbor-normalize] asn normalized { normalizedAsnToFhdn: 958, fixedMissingAsnRef: 0 }
[fareharbor-normalize] asn normalized { normalizedAsnToFhdn: 959, fixedMissingAsnRef: 0 }
[fareharbor-normalize] asn normalized { normalizedAsnToFhdn: 960, fixedMissingAsnRef: 0 }
[fareharbor-normalize] asn normalized { normalizedAsnToFhdn: 961, fixedMissingAsnRef: 0 }
[fareharbor-normalize] asn normalized { normalizedAsnToFhdn: 962, fixedMissingAsnRef: 0 }
[fareharbor-normalize] asn normalized { normalizedAsnToFhdn: 963, fixedMissingAsnRef: 0 }
[fareharbor-normalize] asn normalized { normalizedAsnToFhdn: 964, fixedMissingAsnRef: 0 }
[fareharbor-normalize] asn normalized { normalizedAsnToFhdn: 965, fixedMissingAsnRef: 0 }
[fareharbor-normalize] asn normalized { normalizedAsnToFhdn: 966, fixedMissingAsnRef: 0 }
[fareharbor-normalize] asn normalized { normalizedAsnToFhdn: 967, fixedMissingAsnRef: 0 }
[fareharbor-normalize] asn normalized { normalizedAsnToFhdn: 968, fixedMissingAsnRef: 0 }
[fareharbor-normalize] asn normalized { normalizedAsnToFhdn: 969, fixedMissingAsnRef: 0 }
[fareharbor-normalize] asn normalized { normalizedAsnToFhdn: 970, fixedMissingAsnRef: 0 }
[fareharbor-normalize] asn normalized { normalizedAsnToFhdn: 971, fixedMissingAsnRef: 0 }
[fareharbor-normalize] asn normalized { normalizedAsnToFhdn: 972, fixedMissingAsnRef: 0 }
[fareharbor-normalize] asn normalized { normalizedAsnToFhdn: 973, fixedMissingAsnRef: 0 }
[fareharbor-normalize] asn normalized { normalizedAsnToFhdn: 974, fixedMissingAsnRef: 0 }
[fareharbor-normalize] asn normalized { normalizedAsnToFhdn: 975, fixedMissingAsnRef: 0 }
[fareharbor-normalize] asn normalized { normalizedAsnToFhdn: 976, fixedMissingAsnRef: 0 }
[fareharbor-normalize] asn normalized { normalizedAsnToFhdn: 977, fixedMissingAsnRef: 0 }
[fareharbor-normalize] asn normalized { normalizedAsnToFhdn: 978, fixedMissingAsnRef: 0 }
[fareharbor-normalize] asn normalized { normalizedAsnToFhdn: 979, fixedMissingAsnRef: 0 }
[fareharbor-normalize] asn normalized { normalizedAsnToFhdn: 980, fixedMissingAsnRef: 0 }
[fareharbor-normalize] asn normalized { normalizedAsnToFhdn: 981, fixedMissingAsnRef: 0 }
[fareharbor-normalize] asn normalized { normalizedAsnToFhdn: 982, fixedMissingAsnRef: 0 }
[fareharbor-normalize] asn normalized { normalizedAsnToFhdn: 983, fixedMissingAsnRef: 0 }
[fareharbor-normalize] asn normalized { normalizedAsnToFhdn: 984, fixedMissingAsnRef: 0 }
[fareharbor-normalize] asn normalized { normalizedAsnToFhdn: 985, fixedMissingAsnRef: 0 }
[fareharbor-normalize] asn normalized { normalizedAsnToFhdn: 986, fixedMissingAsnRef: 0 }
[fareharbor-normalize] asn normalized { normalizedAsnToFhdn: 987, fixedMissingAsnRef: 0 }
[fareharbor-normalize] asn normalized { normalizedAsnToFhdn: 988, fixedMissingAsnRef: 0 }
[fareharbor-normalize] asn normalized { normalizedAsnToFhdn: 989, fixedMissingAsnRef: 0 }
[fareharbor-normalize] asn normalized { normalizedAsnToFhdn: 990, fixedMissingAsnRef: 0 }
[fareharbor-normalize] asn normalized { normalizedAsnToFhdn: 991, fixedMissingAsnRef: 0 }
[fareharbor-normalize] asn normalized { normalizedAsnToFhdn: 992, fixedMissingAsnRef: 0 }
[fareharbor-normalize] asn normalized { normalizedAsnToFhdn: 993, fixedMissingAsnRef: 0 }
[fareharbor-normalize] asn normalized { normalizedAsnToFhdn: 994, fixedMissingAsnRef: 0 }
[fareharbor-normalize] asn normalized { normalizedAsnToFhdn: 995, fixedMissingAsnRef: 0 }
[fareharbor-normalize] asn normalized { normalizedAsnToFhdn: 996, fixedMissingAsnRef: 0 }
[fareharbor-normalize] asn normalized { normalizedAsnToFhdn: 997, fixedMissingAsnRef: 0 }
[fareharbor-normalize] asn normalized { normalizedAsnToFhdn: 998, fixedMissingAsnRef: 0 }
[fareharbor-normalize] asn normalized { normalizedAsnToFhdn: 999, fixedMissingAsnRef: 0 }
[fareharbor-normalize] asn normalized { normalizedAsnToFhdn: 1000, fixedMissingAsnRef: 0 }
[fareharbor-normalize] asn normalized { normalizedAsnToFhdn: 1001, fixedMissingAsnRef: 0 }
[fareharbor-normalize] asn normalized { normalizedAsnToFhdn: 1002, fixedMissingAsnRef: 0 }
[fareharbor-normalize] asn normalized { normalizedAsnToFhdn: 1003, fixedMissingAsnRef: 0 }
[fareharbor-normalize] asn normalized { normalizedAsnToFhdn: 1004, fixedMissingAsnRef: 0 }
[fareharbor-normalize] asn normalized { normalizedAsnToFhdn: 1005, fixedMissingAsnRef: 0 }
[fareharbor-normalize] asn normalized { normalizedAsnToFhdn: 1006, fixedMissingAsnRef: 0 }
[fareharbor-normalize] asn normalized { normalizedAsnToFhdn: 1007, fixedMissingAsnRef: 0 }
[fareharbor-normalize] asn normalized { normalizedAsnToFhdn: 1008, fixedMissingAsnRef: 0 }
[fareharbor-normalize] asn normalized { normalizedAsnToFhdn: 1009, fixedMissingAsnRef: 0 }
[fareharbor-normalize] asn normalized { normalizedAsnToFhdn: 1010, fixedMissingAsnRef: 0 }
[fareharbor-normalize] asn normalized { normalizedAsnToFhdn: 1011, fixedMissingAsnRef: 0 }
[fareharbor-normalize] asn normalized { normalizedAsnToFhdn: 1012, fixedMissingAsnRef: 0 }
[fareharbor-normalize] asn normalized { normalizedAsnToFhdn: 1013, fixedMissingAsnRef: 0 }
[fareharbor-normalize] asn normalized { normalizedAsnToFhdn: 1014, fixedMissingAsnRef: 0 }
[fareharbor-normalize] asn normalized { normalizedAsnToFhdn: 1015, fixedMissingAsnRef: 0 }
[fareharbor-normalize] asn normalized { normalizedAsnToFhdn: 1016, fixedMissingAsnRef: 0 }
[fareharbor-normalize] asn normalized { normalizedAsnToFhdn: 1017, fixedMissingAsnRef: 0 }
[fareharbor-normalize] asn normalized { normalizedAsnToFhdn: 1018, fixedMissingAsnRef: 0 }
[fareharbor-normalize] asn normalized { normalizedAsnToFhdn: 1019, fixedMissingAsnRef: 0 }
[fareharbor-normalize] asn normalized { normalizedAsnToFhdn: 1020, fixedMissingAsnRef: 0 }
[fareharbor-normalize] asn normalized { normalizedAsnToFhdn: 1021, fixedMissingAsnRef: 0 }
[fareharbor-normalize] asn normalized { normalizedAsnToFhdn: 1022, fixedMissingAsnRef: 0 }
[fareharbor-normalize] asn normalized { normalizedAsnToFhdn: 1023, fixedMissingAsnRef: 0 }
[fareharbor-normalize] asn normalized { normalizedAsnToFhdn: 1024, fixedMissingAsnRef: 0 }
[fareharbor-normalize] asn normalized { normalizedAsnToFhdn: 1025, fixedMissingAsnRef: 0 }
[fareharbor-normalize] asn normalized { normalizedAsnToFhdn: 1026, fixedMissingAsnRef: 0 }
[fareharbor-normalize] asn normalized { normalizedAsnToFhdn: 1027, fixedMissingAsnRef: 0 }
[fareharbor-normalize] asn normalized { normalizedAsnToFhdn: 1028, fixedMissingAsnRef: 0 }
[fareharbor-normalize] asn normalized { normalizedAsnToFhdn: 1029, fixedMissingAsnRef: 0 }
[fareharbor-normalize] asn normalized { normalizedAsnToFhdn: 1030, fixedMissingAsnRef: 0 }
[fareharbor-normalize] asn normalized { normalizedAsnToFhdn: 1031, fixedMissingAsnRef: 0 }
[fareharbor-normalize] asn normalized { normalizedAsnToFhdn: 1032, fixedMissingAsnRef: 0 }
[fareharbor-normalize] asn normalized { normalizedAsnToFhdn: 1033, fixedMissingAsnRef: 0 }
[fareharbor-normalize] asn normalized { normalizedAsnToFhdn: 1034, fixedMissingAsnRef: 0 }
[fareharbor-normalize] asn normalized { normalizedAsnToFhdn: 1035, fixedMissingAsnRef: 0 }
[fareharbor-normalize] asn normalized { normalizedAsnToFhdn: 1036, fixedMissingAsnRef: 0 }
[fareharbor-normalize] asn normalized { normalizedAsnToFhdn: 1037, fixedMissingAsnRef: 0 }
[fareharbor-normalize] asn normalized { normalizedAsnToFhdn: 1038, fixedMissingAsnRef: 0 }
[fareharbor-normalize] asn normalized { normalizedAsnToFhdn: 1039, fixedMissingAsnRef: 0 }
[fareharbor-normalize] asn normalized { normalizedAsnToFhdn: 1040, fixedMissingAsnRef: 0 }
[fareharbor-normalize] asn normalized { normalizedAsnToFhdn: 1041, fixedMissingAsnRef: 0 }
[fareharbor-normalize] asn normalized { normalizedAsnToFhdn: 1042, fixedMissingAsnRef: 0 }
[fareharbor-normalize] asn normalized { normalizedAsnToFhdn: 1043, fixedMissingAsnRef: 0 }
[fareharbor-normalize] asn normalized { normalizedAsnToFhdn: 1044, fixedMissingAsnRef: 0 }
[fareharbor-normalize] asn normalized { normalizedAsnToFhdn: 1045, fixedMissingAsnRef: 0 }
[fareharbor-normalize] asn normalized { normalizedAsnToFhdn: 1046, fixedMissingAsnRef: 0 }
[fareharbor-normalize] asn normalized { normalizedAsnToFhdn: 1047, fixedMissingAsnRef: 0 }
[fareharbor-normalize] asn normalized { normalizedAsnToFhdn: 1048, fixedMissingAsnRef: 0 }
[fareharbor-normalize] asn normalized { normalizedAsnToFhdn: 1049, fixedMissingAsnRef: 0 }
[fareharbor-normalize] asn normalized { normalizedAsnToFhdn: 1050, fixedMissingAsnRef: 0 }
[fareharbor-normalize] asn normalized { normalizedAsnToFhdn: 1051, fixedMissingAsnRef: 0 }
[fareharbor-normalize] asn normalized { normalizedAsnToFhdn: 1052, fixedMissingAsnRef: 0 }
[fareharbor-normalize] asn normalized { normalizedAsnToFhdn: 1053, fixedMissingAsnRef: 0 }
[fareharbor-normalize] asn normalized { normalizedAsnToFhdn: 1054, fixedMissingAsnRef: 0 }
[fareharbor-normalize] asn normalized { normalizedAsnToFhdn: 1055, fixedMissingAsnRef: 0 }
[fareharbor-normalize] asn normalized { normalizedAsnToFhdn: 1056, fixedMissingAsnRef: 0 }
[fareharbor-normalize] asn normalized { normalizedAsnToFhdn: 1057, fixedMissingAsnRef: 0 }
[fareharbor-normalize] asn normalized { normalizedAsnToFhdn: 1058, fixedMissingAsnRef: 0 }
[fareharbor-normalize] asn normalized { normalizedAsnToFhdn: 1059, fixedMissingAsnRef: 0 }
[fareharbor-normalize] asn normalized { normalizedAsnToFhdn: 1060, fixedMissingAsnRef: 0 }
[fareharbor-normalize] asn normalized { normalizedAsnToFhdn: 1061, fixedMissingAsnRef: 0 }
[fareharbor-normalize] asn normalized { normalizedAsnToFhdn: 1062, fixedMissingAsnRef: 0 }
[fareharbor-normalize] asn normalized { normalizedAsnToFhdn: 1063, fixedMissingAsnRef: 0 }
[fareharbor-normalize] asn normalized { normalizedAsnToFhdn: 1064, fixedMissingAsnRef: 0 }
[fareharbor-normalize] asn normalized { normalizedAsnToFhdn: 1065, fixedMissingAsnRef: 0 }
[fareharbor-normalize] asn normalized { normalizedAsnToFhdn: 1066, fixedMissingAsnRef: 0 }
[fareharbor-normalize] asn normalized { normalizedAsnToFhdn: 1067, fixedMissingAsnRef: 0 }
[fareharbor-normalize] asn normalized { normalizedAsnToFhdn: 1068, fixedMissingAsnRef: 0 }
[fareharbor-normalize] asn normalized { normalizedAsnToFhdn: 1069, fixedMissingAsnRef: 0 }
[fareharbor-normalize] asn normalized { normalizedAsnToFhdn: 1070, fixedMissingAsnRef: 0 }
[fareharbor-normalize] asn normalized { normalizedAsnToFhdn: 1071, fixedMissingAsnRef: 0 }
[fareharbor-normalize] asn normalized { normalizedAsnToFhdn: 1072, fixedMissingAsnRef: 0 }
[fareharbor-normalize] asn normalized { normalizedAsnToFhdn: 1073, fixedMissingAsnRef: 0 }
[fareharbor-normalize] asn normalized { normalizedAsnToFhdn: 1074, fixedMissingAsnRef: 0 }
[fareharbor-normalize] asn normalized { normalizedAsnToFhdn: 1075, fixedMissingAsnRef: 0 }
[fareharbor-normalize] asn normalized { normalizedAsnToFhdn: 1076, fixedMissingAsnRef: 0 }
[fareharbor-normalize] asn normalized { normalizedAsnToFhdn: 1077, fixedMissingAsnRef: 0 }
[fareharbor-normalize] asn normalized { normalizedAsnToFhdn: 1078, fixedMissingAsnRef: 0 }
[fareharbor-normalize] asn normalized { normalizedAsnToFhdn: 1079, fixedMissingAsnRef: 0 }
[fareharbor-normalize] asn normalized { normalizedAsnToFhdn: 1080, fixedMissingAsnRef: 0 }
[fareharbor-normalize] asn normalized { normalizedAsnToFhdn: 1081, fixedMissingAsnRef: 0 }
[fareharbor-normalize] asn normalized { normalizedAsnToFhdn: 1082, fixedMissingAsnRef: 0 }
[fareharbor-normalize] asn normalized { normalizedAsnToFhdn: 1083, fixedMissingAsnRef: 0 }
[fareharbor-normalize] asn normalized { normalizedAsnToFhdn: 1084, fixedMissingAsnRef: 0 }
[fareharbor-normalize] asn normalized { normalizedAsnToFhdn: 1085, fixedMissingAsnRef: 0 }
[fareharbor-normalize] asn normalized { normalizedAsnToFhdn: 1086, fixedMissingAsnRef: 0 }
[fareharbor-normalize] asn normalized { normalizedAsnToFhdn: 1087, fixedMissingAsnRef: 0 }
[fareharbor-normalize] asn normalized { normalizedAsnToFhdn: 1088, fixedMissingAsnRef: 0 }
[fareharbor-normalize] asn normalized { normalizedAsnToFhdn: 1089, fixedMissingAsnRef: 0 }
[fareharbor-normalize] asn normalized { normalizedAsnToFhdn: 1090, fixedMissingAsnRef: 0 }
[fareharbor-normalize] asn normalized { normalizedAsnToFhdn: 1091, fixedMissingAsnRef: 0 }
[fareharbor-normalize] asn normalized { normalizedAsnToFhdn: 1092, fixedMissingAsnRef: 0 }
[fareharbor-normalize] asn normalized { normalizedAsnToFhdn: 1093, fixedMissingAsnRef: 0 }
[fareharbor-normalize] asn normalized { normalizedAsnToFhdn: 1094, fixedMissingAsnRef: 0 }
[fareharbor-normalize] asn normalized { normalizedAsnToFhdn: 1095, fixedMissingAsnRef: 0 }
[fareharbor-normalize] asn normalized { normalizedAsnToFhdn: 1096, fixedMissingAsnRef: 0 }
[fareharbor-normalize] asn normalized { normalizedAsnToFhdn: 1097, fixedMissingAsnRef: 0 }
[fareharbor-normalize] asn normalized { normalizedAsnToFhdn: 1098, fixedMissingAsnRef: 0 }
[fareharbor-normalize] asn normalized { normalizedAsnToFhdn: 1099, fixedMissingAsnRef: 0 }
[fareharbor-normalize] asn normalized { normalizedAsnToFhdn: 1100, fixedMissingAsnRef: 0 }
[fareharbor-normalize] asn normalized { normalizedAsnToFhdn: 1101, fixedMissingAsnRef: 0 }
[fareharbor-normalize] asn normalized { normalizedAsnToFhdn: 1102, fixedMissingAsnRef: 0 }
[fareharbor-normalize] asn normalized { normalizedAsnToFhdn: 1103, fixedMissingAsnRef: 0 }
Sitemap pages: 10
Sitemap tours: 8836
Sitemap cities: 1120
Sitemap guides: 292
Sitemap destinations: 97
Sitemap categories: 533
[sitemap] excluded 0 URL emissions using 12 denylist patterns/tokens (0 token matches, 0 legacy soft-404 matches, 0 booking matches).
VERCEL_ENV: 

> tsx scripts/generate-tour-enrichment.ts
Fallback used: missing source_url for tourId 107822
Fallback used: missing slug for tourId 107822
Fallback used: missing source_url for tourId 109205
Fallback used: missing slug for tourId 109205
Fallback used: missing source_url for tourId 110311
Fallback used: missing slug for tourId 110311
Fallback used: missing source_url for tourId 110581
Fallback used: missing slug for tourId 110581
Fallback used: missing source_url for tourId 53931
Fallback used: missing slug for tourId 53931
Fallback used: missing source_url for tourId 109626
Fallback used: missing slug for tourId 109626
Fallback used: missing source_url for tourId 227193
Fallback used: missing slug for tourId 227193
Fallback used: missing source_url for tourId 614474
Fallback used: missing slug for tourId 614474
Fallback used: missing source_url for tourId 663868
Fallback used: missing slug for tourId 663868
Fallback used: missing source_url for tourId 107835
Fallback used: missing slug for tourId 107835
Fallback used: missing source_url for tourId 226915
Fallback used: missing slug for tourId 226915
Fallback used: missing source_url for tourId 622922
Fallback used: missing slug for tourId 622922
Fallback used: missing source_url for tourId 602025
Fallback used: missing slug for tourId 602025
Fallback used: missing source_url for tourId 109487
Fallback used: missing slug for tourId 109487
Fallback used: missing source_url for tourId 110584
Fallback used: missing slug for tourId 110584
Fallback used: missing source_url for tourId 653430
Fallback used: missing slug for tourId 653430
Fallback used: missing source_url for tourId 12398
Fallback used: missing slug for tourId 12398
Fallback used: missing source_url for tourId 193220
Fallback used: missing slug for tourId 193220
Fallback used: missing source_url for tourId 333236
Fallback used: missing slug for tourId 333236
Fallback used: missing source_url for tourId 388635
Fallback used: missing slug for tourId 388635
Fallback used: missing source_url for tourId 388669
Fallback used: missing slug for tourId 388669
Fallback used: missing source_url for tourId 479885
Fallback used: missing slug for tourId 479885
Fallback used: missing source_url for tourId 46445
Fallback used: missing slug for tourId 46445
Fallback used: missing source_url for tourId 476135
Fallback used: missing slug for tourId 476135
Fallback used: missing source_url for tourId 59588
Fallback used: missing slug for tourId 59588
Fallback used: missing source_url for tourId 156101
Fallback used: missing slug for tourId 156101
Fallback used: missing source_url for tourId 273866
Fallback used: missing slug for tourId 273866
Fallback used: missing source_url for tourId 423373
Fallback used: missing slug for tourId 423373
Fallback used: missing source_url for tourId 290181
Fallback used: missing slug for tourId 290181
Fallback used: missing source_url for tourId 548645
Fallback used: missing slug for tourId 548645
Fallback used: missing source_url for tourId 548651
Fallback used: missing slug for tourId 548651
Fallback used: missing source_url for tourId 10201
Fallback used: missing slug for tourId 10201
Fallback used: missing source_url for tourId 283851
Fallback used: missing slug for tourId 283851
Fallback used: missing source_url for tourId 423379
Fallback used: missing slug for tourId 423379
Fallback used: missing source_url for tourId 98392
Fallback used: missing slug for tourId 98392
Fallback used: missing source_url for tourId 283796
Fallback used: missing slug for tourId 283796
Fallback used: missing source_url for tourId 283810
Fallback used: missing slug for tourId 283810
Fallback used: missing source_url for tourId 667718
Fallback used: missing slug for tourId 667718
Fallback used: missing source_url for tourId 197747
Fallback used: missing slug for tourId 197747
Fallback used: missing source_url for tourId 290059
Fallback used: missing slug for tourId 290059
Fallback used: missing source_url for tourId 307123
Fallback used: missing slug for tourId 307123
Fallback used: missing source_url for tourId 386943
Fallback used: missing slug for tourId 386943
Fallback used: missing source_url for tourId 470345
Fallback used: missing slug for tourId 470345
Fallback used: missing source_url for tourId 667682
Fallback used: missing slug for tourId 667682
Fallback used: missing source_url for tourId 667686
Fallback used: missing slug for tourId 667686
Fallback used: missing source_url for tourId 667694
Fallback used: missing slug for tourId 667694
Fallback used: missing source_url for tourId 667720
Fallback used: missing slug for tourId 667720
Fallback used: missing source_url for tourId 667730
Fallback used: missing slug for tourId 667730
Fallback used: missing source_url for tourId 469274
Fallback used: missing slug for tourId 469274
Fallback used: missing source_url for tourId 612849
Fallback used: missing slug for tourId 612849
Fallback used: missing source_url for tourId 394248
Fallback used: missing slug for tourId 394248
Fallback used: missing source_url for tourId 312483
Fallback used: missing slug for tourId 312483
Fallback used: missing source_url for tourId 412617
Fallback used: missing slug for tourId 412617
Fallback used: missing source_url for tourId 537238
Fallback used: missing slug for tourId 537238
Fallback used: missing source_url for tourId 77116
Fallback used: missing slug for tourId 77116
Fallback used: missing source_url for tourId 326675
Fallback used: missing slug for tourId 326675
Fallback used: missing source_url for tourId 386725
Fallback used: missing slug for tourId 386725
Fallback used: missing source_url for tourId 386959
Fallback used: missing slug for tourId 386959
Fallback used: missing source_url for tourId 485462
Fallback used: missing slug for tourId 485462
Fallback used: missing source_url for tourId 283745
Fallback used: missing slug for tourId 283745
Fallback used: missing source_url for tourId 283750
Fallback used: missing slug for tourId 283750
Fallback used: missing source_url for tourId 283806
Fallback used: missing slug for tourId 283806
Fallback used: missing source_url for tourId 283808
Fallback used: missing slug for tourId 283808
Fallback used: missing source_url for tourId 283813
Fallback used: missing slug for tourId 283813
Fallback used: missing source_url for tourId 283823
Fallback used: missing slug for tourId 283823
Fallback used: missing source_url for tourId 283853
Fallback used: missing slug for tourId 283853
Fallback used: missing source_url for tourId 313657
Fallback used: missing slug for tourId 313657
Fallback used: missing source_url for tourId 386964
Fallback used: missing slug for tourId 386964
Fallback used: missing source_url for tourId 424268
Fallback used: missing slug for tourId 424268
Fallback used: missing source_url for tourId 424269
Fallback used: missing slug for tourId 424269
Fallback used: missing source_url for tourId 485366
Fallback used: missing slug for tourId 485366
Fallback used: missing source_url for tourId 485416
Fallback used: missing slug for tourId 485416
Fallback used: missing source_url for tourId 548655
Fallback used: missing slug for tourId 548655
Fallback used: missing source_url for tourId 386935
Fallback used: missing slug for tourId 386935
Fallback used: missing source_url for tourId 419927
Fallback used: missing slug for tourId 419927
Fallback used: missing source_url for tourId 658712
Fallback used: missing slug for tourId 658712
Fallback used: missing source_url for tourId 283831
Fallback used: missing slug for tourId 283831
Fallback used: missing source_url for tourId 394234
Fallback used: missing slug for tourId 394234
Fallback used: missing source_url for tourId 94783
Fallback used: missing slug for tourId 94783
Fallback used: missing source_url for tourId 284870
Fallback used: missing slug for tourId 284870
Fallback used: missing source_url for tourId 419959
Fallback used: missing slug for tourId 419959
Fallback used: missing source_url for tourId 572664
Fallback used: missing slug for tourId 572664
Fallback used: missing source_url for tourId 667716
Fallback used: missing slug for tourId 667716
Fallback used: missing source_url for tourId 34228
Fallback used: missing slug for tourId 34228
Fallback used: missing source_url for tourId 284520
Fallback used: missing slug for tourId 284520
Fallback used: missing source_url for tourId 458850
Fallback used: missing slug for tourId 458850
Fallback used: missing source_url for tourId 519507
Fallback used: missing slug for tourId 519507
Fallback used: missing source_url for tourId 603116
Fallback used: missing slug for tourId 603116
Fallback used: missing source_url for tourId 419966
Fallback used: missing slug for tourId 419966
Fallback used: missing source_url for tourId 519508
Fallback used: missing slug for tourId 519508
Fallback used: missing source_url for tourId 415992
Fallback used: missing slug for tourId 415992
Fallback used: missing source_url for tourId 521284
Fallback used: missing slug for tourId 521284
Fallback used: missing source_url for tourId 12410
Fallback used: missing slug for tourId 12410
Fallback used: missing source_url for tourId 477443
Fallback used: missing slug for tourId 477443
Fallback used: missing source_url for tourId 519505
Fallback used: missing slug for tourId 519505
Fallback used: missing source_url for tourId 519506
Fallback used: missing slug for tourId 519506
Fallback used: missing source_url for tourId 623804
Fallback used: missing slug for tourId 623804
Fallback used: missing source_url for tourId 667699
Fallback used: missing slug for tourId 667699
Fallback used: missing source_url for tourId 34225
Fallback used: missing slug for tourId 34225
Fallback used: missing source_url for tourId 34233
Fallback used: missing slug for tourId 34233
Fallback used: missing source_url for tourId 37772
Fallback used: missing slug for tourId 37772
Fallback used: missing source_url for tourId 283846
Fallback used: missing slug for tourId 283846
Fallback used: missing source_url for tourId 416495
Fallback used: missing slug for tourId 416495
Fallback used: missing source_url for tourId 519500
Fallback used: missing slug for tourId 519500
Fallback used: missing source_url for tourId 519502
Fallback used: missing slug for tourId 519502
Fallback used: missing source_url for tourId 519503
Fallback used: missing slug for tourId 519503
Fallback used: missing source_url for tourId 566132
Fallback used: missing slug for tourId 566132
Fallback used: missing source_url for tourId 630597
Fallback used: missing slug for tourId 630597
Fallback used: missing source_url for tourId 632958
Fallback used: missing slug for tourId 632958
Fallback used: missing source_url for tourId 632960
Fallback used: missing slug for tourId 632960
Fallback used: missing source_url for tourId 283828
Fallback used: missing slug for tourId 283828
Fallback used: missing source_url for tourId 283841
Fallback used: missing slug for tourId 283841
Fallback used: missing source_url for tourId 313667
Fallback used: missing slug for tourId 313667
Fallback used: missing source_url for tourId 399992
Fallback used: missing slug for tourId 399992
Fallback used: missing source_url for tourId 412193
Fallback used: missing slug for tourId 412193
Fallback used: missing source_url for tourId 485499
Fallback used: missing slug for tourId 485499
Fallback used: missing source_url for tourId 570611
Fallback used: missing slug for tourId 570611
Fallback used: missing source_url for tourId 609612
Fallback used: missing slug for tourId 609612
Fallback used: missing source_url for tourId 630802
Fallback used: missing slug for tourId 630802
Fallback used: missing source_url for tourId 632941
Fallback used: missing slug for tourId 632941
Fallback used: missing source_url for tourId 632947
Fallback used: missing slug for tourId 632947
Fallback used: missing source_url for tourId 632948
Fallback used: missing slug for tourId 632948
Fallback used: missing source_url for tourId 632951
Fallback used: missing slug for tourId 632951
Fallback used: missing source_url for tourId 632957
Fallback used: missing slug for tourId 632957
Fallback used: missing source_url for tourId 2841
Fallback used: missing slug for tourId 2841
Fallback used: missing source_url for tourId 386983
Fallback used: missing slug for tourId 386983
Fallback used: missing source_url for tourId 386993
Fallback used: missing slug for tourId 386993
Fallback used: missing source_url for tourId 485526
Fallback used: missing slug for tourId 485526
Fallback used: missing source_url for tourId 283833
Fallback used: missing slug for tourId 283833
Fallback used: missing source_url for tourId 623820
Fallback used: missing slug for tourId 623820
Fallback used: missing source_url for tourId 199899
Fallback used: missing slug for tourId 199899
Fallback used: missing source_url for tourId 199923
Fallback used: missing slug for tourId 199923
Fallback used: missing source_url for tourId 199924
Fallback used: missing slug for tourId 199924
Fallback used: missing source_url for tourId 419963
Fallback used: missing slug for tourId 419963
Fallback used: missing source_url for tourId 488267
Fallback used: missing slug for tourId 488267
Fallback used: missing source_url for tourId 645801
Fallback used: missing slug for tourId 645801
Fallback used: missing source_url for tourId 298590
Fallback used: missing slug for tourId 298590
Fallback used: missing source_url for tourId 485421
Fallback used: missing slug for tourId 485421
Fallback used: missing source_url for tourId 14214
Fallback used: missing slug for tourId 14214
Fallback used: missing source_url for tourId 581571
Fallback used: missing slug for tourId 581571
Fallback used: missing source_url for tourId 95504
Fallback used: missing slug for tourId 95504
Fallback used: missing source_url for tourId 95509
Fallback used: missing slug for tourId 95509
Fallback used: missing source_url for tourId 394017
Fallback used: missing slug for tourId 394017
Fallback used: missing source_url for tourId 623795
Fallback used: missing slug for tourId 623795
Fallback used: missing source_url for tourId 284863
Fallback used: missing slug for tourId 284863
Fallback used: missing source_url for tourId 412195
Fallback used: missing slug for tourId 412195
Fallback used: missing source_url for tourId 565769
Fallback used: missing slug for tourId 565769
Fallback used: missing source_url for tourId 645810
Fallback used: missing slug for tourId 645810
Fallback used: missing source_url for tourId 38141
Fallback used: missing slug for tourId 38141
Fallback used: missing source_url for tourId 77003
Fallback used: missing slug for tourId 77003
Fallback used: missing source_url for tourId 381165
Fallback used: missing slug for tourId 381165
Fallback used: missing source_url for tourId 381218
Fallback used: missing slug for tourId 381218
Fallback used: missing source_url for tourId 381219
Fallback used: missing slug for tourId 381219
Fallback used: missing source_url for tourId 394030
Fallback used: missing slug for tourId 394030
Fallback used: missing source_url for tourId 553679
Fallback used: missing slug for tourId 553679
Fallback used: missing source_url for tourId 553680
Fallback used: missing slug for tourId 553680
Fallback used: missing source_url for tourId 553682
Fallback used: missing slug for tourId 553682
Fallback used: missing source_url for tourId 553683
Fallback used: missing slug for tourId 553683
Fallback used: missing source_url for tourId 636069
Fallback used: missing slug for tourId 636069
Fallback used: missing source_url for tourId 637979
Fallback used: missing slug for tourId 637979
Fallback used: missing source_url for tourId 63610
Fallback used: missing slug for tourId 63610
Fallback used: missing source_url for tourId 63645
Fallback used: missing slug for tourId 63645
Fallback used: missing source_url for tourId 63653
Fallback used: missing slug for tourId 63653
Fallback used: missing source_url for tourId 63658
Fallback used: missing slug for tourId 63658
Fallback used: missing source_url for tourId 217727
Fallback used: missing slug for tourId 217727
Fallback used: missing source_url for tourId 244615
Fallback used: missing slug for tourId 244615
Fallback used: missing source_url for tourId 283754
Fallback used: missing slug for tourId 283754
Fallback used: missing source_url for tourId 283837
Fallback used: missing slug for tourId 283837
Fallback used: missing source_url for tourId 284507
Fallback used: missing slug for tourId 284507
Fallback used: missing source_url for tourId 284864
Fallback used: missing slug for tourId 284864
Fallback used: missing source_url for tourId 381196
Fallback used: missing slug for tourId 381196
Fallback used: missing source_url for tourId 381217
Fallback used: missing slug for tourId 381217
Fallback used: missing source_url for tourId 382507
Fallback used: missing slug for tourId 382507
Fallback used: missing source_url for tourId 394034
Fallback used: missing slug for tourId 394034
Fallback used: missing source_url for tourId 394036
Fallback used: missing slug for tourId 394036
Fallback used: missing source_url for tourId 450252
Fallback used: missing slug for tourId 450252
Fallback used: missing source_url for tourId 454478
Fallback used: missing slug for tourId 454478
Fallback used: missing source_url for tourId 458894
Fallback used: missing slug for tourId 458894
Fallback used: missing source_url for tourId 466577
Fallback used: missing slug for tourId 466577
Fallback used: missing source_url for tourId 477438
Fallback used: missing slug for tourId 477438
Fallback used: missing source_url for tourId 522271
Fallback used: missing slug for tourId 522271
Fallback used: missing source_url for tourId 523784
Fallback used: missing slug for tourId 523784
Fallback used: missing source_url for tourId 630370
Fallback used: missing slug for tourId 630370
Fallback used: missing source_url for tourId 630372
Fallback used: missing slug for tourId 630372
Fallback used: missing source_url for tourId 630374
Fallback used: missing slug for tourId 630374
Fallback used: missing source_url for tourId 630375
Fallback used: missing slug for tourId 630375
Fallback used: missing source_url for tourId 630376
Fallback used: missing slug for tourId 630376
Fallback used: missing source_url for tourId 630377
Fallback used: missing slug for tourId 630377
Fallback used: missing source_url for tourId 630386
Fallback used: missing slug for tourId 630386
Fallback used: missing source_url for tourId 630387
Fallback used: missing slug for tourId 630387
Fallback used: missing source_url for tourId 630388
Fallback used: missing slug for tourId 630388
Fallback used: missing source_url for tourId 630389
Fallback used: missing slug for tourId 630389
Fallback used: missing source_url for tourId 630390
Fallback used: missing slug for tourId 630390
Fallback used: missing source_url for tourId 630405
Fallback used: missing slug for tourId 630405
Fallback used: missing source_url for tourId 635699
Fallback used: missing slug for tourId 635699
Fallback used: missing source_url for tourId 635932
Fallback used: missing slug for tourId 635932
Fallback used: missing source_url for tourId 635934
Fallback used: missing slug for tourId 635934
Fallback used: missing source_url for tourId 635936
Fallback used: missing slug for tourId 635936
Fallback used: missing source_url for tourId 635937
Fallback used: missing slug for tourId 635937
Fallback used: missing source_url for tourId 635939
Fallback used: missing slug for tourId 635939
Fallback used: missing source_url for tourId 635945
Fallback used: missing slug for tourId 635945
Fallback used: missing source_url for tourId 635971
Fallback used: missing slug for tourId 635971
Fallback used: missing source_url for tourId 635974
Fallback used: missing slug for tourId 635974
Fallback used: missing source_url for tourId 635975
Fallback used: missing slug for tourId 635975
Fallback used: missing source_url for tourId 636072
Fallback used: missing slug for tourId 636072
Fallback used: missing source_url for tourId 636074
Fallback used: missing slug for tourId 636074
Fallback used: missing source_url for tourId 636077
Fallback used: missing slug for tourId 636077
Fallback used: missing source_url for tourId 14297
Fallback used: missing slug for tourId 14297
Fallback used: missing source_url for tourId 18220
Fallback used: missing slug for tourId 18220
Fallback used: missing source_url for tourId 381216
Fallback used: missing slug for tourId 381216
Fallback used: missing source_url for tourId 381220
Fallback used: missing slug for tourId 381220
Fallback used: missing source_url for tourId 630399
Fallback used: missing slug for tourId 630399
Fallback used: missing source_url for tourId 630400
Fallback used: missing slug for tourId 630400
Fallback used: missing source_url for tourId 630401
Fallback used: missing slug for tourId 630401
Fallback used: missing source_url for tourId 630402
Fallback used: missing slug for tourId 630402
Fallback used: missing source_url for tourId 630403
Fallback used: missing slug for tourId 630403
Fallback used: missing source_url for tourId 630404
Fallback used: missing slug for tourId 630404
Fallback used: missing source_url for tourId 147466
Fallback used: missing slug for tourId 147466
Fallback used: missing source_url for tourId 448618
Fallback used: missing slug for tourId 448618
Fallback used: missing source_url for tourId 448624
Fallback used: missing slug for tourId 448624
Fallback used: missing source_url for tourId 629916
Fallback used: missing slug for tourId 629916
Fallback used: missing source_url for tourId 629920
Fallback used: missing slug for tourId 629920
Fallback used: missing source_url for tourId 629926
Fallback used: missing slug for tourId 629926
Fallback used: missing source_url for tourId 177148
Fallback used: missing slug for tourId 177148
Fallback used: missing source_url for tourId 284867
Fallback used: missing slug for tourId 284867
Fallback used: missing source_url for tourId 548660
Fallback used: missing slug for tourId 548660
Fallback used: missing source_url for tourId 685606
Fallback used: missing slug for tourId 685606
Fallback used: missing source_url for tourId 362160
Fallback used: missing slug for tourId 362160
Fallback used: missing source_url for tourId 362162
Fallback used: missing slug for tourId 362162
Fallback used: missing source_url for tourId 64270
Fallback used: missing slug for tourId 64270
Fallback used: missing source_url for tourId 400670
Fallback used: missing slug for tourId 400670
Fallback used: missing source_url for tourId 519464
Fallback used: missing slug for tourId 519464
Fallback used: missing source_url for tourId 14223
Fallback used: missing slug for tourId 14223
Fallback used: missing source_url for tourId 14852
Fallback used: missing slug for tourId 14852
Fallback used: missing source_url for tourId 23912
Fallback used: missing slug for tourId 23912
Fallback used: missing source_url for tourId 222031
Fallback used: missing slug for tourId 222031
Fallback used: missing source_url for tourId 519437
Fallback used: missing slug for tourId 519437
Fallback used: missing source_url for tourId 519450
Fallback used: missing slug for tourId 519450
Fallback used: missing source_url for tourId 636160
Fallback used: missing slug for tourId 636160
Fallback used: missing source_url for tourId 14249
Fallback used: missing slug for tourId 14249
Fallback used: missing source_url for tourId 14304
Fallback used: missing slug for tourId 14304
Fallback used: missing source_url for tourId 46011
Fallback used: missing slug for tourId 46011
Fallback used: missing source_url for tourId 127480
Fallback used: missing slug for tourId 127480
Fallback used: missing source_url for tourId 143281
Fallback used: missing slug for tourId 143281
Fallback used: missing source_url for tourId 318386
Fallback used: missing slug for tourId 318386
Fallback used: missing source_url for tourId 485884
Fallback used: missing slug for tourId 485884
Fallback used: missing source_url for tourId 631457
Fallback used: missing slug for tourId 631457
Fallback used: missing source_url for tourId 660433
Fallback used: missing slug for tourId 660433
Fallback used: missing source_url for tourId 660442
Fallback used: missing slug for tourId 660442
Fallback used: missing source_url for tourId 660527
Fallback used: missing slug for tourId 660527
Fallback used: missing source_url for tourId 660528
Fallback used: missing slug for tourId 660528
Fallback used: missing source_url for tourId 670195
Fallback used: missing slug for tourId 670195
Fallback used: missing source_url for tourId 229177
Fallback used: missing slug for tourId 229177
Fallback used: missing source_url for tourId 360526
Fallback used: missing slug for tourId 360526
Fallback used: missing source_url for tourId 413654
Fallback used: missing slug for tourId 413654
Fallback used: missing source_url for tourId 545857
Fallback used: missing slug for tourId 545857
Fallback used: missing source_url for tourId 640010
Fallback used: missing slug for tourId 640010
Fallback used: missing source_url for tourId 14235
Fallback used: missing slug for tourId 14235
Fallback used: missing source_url for tourId 14250
Fallback used: missing slug for tourId 14250
Fallback used: missing source_url for tourId 15475
Fallback used: missing slug for tourId 15475
Fallback used: missing source_url for tourId 323142
Fallback used: missing slug for tourId 323142
Fallback used: missing source_url for tourId 14245
Fallback used: missing slug for tourId 14245
Fallback used: missing source_url for tourId 38277
Fallback used: missing slug for tourId 38277
Fallback used: missing source_url for tourId 362158
Fallback used: missing slug for tourId 362158
Fallback used: missing source_url for tourId 180875
Fallback used: missing slug for tourId 180875
Fallback used: missing source_url for tourId 180876
Fallback used: missing slug for tourId 180876
Fallback used: missing source_url for tourId 107414
Fallback used: missing slug for tourId 107414
Fallback used: missing source_url for tourId 381449
Fallback used: missing slug for tourId 381449
Fallback used: missing source_url for tourId 458933
Fallback used: missing slug for tourId 458933
Fallback used: missing source_url for tourId 377704
Fallback used: missing slug for tourId 377704
Fallback used: missing source_url for tourId 205464
Fallback used: missing slug for tourId 205464
Fallback used: missing source_url for tourId 207641
Fallback used: missing slug for tourId 207641
Fallback used: missing source_url for tourId 207649
Fallback used: missing slug for tourId 207649
Fallback used: missing source_url for tourId 267482
Fallback used: missing slug for tourId 267482
Fallback used: missing source_url for tourId 278355
Fallback used: missing slug for tourId 278355
Fallback used: missing source_url for tourId 484066
Fallback used: missing slug for tourId 484066
Fallback used: missing source_url for tourId 484084
Fallback used: missing slug for tourId 484084
Fallback used: missing source_url for tourId 508002
Fallback used: missing slug for tourId 508002
Fallback used: missing source_url for tourId 602373
Fallback used: missing slug for tourId 602373
Fallback used: missing source_url for tourId 362166
Fallback used: missing slug for tourId 362166
Fallback used: missing source_url for tourId 408787
Fallback used: missing slug for tourId 408787
Fallback used: missing source_url for tourId 408878
Fallback used: missing slug for tourId 408878
Fallback used: missing source_url for tourId 512408
Fallback used: missing slug for tourId 512408
Fallback used: missing source_url for tourId 477126
Fallback used: missing slug for tourId 477126
Fallback used: missing source_url for tourId 243838
Fallback used: missing slug for tourId 243838
Fallback used: missing source_url for tourId 615189
Fallback used: missing slug for tourId 615189
Wrote 288 tour enrichment rows from 286 California source rows.

> tsx scripts/validate-engine6-production-viator.ts
[vercel-build] Engine6 live Viator validation env: {
  ENGINE6_LIVE_VIATOR_VALIDATION_MODE: 'pr-scoped',
  VERCEL_GIT_PREVIOUS_SHA: '(unset)',
  VERCEL_GIT_COMMIT_SHA: '(unset)',
  VIATOR_API_KEY: '(unset)',
  ENGINE6_VIATOR_API_KEY: '(unset)',
  VIATOR_PARTNER_API_KEY: '(unset)'
}
Engine6 live Viator production validation (2026-09-13T05:46:38.137Z)
Governance mode: warn
Scope mode: pr-scoped
Products validated: 0
Failures: 0
Skipped: yes (live Viator validation failed: required Viator API credentials are missing in CI/production)
Credentials required: yes (missing)
Deploy-scoped blocking products: 0
Blocking failures: 0
Legacy failures (report-only): 0

Engine6 live Viator production validation passed (skipped locally).
[engine6-live-viator-validation] {
  "warning": "Engine6 governance scope could not resolve a git base ref; destination cohort checks are limited to explicit branch product codes.",
  "baseRef": null,
  "deployScopedBlockingProductCodes": []
}

live Viator validation failed: required Viator API credentials are missing in CI/production

> tsx scripts/generate-merchant-feed.ts
[vercel-build] merchant feed env: {
  REQUIRE_LIVE_MERCHANT_COMMERCIAL: '1',
  MERCHANT_FEED_RUNTIME_BASE_URL: '(unset)',
  ENGINE6_RUNTIME_BASE_URL: '(unset)',
  VIATOR_API_KEY: '(unset)',
  ENGINE6_VIATOR_API_KEY: '(unset)',
  VIATOR_PARTNER_API_KEY: '(unset)',
  VIATOR_API_BASE_URL: '(unset)',
  VIATOR_BASE_URL: '(unset)'
}
[fareharbor-normalize] asn normalized { normalizedAsnToFhdn: 1, fixedMissingAsnRef: 0 }
[fareharbor-normalize] asn normalized { normalizedAsnToFhdn: 2, fixedMissingAsnRef: 0 }
[fareharbor-normalize] asn normalized { normalizedAsnToFhdn: 3, fixedMissingAsnRef: 0 }
[fareharbor-normalize] asn normalized { normalizedAsnToFhdn: 4, fixedMissingAsnRef: 0 }
[fareharbor-normalize] asn normalized { normalizedAsnToFhdn: 5, fixedMissingAsnRef: 0 }
[fareharbor-normalize] asn normalized { normalizedAsnToFhdn: 6, fixedMissingAsnRef: 0 }
[fareharbor-normalize] asn normalized { normalizedAsnToFhdn: 7, fixedMissingAsnRef: 0 }
[fareharbor-normalize] asn normalized { normalizedAsnToFhdn: 8, fixedMissingAsnRef: 0 }
[fareharbor-normalize] asn normalized { normalizedAsnToFhdn: 9, fixedMissingAsnRef: 0 }
[fareharbor-normalize] asn normalized { normalizedAsnToFhdn: 10, fixedMissingAsnRef: 0 }
[fareharbor-normalize] asn normalized { normalizedAsnToFhdn: 11, fixedMissingAsnRef: 0 }
[fareharbor-normalize] asn normalized { normalizedAsnToFhdn: 12, fixedMissingAsnRef: 0 }
[fareharbor-normalize] asn normalized { normalizedAsnToFhdn: 13, fixedMissingAsnRef: 0 }
[fareharbor-normalize] asn normalized { normalizedAsnToFhdn: 14, fixedMissingAsnRef: 0 }
[fareharbor-normalize] asn normalized { normalizedAsnToFhdn: 15, fixedMissingAsnRef: 0 }
[fareharbor-normalize] asn normalized { normalizedAsnToFhdn: 16, fixedMissingAsnRef: 0 }
[fareharbor-normalize] asn normalized { normalizedAsnToFhdn: 17, fixedMissingAsnRef: 0 }
[fareharbor-normalize] asn normalized { normalizedAsnToFhdn: 18, fixedMissingAsnRef: 0 }
[fareharbor-normalize] asn normalized { normalizedAsnToFhdn: 19, fixedMissingAsnRef: 0 }
[fareharbor-normalize] asn normalized { normalizedAsnToFhdn: 20, fixedMissingAsnRef: 0 }
[fareharbor-normalize] asn normalized { normalizedAsnToFhdn: 21, fixedMissingAsnRef: 0 }
[fareharbor-normalize] asn normalized { normalizedAsnToFhdn: 22, fixedMissingAsnRef: 0 }
[fareharbor-normalize] asn normalized { normalizedAsnToFhdn: 23, fixedMissingAsnRef: 0 }
[fareharbor-normalize] asn normalized { normalizedAsnToFhdn: 24, fixedMissingAsnRef: 0 }
[fareharbor-normalize] asn normalized { normalizedAsnToFhdn: 25, fixedMissingAsnRef: 0 }
[fareharbor-normalize] asn normalized { normalizedAsnToFhdn: 26, fixedMissingAsnRef: 0 }
[fareharbor-normalize] asn normalized { normalizedAsnToFhdn: 27, fixedMissingAsnRef: 0 }
[fareharbor-normalize] asn normalized { normalizedAsnToFhdn: 28, fixedMissingAsnRef: 0 }
[fareharbor-normalize] asn normalized { normalizedAsnToFhdn: 29, fixedMissingAsnRef: 0 }
[fareharbor-normalize] asn normalized { normalizedAsnToFhdn: 30, fixedMissingAsnRef: 0 }
[fareharbor-normalize] asn normalized { normalizedAsnToFhdn: 31, fixedMissingAsnRef: 0 }
[fareharbor-normalize] asn normalized { normalizedAsnToFhdn: 32, fixedMissingAsnRef: 0 }
[fareharbor-normalize] asn normalized { normalizedAsnToFhdn: 33, fixedMissingAsnRef: 0 }
[fareharbor-normalize] asn normalized { normalizedAsnToFhdn: 34, fixedMissingAsnRef: 0 }
[fareharbor-normalize] asn normalized { normalizedAsnToFhdn: 35, fixedMissingAsnRef: 0 }
[fareharbor-normalize] asn normalized { normalizedAsnToFhdn: 36, fixedMissingAsnRef: 0 }
[fareharbor-normalize] asn normalized { normalizedAsnToFhdn: 37, fixedMissingAsnRef: 0 }
[fareharbor-normalize] asn normalized { normalizedAsnToFhdn: 38, fixedMissingAsnRef: 0 }
[fareharbor-normalize] asn normalized { normalizedAsnToFhdn: 39, fixedMissingAsnRef: 0 }
[fareharbor-normalize] asn normalized { normalizedAsnToFhdn: 40, fixedMissingAsnRef: 0 }
[fareharbor-normalize] asn normalized { normalizedAsnToFhdn: 41, fixedMissingAsnRef: 0 }
[fareharbor-normalize] asn normalized { normalizedAsnToFhdn: 42, fixedMissingAsnRef: 0 }
[fareharbor-normalize] asn normalized { normalizedAsnToFhdn: 43, fixedMissingAsnRef: 0 }
[fareharbor-normalize] asn normalized { normalizedAsnToFhdn: 44, fixedMissingAsnRef: 0 }
[fareharbor-normalize] asn normalized { normalizedAsnToFhdn: 45, fixedMissingAsnRef: 0 }
[fareharbor-normalize] asn normalized { normalizedAsnToFhdn: 46, fixedMissingAsnRef: 0 }
[fareharbor-normalize] asn normalized { normalizedAsnToFhdn: 47, fixedMissingAsnRef: 0 }
[fareharbor-normalize] asn normalized { normalizedAsnToFhdn: 48, fixedMissingAsnRef: 0 }
[fareharbor-normalize] asn normalized { normalizedAsnToFhdn: 49, fixedMissingAsnRef: 0 }
[fareharbor-normalize] asn normalized { normalizedAsnToFhdn: 50, fixedMissingAsnRef: 0 }
[fareharbor-normalize] asn normalized { normalizedAsnToFhdn: 51, fixedMissingAsnRef: 0 }
[fareharbor-normalize] asn normalized { normalizedAsnToFhdn: 52, fixedMissingAsnRef: 0 }
[fareharbor-normalize] asn normalized { normalizedAsnToFhdn: 53, fixedMissingAsnRef: 0 }
[fareharbor-normalize] asn normalized { normalizedAsnToFhdn: 54, fixedMissingAsnRef: 0 }
[fareharbor-normalize] asn normalized { normalizedAsnToFhdn: 55, fixedMissingAsnRef: 0 }
[fareharbor-normalize] asn normalized { normalizedAsnToFhdn: 56, fixedMissingAsnRef: 0 }
[fareharbor-normalize] asn normalized { normalizedAsnToFhdn: 57, fixedMissingAsnRef: 0 }
[fareharbor-normalize] asn normalized { normalizedAsnToFhdn: 58, fixedMissingAsnRef: 0 }
[fareharbor-normalize] asn normalized { normalizedAsnToFhdn: 59, fixedMissingAsnRef: 0 }
[fareharbor-normalize] asn normalized { normalizedAsnToFhdn: 60, fixedMissingAsnRef: 0 }
[fareharbor-normalize] asn normalized { normalizedAsnToFhdn: 61, fixedMissingAsnRef: 0 }
[fareharbor-normalize] asn normalized { normalizedAsnToFhdn: 62, fixedMissingAsnRef: 0 }
[fareharbor-normalize] asn normalized { normalizedAsnToFhdn: 63, fixedMissingAsnRef: 0 }
[fareharbor-normalize] asn normalized { normalizedAsnToFhdn: 64, fixedMissingAsnRef: 0 }
[fareharbor-normalize] asn normalized { normalizedAsnToFhdn: 65, fixedMissingAsnRef: 0 }
[fareharbor-normalize] asn normalized { normalizedAsnToFhdn: 66, fixedMissingAsnRef: 0 }
[fareharbor-normalize] asn normalized { normalizedAsnToFhdn: 67, fixedMissingAsnRef: 0 }
[fareharbor-normalize] asn normalized { normalizedAsnToFhdn: 68, fixedMissingAsnRef: 0 }
[fareharbor-normalize] asn normalized { normalizedAsnToFhdn: 69, fixedMissingAsnRef: 0 }
[fareharbor-normalize] asn normalized { normalizedAsnToFhdn: 70, fixedMissingAsnRef: 0 }
[fareharbor-normalize] asn normalized { normalizedAsnToFhdn: 71, fixedMissingAsnRef: 0 }
[fareharbor-normalize] asn normalized { normalizedAsnToFhdn: 72, fixedMissingAsnRef: 0 }
[fareharbor-normalize] asn normalized { normalizedAsnToFhdn: 73, fixedMissingAsnRef: 0 }
[fareharbor-normalize] asn normalized { normalizedAsnToFhdn: 74, fixedMissingAsnRef: 0 }
[fareharbor-normalize] asn normalized { normalizedAsnToFhdn: 75, fixedMissingAsnRef: 0 }
[fareharbor-normalize] asn normalized { normalizedAsnToFhdn: 76, fixedMissingAsnRef: 0 }
[fareharbor-normalize] asn normalized { normalizedAsnToFhdn: 77, fixedMissingAsnRef: 0 }
[fareharbor-normalize] asn normalized { normalizedAsnToFhdn: 78, fixedMissingAsnRef: 0 }
[fareharbor-normalize] asn normalized { normalizedAsnToFhdn: 79, fixedMissingAsnRef: 0 }
[fareharbor-normalize] asn normalized { normalizedAsnToFhdn: 80, fixedMissingAsnRef: 0 }
[fareharbor-normalize] asn normalized { normalizedAsnToFhdn: 81, fixedMissingAsnRef: 0 }
[fareharbor-normalize] asn normalized { normalizedAsnToFhdn: 82, fixedMissingAsnRef: 0 }
[fareharbor-normalize] asn normalized { normalizedAsnToFhdn: 83, fixedMissingAsnRef: 0 }
[fareharbor-normalize] asn normalized { normalizedAsnToFhdn: 84, fixedMissingAsnRef: 0 }
[fareharbor-normalize] asn normalized { normalizedAsnToFhdn: 85, fixedMissingAsnRef: 0 }
[fareharbor-normalize] asn normalized { normalizedAsnToFhdn: 86, fixedMissingAsnRef: 0 }
[fareharbor-normalize] asn normalized { normalizedAsnToFhdn: 87, fixedMissingAsnRef: 0 }
[fareharbor-normalize] asn normalized { normalizedAsnToFhdn: 88, fixedMissingAsnRef: 0 }
[fareharbor-normalize] asn normalized { normalizedAsnToFhdn: 89, fixedMissingAsnRef: 0 }
[fareharbor-normalize] asn normalized { normalizedAsnToFhdn: 90, fixedMissingAsnRef: 0 }
[fareharbor-normalize] asn normalized { normalizedAsnToFhdn: 91, fixedMissingAsnRef: 0 }
[fareharbor-normalize] asn normalized { normalizedAsnToFhdn: 92, fixedMissingAsnRef: 0 }
[fareharbor-normalize] asn normalized { normalizedAsnToFhdn: 93, fixedMissingAsnRef: 0 }
[fareharbor-normalize] asn normalized { normalizedAsnToFhdn: 94, fixedMissingAsnRef: 0 }
[fareharbor-normalize] asn normalized { normalizedAsnToFhdn: 95, fixedMissingAsnRef: 0 }
[fareharbor-normalize] asn normalized { normalizedAsnToFhdn: 96, fixedMissingAsnRef: 0 }
[fareharbor-normalize] asn normalized { normalizedAsnToFhdn: 97, fixedMissingAsnRef: 0 }
[fareharbor-normalize] asn normalized { normalizedAsnToFhdn: 98, fixedMissingAsnRef: 0 }
[fareharbor-normalize] asn normalized { normalizedAsnToFhdn: 99, fixedMissingAsnRef: 0 }
[fareharbor-normalize] asn normalized { normalizedAsnToFhdn: 100, fixedMissingAsnRef: 0 }
[fareharbor-normalize] asn normalized { normalizedAsnToFhdn: 101, fixedMissingAsnRef: 0 }
[fareharbor-normalize] asn normalized { normalizedAsnToFhdn: 102, fixedMissingAsnRef: 0 }
[fareharbor-normalize] asn normalized { normalizedAsnToFhdn: 103, fixedMissingAsnRef: 0 }
[fareharbor-normalize] asn normalized { normalizedAsnToFhdn: 104, fixedMissingAsnRef: 0 }
[fareharbor-normalize] asn normalized { normalizedAsnToFhdn: 105, fixedMissingAsnRef: 0 }
[fareharbor-normalize] asn normalized { normalizedAsnToFhdn: 106, fixedMissingAsnRef: 0 }
[fareharbor-normalize] asn normalized { normalizedAsnToFhdn: 107, fixedMissingAsnRef: 0 }
[fareharbor-normalize] asn normalized { normalizedAsnToFhdn: 108, fixedMissingAsnRef: 0 }
[fareharbor-normalize] asn normalized { normalizedAsnToFhdn: 109, fixedMissingAsnRef: 0 }
[fareharbor-normalize] asn normalized { normalizedAsnToFhdn: 110, fixedMissingAsnRef: 0 }
[fareharbor-normalize] asn normalized { normalizedAsnToFhdn: 111, fixedMissingAsnRef: 0 }
[fareharbor-normalize] asn normalized { normalizedAsnToFhdn: 112, fixedMissingAsnRef: 0 }
[fareharbor-normalize] asn normalized { normalizedAsnToFhdn: 113, fixedMissingAsnRef: 0 }
[fareharbor-normalize] asn normalized { normalizedAsnToFhdn: 114, fixedMissingAsnRef: 0 }
[fareharbor-normalize] asn normalized { normalizedAsnToFhdn: 115, fixedMissingAsnRef: 0 }
[fareharbor-normalize] asn normalized { normalizedAsnToFhdn: 116, fixedMissingAsnRef: 0 }
[fareharbor-normalize] asn normalized { normalizedAsnToFhdn: 117, fixedMissingAsnRef: 0 }
[fareharbor-normalize] asn normalized { normalizedAsnToFhdn: 118, fixedMissingAsnRef: 0 }
[fareharbor-normalize] asn normalized { normalizedAsnToFhdn: 119, fixedMissingAsnRef: 0 }
[fareharbor-normalize] asn normalized { normalizedAsnToFhdn: 120, fixedMissingAsnRef: 0 }
[fareharbor-normalize] asn normalized { normalizedAsnToFhdn: 121, fixedMissingAsnRef: 0 }
[fareharbor-normalize] asn normalized { normalizedAsnToFhdn: 122, fixedMissingAsnRef: 0 }
[fareharbor-normalize] asn normalized { normalizedAsnToFhdn: 123, fixedMissingAsnRef: 0 }
[fareharbor-normalize] asn normalized { normalizedAsnToFhdn: 124, fixedMissingAsnRef: 0 }
[fareharbor-normalize] asn normalized { normalizedAsnToFhdn: 125, fixedMissingAsnRef: 0 }
[fareharbor-normalize] asn normalized { normalizedAsnToFhdn: 126, fixedMissingAsnRef: 0 }
[fareharbor-normalize] asn normalized { normalizedAsnToFhdn: 127, fixedMissingAsnRef: 0 }
[fareharbor-normalize] asn normalized { normalizedAsnToFhdn: 128, fixedMissingAsnRef: 0 }
[fareharbor-normalize] asn normalized { normalizedAsnToFhdn: 129, fixedMissingAsnRef: 0 }
[fareharbor-normalize] asn normalized { normalizedAsnToFhdn: 130, fixedMissingAsnRef: 0 }
[fareharbor-normalize] asn normalized { normalizedAsnToFhdn: 131, fixedMissingAsnRef: 0 }
[fareharbor-normalize] asn normalized { normalizedAsnToFhdn: 132, fixedMissingAsnRef: 0 }
[fareharbor-normalize] asn normalized { normalizedAsnToFhdn: 133, fixedMissingAsnRef: 0 }
[fareharbor-normalize] asn normalized { normalizedAsnToFhdn: 134, fixedMissingAsnRef: 0 }
[fareharbor-normalize] asn normalized { normalizedAsnToFhdn: 135, fixedMissingAsnRef: 0 }
[fareharbor-normalize] asn normalized { normalizedAsnToFhdn: 136, fixedMissingAsnRef: 0 }
[fareharbor-normalize] asn normalized { normalizedAsnToFhdn: 137, fixedMissingAsnRef: 0 }
[fareharbor-normalize] asn normalized { normalizedAsnToFhdn: 138, fixedMissingAsnRef: 0 }
[fareharbor-normalize] asn normalized { normalizedAsnToFhdn: 139, fixedMissingAsnRef: 0 }
[fareharbor-normalize] asn normalized { normalizedAsnToFhdn: 140, fixedMissingAsnRef: 0 }
[fareharbor-normalize] asn normalized { normalizedAsnToFhdn: 141, fixedMissingAsnRef: 0 }
[fareharbor-normalize] asn normalized { normalizedAsnToFhdn: 142, fixedMissingAsnRef: 0 }
[fareharbor-normalize] asn normalized { normalizedAsnToFhdn: 143, fixedMissingAsnRef: 0 }
[fareharbor-normalize] asn normalized { normalizedAsnToFhdn: 144, fixedMissingAsnRef: 0 }
[fareharbor-normalize] asn normalized { normalizedAsnToFhdn: 145, fixedMissingAsnRef: 0 }
[fareharbor-normalize] asn normalized { normalizedAsnToFhdn: 146, fixedMissingAsnRef: 0 }
[fareharbor-normalize] asn normalized { normalizedAsnToFhdn: 147, fixedMissingAsnRef: 0 }
[fareharbor-normalize] asn normalized { normalizedAsnToFhdn: 148, fixedMissingAsnRef: 0 }
[fareharbor-normalize] asn normalized { normalizedAsnToFhdn: 149, fixedMissingAsnRef: 0 }
[fareharbor-normalize] asn normalized { normalizedAsnToFhdn: 150, fixedMissingAsnRef: 0 }
[fareharbor-normalize] asn normalized { normalizedAsnToFhdn: 151, fixedMissingAsnRef: 0 }
[fareharbor-normalize] asn normalized { normalizedAsnToFhdn: 152, fixedMissingAsnRef: 0 }
[fareharbor-normalize] asn normalized { normalizedAsnToFhdn: 153, fixedMissingAsnRef: 0 }
[fareharbor-normalize] asn normalized { normalizedAsnToFhdn: 154, fixedMissingAsnRef: 0 }
[fareharbor-normalize] asn normalized { normalizedAsnToFhdn: 155, fixedMissingAsnRef: 0 }
[fareharbor-normalize] asn normalized { normalizedAsnToFhdn: 156, fixedMissingAsnRef: 0 }
[fareharbor-normalize] asn normalized { normalizedAsnToFhdn: 157, fixedMissingAsnRef: 0 }
[fareharbor-normalize] asn normalized { normalizedAsnToFhdn: 158, fixedMissingAsnRef: 0 }
[fareharbor-normalize] asn normalized { normalizedAsnToFhdn: 159, fixedMissingAsnRef: 0 }
[fareharbor-normalize] asn normalized { normalizedAsnToFhdn: 160, fixedMissingAsnRef: 0 }
[fareharbor-normalize] asn normalized { normalizedAsnToFhdn: 161, fixedMissingAsnRef: 0 }
[fareharbor-normalize] asn normalized { normalizedAsnToFhdn: 162, fixedMissingAsnRef: 0 }
[fareharbor-normalize] asn normalized { normalizedAsnToFhdn: 163, fixedMissingAsnRef: 0 }
[fareharbor-normalize] asn normalized { normalizedAsnToFhdn: 164, fixedMissingAsnRef: 0 }
[fareharbor-normalize] asn normalized { normalizedAsnToFhdn: 165, fixedMissingAsnRef: 0 }
[fareharbor-normalize] asn normalized { normalizedAsnToFhdn: 166, fixedMissingAsnRef: 0 }
[fareharbor-normalize] asn normalized { normalizedAsnToFhdn: 167, fixedMissingAsnRef: 0 }
[fareharbor-normalize] asn normalized { normalizedAsnToFhdn: 168, fixedMissingAsnRef: 0 }
[fareharbor-normalize] asn normalized { normalizedAsnToFhdn: 169, fixedMissingAsnRef: 0 }
[fareharbor-normalize] asn normalized { normalizedAsnToFhdn: 170, fixedMissingAsnRef: 0 }
[fareharbor-normalize] asn normalized { normalizedAsnToFhdn: 171, fixedMissingAsnRef: 0 }
[fareharbor-normalize] asn normalized { normalizedAsnToFhdn: 172, fixedMissingAsnRef: 0 }
[fareharbor-normalize] asn normalized { normalizedAsnToFhdn: 173, fixedMissingAsnRef: 0 }
[fareharbor-normalize] asn normalized { normalizedAsnToFhdn: 174, fixedMissingAsnRef: 0 }
[fareharbor-normalize] asn normalized { normalizedAsnToFhdn: 175, fixedMissingAsnRef: 0 }
[fareharbor-normalize] asn normalized { normalizedAsnToFhdn: 176, fixedMissingAsnRef: 0 }
[fareharbor-normalize] asn normalized { normalizedAsnToFhdn: 177, fixedMissingAsnRef: 0 }
[fareharbor-normalize] asn normalized { normalizedAsnToFhdn: 178, fixedMissingAsnRef: 0 }
[fareharbor-normalize] asn normalized { normalizedAsnToFhdn: 179, fixedMissingAsnRef: 0 }
[fareharbor-normalize] asn normalized { normalizedAsnToFhdn: 180, fixedMissingAsnRef: 0 }
[fareharbor-normalize] asn normalized { normalizedAsnToFhdn: 181, fixedMissingAsnRef: 0 }
[fareharbor-normalize] asn normalized { normalizedAsnToFhdn: 182, fixedMissingAsnRef: 0 }
[fareharbor-normalize] asn normalized { normalizedAsnToFhdn: 183, fixedMissingAsnRef: 0 }
[fareharbor-normalize] asn normalized { normalizedAsnToFhdn: 184, fixedMissingAsnRef: 0 }
[fareharbor-normalize] asn normalized { normalizedAsnToFhdn: 185, fixedMissingAsnRef: 0 }
[fareharbor-normalize] asn normalized { normalizedAsnToFhdn: 186, fixedMissingAsnRef: 0 }
[fareharbor-normalize] asn normalized { normalizedAsnToFhdn: 187, fixedMissingAsnRef: 0 }
[fareharbor-normalize] asn normalized { normalizedAsnToFhdn: 188, fixedMissingAsnRef: 0 }
[fareharbor-normalize] asn normalized { normalizedAsnToFhdn: 189, fixedMissingAsnRef: 0 }
[fareharbor-normalize] asn normalized { normalizedAsnToFhdn: 190, fixedMissingAsnRef: 0 }
[fareharbor-normalize] asn normalized { normalizedAsnToFhdn: 191, fixedMissingAsnRef: 0 }
[fareharbor-normalize] asn normalized { normalizedAsnToFhdn: 192, fixedMissingAsnRef: 0 }
[fareharbor-normalize] asn normalized { normalizedAsnToFhdn: 193, fixedMissingAsnRef: 0 }
[fareharbor-normalize] asn normalized { normalizedAsnToFhdn: 194, fixedMissingAsnRef: 0 }
[fareharbor-normalize] asn normalized { normalizedAsnToFhdn: 195, fixedMissingAsnRef: 0 }
[fareharbor-normalize] asn normalized { normalizedAsnToFhdn: 196, fixedMissingAsnRef: 0 }
[fareharbor-normalize] asn normalized { normalizedAsnToFhdn: 197, fixedMissingAsnRef: 0 }
[fareharbor-normalize] asn normalized { normalizedAsnToFhdn: 198, fixedMissingAsnRef: 0 }
[fareharbor-normalize] asn normalized { normalizedAsnToFhdn: 199, fixedMissingAsnRef: 0 }
[fareharbor-normalize] asn normalized { normalizedAsnToFhdn: 200, fixedMissingAsnRef: 0 }
[fareharbor-normalize] asn normalized { normalizedAsnToFhdn: 201, fixedMissingAsnRef: 0 }
[fareharbor-normalize] asn normalized { normalizedAsnToFhdn: 202, fixedMissingAsnRef: 0 }
[fareharbor-normalize] asn normalized { normalizedAsnToFhdn: 203, fixedMissingAsnRef: 0 }
[fareharbor-normalize] asn normalized { normalizedAsnToFhdn: 204, fixedMissingAsnRef: 0 }
[fareharbor-normalize] asn normalized { normalizedAsnToFhdn: 205, fixedMissingAsnRef: 0 }
[fareharbor-normalize] asn normalized { normalizedAsnToFhdn: 206, fixedMissingAsnRef: 0 }
[fareharbor-normalize] asn normalized { normalizedAsnToFhdn: 207, fixedMissingAsnRef: 0 }
[fareharbor-normalize] asn normalized { normalizedAsnToFhdn: 208, fixedMissingAsnRef: 0 }
[fareharbor-normalize] asn normalized { normalizedAsnToFhdn: 209, fixedMissingAsnRef: 0 }
[fareharbor-normalize] asn normalized { normalizedAsnToFhdn: 210, fixedMissingAsnRef: 0 }
[fareharbor-normalize] asn normalized { normalizedAsnToFhdn: 211, fixedMissingAsnRef: 0 }
[fareharbor-normalize] asn normalized { normalizedAsnToFhdn: 212, fixedMissingAsnRef: 0 }
[fareharbor-normalize] asn normalized { normalizedAsnToFhdn: 213, fixedMissingAsnRef: 0 }
[fareharbor-normalize] asn normalized { normalizedAsnToFhdn: 214, fixedMissingAsnRef: 0 }
[fareharbor-normalize] asn normalized { normalizedAsnToFhdn: 215, fixedMissingAsnRef: 0 }
[fareharbor-normalize] asn normalized { normalizedAsnToFhdn: 216, fixedMissingAsnRef: 0 }
[fareharbor-normalize] asn normalized { normalizedAsnToFhdn: 217, fixedMissingAsnRef: 0 }
[fareharbor-normalize] asn normalized { normalizedAsnToFhdn: 218, fixedMissingAsnRef: 0 }
[fareharbor-normalize] asn normalized { normalizedAsnToFhdn: 219, fixedMissingAsnRef: 0 }
[fareharbor-normalize] asn normalized { normalizedAsnToFhdn: 220, fixedMissingAsnRef: 0 }
[fareharbor-normalize] asn normalized { normalizedAsnToFhdn: 221, fixedMissingAsnRef: 0 }
[fareharbor-normalize] asn normalized { normalizedAsnToFhdn: 222, fixedMissingAsnRef: 0 }
[fareharbor-normalize] asn normalized { normalizedAsnToFhdn: 223, fixedMissingAsnRef: 0 }
[fareharbor-normalize] asn normalized { normalizedAsnToFhdn: 224, fixedMissingAsnRef: 0 }
[fareharbor-normalize] asn normalized { normalizedAsnToFhdn: 225, fixedMissingAsnRef: 0 }
[fareharbor-normalize] asn normalized { normalizedAsnToFhdn: 226, fixedMissingAsnRef: 0 }
[fareharbor-normalize] asn normalized { normalizedAsnToFhdn: 227, fixedMissingAsnRef: 0 }
[fareharbor-normalize] asn normalized { normalizedAsnToFhdn: 228, fixedMissingAsnRef: 0 }
[fareharbor-normalize] asn normalized { normalizedAsnToFhdn: 229, fixedMissingAsnRef: 0 }
[fareharbor-normalize] asn normalized { normalizedAsnToFhdn: 230, fixedMissingAsnRef: 0 }
[fareharbor-normalize] asn normalized { normalizedAsnToFhdn: 231, fixedMissingAsnRef: 0 }
[fareharbor-normalize] asn normalized { normalizedAsnToFhdn: 232, fixedMissingAsnRef: 0 }
[fareharbor-normalize] asn normalized { normalizedAsnToFhdn: 233, fixedMissingAsnRef: 0 }
[fareharbor-normalize] asn normalized { normalizedAsnToFhdn: 234, fixedMissingAsnRef: 0 }
[fareharbor-normalize] asn normalized { normalizedAsnToFhdn: 235, fixedMissingAsnRef: 0 }
[fareharbor-normalize] asn normalized { normalizedAsnToFhdn: 236, fixedMissingAsnRef: 0 }
[fareharbor-normalize] asn normalized { normalizedAsnToFhdn: 237, fixedMissingAsnRef: 0 }
[fareharbor-normalize] asn normalized { normalizedAsnToFhdn: 238, fixedMissingAsnRef: 0 }
[fareharbor-normalize] asn normalized { normalizedAsnToFhdn: 239, fixedMissingAsnRef: 0 }
[fareharbor-normalize] asn normalized { normalizedAsnToFhdn: 240, fixedMissingAsnRef: 0 }
[fareharbor-normalize] asn normalized { normalizedAsnToFhdn: 241, fixedMissingAsnRef: 0 }
[fareharbor-normalize] asn normalized { normalizedAsnToFhdn: 242, fixedMissingAsnRef: 0 }
[fareharbor-normalize] asn normalized { normalizedAsnToFhdn: 243, fixedMissingAsnRef: 0 }
[fareharbor-normalize] asn normalized { normalizedAsnToFhdn: 244, fixedMissingAsnRef: 0 }
[fareharbor-normalize] asn normalized { normalizedAsnToFhdn: 245, fixedMissingAsnRef: 0 }
[fareharbor-normalize] asn normalized { normalizedAsnToFhdn: 246, fixedMissingAsnRef: 0 }
[fareharbor-normalize] asn normalized { normalizedAsnToFhdn: 247, fixedMissingAsnRef: 0 }
[fareharbor-normalize] asn normalized { normalizedAsnToFhdn: 248, fixedMissingAsnRef: 0 }
[fareharbor-normalize] asn normalized { normalizedAsnToFhdn: 249, fixedMissingAsnRef: 0 }
[fareharbor-normalize] asn normalized { normalizedAsnToFhdn: 250, fixedMissingAsnRef: 0 }
[fareharbor-normalize] asn normalized { normalizedAsnToFhdn: 251, fixedMissingAsnRef: 0 }
[fareharbor-normalize] asn normalized { normalizedAsnToFhdn: 252, fixedMissingAsnRef: 0 }
[fareharbor-normalize] asn normalized { normalizedAsnToFhdn: 253, fixedMissingAsnRef: 0 }
[fareharbor-normalize] asn normalized { normalizedAsnToFhdn: 254, fixedMissingAsnRef: 0 }
[fareharbor-normalize] asn normalized { normalizedAsnToFhdn: 255, fixedMissingAsnRef: 0 }
[fareharbor-normalize] asn normalized { normalizedAsnToFhdn: 256, fixedMissingAsnRef: 0 }
[fareharbor-normalize] asn normalized { normalizedAsnToFhdn: 257, fixedMissingAsnRef: 0 }
[fareharbor-normalize] asn normalized { normalizedAsnToFhdn: 258, fixedMissingAsnRef: 0 }
[fareharbor-normalize] asn normalized { normalizedAsnToFhdn: 259, fixedMissingAsnRef: 0 }
[fareharbor-normalize] asn normalized { normalizedAsnToFhdn: 260, fixedMissingAsnRef: 0 }
[fareharbor-normalize] asn normalized { normalizedAsnToFhdn: 261, fixedMissingAsnRef: 0 }
[fareharbor-normalize] asn normalized { normalizedAsnToFhdn: 262, fixedMissingAsnRef: 0 }
[fareharbor-normalize] asn normalized { normalizedAsnToFhdn: 263, fixedMissingAsnRef: 0 }
[fareharbor-normalize] asn normalized { normalizedAsnToFhdn: 264, fixedMissingAsnRef: 0 }
[fareharbor-normalize] asn normalized { normalizedAsnToFhdn: 265, fixedMissingAsnRef: 0 }
[fareharbor-normalize] asn normalized { normalizedAsnToFhdn: 266, fixedMissingAsnRef: 0 }
[fareharbor-normalize] asn normalized { normalizedAsnToFhdn: 267, fixedMissingAsnRef: 0 }
[fareharbor-normalize] asn normalized { normalizedAsnToFhdn: 268, fixedMissingAsnRef: 0 }
[fareharbor-normalize] asn normalized { normalizedAsnToFhdn: 269, fixedMissingAsnRef: 0 }
[fareharbor-normalize] asn normalized { normalizedAsnToFhdn: 270, fixedMissingAsnRef: 0 }
[fareharbor-normalize] asn normalized { normalizedAsnToFhdn: 271, fixedMissingAsnRef: 0 }
[fareharbor-normalize] asn normalized { normalizedAsnToFhdn: 272, fixedMissingAsnRef: 0 }
[fareharbor-normalize] asn normalized { normalizedAsnToFhdn: 273, fixedMissingAsnRef: 0 }
[fareharbor-normalize] asn normalized { normalizedAsnToFhdn: 274, fixedMissingAsnRef: 0 }
[fareharbor-normalize] asn normalized { normalizedAsnToFhdn: 275, fixedMissingAsnRef: 0 }
[fareharbor-normalize] asn normalized { normalizedAsnToFhdn: 276, fixedMissingAsnRef: 0 }
[fareharbor-normalize] asn normalized { normalizedAsnToFhdn: 277, fixedMissingAsnRef: 0 }
[fareharbor-normalize] asn normalized { normalizedAsnToFhdn: 278, fixedMissingAsnRef: 0 }
[fareharbor-normalize] asn normalized { normalizedAsnToFhdn: 279, fixedMissingAsnRef: 0 }
[fareharbor-normalize] asn normalized { normalizedAsnToFhdn: 280, fixedMissingAsnRef: 0 }
[fareharbor-normalize] asn normalized { normalizedAsnToFhdn: 281, fixedMissingAsnRef: 0 }
[fareharbor-normalize] asn normalized { normalizedAsnToFhdn: 282, fixedMissingAsnRef: 0 }
[fareharbor-normalize] asn normalized { normalizedAsnToFhdn: 283, fixedMissingAsnRef: 0 }
[fareharbor-normalize] asn normalized { normalizedAsnToFhdn: 284, fixedMissingAsnRef: 0 }
[fareharbor-normalize] asn normalized { normalizedAsnToFhdn: 285, fixedMissingAsnRef: 0 }
[fareharbor-normalize] asn normalized { normalizedAsnToFhdn: 286, fixedMissingAsnRef: 0 }
[fareharbor-normalize] asn normalized { normalizedAsnToFhdn: 287, fixedMissingAsnRef: 0 }
[fareharbor-normalize] asn normalized { normalizedAsnToFhdn: 288, fixedMissingAsnRef: 0 }
[fareharbor-normalize] asn normalized { normalizedAsnToFhdn: 289, fixedMissingAsnRef: 0 }
[fareharbor-normalize] asn normalized { normalizedAsnToFhdn: 290, fixedMissingAsnRef: 0 }
[fareharbor-normalize] asn normalized { normalizedAsnToFhdn: 291, fixedMissingAsnRef: 0 }
[fareharbor-normalize] asn normalized { normalizedAsnToFhdn: 292, fixedMissingAsnRef: 0 }
[fareharbor-normalize] asn normalized { normalizedAsnToFhdn: 293, fixedMissingAsnRef: 0 }
[fareharbor-normalize] asn normalized { normalizedAsnToFhdn: 294, fixedMissingAsnRef: 0 }
[fareharbor-normalize] asn normalized { normalizedAsnToFhdn: 295, fixedMissingAsnRef: 0 }
[fareharbor-normalize] asn normalized { normalizedAsnToFhdn: 296, fixedMissingAsnRef: 0 }
[fareharbor-normalize] asn normalized { normalizedAsnToFhdn: 297, fixedMissingAsnRef: 0 }
[fareharbor-normalize] asn normalized { normalizedAsnToFhdn: 298, fixedMissingAsnRef: 0 }
[fareharbor-normalize] asn normalized { normalizedAsnToFhdn: 299, fixedMissingAsnRef: 0 }
[fareharbor-normalize] asn normalized { normalizedAsnToFhdn: 300, fixedMissingAsnRef: 0 }
[fareharbor-normalize] asn normalized { normalizedAsnToFhdn: 301, fixedMissingAsnRef: 0 }
[fareharbor-normalize] asn normalized { normalizedAsnToFhdn: 302, fixedMissingAsnRef: 0 }
[fareharbor-normalize] asn normalized { normalizedAsnToFhdn: 303, fixedMissingAsnRef: 0 }
[fareharbor-normalize] asn normalized { normalizedAsnToFhdn: 304, fixedMissingAsnRef: 0 }
[fareharbor-normalize] asn normalized { normalizedAsnToFhdn: 305, fixedMissingAsnRef: 0 }
[fareharbor-normalize] asn normalized { normalizedAsnToFhdn: 306, fixedMissingAsnRef: 0 }
[fareharbor-normalize] asn normalized { normalizedAsnToFhdn: 307, fixedMissingAsnRef: 0 }
[fareharbor-normalize] asn normalized { normalizedAsnToFhdn: 308, fixedMissingAsnRef: 0 }
[fareharbor-normalize] asn normalized { normalizedAsnToFhdn: 309, fixedMissingAsnRef: 0 }
[fareharbor-normalize] asn normalized { normalizedAsnToFhdn: 310, fixedMissingAsnRef: 0 }
[fareharbor-normalize] asn normalized { normalizedAsnToFhdn: 311, fixedMissingAsnRef: 0 }
[fareharbor-normalize] asn normalized { normalizedAsnToFhdn: 312, fixedMissingAsnRef: 0 }
[fareharbor-normalize] asn normalized { normalizedAsnToFhdn: 313, fixedMissingAsnRef: 0 }
[fareharbor-normalize] asn normalized { normalizedAsnToFhdn: 314, fixedMissingAsnRef: 0 }
[fareharbor-normalize] asn normalized { normalizedAsnToFhdn: 315, fixedMissingAsnRef: 0 }
[fareharbor-normalize] asn normalized { normalizedAsnToFhdn: 316, fixedMissingAsnRef: 0 }
[fareharbor-normalize] asn normalized { normalizedAsnToFhdn: 317, fixedMissingAsnRef: 0 }
[fareharbor-normalize] asn normalized { normalizedAsnToFhdn: 318, fixedMissingAsnRef: 0 }
[fareharbor-normalize] asn normalized { normalizedAsnToFhdn: 319, fixedMissingAsnRef: 0 }
[fareharbor-normalize] asn normalized { normalizedAsnToFhdn: 320, fixedMissingAsnRef: 0 }
[fareharbor-normalize] asn normalized { normalizedAsnToFhdn: 321, fixedMissingAsnRef: 0 }
[fareharbor-normalize] asn normalized { normalizedAsnToFhdn: 322, fixedMissingAsnRef: 0 }
[fareharbor-normalize] asn normalized { normalizedAsnToFhdn: 323, fixedMissingAsnRef: 0 }
[fareharbor-normalize] asn normalized { normalizedAsnToFhdn: 324, fixedMissingAsnRef: 0 }
[fareharbor-normalize] asn normalized { normalizedAsnToFhdn: 325, fixedMissingAsnRef: 0 }
[fareharbor-normalize] asn normalized { normalizedAsnToFhdn: 326, fixedMissingAsnRef: 0 }
[fareharbor-normalize] asn normalized { normalizedAsnToFhdn: 327, fixedMissingAsnRef: 0 }
[fareharbor-normalize] asn normalized { normalizedAsnToFhdn: 328, fixedMissingAsnRef: 0 }
[fareharbor-normalize] asn normalized { normalizedAsnToFhdn: 329, fixedMissingAsnRef: 0 }
[fareharbor-normalize] asn normalized { normalizedAsnToFhdn: 330, fixedMissingAsnRef: 0 }
[fareharbor-normalize] asn normalized { normalizedAsnToFhdn: 331, fixedMissingAsnRef: 0 }
[fareharbor-normalize] asn normalized { normalizedAsnToFhdn: 332, fixedMissingAsnRef: 0 }
[fareharbor-normalize] asn normalized { normalizedAsnToFhdn: 333, fixedMissingAsnRef: 0 }
[fareharbor-normalize] asn normalized { normalizedAsnToFhdn: 334, fixedMissingAsnRef: 0 }
[fareharbor-normalize] asn normalized { normalizedAsnToFhdn: 335, fixedMissingAsnRef: 0 }
[fareharbor-normalize] asn normalized { normalizedAsnToFhdn: 336, fixedMissingAsnRef: 0 }
[fareharbor-normalize] asn normalized { normalizedAsnToFhdn: 337, fixedMissingAsnRef: 0 }
[fareharbor-normalize] asn normalized { normalizedAsnToFhdn: 338, fixedMissingAsnRef: 0 }
[fareharbor-normalize] asn normalized { normalizedAsnToFhdn: 339, fixedMissingAsnRef: 0 }
[fareharbor-normalize] asn normalized { normalizedAsnToFhdn: 340, fixedMissingAsnRef: 0 }
[fareharbor-normalize] asn normalized { normalizedAsnToFhdn: 341, fixedMissingAsnRef: 0 }
[fareharbor-normalize] asn normalized { normalizedAsnToFhdn: 342, fixedMissingAsnRef: 0 }
[fareharbor-normalize] asn normalized { normalizedAsnToFhdn: 343, fixedMissingAsnRef: 0 }
[fareharbor-normalize] asn normalized { normalizedAsnToFhdn: 344, fixedMissingAsnRef: 0 }
[fareharbor-normalize] asn normalized { normalizedAsnToFhdn: 345, fixedMissingAsnRef: 0 }
[fareharbor-normalize] asn normalized { normalizedAsnToFhdn: 346, fixedMissingAsnRef: 0 }
[fareharbor-normalize] asn normalized { normalizedAsnToFhdn: 347, fixedMissingAsnRef: 0 }
[fareharbor-normalize] asn normalized { normalizedAsnToFhdn: 348, fixedMissingAsnRef: 0 }
[fareharbor-normalize] asn normalized { normalizedAsnToFhdn: 349, fixedMissingAsnRef: 0 }
[fareharbor-normalize] asn normalized { normalizedAsnToFhdn: 350, fixedMissingAsnRef: 0 }
[fareharbor-normalize] asn normalized { normalizedAsnToFhdn: 351, fixedMissingAsnRef: 0 }
[fareharbor-normalize] asn normalized { normalizedAsnToFhdn: 352, fixedMissingAsnRef: 0 }
[fareharbor-normalize] asn normalized { normalizedAsnToFhdn: 353, fixedMissingAsnRef: 0 }
[fareharbor-normalize] asn normalized { normalizedAsnToFhdn: 354, fixedMissingAsnRef: 0 }
[fareharbor-normalize] asn normalized { normalizedAsnToFhdn: 355, fixedMissingAsnRef: 0 }
[fareharbor-normalize] asn normalized { normalizedAsnToFhdn: 356, fixedMissingAsnRef: 0 }
[fareharbor-normalize] asn normalized { normalizedAsnToFhdn: 357, fixedMissingAsnRef: 0 }
[fareharbor-normalize] asn normalized { normalizedAsnToFhdn: 358, fixedMissingAsnRef: 0 }
[fareharbor-normalize] asn normalized { normalizedAsnToFhdn: 359, fixedMissingAsnRef: 0 }
[fareharbor-normalize] asn normalized { normalizedAsnToFhdn: 360, fixedMissingAsnRef: 0 }
[fareharbor-normalize] asn normalized { normalizedAsnToFhdn: 361, fixedMissingAsnRef: 0 }
[fareharbor-normalize] asn normalized { normalizedAsnToFhdn: 362, fixedMissingAsnRef: 0 }
[fareharbor-normalize] asn normalized { normalizedAsnToFhdn: 363, fixedMissingAsnRef: 0 }
[fareharbor-normalize] asn normalized { normalizedAsnToFhdn: 364, fixedMissingAsnRef: 0 }
[fareharbor-normalize] asn normalized { normalizedAsnToFhdn: 365, fixedMissingAsnRef: 0 }
[fareharbor-normalize] asn normalized { normalizedAsnToFhdn: 366, fixedMissingAsnRef: 0 }
[fareharbor-normalize] asn normalized { normalizedAsnToFhdn: 367, fixedMissingAsnRef: 0 }
[fareharbor-normalize] asn normalized { normalizedAsnToFhdn: 368, fixedMissingAsnRef: 0 }
[fareharbor-normalize] asn normalized { normalizedAsnToFhdn: 369, fixedMissingAsnRef: 0 }
[fareharbor-normalize] asn normalized { normalizedAsnToFhdn: 370, fixedMissingAsnRef: 0 }
[fareharbor-normalize] asn normalized { normalizedAsnToFhdn: 371, fixedMissingAsnRef: 0 }
[fareharbor-normalize] asn normalized { normalizedAsnToFhdn: 372, fixedMissingAsnRef: 0 }
[fareharbor-normalize] asn normalized { normalizedAsnToFhdn: 373, fixedMissingAsnRef: 0 }
[fareharbor-normalize] asn normalized { normalizedAsnToFhdn: 374, fixedMissingAsnRef: 0 }
[fareharbor-normalize] asn normalized { normalizedAsnToFhdn: 375, fixedMissingAsnRef: 0 }
[fareharbor-normalize] asn normalized { normalizedAsnToFhdn: 376, fixedMissingAsnRef: 0 }
[fareharbor-normalize] asn normalized { normalizedAsnToFhdn: 377, fixedMissingAsnRef: 0 }
[fareharbor-normalize] asn normalized { normalizedAsnToFhdn: 378, fixedMissingAsnRef: 0 }
[fareharbor-normalize] asn normalized { normalizedAsnToFhdn: 379, fixedMissingAsnRef: 0 }
[fareharbor-normalize] asn normalized { normalizedAsnToFhdn: 380, fixedMissingAsnRef: 0 }
[fareharbor-normalize] asn normalized { normalizedAsnToFhdn: 381, fixedMissingAsnRef: 0 }
[fareharbor-normalize] asn normalized { normalizedAsnToFhdn: 382, fixedMissingAsnRef: 0 }
[fareharbor-normalize] asn normalized { normalizedAsnToFhdn: 383, fixedMissingAsnRef: 0 }
[fareharbor-normalize] asn normalized { normalizedAsnToFhdn: 384, fixedMissingAsnRef: 0 }
[fareharbor-normalize] asn normalized { normalizedAsnToFhdn: 385, fixedMissingAsnRef: 0 }
[fareharbor-normalize] asn normalized { normalizedAsnToFhdn: 386, fixedMissingAsnRef: 0 }
[fareharbor-normalize] asn normalized { normalizedAsnToFhdn: 387, fixedMissingAsnRef: 0 }
[fareharbor-normalize] asn normalized { normalizedAsnToFhdn: 388, fixedMissingAsnRef: 0 }
[fareharbor-normalize] asn normalized { normalizedAsnToFhdn: 389, fixedMissingAsnRef: 0 }
[fareharbor-normalize] asn normalized { normalizedAsnToFhdn: 390, fixedMissingAsnRef: 0 }
[fareharbor-normalize] asn normalized { normalizedAsnToFhdn: 391, fixedMissingAsnRef: 0 }
[fareharbor-normalize] asn normalized { normalizedAsnToFhdn: 392, fixedMissingAsnRef: 0 }
[fareharbor-normalize] asn normalized { normalizedAsnToFhdn: 393, fixedMissingAsnRef: 0 }
[fareharbor-normalize] asn normalized { normalizedAsnToFhdn: 394, fixedMissingAsnRef: 0 }
[fareharbor-normalize] asn normalized { normalizedAsnToFhdn: 395, fixedMissingAsnRef: 0 }
[fareharbor-normalize] asn normalized { normalizedAsnToFhdn: 396, fixedMissingAsnRef: 0 }
[fareharbor-normalize] asn normalized { normalizedAsnToFhdn: 397, fixedMissingAsnRef: 0 }
[fareharbor-normalize] asn normalized { normalizedAsnToFhdn: 398, fixedMissingAsnRef: 0 }
[fareharbor-normalize] asn normalized { normalizedAsnToFhdn: 399, fixedMissingAsnRef: 0 }
[fareharbor-normalize] asn normalized { normalizedAsnToFhdn: 400, fixedMissingAsnRef: 0 }
[fareharbor-normalize] asn normalized { normalizedAsnToFhdn: 401, fixedMissingAsnRef: 0 }
[fareharbor-normalize] asn normalized { normalizedAsnToFhdn: 402, fixedMissingAsnRef: 0 }
[fareharbor-normalize] asn normalized { normalizedAsnToFhdn: 403, fixedMissingAsnRef: 0 }
[fareharbor-normalize] asn normalized { normalizedAsnToFhdn: 404, fixedMissingAsnRef: 0 }
[fareharbor-normalize] asn normalized { normalizedAsnToFhdn: 405, fixedMissingAsnRef: 0 }
[fareharbor-normalize] asn normalized { normalizedAsnToFhdn: 406, fixedMissingAsnRef: 0 }
[fareharbor-normalize] asn normalized { normalizedAsnToFhdn: 407, fixedMissingAsnRef: 0 }
[fareharbor-normalize] asn normalized { normalizedAsnToFhdn: 408, fixedMissingAsnRef: 0 }
[fareharbor-normalize] asn normalized { normalizedAsnToFhdn: 409, fixedMissingAsnRef: 0 }
[fareharbor-normalize] asn normalized { normalizedAsnToFhdn: 410, fixedMissingAsnRef: 0 }
[fareharbor-normalize] asn normalized { normalizedAsnToFhdn: 411, fixedMissingAsnRef: 0 }
[fareharbor-normalize] asn normalized { normalizedAsnToFhdn: 412, fixedMissingAsnRef: 0 }
[fareharbor-normalize] asn normalized { normalizedAsnToFhdn: 413, fixedMissingAsnRef: 0 }
[fareharbor-normalize] asn normalized { normalizedAsnToFhdn: 414, fixedMissingAsnRef: 0 }
[fareharbor-normalize] asn normalized { normalizedAsnToFhdn: 415, fixedMissingAsnRef: 0 }
[fareharbor-normalize] asn normalized { normalizedAsnToFhdn: 416, fixedMissingAsnRef: 0 }
[fareharbor-normalize] asn normalized { normalizedAsnToFhdn: 417, fixedMissingAsnRef: 0 }
[fareharbor-normalize] asn normalized { normalizedAsnToFhdn: 418, fixedMissingAsnRef: 0 }
[fareharbor-normalize] asn normalized { normalizedAsnToFhdn: 419, fixedMissingAsnRef: 0 }
[fareharbor-normalize] asn normalized { normalizedAsnToFhdn: 420, fixedMissingAsnRef: 0 }
[fareharbor-normalize] asn normalized { normalizedAsnToFhdn: 421, fixedMissingAsnRef: 0 }
[fareharbor-normalize] asn normalized { normalizedAsnToFhdn: 422, fixedMissingAsnRef: 0 }
[fareharbor-normalize] asn normalized { normalizedAsnToFhdn: 423, fixedMissingAsnRef: 0 }
[fareharbor-normalize] asn normalized { normalizedAsnToFhdn: 424, fixedMissingAsnRef: 0 }
[fareharbor-normalize] asn normalized { normalizedAsnToFhdn: 425, fixedMissingAsnRef: 0 }
[fareharbor-normalize] asn normalized { normalizedAsnToFhdn: 426, fixedMissingAsnRef: 0 }
[fareharbor-normalize] asn normalized { normalizedAsnToFhdn: 427, fixedMissingAsnRef: 0 }
[fareharbor-normalize] asn normalized { normalizedAsnToFhdn: 428, fixedMissingAsnRef: 0 }
[fareharbor-normalize] asn normalized { normalizedAsnToFhdn: 429, fixedMissingAsnRef: 0 }
[fareharbor-normalize] asn normalized { normalizedAsnToFhdn: 430, fixedMissingAsnRef: 0 }
[fareharbor-normalize] asn normalized { normalizedAsnToFhdn: 431, fixedMissingAsnRef: 0 }
[fareharbor-normalize] asn normalized { normalizedAsnToFhdn: 432, fixedMissingAsnRef: 0 }
[fareharbor-normalize] asn normalized { normalizedAsnToFhdn: 433, fixedMissingAsnRef: 0 }
[fareharbor-normalize] asn normalized { normalizedAsnToFhdn: 434, fixedMissingAsnRef: 0 }
[fareharbor-normalize] asn normalized { normalizedAsnToFhdn: 435, fixedMissingAsnRef: 0 }
[fareharbor-normalize] asn normalized { normalizedAsnToFhdn: 436, fixedMissingAsnRef: 0 }
[fareharbor-normalize] asn normalized { normalizedAsnToFhdn: 437, fixedMissingAsnRef: 0 }
[fareharbor-normalize] asn normalized { normalizedAsnToFhdn: 438, fixedMissingAsnRef: 0 }
[fareharbor-normalize] asn normalized { normalizedAsnToFhdn: 439, fixedMissingAsnRef: 0 }
[fareharbor-normalize] asn normalized { normalizedAsnToFhdn: 440, fixedMissingAsnRef: 0 }
[fareharbor-normalize] asn normalized { normalizedAsnToFhdn: 441, fixedMissingAsnRef: 0 }
[fareharbor-normalize] asn normalized { normalizedAsnToFhdn: 442, fixedMissingAsnRef: 0 }
[fareharbor-normalize] asn normalized { normalizedAsnToFhdn: 443, fixedMissingAsnRef: 0 }
[fareharbor-normalize] asn normalized { normalizedAsnToFhdn: 444, fixedMissingAsnRef: 0 }
[fareharbor-normalize] asn normalized { normalizedAsnToFhdn: 445, fixedMissingAsnRef: 0 }
[fareharbor-normalize] asn normalized { normalizedAsnToFhdn: 446, fixedMissingAsnRef: 0 }
[fareharbor-normalize] asn normalized { normalizedAsnToFhdn: 447, fixedMissingAsnRef: 0 }
[fareharbor-normalize] asn normalized { normalizedAsnToFhdn: 448, fixedMissingAsnRef: 0 }
[fareharbor-normalize] asn normalized { normalizedAsnToFhdn: 449, fixedMissingAsnRef: 0 }
[fareharbor-normalize] asn normalized { normalizedAsnToFhdn: 450, fixedMissingAsnRef: 0 }
[fareharbor-normalize] asn normalized { normalizedAsnToFhdn: 451, fixedMissingAsnRef: 0 }
[fareharbor-normalize] asn normalized { normalizedAsnToFhdn: 452, fixedMissingAsnRef: 0 }
[fareharbor-normalize] asn normalized { normalizedAsnToFhdn: 453, fixedMissingAsnRef: 0 }
[fareharbor-normalize] asn normalized { normalizedAsnToFhdn: 454, fixedMissingAsnRef: 0 }
[fareharbor-normalize] asn normalized { normalizedAsnToFhdn: 455, fixedMissingAsnRef: 0 }
[fareharbor-normalize] asn normalized { normalizedAsnToFhdn: 456, fixedMissingAsnRef: 0 }
[fareharbor-normalize] asn normalized { normalizedAsnToFhdn: 457, fixedMissingAsnRef: 0 }
[fareharbor-normalize] asn normalized { normalizedAsnToFhdn: 458, fixedMissingAsnRef: 0 }
[fareharbor-normalize] asn normalized { normalizedAsnToFhdn: 459, fixedMissingAsnRef: 0 }
[fareharbor-normalize] asn normalized { normalizedAsnToFhdn: 460, fixedMissingAsnRef: 0 }
[fareharbor-normalize] asn normalized { normalizedAsnToFhdn: 461, fixedMissingAsnRef: 0 }
[fareharbor-normalize] asn normalized { normalizedAsnToFhdn: 462, fixedMissingAsnRef: 0 }
[fareharbor-normalize] asn normalized { normalizedAsnToFhdn: 463, fixedMissingAsnRef: 0 }
[fareharbor-normalize] asn normalized { normalizedAsnToFhdn: 464, fixedMissingAsnRef: 0 }
[fareharbor-normalize] asn normalized { normalizedAsnToFhdn: 465, fixedMissingAsnRef: 0 }
[fareharbor-normalize] asn normalized { normalizedAsnToFhdn: 466, fixedMissingAsnRef: 0 }
[fareharbor-normalize] asn normalized { normalizedAsnToFhdn: 467, fixedMissingAsnRef: 0 }
[fareharbor-normalize] asn normalized { normalizedAsnToFhdn: 468, fixedMissingAsnRef: 0 }
[fareharbor-normalize] asn normalized { normalizedAsnToFhdn: 469, fixedMissingAsnRef: 0 }
[fareharbor-normalize] asn normalized { normalizedAsnToFhdn: 470, fixedMissingAsnRef: 0 }
[fareharbor-normalize] asn normalized { normalizedAsnToFhdn: 471, fixedMissingAsnRef: 0 }
[fareharbor-normalize] asn normalized { normalizedAsnToFhdn: 472, fixedMissingAsnRef: 0 }
[fareharbor-normalize] asn normalized { normalizedAsnToFhdn: 473, fixedMissingAsnRef: 0 }
[fareharbor-normalize] asn normalized { normalizedAsnToFhdn: 474, fixedMissingAsnRef: 0 }
[fareharbor-normalize] asn normalized { normalizedAsnToFhdn: 475, fixedMissingAsnRef: 0 }
[fareharbor-normalize] asn normalized { normalizedAsnToFhdn: 476, fixedMissingAsnRef: 0 }
[fareharbor-normalize] asn normalized { normalizedAsnToFhdn: 477, fixedMissingAsnRef: 0 }
[fareharbor-normalize] asn normalized { normalizedAsnToFhdn: 478, fixedMissingAsnRef: 0 }
[fareharbor-normalize] asn normalized { normalizedAsnToFhdn: 479, fixedMissingAsnRef: 0 }
[fareharbor-normalize] asn normalized { normalizedAsnToFhdn: 480, fixedMissingAsnRef: 0 }
[fareharbor-normalize] asn normalized { normalizedAsnToFhdn: 481, fixedMissingAsnRef: 0 }
[fareharbor-normalize] asn normalized { normalizedAsnToFhdn: 482, fixedMissingAsnRef: 0 }
[fareharbor-normalize] asn normalized { normalizedAsnToFhdn: 483, fixedMissingAsnRef: 0 }
[fareharbor-normalize] asn normalized { normalizedAsnToFhdn: 484, fixedMissingAsnRef: 0 }
[fareharbor-normalize] asn normalized { normalizedAsnToFhdn: 485, fixedMissingAsnRef: 0 }
[fareharbor-normalize] asn normalized { normalizedAsnToFhdn: 486, fixedMissingAsnRef: 0 }
[fareharbor-normalize] asn normalized { normalizedAsnToFhdn: 487, fixedMissingAsnRef: 0 }
[fareharbor-normalize] asn normalized { normalizedAsnToFhdn: 488, fixedMissingAsnRef: 0 }
[fareharbor-normalize] asn normalized { normalizedAsnToFhdn: 489, fixedMissingAsnRef: 0 }
[fareharbor-normalize] asn normalized { normalizedAsnToFhdn: 490, fixedMissingAsnRef: 0 }
[fareharbor-normalize] asn normalized { normalizedAsnToFhdn: 491, fixedMissingAsnRef: 0 }
[fareharbor-normalize] asn normalized { normalizedAsnToFhdn: 492, fixedMissingAsnRef: 0 }
[fareharbor-normalize] asn normalized { normalizedAsnToFhdn: 493, fixedMissingAsnRef: 0 }
[fareharbor-normalize] asn normalized { normalizedAsnToFhdn: 494, fixedMissingAsnRef: 0 }
[fareharbor-normalize] asn normalized { normalizedAsnToFhdn: 495, fixedMissingAsnRef: 0 }
[fareharbor-normalize] asn normalized { normalizedAsnToFhdn: 496, fixedMissingAsnRef: 0 }
[fareharbor-normalize] asn normalized { normalizedAsnToFhdn: 497, fixedMissingAsnRef: 0 }
[fareharbor-normalize] asn normalized { normalizedAsnToFhdn: 498, fixedMissingAsnRef: 0 }
[fareharbor-normalize] asn normalized { normalizedAsnToFhdn: 499, fixedMissingAsnRef: 0 }
[fareharbor-normalize] asn normalized { normalizedAsnToFhdn: 500, fixedMissingAsnRef: 0 }
[fareharbor-normalize] asn normalized { normalizedAsnToFhdn: 501, fixedMissingAsnRef: 0 }
[fareharbor-normalize] asn normalized { normalizedAsnToFhdn: 502, fixedMissingAsnRef: 0 }
[fareharbor-normalize] asn normalized { normalizedAsnToFhdn: 503, fixedMissingAsnRef: 0 }
[fareharbor-normalize] asn normalized { normalizedAsnToFhdn: 504, fixedMissingAsnRef: 0 }
[fareharbor-normalize] asn normalized { normalizedAsnToFhdn: 505, fixedMissingAsnRef: 0 }
[fareharbor-normalize] asn normalized { normalizedAsnToFhdn: 506, fixedMissingAsnRef: 0 }
[fareharbor-normalize] asn normalized { normalizedAsnToFhdn: 507, fixedMissingAsnRef: 0 }
[fareharbor-normalize] asn normalized { normalizedAsnToFhdn: 508, fixedMissingAsnRef: 0 }
[fareharbor-normalize] asn normalized { normalizedAsnToFhdn: 509, fixedMissingAsnRef: 0 }
[fareharbor-normalize] asn normalized { normalizedAsnToFhdn: 510, fixedMissingAsnRef: 0 }
[fareharbor-normalize] asn normalized { normalizedAsnToFhdn: 511, fixedMissingAsnRef: 0 }
[fareharbor-normalize] asn normalized { normalizedAsnToFhdn: 512, fixedMissingAsnRef: 0 }
[fareharbor-normalize] asn normalized { normalizedAsnToFhdn: 513, fixedMissingAsnRef: 0 }
[fareharbor-normalize] asn normalized { normalizedAsnToFhdn: 514, fixedMissingAsnRef: 0 }
[fareharbor-normalize] asn normalized { normalizedAsnToFhdn: 515, fixedMissingAsnRef: 0 }
[fareharbor-normalize] asn normalized { normalizedAsnToFhdn: 516, fixedMissingAsnRef: 0 }
[fareharbor-normalize] asn normalized { normalizedAsnToFhdn: 517, fixedMissingAsnRef: 0 }
[fareharbor-normalize] asn normalized { normalizedAsnToFhdn: 518, fixedMissingAsnRef: 0 }
[fareharbor-normalize] asn normalized { normalizedAsnToFhdn: 519, fixedMissingAsnRef: 0 }
[fareharbor-normalize] asn normalized { normalizedAsnToFhdn: 520, fixedMissingAsnRef: 0 }
[fareharbor-normalize] asn normalized { normalizedAsnToFhdn: 521, fixedMissingAsnRef: 0 }
[fareharbor-normalize] asn normalized { normalizedAsnToFhdn: 522, fixedMissingAsnRef: 0 }
[fareharbor-normalize] asn normalized { normalizedAsnToFhdn: 523, fixedMissingAsnRef: 0 }
[fareharbor-normalize] asn normalized { normalizedAsnToFhdn: 524, fixedMissingAsnRef: 0 }
[fareharbor-normalize] asn normalized { normalizedAsnToFhdn: 525, fixedMissingAsnRef: 0 }
[fareharbor-normalize] asn normalized { normalizedAsnToFhdn: 526, fixedMissingAsnRef: 0 }
[fareharbor-normalize] asn normalized { normalizedAsnToFhdn: 527, fixedMissingAsnRef: 0 }
[fareharbor-normalize] asn normalized { normalizedAsnToFhdn: 528, fixedMissingAsnRef: 0 }
[fareharbor-normalize] asn normalized { normalizedAsnToFhdn: 529, fixedMissingAsnRef: 0 }
[fareharbor-normalize] asn normalized { normalizedAsnToFhdn: 530, fixedMissingAsnRef: 0 }
[fareharbor-normalize] asn normalized { normalizedAsnToFhdn: 531, fixedMissingAsnRef: 0 }
[fareharbor-normalize] asn normalized { normalizedAsnToFhdn: 532, fixedMissingAsnRef: 0 }
[fareharbor-normalize] asn normalized { normalizedAsnToFhdn: 533, fixedMissingAsnRef: 0 }
[fareharbor-normalize] asn normalized { normalizedAsnToFhdn: 534, fixedMissingAsnRef: 0 }
[fareharbor-normalize] asn normalized { normalizedAsnToFhdn: 535, fixedMissingAsnRef: 0 }
[fareharbor-normalize] asn normalized { normalizedAsnToFhdn: 536, fixedMissingAsnRef: 0 }
[fareharbor-normalize] asn normalized { normalizedAsnToFhdn: 537, fixedMissingAsnRef: 0 }
[fareharbor-normalize] asn normalized { normalizedAsnToFhdn: 538, fixedMissingAsnRef: 0 }
[fareharbor-normalize] asn normalized { normalizedAsnToFhdn: 539, fixedMissingAsnRef: 0 }
[fareharbor-normalize] asn normalized { normalizedAsnToFhdn: 540, fixedMissingAsnRef: 0 }
[fareharbor-normalize] asn normalized { normalizedAsnToFhdn: 541, fixedMissingAsnRef: 0 }
[fareharbor-normalize] asn normalized { normalizedAsnToFhdn: 542, fixedMissingAsnRef: 0 }
[fareharbor-normalize] asn normalized { normalizedAsnToFhdn: 543, fixedMissingAsnRef: 0 }
[fareharbor-normalize] asn normalized { normalizedAsnToFhdn: 544, fixedMissingAsnRef: 0 }
[fareharbor-normalize] asn normalized { normalizedAsnToFhdn: 545, fixedMissingAsnRef: 0 }
[fareharbor-normalize] asn normalized { normalizedAsnToFhdn: 546, fixedMissingAsnRef: 0 }
[fareharbor-normalize] asn normalized { normalizedAsnToFhdn: 547, fixedMissingAsnRef: 0 }
[fareharbor-normalize] asn normalized { normalizedAsnToFhdn: 548, fixedMissingAsnRef: 0 }
[fareharbor-normalize] asn normalized { normalizedAsnToFhdn: 549, fixedMissingAsnRef: 0 }
[fareharbor-normalize] asn normalized { normalizedAsnToFhdn: 550, fixedMissingAsnRef: 0 }
[fareharbor-normalize] asn normalized { normalizedAsnToFhdn: 551, fixedMissingAsnRef: 0 }
[fareharbor-normalize] asn normalized { normalizedAsnToFhdn: 552, fixedMissingAsnRef: 0 }
[fareharbor-normalize] asn normalized { normalizedAsnToFhdn: 553, fixedMissingAsnRef: 0 }
[fareharbor-normalize] asn normalized { normalizedAsnToFhdn: 554, fixedMissingAsnRef: 0 }
[fareharbor-normalize] asn normalized { normalizedAsnToFhdn: 555, fixedMissingAsnRef: 0 }
[fareharbor-normalize] asn normalized { normalizedAsnToFhdn: 556, fixedMissingAsnRef: 0 }
[fareharbor-normalize] asn normalized { normalizedAsnToFhdn: 557, fixedMissingAsnRef: 0 }
[fareharbor-normalize] asn normalized { normalizedAsnToFhdn: 558, fixedMissingAsnRef: 0 }
[fareharbor-normalize] asn normalized { normalizedAsnToFhdn: 559, fixedMissingAsnRef: 0 }
[fareharbor-normalize] asn normalized { normalizedAsnToFhdn: 560, fixedMissingAsnRef: 0 }
[fareharbor-normalize] asn normalized { normalizedAsnToFhdn: 561, fixedMissingAsnRef: 0 }
[fareharbor-normalize] asn normalized { normalizedAsnToFhdn: 562, fixedMissingAsnRef: 0 }
[fareharbor-normalize] asn normalized { normalizedAsnToFhdn: 563, fixedMissingAsnRef: 0 }
[fareharbor-normalize] asn normalized { normalizedAsnToFhdn: 564, fixedMissingAsnRef: 0 }
[fareharbor-normalize] asn normalized { normalizedAsnToFhdn: 565, fixedMissingAsnRef: 0 }
[fareharbor-normalize] asn normalized { normalizedAsnToFhdn: 566, fixedMissingAsnRef: 0 }
[fareharbor-normalize] asn normalized { normalizedAsnToFhdn: 567, fixedMissingAsnRef: 0 }
[fareharbor-normalize] asn normalized { normalizedAsnToFhdn: 568, fixedMissingAsnRef: 0 }
[fareharbor-normalize] asn normalized { normalizedAsnToFhdn: 569, fixedMissingAsnRef: 0 }
[fareharbor-normalize] asn normalized { normalizedAsnToFhdn: 570, fixedMissingAsnRef: 0 }
[fareharbor-normalize] asn normalized { normalizedAsnToFhdn: 571, fixedMissingAsnRef: 0 }
[fareharbor-normalize] asn normalized { normalizedAsnToFhdn: 572, fixedMissingAsnRef: 0 }
[fareharbor-normalize] asn normalized { normalizedAsnToFhdn: 573, fixedMissingAsnRef: 0 }
[fareharbor-normalize] asn normalized { normalizedAsnToFhdn: 574, fixedMissingAsnRef: 0 }
[fareharbor-normalize] asn normalized { normalizedAsnToFhdn: 575, fixedMissingAsnRef: 0 }
[fareharbor-normalize] asn normalized { normalizedAsnToFhdn: 576, fixedMissingAsnRef: 0 }
[fareharbor-normalize] asn normalized { normalizedAsnToFhdn: 577, fixedMissingAsnRef: 0 }
[fareharbor-normalize] asn normalized { normalizedAsnToFhdn: 578, fixedMissingAsnRef: 0 }
[fareharbor-normalize] asn normalized { normalizedAsnToFhdn: 579, fixedMissingAsnRef: 0 }
[fareharbor-normalize] asn normalized { normalizedAsnToFhdn: 580, fixedMissingAsnRef: 0 }
[fareharbor-normalize] asn normalized { normalizedAsnToFhdn: 581, fixedMissingAsnRef: 0 }
[fareharbor-normalize] asn normalized { normalizedAsnToFhdn: 582, fixedMissingAsnRef: 0 }
[fareharbor-normalize] asn normalized { normalizedAsnToFhdn: 583, fixedMissingAsnRef: 0 }
[fareharbor-normalize] asn normalized { normalizedAsnToFhdn: 584, fixedMissingAsnRef: 0 }
[fareharbor-normalize] asn normalized { normalizedAsnToFhdn: 585, fixedMissingAsnRef: 0 }
[fareharbor-normalize] asn normalized { normalizedAsnToFhdn: 586, fixedMissingAsnRef: 0 }
[fareharbor-normalize] asn normalized { normalizedAsnToFhdn: 587, fixedMissingAsnRef: 0 }
[fareharbor-normalize] asn normalized { normalizedAsnToFhdn: 588, fixedMissingAsnRef: 0 }
[fareharbor-normalize] asn normalized { normalizedAsnToFhdn: 589, fixedMissingAsnRef: 0 }
[fareharbor-normalize] asn normalized { normalizedAsnToFhdn: 590, fixedMissingAsnRef: 0 }
[fareharbor-normalize] asn normalized { normalizedAsnToFhdn: 591, fixedMissingAsnRef: 0 }
[fareharbor-normalize] asn normalized { normalizedAsnToFhdn: 592, fixedMissingAsnRef: 0 }
[fareharbor-normalize] asn normalized { normalizedAsnToFhdn: 593, fixedMissingAsnRef: 0 }
[fareharbor-normalize] asn normalized { normalizedAsnToFhdn: 594, fixedMissingAsnRef: 0 }
[fareharbor-normalize] asn normalized { normalizedAsnToFhdn: 595, fixedMissingAsnRef: 0 }
[fareharbor-normalize] asn normalized { normalizedAsnToFhdn: 596, fixedMissingAsnRef: 0 }
[fareharbor-normalize] asn normalized { normalizedAsnToFhdn: 597, fixedMissingAsnRef: 0 }
[fareharbor-normalize] asn normalized { normalizedAsnToFhdn: 598, fixedMissingAsnRef: 0 }
[fareharbor-normalize] asn normalized { normalizedAsnToFhdn: 599, fixedMissingAsnRef: 0 }
[fareharbor-normalize] asn normalized { normalizedAsnToFhdn: 600, fixedMissingAsnRef: 0 }
[fareharbor-normalize] asn normalized { normalizedAsnToFhdn: 601, fixedMissingAsnRef: 0 }
[fareharbor-normalize] asn normalized { normalizedAsnToFhdn: 602, fixedMissingAsnRef: 0 }
[fareharbor-normalize] asn normalized { normalizedAsnToFhdn: 603, fixedMissingAsnRef: 0 }
[fareharbor-normalize] asn normalized { normalizedAsnToFhdn: 604, fixedMissingAsnRef: 0 }
[fareharbor-normalize] asn normalized { normalizedAsnToFhdn: 605, fixedMissingAsnRef: 0 }
[fareharbor-normalize] asn normalized { normalizedAsnToFhdn: 606, fixedMissingAsnRef: 0 }
[fareharbor-normalize] asn normalized { normalizedAsnToFhdn: 607, fixedMissingAsnRef: 0 }
[fareharbor-normalize] asn normalized { normalizedAsnToFhdn: 608, fixedMissingAsnRef: 0 }
[fareharbor-normalize] asn normalized { normalizedAsnToFhdn: 609, fixedMissingAsnRef: 0 }
[fareharbor-normalize] asn normalized { normalizedAsnToFhdn: 610, fixedMissingAsnRef: 0 }
[fareharbor-normalize] asn normalized { normalizedAsnToFhdn: 611, fixedMissingAsnRef: 0 }
[fareharbor-normalize] asn normalized { normalizedAsnToFhdn: 612, fixedMissingAsnRef: 0 }
[fareharbor-normalize] asn normalized { normalizedAsnToFhdn: 613, fixedMissingAsnRef: 0 }
[fareharbor-normalize] asn normalized { normalizedAsnToFhdn: 614, fixedMissingAsnRef: 0 }
[fareharbor-normalize] asn normalized { normalizedAsnToFhdn: 615, fixedMissingAsnRef: 0 }
[fareharbor-normalize] asn normalized { normalizedAsnToFhdn: 616, fixedMissingAsnRef: 0 }
[fareharbor-normalize] asn normalized { normalizedAsnToFhdn: 617, fixedMissingAsnRef: 0 }
[fareharbor-normalize] asn normalized { normalizedAsnToFhdn: 618, fixedMissingAsnRef: 0 }
[fareharbor-normalize] asn normalized { normalizedAsnToFhdn: 619, fixedMissingAsnRef: 0 }
[fareharbor-normalize] asn normalized { normalizedAsnToFhdn: 620, fixedMissingAsnRef: 0 }
[fareharbor-normalize] asn normalized { normalizedAsnToFhdn: 621, fixedMissingAsnRef: 0 }
[fareharbor-normalize] asn normalized { normalizedAsnToFhdn: 622, fixedMissingAsnRef: 0 }
[fareharbor-normalize] asn normalized { normalizedAsnToFhdn: 623, fixedMissingAsnRef: 0 }
[fareharbor-normalize] asn normalized { normalizedAsnToFhdn: 624, fixedMissingAsnRef: 0 }
[fareharbor-normalize] asn normalized { normalizedAsnToFhdn: 625, fixedMissingAsnRef: 0 }
[fareharbor-normalize] asn normalized { normalizedAsnToFhdn: 626, fixedMissingAsnRef: 0 }
[fareharbor-normalize] asn normalized { normalizedAsnToFhdn: 627, fixedMissingAsnRef: 0 }
[fareharbor-normalize] asn normalized { normalizedAsnToFhdn: 628, fixedMissingAsnRef: 0 }
[fareharbor-normalize] asn normalized { normalizedAsnToFhdn: 629, fixedMissingAsnRef: 0 }
[fareharbor-normalize] asn normalized { normalizedAsnToFhdn: 630, fixedMissingAsnRef: 0 }
[fareharbor-normalize] asn normalized { normalizedAsnToFhdn: 631, fixedMissingAsnRef: 0 }
[fareharbor-normalize] asn normalized { normalizedAsnToFhdn: 632, fixedMissingAsnRef: 0 }
[fareharbor-normalize] asn normalized { normalizedAsnToFhdn: 633, fixedMissingAsnRef: 0 }
[fareharbor-normalize] asn normalized { normalizedAsnToFhdn: 634, fixedMissingAsnRef: 0 }
[fareharbor-normalize] asn normalized { normalizedAsnToFhdn: 635, fixedMissingAsnRef: 0 }
[fareharbor-normalize] asn normalized { normalizedAsnToFhdn: 636, fixedMissingAsnRef: 0 }
[fareharbor-normalize] asn normalized { normalizedAsnToFhdn: 637, fixedMissingAsnRef: 0 }
[fareharbor-normalize] asn normalized { normalizedAsnToFhdn: 638, fixedMissingAsnRef: 0 }
[fareharbor-normalize] asn normalized { normalizedAsnToFhdn: 639, fixedMissingAsnRef: 0 }
[fareharbor-normalize] asn normalized { normalizedAsnToFhdn: 640, fixedMissingAsnRef: 0 }
[fareharbor-normalize] asn normalized { normalizedAsnToFhdn: 641, fixedMissingAsnRef: 0 }
[fareharbor-normalize] asn normalized { normalizedAsnToFhdn: 642, fixedMissingAsnRef: 0 }
[fareharbor-normalize] asn normalized { normalizedAsnToFhdn: 643, fixedMissingAsnRef: 0 }
[fareharbor-normalize] asn normalized { normalizedAsnToFhdn: 644, fixedMissingAsnRef: 0 }
[fareharbor-normalize] asn normalized { normalizedAsnToFhdn: 645, fixedMissingAsnRef: 0 }
[fareharbor-normalize] asn normalized { normalizedAsnToFhdn: 646, fixedMissingAsnRef: 0 }
[fareharbor-normalize] asn normalized { normalizedAsnToFhdn: 647, fixedMissingAsnRef: 0 }
[fareharbor-normalize] asn normalized { normalizedAsnToFhdn: 648, fixedMissingAsnRef: 0 }
[fareharbor-normalize] asn normalized { normalizedAsnToFhdn: 649, fixedMissingAsnRef: 0 }
[fareharbor-normalize] asn normalized { normalizedAsnToFhdn: 650, fixedMissingAsnRef: 0 }
[fareharbor-normalize] asn normalized { normalizedAsnToFhdn: 651, fixedMissingAsnRef: 0 }
[fareharbor-normalize] asn normalized { normalizedAsnToFhdn: 652, fixedMissingAsnRef: 0 }
[fareharbor-normalize] asn normalized { normalizedAsnToFhdn: 653, fixedMissingAsnRef: 0 }
[fareharbor-normalize] asn normalized { normalizedAsnToFhdn: 654, fixedMissingAsnRef: 0 }
[fareharbor-normalize] asn normalized { normalizedAsnToFhdn: 655, fixedMissingAsnRef: 0 }
[fareharbor-normalize] asn normalized { normalizedAsnToFhdn: 656, fixedMissingAsnRef: 0 }
[fareharbor-normalize] asn normalized { normalizedAsnToFhdn: 657, fixedMissingAsnRef: 0 }
[fareharbor-normalize] asn normalized { normalizedAsnToFhdn: 658, fixedMissingAsnRef: 0 }
[fareharbor-normalize] asn normalized { normalizedAsnToFhdn: 659, fixedMissingAsnRef: 0 }
[fareharbor-normalize] asn normalized { normalizedAsnToFhdn: 660, fixedMissingAsnRef: 0 }
[fareharbor-normalize] asn normalized { normalizedAsnToFhdn: 661, fixedMissingAsnRef: 0 }
[fareharbor-normalize] asn normalized { normalizedAsnToFhdn: 662, fixedMissingAsnRef: 0 }
[fareharbor-normalize] asn normalized { normalizedAsnToFhdn: 663, fixedMissingAsnRef: 0 }
[fareharbor-normalize] asn normalized { normalizedAsnToFhdn: 664, fixedMissingAsnRef: 0 }
[fareharbor-normalize] asn normalized { normalizedAsnToFhdn: 665, fixedMissingAsnRef: 0 }
[fareharbor-normalize] asn normalized { normalizedAsnToFhdn: 666, fixedMissingAsnRef: 0 }
[fareharbor-normalize] asn normalized { normalizedAsnToFhdn: 667, fixedMissingAsnRef: 0 }
[fareharbor-normalize] asn normalized { normalizedAsnToFhdn: 668, fixedMissingAsnRef: 0 }
[fareharbor-normalize] asn normalized { normalizedAsnToFhdn: 669, fixedMissingAsnRef: 0 }
[fareharbor-normalize] asn normalized { normalizedAsnToFhdn: 670, fixedMissingAsnRef: 0 }
[fareharbor-normalize] asn normalized { normalizedAsnToFhdn: 671, fixedMissingAsnRef: 0 }
[fareharbor-normalize] asn normalized { normalizedAsnToFhdn: 672, fixedMissingAsnRef: 0 }
[fareharbor-normalize] asn normalized { normalizedAsnToFhdn: 673, fixedMissingAsnRef: 0 }
[fareharbor-normalize] asn normalized { normalizedAsnToFhdn: 674, fixedMissingAsnRef: 0 }
[fareharbor-normalize] asn normalized { normalizedAsnToFhdn: 675, fixedMissingAsnRef: 0 }
[fareharbor-normalize] asn normalized { normalizedAsnToFhdn: 676, fixedMissingAsnRef: 0 }
[fareharbor-normalize] asn normalized { normalizedAsnToFhdn: 677, fixedMissingAsnRef: 0 }
[fareharbor-normalize] asn normalized { normalizedAsnToFhdn: 678, fixedMissingAsnRef: 0 }
[fareharbor-normalize] asn normalized { normalizedAsnToFhdn: 679, fixedMissingAsnRef: 0 }
[fareharbor-normalize] asn normalized { normalizedAsnToFhdn: 680, fixedMissingAsnRef: 0 }
[fareharbor-normalize] asn normalized { normalizedAsnToFhdn: 681, fixedMissingAsnRef: 0 }
[fareharbor-normalize] asn normalized { normalizedAsnToFhdn: 682, fixedMissingAsnRef: 0 }
[fareharbor-normalize] asn normalized { normalizedAsnToFhdn: 683, fixedMissingAsnRef: 0 }
[fareharbor-normalize] asn normalized { normalizedAsnToFhdn: 684, fixedMissingAsnRef: 0 }
[fareharbor-normalize] asn normalized { normalizedAsnToFhdn: 685, fixedMissingAsnRef: 0 }
[fareharbor-normalize] asn normalized { normalizedAsnToFhdn: 686, fixedMissingAsnRef: 0 }
[fareharbor-normalize] asn normalized { normalizedAsnToFhdn: 687, fixedMissingAsnRef: 0 }
[fareharbor-normalize] asn normalized { normalizedAsnToFhdn: 688, fixedMissingAsnRef: 0 }
[fareharbor-normalize] asn normalized { normalizedAsnToFhdn: 689, fixedMissingAsnRef: 0 }
[fareharbor-normalize] asn normalized { normalizedAsnToFhdn: 690, fixedMissingAsnRef: 0 }
[fareharbor-normalize] asn normalized { normalizedAsnToFhdn: 691, fixedMissingAsnRef: 0 }
[fareharbor-normalize] asn normalized { normalizedAsnToFhdn: 692, fixedMissingAsnRef: 0 }
[fareharbor-normalize] asn normalized { normalizedAsnToFhdn: 693, fixedMissingAsnRef: 0 }
[fareharbor-normalize] asn normalized { normalizedAsnToFhdn: 694, fixedMissingAsnRef: 0 }
[fareharbor-normalize] asn normalized { normalizedAsnToFhdn: 695, fixedMissingAsnRef: 0 }
[fareharbor-normalize] asn normalized { normalizedAsnToFhdn: 696, fixedMissingAsnRef: 0 }
[fareharbor-normalize] asn normalized { normalizedAsnToFhdn: 697, fixedMissingAsnRef: 0 }
[fareharbor-normalize] asn normalized { normalizedAsnToFhdn: 698, fixedMissingAsnRef: 0 }
[fareharbor-normalize] asn normalized { normalizedAsnToFhdn: 699, fixedMissingAsnRef: 0 }
[fareharbor-normalize] asn normalized { normalizedAsnToFhdn: 700, fixedMissingAsnRef: 0 }
[fareharbor-normalize] asn normalized { normalizedAsnToFhdn: 701, fixedMissingAsnRef: 0 }
[fareharbor-normalize] asn normalized { normalizedAsnToFhdn: 702, fixedMissingAsnRef: 0 }
[fareharbor-normalize] asn normalized { normalizedAsnToFhdn: 703, fixedMissingAsnRef: 0 }
[fareharbor-normalize] asn normalized { normalizedAsnToFhdn: 704, fixedMissingAsnRef: 0 }
[fareharbor-normalize] asn normalized { normalizedAsnToFhdn: 705, fixedMissingAsnRef: 0 }
[fareharbor-normalize] asn normalized { normalizedAsnToFhdn: 706, fixedMissingAsnRef: 0 }
[fareharbor-normalize] asn normalized { normalizedAsnToFhdn: 707, fixedMissingAsnRef: 0 }
[fareharbor-normalize] asn normalized { normalizedAsnToFhdn: 708, fixedMissingAsnRef: 0 }
[fareharbor-normalize] asn normalized { normalizedAsnToFhdn: 709, fixedMissingAsnRef: 0 }
[fareharbor-normalize] asn normalized { normalizedAsnToFhdn: 710, fixedMissingAsnRef: 0 }
[fareharbor-normalize] asn normalized { normalizedAsnToFhdn: 711, fixedMissingAsnRef: 0 }
[fareharbor-normalize] asn normalized { normalizedAsnToFhdn: 712, fixedMissingAsnRef: 0 }
[fareharbor-normalize] asn normalized { normalizedAsnToFhdn: 713, fixedMissingAsnRef: 0 }
[fareharbor-normalize] asn normalized { normalizedAsnToFhdn: 714, fixedMissingAsnRef: 0 }
[fareharbor-normalize] asn normalized { normalizedAsnToFhdn: 715, fixedMissingAsnRef: 0 }
[fareharbor-normalize] asn normalized { normalizedAsnToFhdn: 716, fixedMissingAsnRef: 0 }
[fareharbor-normalize] asn normalized { normalizedAsnToFhdn: 717, fixedMissingAsnRef: 0 }
[fareharbor-normalize] asn normalized { normalizedAsnToFhdn: 718, fixedMissingAsnRef: 0 }
[fareharbor-normalize] asn normalized { normalizedAsnToFhdn: 719, fixedMissingAsnRef: 0 }
[fareharbor-normalize] asn normalized { normalizedAsnToFhdn: 720, fixedMissingAsnRef: 0 }
[fareharbor-normalize] asn normalized { normalizedAsnToFhdn: 721, fixedMissingAsnRef: 0 }
[fareharbor-normalize] asn normalized { normalizedAsnToFhdn: 722, fixedMissingAsnRef: 0 }
[fareharbor-normalize] asn normalized { normalizedAsnToFhdn: 723, fixedMissingAsnRef: 0 }
[fareharbor-normalize] asn normalized { normalizedAsnToFhdn: 724, fixedMissingAsnRef: 0 }
[fareharbor-normalize] asn normalized { normalizedAsnToFhdn: 725, fixedMissingAsnRef: 0 }
[fareharbor-normalize] asn normalized { normalizedAsnToFhdn: 726, fixedMissingAsnRef: 0 }
[fareharbor-normalize] asn normalized { normalizedAsnToFhdn: 727, fixedMissingAsnRef: 0 }
[fareharbor-normalize] asn normalized { normalizedAsnToFhdn: 728, fixedMissingAsnRef: 0 }
[fareharbor-normalize] asn normalized { normalizedAsnToFhdn: 729, fixedMissingAsnRef: 0 }
[fareharbor-normalize] asn normalized { normalizedAsnToFhdn: 730, fixedMissingAsnRef: 0 }
[fareharbor-normalize] asn normalized { normalizedAsnToFhdn: 731, fixedMissingAsnRef: 0 }
[fareharbor-normalize] asn normalized { normalizedAsnToFhdn: 732, fixedMissingAsnRef: 0 }
[fareharbor-normalize] asn normalized { normalizedAsnToFhdn: 733, fixedMissingAsnRef: 0 }
[fareharbor-normalize] asn normalized { normalizedAsnToFhdn: 734, fixedMissingAsnRef: 0 }
[fareharbor-normalize] asn normalized { normalizedAsnToFhdn: 735, fixedMissingAsnRef: 0 }
[fareharbor-normalize] asn normalized { normalizedAsnToFhdn: 736, fixedMissingAsnRef: 0 }
[fareharbor-normalize] asn normalized { normalizedAsnToFhdn: 737, fixedMissingAsnRef: 0 }
[fareharbor-normalize] asn normalized { normalizedAsnToFhdn: 738, fixedMissingAsnRef: 0 }
[fareharbor-normalize] asn normalized { normalizedAsnToFhdn: 739, fixedMissingAsnRef: 0 }
[fareharbor-normalize] asn normalized { normalizedAsnToFhdn: 740, fixedMissingAsnRef: 0 }
[fareharbor-normalize] asn normalized { normalizedAsnToFhdn: 741, fixedMissingAsnRef: 0 }
[fareharbor-normalize] asn normalized { normalizedAsnToFhdn: 742, fixedMissingAsnRef: 0 }
[fareharbor-normalize] asn normalized { normalizedAsnToFhdn: 743, fixedMissingAsnRef: 0 }
[fareharbor-normalize] asn normalized { normalizedAsnToFhdn: 744, fixedMissingAsnRef: 0 }
[fareharbor-normalize] asn normalized { normalizedAsnToFhdn: 745, fixedMissingAsnRef: 0 }
[fareharbor-normalize] asn normalized { normalizedAsnToFhdn: 746, fixedMissingAsnRef: 0 }
[fareharbor-normalize] asn normalized { normalizedAsnToFhdn: 747, fixedMissingAsnRef: 0 }
[fareharbor-normalize] asn normalized { normalizedAsnToFhdn: 748, fixedMissingAsnRef: 0 }
[fareharbor-normalize] asn normalized { normalizedAsnToFhdn: 749, fixedMissingAsnRef: 0 }
[fareharbor-normalize] asn normalized { normalizedAsnToFhdn: 750, fixedMissingAsnRef: 0 }
[fareharbor-normalize] asn normalized { normalizedAsnToFhdn: 751, fixedMissingAsnRef: 0 }
[fareharbor-normalize] asn normalized { normalizedAsnToFhdn: 752, fixedMissingAsnRef: 0 }
[fareharbor-normalize] asn normalized { normalizedAsnToFhdn: 753, fixedMissingAsnRef: 0 }
[fareharbor-normalize] asn normalized { normalizedAsnToFhdn: 754, fixedMissingAsnRef: 0 }
[fareharbor-normalize] asn normalized { normalizedAsnToFhdn: 755, fixedMissingAsnRef: 0 }
[fareharbor-normalize] asn normalized { normalizedAsnToFhdn: 756, fixedMissingAsnRef: 0 }
[fareharbor-normalize] asn normalized { normalizedAsnToFhdn: 757, fixedMissingAsnRef: 0 }
[fareharbor-normalize] asn normalized { normalizedAsnToFhdn: 758, fixedMissingAsnRef: 0 }
[fareharbor-normalize] asn normalized { normalizedAsnToFhdn: 759, fixedMissingAsnRef: 0 }
[fareharbor-normalize] asn normalized { normalizedAsnToFhdn: 760, fixedMissingAsnRef: 0 }
[fareharbor-normalize] asn normalized { normalizedAsnToFhdn: 761, fixedMissingAsnRef: 0 }
[fareharbor-normalize] asn normalized { normalizedAsnToFhdn: 762, fixedMissingAsnRef: 0 }
[fareharbor-normalize] asn normalized { normalizedAsnToFhdn: 763, fixedMissingAsnRef: 0 }
[fareharbor-normalize] asn normalized { normalizedAsnToFhdn: 764, fixedMissingAsnRef: 0 }
[fareharbor-normalize] asn normalized { normalizedAsnToFhdn: 765, fixedMissingAsnRef: 0 }
[fareharbor-normalize] asn normalized { normalizedAsnToFhdn: 766, fixedMissingAsnRef: 0 }
[fareharbor-normalize] asn normalized { normalizedAsnToFhdn: 767, fixedMissingAsnRef: 0 }
[fareharbor-normalize] asn normalized { normalizedAsnToFhdn: 768, fixedMissingAsnRef: 0 }
[fareharbor-normalize] asn normalized { normalizedAsnToFhdn: 769, fixedMissingAsnRef: 0 }
[fareharbor-normalize] asn normalized { normalizedAsnToFhdn: 770, fixedMissingAsnRef: 0 }
[fareharbor-normalize] asn normalized { normalizedAsnToFhdn: 771, fixedMissingAsnRef: 0 }
[fareharbor-normalize] asn normalized { normalizedAsnToFhdn: 772, fixedMissingAsnRef: 0 }
[fareharbor-normalize] asn normalized { normalizedAsnToFhdn: 773, fixedMissingAsnRef: 0 }
[fareharbor-normalize] asn normalized { normalizedAsnToFhdn: 774, fixedMissingAsnRef: 0 }
[fareharbor-normalize] asn normalized { normalizedAsnToFhdn: 775, fixedMissingAsnRef: 0 }
[fareharbor-normalize] asn normalized { normalizedAsnToFhdn: 776, fixedMissingAsnRef: 0 }
[fareharbor-normalize] asn normalized { normalizedAsnToFhdn: 777, fixedMissingAsnRef: 0 }
[fareharbor-normalize] asn normalized { normalizedAsnToFhdn: 778, fixedMissingAsnRef: 0 }
[fareharbor-normalize] asn normalized { normalizedAsnToFhdn: 779, fixedMissingAsnRef: 0 }
[fareharbor-normalize] asn normalized { normalizedAsnToFhdn: 780, fixedMissingAsnRef: 0 }
[fareharbor-normalize] asn normalized { normalizedAsnToFhdn: 781, fixedMissingAsnRef: 0 }
[fareharbor-normalize] asn normalized { normalizedAsnToFhdn: 782, fixedMissingAsnRef: 0 }
[fareharbor-normalize] asn normalized { normalizedAsnToFhdn: 783, fixedMissingAsnRef: 0 }
[fareharbor-normalize] asn normalized { normalizedAsnToFhdn: 784, fixedMissingAsnRef: 0 }
[fareharbor-normalize] asn normalized { normalizedAsnToFhdn: 785, fixedMissingAsnRef: 0 }
[fareharbor-normalize] asn normalized { normalizedAsnToFhdn: 786, fixedMissingAsnRef: 0 }
[fareharbor-normalize] asn normalized { normalizedAsnToFhdn: 787, fixedMissingAsnRef: 0 }
[fareharbor-normalize] asn normalized { normalizedAsnToFhdn: 788, fixedMissingAsnRef: 0 }
[fareharbor-normalize] asn normalized { normalizedAsnToFhdn: 789, fixedMissingAsnRef: 0 }
[fareharbor-normalize] asn normalized { normalizedAsnToFhdn: 790, fixedMissingAsnRef: 0 }
[fareharbor-normalize] asn normalized { normalizedAsnToFhdn: 791, fixedMissingAsnRef: 0 }
[fareharbor-normalize] asn normalized { normalizedAsnToFhdn: 792, fixedMissingAsnRef: 0 }
[fareharbor-normalize] asn normalized { normalizedAsnToFhdn: 793, fixedMissingAsnRef: 0 }
[fareharbor-normalize] asn normalized { normalizedAsnToFhdn: 794, fixedMissingAsnRef: 0 }
[fareharbor-normalize] asn normalized { normalizedAsnToFhdn: 795, fixedMissingAsnRef: 0 }
[fareharbor-normalize] asn normalized { normalizedAsnToFhdn: 796, fixedMissingAsnRef: 0 }
[fareharbor-normalize] asn normalized { normalizedAsnToFhdn: 797, fixedMissingAsnRef: 0 }
[fareharbor-normalize] asn normalized { normalizedAsnToFhdn: 798, fixedMissingAsnRef: 0 }
[fareharbor-normalize] asn normalized { normalizedAsnToFhdn: 799, fixedMissingAsnRef: 0 }
[fareharbor-normalize] asn normalized { normalizedAsnToFhdn: 800, fixedMissingAsnRef: 0 }
[fareharbor-normalize] asn normalized { normalizedAsnToFhdn: 801, fixedMissingAsnRef: 0 }
[fareharbor-normalize] asn normalized { normalizedAsnToFhdn: 802, fixedMissingAsnRef: 0 }
[fareharbor-normalize] asn normalized { normalizedAsnToFhdn: 803, fixedMissingAsnRef: 0 }
[fareharbor-normalize] asn normalized { normalizedAsnToFhdn: 804, fixedMissingAsnRef: 0 }
[fareharbor-normalize] asn normalized { normalizedAsnToFhdn: 805, fixedMissingAsnRef: 0 }
[fareharbor-normalize] asn normalized { normalizedAsnToFhdn: 806, fixedMissingAsnRef: 0 }
[fareharbor-normalize] asn normalized { normalizedAsnToFhdn: 807, fixedMissingAsnRef: 0 }
[fareharbor-normalize] asn normalized { normalizedAsnToFhdn: 808, fixedMissingAsnRef: 0 }
[fareharbor-normalize] asn normalized { normalizedAsnToFhdn: 809, fixedMissingAsnRef: 0 }
[fareharbor-normalize] asn normalized { normalizedAsnToFhdn: 810, fixedMissingAsnRef: 0 }
[fareharbor-normalize] asn normalized { normalizedAsnToFhdn: 811, fixedMissingAsnRef: 0 }
[fareharbor-normalize] asn normalized { normalizedAsnToFhdn: 812, fixedMissingAsnRef: 0 }
[fareharbor-normalize] asn normalized { normalizedAsnToFhdn: 813, fixedMissingAsnRef: 0 }
[fareharbor-normalize] asn normalized { normalizedAsnToFhdn: 814, fixedMissingAsnRef: 0 }
[fareharbor-normalize] asn normalized { normalizedAsnToFhdn: 815, fixedMissingAsnRef: 0 }
[fareharbor-normalize] asn normalized { normalizedAsnToFhdn: 816, fixedMissingAsnRef: 0 }
[fareharbor-normalize] asn normalized { normalizedAsnToFhdn: 817, fixedMissingAsnRef: 0 }
[fareharbor-normalize] asn normalized { normalizedAsnToFhdn: 818, fixedMissingAsnRef: 0 }
[fareharbor-normalize] asn normalized { normalizedAsnToFhdn: 819, fixedMissingAsnRef: 0 }
[fareharbor-normalize] asn normalized { normalizedAsnToFhdn: 820, fixedMissingAsnRef: 0 }
[fareharbor-normalize] asn normalized { normalizedAsnToFhdn: 821, fixedMissingAsnRef: 0 }
[fareharbor-normalize] asn normalized { normalizedAsnToFhdn: 822, fixedMissingAsnRef: 0 }
[fareharbor-normalize] asn normalized { normalizedAsnToFhdn: 823, fixedMissingAsnRef: 0 }
[fareharbor-normalize] asn normalized { normalizedAsnToFhdn: 824, fixedMissingAsnRef: 0 }
[fareharbor-normalize] asn normalized { normalizedAsnToFhdn: 825, fixedMissingAsnRef: 0 }
[fareharbor-normalize] asn normalized { normalizedAsnToFhdn: 826, fixedMissingAsnRef: 0 }
[fareharbor-normalize] asn normalized { normalizedAsnToFhdn: 827, fixedMissingAsnRef: 0 }
[fareharbor-normalize] asn normalized { normalizedAsnToFhdn: 828, fixedMissingAsnRef: 0 }
[fareharbor-normalize] asn normalized { normalizedAsnToFhdn: 829, fixedMissingAsnRef: 0 }
[fareharbor-normalize] asn normalized { normalizedAsnToFhdn: 830, fixedMissingAsnRef: 0 }
[fareharbor-normalize] asn normalized { normalizedAsnToFhdn: 831, fixedMissingAsnRef: 0 }
[fareharbor-normalize] asn normalized { normalizedAsnToFhdn: 832, fixedMissingAsnRef: 0 }
[fareharbor-normalize] asn normalized { normalizedAsnToFhdn: 833, fixedMissingAsnRef: 0 }
[fareharbor-normalize] asn normalized { normalizedAsnToFhdn: 834, fixedMissingAsnRef: 0 }
[fareharbor-normalize] asn normalized { normalizedAsnToFhdn: 835, fixedMissingAsnRef: 0 }
[fareharbor-normalize] asn normalized { normalizedAsnToFhdn: 836, fixedMissingAsnRef: 0 }
[fareharbor-normalize] asn normalized { normalizedAsnToFhdn: 837, fixedMissingAsnRef: 0 }
[fareharbor-normalize] asn normalized { normalizedAsnToFhdn: 838, fixedMissingAsnRef: 0 }
[fareharbor-normalize] asn normalized { normalizedAsnToFhdn: 839, fixedMissingAsnRef: 0 }
[fareharbor-normalize] asn normalized { normalizedAsnToFhdn: 840, fixedMissingAsnRef: 0 }
[fareharbor-normalize] asn normalized { normalizedAsnToFhdn: 841, fixedMissingAsnRef: 0 }
[fareharbor-normalize] asn normalized { normalizedAsnToFhdn: 842, fixedMissingAsnRef: 0 }
[fareharbor-normalize] asn normalized { normalizedAsnToFhdn: 843, fixedMissingAsnRef: 0 }
[fareharbor-normalize] asn normalized { normalizedAsnToFhdn: 844, fixedMissingAsnRef: 0 }
[fareharbor-normalize] asn normalized { normalizedAsnToFhdn: 845, fixedMissingAsnRef: 0 }
[fareharbor-normalize] asn normalized { normalizedAsnToFhdn: 846, fixedMissingAsnRef: 0 }
[fareharbor-normalize] asn normalized { normalizedAsnToFhdn: 847, fixedMissingAsnRef: 0 }
[fareharbor-normalize] asn normalized { normalizedAsnToFhdn: 848, fixedMissingAsnRef: 0 }
[fareharbor-normalize] asn normalized { normalizedAsnToFhdn: 849, fixedMissingAsnRef: 0 }
[fareharbor-normalize] asn normalized { normalizedAsnToFhdn: 850, fixedMissingAsnRef: 0 }
[fareharbor-normalize] asn normalized { normalizedAsnToFhdn: 851, fixedMissingAsnRef: 0 }
[fareharbor-normalize] asn normalized { normalizedAsnToFhdn: 852, fixedMissingAsnRef: 0 }
[fareharbor-normalize] asn normalized { normalizedAsnToFhdn: 853, fixedMissingAsnRef: 0 }
[fareharbor-normalize] asn normalized { normalizedAsnToFhdn: 854, fixedMissingAsnRef: 0 }
[fareharbor-normalize] asn normalized { normalizedAsnToFhdn: 855, fixedMissingAsnRef: 0 }
[fareharbor-normalize] asn normalized { normalizedAsnToFhdn: 856, fixedMissingAsnRef: 0 }
[fareharbor-normalize] asn normalized { normalizedAsnToFhdn: 857, fixedMissingAsnRef: 0 }
[fareharbor-normalize] asn normalized { normalizedAsnToFhdn: 858, fixedMissingAsnRef: 0 }
[fareharbor-normalize] asn normalized { normalizedAsnToFhdn: 859, fixedMissingAsnRef: 0 }
[fareharbor-normalize] asn normalized { normalizedAsnToFhdn: 860, fixedMissingAsnRef: 0 }
[fareharbor-normalize] asn normalized { normalizedAsnToFhdn: 861, fixedMissingAsnRef: 0 }
[fareharbor-normalize] asn normalized { normalizedAsnToFhdn: 862, fixedMissingAsnRef: 0 }
[fareharbor-normalize] asn normalized { normalizedAsnToFhdn: 863, fixedMissingAsnRef: 0 }
[fareharbor-normalize] asn normalized { normalizedAsnToFhdn: 864, fixedMissingAsnRef: 0 }
[fareharbor-normalize] asn normalized { normalizedAsnToFhdn: 865, fixedMissingAsnRef: 0 }
[fareharbor-normalize] asn normalized { normalizedAsnToFhdn: 866, fixedMissingAsnRef: 0 }
[fareharbor-normalize] asn normalized { normalizedAsnToFhdn: 867, fixedMissingAsnRef: 0 }
[fareharbor-normalize] asn normalized { normalizedAsnToFhdn: 868, fixedMissingAsnRef: 0 }
[fareharbor-normalize] asn normalized { normalizedAsnToFhdn: 869, fixedMissingAsnRef: 0 }
[fareharbor-normalize] asn normalized { normalizedAsnToFhdn: 870, fixedMissingAsnRef: 0 }
[fareharbor-normalize] asn normalized { normalizedAsnToFhdn: 871, fixedMissingAsnRef: 0 }
[fareharbor-normalize] asn normalized { normalizedAsnToFhdn: 872, fixedMissingAsnRef: 0 }
[fareharbor-normalize] asn normalized { normalizedAsnToFhdn: 873, fixedMissingAsnRef: 0 }
[fareharbor-normalize] asn normalized { normalizedAsnToFhdn: 874, fixedMissingAsnRef: 0 }
[fareharbor-normalize] asn normalized { normalizedAsnToFhdn: 875, fixedMissingAsnRef: 0 }
[fareharbor-normalize] asn normalized { normalizedAsnToFhdn: 876, fixedMissingAsnRef: 0 }
[fareharbor-normalize] asn normalized { normalizedAsnToFhdn: 877, fixedMissingAsnRef: 0 }
[fareharbor-normalize] asn normalized { normalizedAsnToFhdn: 878, fixedMissingAsnRef: 0 }
[fareharbor-normalize] asn normalized { normalizedAsnToFhdn: 879, fixedMissingAsnRef: 0 }
[fareharbor-normalize] asn normalized { normalizedAsnToFhdn: 880, fixedMissingAsnRef: 0 }
[fareharbor-normalize] asn normalized { normalizedAsnToFhdn: 881, fixedMissingAsnRef: 0 }
[fareharbor-normalize] asn normalized { normalizedAsnToFhdn: 882, fixedMissingAsnRef: 0 }
[fareharbor-normalize] asn normalized { normalizedAsnToFhdn: 883, fixedMissingAsnRef: 0 }
[fareharbor-normalize] asn normalized { normalizedAsnToFhdn: 884, fixedMissingAsnRef: 0 }
[fareharbor-normalize] asn normalized { normalizedAsnToFhdn: 885, fixedMissingAsnRef: 0 }
[fareharbor-normalize] asn normalized { normalizedAsnToFhdn: 886, fixedMissingAsnRef: 0 }
[fareharbor-normalize] asn normalized { normalizedAsnToFhdn: 887, fixedMissingAsnRef: 0 }
[fareharbor-normalize] asn normalized { normalizedAsnToFhdn: 888, fixedMissingAsnRef: 0 }
[fareharbor-normalize] asn normalized { normalizedAsnToFhdn: 889, fixedMissingAsnRef: 0 }
[fareharbor-normalize] asn normalized { normalizedAsnToFhdn: 890, fixedMissingAsnRef: 0 }
[fareharbor-normalize] asn normalized { normalizedAsnToFhdn: 891, fixedMissingAsnRef: 0 }
[fareharbor-normalize] asn normalized { normalizedAsnToFhdn: 892, fixedMissingAsnRef: 0 }
[fareharbor-normalize] asn normalized { normalizedAsnToFhdn: 893, fixedMissingAsnRef: 0 }
[fareharbor-normalize] asn normalized { normalizedAsnToFhdn: 894, fixedMissingAsnRef: 0 }
[fareharbor-normalize] asn normalized { normalizedAsnToFhdn: 895, fixedMissingAsnRef: 0 }
[fareharbor-normalize] asn normalized { normalizedAsnToFhdn: 896, fixedMissingAsnRef: 0 }
[fareharbor-normalize] asn normalized { normalizedAsnToFhdn: 897, fixedMissingAsnRef: 0 }
[fareharbor-normalize] asn normalized { normalizedAsnToFhdn: 898, fixedMissingAsnRef: 0 }
[fareharbor-normalize] asn normalized { normalizedAsnToFhdn: 899, fixedMissingAsnRef: 0 }
[fareharbor-normalize] asn normalized { normalizedAsnToFhdn: 900, fixedMissingAsnRef: 0 }
[fareharbor-normalize] asn normalized { normalizedAsnToFhdn: 901, fixedMissingAsnRef: 0 }
[fareharbor-normalize] asn normalized { normalizedAsnToFhdn: 902, fixedMissingAsnRef: 0 }
[fareharbor-normalize] asn normalized { normalizedAsnToFhdn: 903, fixedMissingAsnRef: 0 }
[fareharbor-normalize] asn normalized { normalizedAsnToFhdn: 904, fixedMissingAsnRef: 0 }
[fareharbor-normalize] asn normalized { normalizedAsnToFhdn: 905, fixedMissingAsnRef: 0 }
[fareharbor-normalize] asn normalized { normalizedAsnToFhdn: 906, fixedMissingAsnRef: 0 }
[fareharbor-normalize] asn normalized { normalizedAsnToFhdn: 907, fixedMissingAsnRef: 0 }
[fareharbor-normalize] asn normalized { normalizedAsnToFhdn: 908, fixedMissingAsnRef: 0 }
[fareharbor-normalize] asn normalized { normalizedAsnToFhdn: 909, fixedMissingAsnRef: 0 }
[fareharbor-normalize] asn normalized { normalizedAsnToFhdn: 910, fixedMissingAsnRef: 0 }
[fareharbor-normalize] asn normalized { normalizedAsnToFhdn: 911, fixedMissingAsnRef: 0 }
[fareharbor-normalize] asn normalized { normalizedAsnToFhdn: 912, fixedMissingAsnRef: 0 }
[fareharbor-normalize] asn normalized { normalizedAsnToFhdn: 913, fixedMissingAsnRef: 0 }
[fareharbor-normalize] asn normalized { normalizedAsnToFhdn: 914, fixedMissingAsnRef: 0 }
[fareharbor-normalize] asn normalized { normalizedAsnToFhdn: 915, fixedMissingAsnRef: 0 }
[fareharbor-normalize] asn normalized { normalizedAsnToFhdn: 916, fixedMissingAsnRef: 0 }
[fareharbor-normalize] asn normalized { normalizedAsnToFhdn: 917, fixedMissingAsnRef: 0 }
[fareharbor-normalize] asn normalized { normalizedAsnToFhdn: 918, fixedMissingAsnRef: 0 }
[fareharbor-normalize] asn normalized { normalizedAsnToFhdn: 919, fixedMissingAsnRef: 0 }
[fareharbor-normalize] asn normalized { normalizedAsnToFhdn: 920, fixedMissingAsnRef: 0 }
[fareharbor-normalize] asn normalized { normalizedAsnToFhdn: 921, fixedMissingAsnRef: 0 }
[fareharbor-normalize] asn normalized { normalizedAsnToFhdn: 922, fixedMissingAsnRef: 0 }
[fareharbor-normalize] asn normalized { normalizedAsnToFhdn: 923, fixedMissingAsnRef: 0 }
[fareharbor-normalize] asn normalized { normalizedAsnToFhdn: 924, fixedMissingAsnRef: 0 }
[fareharbor-normalize] asn normalized { normalizedAsnToFhdn: 925, fixedMissingAsnRef: 0 }
[fareharbor-normalize] asn normalized { normalizedAsnToFhdn: 926, fixedMissingAsnRef: 0 }
[fareharbor-normalize] asn normalized { normalizedAsnToFhdn: 927, fixedMissingAsnRef: 0 }
[fareharbor-normalize] asn normalized { normalizedAsnToFhdn: 928, fixedMissingAsnRef: 0 }
[fareharbor-normalize] asn normalized { normalizedAsnToFhdn: 929, fixedMissingAsnRef: 0 }
[fareharbor-normalize] asn normalized { normalizedAsnToFhdn: 930, fixedMissingAsnRef: 0 }
[fareharbor-normalize] asn normalized { normalizedAsnToFhdn: 931, fixedMissingAsnRef: 0 }
[fareharbor-normalize] asn normalized { normalizedAsnToFhdn: 932, fixedMissingAsnRef: 0 }
[fareharbor-normalize] asn normalized { normalizedAsnToFhdn: 933, fixedMissingAsnRef: 0 }
[fareharbor-normalize] asn normalized { normalizedAsnToFhdn: 934, fixedMissingAsnRef: 0 }
[fareharbor-normalize] asn normalized { normalizedAsnToFhdn: 935, fixedMissingAsnRef: 0 }
[fareharbor-normalize] asn normalized { normalizedAsnToFhdn: 936, fixedMissingAsnRef: 0 }
[fareharbor-normalize] asn normalized { normalizedAsnToFhdn: 937, fixedMissingAsnRef: 0 }
[fareharbor-normalize] asn normalized { normalizedAsnToFhdn: 938, fixedMissingAsnRef: 0 }
[fareharbor-normalize] asn normalized { normalizedAsnToFhdn: 939, fixedMissingAsnRef: 0 }
[fareharbor-normalize] asn normalized { normalizedAsnToFhdn: 940, fixedMissingAsnRef: 0 }
[fareharbor-normalize] asn normalized { normalizedAsnToFhdn: 941, fixedMissingAsnRef: 0 }
[fareharbor-normalize] asn normalized { normalizedAsnToFhdn: 942, fixedMissingAsnRef: 0 }
[fareharbor-normalize] asn normalized { normalizedAsnToFhdn: 943, fixedMissingAsnRef: 0 }
[fareharbor-normalize] asn normalized { normalizedAsnToFhdn: 944, fixedMissingAsnRef: 0 }
[fareharbor-normalize] asn normalized { normalizedAsnToFhdn: 945, fixedMissingAsnRef: 0 }
[fareharbor-normalize] asn normalized { normalizedAsnToFhdn: 946, fixedMissingAsnRef: 0 }
[fareharbor-normalize] asn normalized { normalizedAsnToFhdn: 947, fixedMissingAsnRef: 0 }
[fareharbor-normalize] asn normalized { normalizedAsnToFhdn: 948, fixedMissingAsnRef: 0 }
[fareharbor-normalize] asn normalized { normalizedAsnToFhdn: 949, fixedMissingAsnRef: 0 }
[fareharbor-normalize] asn normalized { normalizedAsnToFhdn: 950, fixedMissingAsnRef: 0 }
[fareharbor-normalize] asn normalized { normalizedAsnToFhdn: 951, fixedMissingAsnRef: 0 }
[fareharbor-normalize] asn normalized { normalizedAsnToFhdn: 952, fixedMissingAsnRef: 0 }
[fareharbor-normalize] asn normalized { normalizedAsnToFhdn: 953, fixedMissingAsnRef: 0 }
[fareharbor-normalize] asn normalized { normalizedAsnToFhdn: 954, fixedMissingAsnRef: 0 }
[fareharbor-normalize] asn normalized { normalizedAsnToFhdn: 955, fixedMissingAsnRef: 0 }
[fareharbor-normalize] asn normalized { normalizedAsnToFhdn: 956, fixedMissingAsnRef: 0 }
[fareharbor-normalize] asn normalized { normalizedAsnToFhdn: 957, fixedMissingAsnRef: 0 }
[fareharbor-normalize] asn normalized { normalizedAsnToFhdn: 958, fixedMissingAsnRef: 0 }
[fareharbor-normalize] asn normalized { normalizedAsnToFhdn: 959, fixedMissingAsnRef: 0 }
[fareharbor-normalize] asn normalized { normalizedAsnToFhdn: 960, fixedMissingAsnRef: 0 }
[fareharbor-normalize] asn normalized { normalizedAsnToFhdn: 961, fixedMissingAsnRef: 0 }
[fareharbor-normalize] asn normalized { normalizedAsnToFhdn: 962, fixedMissingAsnRef: 0 }
[fareharbor-normalize] asn normalized { normalizedAsnToFhdn: 963, fixedMissingAsnRef: 0 }
[fareharbor-normalize] asn normalized { normalizedAsnToFhdn: 964, fixedMissingAsnRef: 0 }
[fareharbor-normalize] asn normalized { normalizedAsnToFhdn: 965, fixedMissingAsnRef: 0 }
[fareharbor-normalize] asn normalized { normalizedAsnToFhdn: 966, fixedMissingAsnRef: 0 }
[fareharbor-normalize] asn normalized { normalizedAsnToFhdn: 967, fixedMissingAsnRef: 0 }
[fareharbor-normalize] asn normalized { normalizedAsnToFhdn: 968, fixedMissingAsnRef: 0 }
[fareharbor-normalize] asn normalized { normalizedAsnToFhdn: 969, fixedMissingAsnRef: 0 }
[fareharbor-normalize] asn normalized { normalizedAsnToFhdn: 970, fixedMissingAsnRef: 0 }
[fareharbor-normalize] asn normalized { normalizedAsnToFhdn: 971, fixedMissingAsnRef: 0 }
[fareharbor-normalize] asn normalized { normalizedAsnToFhdn: 972, fixedMissingAsnRef: 0 }
[fareharbor-normalize] asn normalized { normalizedAsnToFhdn: 973, fixedMissingAsnRef: 0 }
[fareharbor-normalize] asn normalized { normalizedAsnToFhdn: 974, fixedMissingAsnRef: 0 }
[fareharbor-normalize] asn normalized { normalizedAsnToFhdn: 975, fixedMissingAsnRef: 0 }
[fareharbor-normalize] asn normalized { normalizedAsnToFhdn: 976, fixedMissingAsnRef: 0 }
[fareharbor-normalize] asn normalized { normalizedAsnToFhdn: 977, fixedMissingAsnRef: 0 }
[fareharbor-normalize] asn normalized { normalizedAsnToFhdn: 978, fixedMissingAsnRef: 0 }
[fareharbor-normalize] asn normalized { normalizedAsnToFhdn: 979, fixedMissingAsnRef: 0 }
[fareharbor-normalize] asn normalized { normalizedAsnToFhdn: 980, fixedMissingAsnRef: 0 }
[fareharbor-normalize] asn normalized { normalizedAsnToFhdn: 981, fixedMissingAsnRef: 0 }
[fareharbor-normalize] asn normalized { normalizedAsnToFhdn: 982, fixedMissingAsnRef: 0 }
[fareharbor-normalize] asn normalized { normalizedAsnToFhdn: 983, fixedMissingAsnRef: 0 }
[fareharbor-normalize] asn normalized { normalizedAsnToFhdn: 984, fixedMissingAsnRef: 0 }
[fareharbor-normalize] asn normalized { normalizedAsnToFhdn: 985, fixedMissingAsnRef: 0 }
[fareharbor-normalize] asn normalized { normalizedAsnToFhdn: 986, fixedMissingAsnRef: 0 }
[fareharbor-normalize] asn normalized { normalizedAsnToFhdn: 987, fixedMissingAsnRef: 0 }
[fareharbor-normalize] asn normalized { normalizedAsnToFhdn: 988, fixedMissingAsnRef: 0 }
[fareharbor-normalize] asn normalized { normalizedAsnToFhdn: 989, fixedMissingAsnRef: 0 }
[fareharbor-normalize] asn normalized { normalizedAsnToFhdn: 990, fixedMissingAsnRef: 0 }
[fareharbor-normalize] asn normalized { normalizedAsnToFhdn: 991, fixedMissingAsnRef: 0 }
[fareharbor-normalize] asn normalized { normalizedAsnToFhdn: 992, fixedMissingAsnRef: 0 }
[fareharbor-normalize] asn normalized { normalizedAsnToFhdn: 993, fixedMissingAsnRef: 0 }
[fareharbor-normalize] asn normalized { normalizedAsnToFhdn: 994, fixedMissingAsnRef: 0 }
[fareharbor-normalize] asn normalized { normalizedAsnToFhdn: 995, fixedMissingAsnRef: 0 }
[fareharbor-normalize] asn normalized { normalizedAsnToFhdn: 996, fixedMissingAsnRef: 0 }
[fareharbor-normalize] asn normalized { normalizedAsnToFhdn: 997, fixedMissingAsnRef: 0 }
[fareharbor-normalize] asn normalized { normalizedAsnToFhdn: 998, fixedMissingAsnRef: 0 }
[fareharbor-normalize] asn normalized { normalizedAsnToFhdn: 999, fixedMissingAsnRef: 0 }
[fareharbor-normalize] asn normalized { normalizedAsnToFhdn: 1000, fixedMissingAsnRef: 0 }
[fareharbor-normalize] asn normalized { normalizedAsnToFhdn: 1001, fixedMissingAsnRef: 0 }
[fareharbor-normalize] asn normalized { normalizedAsnToFhdn: 1002, fixedMissingAsnRef: 0 }
[fareharbor-normalize] asn normalized { normalizedAsnToFhdn: 1003, fixedMissingAsnRef: 0 }
[fareharbor-normalize] asn normalized { normalizedAsnToFhdn: 1004, fixedMissingAsnRef: 0 }
[fareharbor-normalize] asn normalized { normalizedAsnToFhdn: 1005, fixedMissingAsnRef: 0 }
[fareharbor-normalize] asn normalized { normalizedAsnToFhdn: 1006, fixedMissingAsnRef: 0 }
[fareharbor-normalize] asn normalized { normalizedAsnToFhdn: 1007, fixedMissingAsnRef: 0 }
[fareharbor-normalize] asn normalized { normalizedAsnToFhdn: 1008, fixedMissingAsnRef: 0 }
[fareharbor-normalize] asn normalized { normalizedAsnToFhdn: 1009, fixedMissingAsnRef: 0 }
[fareharbor-normalize] asn normalized { normalizedAsnToFhdn: 1010, fixedMissingAsnRef: 0 }
[fareharbor-normalize] asn normalized { normalizedAsnToFhdn: 1011, fixedMissingAsnRef: 0 }
[fareharbor-normalize] asn normalized { normalizedAsnToFhdn: 1012, fixedMissingAsnRef: 0 }
[fareharbor-normalize] asn normalized { normalizedAsnToFhdn: 1013, fixedMissingAsnRef: 0 }
[fareharbor-normalize] asn normalized { normalizedAsnToFhdn: 1014, fixedMissingAsnRef: 0 }
[fareharbor-normalize] asn normalized { normalizedAsnToFhdn: 1015, fixedMissingAsnRef: 0 }
[fareharbor-normalize] asn normalized { normalizedAsnToFhdn: 1016, fixedMissingAsnRef: 0 }
[fareharbor-normalize] asn normalized { normalizedAsnToFhdn: 1017, fixedMissingAsnRef: 0 }
[fareharbor-normalize] asn normalized { normalizedAsnToFhdn: 1018, fixedMissingAsnRef: 0 }
[fareharbor-normalize] asn normalized { normalizedAsnToFhdn: 1019, fixedMissingAsnRef: 0 }
[fareharbor-normalize] asn normalized { normalizedAsnToFhdn: 1020, fixedMissingAsnRef: 0 }
[fareharbor-normalize] asn normalized { normalizedAsnToFhdn: 1021, fixedMissingAsnRef: 0 }
[fareharbor-normalize] asn normalized { normalizedAsnToFhdn: 1022, fixedMissingAsnRef: 0 }
[fareharbor-normalize] asn normalized { normalizedAsnToFhdn: 1023, fixedMissingAsnRef: 0 }
[fareharbor-normalize] asn normalized { normalizedAsnToFhdn: 1024, fixedMissingAsnRef: 0 }
[fareharbor-normalize] asn normalized { normalizedAsnToFhdn: 1025, fixedMissingAsnRef: 0 }
[fareharbor-normalize] asn normalized { normalizedAsnToFhdn: 1026, fixedMissingAsnRef: 0 }
[fareharbor-normalize] asn normalized { normalizedAsnToFhdn: 1027, fixedMissingAsnRef: 0 }
[fareharbor-normalize] asn normalized { normalizedAsnToFhdn: 1028, fixedMissingAsnRef: 0 }
[fareharbor-normalize] asn normalized { normalizedAsnToFhdn: 1029, fixedMissingAsnRef: 0 }
[fareharbor-normalize] asn normalized { normalizedAsnToFhdn: 1030, fixedMissingAsnRef: 0 }
[fareharbor-normalize] asn normalized { normalizedAsnToFhdn: 1031, fixedMissingAsnRef: 0 }
[fareharbor-normalize] asn normalized { normalizedAsnToFhdn: 1032, fixedMissingAsnRef: 0 }
[fareharbor-normalize] asn normalized { normalizedAsnToFhdn: 1033, fixedMissingAsnRef: 0 }
[fareharbor-normalize] asn normalized { normalizedAsnToFhdn: 1034, fixedMissingAsnRef: 0 }
[fareharbor-normalize] asn normalized { normalizedAsnToFhdn: 1035, fixedMissingAsnRef: 0 }
[fareharbor-normalize] asn normalized { normalizedAsnToFhdn: 1036, fixedMissingAsnRef: 0 }
[fareharbor-normalize] asn normalized { normalizedAsnToFhdn: 1037, fixedMissingAsnRef: 0 }
[fareharbor-normalize] asn normalized { normalizedAsnToFhdn: 1038, fixedMissingAsnRef: 0 }
[fareharbor-normalize] asn normalized { normalizedAsnToFhdn: 1039, fixedMissingAsnRef: 0 }
[fareharbor-normalize] asn normalized { normalizedAsnToFhdn: 1040, fixedMissingAsnRef: 0 }
[fareharbor-normalize] asn normalized { normalizedAsnToFhdn: 1041, fixedMissingAsnRef: 0 }
[fareharbor-normalize] asn normalized { normalizedAsnToFhdn: 1042, fixedMissingAsnRef: 0 }
[fareharbor-normalize] asn normalized { normalizedAsnToFhdn: 1043, fixedMissingAsnRef: 0 }
[fareharbor-normalize] asn normalized { normalizedAsnToFhdn: 1044, fixedMissingAsnRef: 0 }
[fareharbor-normalize] asn normalized { normalizedAsnToFhdn: 1045, fixedMissingAsnRef: 0 }
[fareharbor-normalize] asn normalized { normalizedAsnToFhdn: 1046, fixedMissingAsnRef: 0 }
[fareharbor-normalize] asn normalized { normalizedAsnToFhdn: 1047, fixedMissingAsnRef: 0 }
[fareharbor-normalize] asn normalized { normalizedAsnToFhdn: 1048, fixedMissingAsnRef: 0 }
[fareharbor-normalize] asn normalized { normalizedAsnToFhdn: 1049, fixedMissingAsnRef: 0 }
[fareharbor-normalize] asn normalized { normalizedAsnToFhdn: 1050, fixedMissingAsnRef: 0 }
[fareharbor-normalize] asn normalized { normalizedAsnToFhdn: 1051, fixedMissingAsnRef: 0 }
[fareharbor-normalize] asn normalized { normalizedAsnToFhdn: 1052, fixedMissingAsnRef: 0 }
[fareharbor-normalize] asn normalized { normalizedAsnToFhdn: 1053, fixedMissingAsnRef: 0 }
[fareharbor-normalize] asn normalized { normalizedAsnToFhdn: 1054, fixedMissingAsnRef: 0 }
[fareharbor-normalize] asn normalized { normalizedAsnToFhdn: 1055, fixedMissingAsnRef: 0 }
[fareharbor-normalize] asn normalized { normalizedAsnToFhdn: 1056, fixedMissingAsnRef: 0 }
[fareharbor-normalize] asn normalized { normalizedAsnToFhdn: 1057, fixedMissingAsnRef: 0 }
[fareharbor-normalize] asn normalized { normalizedAsnToFhdn: 1058, fixedMissingAsnRef: 0 }
[fareharbor-normalize] asn normalized { normalizedAsnToFhdn: 1059, fixedMissingAsnRef: 0 }
[fareharbor-normalize] asn normalized { normalizedAsnToFhdn: 1060, fixedMissingAsnRef: 0 }
[fareharbor-normalize] asn normalized { normalizedAsnToFhdn: 1061, fixedMissingAsnRef: 0 }
[fareharbor-normalize] asn normalized { normalizedAsnToFhdn: 1062, fixedMissingAsnRef: 0 }
[fareharbor-normalize] asn normalized { normalizedAsnToFhdn: 1063, fixedMissingAsnRef: 0 }
[fareharbor-normalize] asn normalized { normalizedAsnToFhdn: 1064, fixedMissingAsnRef: 0 }
[fareharbor-normalize] asn normalized { normalizedAsnToFhdn: 1065, fixedMissingAsnRef: 0 }
[fareharbor-normalize] asn normalized { normalizedAsnToFhdn: 1066, fixedMissingAsnRef: 0 }
[fareharbor-normalize] asn normalized { normalizedAsnToFhdn: 1067, fixedMissingAsnRef: 0 }
[fareharbor-normalize] asn normalized { normalizedAsnToFhdn: 1068, fixedMissingAsnRef: 0 }
[fareharbor-normalize] asn normalized { normalizedAsnToFhdn: 1069, fixedMissingAsnRef: 0 }
[fareharbor-normalize] asn normalized { normalizedAsnToFhdn: 1070, fixedMissingAsnRef: 0 }
[fareharbor-normalize] asn normalized { normalizedAsnToFhdn: 1071, fixedMissingAsnRef: 0 }
[fareharbor-normalize] asn normalized { normalizedAsnToFhdn: 1072, fixedMissingAsnRef: 0 }
[fareharbor-normalize] asn normalized { normalizedAsnToFhdn: 1073, fixedMissingAsnRef: 0 }
[fareharbor-normalize] asn normalized { normalizedAsnToFhdn: 1074, fixedMissingAsnRef: 0 }
[fareharbor-normalize] asn normalized { normalizedAsnToFhdn: 1075, fixedMissingAsnRef: 0 }
[fareharbor-normalize] asn normalized { normalizedAsnToFhdn: 1076, fixedMissingAsnRef: 0 }
[fareharbor-normalize] asn normalized { normalizedAsnToFhdn: 1077, fixedMissingAsnRef: 0 }
[fareharbor-normalize] asn normalized { normalizedAsnToFhdn: 1078, fixedMissingAsnRef: 0 }
[fareharbor-normalize] asn normalized { normalizedAsnToFhdn: 1079, fixedMissingAsnRef: 0 }
[fareharbor-normalize] asn normalized { normalizedAsnToFhdn: 1080, fixedMissingAsnRef: 0 }
[fareharbor-normalize] asn normalized { normalizedAsnToFhdn: 1081, fixedMissingAsnRef: 0 }
[fareharbor-normalize] asn normalized { normalizedAsnToFhdn: 1082, fixedMissingAsnRef: 0 }
[fareharbor-normalize] asn normalized { normalizedAsnToFhdn: 1083, fixedMissingAsnRef: 0 }
[fareharbor-normalize] asn normalized { normalizedAsnToFhdn: 1084, fixedMissingAsnRef: 0 }
[fareharbor-normalize] asn normalized { normalizedAsnToFhdn: 1085, fixedMissingAsnRef: 0 }
[fareharbor-normalize] asn normalized { normalizedAsnToFhdn: 1086, fixedMissingAsnRef: 0 }
[fareharbor-normalize] asn normalized { normalizedAsnToFhdn: 1087, fixedMissingAsnRef: 0 }
[fareharbor-normalize] asn normalized { normalizedAsnToFhdn: 1088, fixedMissingAsnRef: 0 }
[fareharbor-normalize] asn normalized { normalizedAsnToFhdn: 1089, fixedMissingAsnRef: 0 }
[fareharbor-normalize] asn normalized { normalizedAsnToFhdn: 1090, fixedMissingAsnRef: 0 }
[fareharbor-normalize] asn normalized { normalizedAsnToFhdn: 1091, fixedMissingAsnRef: 0 }
[fareharbor-normalize] asn normalized { normalizedAsnToFhdn: 1092, fixedMissingAsnRef: 0 }
[fareharbor-normalize] asn normalized { normalizedAsnToFhdn: 1093, fixedMissingAsnRef: 0 }
[fareharbor-normalize] asn normalized { normalizedAsnToFhdn: 1094, fixedMissingAsnRef: 0 }
[fareharbor-normalize] asn normalized { normalizedAsnToFhdn: 1095, fixedMissingAsnRef: 0 }
[fareharbor-normalize] asn normalized { normalizedAsnToFhdn: 1096, fixedMissingAsnRef: 0 }
[fareharbor-normalize] asn normalized { normalizedAsnToFhdn: 1097, fixedMissingAsnRef: 0 }
[fareharbor-normalize] asn normalized { normalizedAsnToFhdn: 1098, fixedMissingAsnRef: 0 }
[fareharbor-normalize] asn normalized { normalizedAsnToFhdn: 1099, fixedMissingAsnRef: 0 }
[fareharbor-normalize] asn normalized { normalizedAsnToFhdn: 1100, fixedMissingAsnRef: 0 }
[fareharbor-normalize] asn normalized { normalizedAsnToFhdn: 1101, fixedMissingAsnRef: 0 }
[fareharbor-normalize] asn normalized { normalizedAsnToFhdn: 1102, fixedMissingAsnRef: 0 }
[fareharbor-normalize] asn normalized { normalizedAsnToFhdn: 1103, fixedMissingAsnRef: 0 }
[merchant-feed-build] env visibility: {
  "VERCEL_ENV": "(unset)",
  "REQUIRE_LIVE_MERCHANT_COMMERCIAL": "1",
  "requireLiveMerchantCommercial": true,
  "MERCHANT_FEED_OUTPUT_PATH": "data/merchantFeed.csv",
  "primaryMerchantFeedOutput": "data/merchantFeed.csv",
  "MERCHANT_FEED_RUNTIME_BASE_URL": "(unset)",
  "ENGINE6_RUNTIME_BASE_URL": "(unset)",
  "runtimeCommercialBaseUrlResolved": "(empty)",
  "VIATOR_API_BASE_URL": "(unset)",
  "VIATOR_BASE_URL": "(unset)",
  "rawEnvSet": {
    "VIATOR_API_KEY": false,
    "ENGINE6_VIATOR_API_KEY": false,
    "VIATOR_PARTNER_API_KEY": false
  },
  "resolvedApiKeyVisible": false,
  "resolvedBaseUrl": "https://api.viator.com/partner"
}

Merchant Feed Before:
  Total rows: 1136
  Blank price rows: 0
  Blank average_rating rows: 3
  Blank rating_count rows: 3
  Blank review_count rows: 3
  Blank required-field rows: 0
[merchant-feed-build] failed: Merchant feed requires VIATOR_API_KEY or MERCHANT_FEED_RUNTIME_BASE_URL for live commercial resolution. Env visibility: {"VERCEL_ENV":null,"REQUIRE_LIVE_MERCHANT_COMMERCIAL":"1","MERCHANT_FEED_RUNTIME_BASE_URL":false,"ENGINE6_RUNTIME_BASE_URL":false,"rawEnvSet":{"VIATOR_API_KEY":false,"ENGINE6_VIATOR_API_KEY":false,"VIATOR_PARTNER_API_KEY":false},"resolvedApiKeyVisible":false,"resolvedBaseUrl":"https://api.viator.com/partner"}
Error: Merchant feed requires VIATOR_API_KEY or MERCHANT_FEED_RUNTIME_BASE_URL for live commercial resolution. Env visibility: {"VERCEL_ENV":null,"REQUIRE_LIVE_MERCHANT_COMMERCIAL":"1","MERCHANT_FEED_RUNTIME_BASE_URL":false,"ENGINE6_RUNTIME_BASE_URL":false,"rawEnvSet":{"VIATOR_API_KEY":false,"ENGINE6_VIATOR_API_KEY":false,"VIATOR_PARTNER_API_KEY":false},"resolvedApiKeyVisible":false,"resolvedBaseUrl":"https://api.viator.com/partner"}
    at fetchEngine6LiveCommercialFieldsForSchema (/home/runner/work/alloutdooradventures2/alloutdooradventures2/src/engine6/fetchEngine6LiveCommercialFieldsForSchema.ts:97:15)
    at <anonymous> (/home/runner/work/alloutdooradventures2/alloutdooradventures2/src/engine6/fetchEngine6LiveCommercialFieldsForSchema.ts:136:34)
    at Array.map (<anonymous>)
    at resolveEngine6ToursForProductSchema (/home/runner/work/alloutdooradventures2/alloutdooradventures2/src/engine6/fetchEngine6LiveCommercialFieldsForSchema.ts:135:13)
    at resolveToursForMerchantFeedGeneration (/home/runner/work/alloutdooradventures2/alloutdooradventures2/scripts/generate-merchant-feed.ts:488:10)
    at main (/home/runner/work/alloutdooradventures2/alloutdooradventures2/scripts/generate-merchant-feed.ts:538:37)
[vercel-build] generate-merchant-feed.ts failed (exit 1)
[vercel-build] --- stdout ---
[vercel-build] [fareharbor-normalize] asn normalized { normalizedAsnToFhdn: 1, fixedMissingAsnRef: 0 }
[vercel-build] [fareharbor-normalize] asn normalized { normalizedAsnToFhdn: 2, fixedMissingAsnRef: 0 }
[vercel-build] [fareharbor-normalize] asn normalized { normalizedAsnToFhdn: 3, fixedMissingAsnRef: 0 }
[vercel-build] [fareharbor-normalize] asn normalized { normalizedAsnToFhdn: 4, fixedMissingAsnRef: 0 }
[vercel-build] [fareharbor-normalize] asn normalized { normalizedAsnToFhdn: 5, fixedMissingAsnRef: 0 }
[vercel-build] [fareharbor-normalize] asn normalized { normalizedAsnToFhdn: 6, fixedMissingAsnRef: 0 }
[vercel-build] [fareharbor-normalize] asn normalized { normalizedAsnToFhdn: 7, fixedMissingAsnRef: 0 }
[vercel-build] [fareharbor-normalize] asn normalized { normalizedAsnToFhdn: 8, fixedMissingAsnRef: 0 }
[vercel-build] [fareharbor-normalize] asn normalized { normalizedAsnToFhdn: 9, fixedMissingAsnRef: 0 }
[vercel-build] [fareharbor-normalize] asn normalized { normalizedAsnToFhdn: 10, fixedMissingAsnRef: 0 }
[vercel-build] [fareharbor-normalize] asn normalized { normalizedAsnToFhdn: 11, fixedMissingAsnRef: 0 }
[vercel-build] [fareharbor-normalize] asn normalized { normalizedAsnToFhdn: 12, fixedMissingAsnRef: 0 }
[vercel-build] [fareharbor-normalize] asn normalized { normalizedAsnToFhdn: 13, fixedMissingAsnRef: 0 }
[vercel-build] [fareharbor-normalize] asn normalized { normalizedAsnToFhdn: 14, fixedMissingAsnRef: 0 }
[vercel-build] [fareharbor-normalize] asn normalized { normalizedAsnToFhdn: 15, fixedMissingAsnRef: 0 }
[vercel-build] [fareharbor-normalize] asn normalized { normalizedAsnToFhdn: 16, fixedMissingAsnRef: 0 }
[vercel-build] [fareharbor-normalize] asn normalized { normalizedAsnToFhdn: 17, fixedMissingAsnRef: 0 }
[vercel-build] [fareharbor-normalize] asn normalized { normalizedAsnToFhdn: 18, fixedMissingAsnRef: 0 }
[vercel-build] [fareharbor-normalize] asn normalized { normalizedAsnToFhdn: 19, fixedMissingAsnRef: 0 }
[vercel-build] [fareharbor-normalize] asn normalized { normalizedAsnToFhdn: 20, fixedMissingAsnRef: 0 }
[vercel-build] [fareharbor-normalize] asn normalized { normalizedAsnToFhdn: 21, fixedMissingAsnRef: 0 }
[vercel-build] [fareharbor-normalize] asn normalized { normalizedAsnToFhdn: 22, fixedMissingAsnRef: 0 }
[vercel-build] [fareharbor-normalize] asn normalized { normalizedAsnToFhdn: 23, fixedMissingAsnRef: 0 }
[vercel-build] [fareharbor-normalize] asn normalized { normalizedAsnToFhdn: 24, fixedMissingAsnRef: 0 }
[vercel-build] [fareharbor-normalize] asn normalized { normalizedAsnToFhdn: 25, fixedMissingAsnRef: 0 }
[vercel-build] [fareharbor-normalize] asn normalized { normalizedAsnToFhdn: 26, fixedMissingAsnRef: 0 }
[vercel-build] [fareharbor-normalize] asn normalized { normalizedAsnToFhdn: 27, fixedMissingAsnRef: 0 }
[vercel-build] [fareharbor-normalize] asn normalized { normalizedAsnToFhdn: 28, fixedMissingAsnRef: 0 }
[vercel-build] [fareharbor-normalize] asn normalized { normalizedAsnToFhdn: 29, fixedMissingAsnRef: 0 }
[vercel-build] [fareharbor-normalize] asn normalized { normalizedAsnToFhdn: 30, fixedMissingAsnRef: 0 }
[vercel-build] [fareharbor-normalize] asn normalized { normalizedAsnToFhdn: 31, fixedMissingAsnRef: 0 }
[vercel-build] [fareharbor-normalize] asn normalized { normalizedAsnToFhdn: 32, fixedMissingAsnRef: 0 }
[vercel-build] [fareharbor-normalize] asn normalized { normalizedAsnToFhdn: 33, fixedMissingAsnRef: 0 }
[vercel-build] [fareharbor-normalize] asn normalized { normalizedAsnToFhdn: 34, fixedMissingAsnRef: 0 }
[vercel-build] [fareharbor-normalize] asn normalized { normalizedAsnToFhdn: 35, fixedMissingAsnRef: 0 }
[vercel-build] [fareharbor-normalize] asn normalized { normalizedAsnToFhdn: 36, fixedMissingAsnRef: 0 }
[vercel-build] [fareharbor-normalize] asn normalized { normalizedAsnToFhdn: 37, fixedMissingAsnRef: 0 }
[vercel-build] [fareharbor-normalize] asn normalized { normalizedAsnToFhdn: 38, fixedMissingAsnRef: 0 }
[vercel-build] [fareharbor-normalize] asn normalized { normalizedAsnToFhdn: 39, fixedMissingAsnRef: 0 }
[vercel-build] [fareharbor-normalize] asn normalized { normalizedAsnToFhdn: 40, fixedMissingAsnRef: 0 }
[vercel-build] [fareharbor-normalize] asn normalized { normalizedAsnToFhdn: 41, fixedMissingAsnRef: 0 }
[vercel-build] [fareharbor-normalize] asn normalized { normalizedAsnToFhdn: 42, fixedMissingAsnRef: 0 }
[vercel-build] [fareharbor-normalize] asn normalized { normalizedAsnToFhdn: 43, fixedMissingAsnRef: 0 }
[vercel-build] [fareharbor-normalize] asn normalized { normalizedAsnToFhdn: 44, fixedMissingAsnRef: 0 }
[vercel-build] [fareharbor-normalize] asn normalized { normalizedAsnToFhdn: 45, fixedMissingAsnRef: 0 }
[vercel-build] [fareharbor-normalize] asn normalized { normalizedAsnToFhdn: 46, fixedMissingAsnRef: 0 }
[vercel-build] [fareharbor-normalize] asn normalized { normalizedAsnToFhdn: 47, fixedMissingAsnRef: 0 }
[vercel-build] [fareharbor-normalize] asn normalized { normalizedAsnToFhdn: 48, fixedMissingAsnRef: 0 }
[vercel-build] [fareharbor-normalize] asn normalized { normalizedAsnToFhdn: 49, fixedMissingAsnRef: 0 }
[vercel-build] [fareharbor-normalize] asn normalized { normalizedAsnToFhdn: 50, fixedMissingAsnRef: 0 }
[vercel-build] [fareharbor-normalize] asn normalized { normalizedAsnToFhdn: 51, fixedMissingAsnRef: 0 }
[vercel-build] [fareharbor-normalize] asn normalized { normalizedAsnToFhdn: 52, fixedMissingAsnRef: 0 }
[vercel-build] [fareharbor-normalize] asn normalized { normalizedAsnToFhdn: 53, fixedMissingAsnRef: 0 }
[vercel-build] [fareharbor-normalize] asn normalized { normalizedAsnToFhdn: 54, fixedMissingAsnRef: 0 }
[vercel-build] [fareharbor-normalize] asn normalized { normalizedAsnToFhdn: 55, fixedMissingAsnRef: 0 }
[vercel-build] [fareharbor-normalize] asn normalized { normalizedAsnToFhdn: 56, fixedMissingAsnRef: 0 }
[vercel-build] [fareharbor-normalize] asn normalized { normalizedAsnToFhdn: 57, fixedMissingAsnRef: 0 }
[vercel-build] [fareharbor-normalize] asn normalized { normalizedAsnToFhdn: 58, fixedMissingAsnRef: 0 }
[vercel-build] [fareharbor-normalize] asn normalized { normalizedAsnToFhdn: 59, fixedMissingAsnRef: 0 }
[vercel-build] [fareharbor-normalize] asn normalized { normalizedAsnToFhdn: 60, fixedMissingAsnRef: 0 }
[vercel-build] [fareharbor-normalize] asn normalized { normalizedAsnToFhdn: 61, fixedMissingAsnRef: 0 }
[vercel-build] [fareharbor-normalize] asn normalized { normalizedAsnToFhdn: 62, fixedMissingAsnRef: 0 }
[vercel-build] [fareharbor-normalize] asn normalized { normalizedAsnToFhdn: 63, fixedMissingAsnRef: 0 }
[vercel-build] [fareharbor-normalize] asn normalized { normalizedAsnToFhdn: 64, fixedMissingAsnRef: 0 }
[vercel-build] [fareharbor-normalize] asn normalized { normalizedAsnToFhdn: 65, fixedMissingAsnRef: 0 }
[vercel-build] [fareharbor-normalize] asn normalized { normalizedAsnToFhdn: 66, fixedMissingAsnRef: 0 }
[vercel-build] [fareharbor-normalize] asn normalized { normalizedAsnToFhdn: 67, fixedMissingAsnRef: 0 }
[vercel-build] [fareharbor-normalize] asn normalized { normalizedAsnToFhdn: 68, fixedMissingAsnRef: 0 }
[vercel-build] [fareharbor-normalize] asn normalized { normalizedAsnToFhdn: 69, fixedMissingAsnRef: 0 }
[vercel-build] [fareharbor-normalize] asn normalized { normalizedAsnToFhdn: 70, fixedMissingAsnRef: 0 }
[vercel-build] [fareharbor-normalize] asn normalized { normalizedAsnToFhdn: 71, fixedMissingAsnRef: 0 }
[vercel-build] [fareharbor-normalize] asn normalized { normalizedAsnToFhdn: 72, fixedMissingAsnRef: 0 }
[vercel-build] [fareharbor-normalize] asn normalized { normalizedAsnToFhdn: 73, fixedMissingAsnRef: 0 }
[vercel-build] [fareharbor-normalize] asn normalized { normalizedAsnToFhdn: 74, fixedMissingAsnRef: 0 }
[vercel-build] [fareharbor-normalize] asn normalized { normalizedAsnToFhdn: 75, fixedMissingAsnRef: 0 }
[vercel-build] [fareharbor-normalize] asn normalized { normalizedAsnToFhdn: 76, fixedMissingAsnRef: 0 }
[vercel-build] [fareharbor-normalize] asn normalized { normalizedAsnToFhdn: 77, fixedMissingAsnRef: 0 }
[vercel-build] [fareharbor-normalize] asn normalized { normalizedAsnToFhdn: 78, fixedMissingAsnRef: 0 }
[vercel-build] [fareharbor-normalize] asn normalized { normalizedAsnToFhdn: 79, fixedMissingAsnRef: 0 }
[vercel-build] [fareharbor-normalize] asn normalized { normalizedAsnToFhdn: 80, fixedMissingAsnRef: 0 }
[vercel-build] [fareharbor-normalize] asn normalized { normalizedAsnToFhdn: 81, fixedMissingAsnRef: 0 }
[vercel-build] [fareharbor-normalize] asn normalized { normalizedAsnToFhdn: 82, fixedMissingAsnRef: 0 }
[vercel-build] [fareharbor-normalize] asn normalized { normalizedAsnToFhdn: 83, fixedMissingAsnRef: 0 }
[vercel-build] [fareharbor-normalize] asn normalized { normalizedAsnToFhdn: 84, fixedMissingAsnRef: 0 }
[vercel-build] [fareharbor-normalize] asn normalized { normalizedAsnToFhdn: 85, fixedMissingAsnRef: 0 }
[vercel-build] [fareharbor-normalize] asn normalized { normalizedAsnToFhdn: 86, fixedMissingAsnRef: 0 }
[vercel-build] [fareharbor-normalize] asn normalized { normalizedAsnToFhdn: 87, fixedMissingAsnRef: 0 }
[vercel-build] [fareharbor-normalize] asn normalized { normalizedAsnToFhdn: 88, fixedMissingAsnRef: 0 }
[vercel-build] [fareharbor-normalize] asn normalized { normalizedAsnToFhdn: 89, fixedMissingAsnRef: 0 }
[vercel-build] [fareharbor-normalize] asn normalized { normalizedAsnToFhdn: 90, fixedMissingAsnRef: 0 }
[vercel-build] [fareharbor-normalize] asn normalized { normalizedAsnToFhdn: 91, fixedMissingAsnRef: 0 }
[vercel-build] [fareharbor-normalize] asn normalized { normalizedAsnToFhdn: 92, fixedMissingAsnRef: 0 }
[vercel-build] [fareharbor-normalize] asn normalized { normalizedAsnToFhdn: 93, fixedMissingAsnRef: 0 }
[vercel-build] [fareharbor-normalize] asn normalized { normalizedAsnToFhdn: 94, fixedMissingAsnRef: 0 }
[vercel-build] [fareharbor-normalize] asn normalized { normalizedAsnToFhdn: 95, fixedMissingAsnRef: 0 }
[vercel-build] [fareharbor-normalize] asn normalized { normalizedAsnToFhdn: 96, fixedMissingAsnRef: 0 }
[vercel-build] [fareharbor-normalize] asn normalized { normalizedAsnToFhdn: 97, fixedMissingAsnRef: 0 }
[vercel-build] [fareharbor-normalize] asn normalized { normalizedAsnToFhdn: 98, fixedMissingAsnRef: 0 }
[vercel-build] [fareharbor-normalize] asn normalized { normalizedAsnToFhdn: 99, fixedMissingAsnRef: 0 }
[vercel-build] [fareharbor-normalize] asn normalized { normalizedAsnToFhdn: 100, fixedMissingAsnRef: 0 }
[vercel-build] [fareharbor-normalize] asn normalized { normalizedAsnToFhdn: 101, fixedMissingAsnRef: 0 }
[vercel-build] [fareharbor-normalize] asn normalized { normalizedAsnToFhdn: 102, fixedMissingAsnRef: 0 }
[vercel-build] [fareharbor-normalize] asn normalized { normalizedAsnToFhdn: 103, fixedMissingAsnRef: 0 }
[vercel-build] [fareharbor-normalize] asn normalized { normalizedAsnToFhdn: 104, fixedMissingAsnRef: 0 }
[vercel-build] [fareharbor-normalize] asn normalized { normalizedAsnToFhdn: 105, fixedMissingAsnRef: 0 }
[vercel-build] [fareharbor-normalize] asn normalized { normalizedAsnToFhdn: 106, fixedMissingAsnRef: 0 }
[vercel-build] [fareharbor-normalize] asn normalized { normalizedAsnToFhdn: 107, fixedMissingAsnRef: 0 }
[vercel-build] [fareharbor-normalize] asn normalized { normalizedAsnToFhdn: 108, fixedMissingAsnRef: 0 }
[vercel-build] [fareharbor-normalize] asn normalized { normalizedAsnToFhdn: 109, fixedMissingAsnRef: 0 }
[vercel-build] [fareharbor-normalize] asn normalized { normalizedAsnToFhdn: 110, fixedMissingAsnRef: 0 }
[vercel-build] [fareharbor-normalize] asn normalized { normalizedAsnToFhdn: 111, fixedMissingAsnRef: 0 }
[vercel-build] [fareharbor-normalize] asn normalized { normalizedAsnToFhdn: 112, fixedMissingAsnRef: 0 }
[vercel-build] [fareharbor-normalize] asn normalized { normalizedAsnToFhdn: 113, fixedMissingAsnRef: 0 }
[vercel-build] [fareharbor-normalize] asn normalized { normalizedAsnToFhdn: 114, fixedMissingAsnRef: 0 }
[vercel-build] [fareharbor-normalize] asn normalized { normalizedAsnToFhdn: 115, fixedMissingAsnRef: 0 }
[vercel-build] [fareharbor-normalize] asn normalized { normalizedAsnToFhdn: 116, fixedMissingAsnRef: 0 }
[vercel-build] [fareharbor-normalize] asn normalized { normalizedAsnToFhdn: 117, fixedMissingAsnRef: 0 }
[vercel-build] [fareharbor-normalize] asn normalized { normalizedAsnToFhdn: 118, fixedMissingAsnRef: 0 }
[vercel-build] [fareharbor-normalize] asn normalized { normalizedAsnToFhdn: 119, fixedMissingAsnRef: 0 }
[vercel-build] [fareharbor-normalize] asn normalized { normalizedAsnToFhdn: 120, fixedMissingAsnRef: 0 }
[vercel-build] [fareharbor-normalize] asn normalized { normalizedAsnToFhdn: 121, fixedMissingAsnRef: 0 }
[vercel-build] [fareharbor-normalize] asn normalized { normalizedAsnToFhdn: 122, fixedMissingAsnRef: 0 }
[vercel-build] [fareharbor-normalize] asn normalized { normalizedAsnToFhdn: 123, fixedMissingAsnRef: 0 }
[vercel-build] [fareharbor-normalize] asn normalized { normalizedAsnToFhdn: 124, fixedMissingAsnRef: 0 }
[vercel-build] [fareharbor-normalize] asn normalized { normalizedAsnToFhdn: 125, fixedMissingAsnRef: 0 }
[vercel-build] [fareharbor-normalize] asn normalized { normalizedAsnToFhdn: 126, fixedMissingAsnRef: 0 }
[vercel-build] [fareharbor-normalize] asn normalized { normalizedAsnToFhdn: 127, fixedMissingAsnRef: 0 }
[vercel-build] [fareharbor-normalize] asn normalized { normalizedAsnToFhdn: 128, fixedMissingAsnRef: 0 }
[vercel-build] [fareharbor-normalize] asn normalized { normalizedAsnToFhdn: 129, fixedMissingAsnRef: 0 }
[vercel-build] [fareharbor-normalize] asn normalized { normalizedAsnToFhdn: 130, fixedMissingAsnRef: 0 }
[vercel-build] [fareharbor-normalize] asn normalized { normalizedAsnToFhdn: 131, fixedMissingAsnRef: 0 }
[vercel-build] [fareharbor-normalize] asn normalized { normalizedAsnToFhdn: 132, fixedMissingAsnRef: 0 }
[vercel-build] [fareharbor-normalize] asn normalized { normalizedAsnToFhdn: 133, fixedMissingAsnRef: 0 }
[vercel-build] [fareharbor-normalize] asn normalized { normalizedAsnToFhdn: 134, fixedMissingAsnRef: 0 }
[vercel-build] [fareharbor-normalize] asn normalized { normalizedAsnToFhdn: 135, fixedMissingAsnRef: 0 }
[vercel-build] [fareharbor-normalize] asn normalized { normalizedAsnToFhdn: 136, fixedMissingAsnRef: 0 }
[vercel-build] [fareharbor-normalize] asn normalized { normalizedAsnToFhdn: 137, fixedMissingAsnRef: 0 }
[vercel-build] [fareharbor-normalize] asn normalized { normalizedAsnToFhdn: 138, fixedMissingAsnRef: 0 }
[vercel-build] [fareharbor-normalize] asn normalized { normalizedAsnToFhdn: 139, fixedMissingAsnRef: 0 }
[vercel-build] [fareharbor-normalize] asn normalized { normalizedAsnToFhdn: 140, fixedMissingAsnRef: 0 }
[vercel-build] [fareharbor-normalize] asn normalized { normalizedAsnToFhdn: 141, fixedMissingAsnRef: 0 }
[vercel-build] [fareharbor-normalize] asn normalized { normalizedAsnToFhdn: 142, fixedMissingAsnRef: 0 }
[vercel-build] [fareharbor-normalize] asn normalized { normalizedAsnToFhdn: 143, fixedMissingAsnRef: 0 }
[vercel-build] [fareharbor-normalize] asn normalized { normalizedAsnToFhdn: 144, fixedMissingAsnRef: 0 }
[vercel-build] [fareharbor-normalize] asn normalized { normalizedAsnToFhdn: 145, fixedMissingAsnRef: 0 }
[vercel-build] [fareharbor-normalize] asn normalized { normalizedAsnToFhdn: 146, fixedMissingAsnRef: 0 }
[vercel-build] [fareharbor-normalize] asn normalized { normalizedAsnToFhdn: 147, fixedMissingAsnRef: 0 }
[vercel-build] [fareharbor-normalize] asn normalized { normalizedAsnToFhdn: 148, fixedMissingAsnRef: 0 }
[vercel-build] [fareharbor-normalize] asn normalized { normalizedAsnToFhdn: 149, fixedMissingAsnRef: 0 }
[vercel-build] [fareharbor-normalize] asn normalized { normalizedAsnToFhdn: 150, fixedMissingAsnRef: 0 }
[vercel-build] [fareharbor-normalize] asn normalized { normalizedAsnToFhdn: 151, fixedMissingAsnRef: 0 }
[vercel-build] [fareharbor-normalize] asn normalized { normalizedAsnToFhdn: 152, fixedMissingAsnRef: 0 }
[vercel-build] [fareharbor-normalize] asn normalized { normalizedAsnToFhdn: 153, fixedMissingAsnRef: 0 }
[vercel-build] [fareharbor-normalize] asn normalized { normalizedAsnToFhdn: 154, fixedMissingAsnRef: 0 }
[vercel-build] [fareharbor-normalize] asn normalized { normalizedAsnToFhdn: 155, fixedMissingAsnRef: 0 }
[vercel-build] [fareharbor-normalize] asn normalized { normalizedAsnToFhdn: 156, fixedMissingAsnRef: 0 }
[vercel-build] [fareharbor-normalize] asn normalized { normalizedAsnToFhdn: 157, fixedMissingAsnRef: 0 }
[vercel-build] [fareharbor-normalize] asn normalized { normalizedAsnToFhdn: 158, fixedMissingAsnRef: 0 }
[vercel-build] [fareharbor-normalize] asn normalized { normalizedAsnToFhdn: 159, fixedMissingAsnRef: 0 }
[vercel-build] [fareharbor-normalize] asn normalized { normalizedAsnToFhdn: 160, fixedMissingAsnRef: 0 }
[vercel-build] [fareharbor-normalize] asn normalized { normalizedAsnToFhdn: 161, fixedMissingAsnRef: 0 }
[vercel-build] [fareharbor-normalize] asn normalized { normalizedAsnToFhdn: 162, fixedMissingAsnRef: 0 }
[vercel-build] [fareharbor-normalize] asn normalized { normalizedAsnToFhdn: 163, fixedMissingAsnRef: 0 }
[vercel-build] [fareharbor-normalize] asn normalized { normalizedAsnToFhdn: 164, fixedMissingAsnRef: 0 }
[vercel-build] [fareharbor-normalize] asn normalized { normalizedAsnToFhdn: 165, fixedMissingAsnRef: 0 }
[vercel-build] [fareharbor-normalize] asn normalized { normalizedAsnToFhdn: 166, fixedMissingAsnRef: 0 }
[vercel-build] [fareharbor-normalize] asn normalized { normalizedAsnToFhdn: 167, fixedMissingAsnRef: 0 }
[vercel-build] [fareharbor-normalize] asn normalized { normalizedAsnToFhdn: 168, fixedMissingAsnRef: 0 }
[vercel-build] [fareharbor-normalize] asn normalized { normalizedAsnToFhdn: 169, fixedMissingAsnRef: 0 }
[vercel-build] [fareharbor-normalize] asn normalized { normalizedAsnToFhdn: 170, fixedMissingAsnRef: 0 }
[vercel-build] [fareharbor-normalize] asn normalized { normalizedAsnToFhdn: 171, fixedMissingAsnRef: 0 }
[vercel-build] [fareharbor-normalize] asn normalized { normalizedAsnToFhdn: 172, fixedMissingAsnRef: 0 }
[vercel-build] [fareharbor-normalize] asn normalized { normalizedAsnToFhdn: 173, fixedMissingAsnRef: 0 }
[vercel-build] [fareharbor-normalize] asn normalized { normalizedAsnToFhdn: 174, fixedMissingAsnRef: 0 }
[vercel-build] [fareharbor-normalize] asn normalized { normalizedAsnToFhdn: 175, fixedMissingAsnRef: 0 }
[vercel-build] [fareharbor-normalize] asn normalized { normalizedAsnToFhdn: 176, fixedMissingAsnRef: 0 }
[vercel-build] [fareharbor-normalize] asn normalized { normalizedAsnToFhdn: 177, fixedMissingAsnRef: 0 }
[vercel-build] [fareharbor-normalize] asn normalized { normalizedAsnToFhdn: 178, fixedMissingAsnRef: 0 }
[vercel-build] [fareharbor-normalize] asn normalized { normalizedAsnToFhdn: 179, fixedMissingAsnRef: 0 }
[vercel-build] [fareharbor-normalize] asn normalized { normalizedAsnToFhdn: 180, fixedMissingAsnRef: 0 }
[vercel-build] [fareharbor-normalize] asn normalized { normalizedAsnToFhdn: 181, fixedMissingAsnRef: 0 }
[vercel-build] [fareharbor-normalize] asn normalized { normalizedAsnToFhdn: 182, fixedMissingAsnRef: 0 }
[vercel-build] [fareharbor-normalize] asn normalized { normalizedAsnToFhdn: 183, fixedMissingAsnRef: 0 }
[vercel-build] [fareharbor-normalize] asn normalized { normalizedAsnToFhdn: 184, fixedMissingAsnRef: 0 }
[vercel-build] [fareharbor-normalize] asn normalized { normalizedAsnToFhdn: 185, fixedMissingAsnRef: 0 }
[vercel-build] [fareharbor-normalize] asn normalized { normalizedAsnToFhdn: 186, fixedMissingAsnRef: 0 }
[vercel-build] [fareharbor-normalize] asn normalized { normalizedAsnToFhdn: 187, fixedMissingAsnRef: 0 }
[vercel-build] [fareharbor-normalize] asn normalized { normalizedAsnToFhdn: 188, fixedMissingAsnRef: 0 }
[vercel-build] [fareharbor-normalize] asn normalized { normalizedAsnToFhdn: 189, fixedMissingAsnRef: 0 }
[vercel-build] [fareharbor-normalize] asn normalized { normalizedAsnToFhdn: 190, fixedMissingAsnRef: 0 }
[vercel-build] [fareharbor-normalize] asn normalized { normalizedAsnToFhdn: 191, fixedMissingAsnRef: 0 }
[vercel-build] [fareharbor-normalize] asn normalized { normalizedAsnToFhdn: 192, fixedMissingAsnRef: 0 }
[vercel-build] [fareharbor-normalize] asn normalized { normalizedAsnToFhdn: 193, fixedMissingAsnRef: 0 }
[vercel-build] [fareharbor-normalize] asn normalized { normalizedAsnToFhdn: 194, fixedMissingAsnRef: 0 }
[vercel-build] [fareharbor-normalize] asn normalized { normalizedAsnToFhdn: 195, fixedMissingAsnRef: 0 }
[vercel-build] [fareharbor-normalize] asn normalized { normalizedAsnToFhdn: 196, fixedMissingAsnRef: 0 }
[vercel-build] [fareharbor-normalize] asn normalized { normalizedAsnToFhdn: 197, fixedMissingAsnRef: 0 }
[vercel-build] [fareharbor-normalize] asn normalized { normalizedAsnToFhdn: 198, fixedMissingAsnRef: 0 }
[vercel-build] [fareharbor-normalize] asn normalized { normalizedAsnToFhdn: 199, fixedMissingAsnRef: 0 }
[vercel-build] [fareharbor-normalize] asn normalized { normalizedAsnToFhdn: 200, fixedMissingAsnRef: 0 }
[vercel-build] [fareharbor-normalize] asn normalized { normalizedAsnToFhdn: 201, fixedMissingAsnRef: 0 }
[vercel-build] [fareharbor-normalize] asn normalized { normalizedAsnToFhdn: 202, fixedMissingAsnRef: 0 }
[vercel-build] [fareharbor-normalize] asn normalized { normalizedAsnToFhdn: 203, fixedMissingAsnRef: 0 }
[vercel-build] [fareharbor-normalize] asn normalized { normalizedAsnToFhdn: 204, fixedMissingAsnRef: 0 }
[vercel-build] [fareharbor-normalize] asn normalized { normalizedAsnToFhdn: 205, fixedMissingAsnRef: 0 }
[vercel-build] [fareharbor-normalize] asn normalized { normalizedAsnToFhdn: 206, fixedMissingAsnRef: 0 }
[vercel-build] [fareharbor-normalize] asn normalized { normalizedAsnToFhdn: 207, fixedMissingAsnRef: 0 }
[vercel-build] [fareharbor-normalize] asn normalized { normalizedAsnToFhdn: 208, fixedMissingAsnRef: 0 }
[vercel-build] [fareharbor-normalize] asn normalized { normalizedAsnToFhdn: 209, fixedMissingAsnRef: 0 }
[vercel-build] [fareharbor-normalize] asn normalized { normalizedAsnToFhdn: 210, fixedMissingAsnRef: 0 }
[vercel-build] [fareharbor-normalize] asn normalized { normalizedAsnToFhdn: 211, fixedMissingAsnRef: 0 }
[vercel-build] [fareharbor-normalize] asn normalized { normalizedAsnToFhdn: 212, fixedMissingAsnRef: 0 }
[vercel-build] [fareharbor-normalize] asn normalized { normalizedAsnToFhdn: 213, fixedMissingAsnRef: 0 }
[vercel-build] [fareharbor-normalize] asn normalized { normalizedAsnToFhdn: 214, fixedMissingAsnRef: 0 }
[vercel-build] [fareharbor-normalize] asn normalized { normalizedAsnToFhdn: 215, fixedMissingAsnRef: 0 }
[vercel-build] [fareharbor-normalize] asn normalized { normalizedAsnToFhdn: 216, fixedMissingAsnRef: 0 }
[vercel-build] [fareharbor-normalize] asn normalized { normalizedAsnToFhdn: 217, fixedMissingAsnRef: 0 }
[vercel-build] [fareharbor-normalize] asn normalized { normalizedAsnToFhdn: 218, fixedMissingAsnRef: 0 }
[vercel-build] [fareharbor-normalize] asn normalized { normalizedAsnToFhdn: 219, fixedMissingAsnRef: 0 }
[vercel-build] [fareharbor-normalize] asn normalized { normalizedAsnToFhdn: 220, fixedMissingAsnRef: 0 }
[vercel-build] [fareharbor-normalize] asn normalized { normalizedAsnToFhdn: 221, fixedMissingAsnRef: 0 }
[vercel-build] [fareharbor-normalize] asn normalized { normalizedAsnToFhdn: 222, fixedMissingAsnRef: 0 }
[vercel-build] [fareharbor-normalize] asn normalized { normalizedAsnToFhdn: 223, fixedMissingAsnRef: 0 }
[vercel-build] [fareharbor-normalize] asn normalized { normalizedAsnToFhdn: 224, fixedMissingAsnRef: 0 }
[vercel-build] [fareharbor-normalize] asn normalized { normalizedAsnToFhdn: 225, fixedMissingAsnRef: 0 }
[vercel-build] [fareharbor-normalize] asn normalized { normalizedAsnToFhdn: 226, fixedMissingAsnRef: 0 }
[vercel-build] [fareharbor-normalize] asn normalized { normalizedAsnToFhdn: 227, fixedMissingAsnRef: 0 }
[vercel-build] [fareharbor-normalize] asn normalized { normalizedAsnToFhdn: 228, fixedMissingAsnRef: 0 }
[vercel-build] [fareharbor-normalize] asn normalized { normalizedAsnToFhdn: 229, fixedMissingAsnRef: 0 }
[vercel-build] [fareharbor-normalize] asn normalized { normalizedAsnToFhdn: 230, fixedMissingAsnRef: 0 }
[vercel-build] [fareharbor-normalize] asn normalized { normalizedAsnToFhdn: 231, fixedMissingAsnRef: 0 }
[vercel-build] [fareharbor-normalize] asn normalized { normalizedAsnToFhdn: 232, fixedMissingAsnRef: 0 }
[vercel-build] [fareharbor-normalize] asn normalized { normalizedAsnToFhdn: 233, fixedMissingAsnRef: 0 }
[vercel-build] [fareharbor-normalize] asn normalized { normalizedAsnToFhdn: 234, fixedMissingAsnRef: 0 }
[vercel-build] [fareharbor-normalize] asn normalized { normalizedAsnToFhdn: 235, fixedMissingAsnRef: 0 }
[vercel-build] [fareharbor-normalize] asn normalized { normalizedAsnToFhdn: 236, fixedMissingAsnRef: 0 }
[vercel-build] [fareharbor-normalize] asn normalized { normalizedAsnToFhdn: 237, fixedMissingAsnRef: 0 }
[vercel-build] [fareharbor-normalize] asn normalized { normalizedAsnToFhdn: 238, fixedMissingAsnRef: 0 }
[vercel-build] [fareharbor-normalize] asn normalized { normalizedAsnToFhdn: 239, fixedMissingAsnRef: 0 }
[vercel-build] [fareharbor-normalize] asn normalized { normalizedAsnToFhdn: 240, fixedMissingAsnRef: 0 }
[vercel-build] [fareharbor-normalize] asn normalized { normalizedAsnToFhdn: 241, fixedMissingAsnRef: 0 }
[vercel-build] [fareharbor-normalize] asn normalized { normalizedAsnToFhdn: 242, fixedMissingAsnRef: 0 }
[vercel-build] [fareharbor-normalize] asn normalized { normalizedAsnToFhdn: 243, fixedMissingAsnRef: 0 }
[vercel-build] [fareharbor-normalize] asn normalized { normalizedAsnToFhdn: 244, fixedMissingAsnRef: 0 }
[vercel-build] [fareharbor-normalize] asn normalized { normalizedAsnToFhdn: 245, fixedMissingAsnRef: 0 }
[vercel-build] [fareharbor-normalize] asn normalized { normalizedAsnToFhdn: 246, fixedMissingAsnRef: 0 }
[vercel-build] [fareharbor-normalize] asn normalized { normalizedAsnToFhdn: 247, fixedMissingAsnRef: 0 }
[vercel-build] [fareharbor-normalize] asn normalized { normalizedAsnToFhdn: 248, fixedMissingAsnRef: 0 }
[vercel-build] [fareharbor-normalize] asn normalized { normalizedAsnToFhdn: 249, fixedMissingAsnRef: 0 }
[vercel-build] [fareharbor-normalize] asn normalized { normalizedAsnToFhdn: 250, fixedMissingAsnRef: 0 }
[vercel-build] [fareharbor-normalize] asn normalized { normalizedAsnToFhdn: 251, fixedMissingAsnRef: 0 }
[vercel-build] [fareharbor-normalize] asn normalized { normalizedAsnToFhdn: 252, fixedMissingAsnRef: 0 }
[vercel-build] [fareharbor-normalize] asn normalized { normalizedAsnToFhdn: 253, fixedMissingAsnRef: 0 }
[vercel-build] [fareharbor-normalize] asn normalized { normalizedAsnToFhdn: 254, fixedMissingAsnRef: 0 }
[vercel-build] [fareharbor-normalize] asn normalized { normalizedAsnToFhdn: 255, fixedMissingAsnRef: 0 }
[vercel-build] [fareharbor-normalize] asn normalized { normalizedAsnToFhdn: 256, fixedMissingAsnRef: 0 }
[vercel-build] [fareharbor-normalize] asn normalized { normalizedAsnToFhdn: 257, fixedMissingAsnRef: 0 }
[vercel-build] [fareharbor-normalize] asn normalized { normalizedAsnToFhdn: 258, fixedMissingAsnRef: 0 }
[vercel-build] [fareharbor-normalize] asn normalized { normalizedAsnToFhdn: 259, fixedMissingAsnRef: 0 }
[vercel-build] [fareharbor-normalize] asn normalized { normalizedAsnToFhdn: 260, fixedMissingAsnRef: 0 }
[vercel-build] [fareharbor-normalize] asn normalized { normalizedAsnToFhdn: 261, fixedMissingAsnRef: 0 }
[vercel-build] [fareharbor-normalize] asn normalized { normalizedAsnToFhdn: 262, fixedMissingAsnRef: 0 }
[vercel-build] [fareharbor-normalize] asn normalized { normalizedAsnToFhdn: 263, fixedMissingAsnRef: 0 }
[vercel-build] [fareharbor-normalize] asn normalized { normalizedAsnToFhdn: 264, fixedMissingAsnRef: 0 }
[vercel-build] [fareharbor-normalize] asn normalized { normalizedAsnToFhdn: 265, fixedMissingAsnRef: 0 }
[vercel-build] [fareharbor-normalize] asn normalized { normalizedAsnToFhdn: 266, fixedMissingAsnRef: 0 }
[vercel-build] [fareharbor-normalize] asn normalized { normalizedAsnToFhdn: 267, fixedMissingAsnRef: 0 }
[vercel-build] [fareharbor-normalize] asn normalized { normalizedAsnToFhdn: 268, fixedMissingAsnRef: 0 }
[vercel-build] [fareharbor-normalize] asn normalized { normalizedAsnToFhdn: 269, fixedMissingAsnRef: 0 }
[vercel-build] [fareharbor-normalize] asn normalized { normalizedAsnToFhdn: 270, fixedMissingAsnRef: 0 }
[vercel-build] [fareharbor-normalize] asn normalized { normalizedAsnToFhdn: 271, fixedMissingAsnRef: 0 }
[vercel-build] [fareharbor-normalize] asn normalized { normalizedAsnToFhdn: 272, fixedMissingAsnRef: 0 }
[vercel-build] [fareharbor-normalize] asn normalized { normalizedAsnToFhdn: 273, fixedMissingAsnRef: 0 }
[vercel-build] [fareharbor-normalize] asn normalized { normalizedAsnToFhdn: 274, fixedMissingAsnRef: 0 }
[vercel-build] [fareharbor-normalize] asn normalized { normalizedAsnToFhdn: 275, fixedMissingAsnRef: 0 }
[vercel-build] [fareharbor-normalize] asn normalized { normalizedAsnToFhdn: 276, fixedMissingAsnRef: 0 }
[vercel-build] [fareharbor-normalize] asn normalized { normalizedAsnToFhdn: 277, fixedMissingAsnRef: 0 }
[vercel-build] [fareharbor-normalize] asn normalized { normalizedAsnToFhdn: 278, fixedMissingAsnRef: 0 }
[vercel-build] [fareharbor-normalize] asn normalized { normalizedAsnToFhdn: 279, fixedMissingAsnRef: 0 }
[vercel-build] [fareharbor-normalize] asn normalized { normalizedAsnToFhdn: 280, fixedMissingAsnRef: 0 }
[vercel-build] [fareharbor-normalize] asn normalized { normalizedAsnToFhdn: 281, fixedMissingAsnRef: 0 }
[vercel-build] [fareharbor-normalize] asn normalized { normalizedAsnToFhdn: 282, fixedMissingAsnRef: 0 }
[vercel-build] [fareharbor-normalize] asn normalized { normalizedAsnToFhdn: 283, fixedMissingAsnRef: 0 }
[vercel-build] [fareharbor-normalize] asn normalized { normalizedAsnToFhdn: 284, fixedMissingAsnRef: 0 }
[vercel-build] [fareharbor-normalize] asn normalized { normalizedAsnToFhdn: 285, fixedMissingAsnRef: 0 }
[vercel-build] [fareharbor-normalize] asn normalized { normalizedAsnToFhdn: 286, fixedMissingAsnRef: 0 }
[vercel-build] [fareharbor-normalize] asn normalized { normalizedAsnToFhdn: 287, fixedMissingAsnRef: 0 }
[vercel-build] [fareharbor-normalize] asn normalized { normalizedAsnToFhdn: 288, fixedMissingAsnRef: 0 }
[vercel-build] [fareharbor-normalize] asn normalized { normalizedAsnToFhdn: 289, fixedMissingAsnRef: 0 }
[vercel-build] [fareharbor-normalize] asn normalized { normalizedAsnToFhdn: 290, fixedMissingAsnRef: 0 }
[vercel-build] [fareharbor-normalize] asn normalized { normalizedAsnToFhdn: 291, fixedMissingAsnRef: 0 }
[vercel-build] [fareharbor-normalize] asn normalized { normalizedAsnToFhdn: 292, fixedMissingAsnRef: 0 }
[vercel-build] [fareharbor-normalize] asn normalized { normalizedAsnToFhdn: 293, fixedMissingAsnRef: 0 }
[vercel-build] [fareharbor-normalize] asn normalized { normalizedAsnToFhdn: 294, fixedMissingAsnRef: 0 }
[vercel-build] [fareharbor-normalize] asn normalized { normalizedAsnToFhdn: 295, fixedMissingAsnRef: 0 }
[vercel-build] [fareharbor-normalize] asn normalized { normalizedAsnToFhdn: 296, fixedMissingAsnRef: 0 }
[vercel-build] [fareharbor-normalize] asn normalized { normalizedAsnToFhdn: 297, fixedMissingAsnRef: 0 }
[vercel-build] [fareharbor-normalize] asn normalized { normalizedAsnToFhdn: 298, fixedMissingAsnRef: 0 }
[vercel-build] [fareharbor-normalize] asn normalized { normalizedAsnToFhdn: 299, fixedMissingAsnRef: 0 }
[vercel-build] [fareharbor-normalize] asn normalized { normalizedAsnToFhdn: 300, fixedMissingAsnRef: 0 }
[vercel-build] [fareharbor-normalize] asn normalized { normalizedAsnToFhdn: 301, fixedMissingAsnRef: 0 }
[vercel-build] [fareharbor-normalize] asn normalized { normalizedAsnToFhdn: 302, fixedMissingAsnRef: 0 }
[vercel-build] [fareharbor-normalize] asn normalized { normalizedAsnToFhdn: 303, fixedMissingAsnRef: 0 }
[vercel-build] [fareharbor-normalize] asn normalized { normalizedAsnToFhdn: 304, fixedMissingAsnRef: 0 }
[vercel-build] [fareharbor-normalize] asn normalized { normalizedAsnToFhdn: 305, fixedMissingAsnRef: 0 }
[vercel-build] [fareharbor-normalize] asn normalized { normalizedAsnToFhdn: 306, fixedMissingAsnRef: 0 }
[vercel-build] [fareharbor-normalize] asn normalized { normalizedAsnToFhdn: 307, fixedMissingAsnRef: 0 }
[vercel-build] [fareharbor-normalize] asn normalized { normalizedAsnToFhdn: 308, fixedMissingAsnRef: 0 }
[vercel-build] [fareharbor-normalize] asn normalized { normalizedAsnToFhdn: 309, fixedMissingAsnRef: 0 }
[vercel-build] [fareharbor-normalize] asn normalized { normalizedAsnToFhdn: 310, fixedMissingAsnRef: 0 }
[vercel-build] [fareharbor-normalize] asn normalized { normalizedAsnToFhdn: 311, fixedMissingAsnRef: 0 }
[vercel-build] [fareharbor-normalize] asn normalized { normalizedAsnToFhdn: 312, fixedMissingAsnRef: 0 }
[vercel-build] [fareharbor-normalize] asn normalized { normalizedAsnToFhdn: 313, fixedMissingAsnRef: 0 }
[vercel-build] [fareharbor-normalize] asn normalized { normalizedAsnToFhdn: 314, fixedMissingAsnRef: 0 }
[vercel-build] [fareharbor-normalize] asn normalized { normalizedAsnToFhdn: 315, fixedMissingAsnRef: 0 }
[vercel-build] [fareharbor-normalize] asn normalized { normalizedAsnToFhdn: 316, fixedMissingAsnRef: 0 }
[vercel-build] [fareharbor-normalize] asn normalized { normalizedAsnToFhdn: 317, fixedMissingAsnRef: 0 }
[vercel-build] [fareharbor-normalize] asn normalized { normalizedAsnToFhdn: 318, fixedMissingAsnRef: 0 }
[vercel-build] [fareharbor-normalize] asn normalized { normalizedAsnToFhdn: 319, fixedMissingAsnRef: 0 }
[vercel-build] [fareharbor-normalize] asn normalized { normalizedAsnToFhdn: 320, fixedMissingAsnRef: 0 }
[vercel-build] [fareharbor-normalize] asn normalized { normalizedAsnToFhdn: 321, fixedMissingAsnRef: 0 }
[vercel-build] [fareharbor-normalize] asn normalized { normalizedAsnToFhdn: 322, fixedMissingAsnRef: 0 }
[vercel-build] [fareharbor-normalize] asn normalized { normalizedAsnToFhdn: 323, fixedMissingAsnRef: 0 }
[vercel-build] [fareharbor-normalize] asn normalized { normalizedAsnToFhdn: 324, fixedMissingAsnRef: 0 }
[vercel-build] [fareharbor-normalize] asn normalized { normalizedAsnToFhdn: 325, fixedMissingAsnRef: 0 }
[vercel-build] [fareharbor-normalize] asn normalized { normalizedAsnToFhdn: 326, fixedMissingAsnRef: 0 }
[vercel-build] [fareharbor-normalize] asn normalized { normalizedAsnToFhdn: 327, fixedMissingAsnRef: 0 }
[vercel-build] [fareharbor-normalize] asn normalized { normalizedAsnToFhdn: 328, fixedMissingAsnRef: 0 }
[vercel-build] [fareharbor-normalize] asn normalized { normalizedAsnToFhdn: 329, fixedMissingAsnRef: 0 }
[vercel-build] [fareharbor-normalize] asn normalized { normalizedAsnToFhdn: 330, fixedMissingAsnRef: 0 }
[vercel-build] [fareharbor-normalize] asn normalized { normalizedAsnToFhdn: 331, fixedMissingAsnRef: 0 }
[vercel-build] [fareharbor-normalize] asn normalized { normalizedAsnToFhdn: 332, fixedMissingAsnRef: 0 }
[vercel-build] [fareharbor-normalize] asn normalized { normalizedAsnToFhdn: 333, fixedMissingAsnRef: 0 }
[vercel-build] [fareharbor-normalize] asn normalized { normalizedAsnToFhdn: 334, fixedMissingAsnRef: 0 }
[vercel-build] [fareharbor-normalize] asn normalized { normalizedAsnToFhdn: 335, fixedMissingAsnRef: 0 }
[vercel-build] [fareharbor-normalize] asn normalized { normalizedAsnToFhdn: 336, fixedMissingAsnRef: 0 }
[vercel-build] [fareharbor-normalize] asn normalized { normalizedAsnToFhdn: 337, fixedMissingAsnRef: 0 }
[vercel-build] [fareharbor-normalize] asn normalized { normalizedAsnToFhdn: 338, fixedMissingAsnRef: 0 }
[vercel-build] [fareharbor-normalize] asn normalized { normalizedAsnToFhdn: 339, fixedMissingAsnRef: 0 }
[vercel-build] [fareharbor-normalize] asn normalized { normalizedAsnToFhdn: 340, fixedMissingAsnRef: 0 }
[vercel-build] [fareharbor-normalize] asn normalized { normalizedAsnToFhdn: 341, fixedMissingAsnRef: 0 }
[vercel-build] [fareharbor-normalize] asn normalized { normalizedAsnToFhdn: 342, fixedMissingAsnRef: 0 }
[vercel-build] [fareharbor-normalize] asn normalized { normalizedAsnToFhdn: 343, fixedMissingAsnRef: 0 }
[vercel-build] [fareharbor-normalize] asn normalized { normalizedAsnToFhdn: 344, fixedMissingAsnRef: 0 }
[vercel-build] [fareharbor-normalize] asn normalized { normalizedAsnToFhdn: 345, fixedMissingAsnRef: 0 }
[vercel-build] [fareharbor-normalize] asn normalized { normalizedAsnToFhdn: 346, fixedMissingAsnRef: 0 }
[vercel-build] [fareharbor-normalize] asn normalized { normalizedAsnToFhdn: 347, fixedMissingAsnRef: 0 }
[vercel-build] [fareharbor-normalize] asn normalized { normalizedAsnToFhdn: 348, fixedMissingAsnRef: 0 }
[vercel-build] [fareharbor-normalize] asn normalized { normalizedAsnToFhdn: 349, fixedMissingAsnRef: 0 }
[vercel-build] [fareharbor-normalize] asn normalized { normalizedAsnToFhdn: 350, fixedMissingAsnRef: 0 }
[vercel-build] [fareharbor-normalize] asn normalized { normalizedAsnToFhdn: 351, fixedMissingAsnRef: 0 }
[vercel-build] [fareharbor-normalize] asn normalized { normalizedAsnToFhdn: 352, fixedMissingAsnRef: 0 }
[vercel-build] [fareharbor-normalize] asn normalized { normalizedAsnToFhdn: 353, fixedMissingAsnRef: 0 }
[vercel-build] [fareharbor-normalize] asn normalized { normalizedAsnToFhdn: 354, fixedMissingAsnRef: 0 }
[vercel-build] [fareharbor-normalize] asn normalized { normalizedAsnToFhdn: 355, fixedMissingAsnRef: 0 }
[vercel-build] [fareharbor-normalize] asn normalized { normalizedAsnToFhdn: 356, fixedMissingAsnRef: 0 }
[vercel-build] [fareharbor-normalize] asn normalized { normalizedAsnToFhdn: 357, fixedMissingAsnRef: 0 }
[vercel-build] [fareharbor-normalize] asn normalized { normalizedAsnToFhdn: 358, fixedMissingAsnRef: 0 }
[vercel-build] [fareharbor-normalize] asn normalized { normalizedAsnToFhdn: 359, fixedMissingAsnRef: 0 }
[vercel-build] [fareharbor-normalize] asn normalized { normalizedAsnToFhdn: 360, fixedMissingAsnRef: 0 }
[vercel-build] [fareharbor-normalize] asn normalized { normalizedAsnToFhdn: 361, fixedMissingAsnRef: 0 }
[vercel-build] [fareharbor-normalize] asn normalized { normalizedAsnToFhdn: 362, fixedMissingAsnRef: 0 }
[vercel-build] [fareharbor-normalize] asn normalized { normalizedAsnToFhdn: 363, fixedMissingAsnRef: 0 }
[vercel-build] [fareharbor-normalize] asn normalized { normalizedAsnToFhdn: 364, fixedMissingAsnRef: 0 }
[vercel-build] [fareharbor-normalize] asn normalized { normalizedAsnToFhdn: 365, fixedMissingAsnRef: 0 }
[vercel-build] [fareharbor-normalize] asn normalized { normalizedAsnToFhdn: 366, fixedMissingAsnRef: 0 }
[vercel-build] [fareharbor-normalize] asn normalized { normalizedAsnToFhdn: 367, fixedMissingAsnRef: 0 }
[vercel-build] [fareharbor-normalize] asn normalized { normalizedAsnToFhdn: 368, fixedMissingAsnRef: 0 }
[vercel-build] [fareharbor-normalize] asn normalized { normalizedAsnToFhdn: 369, fixedMissingAsnRef: 0 }
[vercel-build] [fareharbor-normalize] asn normalized { normalizedAsnToFhdn: 370, fixedMissingAsnRef: 0 }
[vercel-build] [fareharbor-normalize] asn normalized { normalizedAsnToFhdn: 371, fixedMissingAsnRef: 0 }
[vercel-build] [fareharbor-normalize] asn normalized { normalizedAsnToFhdn: 372, fixedMissingAsnRef: 0 }
[vercel-build] [fareharbor-normalize] asn normalized { normalizedAsnToFhdn: 373, fixedMissingAsnRef: 0 }
[vercel-build] [fareharbor-normalize] asn normalized { normalizedAsnToFhdn: 374, fixedMissingAsnRef: 0 }
[vercel-build] [fareharbor-normalize] asn normalized { normalizedAsnToFhdn: 375, fixedMissingAsnRef: 0 }
[vercel-build] [fareharbor-normalize] asn normalized { normalizedAsnToFhdn: 376, fixedMissingAsnRef: 0 }
[vercel-build] [fareharbor-normalize] asn normalized { normalizedAsnToFhdn: 377, fixedMissingAsnRef: 0 }
[vercel-build] [fareharbor-normalize] asn normalized { normalizedAsnToFhdn: 378, fixedMissingAsnRef: 0 }
[vercel-build] [fareharbor-normalize] asn normalized { normalizedAsnToFhdn: 379, fixedMissingAsnRef: 0 }
[vercel-build] [fareharbor-normalize] asn normalized { normalizedAsnToFhdn: 380, fixedMissingAsnRef: 0 }
[vercel-build] [fareharbor-normalize] asn normalized { normalizedAsnToFhdn: 381, fixedMissingAsnRef: 0 }
[vercel-build] [fareharbor-normalize] asn normalized { normalizedAsnToFhdn: 382, fixedMissingAsnRef: 0 }
[vercel-build] [fareharbor-normalize] asn normalized { normalizedAsnToFhdn: 383, fixedMissingAsnRef: 0 }
[vercel-build] [fareharbor-normalize] asn normalized { normalizedAsnToFhdn: 384, fixedMissingAsnRef: 0 }
[vercel-build] [fareharbor-normalize] asn normalized { normalizedAsnToFhdn: 385, fixedMissingAsnRef: 0 }
[vercel-build] [fareharbor-normalize] asn normalized { normalizedAsnToFhdn: 386, fixedMissingAsnRef: 0 }
[vercel-build] [fareharbor-normalize] asn normalized { normalizedAsnToFhdn: 387, fixedMissingAsnRef: 0 }
[vercel-build] [fareharbor-normalize] asn normalized { normalizedAsnToFhdn: 388, fixedMissingAsnRef: 0 }
[vercel-build] [fareharbor-normalize] asn normalized { normalizedAsnToFhdn: 389, fixedMissingAsnRef: 0 }
[vercel-build] [fareharbor-normalize] asn normalized { normalizedAsnToFhdn: 390, fixedMissingAsnRef: 0 }
[vercel-build] [fareharbor-normalize] asn normalized { normalizedAsnToFhdn: 391, fixedMissingAsnRef: 0 }
[vercel-build] [fareharbor-normalize] asn normalized { normalizedAsnToFhdn: 392, fixedMissingAsnRef: 0 }
[vercel-build] [fareharbor-normalize] asn normalized { normalizedAsnToFhdn: 393, fixedMissingAsnRef: 0 }
[vercel-build] [fareharbor-normalize] asn normalized { normalizedAsnToFhdn: 394, fixedMissingAsnRef: 0 }
[vercel-build] [fareharbor-normalize] asn normalized { normalizedAsnToFhdn: 395, fixedMissingAsnRef: 0 }
[vercel-build] [fareharbor-normalize] asn normalized { normalizedAsnToFhdn: 396, fixedMissingAsnRef: 0 }
[vercel-build] [fareharbor-normalize] asn normalized { normalizedAsnToFhdn: 397, fixedMissingAsnRef: 0 }
[vercel-build] [fareharbor-normalize] asn normalized { normalizedAsnToFhdn: 398, fixedMissingAsnRef: 0 }
[vercel-build] [fareharbor-normalize] asn normalized { normalizedAsnToFhdn: 399, fixedMissingAsnRef: 0 }
[vercel-build] [fareharbor-normalize] asn normalized { normalizedAsnToFhdn: 400, fixedMissingAsnRef: 0 }
[vercel-build] [fareharbor-normalize] asn normalized { normalizedAsnToFhdn: 401, fixedMissingAsnRef: 0 }
[vercel-build] [fareharbor-normalize] asn normalized { normalizedAsnToFhdn: 402, fixedMissingAsnRef: 0 }
[vercel-build] [fareharbor-normalize] asn normalized { normalizedAsnToFhdn: 403, fixedMissingAsnRef: 0 }
[vercel-build] [fareharbor-normalize] asn normalized { normalizedAsnToFhdn: 404, fixedMissingAsnRef: 0 }
[vercel-build] [fareharbor-normalize] asn normalized { normalizedAsnToFhdn: 405, fixedMissingAsnRef: 0 }
[vercel-build] [fareharbor-normalize] asn normalized { normalizedAsnToFhdn: 406, fixedMissingAsnRef: 0 }
[vercel-build] [fareharbor-normalize] asn normalized { normalizedAsnToFhdn: 407, fixedMissingAsnRef: 0 }
[vercel-build] [fareharbor-normalize] asn normalized { normalizedAsnToFhdn: 408, fixedMissingAsnRef: 0 }
[vercel-build] [fareharbor-normalize] asn normalized { normalizedAsnToFhdn: 409, fixedMissingAsnRef: 0 }
[vercel-build] [fareharbor-normalize] asn normalized { normalizedAsnToFhdn: 410, fixedMissingAsnRef: 0 }
[vercel-build] [fareharbor-normalize] asn normalized { normalizedAsnToFhdn: 411, fixedMissingAsnRef: 0 }
[vercel-build] [fareharbor-normalize] asn normalized { normalizedAsnToFhdn: 412, fixedMissingAsnRef: 0 }
[vercel-build] [fareharbor-normalize] asn normalized { normalizedAsnToFhdn: 413, fixedMissingAsnRef: 0 }
[vercel-build] [fareharbor-normalize] asn normalized { normalizedAsnToFhdn: 414, fixedMissingAsnRef: 0 }
[vercel-build] [fareharbor-normalize] asn normalized { normalizedAsnToFhdn: 415, fixedMissingAsnRef: 0 }
[vercel-build] [fareharbor-normalize] asn normalized { normalizedAsnToFhdn: 416, fixedMissingAsnRef: 0 }
[vercel-build] [fareharbor-normalize] asn normalized { normalizedAsnToFhdn: 417, fixedMissingAsnRef: 0 }
[vercel-build] [fareharbor-normalize] asn normalized { normalizedAsnToFhdn: 418, fixedMissingAsnRef: 0 }
[vercel-build] [fareharbor-normalize] asn normalized { normalizedAsnToFhdn: 419, fixedMissingAsnRef: 0 }
[vercel-build] [fareharbor-normalize] asn normalized { normalizedAsnToFhdn: 420, fixedMissingAsnRef: 0 }
[vercel-build] [fareharbor-normalize] asn normalized { normalizedAsnToFhdn: 421, fixedMissingAsnRef: 0 }
[vercel-build] [fareharbor-normalize] asn normalized { normalizedAsnToFhdn: 422, fixedMissingAsnRef: 0 }
[vercel-build] [fareharbor-normalize] asn normalized { normalizedAsnToFhdn: 423, fixedMissingAsnRef: 0 }
[vercel-build] [fareharbor-normalize] asn normalized { normalizedAsnToFhdn: 424, fixedMissingAsnRef: 0 }
[vercel-build] [fareharbor-normalize] asn normalized { normalizedAsnToFhdn: 425, fixedMissingAsnRef: 0 }
[vercel-build] [fareharbor-normalize] asn normalized { normalizedAsnToFhdn: 426, fixedMissingAsnRef: 0 }
[vercel-build] [fareharbor-normalize] asn normalized { normalizedAsnToFhdn: 427, fixedMissingAsnRef: 0 }
[vercel-build] [fareharbor-normalize] asn normalized { normalizedAsnToFhdn: 428, fixedMissingAsnRef: 0 }
[vercel-build] [fareharbor-normalize] asn normalized { normalizedAsnToFhdn: 429, fixedMissingAsnRef: 0 }
[vercel-build] [fareharbor-normalize] asn normalized { normalizedAsnToFhdn: 430, fixedMissingAsnRef: 0 }
[vercel-build] [fareharbor-normalize] asn normalized { normalizedAsnToFhdn: 431, fixedMissingAsnRef: 0 }
[vercel-build] [fareharbor-normalize] asn normalized { normalizedAsnToFhdn: 432, fixedMissingAsnRef: 0 }
[vercel-build] [fareharbor-normalize] asn normalized { normalizedAsnToFhdn: 433, fixedMissingAsnRef: 0 }
[vercel-build] [fareharbor-normalize] asn normalized { normalizedAsnToFhdn: 434, fixedMissingAsnRef: 0 }
[vercel-build] [fareharbor-normalize] asn normalized { normalizedAsnToFhdn: 435, fixedMissingAsnRef: 0 }
[vercel-build] [fareharbor-normalize] asn normalized { normalizedAsnToFhdn: 436, fixedMissingAsnRef: 0 }
[vercel-build] [fareharbor-normalize] asn normalized { normalizedAsnToFhdn: 437, fixedMissingAsnRef: 0 }
[vercel-build] [fareharbor-normalize] asn normalized { normalizedAsnToFhdn: 438, fixedMissingAsnRef: 0 }
[vercel-build] [fareharbor-normalize] asn normalized { normalizedAsnToFhdn: 439, fixedMissingAsnRef: 0 }
[vercel-build] [fareharbor-normalize] asn normalized { normalizedAsnToFhdn: 440, fixedMissingAsnRef: 0 }
[vercel-build] [fareharbor-normalize] asn normalized { normalizedAsnToFhdn: 441, fixedMissingAsnRef: 0 }
[vercel-build] [fareharbor-normalize] asn normalized { normalizedAsnToFhdn: 442, fixedMissingAsnRef: 0 }
[vercel-build] [fareharbor-normalize] asn normalized { normalizedAsnToFhdn: 443, fixedMissingAsnRef: 0 }
[vercel-build] [fareharbor-normalize] asn normalized { normalizedAsnToFhdn: 444, fixedMissingAsnRef: 0 }
[vercel-build] [fareharbor-normalize] asn normalized { normalizedAsnToFhdn: 445, fixedMissingAsnRef: 0 }
[vercel-build] [fareharbor-normalize] asn normalized { normalizedAsnToFhdn: 446, fixedMissingAsnRef: 0 }
[vercel-build] [fareharbor-normalize] asn normalized { normalizedAsnToFhdn: 447, fixedMissingAsnRef: 0 }
[vercel-build] [fareharbor-normalize] asn normalized { normalizedAsnToFhdn: 448, fixedMissingAsnRef: 0 }
[vercel-build] [fareharbor-normalize] asn normalized { normalizedAsnToFhdn: 449, fixedMissingAsnRef: 0 }
[vercel-build] [fareharbor-normalize] asn normalized { normalizedAsnToFhdn: 450, fixedMissingAsnRef: 0 }
[vercel-build] [fareharbor-normalize] asn normalized { normalizedAsnToFhdn: 451, fixedMissingAsnRef: 0 }
[vercel-build] [fareharbor-normalize] asn normalized { normalizedAsnToFhdn: 452, fixedMissingAsnRef: 0 }
[vercel-build] [fareharbor-normalize] asn normalized { normalizedAsnToFhdn: 453, fixedMissingAsnRef: 0 }
[vercel-build] [fareharbor-normalize] asn normalized { normalizedAsnToFhdn: 454, fixedMissingAsnRef: 0 }
[vercel-build] [fareharbor-normalize] asn normalized { normalizedAsnToFhdn: 455, fixedMissingAsnRef: 0 }
[vercel-build] [fareharbor-normalize] asn normalized { normalizedAsnToFhdn: 456, fixedMissingAsnRef: 0 }
[vercel-build] [fareharbor-normalize] asn normalized { normalizedAsnToFhdn: 457, fixedMissingAsnRef: 0 }
[vercel-build] [fareharbor-normalize] asn normalized { normalizedAsnToFhdn: 458, fixedMissingAsnRef: 0 }
[vercel-build] [fareharbor-normalize] asn normalized { normalizedAsnToFhdn: 459, fixedMissingAsnRef: 0 }
[vercel-build] [fareharbor-normalize] asn normalized { normalizedAsnToFhdn: 460, fixedMissingAsnRef: 0 }
[vercel-build] [fareharbor-normalize] asn normalized { normalizedAsnToFhdn: 461, fixedMissingAsnRef: 0 }
[vercel-build] [fareharbor-normalize] asn normalized { normalizedAsnToFhdn: 462, fixedMissingAsnRef: 0 }
[vercel-build] [fareharbor-normalize] asn normalized { normalizedAsnToFhdn: 463, fixedMissingAsnRef: 0 }
[vercel-build] [fareharbor-normalize] asn normalized { normalizedAsnToFhdn: 464, fixedMissingAsnRef: 0 }
[vercel-build] [fareharbor-normalize] asn normalized { normalizedAsnToFhdn: 465, fixedMissingAsnRef: 0 }
[vercel-build] [fareharbor-normalize] asn normalized { normalizedAsnToFhdn: 466, fixedMissingAsnRef: 0 }
[vercel-build] [fareharbor-normalize] asn normalized { normalizedAsnToFhdn: 467, fixedMissingAsnRef: 0 }
[vercel-build] [fareharbor-normalize] asn normalized { normalizedAsnToFhdn: 468, fixedMissingAsnRef: 0 }
[vercel-build] [fareharbor-normalize] asn normalized { normalizedAsnToFhdn: 469, fixedMissingAsnRef: 0 }
[vercel-build] [fareharbor-normalize] asn normalized { normalizedAsnToFhdn: 470, fixedMissingAsnRef: 0 }
[vercel-build] [fareharbor-normalize] asn normalized { normalizedAsnToFhdn: 471, fixedMissingAsnRef: 0 }
[vercel-build] [fareharbor-normalize] asn normalized { normalizedAsnToFhdn: 472, fixedMissingAsnRef: 0 }
[vercel-build] [fareharbor-normalize] asn normalized { normalizedAsnToFhdn: 473, fixedMissingAsnRef: 0 }
[vercel-build] [fareharbor-normalize] asn normalized { normalizedAsnToFhdn: 474, fixedMissingAsnRef: 0 }
[vercel-build] [fareharbor-normalize] asn normalized { normalizedAsnToFhdn: 475, fixedMissingAsnRef: 0 }
[vercel-build] [fareharbor-normalize] asn normalized { normalizedAsnToFhdn: 476, fixedMissingAsnRef: 0 }
[vercel-build] [fareharbor-normalize] asn normalized { normalizedAsnToFhdn: 477, fixedMissingAsnRef: 0 }
[vercel-build] [fareharbor-normalize] asn normalized { normalizedAsnToFhdn: 478, fixedMissingAsnRef: 0 }
[vercel-build] [fareharbor-normalize] asn normalized { normalizedAsnToFhdn: 479, fixedMissingAsnRef: 0 }
[vercel-build] [fareharbor-normalize] asn normalized { normalizedAsnToFhdn: 480, fixedMissingAsnRef: 0 }
[vercel-build] [fareharbor-normalize] asn normalized { normalizedAsnToFhdn: 481, fixedMissingAsnRef: 0 }
[vercel-build] [fareharbor-normalize] asn normalized { normalizedAsnToFhdn: 482, fixedMissingAsnRef: 0 }
[vercel-build] [fareharbor-normalize] asn normalized { normalizedAsnToFhdn: 483, fixedMissingAsnRef: 0 }
[vercel-build] [fareharbor-normalize] asn normalized { normalizedAsnToFhdn: 484, fixedMissingAsnRef: 0 }
[vercel-build] [fareharbor-normalize] asn normalized { normalizedAsnToFhdn: 485, fixedMissingAsnRef: 0 }
[vercel-build] [fareharbor-normalize] asn normalized { normalizedAsnToFhdn: 486, fixedMissingAsnRef: 0 }
[vercel-build] [fareharbor-normalize] asn normalized { normalizedAsnToFhdn: 487, fixedMissingAsnRef: 0 }
[vercel-build] [fareharbor-normalize] asn normalized { normalizedAsnToFhdn: 488, fixedMissingAsnRef: 0 }
[vercel-build] [fareharbor-normalize] asn normalized { normalizedAsnToFhdn: 489, fixedMissingAsnRef: 0 }
[vercel-build] [fareharbor-normalize] asn normalized { normalizedAsnToFhdn: 490, fixedMissingAsnRef: 0 }
[vercel-build] [fareharbor-normalize] asn normalized { normalizedAsnToFhdn: 491, fixedMissingAsnRef: 0 }
[vercel-build] [fareharbor-normalize] asn normalized { normalizedAsnToFhdn: 492, fixedMissingAsnRef: 0 }
[vercel-build] [fareharbor-normalize] asn normalized { normalizedAsnToFhdn: 493, fixedMissingAsnRef: 0 }
[vercel-build] [fareharbor-normalize] asn normalized { normalizedAsnToFhdn: 494, fixedMissingAsnRef: 0 }
[vercel-build] [fareharbor-normalize] asn normalized { normalizedAsnToFhdn: 495, fixedMissingAsnRef: 0 }
[vercel-build] [fareharbor-normalize] asn normalized { normalizedAsnToFhdn: 496, fixedMissingAsnRef: 0 }
[vercel-build] [fareharbor-normalize] asn normalized { normalizedAsnToFhdn: 497, fixedMissingAsnRef: 0 }
[vercel-build] [fareharbor-normalize] asn normalized { normalizedAsnToFhdn: 498, fixedMissingAsnRef: 0 }
[vercel-build] [fareharbor-normalize] asn normalized { normalizedAsnToFhdn: 499, fixedMissingAsnRef: 0 }
[vercel-build] [fareharbor-normalize] asn normalized { normalizedAsnToFhdn: 500, fixedMissingAsnRef: 0 }
[vercel-build] [fareharbor-normalize] asn normalized { normalizedAsnToFhdn: 501, fixedMissingAsnRef: 0 }
[vercel-build] [fareharbor-normalize] asn normalized { normalizedAsnToFhdn: 502, fixedMissingAsnRef: 0 }
[vercel-build] [fareharbor-normalize] asn normalized { normalizedAsnToFhdn: 503, fixedMissingAsnRef: 0 }
[vercel-build] [fareharbor-normalize] asn normalized { normalizedAsnToFhdn: 504, fixedMissingAsnRef: 0 }
[vercel-build] [fareharbor-normalize] asn normalized { normalizedAsnToFhdn: 505, fixedMissingAsnRef: 0 }
[vercel-build] [fareharbor-normalize] asn normalized { normalizedAsnToFhdn: 506, fixedMissingAsnRef: 0 }
[vercel-build] [fareharbor-normalize] asn normalized { normalizedAsnToFhdn: 507, fixedMissingAsnRef: 0 }
[vercel-build] [fareharbor-normalize] asn normalized { normalizedAsnToFhdn: 508, fixedMissingAsnRef: 0 }
[vercel-build] [fareharbor-normalize] asn normalized { normalizedAsnToFhdn: 509, fixedMissingAsnRef: 0 }
[vercel-build] [fareharbor-normalize] asn normalized { normalizedAsnToFhdn: 510, fixedMissingAsnRef: 0 }
[vercel-build] [fareharbor-normalize] asn normalized { normalizedAsnToFhdn: 511, fixedMissingAsnRef: 0 }
[vercel-build] [fareharbor-normalize] asn normalized { normalizedAsnToFhdn: 512, fixedMissingAsnRef: 0 }
[vercel-build] [fareharbor-normalize] asn normalized { normalizedAsnToFhdn: 513, fixedMissingAsnRef: 0 }
[vercel-build] [fareharbor-normalize] asn normalized { normalizedAsnToFhdn: 514, fixedMissingAsnRef: 0 }
[vercel-build] [fareharbor-normalize] asn normalized { normalizedAsnToFhdn: 515, fixedMissingAsnRef: 0 }
[vercel-build] [fareharbor-normalize] asn normalized { normalizedAsnToFhdn: 516, fixedMissingAsnRef: 0 }
[vercel-build] [fareharbor-normalize] asn normalized { normalizedAsnToFhdn: 517, fixedMissingAsnRef: 0 }
[vercel-build] [fareharbor-normalize] asn normalized { normalizedAsnToFhdn: 518, fixedMissingAsnRef: 0 }
[vercel-build] [fareharbor-normalize] asn normalized { normalizedAsnToFhdn: 519, fixedMissingAsnRef: 0 }
[vercel-build] [fareharbor-normalize] asn normalized { normalizedAsnToFhdn: 520, fixedMissingAsnRef: 0 }
[vercel-build] [fareharbor-normalize] asn normalized { normalizedAsnToFhdn: 521, fixedMissingAsnRef: 0 }
[vercel-build] [fareharbor-normalize] asn normalized { normalizedAsnToFhdn: 522, fixedMissingAsnRef: 0 }
[vercel-build] [fareharbor-normalize] asn normalized { normalizedAsnToFhdn: 523, fixedMissingAsnRef: 0 }
[vercel-build] [fareharbor-normalize] asn normalized { normalizedAsnToFhdn: 524, fixedMissingAsnRef: 0 }
[vercel-build] [fareharbor-normalize] asn normalized { normalizedAsnToFhdn: 525, fixedMissingAsnRef: 0 }
[vercel-build] [fareharbor-normalize] asn normalized { normalizedAsnToFhdn: 526, fixedMissingAsnRef: 0 }
[vercel-build] [fareharbor-normalize] asn normalized { normalizedAsnToFhdn: 527, fixedMissingAsnRef: 0 }
[vercel-build] [fareharbor-normalize] asn normalized { normalizedAsnToFhdn: 528, fixedMissingAsnRef: 0 }
[vercel-build] [fareharbor-normalize] asn normalized { normalizedAsnToFhdn: 529, fixedMissingAsnRef: 0 }
[vercel-build] [fareharbor-normalize] asn normalized { normalizedAsnToFhdn: 530, fixedMissingAsnRef: 0 }
[vercel-build] [fareharbor-normalize] asn normalized { normalizedAsnToFhdn: 531, fixedMissingAsnRef: 0 }
[vercel-build] [fareharbor-normalize] asn normalized { normalizedAsnToFhdn: 532, fixedMissingAsnRef: 0 }
[vercel-build] [fareharbor-normalize] asn normalized { normalizedAsnToFhdn: 533, fixedMissingAsnRef: 0 }
[vercel-build] [fareharbor-normalize] asn normalized { normalizedAsnToFhdn: 534, fixedMissingAsnRef: 0 }
[vercel-build] [fareharbor-normalize] asn normalized { normalizedAsnToFhdn: 535, fixedMissingAsnRef: 0 }
[vercel-build] [fareharbor-normalize] asn normalized { normalizedAsnToFhdn: 536, fixedMissingAsnRef: 0 }
[vercel-build] [fareharbor-normalize] asn normalized { normalizedAsnToFhdn: 537, fixedMissingAsnRef: 0 }
[vercel-build] [fareharbor-normalize] asn normalized { normalizedAsnToFhdn: 538, fixedMissingAsnRef: 0 }
[vercel-build] [fareharbor-normalize] asn normalized { normalizedAsnToFhdn: 539, fixedMissingAsnRef: 0 }
[vercel-build] [fareharbor-normalize] asn normalized { normalizedAsnToFhdn: 540, fixedMissingAsnRef: 0 }
[vercel-build] [fareharbor-normalize] asn normalized { normalizedAsnToFhdn: 541, fixedMissingAsnRef: 0 }
[vercel-build] [fareharbor-normalize] asn normalized { normalizedAsnToFhdn: 542, fixedMissingAsnRef: 0 }
[vercel-build] [fareharbor-normalize] asn normalized { normalizedAsnToFhdn: 543, fixedMissingAsnRef: 0 }
[vercel-build] [fareharbor-normalize] asn normalized { normalizedAsnToFhdn: 544, fixedMissingAsnRef: 0 }
[vercel-build] [fareharbor-normalize] asn normalized { normalizedAsnToFhdn: 545, fixedMissingAsnRef: 0 }
[vercel-build] [fareharbor-normalize] asn normalized { normalizedAsnToFhdn: 546, fixedMissingAsnRef: 0 }
[vercel-build] [fareharbor-normalize] asn normalized { normalizedAsnToFhdn: 547, fixedMissingAsnRef: 0 }
[vercel-build] [fareharbor-normalize] asn normalized { normalizedAsnToFhdn: 548, fixedMissingAsnRef: 0 }
[vercel-build] [fareharbor-normalize] asn normalized { normalizedAsnToFhdn: 549, fixedMissingAsnRef: 0 }
[vercel-build] [fareharbor-normalize] asn normalized { normalizedAsnToFhdn: 550, fixedMissingAsnRef: 0 }
[vercel-build] [fareharbor-normalize] asn normalized { normalizedAsnToFhdn: 551, fixedMissingAsnRef: 0 }
[vercel-build] [fareharbor-normalize] asn normalized { normalizedAsnToFhdn: 552, fixedMissingAsnRef: 0 }
[vercel-build] [fareharbor-normalize] asn normalized { normalizedAsnToFhdn: 553, fixedMissingAsnRef: 0 }
[vercel-build] [fareharbor-normalize] asn normalized { normalizedAsnToFhdn: 554, fixedMissingAsnRef: 0 }
[vercel-build] [fareharbor-normalize] asn normalized { normalizedAsnToFhdn: 555, fixedMissingAsnRef: 0 }
[vercel-build] [fareharbor-normalize] asn normalized { normalizedAsnToFhdn: 556, fixedMissingAsnRef: 0 }
[vercel-build] [fareharbor-normalize] asn normalized { normalizedAsnToFhdn: 557, fixedMissingAsnRef: 0 }
[vercel-build] [fareharbor-normalize] asn normalized { normalizedAsnToFhdn: 558, fixedMissingAsnRef: 0 }
[vercel-build] [fareharbor-normalize] asn normalized { normalizedAsnToFhdn: 559, fixedMissingAsnRef: 0 }
[vercel-build] [fareharbor-normalize] asn normalized { normalizedAsnToFhdn: 560, fixedMissingAsnRef: 0 }
[vercel-build] [fareharbor-normalize] asn normalized { normalizedAsnToFhdn: 561, fixedMissingAsnRef: 0 }
[vercel-build] [fareharbor-normalize] asn normalized { normalizedAsnToFhdn: 562, fixedMissingAsnRef: 0 }
[vercel-build] [fareharbor-normalize] asn normalized { normalizedAsnToFhdn: 563, fixedMissingAsnRef: 0 }
[vercel-build] [fareharbor-normalize] asn normalized { normalizedAsnToFhdn: 564, fixedMissingAsnRef: 0 }
[vercel-build] [fareharbor-normalize] asn normalized { normalizedAsnToFhdn: 565, fixedMissingAsnRef: 0 }
[vercel-build] [fareharbor-normalize] asn normalized { normalizedAsnToFhdn: 566, fixedMissingAsnRef: 0 }
[vercel-build] [fareharbor-normalize] asn normalized { normalizedAsnToFhdn: 567, fixedMissingAsnRef: 0 }
[vercel-build] [fareharbor-normalize] asn normalized { normalizedAsnToFhdn: 568, fixedMissingAsnRef: 0 }
[vercel-build] [fareharbor-normalize] asn normalized { normalizedAsnToFhdn: 569, fixedMissingAsnRef: 0 }
[vercel-build] [fareharbor-normalize] asn normalized { normalizedAsnToFhdn: 570, fixedMissingAsnRef: 0 }
[vercel-build] [fareharbor-normalize] asn normalized { normalizedAsnToFhdn: 571, fixedMissingAsnRef: 0 }
[vercel-build] [fareharbor-normalize] asn normalized { normalizedAsnToFhdn: 572, fixedMissingAsnRef: 0 }
[vercel-build] [fareharbor-normalize] asn normalized { normalizedAsnToFhdn: 573, fixedMissingAsnRef: 0 }
[vercel-build] [fareharbor-normalize] asn normalized { normalizedAsnToFhdn: 574, fixedMissingAsnRef: 0 }
[vercel-build] [fareharbor-normalize] asn normalized { normalizedAsnToFhdn: 575, fixedMissingAsnRef: 0 }
[vercel-build] [fareharbor-normalize] asn normalized { normalizedAsnToFhdn: 576, fixedMissingAsnRef: 0 }
[vercel-build] [fareharbor-normalize] asn normalized { normalizedAsnToFhdn: 577, fixedMissingAsnRef: 0 }
[vercel-build] [fareharbor-normalize] asn normalized { normalizedAsnToFhdn: 578, fixedMissingAsnRef: 0 }
[vercel-build] [fareharbor-normalize] asn normalized { normalizedAsnToFhdn: 579, fixedMissingAsnRef: 0 }
[vercel-build] [fareharbor-normalize] asn normalized { normalizedAsnToFhdn: 580, fixedMissingAsnRef: 0 }
[vercel-build] [fareharbor-normalize] asn normalized { normalizedAsnToFhdn: 581, fixedMissingAsnRef: 0 }
[vercel-build] [fareharbor-normalize] asn normalized { normalizedAsnToFhdn: 582, fixedMissingAsnRef: 0 }
[vercel-build] [fareharbor-normalize] asn normalized { normalizedAsnToFhdn: 583, fixedMissingAsnRef: 0 }
[vercel-build] [fareharbor-normalize] asn normalized { normalizedAsnToFhdn: 584, fixedMissingAsnRef: 0 }
[vercel-build] [fareharbor-normalize] asn normalized { normalizedAsnToFhdn: 585, fixedMissingAsnRef: 0 }
[vercel-build] [fareharbor-normalize] asn normalized { normalizedAsnToFhdn: 586, fixedMissingAsnRef: 0 }
[vercel-build] [fareharbor-normalize] asn normalized { normalizedAsnToFhdn: 587, fixedMissingAsnRef: 0 }
[vercel-build] [fareharbor-normalize] asn normalized { normalizedAsnToFhdn: 588, fixedMissingAsnRef: 0 }
[vercel-build] [fareharbor-normalize] asn normalized { normalizedAsnToFhdn: 589, fixedMissingAsnRef: 0 }
[vercel-build] [fareharbor-normalize] asn normalized { normalizedAsnToFhdn: 590, fixedMissingAsnRef: 0 }
[vercel-build] [fareharbor-normalize] asn normalized { normalizedAsnToFhdn: 591, fixedMissingAsnRef: 0 }
[vercel-build] [fareharbor-normalize] asn normalized { normalizedAsnToFhdn: 592, fixedMissingAsnRef: 0 }
[vercel-build] [fareharbor-normalize] asn normalized { normalizedAsnToFhdn: 593, fixedMissingAsnRef: 0 }
[vercel-build] [fareharbor-normalize] asn normalized { normalizedAsnToFhdn: 594, fixedMissingAsnRef: 0 }
[vercel-build] [fareharbor-normalize] asn normalized { normalizedAsnToFhdn: 595, fixedMissingAsnRef: 0 }
[vercel-build] [fareharbor-normalize] asn normalized { normalizedAsnToFhdn: 596, fixedMissingAsnRef: 0 }
[vercel-build] [fareharbor-normalize] asn normalized { normalizedAsnToFhdn: 597, fixedMissingAsnRef: 0 }
[vercel-build] [fareharbor-normalize] asn normalized { normalizedAsnToFhdn: 598, fixedMissingAsnRef: 0 }
[vercel-build] [fareharbor-normalize] asn normalized { normalizedAsnToFhdn: 599, fixedMissingAsnRef: 0 }
[vercel-build] [fareharbor-normalize] asn normalized { normalizedAsnToFhdn: 600, fixedMissingAsnRef: 0 }
[vercel-build] [fareharbor-normalize] asn normalized { normalizedAsnToFhdn: 601, fixedMissingAsnRef: 0 }
[vercel-build] [fareharbor-normalize] asn normalized { normalizedAsnToFhdn: 602, fixedMissingAsnRef: 0 }
[vercel-build] [fareharbor-normalize] asn normalized { normalizedAsnToFhdn: 603, fixedMissingAsnRef: 0 }
[vercel-build] [fareharbor-normalize] asn normalized { normalizedAsnToFhdn: 604, fixedMissingAsnRef: 0 }
[vercel-build] [fareharbor-normalize] asn normalized { normalizedAsnToFhdn: 605, fixedMissingAsnRef: 0 }
[vercel-build] [fareharbor-normalize] asn normalized { normalizedAsnToFhdn: 606, fixedMissingAsnRef: 0 }
[vercel-build] [fareharbor-normalize] asn normalized { normalizedAsnToFhdn: 607, fixedMissingAsnRef: 0 }
[vercel-build] [fareharbor-normalize] asn normalized { normalizedAsnToFhdn: 608, fixedMissingAsnRef: 0 }
[vercel-build] [fareharbor-normalize] asn normalized { normalizedAsnToFhdn: 609, fixedMissingAsnRef: 0 }
[vercel-build] [fareharbor-normalize] asn normalized { normalizedAsnToFhdn: 610, fixedMissingAsnRef: 0 }
[vercel-build] [fareharbor-normalize] asn normalized { normalizedAsnToFhdn: 611, fixedMissingAsnRef: 0 }
[vercel-build] [fareharbor-normalize] asn normalized { normalizedAsnToFhdn: 612, fixedMissingAsnRef: 0 }
[vercel-build] [fareharbor-normalize] asn normalized { normalizedAsnToFhdn: 613, fixedMissingAsnRef: 0 }
[vercel-build] [fareharbor-normalize] asn normalized { normalizedAsnToFhdn: 614, fixedMissingAsnRef: 0 }
[vercel-build] [fareharbor-normalize] asn normalized { normalizedAsnToFhdn: 615, fixedMissingAsnRef: 0 }
[vercel-build] [fareharbor-normalize] asn normalized { normalizedAsnToFhdn: 616, fixedMissingAsnRef: 0 }
[vercel-build] [fareharbor-normalize] asn normalized { normalizedAsnToFhdn: 617, fixedMissingAsnRef: 0 }
[vercel-build] [fareharbor-normalize] asn normalized { normalizedAsnToFhdn: 618, fixedMissingAsnRef: 0 }
[vercel-build] [fareharbor-normalize] asn normalized { normalizedAsnToFhdn: 619, fixedMissingAsnRef: 0 }
[vercel-build] [fareharbor-normalize] asn normalized { normalizedAsnToFhdn: 620, fixedMissingAsnRef: 0 }
[vercel-build] [fareharbor-normalize] asn normalized { normalizedAsnToFhdn: 621, fixedMissingAsnRef: 0 }
[vercel-build] [fareharbor-normalize] asn normalized { normalizedAsnToFhdn: 622, fixedMissingAsnRef: 0 }
[vercel-build] [fareharbor-normalize] asn normalized { normalizedAsnToFhdn: 623, fixedMissingAsnRef: 0 }
[vercel-build] [fareharbor-normalize] asn normalized { normalizedAsnToFhdn: 624, fixedMissingAsnRef: 0 }
[vercel-build] [fareharbor-normalize] asn normalized { normalizedAsnToFhdn: 625, fixedMissingAsnRef: 0 }
[vercel-build] [fareharbor-normalize] asn normalized { normalizedAsnToFhdn: 626, fixedMissingAsnRef: 0 }
[vercel-build] [fareharbor-normalize] asn normalized { normalizedAsnToFhdn: 627, fixedMissingAsnRef: 0 }
[vercel-build] [fareharbor-normalize] asn normalized { normalizedAsnToFhdn: 628, fixedMissingAsnRef: 0 }
[vercel-build] [fareharbor-normalize] asn normalized { normalizedAsnToFhdn: 629, fixedMissingAsnRef: 0 }
[vercel-build] [fareharbor-normalize] asn normalized { normalizedAsnToFhdn: 630, fixedMissingAsnRef: 0 }
[vercel-build] [fareharbor-normalize] asn normalized { normalizedAsnToFhdn: 631, fixedMissingAsnRef: 0 }
[vercel-build] [fareharbor-normalize] asn normalized { normalizedAsnToFhdn: 632, fixedMissingAsnRef: 0 }
[vercel-build] [fareharbor-normalize] asn normalized { normalizedAsnToFhdn: 633, fixedMissingAsnRef: 0 }
[vercel-build] [fareharbor-normalize] asn normalized { normalizedAsnToFhdn: 634, fixedMissingAsnRef: 0 }
[vercel-build] [fareharbor-normalize] asn normalized { normalizedAsnToFhdn: 635, fixedMissingAsnRef: 0 }
[vercel-build] [fareharbor-normalize] asn normalized { normalizedAsnToFhdn: 636, fixedMissingAsnRef: 0 }
[vercel-build] [fareharbor-normalize] asn normalized { normalizedAsnToFhdn: 637, fixedMissingAsnRef: 0 }
[vercel-build] [fareharbor-normalize] asn normalized { normalizedAsnToFhdn: 638, fixedMissingAsnRef: 0 }
[vercel-build] [fareharbor-normalize] asn normalized { normalizedAsnToFhdn: 639, fixedMissingAsnRef: 0 }
[vercel-build] [fareharbor-normalize] asn normalized { normalizedAsnToFhdn: 640, fixedMissingAsnRef: 0 }
[vercel-build] [fareharbor-normalize] asn normalized { normalizedAsnToFhdn: 641, fixedMissingAsnRef: 0 }
[vercel-build] [fareharbor-normalize] asn normalized { normalizedAsnToFhdn: 642, fixedMissingAsnRef: 0 }
[vercel-build] [fareharbor-normalize] asn normalized { normalizedAsnToFhdn: 643, fixedMissingAsnRef: 0 }
[vercel-build] [fareharbor-normalize] asn normalized { normalizedAsnToFhdn: 644, fixedMissingAsnRef: 0 }
[vercel-build] [fareharbor-normalize] asn normalized { normalizedAsnToFhdn: 645, fixedMissingAsnRef: 0 }
[vercel-build] [fareharbor-normalize] asn normalized { normalizedAsnToFhdn: 646, fixedMissingAsnRef: 0 }
[vercel-build] [fareharbor-normalize] asn normalized { normalizedAsnToFhdn: 647, fixedMissingAsnRef: 0 }
[vercel-build] [fareharbor-normalize] asn normalized { normalizedAsnToFhdn: 648, fixedMissingAsnRef: 0 }
[vercel-build] [fareharbor-normalize] asn normalized { normalizedAsnToFhdn: 649, fixedMissingAsnRef: 0 }
[vercel-build] [fareharbor-normalize] asn normalized { normalizedAsnToFhdn: 650, fixedMissingAsnRef: 0 }
[vercel-build] [fareharbor-normalize] asn normalized { normalizedAsnToFhdn: 651, fixedMissingAsnRef: 0 }
[vercel-build] [fareharbor-normalize] asn normalized { normalizedAsnToFhdn: 652, fixedMissingAsnRef: 0 }
[vercel-build] [fareharbor-normalize] asn normalized { normalizedAsnToFhdn: 653, fixedMissingAsnRef: 0 }
[vercel-build] [fareharbor-normalize] asn normalized { normalizedAsnToFhdn: 654, fixedMissingAsnRef: 0 }
[vercel-build] [fareharbor-normalize] asn normalized { normalizedAsnToFhdn: 655, fixedMissingAsnRef: 0 }
[vercel-build] [fareharbor-normalize] asn normalized { normalizedAsnToFhdn: 656, fixedMissingAsnRef: 0 }
[vercel-build] [fareharbor-normalize] asn normalized { normalizedAsnToFhdn: 657, fixedMissingAsnRef: 0 }
[vercel-build] [fareharbor-normalize] asn normalized { normalizedAsnToFhdn: 658, fixedMissingAsnRef: 0 }
[vercel-build] [fareharbor-normalize] asn normalized { normalizedAsnToFhdn: 659, fixedMissingAsnRef: 0 }
[vercel-build] [fareharbor-normalize] asn normalized { normalizedAsnToFhdn: 660, fixedMissingAsnRef: 0 }
[vercel-build] [fareharbor-normalize] asn normalized { normalizedAsnToFhdn: 661, fixedMissingAsnRef: 0 }
[vercel-build] [fareharbor-normalize] asn normalized { normalizedAsnToFhdn: 662, fixedMissingAsnRef: 0 }
[vercel-build] [fareharbor-normalize] asn normalized { normalizedAsnToFhdn: 663, fixedMissingAsnRef: 0 }
[vercel-build] [fareharbor-normalize] asn normalized { normalizedAsnToFhdn: 664, fixedMissingAsnRef: 0 }
[vercel-build] [fareharbor-normalize] asn normalized { normalizedAsnToFhdn: 665, fixedMissingAsnRef: 0 }
[vercel-build] [fareharbor-normalize] asn normalized { normalizedAsnToFhdn: 666, fixedMissingAsnRef: 0 }
[vercel-build] [fareharbor-normalize] asn normalized { normalizedAsnToFhdn: 667, fixedMissingAsnRef: 0 }
[vercel-build] [fareharbor-normalize] asn normalized { normalizedAsnToFhdn: 668, fixedMissingAsnRef: 0 }
[vercel-build] [fareharbor-normalize] asn normalized { normalizedAsnToFhdn: 669, fixedMissingAsnRef: 0 }
[vercel-build] [fareharbor-normalize] asn normalized { normalizedAsnToFhdn: 670, fixedMissingAsnRef: 0 }
[vercel-build] [fareharbor-normalize] asn normalized { normalizedAsnToFhdn: 671, fixedMissingAsnRef: 0 }
[vercel-build] [fareharbor-normalize] asn normalized { normalizedAsnToFhdn: 672, fixedMissingAsnRef: 0 }
[vercel-build] [fareharbor-normalize] asn normalized { normalizedAsnToFhdn: 673, fixedMissingAsnRef: 0 }
[vercel-build] [fareharbor-normalize] asn normalized { normalizedAsnToFhdn: 674, fixedMissingAsnRef: 0 }
[vercel-build] [fareharbor-normalize] asn normalized { normalizedAsnToFhdn: 675, fixedMissingAsnRef: 0 }
[vercel-build] [fareharbor-normalize] asn normalized { normalizedAsnToFhdn: 676, fixedMissingAsnRef: 0 }
[vercel-build] [fareharbor-normalize] asn normalized { normalizedAsnToFhdn: 677, fixedMissingAsnRef: 0 }
[vercel-build] [fareharbor-normalize] asn normalized { normalizedAsnToFhdn: 678, fixedMissingAsnRef: 0 }
[vercel-build] [fareharbor-normalize] asn normalized { normalizedAsnToFhdn: 679, fixedMissingAsnRef: 0 }
[vercel-build] [fareharbor-normalize] asn normalized { normalizedAsnToFhdn: 680, fixedMissingAsnRef: 0 }
[vercel-build] [fareharbor-normalize] asn normalized { normalizedAsnToFhdn: 681, fixedMissingAsnRef: 0 }
[vercel-build] [fareharbor-normalize] asn normalized { normalizedAsnToFhdn: 682, fixedMissingAsnRef: 0 }
[vercel-build] [fareharbor-normalize] asn normalized { normalizedAsnToFhdn: 683, fixedMissingAsnRef: 0 }
[vercel-build] [fareharbor-normalize] asn normalized { normalizedAsnToFhdn: 684, fixedMissingAsnRef: 0 }
[vercel-build] [fareharbor-normalize] asn normalized { normalizedAsnToFhdn: 685, fixedMissingAsnRef: 0 }
[vercel-build] [fareharbor-normalize] asn normalized { normalizedAsnToFhdn: 686, fixedMissingAsnRef: 0 }
[vercel-build] [fareharbor-normalize] asn normalized { normalizedAsnToFhdn: 687, fixedMissingAsnRef: 0 }
[vercel-build] [fareharbor-normalize] asn normalized { normalizedAsnToFhdn: 688, fixedMissingAsnRef: 0 }
[vercel-build] [fareharbor-normalize] asn normalized { normalizedAsnToFhdn: 689, fixedMissingAsnRef: 0 }
[vercel-build] [fareharbor-normalize] asn normalized { normalizedAsnToFhdn: 690, fixedMissingAsnRef: 0 }
[vercel-build] [fareharbor-normalize] asn normalized { normalizedAsnToFhdn: 691, fixedMissingAsnRef: 0 }
[vercel-build] [fareharbor-normalize] asn normalized { normalizedAsnToFhdn: 692, fixedMissingAsnRef: 0 }
[vercel-build] [fareharbor-normalize] asn normalized { normalizedAsnToFhdn: 693, fixedMissingAsnRef: 0 }
[vercel-build] [fareharbor-normalize] asn normalized { normalizedAsnToFhdn: 694, fixedMissingAsnRef: 0 }
[vercel-build] [fareharbor-normalize] asn normalized { normalizedAsnToFhdn: 695, fixedMissingAsnRef: 0 }
[vercel-build] [fareharbor-normalize] asn normalized { normalizedAsnToFhdn: 696, fixedMissingAsnRef: 0 }
[vercel-build] [fareharbor-normalize] asn normalized { normalizedAsnToFhdn: 697, fixedMissingAsnRef: 0 }
[vercel-build] [fareharbor-normalize] asn normalized { normalizedAsnToFhdn: 698, fixedMissingAsnRef: 0 }
[vercel-build] [fareharbor-normalize] asn normalized { normalizedAsnToFhdn: 699, fixedMissingAsnRef: 0 }
[vercel-build] [fareharbor-normalize] asn normalized { normalizedAsnToFhdn: 700, fixedMissingAsnRef: 0 }
[vercel-build] [fareharbor-normalize] asn normalized { normalizedAsnToFhdn: 701, fixedMissingAsnRef: 0 }
[vercel-build] [fareharbor-normalize] asn normalized { normalizedAsnToFhdn: 702, fixedMissingAsnRef: 0 }
[vercel-build] [fareharbor-normalize] asn normalized { normalizedAsnToFhdn: 703, fixedMissingAsnRef: 0 }
[vercel-build] [fareharbor-normalize] asn normalized { normalizedAsnToFhdn: 704, fixedMissingAsnRef: 0 }
[vercel-build] [fareharbor-normalize] asn normalized { normalizedAsnToFhdn: 705, fixedMissingAsnRef: 0 }
[vercel-build] [fareharbor-normalize] asn normalized { normalizedAsnToFhdn: 706, fixedMissingAsnRef: 0 }
[vercel-build] [fareharbor-normalize] asn normalized { normalizedAsnToFhdn: 707, fixedMissingAsnRef: 0 }
[vercel-build] [fareharbor-normalize] asn normalized { normalizedAsnToFhdn: 708, fixedMissingAsnRef: 0 }
[vercel-build] [fareharbor-normalize] asn normalized { normalizedAsnToFhdn: 709, fixedMissingAsnRef: 0 }
[vercel-build] [fareharbor-normalize] asn normalized { normalizedAsnToFhdn: 710, fixedMissingAsnRef: 0 }
[vercel-build] [fareharbor-normalize] asn normalized { normalizedAsnToFhdn: 711, fixedMissingAsnRef: 0 }
[vercel-build] [fareharbor-normalize] asn normalized { normalizedAsnToFhdn: 712, fixedMissingAsnRef: 0 }
[vercel-build] [fareharbor-normalize] asn normalized { normalizedAsnToFhdn: 713, fixedMissingAsnRef: 0 }
[vercel-build] [fareharbor-normalize] asn normalized { normalizedAsnToFhdn: 714, fixedMissingAsnRef: 0 }
[vercel-build] [fareharbor-normalize] asn normalized { normalizedAsnToFhdn: 715, fixedMissingAsnRef: 0 }
[vercel-build] [fareharbor-normalize] asn normalized { normalizedAsnToFhdn: 716, fixedMissingAsnRef: 0 }
[vercel-build] [fareharbor-normalize] asn normalized { normalizedAsnToFhdn: 717, fixedMissingAsnRef: 0 }
[vercel-build] [fareharbor-normalize] asn normalized { normalizedAsnToFhdn: 718, fixedMissingAsnRef: 0 }
[vercel-build] [fareharbor-normalize] asn normalized { normalizedAsnToFhdn: 719, fixedMissingAsnRef: 0 }
[vercel-build] [fareharbor-normalize] asn normalized { normalizedAsnToFhdn: 720, fixedMissingAsnRef: 0 }
[vercel-build] [fareharbor-normalize] asn normalized { normalizedAsnToFhdn: 721, fixedMissingAsnRef: 0 }
[vercel-build] [fareharbor-normalize] asn normalized { normalizedAsnToFhdn: 722, fixedMissingAsnRef: 0 }
[vercel-build] [fareharbor-normalize] asn normalized { normalizedAsnToFhdn: 723, fixedMissingAsnRef: 0 }
[vercel-build] [fareharbor-normalize] asn normalized { normalizedAsnToFhdn: 724, fixedMissingAsnRef: 0 }
[vercel-build] [fareharbor-normalize] asn normalized { normalizedAsnToFhdn: 725, fixedMissingAsnRef: 0 }
[vercel-build] [fareharbor-normalize] asn normalized { normalizedAsnToFhdn: 726, fixedMissingAsnRef: 0 }
[vercel-build] [fareharbor-normalize] asn normalized { normalizedAsnToFhdn: 727, fixedMissingAsnRef: 0 }
[vercel-build] [fareharbor-normalize] asn normalized { normalizedAsnToFhdn: 728, fixedMissingAsnRef: 0 }
[vercel-build] [fareharbor-normalize] asn normalized { normalizedAsnToFhdn: 729, fixedMissingAsnRef: 0 }
[vercel-build] [fareharbor-normalize] asn normalized { normalizedAsnToFhdn: 730, fixedMissingAsnRef: 0 }
[vercel-build] [fareharbor-normalize] asn normalized { normalizedAsnToFhdn: 731, fixedMissingAsnRef: 0 }
[vercel-build] [fareharbor-normalize] asn normalized { normalizedAsnToFhdn: 732, fixedMissingAsnRef: 0 }
[vercel-build] [fareharbor-normalize] asn normalized { normalizedAsnToFhdn: 733, fixedMissingAsnRef: 0 }
[vercel-build] [fareharbor-normalize] asn normalized { normalizedAsnToFhdn: 734, fixedMissingAsnRef: 0 }
[vercel-build] [fareharbor-normalize] asn normalized { normalizedAsnToFhdn: 735, fixedMissingAsnRef: 0 }
[vercel-build] [fareharbor-normalize] asn normalized { normalizedAsnToFhdn: 736, fixedMissingAsnRef: 0 }
[vercel-build] [fareharbor-normalize] asn normalized { normalizedAsnToFhdn: 737, fixedMissingAsnRef: 0 }
[vercel-build] [fareharbor-normalize] asn normalized { normalizedAsnToFhdn: 738, fixedMissingAsnRef: 0 }
[vercel-build] [fareharbor-normalize] asn normalized { normalizedAsnToFhdn: 739, fixedMissingAsnRef: 0 }
[vercel-build] [fareharbor-normalize] asn normalized { normalizedAsnToFhdn: 740, fixedMissingAsnRef: 0 }
[vercel-build] [fareharbor-normalize] asn normalized { normalizedAsnToFhdn: 741, fixedMissingAsnRef: 0 }
[vercel-build] [fareharbor-normalize] asn normalized { normalizedAsnToFhdn: 742, fixedMissingAsnRef: 0 }
[vercel-build] [fareharbor-normalize] asn normalized { normalizedAsnToFhdn: 743, fixedMissingAsnRef: 0 }
[vercel-build] [fareharbor-normalize] asn normalized { normalizedAsnToFhdn: 744, fixedMissingAsnRef: 0 }
[vercel-build] [fareharbor-normalize] asn normalized { normalizedAsnToFhdn: 745, fixedMissingAsnRef: 0 }
[vercel-build] [fareharbor-normalize] asn normalized { normalizedAsnToFhdn: 746, fixedMissingAsnRef: 0 }
[vercel-build] [fareharbor-normalize] asn normalized { normalizedAsnToFhdn: 747, fixedMissingAsnRef: 0 }
[vercel-build] [fareharbor-normalize] asn normalized { normalizedAsnToFhdn: 748, fixedMissingAsnRef: 0 }
[vercel-build] [fareharbor-normalize] asn normalized { normalizedAsnToFhdn: 749, fixedMissingAsnRef: 0 }
[vercel-build] [fareharbor-normalize] asn normalized { normalizedAsnToFhdn: 750, fixedMissingAsnRef: 0 }
[vercel-build] [fareharbor-normalize] asn normalized { normalizedAsnToFhdn: 751, fixedMissingAsnRef: 0 }
[vercel-build] [fareharbor-normalize] asn normalized { normalizedAsnToFhdn: 752, fixedMissingAsnRef: 0 }
[vercel-build] [fareharbor-normalize] asn normalized { normalizedAsnToFhdn: 753, fixedMissingAsnRef: 0 }
[vercel-build] [fareharbor-normalize] asn normalized { normalizedAsnToFhdn: 754, fixedMissingAsnRef: 0 }
[vercel-build] [fareharbor-normalize] asn normalized { normalizedAsnToFhdn: 755, fixedMissingAsnRef: 0 }
[vercel-build] [fareharbor-normalize] asn normalized { normalizedAsnToFhdn: 756, fixedMissingAsnRef: 0 }
[vercel-build] [fareharbor-normalize] asn normalized { normalizedAsnToFhdn: 757, fixedMissingAsnRef: 0 }
[vercel-build] [fareharbor-normalize] asn normalized { normalizedAsnToFhdn: 758, fixedMissingAsnRef: 0 }
[vercel-build] [fareharbor-normalize] asn normalized { normalizedAsnToFhdn: 759, fixedMissingAsnRef: 0 }
[vercel-build] [fareharbor-normalize] asn normalized { normalizedAsnToFhdn: 760, fixedMissingAsnRef: 0 }
[vercel-build] [fareharbor-normalize] asn normalized { normalizedAsnToFhdn: 761, fixedMissingAsnRef: 0 }
[vercel-build] [fareharbor-normalize] asn normalized { normalizedAsnToFhdn: 762, fixedMissingAsnRef: 0 }
[vercel-build] [fareharbor-normalize] asn normalized { normalizedAsnToFhdn: 763, fixedMissingAsnRef: 0 }
[vercel-build] [fareharbor-normalize] asn normalized { normalizedAsnToFhdn: 764, fixedMissingAsnRef: 0 }
[vercel-build] [fareharbor-normalize] asn normalized { normalizedAsnToFhdn: 765, fixedMissingAsnRef: 0 }
[vercel-build] [fareharbor-normalize] asn normalized { normalizedAsnToFhdn: 766, fixedMissingAsnRef: 0 }
[vercel-build] [fareharbor-normalize] asn normalized { normalizedAsnToFhdn: 767, fixedMissingAsnRef: 0 }
[vercel-build] [fareharbor-normalize] asn normalized { normalizedAsnToFhdn: 768, fixedMissingAsnRef: 0 }
[vercel-build] [fareharbor-normalize] asn normalized { normalizedAsnToFhdn: 769, fixedMissingAsnRef: 0 }
[vercel-build] [fareharbor-normalize] asn normalized { normalizedAsnToFhdn: 770, fixedMissingAsnRef: 0 }
[vercel-build] [fareharbor-normalize] asn normalized { normalizedAsnToFhdn: 771, fixedMissingAsnRef: 0 }
[vercel-build] [fareharbor-normalize] asn normalized { normalizedAsnToFhdn: 772, fixedMissingAsnRef: 0 }
[vercel-build] [fareharbor-normalize] asn normalized { normalizedAsnToFhdn: 773, fixedMissingAsnRef: 0 }
[vercel-build] [fareharbor-normalize] asn normalized { normalizedAsnToFhdn: 774, fixedMissingAsnRef: 0 }
[vercel-build] [fareharbor-normalize] asn normalized { normalizedAsnToFhdn: 775, fixedMissingAsnRef: 0 }
[vercel-build] [fareharbor-normalize] asn normalized { normalizedAsnToFhdn: 776, fixedMissingAsnRef: 0 }
[vercel-build] [fareharbor-normalize] asn normalized { normalizedAsnToFhdn: 777, fixedMissingAsnRef: 0 }
[vercel-build] [fareharbor-normalize] asn normalized { normalizedAsnToFhdn: 778, fixedMissingAsnRef: 0 }
[vercel-build] [fareharbor-normalize] asn normalized { normalizedAsnToFhdn: 779, fixedMissingAsnRef: 0 }
[vercel-build] [fareharbor-normalize] asn normalized { normalizedAsnToFhdn: 780, fixedMissingAsnRef: 0 }
[vercel-build] [fareharbor-normalize] asn normalized { normalizedAsnToFhdn: 781, fixedMissingAsnRef: 0 }
[vercel-build] [fareharbor-normalize] asn normalized { normalizedAsnToFhdn: 782, fixedMissingAsnRef: 0 }
[vercel-build] [fareharbor-normalize] asn normalized { normalizedAsnToFhdn: 783, fixedMissingAsnRef: 0 }
[vercel-build] [fareharbor-normalize] asn normalized { normalizedAsnToFhdn: 784, fixedMissingAsnRef: 0 }
[vercel-build] [fareharbor-normalize] asn normalized { normalizedAsnToFhdn: 785, fixedMissingAsnRef: 0 }
[vercel-build] [fareharbor-normalize] asn normalized { normalizedAsnToFhdn: 786, fixedMissingAsnRef: 0 }
[vercel-build] [fareharbor-normalize] asn normalized { normalizedAsnToFhdn: 787, fixedMissingAsnRef: 0 }
[vercel-build] [fareharbor-normalize] asn normalized { normalizedAsnToFhdn: 788, fixedMissingAsnRef: 0 }
[vercel-build] [fareharbor-normalize] asn normalized { normalizedAsnToFhdn: 789, fixedMissingAsnRef: 0 }
[vercel-build] [fareharbor-normalize] asn normalized { normalizedAsnToFhdn: 790, fixedMissingAsnRef: 0 }
[vercel-build] [fareharbor-normalize] asn normalized { normalizedAsnToFhdn: 791, fixedMissingAsnRef: 0 }
[vercel-build] [fareharbor-normalize] asn normalized { normalizedAsnToFhdn: 792, fixedMissingAsnRef: 0 }
[vercel-build] [fareharbor-normalize] asn normalized { normalizedAsnToFhdn: 793, fixedMissingAsnRef: 0 }
[vercel-build] [fareharbor-normalize] asn normalized { normalizedAsnToFhdn: 794, fixedMissingAsnRef: 0 }
[vercel-build] [fareharbor-normalize] asn normalized { normalizedAsnToFhdn: 795, fixedMissingAsnRef: 0 }
[vercel-build] [fareharbor-normalize] asn normalized { normalizedAsnToFhdn: 796, fixedMissingAsnRef: 0 }
[vercel-build] [fareharbor-normalize] asn normalized { normalizedAsnToFhdn: 797, fixedMissingAsnRef: 0 }
[vercel-build] [fareharbor-normalize] asn normalized { normalizedAsnToFhdn: 798, fixedMissingAsnRef: 0 }
[vercel-build] [fareharbor-normalize] asn normalized { normalizedAsnToFhdn: 799, fixedMissingAsnRef: 0 }
[vercel-build] [fareharbor-normalize] asn normalized { normalizedAsnToFhdn: 800, fixedMissingAsnRef: 0 }
[vercel-build] [fareharbor-normalize] asn normalized { normalizedAsnToFhdn: 801, fixedMissingAsnRef: 0 }
[vercel-build] [fareharbor-normalize] asn normalized { normalizedAsnToFhdn: 802, fixedMissingAsnRef: 0 }
[vercel-build] [fareharbor-normalize] asn normalized { normalizedAsnToFhdn: 803, fixedMissingAsnRef: 0 }
[vercel-build] [fareharbor-normalize] asn normalized { normalizedAsnToFhdn: 804, fixedMissingAsnRef: 0 }
[vercel-build] [fareharbor-normalize] asn normalized { normalizedAsnToFhdn: 805, fixedMissingAsnRef: 0 }
[vercel-build] [fareharbor-normalize] asn normalized { normalizedAsnToFhdn: 806, fixedMissingAsnRef: 0 }
[vercel-build] [fareharbor-normalize] asn normalized { normalizedAsnToFhdn: 807, fixedMissingAsnRef: 0 }
[vercel-build] [fareharbor-normalize] asn normalized { normalizedAsnToFhdn: 808, fixedMissingAsnRef: 0 }
[vercel-build] [fareharbor-normalize] asn normalized { normalizedAsnToFhdn: 809, fixedMissingAsnRef: 0 }
[vercel-build] [fareharbor-normalize] asn normalized { normalizedAsnToFhdn: 810, fixedMissingAsnRef: 0 }
[vercel-build] [fareharbor-normalize] asn normalized { normalizedAsnToFhdn: 811, fixedMissingAsnRef: 0 }
[vercel-build] [fareharbor-normalize] asn normalized { normalizedAsnToFhdn: 812, fixedMissingAsnRef: 0 }
[vercel-build] [fareharbor-normalize] asn normalized { normalizedAsnToFhdn: 813, fixedMissingAsnRef: 0 }
[vercel-build] [fareharbor-normalize] asn normalized { normalizedAsnToFhdn: 814, fixedMissingAsnRef: 0 }
[vercel-build] [fareharbor-normalize] asn normalized { normalizedAsnToFhdn: 815, fixedMissingAsnRef: 0 }
[vercel-build] [fareharbor-normalize] asn normalized { normalizedAsnToFhdn: 816, fixedMissingAsnRef: 0 }
[vercel-build] [fareharbor-normalize] asn normalized { normalizedAsnToFhdn: 817, fixedMissingAsnRef: 0 }
[vercel-build] [fareharbor-normalize] asn normalized { normalizedAsnToFhdn: 818, fixedMissingAsnRef: 0 }
[vercel-build] [fareharbor-normalize] asn normalized { normalizedAsnToFhdn: 819, fixedMissingAsnRef: 0 }
[vercel-build] [fareharbor-normalize] asn normalized { normalizedAsnToFhdn: 820, fixedMissingAsnRef: 0 }
[vercel-build] [fareharbor-normalize] asn normalized { normalizedAsnToFhdn: 821, fixedMissingAsnRef: 0 }
[vercel-build] [fareharbor-normalize] asn normalized { normalizedAsnToFhdn: 822, fixedMissingAsnRef: 0 }
[vercel-build] [fareharbor-normalize] asn normalized { normalizedAsnToFhdn: 823, fixedMissingAsnRef: 0 }
[vercel-build] [fareharbor-normalize] asn normalized { normalizedAsnToFhdn: 824, fixedMissingAsnRef: 0 }
[vercel-build] [fareharbor-normalize] asn normalized { normalizedAsnToFhdn: 825, fixedMissingAsnRef: 0 }
[vercel-build] [fareharbor-normalize] asn normalized { normalizedAsnToFhdn: 826, fixedMissingAsnRef: 0 }
[vercel-build] [fareharbor-normalize] asn normalized { normalizedAsnToFhdn: 827, fixedMissingAsnRef: 0 }
[vercel-build] [fareharbor-normalize] asn normalized { normalizedAsnToFhdn: 828, fixedMissingAsnRef: 0 }
[vercel-build] [fareharbor-normalize] asn normalized { normalizedAsnToFhdn: 829, fixedMissingAsnRef: 0 }
[vercel-build] [fareharbor-normalize] asn normalized { normalizedAsnToFhdn: 830, fixedMissingAsnRef: 0 }
[vercel-build] [fareharbor-normalize] asn normalized { normalizedAsnToFhdn: 831, fixedMissingAsnRef: 0 }
[vercel-build] [fareharbor-normalize] asn normalized { normalizedAsnToFhdn: 832, fixedMissingAsnRef: 0 }
[vercel-build] [fareharbor-normalize] asn normalized { normalizedAsnToFhdn: 833, fixedMissingAsnRef: 0 }
[vercel-build] [fareharbor-normalize] asn normalized { normalizedAsnToFhdn: 834, fixedMissingAsnRef: 0 }
[vercel-build] [fareharbor-normalize] asn normalized { normalizedAsnToFhdn: 835, fixedMissingAsnRef: 0 }
[vercel-build] [fareharbor-normalize] asn normalized { normalizedAsnToFhdn: 836, fixedMissingAsnRef: 0 }
[vercel-build] [fareharbor-normalize] asn normalized { normalizedAsnToFhdn: 837, fixedMissingAsnRef: 0 }
[vercel-build] [fareharbor-normalize] asn normalized { normalizedAsnToFhdn: 838, fixedMissingAsnRef: 0 }
[vercel-build] [fareharbor-normalize] asn normalized { normalizedAsnToFhdn: 839, fixedMissingAsnRef: 0 }
[vercel-build] [fareharbor-normalize] asn normalized { normalizedAsnToFhdn: 840, fixedMissingAsnRef: 0 }
[vercel-build] [fareharbor-normalize] asn normalized { normalizedAsnToFhdn: 841, fixedMissingAsnRef: 0 }
[vercel-build] [fareharbor-normalize] asn normalized { normalizedAsnToFhdn: 842, fixedMissingAsnRef: 0 }
[vercel-build] [fareharbor-normalize] asn normalized { normalizedAsnToFhdn: 843, fixedMissingAsnRef: 0 }
[vercel-build] [fareharbor-normalize] asn normalized { normalizedAsnToFhdn: 844, fixedMissingAsnRef: 0 }
[vercel-build] [fareharbor-normalize] asn normalized { normalizedAsnToFhdn: 845, fixedMissingAsnRef: 0 }
[vercel-build] [fareharbor-normalize] asn normalized { normalizedAsnToFhdn: 846, fixedMissingAsnRef: 0 }
[vercel-build] [fareharbor-normalize] asn normalized { normalizedAsnToFhdn: 847, fixedMissingAsnRef: 0 }
[vercel-build] [fareharbor-normalize] asn normalized { normalizedAsnToFhdn: 848, fixedMissingAsnRef: 0 }
[vercel-build] [fareharbor-normalize] asn normalized { normalizedAsnToFhdn: 849, fixedMissingAsnRef: 0 }
[vercel-build] [fareharbor-normalize] asn normalized { normalizedAsnToFhdn: 850, fixedMissingAsnRef: 0 }
[vercel-build] [fareharbor-normalize] asn normalized { normalizedAsnToFhdn: 851, fixedMissingAsnRef: 0 }
[vercel-build] [fareharbor-normalize] asn normalized { normalizedAsnToFhdn: 852, fixedMissingAsnRef: 0 }
[vercel-build] [fareharbor-normalize] asn normalized { normalizedAsnToFhdn: 853, fixedMissingAsnRef: 0 }
[vercel-build] [fareharbor-normalize] asn normalized { normalizedAsnToFhdn: 854, fixedMissingAsnRef: 0 }
[vercel-build] [fareharbor-normalize] asn normalized { normalizedAsnToFhdn: 855, fixedMissingAsnRef: 0 }
[vercel-build] [fareharbor-normalize] asn normalized { normalizedAsnToFhdn: 856, fixedMissingAsnRef: 0 }
[vercel-build] [fareharbor-normalize] asn normalized { normalizedAsnToFhdn: 857, fixedMissingAsnRef: 0 }
[vercel-build] [fareharbor-normalize] asn normalized { normalizedAsnToFhdn: 858, fixedMissingAsnRef: 0 }
[vercel-build] [fareharbor-normalize] asn normalized { normalizedAsnToFhdn: 859, fixedMissingAsnRef: 0 }
[vercel-build] [fareharbor-normalize] asn normalized { normalizedAsnToFhdn: 860, fixedMissingAsnRef: 0 }
[vercel-build] [fareharbor-normalize] asn normalized { normalizedAsnToFhdn: 861, fixedMissingAsnRef: 0 }
[vercel-build] [fareharbor-normalize] asn normalized { normalizedAsnToFhdn: 862, fixedMissingAsnRef: 0 }
[vercel-build] [fareharbor-normalize] asn normalized { normalizedAsnToFhdn: 863, fixedMissingAsnRef: 0 }
[vercel-build] [fareharbor-normalize] asn normalized { normalizedAsnToFhdn: 864, fixedMissingAsnRef: 0 }
[vercel-build] [fareharbor-normalize] asn normalized { normalizedAsnToFhdn: 865, fixedMissingAsnRef: 0 }
[vercel-build] [fareharbor-normalize] asn normalized { normalizedAsnToFhdn: 866, fixedMissingAsnRef: 0 }
[vercel-build] [fareharbor-normalize] asn normalized { normalizedAsnToFhdn: 867, fixedMissingAsnRef: 0 }
[vercel-build] [fareharbor-normalize] asn normalized { normalizedAsnToFhdn: 868, fixedMissingAsnRef: 0 }
[vercel-build] [fareharbor-normalize] asn normalized { normalizedAsnToFhdn: 869, fixedMissingAsnRef: 0 }
[vercel-build] [fareharbor-normalize] asn normalized { normalizedAsnToFhdn: 870, fixedMissingAsnRef: 0 }
[vercel-build] [fareharbor-normalize] asn normalized { normalizedAsnToFhdn: 871, fixedMissingAsnRef: 0 }
[vercel-build] [fareharbor-normalize] asn normalized { normalizedAsnToFhdn: 872, fixedMissingAsnRef: 0 }
[vercel-build] [fareharbor-normalize] asn normalized { normalizedAsnToFhdn: 873, fixedMissingAsnRef: 0 }
[vercel-build] [fareharbor-normalize] asn normalized { normalizedAsnToFhdn: 874, fixedMissingAsnRef: 0 }
[vercel-build] [fareharbor-normalize] asn normalized { normalizedAsnToFhdn: 875, fixedMissingAsnRef: 0 }
[vercel-build] [fareharbor-normalize] asn normalized { normalizedAsnToFhdn: 876, fixedMissingAsnRef: 0 }
[vercel-build] [fareharbor-normalize] asn normalized { normalizedAsnToFhdn: 877, fixedMissingAsnRef: 0 }
[vercel-build] [fareharbor-normalize] asn normalized { normalizedAsnToFhdn: 878, fixedMissingAsnRef: 0 }
[vercel-build] [fareharbor-normalize] asn normalized { normalizedAsnToFhdn: 879, fixedMissingAsnRef: 0 }
[vercel-build] [fareharbor-normalize] asn normalized { normalizedAsnToFhdn: 880, fixedMissingAsnRef: 0 }
[vercel-build] [fareharbor-normalize] asn normalized { normalizedAsnToFhdn: 881, fixedMissingAsnRef: 0 }
[vercel-build] [fareharbor-normalize] asn normalized { normalizedAsnToFhdn: 882, fixedMissingAsnRef: 0 }
[vercel-build] [fareharbor-normalize] asn normalized { normalizedAsnToFhdn: 883, fixedMissingAsnRef: 0 }
[vercel-build] [fareharbor-normalize] asn normalized { normalizedAsnToFhdn: 884, fixedMissingAsnRef: 0 }
[vercel-build] [fareharbor-normalize] asn normalized { normalizedAsnToFhdn: 885, fixedMissingAsnRef: 0 }
[vercel-build] [fareharbor-normalize] asn normalized { normalizedAsnToFhdn: 886, fixedMissingAsnRef: 0 }
[vercel-build] [fareharbor-normalize] asn normalized { normalizedAsnToFhdn: 887, fixedMissingAsnRef: 0 }
[vercel-build] [fareharbor-normalize] asn normalized { normalizedAsnToFhdn: 888, fixedMissingAsnRef: 0 }
[vercel-build] [fareharbor-normalize] asn normalized { normalizedAsnToFhdn: 889, fixedMissingAsnRef: 0 }
[vercel-build] [fareharbor-normalize] asn normalized { normalizedAsnToFhdn: 890, fixedMissingAsnRef: 0 }
[vercel-build] [fareharbor-normalize] asn normalized { normalizedAsnToFhdn: 891, fixedMissingAsnRef: 0 }
[vercel-build] [fareharbor-normalize] asn normalized { normalizedAsnToFhdn: 892, fixedMissingAsnRef: 0 }
[vercel-build] [fareharbor-normalize] asn normalized { normalizedAsnToFhdn: 893, fixedMissingAsnRef: 0 }
[vercel-build] [fareharbor-normalize] asn normalized { normalizedAsnToFhdn: 894, fixedMissingAsnRef: 0 }
[vercel-build] [fareharbor-normalize] asn normalized { normalizedAsnToFhdn: 895, fixedMissingAsnRef: 0 }
[vercel-build] [fareharbor-normalize] asn normalized { normalizedAsnToFhdn: 896, fixedMissingAsnRef: 0 }
[vercel-build] [fareharbor-normalize] asn normalized { normalizedAsnToFhdn: 897, fixedMissingAsnRef: 0 }
[vercel-build] [fareharbor-normalize] asn normalized { normalizedAsnToFhdn: 898, fixedMissingAsnRef: 0 }
[vercel-build] [fareharbor-normalize] asn normalized { normalizedAsnToFhdn: 899, fixedMissingAsnRef: 0 }
[vercel-build] [fareharbor-normalize] asn normalized { normalizedAsnToFhdn: 900, fixedMissingAsnRef: 0 }
[vercel-build] [fareharbor-normalize] asn normalized { normalizedAsnToFhdn: 901, fixedMissingAsnRef: 0 }
[vercel-build] [fareharbor-normalize] asn normalized { normalizedAsnToFhdn: 902, fixedMissingAsnRef: 0 }
[vercel-build] [fareharbor-normalize] asn normalized { normalizedAsnToFhdn: 903, fixedMissingAsnRef: 0 }
[vercel-build] [fareharbor-normalize] asn normalized { normalizedAsnToFhdn: 904, fixedMissingAsnRef: 0 }
[vercel-build] [fareharbor-normalize] asn normalized { normalizedAsnToFhdn: 905, fixedMissingAsnRef: 0 }
[vercel-build] [fareharbor-normalize] asn normalized { normalizedAsnToFhdn: 906, fixedMissingAsnRef: 0 }
[vercel-build] [fareharbor-normalize] asn normalized { normalizedAsnToFhdn: 907, fixedMissingAsnRef: 0 }
[vercel-build] [fareharbor-normalize] asn normalized { normalizedAsnToFhdn: 908, fixedMissingAsnRef: 0 }
[vercel-build] [fareharbor-normalize] asn normalized { normalizedAsnToFhdn: 909, fixedMissingAsnRef: 0 }
[vercel-build] [fareharbor-normalize] asn normalized { normalizedAsnToFhdn: 910, fixedMissingAsnRef: 0 }
[vercel-build] [fareharbor-normalize] asn normalized { normalizedAsnToFhdn: 911, fixedMissingAsnRef: 0 }
[vercel-build] [fareharbor-normalize] asn normalized { normalizedAsnToFhdn: 912, fixedMissingAsnRef: 0 }
[vercel-build] [fareharbor-normalize] asn normalized { normalizedAsnToFhdn: 913, fixedMissingAsnRef: 0 }
[vercel-build] [fareharbor-normalize] asn normalized { normalizedAsnToFhdn: 914, fixedMissingAsnRef: 0 }
[vercel-build] [fareharbor-normalize] asn normalized { normalizedAsnToFhdn: 915, fixedMissingAsnRef: 0 }
[vercel-build] [fareharbor-normalize] asn normalized { normalizedAsnToFhdn: 916, fixedMissingAsnRef: 0 }
[vercel-build] [fareharbor-normalize] asn normalized { normalizedAsnToFhdn: 917, fixedMissingAsnRef: 0 }
[vercel-build] [fareharbor-normalize] asn normalized { normalizedAsnToFhdn: 918, fixedMissingAsnRef: 0 }
[vercel-build] [fareharbor-normalize] asn normalized { normalizedAsnToFhdn: 919, fixedMissingAsnRef: 0 }
[vercel-build] [fareharbor-normalize] asn normalized { normalizedAsnToFhdn: 920, fixedMissingAsnRef: 0 }
[vercel-build] [fareharbor-normalize] asn normalized { normalizedAsnToFhdn: 921, fixedMissingAsnRef: 0 }
[vercel-build] [fareharbor-normalize] asn normalized { normalizedAsnToFhdn: 922, fixedMissingAsnRef: 0 }
[vercel-build] [fareharbor-normalize] asn normalized { normalizedAsnToFhdn: 923, fixedMissingAsnRef: 0 }
[vercel-build] [fareharbor-normalize] asn normalized { normalizedAsnToFhdn: 924, fixedMissingAsnRef: 0 }
[vercel-build] [fareharbor-normalize] asn normalized { normalizedAsnToFhdn: 925, fixedMissingAsnRef: 0 }
[vercel-build] [fareharbor-normalize] asn normalized { normalizedAsnToFhdn: 926, fixedMissingAsnRef: 0 }
[vercel-build] [fareharbor-normalize] asn normalized { normalizedAsnToFhdn: 927, fixedMissingAsnRef: 0 }
[vercel-build] [fareharbor-normalize] asn normalized { normalizedAsnToFhdn: 928, fixedMissingAsnRef: 0 }
[vercel-build] [fareharbor-normalize] asn normalized { normalizedAsnToFhdn: 929, fixedMissingAsnRef: 0 }
[vercel-build] [fareharbor-normalize] asn normalized { normalizedAsnToFhdn: 930, fixedMissingAsnRef: 0 }
[vercel-build] [fareharbor-normalize] asn normalized { normalizedAsnToFhdn: 931, fixedMissingAsnRef: 0 }
[vercel-build] [fareharbor-normalize] asn normalized { normalizedAsnToFhdn: 932, fixedMissingAsnRef: 0 }
[vercel-build] [fareharbor-normalize] asn normalized { normalizedAsnToFhdn: 933, fixedMissingAsnRef: 0 }
[vercel-build] [fareharbor-normalize] asn normalized { normalizedAsnToFhdn: 934, fixedMissingAsnRef: 0 }
[vercel-build] [fareharbor-normalize] asn normalized { normalizedAsnToFhdn: 935, fixedMissingAsnRef: 0 }
[vercel-build] [fareharbor-normalize] asn normalized { normalizedAsnToFhdn: 936, fixedMissingAsnRef: 0 }
[vercel-build] [fareharbor-normalize] asn normalized { normalizedAsnToFhdn: 937, fixedMissingAsnRef: 0 }
[vercel-build] [fareharbor-normalize] asn normalized { normalizedAsnToFhdn: 938, fixedMissingAsnRef: 0 }
[vercel-build] [fareharbor-normalize] asn normalized { normalizedAsnToFhdn: 939, fixedMissingAsnRef: 0 }
[vercel-build] [fareharbor-normalize] asn normalized { normalizedAsnToFhdn: 940, fixedMissingAsnRef: 0 }
[vercel-build] [fareharbor-normalize] asn normalized { normalizedAsnToFhdn: 941, fixedMissingAsnRef: 0 }
[vercel-build] [fareharbor-normalize] asn normalized { normalizedAsnToFhdn: 942, fixedMissingAsnRef: 0 }
[vercel-build] [fareharbor-normalize] asn normalized { normalizedAsnToFhdn: 943, fixedMissingAsnRef: 0 }
[vercel-build] [fareharbor-normalize] asn normalized { normalizedAsnToFhdn: 944, fixedMissingAsnRef: 0 }
[vercel-build] [fareharbor-normalize] asn normalized { normalizedAsnToFhdn: 945, fixedMissingAsnRef: 0 }
[vercel-build] [fareharbor-normalize] asn normalized { normalizedAsnToFhdn: 946, fixedMissingAsnRef: 0 }
[vercel-build] [fareharbor-normalize] asn normalized { normalizedAsnToFhdn: 947, fixedMissingAsnRef: 0 }
[vercel-build] [fareharbor-normalize] asn normalized { normalizedAsnToFhdn: 948, fixedMissingAsnRef: 0 }
[vercel-build] [fareharbor-normalize] asn normalized { normalizedAsnToFhdn: 949, fixedMissingAsnRef: 0 }
[vercel-build] [fareharbor-normalize] asn normalized { normalizedAsnToFhdn: 950, fixedMissingAsnRef: 0 }
[vercel-build] [fareharbor-normalize] asn normalized { normalizedAsnToFhdn: 951, fixedMissingAsnRef: 0 }
[vercel-build] [fareharbor-normalize] asn normalized { normalizedAsnToFhdn: 952, fixedMissingAsnRef: 0 }
[vercel-build] [fareharbor-normalize] asn normalized { normalizedAsnToFhdn: 953, fixedMissingAsnRef: 0 }
[vercel-build] [fareharbor-normalize] asn normalized { normalizedAsnToFhdn: 954, fixedMissingAsnRef: 0 }
[vercel-build] [fareharbor-normalize] asn normalized { normalizedAsnToFhdn: 955, fixedMissingAsnRef: 0 }
[vercel-build] [fareharbor-normalize] asn normalized { normalizedAsnToFhdn: 956, fixedMissingAsnRef: 0 }
[vercel-build] [fareharbor-normalize] asn normalized { normalizedAsnToFhdn: 957, fixedMissingAsnRef: 0 }
[vercel-build] [fareharbor-normalize] asn normalized { normalizedAsnToFhdn: 958, fixedMissingAsnRef: 0 }
[vercel-build] [fareharbor-normalize] asn normalized { normalizedAsnToFhdn: 959, fixedMissingAsnRef: 0 }
[vercel-build] [fareharbor-normalize] asn normalized { normalizedAsnToFhdn: 960, fixedMissingAsnRef: 0 }
[vercel-build] [fareharbor-normalize] asn normalized { normalizedAsnToFhdn: 961, fixedMissingAsnRef: 0 }
[vercel-build] [fareharbor-normalize] asn normalized { normalizedAsnToFhdn: 962, fixedMissingAsnRef: 0 }
[vercel-build] [fareharbor-normalize] asn normalized { normalizedAsnToFhdn: 963, fixedMissingAsnRef: 0 }
[vercel-build] [fareharbor-normalize] asn normalized { normalizedAsnToFhdn: 964, fixedMissingAsnRef: 0 }
[vercel-build] [fareharbor-normalize] asn normalized { normalizedAsnToFhdn: 965, fixedMissingAsnRef: 0 }
[vercel-build] [fareharbor-normalize] asn normalized { normalizedAsnToFhdn: 966, fixedMissingAsnRef: 0 }
[vercel-build] [fareharbor-normalize] asn normalized { normalizedAsnToFhdn: 967, fixedMissingAsnRef: 0 }
[vercel-build] [fareharbor-normalize] asn normalized { normalizedAsnToFhdn: 968, fixedMissingAsnRef: 0 }
[vercel-build] [fareharbor-normalize] asn normalized { normalizedAsnToFhdn: 969, fixedMissingAsnRef: 0 }
[vercel-build] [fareharbor-normalize] asn normalized { normalizedAsnToFhdn: 970, fixedMissingAsnRef: 0 }
[vercel-build] [fareharbor-normalize] asn normalized { normalizedAsnToFhdn: 971, fixedMissingAsnRef: 0 }
[vercel-build] [fareharbor-normalize] asn normalized { normalizedAsnToFhdn: 972, fixedMissingAsnRef: 0 }
[vercel-build] [fareharbor-normalize] asn normalized { normalizedAsnToFhdn: 973, fixedMissingAsnRef: 0 }
[vercel-build] [fareharbor-normalize] asn normalized { normalizedAsnToFhdn: 974, fixedMissingAsnRef: 0 }
[vercel-build] [fareharbor-normalize] asn normalized { normalizedAsnToFhdn: 975, fixedMissingAsnRef: 0 }
[vercel-build] [fareharbor-normalize] asn normalized { normalizedAsnToFhdn: 976, fixedMissingAsnRef: 0 }
[vercel-build] [fareharbor-normalize] asn normalized { normalizedAsnToFhdn: 977, fixedMissingAsnRef: 0 }
[vercel-build] [fareharbor-normalize] asn normalized { normalizedAsnToFhdn: 978, fixedMissingAsnRef: 0 }
[vercel-build] [fareharbor-normalize] asn normalized { normalizedAsnToFhdn: 979, fixedMissingAsnRef: 0 }
[vercel-build] [fareharbor-normalize] asn normalized { normalizedAsnToFhdn: 980, fixedMissingAsnRef: 0 }
[vercel-build] [fareharbor-normalize] asn normalized { normalizedAsnToFhdn: 981, fixedMissingAsnRef: 0 }
[vercel-build] [fareharbor-normalize] asn normalized { normalizedAsnToFhdn: 982, fixedMissingAsnRef: 0 }
[vercel-build] [fareharbor-normalize] asn normalized { normalizedAsnToFhdn: 983, fixedMissingAsnRef: 0 }
[vercel-build] [fareharbor-normalize] asn normalized { normalizedAsnToFhdn: 984, fixedMissingAsnRef: 0 }
[vercel-build] [fareharbor-normalize] asn normalized { normalizedAsnToFhdn: 985, fixedMissingAsnRef: 0 }
[vercel-build] [fareharbor-normalize] asn normalized { normalizedAsnToFhdn: 986, fixedMissingAsnRef: 0 }
[vercel-build] [fareharbor-normalize] asn normalized { normalizedAsnToFhdn: 987, fixedMissingAsnRef: 0 }
[vercel-build] [fareharbor-normalize] asn normalized { normalizedAsnToFhdn: 988, fixedMissingAsnRef: 0 }
[vercel-build] [fareharbor-normalize] asn normalized { normalizedAsnToFhdn: 989, fixedMissingAsnRef: 0 }
[vercel-build] [fareharbor-normalize] asn normalized { normalizedAsnToFhdn: 990, fixedMissingAsnRef: 0 }
[vercel-build] [fareharbor-normalize] asn normalized { normalizedAsnToFhdn: 991, fixedMissingAsnRef: 0 }
[vercel-build] [fareharbor-normalize] asn normalized { normalizedAsnToFhdn: 992, fixedMissingAsnRef: 0 }
[vercel-build] [fareharbor-normalize] asn normalized { normalizedAsnToFhdn: 993, fixedMissingAsnRef: 0 }
[vercel-build] [fareharbor-normalize] asn normalized { normalizedAsnToFhdn: 994, fixedMissingAsnRef: 0 }
[vercel-build] [fareharbor-normalize] asn normalized { normalizedAsnToFhdn: 995, fixedMissingAsnRef: 0 }
[vercel-build] [fareharbor-normalize] asn normalized { normalizedAsnToFhdn: 996, fixedMissingAsnRef: 0 }
[vercel-build] [fareharbor-normalize] asn normalized { normalizedAsnToFhdn: 997, fixedMissingAsnRef: 0 }
[vercel-build] [fareharbor-normalize] asn normalized { normalizedAsnToFhdn: 998, fixedMissingAsnRef: 0 }
[vercel-build] [fareharbor-normalize] asn normalized { normalizedAsnToFhdn: 999, fixedMissingAsnRef: 0 }
[vercel-build] [fareharbor-normalize] asn normalized { normalizedAsnToFhdn: 1000, fixedMissingAsnRef: 0 }
[vercel-build] [fareharbor-normalize] asn normalized { normalizedAsnToFhdn: 1001, fixedMissingAsnRef: 0 }
[vercel-build] [fareharbor-normalize] asn normalized { normalizedAsnToFhdn: 1002, fixedMissingAsnRef: 0 }
[vercel-build] [fareharbor-normalize] asn normalized { normalizedAsnToFhdn: 1003, fixedMissingAsnRef: 0 }
[vercel-build] [fareharbor-normalize] asn normalized { normalizedAsnToFhdn: 1004, fixedMissingAsnRef: 0 }
[vercel-build] [fareharbor-normalize] asn normalized { normalizedAsnToFhdn: 1005, fixedMissingAsnRef: 0 }
[vercel-build] [fareharbor-normalize] asn normalized { normalizedAsnToFhdn: 1006, fixedMissingAsnRef: 0 }
[vercel-build] [fareharbor-normalize] asn normalized { normalizedAsnToFhdn: 1007, fixedMissingAsnRef: 0 }
[vercel-build] [fareharbor-normalize] asn normalized { normalizedAsnToFhdn: 1008, fixedMissingAsnRef: 0 }
[vercel-build] [fareharbor-normalize] asn normalized { normalizedAsnToFhdn: 1009, fixedMissingAsnRef: 0 }
[vercel-build] [fareharbor-normalize] asn normalized { normalizedAsnToFhdn: 1010, fixedMissingAsnRef: 0 }
[vercel-build] [fareharbor-normalize] asn normalized { normalizedAsnToFhdn: 1011, fixedMissingAsnRef: 0 }
[vercel-build] [fareharbor-normalize] asn normalized { normalizedAsnToFhdn: 1012, fixedMissingAsnRef: 0 }
[vercel-build] [fareharbor-normalize] asn normalized { normalizedAsnToFhdn: 1013, fixedMissingAsnRef: 0 }
[vercel-build] [fareharbor-normalize] asn normalized { normalizedAsnToFhdn: 1014, fixedMissingAsnRef: 0 }
[vercel-build] [fareharbor-normalize] asn normalized { normalizedAsnToFhdn: 1015, fixedMissingAsnRef: 0 }
[vercel-build] [fareharbor-normalize] asn normalized { normalizedAsnToFhdn: 1016, fixedMissingAsnRef: 0 }
[vercel-build] [fareharbor-normalize] asn normalized { normalizedAsnToFhdn: 1017, fixedMissingAsnRef: 0 }
[vercel-build] [fareharbor-normalize] asn normalized { normalizedAsnToFhdn: 1018, fixedMissingAsnRef: 0 }
[vercel-build] [fareharbor-normalize] asn normalized { normalizedAsnToFhdn: 1019, fixedMissingAsnRef: 0 }
[vercel-build] [fareharbor-normalize] asn normalized { normalizedAsnToFhdn: 1020, fixedMissingAsnRef: 0 }
[vercel-build] [fareharbor-normalize] asn normalized { normalizedAsnToFhdn: 1021, fixedMissingAsnRef: 0 }
[vercel-build] [fareharbor-normalize] asn normalized { normalizedAsnToFhdn: 1022, fixedMissingAsnRef: 0 }
[vercel-build] [fareharbor-normalize] asn normalized { normalizedAsnToFhdn: 1023, fixedMissingAsnRef: 0 }
[vercel-build] [fareharbor-normalize] asn normalized { normalizedAsnToFhdn: 1024, fixedMissingAsnRef: 0 }
[vercel-build] [fareharbor-normalize] asn normalized { normalizedAsnToFhdn: 1025, fixedMissingAsnRef: 0 }
[vercel-build] [fareharbor-normalize] asn normalized { normalizedAsnToFhdn: 1026, fixedMissingAsnRef: 0 }
[vercel-build] [fareharbor-normalize] asn normalized { normalizedAsnToFhdn: 1027, fixedMissingAsnRef: 0 }
[vercel-build] [fareharbor-normalize] asn normalized { normalizedAsnToFhdn: 1028, fixedMissingAsnRef: 0 }
[vercel-build] [fareharbor-normalize] asn normalized { normalizedAsnToFhdn: 1029, fixedMissingAsnRef: 0 }
[vercel-build] [fareharbor-normalize] asn normalized { normalizedAsnToFhdn: 1030, fixedMissingAsnRef: 0 }
[vercel-build] [fareharbor-normalize] asn normalized { normalizedAsnToFhdn: 1031, fixedMissingAsnRef: 0 }
[vercel-build] [fareharbor-normalize] asn normalized { normalizedAsnToFhdn: 1032, fixedMissingAsnRef: 0 }
[vercel-build] [fareharbor-normalize] asn normalized { normalizedAsnToFhdn: 1033, fixedMissingAsnRef: 0 }
[vercel-build] [fareharbor-normalize] asn normalized { normalizedAsnToFhdn: 1034, fixedMissingAsnRef: 0 }
[vercel-build] [fareharbor-normalize] asn normalized { normalizedAsnToFhdn: 1035, fixedMissingAsnRef: 0 }
[vercel-build] [fareharbor-normalize] asn normalized { normalizedAsnToFhdn: 1036, fixedMissingAsnRef: 0 }
[vercel-build] [fareharbor-normalize] asn normalized { normalizedAsnToFhdn: 1037, fixedMissingAsnRef: 0 }
[vercel-build] [fareharbor-normalize] asn normalized { normalizedAsnToFhdn: 1038, fixedMissingAsnRef: 0 }
[vercel-build] [fareharbor-normalize] asn normalized { normalizedAsnToFhdn: 1039, fixedMissingAsnRef: 0 }
[vercel-build] [fareharbor-normalize] asn normalized { normalizedAsnToFhdn: 1040, fixedMissingAsnRef: 0 }
[vercel-build] [fareharbor-normalize] asn normalized { normalizedAsnToFhdn: 1041, fixedMissingAsnRef: 0 }
[vercel-build] [fareharbor-normalize] asn normalized { normalizedAsnToFhdn: 1042, fixedMissingAsnRef: 0 }
[vercel-build] [fareharbor-normalize] asn normalized { normalizedAsnToFhdn: 1043, fixedMissingAsnRef: 0 }
[vercel-build] [fareharbor-normalize] asn normalized { normalizedAsnToFhdn: 1044, fixedMissingAsnRef: 0 }
[vercel-build] [fareharbor-normalize] asn normalized { normalizedAsnToFhdn: 1045, fixedMissingAsnRef: 0 }
[vercel-build] [fareharbor-normalize] asn normalized { normalizedAsnToFhdn: 1046, fixedMissingAsnRef: 0 }
[vercel-build] [fareharbor-normalize] asn normalized { normalizedAsnToFhdn: 1047, fixedMissingAsnRef: 0 }
[vercel-build] [fareharbor-normalize] asn normalized { normalizedAsnToFhdn: 1048, fixedMissingAsnRef: 0 }
[vercel-build] [fareharbor-normalize] asn normalized { normalizedAsnToFhdn: 1049, fixedMissingAsnRef: 0 }
[vercel-build] [fareharbor-normalize] asn normalized { normalizedAsnToFhdn: 1050, fixedMissingAsnRef: 0 }
[vercel-build] [fareharbor-normalize] asn normalized { normalizedAsnToFhdn: 1051, fixedMissingAsnRef: 0 }
[vercel-build] [fareharbor-normalize] asn normalized { normalizedAsnToFhdn: 1052, fixedMissingAsnRef: 0 }
[vercel-build] [fareharbor-normalize] asn normalized { normalizedAsnToFhdn: 1053, fixedMissingAsnRef: 0 }
[vercel-build] [fareharbor-normalize] asn normalized { normalizedAsnToFhdn: 1054, fixedMissingAsnRef: 0 }
[vercel-build] [fareharbor-normalize] asn normalized { normalizedAsnToFhdn: 1055, fixedMissingAsnRef: 0 }
[vercel-build] [fareharbor-normalize] asn normalized { normalizedAsnToFhdn: 1056, fixedMissingAsnRef: 0 }
[vercel-build] [fareharbor-normalize] asn normalized { normalizedAsnToFhdn: 1057, fixedMissingAsnRef: 0 }
[vercel-build] [fareharbor-normalize] asn normalized { normalizedAsnToFhdn: 1058, fixedMissingAsnRef: 0 }
[vercel-build] [fareharbor-normalize] asn normalized { normalizedAsnToFhdn: 1059, fixedMissingAsnRef: 0 }
[vercel-build] [fareharbor-normalize] asn normalized { normalizedAsnToFhdn: 1060, fixedMissingAsnRef: 0 }
[vercel-build] [fareharbor-normalize] asn normalized { normalizedAsnToFhdn: 1061, fixedMissingAsnRef: 0 }
[vercel-build] [fareharbor-normalize] asn normalized { normalizedAsnToFhdn: 1062, fixedMissingAsnRef: 0 }
[vercel-build] [fareharbor-normalize] asn normalized { normalizedAsnToFhdn: 1063, fixedMissingAsnRef: 0 }
[vercel-build] [fareharbor-normalize] asn normalized { normalizedAsnToFhdn: 1064, fixedMissingAsnRef: 0 }
[vercel-build] [fareharbor-normalize] asn normalized { normalizedAsnToFhdn: 1065, fixedMissingAsnRef: 0 }
[vercel-build] [fareharbor-normalize] asn normalized { normalizedAsnToFhdn: 1066, fixedMissingAsnRef: 0 }
[vercel-build] [fareharbor-normalize] asn normalized { normalizedAsnToFhdn: 1067, fixedMissingAsnRef: 0 }
[vercel-build] [fareharbor-normalize] asn normalized { normalizedAsnToFhdn: 1068, fixedMissingAsnRef: 0 }
[vercel-build] [fareharbor-normalize] asn normalized { normalizedAsnToFhdn: 1069, fixedMissingAsnRef: 0 }
[vercel-build] [fareharbor-normalize] asn normalized { normalizedAsnToFhdn: 1070, fixedMissingAsnRef: 0 }
[vercel-build] [fareharbor-normalize] asn normalized { normalizedAsnToFhdn: 1071, fixedMissingAsnRef: 0 }
[vercel-build] [fareharbor-normalize] asn normalized { normalizedAsnToFhdn: 1072, fixedMissingAsnRef: 0 }
[vercel-build] [fareharbor-normalize] asn normalized { normalizedAsnToFhdn: 1073, fixedMissingAsnRef: 0 }
[vercel-build] [fareharbor-normalize] asn normalized { normalizedAsnToFhdn: 1074, fixedMissingAsnRef: 0 }
[vercel-build] [fareharbor-normalize] asn normalized { normalizedAsnToFhdn: 1075, fixedMissingAsnRef: 0 }
[vercel-build] [fareharbor-normalize] asn normalized { normalizedAsnToFhdn: 1076, fixedMissingAsnRef: 0 }
[vercel-build] [fareharbor-normalize] asn normalized { normalizedAsnToFhdn: 1077, fixedMissingAsnRef: 0 }
[vercel-build] [fareharbor-normalize] asn normalized { normalizedAsnToFhdn: 1078, fixedMissingAsnRef: 0 }
[vercel-build] [fareharbor-normalize] asn normalized { normalizedAsnToFhdn: 1079, fixedMissingAsnRef: 0 }
[vercel-build] [fareharbor-normalize] asn normalized { normalizedAsnToFhdn: 1080, fixedMissingAsnRef: 0 }
[vercel-build] [fareharbor-normalize] asn normalized { normalizedAsnToFhdn: 1081, fixedMissingAsnRef: 0 }
[vercel-build] [fareharbor-normalize] asn normalized { normalizedAsnToFhdn: 1082, fixedMissingAsnRef: 0 }
[vercel-build] [fareharbor-normalize] asn normalized { normalizedAsnToFhdn: 1083, fixedMissingAsnRef: 0 }
[vercel-build] [fareharbor-normalize] asn normalized { normalizedAsnToFhdn: 1084, fixedMissingAsnRef: 0 }
[vercel-build] [fareharbor-normalize] asn normalized { normalizedAsnToFhdn: 1085, fixedMissingAsnRef: 0 }
[vercel-build] [fareharbor-normalize] asn normalized { normalizedAsnToFhdn: 1086, fixedMissingAsnRef: 0 }
[vercel-build] [fareharbor-normalize] asn normalized { normalizedAsnToFhdn: 1087, fixedMissingAsnRef: 0 }
[vercel-build] [fareharbor-normalize] asn normalized { normalizedAsnToFhdn: 1088, fixedMissingAsnRef: 0 }
[vercel-build] [fareharbor-normalize] asn normalized { normalizedAsnToFhdn: 1089, fixedMissingAsnRef: 0 }
[vercel-build] [fareharbor-normalize] asn normalized { normalizedAsnToFhdn: 1090, fixedMissingAsnRef: 0 }
[vercel-build] [fareharbor-normalize] asn normalized { normalizedAsnToFhdn: 1091, fixedMissingAsnRef: 0 }
[vercel-build] [fareharbor-normalize] asn normalized { normalizedAsnToFhdn: 1092, fixedMissingAsnRef: 0 }
[vercel-build] [fareharbor-normalize] asn normalized { normalizedAsnToFhdn: 1093, fixedMissingAsnRef: 0 }
[vercel-build] [fareharbor-normalize] asn normalized { normalizedAsnToFhdn: 1094, fixedMissingAsnRef: 0 }
[vercel-build] [fareharbor-normalize] asn normalized { normalizedAsnToFhdn: 1095, fixedMissingAsnRef: 0 }
[vercel-build] [fareharbor-normalize] asn normalized { normalizedAsnToFhdn: 1096, fixedMissingAsnRef: 0 }
[vercel-build] [fareharbor-normalize] asn normalized { normalizedAsnToFhdn: 1097, fixedMissingAsnRef: 0 }
[vercel-build] [fareharbor-normalize] asn normalized { normalizedAsnToFhdn: 1098, fixedMissingAsnRef: 0 }
[vercel-build] [fareharbor-normalize] asn normalized { normalizedAsnToFhdn: 1099, fixedMissingAsnRef: 0 }
[vercel-build] [fareharbor-normalize] asn normalized { normalizedAsnToFhdn: 1100, fixedMissingAsnRef: 0 }
[vercel-build] [fareharbor-normalize] asn normalized { normalizedAsnToFhdn: 1101, fixedMissingAsnRef: 0 }
[vercel-build] [fareharbor-normalize] asn normalized { normalizedAsnToFhdn: 1102, fixedMissingAsnRef: 0 }
[vercel-build] [fareharbor-normalize] asn normalized { normalizedAsnToFhdn: 1103, fixedMissingAsnRef: 0 }
[vercel-build] [merchant-feed-build] env visibility: {
[vercel-build]   "VERCEL_ENV": "(unset)",
[vercel-build]   "REQUIRE_LIVE_MERCHANT_COMMERCIAL": "1",
[vercel-build]   "requireLiveMerchantCommercial": true,
[vercel-build]   "MERCHANT_FEED_OUTPUT_PATH": "data/merchantFeed.csv",
[vercel-build]   "primaryMerchantFeedOutput": "data/merchantFeed.csv",
[vercel-build]   "MERCHANT_FEED_RUNTIME_BASE_URL": "(unset)",
[vercel-build]   "ENGINE6_RUNTIME_BASE_URL": "(unset)",
[vercel-build]   "runtimeCommercialBaseUrlResolved": "(empty)",
[vercel-build]   "VIATOR_API_BASE_URL": "(unset)",
[vercel-build]   "VIATOR_BASE_URL": "(unset)",
[vercel-build]   "rawEnvSet": {
[vercel-build]     "VIATOR_API_KEY": false,
[vercel-build]     "ENGINE6_VIATOR_API_KEY": false,
[vercel-build]     "VIATOR_PARTNER_API_KEY": false
[vercel-build]   },
[vercel-build]   "resolvedApiKeyVisible": false,
[vercel-build]   "resolvedBaseUrl": "https://api.viator.com/partner"
[vercel-build] }
[vercel-build] 
[vercel-build] Merchant Feed Before:
[vercel-build]   Total rows: 1136
[vercel-build]   Blank price rows: 0
[vercel-build]   Blank average_rating rows: 3
[vercel-build]   Blank rating_count rows: 3
[vercel-build]   Blank review_count rows: 3
[vercel-build]   Blank required-field rows: 0
[vercel-build] --- stderr ---
[vercel-build] [merchant-feed-build] failed: Merchant feed requires VIATOR_API_KEY or MERCHANT_FEED_RUNTIME_BASE_URL for live commercial resolution. Env visibility: {"VERCEL_ENV":null,"REQUIRE_LIVE_MERCHANT_COMMERCIAL":"1","MERCHANT_FEED_RUNTIME_BASE_URL":false,"ENGINE6_RUNTIME_BASE_URL":false,"rawEnvSet":{"VIATOR_API_KEY":false,"ENGINE6_VIATOR_API_KEY":false,"VIATOR_PARTNER_API_KEY":false},"resolvedApiKeyVisible":false,"resolvedBaseUrl":"https://api.viator.com/partner"}
[vercel-build] Error: Merchant feed requires VIATOR_API_KEY or MERCHANT_FEED_RUNTIME_BASE_URL for live commercial resolution. Env visibility: {"VERCEL_ENV":null,"REQUIRE_LIVE_MERCHANT_COMMERCIAL":"1","MERCHANT_FEED_RUNTIME_BASE_URL":false,"ENGINE6_RUNTIME_BASE_URL":false,"rawEnvSet":{"VIATOR_API_KEY":false,"ENGINE6_VIATOR_API_KEY":false,"VIATOR_PARTNER_API_KEY":false},"resolvedApiKeyVisible":false,"resolvedBaseUrl":"https://api.viator.com/partner"}
[vercel-build]     at fetchEngine6LiveCommercialFieldsForSchema (/home/runner/work/alloutdooradventures2/alloutdooradventures2/src/engine6/fetchEngine6LiveCommercialFieldsForSchema.ts:97:15)
[vercel-build]     at <anonymous> (/home/runner/work/alloutdooradventures2/alloutdooradventures2/src/engine6/fetchEngine6LiveCommercialFieldsForSchema.ts:136:34)
[vercel-build]     at Array.map (<anonymous>)
[vercel-build]     at resolveEngine6ToursForProductSchema (/home/runner/work/alloutdooradventures2/alloutdooradventures2/src/engine6/fetchEngine6LiveCommercialFieldsForSchema.ts:135:13)
[vercel-build]     at resolveToursForMerchantFeedGeneration (/home/runner/work/alloutdooradventures2/alloutdooradventures2/scripts/generate-merchant-feed.ts:488:10)
[vercel-build]     at main (/home/runner/work/alloutdooradventures2/alloutdooradventures2/scripts/generate-merchant-feed.ts:538:37)
file:///home/runner/work/alloutdooradventures2/alloutdooradventures2/scripts/vercel-build.mjs:239
    throw new Error(
          ^

Error: generate-merchant-feed.ts failed with exit code 1
--- stdout ---
[fareharbor-normalize] asn normalized { normalizedAsnToFhdn: 1, fixedMissingAsnRef: 0 }
[fareharbor-normalize] asn normalized { normalizedAsnToFhdn: 2, fixedMissingAsnRef: 0 }
[fareharbor-normalize] asn normalized { normalizedAsnToFhdn: 3, fixedMissingAsnRef: 0 }
[fareharbor-normalize] asn normalized { normalizedAsnToFhdn: 4, fixedMissingAsnRef: 0 }
[fareharbor-normalize] asn normalized { normalizedAsnToFhdn: 5, fixedMissingAsnRef: 0 }
[fareharbor-normalize] asn normalized { normalizedAsnToFhdn: 6, fixedMissingAsnRef: 0 }
[fareharbor-normalize] asn normalized { normalizedAsnToFhdn: 7, fixedMissingAsnRef: 0 }
[fareharbor-normalize] asn normalized { normalizedAsnToFhdn: 8, fixedMissingAsnRef: 0 }
[fareharbor-normalize] asn normalized { normalizedAsnToFhdn: 9, fixedMissingAsnRef: 0 }
[fareharbor-normalize] asn normalized { normalizedAsnToFhdn: 10, fixedMissingAsnRef: 0 }
[fareharbor-normalize] asn normalized { normalizedAsnToFhdn: 11, fixedMissingAsnRef: 0 }
[fareharbor-normalize] asn normalized { normalizedAsnToFhdn: 12, fixedMissingAsnRef: 0 }
[fareharbor-normalize] asn normalized { normalizedAsnToFhdn: 13, fixedMissingAsnRef: 0 }
[fareharbor-normalize] asn normalized { normalizedAsnToFhdn: 14, fixedMissingAsnRef: 0 }
[fareharbor-normalize] asn normalized { normalizedAsnToFhdn: 15, fixedMissingAsnRef: 0 }
[fareharbor-normalize] asn normalized { normalizedAsnToFhdn: 16, fixedMissingAsnRef: 0 }
[fareharbor-normalize] asn normalized { normalizedAsnToFhdn: 17, fixedMissingAsnRef: 0 }
[fareharbor-normalize] asn normalized { normalizedAsnToFhdn: 18, fixedMissingAsnRef: 0 }
[fareharbor-normalize] asn normalized { normalizedAsnToFhdn: 19, fixedMissingAsnRef: 0 }
[fareharbor-normalize] asn normalized { normalizedAsnToFhdn: 20, fixedMissingAsnRef: 0 }
[fareharbor-normalize] asn normalized { normalizedAsnToFhdn: 21, fixedMissingAsnRef: 0 }
[fareharbor-normalize] asn normalized { normalizedAsnToFhdn: 22, fixedMissingAsnRef: 0 }
[fareharbor-normalize] asn normalized { normalizedAsnToFhdn: 23, fixedMissingAsnRef: 0 }
[fareharbor-normalize] asn normalized { normalizedAsnToFhdn: 24, fixedMissingAsnRef: 0 }
[fareharbor-normalize] asn normalized { normalizedAsnToFhdn: 25, fixedMissingAsnRef: 0 }
[fareharbor-normalize] asn normalized { normalizedAsnToFhdn: 26, fixedMissingAsnRef: 0 }
[fareharbor-normalize] asn normalized { normalizedAsnToFhdn: 27, fixedMissingAsnRef: 0 }
[fareharbor-normalize] asn normalized { normalizedAsnToFhdn: 28, fixedMissingAsnRef: 0 }
[fareharbor-normalize] asn normalized { normalizedAsnToFhdn: 29, fixedMissingAsnRef: 0 }
[fareharbor-normalize] asn normalized { normalizedAsnToFhdn: 30, fixedMissingAsnRef: 0 }
[fareharbor-normalize] asn normalized { normalizedAsnToFhdn: 31, fixedMissingAsnRef: 0 }
[fareharbor-normalize] asn normalized { normalizedAsnToFhdn: 32, fixedMissingAsnRef: 0 }
[fareharbor-normalize] asn normalized { normalizedAsnToFhdn: 33, fixedMissingAsnRef: 0 }
[fareharbor-normalize] asn normalized { normalizedAsnToFhdn: 34, fixedMissingAsnRef: 0 }
[fareharbor-normalize] asn normalized { normalizedAsnToFhdn: 35, fixedMissingAsnRef: 0 }
[fareharbor-normalize] asn normalized { normalizedAsnToFhdn: 36, fixedMissingAsnRef: 0 }
[fareharbor-normalize] asn normalized { normalizedAsnToFhdn: 37, fixedMissingAsnRef: 0 }
[fareharbor-normalize] asn normalized { normalizedAsnToFhdn: 38, fixedMissingAsnRef: 0 }
[fareharbor-normalize] asn normalized { normalizedAsnToFhdn: 39, fixedMissingAsnRef: 0 }
[fareharbor-normalize] asn normalized { normalizedAsnToFhdn: 40, fixedMissingAsnRef: 0 }
[fareharbor-normalize] asn normalized { normalizedAsnToFhdn: 41, fixedMissingAsnRef: 0 }
[fareharbor-normalize] asn normalized { normalizedAsnToFhdn: 42, fixedMissingAsnRef: 0 }
[fareharbor-normalize] asn normalized { normalizedAsnToFhdn: 43, fixedMissingAsnRef: 0 }
[fareharbor-normalize] asn normalized { normalizedAsnToFhdn: 44, fixedMissingAsnRef: 0 }
[fareharbor-normalize] asn normalized { normalizedAsnToFhdn: 45, fixedMissingAsnRef: 0 }
[fareharbor-normalize] asn normalized { normalizedAsnToFhdn: 46, fixedMissingAsnRef: 0 }
[fareharbor-normalize] asn normalized { normalizedAsnToFhdn: 47, fixedMissingAsnRef: 0 }
[fareharbor-normalize] asn normalized { normalizedAsnToFhdn: 48, fixedMissingAsnRef: 0 }
[fareharbor-normalize] asn normalized { normalizedAsnToFhdn: 49, fixedMissingAsnRef: 0 }
[fareharbor-normalize] asn normalized { normalizedAsnToFhdn: 50, fixedMissingAsnRef: 0 }
[fareharbor-normalize] asn normalized { normalizedAsnToFhdn: 51, fixedMissingAsnRef: 0 }
[fareharbor-normalize] asn normalized { normalizedAsnToFhdn: 52, fixedMissingAsnRef: 0 }
[fareharbor-normalize] asn normalized { normalizedAsnToFhdn: 53, fixedMissingAsnRef: 0 }
[fareharbor-normalize] asn normalized { normalizedAsnToFhdn: 54, fixedMissingAsnRef: 0 }
[fareharbor-normalize] asn normalized { normalizedAsnToFhdn: 55, fixedMissingAsnRef: 0 }
[fareharbor-normalize] asn normalized { normalizedAsnToFhdn: 56, fixedMissingAsnRef: 0 }
[fareharbor-normalize] asn normalized { normalizedAsnToFhdn: 57, fixedMissingAsnRef: 0 }
[fareharbor-normalize] asn normalized { normalizedAsnToFhdn: 58, fixedMissingAsnRef: 0 }
[fareharbor-normalize] asn normalized { normalizedAsnToFhdn: 59, fixedMissingAsnRef: 0 }
[fareharbor-normalize] asn normalized { normalizedAsnToFhdn: 60, fixedMissingAsnRef: 0 }
[fareharbor-normalize] asn normalized { normalizedAsnToFhdn: 61, fixedMissingAsnRef: 0 }
[fareharbor-normalize] asn normalized { normalizedAsnToFhdn: 62, fixedMissingAsnRef: 0 }
[fareharbor-normalize] asn normalized { normalizedAsnToFhdn: 63, fixedMissingAsnRef: 0 }
[fareharbor-normalize] asn normalized { normalizedAsnToFhdn: 64, fixedMissingAsnRef: 0 }
[fareharbor-normalize] asn normalized { normalizedAsnToFhdn: 65, fixedMissingAsnRef: 0 }
[fareharbor-normalize] asn normalized { normalizedAsnToFhdn: 66, fixedMissingAsnRef: 0 }
[fareharbor-normalize] asn normalized { normalizedAsnToFhdn: 67, fixedMissingAsnRef: 0 }
[fareharbor-normalize] asn normalized { normalizedAsnToFhdn: 68, fixedMissingAsnRef: 0 }
[fareharbor-normalize] asn normalized { normalizedAsnToFhdn: 69, fixedMissingAsnRef: 0 }
[fareharbor-normalize] asn normalized { normalizedAsnToFhdn: 70, fixedMissingAsnRef: 0 }
[fareharbor-normalize] asn normalized { normalizedAsnToFhdn: 71, fixedMissingAsnRef: 0 }
[fareharbor-normalize] asn normalized { normalizedAsnToFhdn: 72, fixedMissingAsnRef: 0 }
[fareharbor-normalize] asn normalized { normalizedAsnToFhdn: 73, fixedMissingAsnRef: 0 }
[fareharbor-normalize] asn normalized { normalizedAsnToFhdn: 74, fixedMissingAsnRef: 0 }
[fareharbor-normalize] asn normalized { normalizedAsnToFhdn: 75, fixedMissingAsnRef: 0 }
[fareharbor-normalize] asn normalized { normalizedAsnToFhdn: 76, fixedMissingAsnRef: 0 }
[fareharbor-normalize] asn normalized { normalizedAsnToFhdn: 77, fixedMissingAsnRef: 0 }
[fareharbor-normalize] asn normalized { normalizedAsnToFhdn: 78, fixedMissingAsnRef: 0 }
[fareharbor-normalize] asn normalized { normalizedAsnToFhdn: 79, fixedMissingAsnRef: 0 }
[fareharbor-normalize] asn normalized { normalizedAsnToFhdn: 80, fixedMissingAsnRef: 0 }
[fareharbor-normalize] asn normalized { normalizedAsnToFhdn: 81, fixedMissingAsnRef: 0 }
[fareharbor-normalize] asn normalized { normalizedAsnToFhdn: 82, fixedMissingAsnRef: 0 }
[fareharbor-normalize] asn normalized { normalizedAsnToFhdn: 83, fixedMissingAsnRef: 0 }
[fareharbor-normalize] asn normalized { normalizedAsnToFhdn: 84, fixedMissingAsnRef: 0 }
[fareharbor-normalize] asn normalized { normalizedAsnToFhdn: 85, fixedMissingAsnRef: 0 }
[fareharbor-normalize] asn normalized { normalizedAsnToFhdn: 86, fixedMissingAsnRef: 0 }
[fareharbor-normalize] asn normalized { normalizedAsnToFhdn: 87, fixedMissingAsnRef: 0 }
[fareharbor-normalize] asn normalized { normalizedAsnToFhdn: 88, fixedMissingAsnRef: 0 }
[fareharbor-normalize] asn normalized { normalizedAsnToFhdn: 89, fixedMissingAsnRef: 0 }
[fareharbor-normalize] asn normalized { normalizedAsnToFhdn: 90, fixedMissingAsnRef: 0 }
[fareharbor-normalize] asn normalized { normalizedAsnToFhdn: 91, fixedMissingAsnRef: 0 }
[fareharbor-normalize] asn normalized { normalizedAsnToFhdn: 92, fixedMissingAsnRef: 0 }
[fareharbor-normalize] asn normalized { normalizedAsnToFhdn: 93, fixedMissingAsnRef: 0 }
[fareharbor-normalize] asn normalized { normalizedAsnToFhdn: 94, fixedMissingAsnRef: 0 }
[fareharbor-normalize] asn normalized { normalizedAsnToFhdn: 95, fixedMissingAsnRef: 0 }
[fareharbor-normalize] asn normalized { normalizedAsnToFhdn: 96, fixedMissingAsnRef: 0 }
[fareharbor-normalize] asn normalized { normalizedAsnToFhdn: 97, fixedMissingAsnRef: 0 }
[fareharbor-normalize] asn normalized { normalizedAsnToFhdn: 98, fixedMissingAsnRef: 0 }
[fareharbor-normalize] asn normalized { normalizedAsnToFhdn: 99, fixedMissingAsnRef: 0 }
[fareharbor-normalize] asn normalized { normalizedAsnToFhdn: 100, fixedMissingAsnRef: 0 }
[fareharbor-normalize] asn normalized { normalizedAsnToFhdn: 101, fixedMissingAsnRef: 0 }
[fareharbor-normalize] asn normalized { normalizedAsnToFhdn: 102, fixedMissingAsnRef: 0 }
[fareharbor-normalize] asn normalized { normalizedAsnToFhdn: 103, fixedMissingAsnRef: 0 }
[fareharbor-normalize] asn normalized { normalizedAsnToFhdn: 104, fixedMissingAsnRef: 0 }
[fareharbor-normalize] asn normalized { normalizedAsnToFhdn: 105, fixedMissingAsnRef: 0 }
[fareharbor-normalize] asn normalized { normalizedAsnToFhdn: 106, fixedMissingAsnRef: 0 }
[fareharbor-normalize] asn normalized { normalizedAsnToFhdn: 107, fixedMissingAsnRef: 0 }
[fareharbor-normalize] asn normalized { normalizedAsnToFhdn: 108, fixedMissingAsnRef: 0 }
[fareharbor-normalize] asn normalized { normalizedAsnToFhdn: 109, fixedMissingAsnRef: 0 }
[fareharbor-normalize] asn normalized { normalizedAsnToFhdn: 110, fixedMissingAsnRef: 0 }
[fareharbor-normalize] asn normalized { normalizedAsnToFhdn: 111, fixedMissingAsnRef: 0 }
[fareharbor-normalize] asn normalized { normalizedAsnToFhdn: 112, fixedMissingAsnRef: 0 }
[fareharbor-normalize] asn normalized { normalizedAsnToFhdn: 113, fixedMissingAsnRef: 0 }
[fareharbor-normalize] asn normalized { normalizedAsnToFhdn: 114, fixedMissingAsnRef: 0 }
[fareharbor-normalize] asn normalized { normalizedAsnToFhdn: 115, fixedMissingAsnRef: 0 }
[fareharbor-normalize] asn normalized { normalizedAsnToFhdn: 116, fixedMissingAsnRef: 0 }
[fareharbor-normalize] asn normalized { normalizedAsnToFhdn: 117, fixedMissingAsnRef: 0 }
[fareharbor-normalize] asn normalized { normalizedAsnToFhdn: 118, fixedMissingAsnRef: 0 }
[fareharbor-normalize] asn normalized { normalizedAsnToFhdn: 119, fixedMissingAsnRef: 0 }
[fareharbor-normalize] asn normalized { normalizedAsnToFhdn: 120, fixedMissingAsnRef: 0 }
[fareharbor-normalize] asn normalized { normalizedAsnToFhdn: 121, fixedMissingAsnRef: 0 }
[fareharbor-normalize] asn normalized { normalizedAsnToFhdn: 122, fixedMissingAsnRef: 0 }
[fareharbor-normalize] asn normalized { normalizedAsnToFhdn: 123, fixedMissingAsnRef: 0 }
[fareharbor-normalize] asn normalized { normalizedAsnToFhdn: 124, fixedMissingAsnRef: 0 }
[fareharbor-normalize] asn normalized { normalizedAsnToFhdn: 125, fixedMissingAsnRef: 0 }
[fareharbor-normalize] asn normalized { normalizedAsnToFhdn: 126, fixedMissingAsnRef: 0 }
[fareharbor-normalize] asn normalized { normalizedAsnToFhdn: 127, fixedMissingAsnRef: 0 }
[fareharbor-normalize] asn normalized { normalizedAsnToFhdn: 128, fixedMissingAsnRef: 0 }
[fareharbor-normalize] asn normalized { normalizedAsnToFhdn: 129, fixedMissingAsnRef: 0 }
[fareharbor-normalize] asn normalized { normalizedAsnToFhdn: 130, fixedMissingAsnRef: 0 }
[fareharbor-normalize] asn normalized { normalizedAsnToFhdn: 131, fixedMissingAsnRef: 0 }
[fareharbor-normalize] asn normalized { normalizedAsnToFhdn: 132, fixedMissingAsnRef: 0 }
[fareharbor-normalize] asn normalized { normalizedAsnToFhdn: 133, fixedMissingAsnRef: 0 }
[fareharbor-normalize] asn normalized { normalizedAsnToFhdn: 134, fixedMissingAsnRef: 0 }
[fareharbor-normalize] asn normalized { normalizedAsnToFhdn: 135, fixedMissingAsnRef: 0 }
[fareharbor-normalize] asn normalized { normalizedAsnToFhdn: 136, fixedMissingAsnRef: 0 }
[fareharbor-normalize] asn normalized { normalizedAsnToFhdn: 137, fixedMissingAsnRef: 0 }
[fareharbor-normalize] asn normalized { normalizedAsnToFhdn: 138, fixedMissingAsnRef: 0 }
[fareharbor-normalize] asn normalized { normalizedAsnToFhdn: 139, fixedMissingAsnRef: 0 }
[fareharbor-normalize] asn normalized { normalizedAsnToFhdn: 140, fixedMissingAsnRef: 0 }
[fareharbor-normalize] asn normalized { normalizedAsnToFhdn: 141, fixedMissingAsnRef: 0 }
[fareharbor-normalize] asn normalized { normalizedAsnToFhdn: 142, fixedMissingAsnRef: 0 }
[fareharbor-normalize] asn normalized { normalizedAsnToFhdn: 143, fixedMissingAsnRef: 0 }
[fareharbor-normalize] asn normalized { normalizedAsnToFhdn: 144, fixedMissingAsnRef: 0 }
[fareharbor-normalize] asn normalized { normalizedAsnToFhdn: 145, fixedMissingAsnRef: 0 }
[fareharbor-normalize] asn normalized { normalizedAsnToFhdn: 146, fixedMissingAsnRef: 0 }
[fareharbor-normalize] asn normalized { normalizedAsnToFhdn: 147, fixedMissingAsnRef: 0 }
[fareharbor-normalize] asn normalized { normalizedAsnToFhdn: 148, fixedMissingAsnRef: 0 }
[fareharbor-normalize] asn normalized { normalizedAsnToFhdn: 149, fixedMissingAsnRef: 0 }
[fareharbor-normalize] asn normalized { normalizedAsnToFhdn: 150, fixedMissingAsnRef: 0 }
[fareharbor-normalize] asn normalized { normalizedAsnToFhdn: 151, fixedMissingAsnRef: 0 }
[fareharbor-normalize] asn normalized { normalizedAsnToFhdn: 152, fixedMissingAsnRef: 0 }
[fareharbor-normalize] asn normalized { normalizedAsnToFhdn: 153, fixedMissingAsnRef: 0 }
[fareharbor-normalize] asn normalized { normalizedAsnToFhdn: 154, fixedMissingAsnRef: 0 }
[fareharbor-normalize] asn normalized { normalizedAsnToFhdn: 155, fixedMissingAsnRef: 0 }
[fareharbor-normalize] asn normalized { normalizedAsnToFhdn: 156, fixedMissingAsnRef: 0 }
[fareharbor-normalize] asn normalized { normalizedAsnToFhdn: 157, fixedMissingAsnRef: 0 }
[fareharbor-normalize] asn normalized { normalizedAsnToFhdn: 158, fixedMissingAsnRef: 0 }
[fareharbor-normalize] asn normalized { normalizedAsnToFhdn: 159, fixedMissingAsnRef: 0 }
[fareharbor-normalize] asn normalized { normalizedAsnToFhdn: 160, fixedMissingAsnRef: 0 }
[fareharbor-normalize] asn normalized { normalizedAsnToFhdn: 161, fixedMissingAsnRef: 0 }
[fareharbor-normalize] asn normalized { normalizedAsnToFhdn: 162, fixedMissingAsnRef: 0 }
[fareharbor-normalize] asn normalized { normalizedAsnToFhdn: 163, fixedMissingAsnRef: 0 }
[fareharbor-normalize] asn normalized { normalizedAsnToFhdn: 164, fixedMissingAsnRef: 0 }
[fareharbor-normalize] asn normalized { normalizedAsnToFhdn: 165, fixedMissingAsnRef: 0 }
[fareharbor-normalize] asn normalized { normalizedAsnToFhdn: 166, fixedMissingAsnRef: 0 }
[fareharbor-normalize] asn normalized { normalizedAsnToFhdn: 167, fixedMissingAsnRef: 0 }
[fareharbor-normalize] asn normalized { normalizedAsnToFhdn: 168, fixedMissingAsnRef: 0 }
[fareharbor-normalize] asn normalized { normalizedAsnToFhdn: 169, fixedMissingAsnRef: 0 }
[fareharbor-normalize] asn normalized { normalizedAsnToFhdn: 170, fixedMissingAsnRef: 0 }
[fareharbor-normalize] asn normalized { normalizedAsnToFhdn: 171, fixedMissingAsnRef: 0 }
[fareharbor-normalize] asn normalized { normalizedAsnToFhdn: 172, fixedMissingAsnRef: 0 }
[fareharbor-normalize] asn normalized { normalizedAsnToFhdn: 173, fixedMissingAsnRef: 0 }
[fareharbor-normalize] asn normalized { normalizedAsnToFhdn: 174, fixedMissingAsnRef: 0 }
[fareharbor-normalize] asn normalized { normalizedAsnToFhdn: 175, fixedMissingAsnRef: 0 }
[fareharbor-normalize] asn normalized { normalizedAsnToFhdn: 176, fixedMissingAsnRef: 0 }
[fareharbor-normalize] asn normalized { normalizedAsnToFhdn: 177, fixedMissingAsnRef: 0 }
[fareharbor-normalize] asn normalized { normalizedAsnToFhdn: 178, fixedMissingAsnRef: 0 }
[fareharbor-normalize] asn normalized { normalizedAsnToFhdn: 179, fixedMissingAsnRef: 0 }
[fareharbor-normalize] asn normalized { normalizedAsnToFhdn: 180, fixedMissingAsnRef: 0 }
[fareharbor-normalize] asn normalized { normalizedAsnToFhdn: 181, fixedMissingAsnRef: 0 }
[fareharbor-normalize] asn normalized { normalizedAsnToFhdn: 182, fixedMissingAsnRef: 0 }
[fareharbor-normalize] asn normalized { normalizedAsnToFhdn: 183, fixedMissingAsnRef: 0 }
[fareharbor-normalize] asn normalized { normalizedAsnToFhdn: 184, fixedMissingAsnRef: 0 }
[fareharbor-normalize] asn normalized { normalizedAsnToFhdn: 185, fixedMissingAsnRef: 0 }
[fareharbor-normalize] asn normalized { normalizedAsnToFhdn: 186, fixedMissingAsnRef: 0 }
[fareharbor-normalize] asn normalized { normalizedAsnToFhdn: 187, fixedMissingAsnRef: 0 }
[fareharbor-normalize] asn normalized { normalizedAsnToFhdn: 188, fixedMissingAsnRef: 0 }
[fareharbor-normalize] asn normalized { normalizedAsnToFhdn: 189, fixedMissingAsnRef: 0 }
[fareharbor-normalize] asn normalized { normalizedAsnToFhdn: 190, fixedMissingAsnRef: 0 }
[fareharbor-normalize] asn normalized { normalizedAsnToFhdn: 191, fixedMissingAsnRef: 0 }
[fareharbor-normalize] asn normalized { normalizedAsnToFhdn: 192, fixedMissingAsnRef: 0 }
[fareharbor-normalize] asn normalized { normalizedAsnToFhdn: 193, fixedMissingAsnRef: 0 }
[fareharbor-normalize] asn normalized { normalizedAsnToFhdn: 194, fixedMissingAsnRef: 0 }
[fareharbor-normalize] asn normalized { normalizedAsnToFhdn: 195, fixedMissingAsnRef: 0 }
[fareharbor-normalize] asn normalized { normalizedAsnToFhdn: 196, fixedMissingAsnRef: 0 }
[fareharbor-normalize] asn normalized { normalizedAsnToFhdn: 197, fixedMissingAsnRef: 0 }
[fareharbor-normalize] asn normalized { normalizedAsnToFhdn: 198, fixedMissingAsnRef: 0 }
[fareharbor-normalize] asn normalized { normalizedAsnToFhdn: 199, fixedMissingAsnRef: 0 }
[fareharbor-normalize] asn normalized { normalizedAsnToFhdn: 200, fixedMissingAsnRef: 0 }
[fareharbor-normalize] asn normalized { normalizedAsnToFhdn: 201, fixedMissingAsnRef: 0 }
[fareharbor-normalize] asn normalized { normalizedAsnToFhdn: 202, fixedMissingAsnRef: 0 }
[fareharbor-normalize] asn normalized { normalizedAsnToFhdn: 203, fixedMissingAsnRef: 0 }
[fareharbor-normalize] asn normalized { normalizedAsnToFhdn: 204, fixedMissingAsnRef: 0 }
[fareharbor-normalize] asn normalized { normalizedAsnToFhdn: 205, fixedMissingAsnRef: 0 }
[fareharbor-normalize] asn normalized { normalizedAsnToFhdn: 206, fixedMissingAsnRef: 0 }
[fareharbor-normalize] asn normalized { normalizedAsnToFhdn: 207, fixedMissingAsnRef: 0 }
[fareharbor-normalize] asn normalized { normalizedAsnToFhdn: 208, fixedMissingAsnRef: 0 }
[fareharbor-normalize] asn normalized { normalizedAsnToFhdn: 209, fixedMissingAsnRef: 0 }
[fareharbor-normalize] asn normalized { normalizedAsnToFhdn: 210, fixedMissingAsnRef: 0 }
[fareharbor-normalize] asn normalized { normalizedAsnToFhdn: 211, fixedMissingAsnRef: 0 }
[fareharbor-normalize] asn normalized { normalizedAsnToFhdn: 212, fixedMissingAsnRef: 0 }
[fareharbor-normalize] asn normalized { normalizedAsnToFhdn: 213, fixedMissingAsnRef: 0 }
[fareharbor-normalize] asn normalized { normalizedAsnToFhdn: 214, fixedMissingAsnRef: 0 }
[fareharbor-normalize] asn normalized { normalizedAsnToFhdn: 215, fixedMissingAsnRef: 0 }
[fareharbor-normalize] asn normalized { normalizedAsnToFhdn: 216, fixedMissingAsnRef: 0 }
[fareharbor-normalize] asn normalized { normalizedAsnToFhdn: 217, fixedMissingAsnRef: 0 }
[fareharbor-normalize] asn normalized { normalizedAsnToFhdn: 218, fixedMissingAsnRef: 0 }
[fareharbor-normalize] asn normalized { normalizedAsnToFhdn: 219, fixedMissingAsnRef: 0 }
[fareharbor-normalize] asn normalized { normalizedAsnToFhdn: 220, fixedMissingAsnRef: 0 }
[fareharbor-normalize] asn normalized { normalizedAsnToFhdn: 221, fixedMissingAsnRef: 0 }
[fareharbor-normalize] asn normalized { normalizedAsnToFhdn: 222, fixedMissingAsnRef: 0 }
[fareharbor-normalize] asn normalized { normalizedAsnToFhdn: 223, fixedMissingAsnRef: 0 }
[fareharbor-normalize] asn normalized { normalizedAsnToFhdn: 224, fixedMissingAsnRef: 0 }
[fareharbor-normalize] asn normalized { normalizedAsnToFhdn: 225, fixedMissingAsnRef: 0 }
[fareharbor-normalize] asn normalized { normalizedAsnToFhdn: 226, fixedMissingAsnRef: 0 }
[fareharbor-normalize] asn normalized { normalizedAsnToFhdn: 227, fixedMissingAsnRef: 0 }
[fareharbor-normalize] asn normalized { normalizedAsnToFhdn: 228, fixedMissingAsnRef: 0 }
[fareharbor-normalize] asn normalized { normalizedAsnToFhdn: 229, fixedMissingAsnRef: 0 }
[fareharbor-normalize] asn normalized { normalizedAsnToFhdn: 230, fixedMissingAsnRef: 0 }
[fareharbor-normalize] asn normalized { normalizedAsnToFhdn: 231, fixedMissingAsnRef: 0 }
[fareharbor-normalize] asn normalized { normalizedAsnToFhdn: 232, fixedMissingAsnRef: 0 }
[fareharbor-normalize] asn normalized { normalizedAsnToFhdn: 233, fixedMissingAsnRef: 0 }
[fareharbor-normalize] asn normalized { normalizedAsnToFhdn: 234, fixedMissingAsnRef: 0 }
[fareharbor-normalize] asn normalized { normalizedAsnToFhdn: 235, fixedMissingAsnRef: 0 }
[fareharbor-normalize] asn normalized { normalizedAsnToFhdn: 236, fixedMissingAsnRef: 0 }
[fareharbor-normalize] asn normalized { normalizedAsnToFhdn: 237, fixedMissingAsnRef: 0 }
[fareharbor-normalize] asn normalized { normalizedAsnToFhdn: 238, fixedMissingAsnRef: 0 }
[fareharbor-normalize] asn normalized { normalizedAsnToFhdn: 239, fixedMissingAsnRef: 0 }
[fareharbor-normalize] asn normalized { normalizedAsnToFhdn: 240, fixedMissingAsnRef: 0 }
[fareharbor-normalize] asn normalized { normalizedAsnToFhdn: 241, fixedMissingAsnRef: 0 }
[fareharbor-normalize] asn normalized { normalizedAsnToFhdn: 242, fixedMissingAsnRef: 0 }
[fareharbor-normalize] asn normalized { normalizedAsnToFhdn: 243, fixedMissingAsnRef: 0 }
[fareharbor-normalize] asn normalized { normalizedAsnToFhdn: 244, fixedMissingAsnRef: 0 }
[fareharbor-normalize] asn normalized { normalizedAsnToFhdn: 245, fixedMissingAsnRef: 0 }
[fareharbor-normalize] asn normalized { normalizedAsnToFhdn: 246, fixedMissingAsnRef: 0 }
[fareharbor-normalize] asn normalized { normalizedAsnToFhdn: 247, fixedMissingAsnRef: 0 }
[fareharbor-normalize] asn normalized { normalizedAsnToFhdn: 248, fixedMissingAsnRef: 0 }
[fareharbor-normalize] asn normalized { normalizedAsnToFhdn: 249, fixedMissingAsnRef: 0 }
[fareharbor-normalize] asn normalized { normalizedAsnToFhdn: 250, fixedMissingAsnRef: 0 }
[fareharbor-normalize] asn normalized { normalizedAsnToFhdn: 251, fixedMissingAsnRef: 0 }
[fareharbor-normalize] asn normalized { normalizedAsnToFhdn: 252, fixedMissingAsnRef: 0 }
[fareharbor-normalize] asn normalized { normalizedAsnToFhdn: 253, fixedMissingAsnRef: 0 }
[fareharbor-normalize] asn normalized { normalizedAsnToFhdn: 254, fixedMissingAsnRef: 0 }
[fareharbor-normalize] asn normalized { normalizedAsnToFhdn: 255, fixedMissingAsnRef: 0 }
[fareharbor-normalize] asn normalized { normalizedAsnToFhdn: 256, fixedMissingAsnRef: 0 }
[fareharbor-normalize] asn normalized { normalizedAsnToFhdn: 257, fixedMissingAsnRef: 0 }
[fareharbor-normalize] asn normalized { normalizedAsnToFhdn: 258, fixedMissingAsnRef: 0 }
[fareharbor-normalize] asn normalized { normalizedAsnToFhdn: 259, fixedMissingAsnRef: 0 }
[fareharbor-normalize] asn normalized { normalizedAsnToFhdn: 260, fixedMissingAsnRef: 0 }
[fareharbor-normalize] asn normalized { normalizedAsnToFhdn: 261, fixedMissingAsnRef: 0 }
[fareharbor-normalize] asn normalized { normalizedAsnToFhdn: 262, fixedMissingAsnRef: 0 }
[fareharbor-normalize] asn normalized { normalizedAsnToFhdn: 263, fixedMissingAsnRef: 0 }
[fareharbor-normalize] asn normalized { normalizedAsnToFhdn: 264, fixedMissingAsnRef: 0 }
[fareharbor-normalize] asn normalized { normalizedAsnToFhdn: 265, fixedMissingAsnRef: 0 }
[fareharbor-normalize] asn normalized { normalizedAsnToFhdn: 266, fixedMissingAsnRef: 0 }
[fareharbor-normalize] asn normalized { normalizedAsnToFhdn: 267, fixedMissingAsnRef: 0 }
[fareharbor-normalize] asn normalized { normalizedAsnToFhdn: 268, fixedMissingAsnRef: 0 }
[fareharbor-normalize] asn normalized { normalizedAsnToFhdn: 269, fixedMissingAsnRef: 0 }
[fareharbor-normalize] asn normalized { normalizedAsnToFhdn: 270, fixedMissingAsnRef: 0 }
[fareharbor-normalize] asn normalized { normalizedAsnToFhdn: 271, fixedMissingAsnRef: 0 }
[fareharbor-normalize] asn normalized { normalizedAsnToFhdn: 272, fixedMissingAsnRef: 0 }
[fareharbor-normalize] asn normalized { normalizedAsnToFhdn: 273, fixedMissingAsnRef: 0 }
[fareharbor-normalize] asn normalized { normalizedAsnToFhdn: 274, fixedMissingAsnRef: 0 }
[fareharbor-normalize] asn normalized { normalizedAsnToFhdn: 275, fixedMissingAsnRef: 0 }
[fareharbor-normalize] asn normalized { normalizedAsnToFhdn: 276, fixedMissingAsnRef: 0 }
[fareharbor-normalize] asn normalized { normalizedAsnToFhdn: 277, fixedMissingAsnRef: 0 }
[fareharbor-normalize] asn normalized { normalizedAsnToFhdn: 278, fixedMissingAsnRef: 0 }
[fareharbor-normalize] asn normalized { normalizedAsnToFhdn: 279, fixedMissingAsnRef: 0 }
[fareharbor-normalize] asn normalized { normalizedAsnToFhdn: 280, fixedMissingAsnRef: 0 }
[fareharbor-normalize] asn normalized { normalizedAsnToFhdn: 281, fixedMissingAsnRef: 0 }
[fareharbor-normalize] asn normalized { normalizedAsnToFhdn: 282, fixedMissingAsnRef: 0 }
[fareharbor-normalize] asn normalized { normalizedAsnToFhdn: 283, fixedMissingAsnRef: 0 }
[fareharbor-normalize] asn normalized { normalizedAsnToFhdn: 284, fixedMissingAsnRef: 0 }
[fareharbor-normalize] asn normalized { normalizedAsnToFhdn: 285, fixedMissingAsnRef: 0 }
[fareharbor-normalize] asn normalized { normalizedAsnToFhdn: 286, fixedMissingAsnRef: 0 }
[fareharbor-normalize] asn normalized { normalizedAsnToFhdn: 287, fixedMissingAsnRef: 0 }
[fareharbor-normalize] asn normalized { normalizedAsnToFhdn: 288, fixedMissingAsnRef: 0 }
[fareharbor-normalize] asn normalized { normalizedAsnToFhdn: 289, fixedMissingAsnRef: 0 }
[fareharbor-normalize] asn normalized { normalizedAsnToFhdn: 290, fixedMissingAsnRef: 0 }
[fareharbor-normalize] asn normalized { normalizedAsnToFhdn: 291, fixedMissingAsnRef: 0 }
[fareharbor-normalize] asn normalized { normalizedAsnToFhdn: 292, fixedMissingAsnRef: 0 }
[fareharbor-normalize] asn normalized { normalizedAsnToFhdn: 293, fixedMissingAsnRef: 0 }
[fareharbor-normalize] asn normalized { normalizedAsnToFhdn: 294, fixedMissingAsnRef: 0 }
[fareharbor-normalize] asn normalized { normalizedAsnToFhdn: 295, fixedMissingAsnRef: 0 }
[fareharbor-normalize] asn normalized { normalizedAsnToFhdn: 296, fixedMissingAsnRef: 0 }
[fareharbor-normalize] asn normalized { normalizedAsnToFhdn: 297, fixedMissingAsnRef: 0 }
[fareharbor-normalize] asn normalized { normalizedAsnToFhdn: 298, fixedMissingAsnRef: 0 }
[fareharbor-normalize] asn normalized { normalizedAsnToFhdn: 299, fixedMissingAsnRef: 0 }
[fareharbor-normalize] asn normalized { normalizedAsnToFhdn: 300, fixedMissingAsnRef: 0 }
[fareharbor-normalize] asn normalized { normalizedAsnToFhdn: 301, fixedMissingAsnRef: 0 }
[fareharbor-normalize] asn normalized { normalizedAsnToFhdn: 302, fixedMissingAsnRef: 0 }
[fareharbor-normalize] asn normalized { normalizedAsnToFhdn: 303, fixedMissingAsnRef: 0 }
[fareharbor-normalize] asn normalized { normalizedAsnToFhdn: 304, fixedMissingAsnRef: 0 }
[fareharbor-normalize] asn normalized { normalizedAsnToFhdn: 305, fixedMissingAsnRef: 0 }
[fareharbor-normalize] asn normalized { normalizedAsnToFhdn: 306, fixedMissingAsnRef: 0 }
[fareharbor-normalize] asn normalized { normalizedAsnToFhdn: 307, fixedMissingAsnRef: 0 }
[fareharbor-normalize] asn normalized { normalizedAsnToFhdn: 308, fixedMissingAsnRef: 0 }
[fareharbor-normalize] asn normalized { normalizedAsnToFhdn: 309, fixedMissingAsnRef: 0 }
[fareharbor-normalize] asn normalized { normalizedAsnToFhdn: 310, fixedMissingAsnRef: 0 }
[fareharbor-normalize] asn normalized { normalizedAsnToFhdn: 311, fixedMissingAsnRef: 0 }
[fareharbor-normalize] asn normalized { normalizedAsnToFhdn: 312, fixedMissingAsnRef: 0 }
[fareharbor-normalize] asn normalized { normalizedAsnToFhdn: 313, fixedMissingAsnRef: 0 }
[fareharbor-normalize] asn normalized { normalizedAsnToFhdn: 314, fixedMissingAsnRef: 0 }
[fareharbor-normalize] asn normalized { normalizedAsnToFhdn: 315, fixedMissingAsnRef: 0 }
[fareharbor-normalize] asn normalized { normalizedAsnToFhdn: 316, fixedMissingAsnRef: 0 }
[fareharbor-normalize] asn normalized { normalizedAsnToFhdn: 317, fixedMissingAsnRef: 0 }
[fareharbor-normalize] asn normalized { normalizedAsnToFhdn: 318, fixedMissingAsnRef: 0 }
[fareharbor-normalize] asn normalized { normalizedAsnToFhdn: 319, fixedMissingAsnRef: 0 }
[fareharbor-normalize] asn normalized { normalizedAsnToFhdn: 320, fixedMissingAsnRef: 0 }
[fareharbor-normalize] asn normalized { normalizedAsnToFhdn: 321, fixedMissingAsnRef: 0 }
[fareharbor-normalize] asn normalized { normalizedAsnToFhdn: 322, fixedMissingAsnRef: 0 }
[fareharbor-normalize] asn normalized { normalizedAsnToFhdn: 323, fixedMissingAsnRef: 0 }
[fareharbor-normalize] asn normalized { normalizedAsnToFhdn: 324, fixedMissingAsnRef: 0 }
[fareharbor-normalize] asn normalized { normalizedAsnToFhdn: 325, fixedMissingAsnRef: 0 }
[fareharbor-normalize] asn normalized { normalizedAsnToFhdn: 326, fixedMissingAsnRef: 0 }
[fareharbor-normalize] asn normalized { normalizedAsnToFhdn: 327, fixedMissingAsnRef: 0 }
[fareharbor-normalize] asn normalized { normalizedAsnToFhdn: 328, fixedMissingAsnRef: 0 }
[fareharbor-normalize] asn normalized { normalizedAsnToFhdn: 329, fixedMissingAsnRef: 0 }
[fareharbor-normalize] asn normalized { normalizedAsnToFhdn: 330, fixedMissingAsnRef: 0 }
[fareharbor-normalize] asn normalized { normalizedAsnToFhdn: 331, fixedMissingAsnRef: 0 }
[fareharbor-normalize] asn normalized { normalizedAsnToFhdn: 332, fixedMissingAsnRef: 0 }
[fareharbor-normalize] asn normalized { normalizedAsnToFhdn: 333, fixedMissingAsnRef: 0 }
[fareharbor-normalize] asn normalized { normalizedAsnToFhdn: 334, fixedMissingAsnRef: 0 }
[fareharbor-normalize] asn normalized { normalizedAsnToFhdn: 335, fixedMissingAsnRef: 0 }
[fareharbor-normalize] asn normalized { normalizedAsnToFhdn: 336, fixedMissingAsnRef: 0 }
[fareharbor-normalize] asn normalized { normalizedAsnToFhdn: 337, fixedMissingAsnRef: 0 }
[fareharbor-normalize] asn normalized { normalizedAsnToFhdn: 338, fixedMissingAsnRef: 0 }
[fareharbor-normalize] asn normalized { normalizedAsnToFhdn: 339, fixedMissingAsnRef: 0 }
[fareharbor-normalize] asn normalized { normalizedAsnToFhdn: 340, fixedMissingAsnRef: 0 }
[fareharbor-normalize] asn normalized { normalizedAsnToFhdn: 341, fixedMissingAsnRef: 0 }
[fareharbor-normalize] asn normalized { normalizedAsnToFhdn: 342, fixedMissingAsnRef: 0 }
[fareharbor-normalize] asn normalized { normalizedAsnToFhdn: 343, fixedMissingAsnRef: 0 }
[fareharbor-normalize] asn normalized { normalizedAsnToFhdn: 344, fixedMissingAsnRef: 0 }
[fareharbor-normalize] asn normalized { normalizedAsnToFhdn: 345, fixedMissingAsnRef: 0 }
[fareharbor-normalize] asn normalized { normalizedAsnToFhdn: 346, fixedMissingAsnRef: 0 }
[fareharbor-normalize] asn normalized { normalizedAsnToFhdn: 347, fixedMissingAsnRef: 0 }
[fareharbor-normalize] asn normalized { normalizedAsnToFhdn: 348, fixedMissingAsnRef: 0 }
[fareharbor-normalize] asn normalized { normalizedAsnToFhdn: 349, fixedMissingAsnRef: 0 }
[fareharbor-normalize] asn normalized { normalizedAsnToFhdn: 350, fixedMissingAsnRef: 0 }
[fareharbor-normalize] asn normalized { normalizedAsnToFhdn: 351, fixedMissingAsnRef: 0 }
[fareharbor-normalize] asn normalized { normalizedAsnToFhdn: 352, fixedMissingAsnRef: 0 }
[fareharbor-normalize] asn normalized { normalizedAsnToFhdn: 353, fixedMissingAsnRef: 0 }
[fareharbor-normalize] asn normalized { normalizedAsnToFhdn: 354, fixedMissingAsnRef: 0 }
[fareharbor-normalize] asn normalized { normalizedAsnToFhdn: 355, fixedMissingAsnRef: 0 }
[fareharbor-normalize] asn normalized { normalizedAsnToFhdn: 356, fixedMissingAsnRef: 0 }
[fareharbor-normalize] asn normalized { normalizedAsnToFhdn: 357, fixedMissingAsnRef: 0 }
[fareharbor-normalize] asn normalized { normalizedAsnToFhdn: 358, fixedMissingAsnRef: 0 }
[fareharbor-normalize] asn normalized { normalizedAsnToFhdn: 359, fixedMissingAsnRef: 0 }
[fareharbor-normalize] asn normalized { normalizedAsnToFhdn: 360, fixedMissingAsnRef: 0 }
[fareharbor-normalize] asn normalized { normalizedAsnToFhdn: 361, fixedMissingAsnRef: 0 }
[fareharbor-normalize] asn normalized { normalizedAsnToFhdn: 362, fixedMissingAsnRef: 0 }
[fareharbor-normalize] asn normalized { normalizedAsnToFhdn: 363, fixedMissingAsnRef: 0 }
[fareharbor-normalize] asn normalized { normalizedAsnToFhdn: 364, fixedMissingAsnRef: 0 }
[fareharbor-normalize] asn normalized { normalizedAsnToFhdn: 365, fixedMissingAsnRef: 0 }
[fareharbor-normalize] asn normalized { normalizedAsnToFhdn: 366, fixedMissingAsnRef: 0 }
[fareharbor-normalize] asn normalized { normalizedAsnToFhdn: 367, fixedMissingAsnRef: 0 }
[fareharbor-normalize] asn normalized { normalizedAsnToFhdn: 368, fixedMissingAsnRef: 0 }
[fareharbor-normalize] asn normalized { normalizedAsnToFhdn: 369, fixedMissingAsnRef: 0 }
[fareharbor-normalize] asn normalized { normalizedAsnToFhdn: 370, fixedMissingAsnRef: 0 }
[fareharbor-normalize] asn normalized { normalizedAsnToFhdn: 371, fixedMissingAsnRef: 0 }
[fareharbor-normalize] asn normalized { normalizedAsnToFhdn: 372, fixedMissingAsnRef: 0 }
[fareharbor-normalize] asn normalized { normalizedAsnToFhdn: 373, fixedMissingAsnRef: 0 }
[fareharbor-normalize] asn normalized { normalizedAsnToFhdn: 374, fixedMissingAsnRef: 0 }
[fareharbor-normalize] asn normalized { normalizedAsnToFhdn: 375, fixedMissingAsnRef: 0 }
[fareharbor-normalize] asn normalized { normalizedAsnToFhdn: 376, fixedMissingAsnRef: 0 }
[fareharbor-normalize] asn normalized { normalizedAsnToFhdn: 377, fixedMissingAsnRef: 0 }
[fareharbor-normalize] asn normalized { normalizedAsnToFhdn: 378, fixedMissingAsnRef: 0 }
[fareharbor-normalize] asn normalized { normalizedAsnToFhdn: 379, fixedMissingAsnRef: 0 }
[fareharbor-normalize] asn normalized { normalizedAsnToFhdn: 380, fixedMissingAsnRef: 0 }
[fareharbor-normalize] asn normalized { normalizedAsnToFhdn: 381, fixedMissingAsnRef: 0 }
[fareharbor-normalize] asn normalized { normalizedAsnToFhdn: 382, fixedMissingAsnRef: 0 }
[fareharbor-normalize] asn normalized { normalizedAsnToFhdn: 383, fixedMissingAsnRef: 0 }
[fareharbor-normalize] asn normalized { normalizedAsnToFhdn: 384, fixedMissingAsnRef: 0 }
[fareharbor-normalize] asn normalized { normalizedAsnToFhdn: 385, fixedMissingAsnRef: 0 }
[fareharbor-normalize] asn normalized { normalizedAsnToFhdn: 386, fixedMissingAsnRef: 0 }
[fareharbor-normalize] asn normalized { normalizedAsnToFhdn: 387, fixedMissingAsnRef: 0 }
[fareharbor-normalize] asn normalized { normalizedAsnToFhdn: 388, fixedMissingAsnRef: 0 }
[fareharbor-normalize] asn normalized { normalizedAsnToFhdn: 389, fixedMissingAsnRef: 0 }
[fareharbor-normalize] asn normalized { normalizedAsnToFhdn: 390, fixedMissingAsnRef: 0 }
[fareharbor-normalize] asn normalized { normalizedAsnToFhdn: 391, fixedMissingAsnRef: 0 }
[fareharbor-normalize] asn normalized { normalizedAsnToFhdn: 392, fixedMissingAsnRef: 0 }
[fareharbor-normalize] asn normalized { normalizedAsnToFhdn: 393, fixedMissingAsnRef: 0 }
[fareharbor-normalize] asn normalized { normalizedAsnToFhdn: 394, fixedMissingAsnRef: 0 }
[fareharbor-normalize] asn normalized { normalizedAsnToFhdn: 395, fixedMissingAsnRef: 0 }
[fareharbor-normalize] asn normalized { normalizedAsnToFhdn: 396, fixedMissingAsnRef: 0 }
[fareharbor-normalize] asn normalized { normalizedAsnToFhdn: 397, fixedMissingAsnRef: 0 }
[fareharbor-normalize] asn normalized { normalizedAsnToFhdn: 398, fixedMissingAsnRef: 0 }
[fareharbor-normalize] asn normalized { normalizedAsnToFhdn: 399, fixedMissingAsnRef: 0 }
[fareharbor-normalize] asn normalized { normalizedAsnToFhdn: 400, fixedMissingAsnRef: 0 }
[fareharbor-normalize] asn normalized { normalizedAsnToFhdn: 401, fixedMissingAsnRef: 0 }
[fareharbor-normalize] asn normalized { normalizedAsnToFhdn: 402, fixedMissingAsnRef: 0 }
[fareharbor-normalize] asn normalized { normalizedAsnToFhdn: 403, fixedMissingAsnRef: 0 }
[fareharbor-normalize] asn normalized { normalizedAsnToFhdn: 404, fixedMissingAsnRef: 0 }
[fareharbor-normalize] asn normalized { normalizedAsnToFhdn: 405, fixedMissingAsnRef: 0 }
[fareharbor-normalize] asn normalized { normalizedAsnToFhdn: 406, fixedMissingAsnRef: 0 }
[fareharbor-normalize] asn normalized { normalizedAsnToFhdn: 407, fixedMissingAsnRef: 0 }
[fareharbor-normalize] asn normalized { normalizedAsnToFhdn: 408, fixedMissingAsnRef: 0 }
[fareharbor-normalize] asn normalized { normalizedAsnToFhdn: 409, fixedMissingAsnRef: 0 }
[fareharbor-normalize] asn normalized { normalizedAsnToFhdn: 410, fixedMissingAsnRef: 0 }
[fareharbor-normalize] asn normalized { normalizedAsnToFhdn: 411, fixedMissingAsnRef: 0 }
[fareharbor-normalize] asn normalized { normalizedAsnToFhdn: 412, fixedMissingAsnRef: 0 }
[fareharbor-normalize] asn normalized { normalizedAsnToFhdn: 413, fixedMissingAsnRef: 0 }
[fareharbor-normalize] asn normalized { normalizedAsnToFhdn: 414, fixedMissingAsnRef: 0 }
[fareharbor-normalize] asn normalized { normalizedAsnToFhdn: 415, fixedMissingAsnRef: 0 }
[fareharbor-normalize] asn normalized { normalizedAsnToFhdn: 416, fixedMissingAsnRef: 0 }
[fareharbor-normalize] asn normalized { normalizedAsnToFhdn: 417, fixedMissingAsnRef: 0 }
[fareharbor-normalize] asn normalized { normalizedAsnToFhdn: 418, fixedMissingAsnRef: 0 }
[fareharbor-normalize] asn normalized { normalizedAsnToFhdn: 419, fixedMissingAsnRef: 0 }
[fareharbor-normalize] asn normalized { normalizedAsnToFhdn: 420, fixedMissingAsnRef: 0 }
[fareharbor-normalize] asn normalized { normalizedAsnToFhdn: 421, fixedMissingAsnRef: 0 }
[fareharbor-normalize] asn normalized { normalizedAsnToFhdn: 422, fixedMissingAsnRef: 0 }
[fareharbor-normalize] asn normalized { normalizedAsnToFhdn: 423, fixedMissingAsnRef: 0 }
[fareharbor-normalize] asn normalized { normalizedAsnToFhdn: 424, fixedMissingAsnRef: 0 }
[fareharbor-normalize] asn normalized { normalizedAsnToFhdn: 425, fixedMissingAsnRef: 0 }
[fareharbor-normalize] asn normalized { normalizedAsnToFhdn: 426, fixedMissingAsnRef: 0 }
[fareharbor-normalize] asn normalized { normalizedAsnToFhdn: 427, fixedMissingAsnRef: 0 }
[fareharbor-normalize] asn normalized { normalizedAsnToFhdn: 428, fixedMissingAsnRef: 0 }
[fareharbor-normalize] asn normalized { normalizedAsnToFhdn: 429, fixedMissingAsnRef: 0 }
[fareharbor-normalize] asn normalized { normalizedAsnToFhdn: 430, fixedMissingAsnRef: 0 }
[fareharbor-normalize] asn normalized { normalizedAsnToFhdn: 431, fixedMissingAsnRef: 0 }
[fareharbor-normalize] asn normalized { normalizedAsnToFhdn: 432, fixedMissingAsnRef: 0 }
[fareharbor-normalize] asn normalized { normalizedAsnToFhdn: 433, fixedMissingAsnRef: 0 }
[fareharbor-normalize] asn normalized { normalizedAsnToFhdn: 434, fixedMissingAsnRef: 0 }
[fareharbor-normalize] asn normalized { normalizedAsnToFhdn: 435, fixedMissingAsnRef: 0 }
[fareharbor-normalize] asn normalized { normalizedAsnToFhdn: 436, fixedMissingAsnRef: 0 }
[fareharbor-normalize] asn normalized { normalizedAsnToFhdn: 437, fixedMissingAsnRef: 0 }
[fareharbor-normalize] asn normalized { normalizedAsnToFhdn: 438, fixedMissingAsnRef: 0 }
[fareharbor-normalize] asn normalized { normalizedAsnToFhdn: 439, fixedMissingAsnRef: 0 }
[fareharbor-normalize] asn normalized { normalizedAsnToFhdn: 440, fixedMissingAsnRef: 0 }
[fareharbor-normalize] asn normalized { normalizedAsnToFhdn: 441, fixedMissingAsnRef: 0 }
[fareharbor-normalize] asn normalized { normalizedAsnToFhdn: 442, fixedMissingAsnRef: 0 }
[fareharbor-normalize] asn normalized { normalizedAsnToFhdn: 443, fixedMissingAsnRef: 0 }
[fareharbor-normalize] asn normalized { normalizedAsnToFhdn: 444, fixedMissingAsnRef: 0 }
[fareharbor-normalize] asn normalized { normalizedAsnToFhdn: 445, fixedMissingAsnRef: 0 }
[fareharbor-normalize] asn normalized { normalizedAsnToFhdn: 446, fixedMissingAsnRef: 0 }
[fareharbor-normalize] asn normalized { normalizedAsnToFhdn: 447, fixedMissingAsnRef: 0 }
[fareharbor-normalize] asn normalized { normalizedAsnToFhdn: 448, fixedMissingAsnRef: 0 }
[fareharbor-normalize] asn normalized { normalizedAsnToFhdn: 449, fixedMissingAsnRef: 0 }
[fareharbor-normalize] asn normalized { normalizedAsnToFhdn: 450, fixedMissingAsnRef: 0 }
[fareharbor-normalize] asn normalized { normalizedAsnToFhdn: 451, fixedMissingAsnRef: 0 }
[fareharbor-normalize] asn normalized { normalizedAsnToFhdn: 452, fixedMissingAsnRef: 0 }
[fareharbor-normalize] asn normalized { normalizedAsnToFhdn: 453, fixedMissingAsnRef: 0 }
[fareharbor-normalize] asn normalized { normalizedAsnToFhdn: 454, fixedMissingAsnRef: 0 }
[fareharbor-normalize] asn normalized { normalizedAsnToFhdn: 455, fixedMissingAsnRef: 0 }
[fareharbor-normalize] asn normalized { normalizedAsnToFhdn: 456, fixedMissingAsnRef: 0 }
[fareharbor-normalize] asn normalized { normalizedAsnToFhdn: 457, fixedMissingAsnRef: 0 }
[fareharbor-normalize] asn normalized { normalizedAsnToFhdn: 458, fixedMissingAsnRef: 0 }
[fareharbor-normalize] asn normalized { normalizedAsnToFhdn: 459, fixedMissingAsnRef: 0 }
[fareharbor-normalize] asn normalized { normalizedAsnToFhdn: 460, fixedMissingAsnRef: 0 }
[fareharbor-normalize] asn normalized { normalizedAsnToFhdn: 461, fixedMissingAsnRef: 0 }
[fareharbor-normalize] asn normalized { normalizedAsnToFhdn: 462, fixedMissingAsnRef: 0 }
[fareharbor-normalize] asn normalized { normalizedAsnToFhdn: 463, fixedMissingAsnRef: 0 }
[fareharbor-normalize] asn normalized { normalizedAsnToFhdn: 464, fixedMissingAsnRef: 0 }
[fareharbor-normalize] asn normalized { normalizedAsnToFhdn: 465, fixedMissingAsnRef: 0 }
[fareharbor-normalize] asn normalized { normalizedAsnToFhdn: 466, fixedMissingAsnRef: 0 }
[fareharbor-normalize] asn normalized { normalizedAsnToFhdn: 467, fixedMissingAsnRef: 0 }
[fareharbor-normalize] asn normalized { normalizedAsnToFhdn: 468, fixedMissingAsnRef: 0 }
[fareharbor-normalize] asn normalized { normalizedAsnToFhdn: 469, fixedMissingAsnRef: 0 }
[fareharbor-normalize] asn normalized { normalizedAsnToFhdn: 470, fixedMissingAsnRef: 0 }
[fareharbor-normalize] asn normalized { normalizedAsnToFhdn: 471, fixedMissingAsnRef: 0 }
[fareharbor-normalize] asn normalized { normalizedAsnToFhdn: 472, fixedMissingAsnRef: 0 }
[fareharbor-normalize] asn normalized { normalizedAsnToFhdn: 473, fixedMissingAsnRef: 0 }
[fareharbor-normalize] asn normalized { normalizedAsnToFhdn: 474, fixedMissingAsnRef: 0 }
[fareharbor-normalize] asn normalized { normalizedAsnToFhdn: 475, fixedMissingAsnRef: 0 }
[fareharbor-normalize] asn normalized { normalizedAsnToFhdn: 476, fixedMissingAsnRef: 0 }
[fareharbor-normalize] asn normalized { normalizedAsnToFhdn: 477, fixedMissingAsnRef: 0 }
[fareharbor-normalize] asn normalized { normalizedAsnToFhdn: 478, fixedMissingAsnRef: 0 }
[fareharbor-normalize] asn normalized { normalizedAsnToFhdn: 479, fixedMissingAsnRef: 0 }
[fareharbor-normalize] asn normalized { normalizedAsnToFhdn: 480, fixedMissingAsnRef: 0 }
[fareharbor-normalize] asn normalized { normalizedAsnToFhdn: 481, fixedMissingAsnRef: 0 }
[fareharbor-normalize] asn normalized { normalizedAsnToFhdn: 482, fixedMissingAsnRef: 0 }
[fareharbor-normalize] asn normalized { normalizedAsnToFhdn: 483, fixedMissingAsnRef: 0 }
[fareharbor-normalize] asn normalized { normalizedAsnToFhdn: 484, fixedMissingAsnRef: 0 }
[fareharbor-normalize] asn normalized { normalizedAsnToFhdn: 485, fixedMissingAsnRef: 0 }
[fareharbor-normalize] asn normalized { normalizedAsnToFhdn: 486, fixedMissingAsnRef: 0 }
[fareharbor-normalize] asn normalized { normalizedAsnToFhdn: 487, fixedMissingAsnRef: 0 }
[fareharbor-normalize] asn normalized { normalizedAsnToFhdn: 488, fixedMissingAsnRef: 0 }
[fareharbor-normalize] asn normalized { normalizedAsnToFhdn: 489, fixedMissingAsnRef: 0 }
[fareharbor-normalize] asn normalized { normalizedAsnToFhdn: 490, fixedMissingAsnRef: 0 }
[fareharbor-normalize] asn normalized { normalizedAsnToFhdn: 491, fixedMissingAsnRef: 0 }
[fareharbor-normalize] asn normalized { normalizedAsnToFhdn: 492, fixedMissingAsnRef: 0 }
[fareharbor-normalize] asn normalized { normalizedAsnToFhdn: 493, fixedMissingAsnRef: 0 }
[fareharbor-normalize] asn normalized { normalizedAsnToFhdn: 494, fixedMissingAsnRef: 0 }
[fareharbor-normalize] asn normalized { normalizedAsnToFhdn: 495, fixedMissingAsnRef: 0 }
[fareharbor-normalize] asn normalized { normalizedAsnToFhdn: 496, fixedMissingAsnRef: 0 }
[fareharbor-normalize] asn normalized { normalizedAsnToFhdn: 497, fixedMissingAsnRef: 0 }
[fareharbor-normalize] asn normalized { normalizedAsnToFhdn: 498, fixedMissingAsnRef: 0 }
[fareharbor-normalize] asn normalized { normalizedAsnToFhdn: 499, fixedMissingAsnRef: 0 }
[fareharbor-normalize] asn normalized { normalizedAsnToFhdn: 500, fixedMissingAsnRef: 0 }
[fareharbor-normalize] asn normalized { normalizedAsnToFhdn: 501, fixedMissingAsnRef: 0 }
[fareharbor-normalize] asn normalized { normalizedAsnToFhdn: 502, fixedMissingAsnRef: 0 }
[fareharbor-normalize] asn normalized { normalizedAsnToFhdn: 503, fixedMissingAsnRef: 0 }
[fareharbor-normalize] asn normalized { normalizedAsnToFhdn: 504, fixedMissingAsnRef: 0 }
[fareharbor-normalize] asn normalized { normalizedAsnToFhdn: 505, fixedMissingAsnRef: 0 }
[fareharbor-normalize] asn normalized { normalizedAsnToFhdn: 506, fixedMissingAsnRef: 0 }
[fareharbor-normalize] asn normalized { normalizedAsnToFhdn: 507, fixedMissingAsnRef: 0 }
[fareharbor-normalize] asn normalized { normalizedAsnToFhdn: 508, fixedMissingAsnRef: 0 }
[fareharbor-normalize] asn normalized { normalizedAsnToFhdn: 509, fixedMissingAsnRef: 0 }
[fareharbor-normalize] asn normalized { normalizedAsnToFhdn: 510, fixedMissingAsnRef: 0 }
[fareharbor-normalize] asn normalized { normalizedAsnToFhdn: 511, fixedMissingAsnRef: 0 }
[fareharbor-normalize] asn normalized { normalizedAsnToFhdn: 512, fixedMissingAsnRef: 0 }
[fareharbor-normalize] asn normalized { normalizedAsnToFhdn: 513, fixedMissingAsnRef: 0 }
[fareharbor-normalize] asn normalized { normalizedAsnToFhdn: 514, fixedMissingAsnRef: 0 }
[fareharbor-normalize] asn normalized { normalizedAsnToFhdn: 515, fixedMissingAsnRef: 0 }
[fareharbor-normalize] asn normalized { normalizedAsnToFhdn: 516, fixedMissingAsnRef: 0 }
[fareharbor-normalize] asn normalized { normalizedAsnToFhdn: 517, fixedMissingAsnRef: 0 }
[fareharbor-normalize] asn normalized { normalizedAsnToFhdn: 518, fixedMissingAsnRef: 0 }
[fareharbor-normalize] asn normalized { normalizedAsnToFhdn: 519, fixedMissingAsnRef: 0 }
[fareharbor-normalize] asn normalized { normalizedAsnToFhdn: 520, fixedMissingAsnRef: 0 }
[fareharbor-normalize] asn normalized { normalizedAsnToFhdn: 521, fixedMissingAsnRef: 0 }
[fareharbor-normalize] asn normalized { normalizedAsnToFhdn: 522, fixedMissingAsnRef: 0 }
[fareharbor-normalize] asn normalized { normalizedAsnToFhdn: 523, fixedMissingAsnRef: 0 }
[fareharbor-normalize] asn normalized { normalizedAsnToFhdn: 524, fixedMissingAsnRef: 0 }
[fareharbor-normalize] asn normalized { normalizedAsnToFhdn: 525, fixedMissingAsnRef: 0 }
[fareharbor-normalize] asn normalized { normalizedAsnToFhdn: 526, fixedMissingAsnRef: 0 }
[fareharbor-normalize] asn normalized { normalizedAsnToFhdn: 527, fixedMissingAsnRef: 0 }
[fareharbor-normalize] asn normalized { normalizedAsnToFhdn: 528, fixedMissingAsnRef: 0 }
[fareharbor-normalize] asn normalized { normalizedAsnToFhdn: 529, fixedMissingAsnRef: 0 }
[fareharbor-normalize] asn normalized { normalizedAsnToFhdn: 530, fixedMissingAsnRef: 0 }
[fareharbor-normalize] asn normalized { normalizedAsnToFhdn: 531, fixedMissingAsnRef: 0 }
[fareharbor-normalize] asn normalized { normalizedAsnToFhdn: 532, fixedMissingAsnRef: 0 }
[fareharbor-normalize] asn normalized { normalizedAsnToFhdn: 533, fixedMissingAsnRef: 0 }
[fareharbor-normalize] asn normalized { normalizedAsnToFhdn: 534, fixedMissingAsnRef: 0 }
[fareharbor-normalize] asn normalized { normalizedAsnToFhdn: 535, fixedMissingAsnRef: 0 }
[fareharbor-normalize] asn normalized { normalizedAsnToFhdn: 536, fixedMissingAsnRef: 0 }
[fareharbor-normalize] asn normalized { normalizedAsnToFhdn: 537, fixedMissingAsnRef: 0 }
[fareharbor-normalize] asn normalized { normalizedAsnToFhdn: 538, fixedMissingAsnRef: 0 }
[fareharbor-normalize] asn normalized { normalizedAsnToFhdn: 539, fixedMissingAsnRef: 0 }
[fareharbor-normalize] asn normalized { normalizedAsnToFhdn: 540, fixedMissingAsnRef: 0 }
[fareharbor-normalize] asn normalized { normalizedAsnToFhdn: 541, fixedMissingAsnRef: 0 }
[fareharbor-normalize] asn normalized { normalizedAsnToFhdn: 542, fixedMissingAsnRef: 0 }
[fareharbor-normalize] asn normalized { normalizedAsnToFhdn: 543, fixedMissingAsnRef: 0 }
[fareharbor-normalize] asn normalized { normalizedAsnToFhdn: 544, fixedMissingAsnRef: 0 }
[fareharbor-normalize] asn normalized { normalizedAsnToFhdn: 545, fixedMissingAsnRef: 0 }
[fareharbor-normalize] asn normalized { normalizedAsnToFhdn: 546, fixedMissingAsnRef: 0 }
[fareharbor-normalize] asn normalized { normalizedAsnToFhdn: 547, fixedMissingAsnRef: 0 }
[fareharbor-normalize] asn normalized { normalizedAsnToFhdn: 548, fixedMissingAsnRef: 0 }
[fareharbor-normalize] asn normalized { normalizedAsnToFhdn: 549, fixedMissingAsnRef: 0 }
[fareharbor-normalize] asn normalized { normalizedAsnToFhdn: 550, fixedMissingAsnRef: 0 }
[fareharbor-normalize] asn normalized { normalizedAsnToFhdn: 551, fixedMissingAsnRef: 0 }
[fareharbor-normalize] asn normalized { normalizedAsnToFhdn: 552, fixedMissingAsnRef: 0 }
[fareharbor-normalize] asn normalized { normalizedAsnToFhdn: 553, fixedMissingAsnRef: 0 }
[fareharbor-normalize] asn normalized { normalizedAsnToFhdn: 554, fixedMissingAsnRef: 0 }
[fareharbor-normalize] asn normalized { normalizedAsnToFhdn: 555, fixedMissingAsnRef: 0 }
[fareharbor-normalize] asn normalized { normalizedAsnToFhdn: 556, fixedMissingAsnRef: 0 }
[fareharbor-normalize] asn normalized { normalizedAsnToFhdn: 557, fixedMissingAsnRef: 0 }
[fareharbor-normalize] asn normalized { normalizedAsnToFhdn: 558, fixedMissingAsnRef: 0 }
[fareharbor-normalize] asn normalized { normalizedAsnToFhdn: 559, fixedMissingAsnRef: 0 }
[fareharbor-normalize] asn normalized { normalizedAsnToFhdn: 560, fixedMissingAsnRef: 0 }
[fareharbor-normalize] asn normalized { normalizedAsnToFhdn: 561, fixedMissingAsnRef: 0 }
[fareharbor-normalize] asn normalized { normalizedAsnToFhdn: 562, fixedMissingAsnRef: 0 }
[fareharbor-normalize] asn normalized { normalizedAsnToFhdn: 563, fixedMissingAsnRef: 0 }
[fareharbor-normalize] asn normalized { normalizedAsnToFhdn: 564, fixedMissingAsnRef: 0 }
[fareharbor-normalize] asn normalized { normalizedAsnToFhdn: 565, fixedMissingAsnRef: 0 }
[fareharbor-normalize] asn normalized { normalizedAsnToFhdn: 566, fixedMissingAsnRef: 0 }
[fareharbor-normalize] asn normalized { normalizedAsnToFhdn: 567, fixedMissingAsnRef: 0 }
[fareharbor-normalize] asn normalized { normalizedAsnToFhdn: 568, fixedMissingAsnRef: 0 }
[fareharbor-normalize] asn normalized { normalizedAsnToFhdn: 569, fixedMissingAsnRef: 0 }
[fareharbor-normalize] asn normalized { normalizedAsnToFhdn: 570, fixedMissingAsnRef: 0 }
[fareharbor-normalize] asn normalized { normalizedAsnToFhdn: 571, fixedMissingAsnRef: 0 }
[fareharbor-normalize] asn normalized { normalizedAsnToFhdn: 572, fixedMissingAsnRef: 0 }
[fareharbor-normalize] asn normalized { normalizedAsnToFhdn: 573, fixedMissingAsnRef: 0 }
[fareharbor-normalize] asn normalized { normalizedAsnToFhdn: 574, fixedMissingAsnRef: 0 }
[fareharbor-normalize] asn normalized { normalizedAsnToFhdn: 575, fixedMissingAsnRef: 0 }
[fareharbor-normalize] asn normalized { normalizedAsnToFhdn: 576, fixedMissingAsnRef: 0 }
[fareharbor-normalize] asn normalized { normalizedAsnToFhdn: 577, fixedMissingAsnRef: 0 }
[fareharbor-normalize] asn normalized { normalizedAsnToFhdn: 578, fixedMissingAsnRef: 0 }
[fareharbor-normalize] asn normalized { normalizedAsnToFhdn: 579, fixedMissingAsnRef: 0 }
[fareharbor-normalize] asn normalized { normalizedAsnToFhdn: 580, fixedMissingAsnRef: 0 }
[fareharbor-normalize] asn normalized { normalizedAsnToFhdn: 581, fixedMissingAsnRef: 0 }
[fareharbor-normalize] asn normalized { normalizedAsnToFhdn: 582, fixedMissingAsnRef: 0 }
[fareharbor-normalize] asn normalized { normalizedAsnToFhdn: 583, fixedMissingAsnRef: 0 }
[fareharbor-normalize] asn normalized { normalizedAsnToFhdn: 584, fixedMissingAsnRef: 0 }
[fareharbor-normalize] asn normalized { normalizedAsnToFhdn: 585, fixedMissingAsnRef: 0 }
[fareharbor-normalize] asn normalized { normalizedAsnToFhdn: 586, fixedMissingAsnRef: 0 }
[fareharbor-normalize] asn normalized { normalizedAsnToFhdn: 587, fixedMissingAsnRef: 0 }
[fareharbor-normalize] asn normalized { normalizedAsnToFhdn: 588, fixedMissingAsnRef: 0 }
[fareharbor-normalize] asn normalized { normalizedAsnToFhdn: 589, fixedMissingAsnRef: 0 }
[fareharbor-normalize] asn normalized { normalizedAsnToFhdn: 590, fixedMissingAsnRef: 0 }
[fareharbor-normalize] asn normalized { normalizedAsnToFhdn: 591, fixedMissingAsnRef: 0 }
[fareharbor-normalize] asn normalized { normalizedAsnToFhdn: 592, fixedMissingAsnRef: 0 }
[fareharbor-normalize] asn normalized { normalizedAsnToFhdn: 593, fixedMissingAsnRef: 0 }
[fareharbor-normalize] asn normalized { normalizedAsnToFhdn: 594, fixedMissingAsnRef: 0 }
[fareharbor-normalize] asn normalized { normalizedAsnToFhdn: 595, fixedMissingAsnRef: 0 }
[fareharbor-normalize] asn normalized { normalizedAsnToFhdn: 596, fixedMissingAsnRef: 0 }
[fareharbor-normalize] asn normalized { normalizedAsnToFhdn: 597, fixedMissingAsnRef: 0 }
[fareharbor-normalize] asn normalized { normalizedAsnToFhdn: 598, fixedMissingAsnRef: 0 }
[fareharbor-normalize] asn normalized { normalizedAsnToFhdn: 599, fixedMissingAsnRef: 0 }
[fareharbor-normalize] asn normalized { normalizedAsnToFhdn: 600, fixedMissingAsnRef: 0 }
[fareharbor-normalize] asn normalized { normalizedAsnToFhdn: 601, fixedMissingAsnRef: 0 }
[fareharbor-normalize] asn normalized { normalizedAsnToFhdn: 602, fixedMissingAsnRef: 0 }
[fareharbor-normalize] asn normalized { normalizedAsnToFhdn: 603, fixedMissingAsnRef: 0 }
[fareharbor-normalize] asn normalized { normalizedAsnToFhdn: 604, fixedMissingAsnRef: 0 }
[fareharbor-normalize] asn normalized { normalizedAsnToFhdn: 605, fixedMissingAsnRef: 0 }
[fareharbor-normalize] asn normalized { normalizedAsnToFhdn: 606, fixedMissingAsnRef: 0 }
[fareharbor-normalize] asn normalized { normalizedAsnToFhdn: 607, fixedMissingAsnRef: 0 }
[fareharbor-normalize] asn normalized { normalizedAsnToFhdn: 608, fixedMissingAsnRef: 0 }
[fareharbor-normalize] asn normalized { normalizedAsnToFhdn: 609, fixedMissingAsnRef: 0 }
[fareharbor-normalize] asn normalized { normalizedAsnToFhdn: 610, fixedMissingAsnRef: 0 }
[fareharbor-normalize] asn normalized { normalizedAsnToFhdn: 611, fixedMissingAsnRef: 0 }
[fareharbor-normalize] asn normalized { normalizedAsnToFhdn: 612, fixedMissingAsnRef: 0 }
[fareharbor-normalize] asn normalized { normalizedAsnToFhdn: 613, fixedMissingAsnRef: 0 }
[fareharbor-normalize] asn normalized { normalizedAsnToFhdn: 614, fixedMissingAsnRef: 0 }
[fareharbor-normalize] asn normalized { normalizedAsnToFhdn: 615, fixedMissingAsnRef: 0 }
[fareharbor-normalize] asn normalized { normalizedAsnToFhdn: 616, fixedMissingAsnRef: 0 }
[fareharbor-normalize] asn normalized { normalizedAsnToFhdn: 617, fixedMissingAsnRef: 0 }
[fareharbor-normalize] asn normalized { normalizedAsnToFhdn: 618, fixedMissingAsnRef: 0 }
[fareharbor-normalize] asn normalized { normalizedAsnToFhdn: 619, fixedMissingAsnRef: 0 }
[fareharbor-normalize] asn normalized { normalizedAsnToFhdn: 620, fixedMissingAsnRef: 0 }
[fareharbor-normalize] asn normalized { normalizedAsnToFhdn: 621, fixedMissingAsnRef: 0 }
[fareharbor-normalize] asn normalized { normalizedAsnToFhdn: 622, fixedMissingAsnRef: 0 }
[fareharbor-normalize] asn normalized { normalizedAsnToFhdn: 623, fixedMissingAsnRef: 0 }
[fareharbor-normalize] asn normalized { normalizedAsnToFhdn: 624, fixedMissingAsnRef: 0 }
[fareharbor-normalize] asn normalized { normalizedAsnToFhdn: 625, fixedMissingAsnRef: 0 }
[fareharbor-normalize] asn normalized { normalizedAsnToFhdn: 626, fixedMissingAsnRef: 0 }
[fareharbor-normalize] asn normalized { normalizedAsnToFhdn: 627, fixedMissingAsnRef: 0 }
[fareharbor-normalize] asn normalized { normalizedAsnToFhdn: 628, fixedMissingAsnRef: 0 }
[fareharbor-normalize] asn normalized { normalizedAsnToFhdn: 629, fixedMissingAsnRef: 0 }
[fareharbor-normalize] asn normalized { normalizedAsnToFhdn: 630, fixedMissingAsnRef: 0 }
[fareharbor-normalize] asn normalized { normalizedAsnToFhdn: 631, fixedMissingAsnRef: 0 }
[fareharbor-normalize] asn normalized { normalizedAsnToFhdn: 632, fixedMissingAsnRef: 0 }
[fareharbor-normalize] asn normalized { normalizedAsnToFhdn: 633, fixedMissingAsnRef: 0 }
[fareharbor-normalize] asn normalized { normalizedAsnToFhdn: 634, fixedMissingAsnRef: 0 }
[fareharbor-normalize] asn normalized { normalizedAsnToFhdn: 635, fixedMissingAsnRef: 0 }
[fareharbor-normalize] asn normalized { normalizedAsnToFhdn: 636, fixedMissingAsnRef: 0 }
[fareharbor-normalize] asn normalized { normalizedAsnToFhdn: 637, fixedMissingAsnRef: 0 }
[fareharbor-normalize] asn normalized { normalizedAsnToFhdn: 638, fixedMissingAsnRef: 0 }
[fareharbor-normalize] asn normalized { normalizedAsnToFhdn: 639, fixedMissingAsnRef: 0 }
[fareharbor-normalize] asn normalized { normalizedAsnToFhdn: 640, fixedMissingAsnRef: 0 }
[fareharbor-normalize] asn normalized { normalizedAsnToFhdn: 641, fixedMissingAsnRef: 0 }
[fareharbor-normalize] asn normalized { normalizedAsnToFhdn: 642, fixedMissingAsnRef: 0 }
[fareharbor-normalize] asn normalized { normalizedAsnToFhdn: 643, fixedMissingAsnRef: 0 }
[fareharbor-normalize] asn normalized { normalizedAsnToFhdn: 644, fixedMissingAsnRef: 0 }
[fareharbor-normalize] asn normalized { normalizedAsnToFhdn: 645, fixedMissingAsnRef: 0 }
[fareharbor-normalize] asn normalized { normalizedAsnToFhdn: 646, fixedMissingAsnRef: 0 }
[fareharbor-normalize] asn normalized { normalizedAsnToFhdn: 647, fixedMissingAsnRef: 0 }
[fareharbor-normalize] asn normalized { normalizedAsnToFhdn: 648, fixedMissingAsnRef: 0 }
[fareharbor-normalize] asn normalized { normalizedAsnToFhdn: 649, fixedMissingAsnRef: 0 }
[fareharbor-normalize] asn normalized { normalizedAsnToFhdn: 650, fixedMissingAsnRef: 0 }
[fareharbor-normalize] asn normalized { normalizedAsnToFhdn: 651, fixedMissingAsnRef: 0 }
[fareharbor-normalize] asn normalized { normalizedAsnToFhdn: 652, fixedMissingAsnRef: 0 }
[fareharbor-normalize] asn normalized { normalizedAsnToFhdn: 653, fixedMissingAsnRef: 0 }
[fareharbor-normalize] asn normalized { normalizedAsnToFhdn: 654, fixedMissingAsnRef: 0 }
[fareharbor-normalize] asn normalized { normalizedAsnToFhdn: 655, fixedMissingAsnRef: 0 }
[fareharbor-normalize] asn normalized { normalizedAsnToFhdn: 656, fixedMissingAsnRef: 0 }
[fareharbor-normalize] asn normalized { normalizedAsnToFhdn: 657, fixedMissingAsnRef: 0 }
[fareharbor-normalize] asn normalized { normalizedAsnToFhdn: 658, fixedMissingAsnRef: 0 }
[fareharbor-normalize] asn normalized { normalizedAsnToFhdn: 659, fixedMissingAsnRef: 0 }
[fareharbor-normalize] asn normalized { normalizedAsnToFhdn: 660, fixedMissingAsnRef: 0 }
[fareharbor-normalize] asn normalized { normalizedAsnToFhdn: 661, fixedMissingAsnRef: 0 }
[fareharbor-normalize] asn normalized { normalizedAsnToFhdn: 662, fixedMissingAsnRef: 0 }
[fareharbor-normalize] asn normalized { normalizedAsnToFhdn: 663, fixedMissingAsnRef: 0 }
[fareharbor-normalize] asn normalized { normalizedAsnToFhdn: 664, fixedMissingAsnRef: 0 }
[fareharbor-normalize] asn normalized { normalizedAsnToFhdn: 665, fixedMissingAsnRef: 0 }
[fareharbor-normalize] asn normalized { normalizedAsnToFhdn: 666, fixedMissingAsnRef: 0 }
[fareharbor-normalize] asn normalized { normalizedAsnToFhdn: 667, fixedMissingAsnRef: 0 }
[fareharbor-normalize] asn normalized { normalizedAsnToFhdn: 668, fixedMissingAsnRef: 0 }
[fareharbor-normalize] asn normalized { normalizedAsnToFhdn: 669, fixedMissingAsnRef: 0 }
[fareharbor-normalize] asn normalized { normalizedAsnToFhdn: 670, fixedMissingAsnRef: 0 }
[fareharbor-normalize] asn normalized { normalizedAsnToFhdn: 671, fixedMissingAsnRef: 0 }
[fareharbor-normalize] asn normalized { normalizedAsnToFhdn: 672, fixedMissingAsnRef: 0 }
[fareharbor-normalize] asn normalized { normalizedAsnToFhdn: 673, fixedMissingAsnRef: 0 }
[fareharbor-normalize] asn normalized { normalizedAsnToFhdn: 674, fixedMissingAsnRef: 0 }
[fareharbor-normalize] asn normalized { normalizedAsnToFhdn: 675, fixedMissingAsnRef: 0 }
[fareharbor-normalize] asn normalized { normalizedAsnToFhdn: 676, fixedMissingAsnRef: 0 }
[fareharbor-normalize] asn normalized { normalizedAsnToFhdn: 677, fixedMissingAsnRef: 0 }
[fareharbor-normalize] asn normalized { normalizedAsnToFhdn: 678, fixedMissingAsnRef: 0 }
[fareharbor-normalize] asn normalized { normalizedAsnToFhdn: 679, fixedMissingAsnRef: 0 }
[fareharbor-normalize] asn normalized { normalizedAsnToFhdn: 680, fixedMissingAsnRef: 0 }
[fareharbor-normalize] asn normalized { normalizedAsnToFhdn: 681, fixedMissingAsnRef: 0 }
[fareharbor-normalize] asn normalized { normalizedAsnToFhdn: 682, fixedMissingAsnRef: 0 }
[fareharbor-normalize] asn normalized { normalizedAsnToFhdn: 683, fixedMissingAsnRef: 0 }
[fareharbor-normalize] asn normalized { normalizedAsnToFhdn: 684, fixedMissingAsnRef: 0 }
[fareharbor-normalize] asn normalized { normalizedAsnToFhdn: 685, fixedMissingAsnRef: 0 }
[fareharbor-normalize] asn normalized { normalizedAsnToFhdn: 686, fixedMissingAsnRef: 0 }
[fareharbor-normalize] asn normalized { normalizedAsnToFhdn: 687, fixedMissingAsnRef: 0 }
[fareharbor-normalize] asn normalized { normalizedAsnToFhdn: 688, fixedMissingAsnRef: 0 }
[fareharbor-normalize] asn normalized { normalizedAsnToFhdn: 689, fixedMissingAsnRef: 0 }
[fareharbor-normalize] asn normalized { normalizedAsnToFhdn: 690, fixedMissingAsnRef: 0 }
[fareharbor-normalize] asn normalized { normalizedAsnToFhdn: 691, fixedMissingAsnRef: 0 }
[fareharbor-normalize] asn normalized { normalizedAsnToFhdn: 692, fixedMissingAsnRef: 0 }
[fareharbor-normalize] asn normalized { normalizedAsnToFhdn: 693, fixedMissingAsnRef: 0 }
[fareharbor-normalize] asn normalized { normalizedAsnToFhdn: 694, fixedMissingAsnRef: 0 }
[fareharbor-normalize] asn normalized { normalizedAsnToFhdn: 695, fixedMissingAsnRef: 0 }
[fareharbor-normalize] asn normalized { normalizedAsnToFhdn: 696, fixedMissingAsnRef: 0 }
[fareharbor-normalize] asn normalized { normalizedAsnToFhdn: 697, fixedMissingAsnRef: 0 }
[fareharbor-normalize] asn normalized { normalizedAsnToFhdn: 698, fixedMissingAsnRef: 0 }
[fareharbor-normalize] asn normalized { normalizedAsnToFhdn: 699, fixedMissingAsnRef: 0 }
[fareharbor-normalize] asn normalized { normalizedAsnToFhdn: 700, fixedMissingAsnRef: 0 }
[fareharbor-normalize] asn normalized { normalizedAsnToFhdn: 701, fixedMissingAsnRef: 0 }
[fareharbor-normalize] asn normalized { normalizedAsnToFhdn: 702, fixedMissingAsnRef: 0 }
[fareharbor-normalize] asn normalized { normalizedAsnToFhdn: 703, fixedMissingAsnRef: 0 }
[fareharbor-normalize] asn normalized { normalizedAsnToFhdn: 704, fixedMissingAsnRef: 0 }
[fareharbor-normalize] asn normalized { normalizedAsnToFhdn: 705, fixedMissingAsnRef: 0 }
[fareharbor-normalize] asn normalized { normalizedAsnToFhdn: 706, fixedMissingAsnRef: 0 }
[fareharbor-normalize] asn normalized { normalizedAsnToFhdn: 707, fixedMissingAsnRef: 0 }
[fareharbor-normalize] asn normalized { normalizedAsnToFhdn: 708, fixedMissingAsnRef: 0 }
[fareharbor-normalize] asn normalized { normalizedAsnToFhdn: 709, fixedMissingAsnRef: 0 }
[fareharbor-normalize] asn normalized { normalizedAsnToFhdn: 710, fixedMissingAsnRef: 0 }
[fareharbor-normalize] asn normalized { normalizedAsnToFhdn: 711, fixedMissingAsnRef: 0 }
[fareharbor-normalize] asn normalized { normalizedAsnToFhdn: 712, fixedMissingAsnRef: 0 }
[fareharbor-normalize] asn normalized { normalizedAsnToFhdn: 713, fixedMissingAsnRef: 0 }
[fareharbor-normalize] asn normalized { normalizedAsnToFhdn: 714, fixedMissingAsnRef: 0 }
[fareharbor-normalize] asn normalized { normalizedAsnToFhdn: 715, fixedMissingAsnRef: 0 }
[fareharbor-normalize] asn normalized { normalizedAsnToFhdn: 716, fixedMissingAsnRef: 0 }
[fareharbor-normalize] asn normalized { normalizedAsnToFhdn: 717, fixedMissingAsnRef: 0 }
[fareharbor-normalize] asn normalized { normalizedAsnToFhdn: 718, fixedMissingAsnRef: 0 }
[fareharbor-normalize] asn normalized { normalizedAsnToFhdn: 719, fixedMissingAsnRef: 0 }
[fareharbor-normalize] asn normalized { normalizedAsnToFhdn: 720, fixedMissingAsnRef: 0 }
[fareharbor-normalize] asn normalized { normalizedAsnToFhdn: 721, fixedMissingAsnRef: 0 }
[fareharbor-normalize] asn normalized { normalizedAsnToFhdn: 722, fixedMissingAsnRef: 0 }
[fareharbor-normalize] asn normalized { normalizedAsnToFhdn: 723, fixedMissingAsnRef: 0 }
[fareharbor-normalize] asn normalized { normalizedAsnToFhdn: 724, fixedMissingAsnRef: 0 }
[fareharbor-normalize] asn normalized { normalizedAsnToFhdn: 725, fixedMissingAsnRef: 0 }
[fareharbor-normalize] asn normalized { normalizedAsnToFhdn: 726, fixedMissingAsnRef: 0 }
[fareharbor-normalize] asn normalized { normalizedAsnToFhdn: 727, fixedMissingAsnRef: 0 }
[fareharbor-normalize] asn normalized { normalizedAsnToFhdn: 728, fixedMissingAsnRef: 0 }
[fareharbor-normalize] asn normalized { normalizedAsnToFhdn: 729, fixedMissingAsnRef: 0 }
[fareharbor-normalize] asn normalized { normalizedAsnToFhdn: 730, fixedMissingAsnRef: 0 }
[fareharbor-normalize] asn normalized { normalizedAsnToFhdn: 731, fixedMissingAsnRef: 0 }
[fareharbor-normalize] asn normalized { normalizedAsnToFhdn: 732, fixedMissingAsnRef: 0 }
[fareharbor-normalize] asn normalized { normalizedAsnToFhdn: 733, fixedMissingAsnRef: 0 }
[fareharbor-normalize] asn normalized { normalizedAsnToFhdn: 734, fixedMissingAsnRef: 0 }
[fareharbor-normalize] asn normalized { normalizedAsnToFhdn: 735, fixedMissingAsnRef: 0 }
[fareharbor-normalize] asn normalized { normalizedAsnToFhdn: 736, fixedMissingAsnRef: 0 }
[fareharbor-normalize] asn normalized { normalizedAsnToFhdn: 737, fixedMissingAsnRef: 0 }
[fareharbor-normalize] asn normalized { normalizedAsnToFhdn: 738, fixedMissingAsnRef: 0 }
[fareharbor-normalize] asn normalized { normalizedAsnToFhdn: 739, fixedMissingAsnRef: 0 }
[fareharbor-normalize] asn normalized { normalizedAsnToFhdn: 740, fixedMissingAsnRef: 0 }
[fareharbor-normalize] asn normalized { normalizedAsnToFhdn: 741, fixedMissingAsnRef: 0 }
[fareharbor-normalize] asn normalized { normalizedAsnToFhdn: 742, fixedMissingAsnRef: 0 }
[fareharbor-normalize] asn normalized { normalizedAsnToFhdn: 743, fixedMissingAsnRef: 0 }
[fareharbor-normalize] asn normalized { normalizedAsnToFhdn: 744, fixedMissingAsnRef: 0 }
[fareharbor-normalize] asn normalized { normalizedAsnToFhdn: 745, fixedMissingAsnRef: 0 }
[fareharbor-normalize] asn normalized { normalizedAsnToFhdn: 746, fixedMissingAsnRef: 0 }
[fareharbor-normalize] asn normalized { normalizedAsnToFhdn: 747, fixedMissingAsnRef: 0 }
[fareharbor-normalize] asn normalized { normalizedAsnToFhdn: 748, fixedMissingAsnRef: 0 }
[fareharbor-normalize] asn normalized { normalizedAsnToFhdn: 749, fixedMissingAsnRef: 0 }
[fareharbor-normalize] asn normalized { normalizedAsnToFhdn: 750, fixedMissingAsnRef: 0 }
[fareharbor-normalize] asn normalized { normalizedAsnToFhdn: 751, fixedMissingAsnRef: 0 }
[fareharbor-normalize] asn normalized { normalizedAsnToFhdn: 752, fixedMissingAsnRef: 0 }
[fareharbor-normalize] asn normalized { normalizedAsnToFhdn: 753, fixedMissingAsnRef: 0 }
[fareharbor-normalize] asn normalized { normalizedAsnToFhdn: 754, fixedMissingAsnRef: 0 }
[fareharbor-normalize] asn normalized { normalizedAsnToFhdn: 755, fixedMissingAsnRef: 0 }
[fareharbor-normalize] asn normalized { normalizedAsnToFhdn: 756, fixedMissingAsnRef: 0 }
[fareharbor-normalize] asn normalized { normalizedAsnToFhdn: 757, fixedMissingAsnRef: 0 }
[fareharbor-normalize] asn normalized { normalizedAsnToFhdn: 758, fixedMissingAsnRef: 0 }
[fareharbor-normalize] asn normalized { normalizedAsnToFhdn: 759, fixedMissingAsnRef: 0 }
[fareharbor-normalize] asn normalized { normalizedAsnToFhdn: 760, fixedMissingAsnRef: 0 }
[fareharbor-normalize] asn normalized { normalizedAsnToFhdn: 761, fixedMissingAsnRef: 0 }
[fareharbor-normalize] asn normalized { normalizedAsnToFhdn: 762, fixedMissingAsnRef: 0 }
[fareharbor-normalize] asn normalized { normalizedAsnToFhdn: 763, fixedMissingAsnRef: 0 }
[fareharbor-normalize] asn normalized { normalizedAsnToFhdn: 764, fixedMissingAsnRef: 0 }
[fareharbor-normalize] asn normalized { normalizedAsnToFhdn: 765, fixedMissingAsnRef: 0 }
[fareharbor-normalize] asn normalized { normalizedAsnToFhdn: 766, fixedMissingAsnRef: 0 }
[fareharbor-normalize] asn normalized { normalizedAsnToFhdn: 767, fixedMissingAsnRef: 0 }
[fareharbor-normalize] asn normalized { normalizedAsnToFhdn: 768, fixedMissingAsnRef: 0 }
[fareharbor-normalize] asn normalized { normalizedAsnToFhdn: 769, fixedMissingAsnRef: 0 }
[fareharbor-normalize] asn normalized { normalizedAsnToFhdn: 770, fixedMissingAsnRef: 0 }
[fareharbor-normalize] asn normalized { normalizedAsnToFhdn: 771, fixedMissingAsnRef: 0 }
[fareharbor-normalize] asn normalized { normalizedAsnToFhdn: 772, fixedMissingAsnRef: 0 }
[fareharbor-normalize] asn normalized { normalizedAsnToFhdn: 773, fixedMissingAsnRef: 0 }
[fareharbor-normalize] asn normalized { normalizedAsnToFhdn: 774, fixedMissingAsnRef: 0 }
[fareharbor-normalize] asn normalized { normalizedAsnToFhdn: 775, fixedMissingAsnRef: 0 }
[fareharbor-normalize] asn normalized { normalizedAsnToFhdn: 776, fixedMissingAsnRef: 0 }
[fareharbor-normalize] asn normalized { normalizedAsnToFhdn: 777, fixedMissingAsnRef: 0 }
[fareharbor-normalize] asn normalized { normalizedAsnToFhdn: 778, fixedMissingAsnRef: 0 }
[fareharbor-normalize] asn normalized { normalizedAsnToFhdn: 779, fixedMissingAsnRef: 0 }
[fareharbor-normalize] asn normalized { normalizedAsnToFhdn: 780, fixedMissingAsnRef: 0 }
[fareharbor-normalize] asn normalized { normalizedAsnToFhdn: 781, fixedMissingAsnRef: 0 }
[fareharbor-normalize] asn normalized { normalizedAsnToFhdn: 782, fixedMissingAsnRef: 0 }
[fareharbor-normalize] asn normalized { normalizedAsnToFhdn: 783, fixedMissingAsnRef: 0 }
[fareharbor-normalize] asn normalized { normalizedAsnToFhdn: 784, fixedMissingAsnRef: 0 }
[fareharbor-normalize] asn normalized { normalizedAsnToFhdn: 785, fixedMissingAsnRef: 0 }
[fareharbor-normalize] asn normalized { normalizedAsnToFhdn: 786, fixedMissingAsnRef: 0 }
[fareharbor-normalize] asn normalized { normalizedAsnToFhdn: 787, fixedMissingAsnRef: 0 }
[fareharbor-normalize] asn normalized { normalizedAsnToFhdn: 788, fixedMissingAsnRef: 0 }
[fareharbor-normalize] asn normalized { normalizedAsnToFhdn: 789, fixedMissingAsnRef: 0 }
[fareharbor-normalize] asn normalized { normalizedAsnToFhdn: 790, fixedMissingAsnRef: 0 }
[fareharbor-normalize] asn normalized { normalizedAsnToFhdn: 791, fixedMissingAsnRef: 0 }
[fareharbor-normalize] asn normalized { normalizedAsnToFhdn: 792, fixedMissingAsnRef: 0 }
[fareharbor-normalize] asn normalized { normalizedAsnToFhdn: 793, fixedMissingAsnRef: 0 }
[fareharbor-normalize] asn normalized { normalizedAsnToFhdn: 794, fixedMissingAsnRef: 0 }
[fareharbor-normalize] asn normalized { normalizedAsnToFhdn: 795, fixedMissingAsnRef: 0 }
[fareharbor-normalize] asn normalized { normalizedAsnToFhdn: 796, fixedMissingAsnRef: 0 }
[fareharbor-normalize] asn normalized { normalizedAsnToFhdn: 797, fixedMissingAsnRef: 0 }
[fareharbor-normalize] asn normalized { normalizedAsnToFhdn: 798, fixedMissingAsnRef: 0 }
[fareharbor-normalize] asn normalized { normalizedAsnToFhdn: 799, fixedMissingAsnRef: 0 }
[fareharbor-normalize] asn normalized { normalizedAsnToFhdn: 800, fixedMissingAsnRef: 0 }
[fareharbor-normalize] asn normalized { normalizedAsnToFhdn: 801, fixedMissingAsnRef: 0 }
[fareharbor-normalize] asn normalized { normalizedAsnToFhdn: 802, fixedMissingAsnRef: 0 }
[fareharbor-normalize] asn normalized { normalizedAsnToFhdn: 803, fixedMissingAsnRef: 0 }
[fareharbor-normalize] asn normalized { normalizedAsnToFhdn: 804, fixedMissingAsnRef: 0 }
[fareharbor-normalize] asn normalized { normalizedAsnToFhdn: 805, fixedMissingAsnRef: 0 }
[fareharbor-normalize] asn normalized { normalizedAsnToFhdn: 806, fixedMissingAsnRef: 0 }
[fareharbor-normalize] asn normalized { normalizedAsnToFhdn: 807, fixedMissingAsnRef: 0 }
[fareharbor-normalize] asn normalized { normalizedAsnToFhdn: 808, fixedMissingAsnRef: 0 }
[fareharbor-normalize] asn normalized { normalizedAsnToFhdn: 809, fixedMissingAsnRef: 0 }
[fareharbor-normalize] asn normalized { normalizedAsnToFhdn: 810, fixedMissingAsnRef: 0 }
[fareharbor-normalize] asn normalized { normalizedAsnToFhdn: 811, fixedMissingAsnRef: 0 }
[fareharbor-normalize] asn normalized { normalizedAsnToFhdn: 812, fixedMissingAsnRef: 0 }
[fareharbor-normalize] asn normalized { normalizedAsnToFhdn: 813, fixedMissingAsnRef: 0 }
[fareharbor-normalize] asn normalized { normalizedAsnToFhdn: 814, fixedMissingAsnRef: 0 }
[fareharbor-normalize] asn normalized { normalizedAsnToFhdn: 815, fixedMissingAsnRef: 0 }
[fareharbor-normalize] asn normalized { normalizedAsnToFhdn: 816, fixedMissingAsnRef: 0 }
[fareharbor-normalize] asn normalized { normalizedAsnToFhdn: 817, fixedMissingAsnRef: 0 }
[fareharbor-normalize] asn normalized { normalizedAsnToFhdn: 818, fixedMissingAsnRef: 0 }
[fareharbor-normalize] asn normalized { normalizedAsnToFhdn: 819, fixedMissingAsnRef: 0 }
[fareharbor-normalize] asn normalized { normalizedAsnToFhdn: 820, fixedMissingAsnRef: 0 }
[fareharbor-normalize] asn normalized { normalizedAsnToFhdn: 821, fixedMissingAsnRef: 0 }
[fareharbor-normalize] asn normalized { normalizedAsnToFhdn: 822, fixedMissingAsnRef: 0 }
[fareharbor-normalize] asn normalized { normalizedAsnToFhdn: 823, fixedMissingAsnRef: 0 }
[fareharbor-normalize] asn normalized { normalizedAsnToFhdn: 824, fixedMissingAsnRef: 0 }
[fareharbor-normalize] asn normalized { normalizedAsnToFhdn: 825, fixedMissingAsnRef: 0 }
[fareharbor-normalize] asn normalized { normalizedAsnToFhdn: 826, fixedMissingAsnRef: 0 }
[fareharbor-normalize] asn normalized { normalizedAsnToFhdn: 827, fixedMissingAsnRef: 0 }
[fareharbor-normalize] asn normalized { normalizedAsnToFhdn: 828, fixedMissingAsnRef: 0 }
[fareharbor-normalize] asn normalized { normalizedAsnToFhdn: 829, fixedMissingAsnRef: 0 }
[fareharbor-normalize] asn normalized { normalizedAsnToFhdn: 830, fixedMissingAsnRef: 0 }
[fareharbor-normalize] asn normalized { normalizedAsnToFhdn: 831, fixedMissingAsnRef: 0 }
[fareharbor-normalize] asn normalized { normalizedAsnToFhdn: 832, fixedMissingAsnRef: 0 }
[fareharbor-normalize] asn normalized { normalizedAsnToFhdn: 833, fixedMissingAsnRef: 0 }
[fareharbor-normalize] asn normalized { normalizedAsnToFhdn: 834, fixedMissingAsnRef: 0 }
[fareharbor-normalize] asn normalized { normalizedAsnToFhdn: 835, fixedMissingAsnRef: 0 }
[fareharbor-normalize] asn normalized { normalizedAsnToFhdn: 836, fixedMissingAsnRef: 0 }
[fareharbor-normalize] asn normalized { normalizedAsnToFhdn: 837, fixedMissingAsnRef: 0 }
[fareharbor-normalize] asn normalized { normalizedAsnToFhdn: 838, fixedMissingAsnRef: 0 }
[fareharbor-normalize] asn normalized { normalizedAsnToFhdn: 839, fixedMissingAsnRef: 0 }
[fareharbor-normalize] asn normalized { normalizedAsnToFhdn: 840, fixedMissingAsnRef: 0 }
[fareharbor-normalize] asn normalized { normalizedAsnToFhdn: 841, fixedMissingAsnRef: 0 }
[fareharbor-normalize] asn normalized { normalizedAsnToFhdn: 842, fixedMissingAsnRef: 0 }
[fareharbor-normalize] asn normalized { normalizedAsnToFhdn: 843, fixedMissingAsnRef: 0 }
[fareharbor-normalize] asn normalized { normalizedAsnToFhdn: 844, fixedMissingAsnRef: 0 }
[fareharbor-normalize] asn normalized { normalizedAsnToFhdn: 845, fixedMissingAsnRef: 0 }
[fareharbor-normalize] asn normalized { normalizedAsnToFhdn: 846, fixedMissingAsnRef: 0 }
[fareharbor-normalize] asn normalized { normalizedAsnToFhdn: 847, fixedMissingAsnRef: 0 }
[fareharbor-normalize] asn normalized { normalizedAsnToFhdn: 848, fixedMissingAsnRef: 0 }
[fareharbor-normalize] asn normalized { normalizedAsnToFhdn: 849, fixedMissingAsnRef: 0 }
[fareharbor-normalize] asn normalized { normalizedAsnToFhdn: 850, fixedMissingAsnRef: 0 }
[fareharbor-normalize] asn normalized { normalizedAsnToFhdn: 851, fixedMissingAsnRef: 0 }
[fareharbor-normalize] asn normalized { normalizedAsnToFhdn: 852, fixedMissingAsnRef: 0 }
[fareharbor-normalize] asn normalized { normalizedAsnToFhdn: 853, fixedMissingAsnRef: 0 }
[fareharbor-normalize] asn normalized { normalizedAsnToFhdn: 854, fixedMissingAsnRef: 0 }
[fareharbor-normalize] asn normalized { normalizedAsnToFhdn: 855, fixedMissingAsnRef: 0 }
[fareharbor-normalize] asn normalized { normalizedAsnToFhdn: 856, fixedMissingAsnRef: 0 }
[fareharbor-normalize] asn normalized { normalizedAsnToFhdn: 857, fixedMissingAsnRef: 0 }
[fareharbor-normalize] asn normalized { normalizedAsnToFhdn: 858, fixedMissingAsnRef: 0 }
[fareharbor-normalize] asn normalized { normalizedAsnToFhdn: 859, fixedMissingAsnRef: 0 }
[fareharbor-normalize] asn normalized { normalizedAsnToFhdn: 860, fixedMissingAsnRef: 0 }
[fareharbor-normalize] asn normalized { normalizedAsnToFhdn: 861, fixedMissingAsnRef: 0 }
[fareharbor-normalize] asn normalized { normalizedAsnToFhdn: 862, fixedMissingAsnRef: 0 }
[fareharbor-normalize] asn normalized { normalizedAsnToFhdn: 863, fixedMissingAsnRef: 0 }
[fareharbor-normalize] asn normalized { normalizedAsnToFhdn: 864, fixedMissingAsnRef: 0 }
[fareharbor-normalize] asn normalized { normalizedAsnToFhdn: 865, fixedMissingAsnRef: 0 }
[fareharbor-normalize] asn normalized { normalizedAsnToFhdn: 866, fixedMissingAsnRef: 0 }
[fareharbor-normalize] asn normalized { normalizedAsnToFhdn: 867, fixedMissingAsnRef: 0 }
[fareharbor-normalize] asn normalized { normalizedAsnToFhdn: 868, fixedMissingAsnRef: 0 }
[fareharbor-normalize] asn normalized { normalizedAsnToFhdn: 869, fixedMissingAsnRef: 0 }
[fareharbor-normalize] asn normalized { normalizedAsnToFhdn: 870, fixedMissingAsnRef: 0 }
[fareharbor-normalize] asn normalized { normalizedAsnToFhdn: 871, fixedMissingAsnRef: 0 }
[fareharbor-normalize] asn normalized { normalizedAsnToFhdn: 872, fixedMissingAsnRef: 0 }
[fareharbor-normalize] asn normalized { normalizedAsnToFhdn: 873, fixedMissingAsnRef: 0 }
[fareharbor-normalize] asn normalized { normalizedAsnToFhdn: 874, fixedMissingAsnRef: 0 }
[fareharbor-normalize] asn normalized { normalizedAsnToFhdn: 875, fixedMissingAsnRef: 0 }
[fareharbor-normalize] asn normalized { normalizedAsnToFhdn: 876, fixedMissingAsnRef: 0 }
[fareharbor-normalize] asn normalized { normalizedAsnToFhdn: 877, fixedMissingAsnRef: 0 }
[fareharbor-normalize] asn normalized { normalizedAsnToFhdn: 878, fixedMissingAsnRef: 0 }
[fareharbor-normalize] asn normalized { normalizedAsnToFhdn: 879, fixedMissingAsnRef: 0 }
[fareharbor-normalize] asn normalized { normalizedAsnToFhdn: 880, fixedMissingAsnRef: 0 }
[fareharbor-normalize] asn normalized { normalizedAsnToFhdn: 881, fixedMissingAsnRef: 0 }
[fareharbor-normalize] asn normalized { normalizedAsnToFhdn: 882, fixedMissingAsnRef: 0 }
[fareharbor-normalize] asn normalized { normalizedAsnToFhdn: 883, fixedMissingAsnRef: 0 }
[fareharbor-normalize] asn normalized { normalizedAsnToFhdn: 884, fixedMissingAsnRef: 0 }
[fareharbor-normalize] asn normalized { normalizedAsnToFhdn: 885, fixedMissingAsnRef: 0 }
[fareharbor-normalize] asn normalized { normalizedAsnToFhdn: 886, fixedMissingAsnRef: 0 }
[fareharbor-normalize] asn normalized { normalizedAsnToFhdn: 887, fixedMissingAsnRef: 0 }
[fareharbor-normalize] asn normalized { normalizedAsnToFhdn: 888, fixedMissingAsnRef: 0 }
[fareharbor-normalize] asn normalized { normalizedAsnToFhdn: 889, fixedMissingAsnRef: 0 }
[fareharbor-normalize] asn normalized { normalizedAsnToFhdn: 890, fixedMissingAsnRef: 0 }
[fareharbor-normalize] asn normalized { normalizedAsnToFhdn: 891, fixedMissingAsnRef: 0 }
[fareharbor-normalize] asn normalized { normalizedAsnToFhdn: 892, fixedMissingAsnRef: 0 }
[fareharbor-normalize] asn normalized { normalizedAsnToFhdn: 893, fixedMissingAsnRef: 0 }
[fareharbor-normalize] asn normalized { normalizedAsnToFhdn: 894, fixedMissingAsnRef: 0 }
[fareharbor-normalize] asn normalized { normalizedAsnToFhdn: 895, fixedMissingAsnRef: 0 }
[fareharbor-normalize] asn normalized { normalizedAsnToFhdn: 896, fixedMissingAsnRef: 0 }
[fareharbor-normalize] asn normalized { normalizedAsnToFhdn: 897, fixedMissingAsnRef: 0 }
[fareharbor-normalize] asn normalized { normalizedAsnToFhdn: 898, fixedMissingAsnRef: 0 }
[fareharbor-normalize] asn normalized { normalizedAsnToFhdn: 899, fixedMissingAsnRef: 0 }
[fareharbor-normalize] asn normalized { normalizedAsnToFhdn: 900, fixedMissingAsnRef: 0 }
[fareharbor-normalize] asn normalized { normalizedAsnToFhdn: 901, fixedMissingAsnRef: 0 }
[fareharbor-normalize] asn normalized { normalizedAsnToFhdn: 902, fixedMissingAsnRef: 0 }
[fareharbor-normalize] asn normalized { normalizedAsnToFhdn: 903, fixedMissingAsnRef: 0 }
[fareharbor-normalize] asn normalized { normalizedAsnToFhdn: 904, fixedMissingAsnRef: 0 }
[fareharbor-normalize] asn normalized { normalizedAsnToFhdn: 905, fixedMissingAsnRef: 0 }
[fareharbor-normalize] asn normalized { normalizedAsnToFhdn: 906, fixedMissingAsnRef: 0 }
[fareharbor-normalize] asn normalized { normalizedAsnToFhdn: 907, fixedMissingAsnRef: 0 }
[fareharbor-normalize] asn normalized { normalizedAsnToFhdn: 908, fixedMissingAsnRef: 0 }
[fareharbor-normalize] asn normalized { normalizedAsnToFhdn: 909, fixedMissingAsnRef: 0 }
[fareharbor-normalize] asn normalized { normalizedAsnToFhdn: 910, fixedMissingAsnRef: 0 }
[fareharbor-normalize] asn normalized { normalizedAsnToFhdn: 911, fixedMissingAsnRef: 0 }
[fareharbor-normalize] asn normalized { normalizedAsnToFhdn: 912, fixedMissingAsnRef: 0 }
[fareharbor-normalize] asn normalized { normalizedAsnToFhdn: 913, fixedMissingAsnRef: 0 }
[fareharbor-normalize] asn normalized { normalizedAsnToFhdn: 914, fixedMissingAsnRef: 0 }
[fareharbor-normalize] asn normalized { normalizedAsnToFhdn: 915, fixedMissingAsnRef: 0 }
[fareharbor-normalize] asn normalized { normalizedAsnToFhdn: 916, fixedMissingAsnRef: 0 }
[fareharbor-normalize] asn normalized { normalizedAsnToFhdn: 917, fixedMissingAsnRef: 0 }
[fareharbor-normalize] asn normalized { normalizedAsnToFhdn: 918, fixedMissingAsnRef: 0 }
[fareharbor-normalize] asn normalized { normalizedAsnToFhdn: 919, fixedMissingAsnRef: 0 }
[fareharbor-normalize] asn normalized { normalizedAsnToFhdn: 920, fixedMissingAsnRef: 0 }
[fareharbor-normalize] asn normalized { normalizedAsnToFhdn: 921, fixedMissingAsnRef: 0 }
[fareharbor-normalize] asn normalized { normalizedAsnToFhdn: 922, fixedMissingAsnRef: 0 }
[fareharbor-normalize] asn normalized { normalizedAsnToFhdn: 923, fixedMissingAsnRef: 0 }
[fareharbor-normalize] asn normalized { normalizedAsnToFhdn: 924, fixedMissingAsnRef: 0 }
[fareharbor-normalize] asn normalized { normalizedAsnToFhdn: 925, fixedMissingAsnRef: 0 }
[fareharbor-normalize] asn normalized { normalizedAsnToFhdn: 926, fixedMissingAsnRef: 0 }
[fareharbor-normalize] asn normalized { normalizedAsnToFhdn: 927, fixedMissingAsnRef: 0 }
[fareharbor-normalize] asn normalized { normalizedAsnToFhdn: 928, fixedMissingAsnRef: 0 }
[fareharbor-normalize] asn normalized { normalizedAsnToFhdn: 929, fixedMissingAsnRef: 0 }
[fareharbor-normalize] asn normalized { normalizedAsnToFhdn: 930, fixedMissingAsnRef: 0 }
[fareharbor-normalize] asn normalized { normalizedAsnToFhdn: 931, fixedMissingAsnRef: 0 }
[fareharbor-normalize] asn normalized { normalizedAsnToFhdn: 932, fixedMissingAsnRef: 0 }
[fareharbor-normalize] asn normalized { normalizedAsnToFhdn: 933, fixedMissingAsnRef: 0 }
[fareharbor-normalize] asn normalized { normalizedAsnToFhdn: 934, fixedMissingAsnRef: 0 }
[fareharbor-normalize] asn normalized { normalizedAsnToFhdn: 935, fixedMissingAsnRef: 0 }
[fareharbor-normalize] asn normalized { normalizedAsnToFhdn: 936, fixedMissingAsnRef: 0 }
[fareharbor-normalize] asn normalized { normalizedAsnToFhdn: 937, fixedMissingAsnRef: 0 }
[fareharbor-normalize] asn normalized { normalizedAsnToFhdn: 938, fixedMissingAsnRef: 0 }
[fareharbor-normalize] asn normalized { normalizedAsnToFhdn: 939, fixedMissingAsnRef: 0 }
[fareharbor-normalize] asn normalized { normalizedAsnToFhdn: 940, fixedMissingAsnRef: 0 }
[fareharbor-normalize] asn normalized { normalizedAsnToFhdn: 941, fixedMissingAsnRef: 0 }
[fareharbor-normalize] asn normalized { normalizedAsnToFhdn: 942, fixedMissingAsnRef: 0 }
[fareharbor-normalize] asn normalized { normalizedAsnToFhdn: 943, fixedMissingAsnRef: 0 }
[fareharbor-normalize] asn normalized { normalizedAsnToFhdn: 944, fixedMissingAsnRef: 0 }
[fareharbor-normalize] asn normalized { normalizedAsnToFhdn: 945, fixedMissingAsnRef: 0 }
[fareharbor-normalize] asn normalized { normalizedAsnToFhdn: 946, fixedMissingAsnRef: 0 }
[fareharbor-normalize] asn normalized { normalizedAsnToFhdn: 947, fixedMissingAsnRef: 0 }
[fareharbor-normalize] asn normalized { normalizedAsnToFhdn: 948, fixedMissingAsnRef: 0 }
[fareharbor-normalize] asn normalized { normalizedAsnToFhdn: 949, fixedMissingAsnRef: 0 }
[fareharbor-normalize] asn normalized { normalizedAsnToFhdn: 950, fixedMissingAsnRef: 0 }
[fareharbor-normalize] asn normalized { normalizedAsnToFhdn: 951, fixedMissingAsnRef: 0 }
[fareharbor-normalize] asn normalized { normalizedAsnToFhdn: 952, fixedMissingAsnRef: 0 }
[fareharbor-normalize] asn normalized { normalizedAsnToFhdn: 953, fixedMissingAsnRef: 0 }
[fareharbor-normalize] asn normalized { normalizedAsnToFhdn: 954, fixedMissingAsnRef: 0 }
[fareharbor-normalize] asn normalized { normalizedAsnToFhdn: 955, fixedMissingAsnRef: 0 }
[fareharbor-normalize] asn normalized { normalizedAsnToFhdn: 956, fixedMissingAsnRef: 0 }
[fareharbor-normalize] asn normalized { normalizedAsnToFhdn: 957, fixedMissingAsnRef: 0 }
[fareharbor-normalize] asn normalized { normalizedAsnToFhdn: 958, fixedMissingAsnRef: 0 }
[fareharbor-normalize] asn normalized { normalizedAsnToFhdn: 959, fixedMissingAsnRef: 0 }
[fareharbor-normalize] asn normalized { normalizedAsnToFhdn: 960, fixedMissingAsnRef: 0 }
[fareharbor-normalize] asn normalized { normalizedAsnToFhdn: 961, fixedMissingAsnRef: 0 }
[fareharbor-normalize] asn normalized { normalizedAsnToFhdn: 962, fixedMissingAsnRef: 0 }
[fareharbor-normalize] asn normalized { normalizedAsnToFhdn: 963, fixedMissingAsnRef: 0 }
[fareharbor-normalize] asn normalized { normalizedAsnToFhdn: 964, fixedMissingAsnRef: 0 }
[fareharbor-normalize] asn normalized { normalizedAsnToFhdn: 965, fixedMissingAsnRef: 0 }
[fareharbor-normalize] asn normalized { normalizedAsnToFhdn: 966, fixedMissingAsnRef: 0 }
[fareharbor-normalize] asn normalized { normalizedAsnToFhdn: 967, fixedMissingAsnRef: 0 }
[fareharbor-normalize] asn normalized { normalizedAsnToFhdn: 968, fixedMissingAsnRef: 0 }
[fareharbor-normalize] asn normalized { normalizedAsnToFhdn: 969, fixedMissingAsnRef: 0 }
[fareharbor-normalize] asn normalized { normalizedAsnToFhdn: 970, fixedMissingAsnRef: 0 }
[fareharbor-normalize] asn normalized { normalizedAsnToFhdn: 971, fixedMissingAsnRef: 0 }
[fareharbor-normalize] asn normalized { normalizedAsnToFhdn: 972, fixedMissingAsnRef: 0 }
[fareharbor-normalize] asn normalized { normalizedAsnToFhdn: 973, fixedMissingAsnRef: 0 }
[fareharbor-normalize] asn normalized { normalizedAsnToFhdn: 974, fixedMissingAsnRef: 0 }
[fareharbor-normalize] asn normalized { normalizedAsnToFhdn: 975, fixedMissingAsnRef: 0 }
[fareharbor-normalize] asn normalized { normalizedAsnToFhdn: 976, fixedMissingAsnRef: 0 }
[fareharbor-normalize] asn normalized { normalizedAsnToFhdn: 977, fixedMissingAsnRef: 0 }
[fareharbor-normalize] asn normalized { normalizedAsnToFhdn: 978, fixedMissingAsnRef: 0 }
[fareharbor-normalize] asn normalized { normalizedAsnToFhdn: 979, fixedMissingAsnRef: 0 }
[fareharbor-normalize] asn normalized { normalizedAsnToFhdn: 980, fixedMissingAsnRef: 0 }
[fareharbor-normalize] asn normalized { normalizedAsnToFhdn: 981, fixedMissingAsnRef: 0 }
[fareharbor-normalize] asn normalized { normalizedAsnToFhdn: 982, fixedMissingAsnRef: 0 }
[fareharbor-normalize] asn normalized { normalizedAsnToFhdn: 983, fixedMissingAsnRef: 0 }
[fareharbor-normalize] asn normalized { normalizedAsnToFhdn: 984, fixedMissingAsnRef: 0 }
[fareharbor-normalize] asn normalized { normalizedAsnToFhdn: 985, fixedMissingAsnRef: 0 }
[fareharbor-normalize] asn normalized { normalizedAsnToFhdn: 986, fixedMissingAsnRef: 0 }
[fareharbor-normalize] asn normalized { normalizedAsnToFhdn: 987, fixedMissingAsnRef: 0 }
[fareharbor-normalize] asn normalized { normalizedAsnToFhdn: 988, fixedMissingAsnRef: 0 }
[fareharbor-normalize] asn normalized { normalizedAsnToFhdn: 989, fixedMissingAsnRef: 0 }
[fareharbor-normalize] asn normalized { normalizedAsnToFhdn: 990, fixedMissingAsnRef: 0 }
[fareharbor-normalize] asn normalized { normalizedAsnToFhdn: 991, fixedMissingAsnRef: 0 }
[fareharbor-normalize] asn normalized { normalizedAsnToFhdn: 992, fixedMissingAsnRef: 0 }
[fareharbor-normalize] asn normalized { normalizedAsnToFhdn: 993, fixedMissingAsnRef: 0 }
[fareharbor-normalize] asn normalized { normalizedAsnToFhdn: 994, fixedMissingAsnRef: 0 }
[fareharbor-normalize] asn normalized { normalizedAsnToFhdn: 995, fixedMissingAsnRef: 0 }
[fareharbor-normalize] asn normalized { normalizedAsnToFhdn: 996, fixedMissingAsnRef: 0 }
[fareharbor-normalize] asn normalized { normalizedAsnToFhdn: 997, fixedMissingAsnRef: 0 }
[fareharbor-normalize] asn normalized { normalizedAsnToFhdn: 998, fixedMissingAsnRef: 0 }
[fareharbor-normalize] asn normalized { normalizedAsnToFhdn: 999, fixedMissingAsnRef: 0 }
[fareharbor-normalize] asn normalized { normalizedAsnToFhdn: 1000, fixedMissingAsnRef: 0 }
[fareharbor-normalize] asn normalized { normalizedAsnToFhdn: 1001, fixedMissingAsnRef: 0 }
[fareharbor-normalize] asn normalized { normalizedAsnToFhdn: 1002, fixedMissingAsnRef: 0 }
[fareharbor-normalize] asn normalized { normalizedAsnToFhdn: 1003, fixedMissingAsnRef: 0 }
[fareharbor-normalize] asn normalized { normalizedAsnToFhdn: 1004, fixedMissingAsnRef: 0 }
[fareharbor-normalize] asn normalized { normalizedAsnToFhdn: 1005, fixedMissingAsnRef: 0 }
[fareharbor-normalize] asn normalized { normalizedAsnToFhdn: 1006, fixedMissingAsnRef: 0 }
[fareharbor-normalize] asn normalized { normalizedAsnToFhdn: 1007, fixedMissingAsnRef: 0 }
[fareharbor-normalize] asn normalized { normalizedAsnToFhdn: 1008, fixedMissingAsnRef: 0 }
[fareharbor-normalize] asn normalized { normalizedAsnToFhdn: 1009, fixedMissingAsnRef: 0 }
[fareharbor-normalize] asn normalized { normalizedAsnToFhdn: 1010, fixedMissingAsnRef: 0 }
[fareharbor-normalize] asn normalized { normalizedAsnToFhdn: 1011, fixedMissingAsnRef: 0 }
[fareharbor-normalize] asn normalized { normalizedAsnToFhdn: 1012, fixedMissingAsnRef: 0 }
[fareharbor-normalize] asn normalized { normalizedAsnToFhdn: 1013, fixedMissingAsnRef: 0 }
[fareharbor-normalize] asn normalized { normalizedAsnToFhdn: 1014, fixedMissingAsnRef: 0 }
[fareharbor-normalize] asn normalized { normalizedAsnToFhdn: 1015, fixedMissingAsnRef: 0 }
[fareharbor-normalize] asn normalized { normalizedAsnToFhdn: 1016, fixedMissingAsnRef: 0 }
[fareharbor-normalize] asn normalized { normalizedAsnToFhdn: 1017, fixedMissingAsnRef: 0 }
[fareharbor-normalize] asn normalized { normalizedAsnToFhdn: 1018, fixedMissingAsnRef: 0 }
[fareharbor-normalize] asn normalized { normalizedAsnToFhdn: 1019, fixedMissingAsnRef: 0 }
[fareharbor-normalize] asn normalized { normalizedAsnToFhdn: 1020, fixedMissingAsnRef: 0 }
[fareharbor-normalize] asn normalized { normalizedAsnToFhdn: 1021, fixedMissingAsnRef: 0 }
[fareharbor-normalize] asn normalized { normalizedAsnToFhdn: 1022, fixedMissingAsnRef: 0 }
[fareharbor-normalize] asn normalized { normalizedAsnToFhdn: 1023, fixedMissingAsnRef: 0 }
[fareharbor-normalize] asn normalized { normalizedAsnToFhdn: 1024, fixedMissingAsnRef: 0 }
[fareharbor-normalize] asn normalized { normalizedAsnToFhdn: 1025, fixedMissingAsnRef: 0 }
[fareharbor-normalize] asn normalized { normalizedAsnToFhdn: 1026, fixedMissingAsnRef: 0 }
[fareharbor-normalize] asn normalized { normalizedAsnToFhdn: 1027, fixedMissingAsnRef: 0 }
[fareharbor-normalize] asn normalized { normalizedAsnToFhdn: 1028, fixedMissingAsnRef: 0 }
[fareharbor-normalize] asn normalized { normalizedAsnToFhdn: 1029, fixedMissingAsnRef: 0 }
[fareharbor-normalize] asn normalized { normalizedAsnToFhdn: 1030, fixedMissingAsnRef: 0 }
[fareharbor-normalize] asn normalized { normalizedAsnToFhdn: 1031, fixedMissingAsnRef: 0 }
[fareharbor-normalize] asn normalized { normalizedAsnToFhdn: 1032, fixedMissingAsnRef: 0 }
[fareharbor-normalize] asn normalized { normalizedAsnToFhdn: 1033, fixedMissingAsnRef: 0 }
[fareharbor-normalize] asn normalized { normalizedAsnToFhdn: 1034, fixedMissingAsnRef: 0 }
[fareharbor-normalize] asn normalized { normalizedAsnToFhdn: 1035, fixedMissingAsnRef: 0 }
[fareharbor-normalize] asn normalized { normalizedAsnToFhdn: 1036, fixedMissingAsnRef: 0 }
[fareharbor-normalize] asn normalized { normalizedAsnToFhdn: 1037, fixedMissingAsnRef: 0 }
[fareharbor-normalize] asn normalized { normalizedAsnToFhdn: 1038, fixedMissingAsnRef: 0 }
[fareharbor-normalize] asn normalized { normalizedAsnToFhdn: 1039, fixedMissingAsnRef: 0 }
[fareharbor-normalize] asn normalized { normalizedAsnToFhdn: 1040, fixedMissingAsnRef: 0 }
[fareharbor-normalize] asn normalized { normalizedAsnToFhdn: 1041, fixedMissingAsnRef: 0 }
[fareharbor-normalize] asn normalized { normalizedAsnToFhdn: 1042, fixedMissingAsnRef: 0 }
[fareharbor-normalize] asn normalized { normalizedAsnToFhdn: 1043, fixedMissingAsnRef: 0 }
[fareharbor-normalize] asn normalized { normalizedAsnToFhdn: 1044, fixedMissingAsnRef: 0 }
[fareharbor-normalize] asn normalized { normalizedAsnToFhdn: 1045, fixedMissingAsnRef: 0 }
[fareharbor-normalize] asn normalized { normalizedAsnToFhdn: 1046, fixedMissingAsnRef: 0 }
[fareharbor-normalize] asn normalized { normalizedAsnToFhdn: 1047, fixedMissingAsnRef: 0 }
[fareharbor-normalize] asn normalized { normalizedAsnToFhdn: 1048, fixedMissingAsnRef: 0 }
[fareharbor-normalize] asn normalized { normalizedAsnToFhdn: 1049, fixedMissingAsnRef: 0 }
[fareharbor-normalize] asn normalized { normalizedAsnToFhdn: 1050, fixedMissingAsnRef: 0 }
[fareharbor-normalize] asn normalized { normalizedAsnToFhdn: 1051, fixedMissingAsnRef: 0 }
[fareharbor-normalize] asn normalized { normalizedAsnToFhdn: 1052, fixedMissingAsnRef: 0 }
[fareharbor-normalize] asn normalized { normalizedAsnToFhdn: 1053, fixedMissingAsnRef: 0 }
[fareharbor-normalize] asn normalized { normalizedAsnToFhdn: 1054, fixedMissingAsnRef: 0 }
[fareharbor-normalize] asn normalized { normalizedAsnToFhdn: 1055, fixedMissingAsnRef: 0 }
[fareharbor-normalize] asn normalized { normalizedAsnToFhdn: 1056, fixedMissingAsnRef: 0 }
[fareharbor-normalize] asn normalized { normalizedAsnToFhdn: 1057, fixedMissingAsnRef: 0 }
[fareharbor-normalize] asn normalized { normalizedAsnToFhdn: 1058, fixedMissingAsnRef: 0 }
[fareharbor-normalize] asn normalized { normalizedAsnToFhdn: 1059, fixedMissingAsnRef: 0 }
[fareharbor-normalize] asn normalized { normalizedAsnToFhdn: 1060, fixedMissingAsnRef: 0 }
[fareharbor-normalize] asn normalized { normalizedAsnToFhdn: 1061, fixedMissingAsnRef: 0 }
[fareharbor-normalize] asn normalized { normalizedAsnToFhdn: 1062, fixedMissingAsnRef: 0 }
[fareharbor-normalize] asn normalized { normalizedAsnToFhdn: 1063, fixedMissingAsnRef: 0 }
[fareharbor-normalize] asn normalized { normalizedAsnToFhdn: 1064, fixedMissingAsnRef: 0 }
[fareharbor-normalize] asn normalized { normalizedAsnToFhdn: 1065, fixedMissingAsnRef: 0 }
[fareharbor-normalize] asn normalized { normalizedAsnToFhdn: 1066, fixedMissingAsnRef: 0 }
[fareharbor-normalize] asn normalized { normalizedAsnToFhdn: 1067, fixedMissingAsnRef: 0 }
[fareharbor-normalize] asn normalized { normalizedAsnToFhdn: 1068, fixedMissingAsnRef: 0 }
[fareharbor-normalize] asn normalized { normalizedAsnToFhdn: 1069, fixedMissingAsnRef: 0 }
[fareharbor-normalize] asn normalized { normalizedAsnToFhdn: 1070, fixedMissingAsnRef: 0 }
[fareharbor-normalize] asn normalized { normalizedAsnToFhdn: 1071, fixedMissingAsnRef: 0 }
[fareharbor-normalize] asn normalized { normalizedAsnToFhdn: 1072, fixedMissingAsnRef: 0 }
[fareharbor-normalize] asn normalized { normalizedAsnToFhdn: 1073, fixedMissingAsnRef: 0 }
[fareharbor-normalize] asn normalized { normalizedAsnToFhdn: 1074, fixedMissingAsnRef: 0 }
[fareharbor-normalize] asn normalized { normalizedAsnToFhdn: 1075, fixedMissingAsnRef: 0 }
[fareharbor-normalize] asn normalized { normalizedAsnToFhdn: 1076, fixedMissingAsnRef: 0 }
[fareharbor-normalize] asn normalized { normalizedAsnToFhdn: 1077, fixedMissingAsnRef: 0 }
[fareharbor-normalize] asn normalized { normalizedAsnToFhdn: 1078, fixedMissingAsnRef: 0 }
[fareharbor-normalize] asn normalized { normalizedAsnToFhdn: 1079, fixedMissingAsnRef: 0 }
[fareharbor-normalize] asn normalized { normalizedAsnToFhdn: 1080, fixedMissingAsnRef: 0 }
[fareharbor-normalize] asn normalized { normalizedAsnToFhdn: 1081, fixedMissingAsnRef: 0 }
[fareharbor-normalize] asn normalized { normalizedAsnToFhdn: 1082, fixedMissingAsnRef: 0 }
[fareharbor-normalize] asn normalized { normalizedAsnToFhdn: 1083, fixedMissingAsnRef: 0 }
[fareharbor-normalize] asn normalized { normalizedAsnToFhdn: 1084, fixedMissingAsnRef: 0 }
[fareharbor-normalize] asn normalized { normalizedAsnToFhdn: 1085, fixedMissingAsnRef: 0 }
[fareharbor-normalize] asn normalized { normalizedAsnToFhdn: 1086, fixedMissingAsnRef: 0 }
[fareharbor-normalize] asn normalized { normalizedAsnToFhdn: 1087, fixedMissingAsnRef: 0 }
[fareharbor-normalize] asn normalized { normalizedAsnToFhdn: 1088, fixedMissingAsnRef: 0 }
[fareharbor-normalize] asn normalized { normalizedAsnToFhdn: 1089, fixedMissingAsnRef: 0 }
[fareharbor-normalize] asn normalized { normalizedAsnToFhdn: 1090, fixedMissingAsnRef: 0 }
[fareharbor-normalize] asn normalized { normalizedAsnToFhdn: 1091, fixedMissingAsnRef: 0 }
[fareharbor-normalize] asn normalized { normalizedAsnToFhdn: 1092, fixedMissingAsnRef: 0 }
[fareharbor-normalize] asn normalized { normalizedAsnToFhdn: 1093, fixedMissingAsnRef: 0 }
[fareharbor-normalize] asn normalized { normalizedAsnToFhdn: 1094, fixedMissingAsnRef: 0 }
[fareharbor-normalize] asn normalized { normalizedAsnToFhdn: 1095, fixedMissingAsnRef: 0 }
[fareharbor-normalize] asn normalized { normalizedAsnToFhdn: 1096, fixedMissingAsnRef: 0 }
[fareharbor-normalize] asn normalized { normalizedAsnToFhdn: 1097, fixedMissingAsnRef: 0 }
[fareharbor-normalize] asn normalized { normalizedAsnToFhdn: 1098, fixedMissingAsnRef: 0 }
[fareharbor-normalize] asn normalized { normalizedAsnToFhdn: 1099, fixedMissingAsnRef: 0 }
[fareharbor-normalize] asn normalized { normalizedAsnToFhdn: 1100, fixedMissingAsnRef: 0 }
[fareharbor-normalize] asn normalized { normalizedAsnToFhdn: 1101, fixedMissingAsnRef: 0 }
[fareharbor-normalize] asn normalized { normalizedAsnToFhdn: 1102, fixedMissingAsnRef: 0 }
[fareharbor-normalize] asn normalized { normalizedAsnToFhdn: 1103, fixedMissingAsnRef: 0 }
[merchant-feed-build] env visibility: {
  "VERCEL_ENV": "(unset)",
  "REQUIRE_LIVE_MERCHANT_COMMERCIAL": "1",
  "requireLiveMerchantCommercial": true,
  "MERCHANT_FEED_OUTPUT_PATH": "data/merchantFeed.csv",
  "primaryMerchantFeedOutput": "data/merchantFeed.csv",
  "MERCHANT_FEED_RUNTIME_BASE_URL": "(unset)",
  "ENGINE6_RUNTIME_BASE_URL": "(unset)",
  "runtimeCommercialBaseUrlResolved": "(empty)",
  "VIATOR_API_BASE_URL": "(unset)",
  "VIATOR_BASE_URL": "(unset)",
  "rawEnvSet": {
    "VIATOR_API_KEY": false,
    "ENGINE6_VIATOR_API_KEY": false,
    "VIATOR_PARTNER_API_KEY": false
  },
  "resolvedApiKeyVisible": false,
  "resolvedBaseUrl": "https://api.viator.com/partner"
}

Merchant Feed Before:
  Total rows: 1136
  Blank price rows: 0
  Blank average_rating rows: 3
  Blank rating_count rows: 3
  Blank review_count rows: 3
  Blank required-field rows: 0
--- stderr ---
[merchant-feed-build] failed: Merchant feed requires VIATOR_API_KEY or MERCHANT_FEED_RUNTIME_BASE_URL for live commercial resolution. Env visibility: {"VERCEL_ENV":null,"REQUIRE_LIVE_MERCHANT_COMMERCIAL":"1","MERCHANT_FEED_RUNTIME_BASE_URL":false,"ENGINE6_RUNTIME_BASE_URL":false,"rawEnvSet":{"VIATOR_API_KEY":false,"ENGINE6_VIATOR_API_KEY":false,"VIATOR_PARTNER_API_KEY":false},"resolvedApiKeyVisible":false,"resolvedBaseUrl":"https://api.viator.com/partner"}
Error: Merchant feed requires VIATOR_API_KEY or MERCHANT_FEED_RUNTIME_BASE_URL for live commercial resolution. Env visibility: {"VERCEL_ENV":null,"REQUIRE_LIVE_MERCHANT_COMMERCIAL":"1","MERCHANT_FEED_RUNTIME_BASE_URL":false,"ENGINE6_RUNTIME_BASE_URL":false,"rawEnvSet":{"VIATOR_API_KEY":false,"ENGINE6_VIATOR_API_KEY":false,"VIATOR_PARTNER_API_KEY":false},"resolvedApiKeyVisible":false,"resolvedBaseUrl":"https://api.viator.com/partner"}
    at fetchEngine6LiveCommercialFieldsForSchema (/home/runner/work/alloutdooradventures2/alloutdooradventures2/src/engine6/fetchEngine6LiveCommercialFieldsForSchema.ts:97:15)
    at <anonymous> (/home/runner/work/alloutdooradventures2/alloutdooradventures2/src/engine6/fetchEngine6LiveCommercialFieldsForSchema.ts:136:34)
    at Array.map (<anonymous>)
    at resolveEngine6ToursForProductSchema (/home/runner/work/alloutdooradventures2/alloutdooradventures2/src/engine6/fetchEngine6LiveCommercialFieldsForSchema.ts:135:13)
    at resolveToursForMerchantFeedGeneration (/home/runner/work/alloutdooradventures2/alloutdooradventures2/scripts/generate-merchant-feed.ts:488:10)
    at main (/home/runner/work/alloutdooradventures2/alloutdooradventures2/scripts/generate-merchant-feed.ts:538:37)
    at runMerchantFeedGeneration (file:///home/runner/work/alloutdooradventures2/alloutdooradventures2/scripts/vercel-build.mjs:239:11)
    at file:///home/runner/work/alloutdooradventures2/alloutdooradventures2/scripts/vercel-build.mjs:336:3
    at ModuleJob.run (node:internal/modules/esm/module_job:343:25)
    at async onImport.tracePromise.__proto__ (node:internal/modules/esm/loader:681:26)
    at async asyncRunEntryPointWithESMLoader (node:internal/modules/run_main:117:5)

Node.js v22.23.2
