company_name,company_shortname,company_email,company_phone,location,location_lat,location_long,item_id,item_name,tags,image_count,quality_score,availability_count,calendar_link,calendar_script,regular_link,image_url
Alaska Helicopter Tours,anchoragehelicoptertours,reservations@alaskahelicoptertours.com,907-272-7777,United States/Alaska/Palmer,,,493235,Glacier Swim & Hike,Air Activities-Air Tour-Wellness-Guided Tour-Hiking-Sightseeing Tour-Water Activities,7,96,375,https://fareharbor.com/embeds/calendar/anchoragehelicoptertours/items/493235/?asn=fhdn&asn-ref=alloutdooradventures&ref=alloutdooradventures&bookable-only=yes&full-items=yes&marketplace=yes&flow=no,"<script src=""https://fareharbor.com/embeds/script/calendar/anchoragehelicoptertours/items/493235/?asn=fhdn&asn-ref=alloutdooradventures&ref=alloutdooradventures&bookable-only=yes&full-items=yes&marketplace=yes&flow=no""></script>",https://fareharbor.com/embeds/book/anchoragehelicoptertours/items/493235/?asn=fhdn&asn-ref=alloutdooradventures&ref=alloutdooradventures&bookable-only=yes&full-items=yes&marketplace=yes&flow=no,https://cdn.filestackcontent.com/POzMM453Tl6uZnSArTb5
Liquid Alaska Tours,mendenhallicecaves,reservations@liquidalaskatours.com,1-800-892-5504,United States/Alaska/Juneau,-106.534838,38.794595,116148,Mendenhall Lake Canoe Tour,Canoe-Transportation,7,95,199,https://fareharbor.com/embeds/calendar/mendenhallicecaves/items/116148/?asn=fhdn&asn-ref=alloutdooradventures&ref=alloutdooradventures&bookable-only=yes&full-items=yes&marketplace=yes&flow=no,"<script src=""https://fareharbor.com/embeds/script/calendar/mendenhallicecaves/items/116148/?asn=fhdn&asn-ref=alloutdooradventures&ref=alloutdooradventures&bookable-only=yes&full-items=yes&marketplace=yes&flow=no""></script>",https://fareharbor.com/embeds/book/mendenhallicecaves/items/116148/?asn=fhdn&asn-ref=alloutdooradventures&ref=alloutdooradventures&bookable-only=yes&full-items=yes&marketplace=yes&flow=no,https://cdn.filestackcontent.com/suSeEYmBTUGUBYvqCBqJ
Adventure Ketchikan Tours,ak-tours,shoreex@ak-tours.com,907-228-2327,United States/Alaska/Ketchikan,,,280073,Hovercraft Eco Adventures,Eco Tour,8,95,9,https://fareharbor.com/embeds/calendar/ak-tours/items/280073/?asn=fhdn&asn-ref=alloutdooradventures&ref=alloutdooradventures&bookable-only=yes&full-items=yes&marketplace=yes&flow=no,"<script src=""https://fareharbor.com/embeds/script/calendar/ak-tours/items/280073/?asn=fhdn&asn-ref=alloutdooradventures&ref=alloutdooradventures&bookable-only=yes&full-items=yes&marketplace=yes&flow=no""></script>",https://fareharbor.com/embeds/book/ak-tours/items/280073/?asn=fhdn&asn-ref=alloutdooradventures&ref=alloutdooradventures&bookable-only=yes&full-items=yes&marketplace=yes&flow=no,https://cdn.filestackcontent.com/TYf4VPvTbey3s2VddgMI
Liquid Alaska Tours,mendenhallicecaves,reservations@liquidalaskatours.com,1-800-892-5504,United States/Alaska/Juneau,-106.534838,38.794595,23432,Mendenhall Glacier Ice Adventure Tour,Canoe-Hiking-Photography Tour-Transportation,5,91,200,https://fareharbor.com/embeds/calendar/mendenhallicecaves/items/23432/?asn=fhdn&asn-ref=alloutdooradventures&ref=alloutdooradventures&bookable-only=yes&full-items=yes&marketplace=yes&flow=no,"<script src=""https://fareharbor.com/embeds/script/calendar/mendenhallicecaves/items/23432/?asn=fhdn&asn-ref=alloutdooradventures&ref=alloutdooradventures&bookable-only=yes&full-items=yes&marketplace=yes&flow=no""></script>",https://fareharbor.com/embeds/book/mendenhallicecaves/items/23432/?asn=fhdn&asn-ref=alloutdooradventures&ref=alloutdooradventures&bookable-only=yes&full-items=yes&marketplace=yes&flow=no,https://cdn.filestackcontent.com/OS1pzmSTSeTVHt4bghZT
Northern Epics,northernepics,info@northernepics.com,(907) 687-2070,United States/Alaska/Denali National Park and Preserve,,,450263,4 Hour Wilderness Wonders Off-Trail Tour,Hiking,8,90,191,https://fareharbor.com/embeds/calendar/northernepics/items/450263/?asn=fhdn&asn-ref=alloutdooradventures&ref=alloutdooradventures&bookable-only=yes&full-items=yes&marketplace=yes&flow=no,"<script src=""https://fareharbor.com/embeds/script/calendar/northernepics/items/450263/?asn=fhdn&asn-ref=alloutdooradventures&ref=alloutdooradventures&bookable-only=yes&full-items=yes&marketplace=yes&flow=no""></script>",https://fareharbor.com/embeds/book/northernepics/items/450263/?asn=fhdn&asn-ref=alloutdooradventures&ref=alloutdooradventures&bookable-only=yes&full-items=yes&marketplace=yes&flow=no,https://cdn.filestackcontent.com/XOqPBc5WSqqtFBFkDXsF
Northern Epics,northernepics,info@northernepics.com,(907) 687-2070,United States/Alaska/Denali National Park and Preserve,,,450268,5 Hour Into the Mountains Hike,Hiking,10,90,150,https://fareharbor.com/embeds/calendar/northernepics/items/450268/?asn=fhdn&asn-ref=alloutdooradventures&ref=alloutdooradventures&bookable-only=yes&full-items=yes&marketplace=yes&flow=no,"<script src=""https://fareharbor.com/embeds/script/calendar/northernepics/items/450268/?asn=fhdn&asn-ref=alloutdooradventures&ref=alloutdooradventures&bookable-only=yes&full-items=yes&marketplace=yes&flow=no""></script>",https://fareharbor.com/embeds/book/northernepics/items/450268/?asn=fhdn&asn-ref=alloutdooradventures&ref=alloutdooradventures&bookable-only=yes&full-items=yes&marketplace=yes&flow=no,https://cdn.filestackcontent.com/0uIsMB0iQY2kyNT2rLeQ
Alaska Helicopter Tours,anchoragehelicoptertours,reservations@alaskahelicoptertours.com,907-272-7777,United States/Alaska/Palmer,,,335179,Winter Ice Climbing,Air Activities-Air Tour-Climbing-Wellness-Guided Tour-Private-Sightseeing Tour-Winter Activities,7,89,26,https://fareharbor.com/embeds/calendar/anchoragehelicoptertours/items/335179/?asn=fhdn&asn-ref=alloutdooradventures&ref=alloutdooradventures&bookable-only=yes&full-items=yes&marketplace=yes&flow=no,"<script src=""https://fareharbor.com/embeds/script/calendar/anchoragehelicoptertours/items/335179/?asn=fhdn&asn-ref=alloutdooradventures&ref=alloutdooradventures&bookable-only=yes&full-items=yes&marketplace=yes&flow=no""></script>",https://fareharbor.com/embeds/book/anchoragehelicoptertours/items/335179/?asn=fhdn&asn-ref=alloutdooradventures&ref=alloutdooradventures&bookable-only=yes&full-items=yes&marketplace=yes&flow=no,https://cdn.filestackcontent.com/Irhr5AyQSbel5bhIjhuQ
Alaska Helicopter Tours,anchoragehelicoptertours,reservations@alaskahelicoptertours.com,907-272-7777,United States/Alaska/Palmer,,,342238,Summer Glacier Ice Climbing,Air Activities-Air Tour-Climbing-Wellness-Guided Tour-Private,6,88,91,https://fareharbor.com/embeds/calendar/anchoragehelicoptertours/items/342238/?asn=fhdn&asn-ref=alloutdooradventures&ref=alloutdooradventures&bookable-only=yes&full-items=yes&marketplace=yes&flow=no,"<script src=""https://fareharbor.com/embeds/script/calendar/anchoragehelicoptertours/items/342238/?asn=fhdn&asn-ref=alloutdooradventures&ref=alloutdooradventures&bookable-only=yes&full-items=yes&marketplace=yes&flow=no""></script>",https://fareharbor.com/embeds/book/anchoragehelicoptertours/items/342238/?asn=fhdn&asn-ref=alloutdooradventures&ref=alloutdooradventures&bookable-only=yes&full-items=yes&marketplace=yes&flow=no,https://cdn.filestackcontent.com/6AGjiHi2TkmDbS3o1Hgw
Alaska’s Finest Tours and Adventures,akfinest,sales@akfinest.com,19077642067,United States/Alaska/Anchorage,,,418451,Matanuska Glacier Hike & Tour – Winter Edition,Guided Tour-Hiking-History Tour-Walking Tour,4,86,71,https://fareharbor.com/embeds/calendar/akfinest/items/418451/?asn=fhdn&asn-ref=alloutdooradventures&ref=alloutdooradventures&bookable-only=yes&full-items=yes&marketplace=yes&flow=no,"<script src=""https://fareharbor.com/embeds/script/calendar/akfinest/items/418451/?asn=fhdn&asn-ref=alloutdooradventures&ref=alloutdooradventures&bookable-only=yes&full-items=yes&marketplace=yes&flow=no""></script>",https://fareharbor.com/embeds/book/akfinest/items/418451/?asn=fhdn&asn-ref=alloutdooradventures&ref=alloutdooradventures&bookable-only=yes&full-items=yes&marketplace=yes&flow=no,https://cdn.filestackcontent.com/eOnL0hyWSg6GZqEIjIt4
Alaska Helicopter Tours,anchoragehelicoptertours,reservations@alaskahelicoptertours.com,907-272-7777,United States/Alaska/Palmer,,,66474,Heli-Hiking,Air Activities-Air Tour-Guided Tour-Hiking-Photography Tour-Walking Tour-Wildlife,3,85,319,https://fareharbor.com/embeds/calendar/anchoragehelicoptertours/items/66474/?asn=fhdn&asn-ref=alloutdooradventures&ref=alloutdooradventures&bookable-only=yes&full-items=yes&marketplace=yes&flow=no,"<script src=""https://fareharbor.com/embeds/script/calendar/anchoragehelicoptertours/items/66474/?asn=fhdn&asn-ref=alloutdooradventures&ref=alloutdooradventures&bookable-only=yes&full-items=yes&marketplace=yes&flow=no""></script>",https://fareharbor.com/embeds/book/anchoragehelicoptertours/items/66474/?asn=fhdn&asn-ref=alloutdooradventures&ref=alloutdooradventures&bookable-only=yes&full-items=yes&marketplace=yes&flow=no,https://cdn.filestackcontent.com/Zjz6nrTfTW2SQiyQv2G2
Kenai Backcountry Adventures,kenaibackcountryadventures,Fun@KBAalaska.com,866-630-0927,United States/Alaska/Seward,,,285399,Alaska Bear Safari: A Lodge-Based Experience,Hiking,11,85,625,https://fareharbor.com/embeds/calendar/kenaibackcountryadventures/items/285399/?asn=fhdn&asn-ref=alloutdooradventures&ref=alloutdooradventures&bookable-only=yes&full-items=yes&marketplace=yes&flow=no,"<script src=""https://fareharbor.com/embeds/script/calendar/kenaibackcountryadventures/items/285399/?asn=fhdn&asn-ref=alloutdooradventures&ref=alloutdooradventures&bookable-only=yes&full-items=yes&marketplace=yes&flow=no""></script>",https://fareharbor.com/embeds/book/kenaibackcountryadventures/items/285399/?asn=fhdn&asn-ref=alloutdooradventures&ref=alloutdooradventures&bookable-only=yes&full-items=yes&marketplace=yes&flow=no,https://cdn.filestackcontent.com/nUEn0OMLRki6pNyUFEjQ
Denali Jeep Excursions,denalijeepexcursions,reservations@denalijeep.com,(907) 683-5337,United States/Alaska/Denali National Park and Preserve,,,589580,Denali Highway Jeep Excursion,Jeep,5,85,177,https://fareharbor.com/embeds/calendar/denalijeepexcursions/items/589580/?asn=fhdn&asn-ref=alloutdooradventures&ref=alloutdooradventures&bookable-only=yes&full-items=yes&marketplace=yes&flow=no,"<script src=""https://fareharbor.com/embeds/script/calendar/denalijeepexcursions/items/589580/?asn=fhdn&asn-ref=alloutdooradventures&ref=alloutdooradventures&bookable-only=yes&full-items=yes&marketplace=yes&flow=no""></script>",https://fareharbor.com/embeds/book/denalijeepexcursions/items/589580/?asn=fhdn&asn-ref=alloutdooradventures&ref=alloutdooradventures&bookable-only=yes&full-items=yes&marketplace=yes&flow=no,https://cdn.filestackcontent.com/zDCtReXTEHOWMV8IoNcQ
Alaska Helicopter Tours,anchoragehelicoptertours,reservations@alaskahelicoptertours.com,907-272-7777,United States/Alaska/Seward,-106.534838,38.794595,617807,Seward Heli-Hiking,Air Activities-Air Tour-Wellness-Guided Tour-Hiking-Photography Tour-Sightseeing Tour-Wildlife,3,83,185,https://fareharbor.com/embeds/calendar/anchoragehelicoptertours/items/617807/?asn=fhdn&asn-ref=alloutdooradventures&ref=alloutdooradventures&bookable-only=yes&full-items=yes&marketplace=yes&flow=no,"<script src=""https://fareharbor.com/embeds/script/calendar/anchoragehelicoptertours/items/617807/?asn=fhdn&asn-ref=alloutdooradventures&ref=alloutdooradventures&bookable-only=yes&full-items=yes&marketplace=yes&flow=no""></script>",https://fareharbor.com/embeds/book/anchoragehelicoptertours/items/617807/?asn=fhdn&asn-ref=alloutdooradventures&ref=alloutdooradventures&bookable-only=yes&full-items=yes&marketplace=yes&flow=no,https://cdn.filestackcontent.com/FD5g5TgHRpKk2beXB5cS
Kenai Backcountry Adventures,kenaibackcountryadventures,Fun@KBAalaska.com,866-630-0927,United States/Alaska/Seward,,,529595,Exit Glacier Ice Climbing,Climbing,1,82,94,https://fareharbor.com/embeds/calendar/kenaibackcountryadventures/items/529595/?asn=fhdn&asn-ref=alloutdooradventures&ref=alloutdooradventures&bookable-only=yes&full-items=yes&marketplace=yes&flow=no,"<script src=""https://fareharbor.com/embeds/script/calendar/kenaibackcountryadventures/items/529595/?asn=fhdn&asn-ref=alloutdooradventures&ref=alloutdooradventures&bookable-only=yes&full-items=yes&marketplace=yes&flow=no""></script>",https://fareharbor.com/embeds/book/kenaibackcountryadventures/items/529595/?asn=fhdn&asn-ref=alloutdooradventures&ref=alloutdooradventures&bookable-only=yes&full-items=yes&marketplace=yes&flow=no,https://cdn.filestackcontent.com/kepsNjvIR2MLX8Z7Ksw5
New Wave Adventures,newwaveadventures,info@newwaveraft.com,1 907 683 2040,United States/Alaska/Denali National Park and Preserve,,,577765,Private Hiking Adventure,Hiking,8,80,233,https://fareharbor.com/embeds/calendar/newwaveadventures/items/577765/?asn=fhdn&asn-ref=alloutdooradventures&ref=alloutdooradventures&bookable-only=yes&full-items=yes&marketplace=yes&flow=no,"<script src=""https://fareharbor.com/embeds/script/calendar/newwaveadventures/items/577765/?asn=fhdn&asn-ref=alloutdooradventures&ref=alloutdooradventures&bookable-only=yes&full-items=yes&marketplace=yes&flow=no""></script>",https://fareharbor.com/embeds/book/newwaveadventures/items/577765/?asn=fhdn&asn-ref=alloutdooradventures&ref=alloutdooradventures&bookable-only=yes&full-items=yes&marketplace=yes&flow=no,https://cdn.filestackcontent.com/mWuz9cuTcuarPhiakqFV
Kenai Backcountry Adventures,kenaibackcountryadventures,Fun@KBAalaska.com,866-630-0927,United States/Alaska/Seward,,,17393,Seward Wilderness Hiking,Hiking,1,75,98,https://fareharbor.com/embeds/calendar/kenaibackcountryadventures/items/17393/?asn=fhdn&asn-ref=alloutdooradventures&ref=alloutdooradventures&bookable-only=yes&full-items=yes&marketplace=yes&flow=no,"<script src=""https://fareharbor.com/embeds/script/calendar/kenaibackcountryadventures/items/17393/?asn=fhdn&asn-ref=alloutdooradventures&ref=alloutdooradventures&bookable-only=yes&full-items=yes&marketplace=yes&flow=no""></script>",https://fareharbor.com/embeds/book/kenaibackcountryadventures/items/17393/?asn=fhdn&asn-ref=alloutdooradventures&ref=alloutdooradventures&bookable-only=yes&full-items=yes&marketplace=yes&flow=no,https://cdn.filestackcontent.com/3XogoWYYSkqF1Fkak7sX
Kenai Backcountry Adventures,kenaibackcountryadventures,Fun@KBAalaska.com,866-630-0927,United States/Alaska/Seward,,,68222,Harding Icefield Trail Hike - Seward,Hiking,4,75,95,https://fareharbor.com/embeds/calendar/kenaibackcountryadventures/items/68222/?asn=fhdn&asn-ref=alloutdooradventures&ref=alloutdooradventures&bookable-only=yes&full-items=yes&marketplace=yes&flow=no,"<script src=""https://fareharbor.com/embeds/script/calendar/kenaibackcountryadventures/items/68222/?asn=fhdn&asn-ref=alloutdooradventures&ref=alloutdooradventures&bookable-only=yes&full-items=yes&marketplace=yes&flow=no""></script>",https://fareharbor.com/embeds/book/kenaibackcountryadventures/items/68222/?asn=fhdn&asn-ref=alloutdooradventures&ref=alloutdooradventures&bookable-only=yes&full-items=yes&marketplace=yes&flow=no,https://cdn.filestackcontent.com/A62IY17TgOA0MENvCDBA
Kenai Backcountry Adventures,kenaibackcountryadventures,Fun@KBAalaska.com,866-630-0927,United States/Alaska/Seward,,,117796,Exit Glacier Ice Hiking Adventure,Hiking,7,75,95,https://fareharbor.com/embeds/calendar/kenaibackcountryadventures/items/117796/?asn=fhdn&asn-ref=alloutdooradventures&ref=alloutdooradventures&bookable-only=yes&full-items=yes&marketplace=yes&flow=no,"<script src=""https://fareharbor.com/embeds/script/calendar/kenaibackcountryadventures/items/117796/?asn=fhdn&asn-ref=alloutdooradventures&ref=alloutdooradventures&bookable-only=yes&full-items=yes&marketplace=yes&flow=no""></script>",https://fareharbor.com/embeds/book/kenaibackcountryadventures/items/117796/?asn=fhdn&asn-ref=alloutdooradventures&ref=alloutdooradventures&bookable-only=yes&full-items=yes&marketplace=yes&flow=no,https://cdn.filestackcontent.com/Wgy0x51oRWWKD4lycdSu
Kenai Backcountry Adventures,kenaibackcountryadventures,Fun@KBAalaska.com,866-630-0927,United States/Alaska/Seward,,,436688,Lost Lake Trail Hiking Adventure,Guided Tour-Hiking-Walking Tour,4,74,94,https://fareharbor.com/embeds/calendar/kenaibackcountryadventures/items/436688/?asn=fhdn&asn-ref=alloutdooradventures&ref=alloutdooradventures&bookable-only=yes&full-items=yes&marketplace=yes&flow=no,"<script src=""https://fareharbor.com/embeds/script/calendar/kenaibackcountryadventures/items/436688/?asn=fhdn&asn-ref=alloutdooradventures&ref=alloutdooradventures&bookable-only=yes&full-items=yes&marketplace=yes&flow=no""></script>",https://fareharbor.com/embeds/book/kenaibackcountryadventures/items/436688/?asn=fhdn&asn-ref=alloutdooradventures&ref=alloutdooradventures&bookable-only=yes&full-items=yes&marketplace=yes&flow=no,https://cdn.filestackcontent.com/sZrezfThKRBhqfLOCVqg
Alaska’s Finest Tours and Adventures,akfinest,sales@akfinest.com,19077642067,United States/Alaska/Anchorage,,,425024,Matanuska Glacier Hike & Tour – Summer Edition,Guided Tour-Hiking-Walking Tour,1,73,176,https://fareharbor.com/embeds/calendar/akfinest/items/425024/?asn=fhdn&asn-ref=alloutdooradventures&ref=alloutdooradventures&bookable-only=yes&full-items=yes&marketplace=yes&flow=no,"<script src=""https://fareharbor.com/embeds/script/calendar/akfinest/items/425024/?asn=fhdn&asn-ref=alloutdooradventures&ref=alloutdooradventures&bookable-only=yes&full-items=yes&marketplace=yes&flow=no""></script>",https://fareharbor.com/embeds/book/akfinest/items/425024/?asn=fhdn&asn-ref=alloutdooradventures&ref=alloutdooradventures&bookable-only=yes&full-items=yes&marketplace=yes&flow=no,https://cdn.filestackcontent.com/w9lhDatRC6dMVw9xiOqw
Kenai Backcountry Adventures,kenaibackcountryadventures,Fun@KBAalaska.com,866-630-0927,United States/Alaska/Seward,,,502076,Snowmobile-Access Ice Climbing,Climbing-Snowmobile,7,73,0,https://fareharbor.com/embeds/calendar/kenaibackcountryadventures/items/502076/?asn=fhdn&asn-ref=alloutdooradventures&ref=alloutdooradventures&bookable-only=yes&full-items=yes&marketplace=yes&flow=no,"<script src=""https://fareharbor.com/embeds/script/calendar/kenaibackcountryadventures/items/502076/?asn=fhdn&asn-ref=alloutdooradventures&ref=alloutdooradventures&bookable-only=yes&full-items=yes&marketplace=yes&flow=no""></script>",https://fareharbor.com/embeds/book/kenaibackcountryadventures/items/502076/?asn=fhdn&asn-ref=alloutdooradventures&ref=alloutdooradventures&bookable-only=yes&full-items=yes&marketplace=yes&flow=no,https://cdn.filestackcontent.com/5a9oVrkCSmCr06vQukuf
Ketchikan Kayak Company,ketchikankayakco,trips@ketchikankayakco.com,(907) 225-1258,United States/Alaska/Ketchikan,,,19891,E-Bike & Hike,Bike Tour-E-Bike-Hiking,4,70,403,https://fareharbor.com/embeds/calendar/ketchikankayakco/items/19891/?asn=fhdn&asn-ref=alloutdooradventures&ref=alloutdooradventures&bookable-only=yes&full-items=yes&marketplace=yes&flow=no,"<script src=""https://fareharbor.com/embeds/script/calendar/ketchikankayakco/items/19891/?asn=fhdn&asn-ref=alloutdooradventures&ref=alloutdooradventures&bookable-only=yes&full-items=yes&marketplace=yes&flow=no""></script>",https://fareharbor.com/embeds/book/ketchikankayakco/items/19891/?asn=fhdn&asn-ref=alloutdooradventures&ref=alloutdooradventures&bookable-only=yes&full-items=yes&marketplace=yes&flow=no,https://cdn.filestackcontent.com/8tJVwO8Q86sj73yqtowR
Alaska Trail Guides,alaskatrailguides,info@alaskatrailguides.com,907-317-5707,United States/Alaska/Anchorage,,,110347,Coastal Cruise Bike Tour,Bike Tour,4,70,212,https://fareharbor.com/embeds/calendar/alaskatrailguides/items/110347/?asn=fhdn&asn-ref=alloutdooradventures&ref=alloutdooradventures&bookable-only=yes&full-items=yes&marketplace=yes&flow=no,"<script src=""https://fareharbor.com/embeds/script/calendar/alaskatrailguides/items/110347/?asn=fhdn&asn-ref=alloutdooradventures&ref=alloutdooradventures&bookable-only=yes&full-items=yes&marketplace=yes&flow=no""></script>",https://fareharbor.com/embeds/book/alaskatrailguides/items/110347/?asn=fhdn&asn-ref=alloutdooradventures&ref=alloutdooradventures&bookable-only=yes&full-items=yes&marketplace=yes&flow=no,https://cdn.filestackcontent.com/rwEk28pS9avSeEdnJyzA
Sitka Wonders,sitkawonders,info@sitkawonders.com,1 (907) 759 5034,United States/Alaska/Sitka,,,675645,Sitka Wildlife Photography Workshop (3 hours),Eco Tour-Guided Tour-Photography Tour-Whale Watch,7,70,53,https://fareharbor.com/embeds/calendar/sitkawonders/items/675645/?asn=fhdn&asn-ref=alloutdooradventures&ref=alloutdooradventures&bookable-only=yes&full-items=yes&marketplace=yes&flow=no,"<script src=""https://fareharbor.com/embeds/script/calendar/sitkawonders/items/675645/?asn=fhdn&asn-ref=alloutdooradventures&ref=alloutdooradventures&bookable-only=yes&full-items=yes&marketplace=yes&flow=no""></script>",https://fareharbor.com/embeds/book/sitkawonders/items/675645/?asn=fhdn&asn-ref=alloutdooradventures&ref=alloutdooradventures&bookable-only=yes&full-items=yes&marketplace=yes&flow=no,https://cdn.filestackcontent.com/CLUxnkRSXWGySs4twgsA
Cpt. Gary's Sitka Adventures,sitkaadventures,koalithorne@gmail.com,907-738-4887,United States/Alaska/Sitka,,,692484,Nature Lovers Sitka Hiking Tour,Eco Tour-Environmental Attraction-Guided Tour-Hiking-Photography Tour-Sightseeing Tour-Walking Tour,53,69,205,https://fareharbor.com/embeds/calendar/sitkaadventures/items/692484/?asn=fhdn&asn-ref=alloutdooradventures&ref=alloutdooradventures&bookable-only=yes&full-items=yes&marketplace=yes&flow=no,"<script src=""https://fareharbor.com/embeds/script/calendar/sitkaadventures/items/692484/?asn=fhdn&asn-ref=alloutdooradventures&ref=alloutdooradventures&bookable-only=yes&full-items=yes&marketplace=yes&flow=no""></script>",https://fareharbor.com/embeds/book/sitkaadventures/items/692484/?asn=fhdn&asn-ref=alloutdooradventures&ref=alloutdooradventures&bookable-only=yes&full-items=yes&marketplace=yes&flow=no,https://cdn.filestackcontent.com/p5cMmSwBSdWNo6ZmNH8e
Kenai Backcountry Adventures,kenaibackcountryadventures,Fun@KBAalaska.com,866-630-0927,United States/Alaska/Seward,,,17324,Exit Glacier Overnight Adventure,Hiking,12,65,79,https://fareharbor.com/embeds/calendar/kenaibackcountryadventures/items/17324/?asn=fhdn&asn-ref=alloutdooradventures&ref=alloutdooradventures&bookable-only=yes&full-items=yes&marketplace=yes&flow=no,"<script src=""https://fareharbor.com/embeds/script/calendar/kenaibackcountryadventures/items/17324/?asn=fhdn&asn-ref=alloutdooradventures&ref=alloutdooradventures&bookable-only=yes&full-items=yes&marketplace=yes&flow=no""></script>",https://fareharbor.com/embeds/book/kenaibackcountryadventures/items/17324/?asn=fhdn&asn-ref=alloutdooradventures&ref=alloutdooradventures&bookable-only=yes&full-items=yes&marketplace=yes&flow=no,https://www.filepicker.io/api/file/MlXhlSusSmOSVcL1bU0z
Kenai Backcountry Adventures,kenaibackcountryadventures,Fun@KBAalaska.com,866-630-0927,United States/Alaska/Seward,,,413273,Winter Stay & Play Adventure,Hiking,6,65,11,https://fareharbor.com/embeds/calendar/kenaibackcountryadventures/items/413273/?asn=fhdn&asn-ref=alloutdooradventures&ref=alloutdooradventures&bookable-only=yes&full-items=yes&marketplace=yes&flow=no,"<script src=""https://fareharbor.com/embeds/script/calendar/kenaibackcountryadventures/items/413273/?asn=fhdn&asn-ref=alloutdooradventures&ref=alloutdooradventures&bookable-only=yes&full-items=yes&marketplace=yes&flow=no""></script>",https://fareharbor.com/embeds/book/kenaibackcountryadventures/items/413273/?asn=fhdn&asn-ref=alloutdooradventures&ref=alloutdooradventures&bookable-only=yes&full-items=yes&marketplace=yes&flow=no,https://cdn.filestackcontent.com/jDLxhfCFRSKDxrynD4QR
Kenai Backcountry Adventures,kenaibackcountryadventures,Fun@KBAalaska.com,866-630-0927,United States/Alaska/Seward,,,461414,Mountain Majesty: 2-Day Backcountry Camping and Hiking Tour,Hiking-History Tour-Walking Tour,5,65,94,https://fareharbor.com/embeds/calendar/kenaibackcountryadventures/items/461414/?asn=fhdn&asn-ref=alloutdooradventures&ref=alloutdooradventures&bookable-only=yes&full-items=yes&marketplace=yes&flow=no,"<script src=""https://fareharbor.com/embeds/script/calendar/kenaibackcountryadventures/items/461414/?asn=fhdn&asn-ref=alloutdooradventures&ref=alloutdooradventures&bookable-only=yes&full-items=yes&marketplace=yes&flow=no""></script>",https://fareharbor.com/embeds/book/kenaibackcountryadventures/items/461414/?asn=fhdn&asn-ref=alloutdooradventures&ref=alloutdooradventures&bookable-only=yes&full-items=yes&marketplace=yes&flow=no,https://cdn.filestackcontent.com/B0F6oPxfR2GVUX2dzNxs
St. Elias Alpine Guides,steliasguides,info@steliasguides.com,907-231-6395,United States/Alaska/McCarthy,,,202808,Ice Climbing,Climbing-Hiking,5,64,87,https://fareharbor.com/embeds/calendar/steliasguides/items/202808/?asn=fhdn&asn-ref=alloutdooradventures&ref=alloutdooradventures&bookable-only=yes&full-items=yes&marketplace=yes&flow=no,"<script src=""https://fareharbor.com/embeds/script/calendar/steliasguides/items/202808/?asn=fhdn&asn-ref=alloutdooradventures&ref=alloutdooradventures&bookable-only=yes&full-items=yes&marketplace=yes&flow=no""></script>",https://fareharbor.com/embeds/book/steliasguides/items/202808/?asn=fhdn&asn-ref=alloutdooradventures&ref=alloutdooradventures&bookable-only=yes&full-items=yes&marketplace=yes&flow=no,https://cdn.filestackcontent.com/nAs9TO6ZSgiP9pOQPcBi
Alaska Trail Guides,alaskatrailguides,info@alaskatrailguides.com,907-317-5707,United States/Alaska/Anchorage,-149.899678,61.217576,391155,Anchorage Greenbelt Bike Tour,Bike Tour,1,64,108,https://fareharbor.com/embeds/calendar/alaskatrailguides/items/391155/?asn=fhdn&asn-ref=alloutdooradventures&ref=alloutdooradventures&bookable-only=yes&full-items=yes&marketplace=yes&flow=no,"<script src=""https://fareharbor.com/embeds/script/calendar/alaskatrailguides/items/391155/?asn=fhdn&asn-ref=alloutdooradventures&ref=alloutdooradventures&bookable-only=yes&full-items=yes&marketplace=yes&flow=no""></script>",https://fareharbor.com/embeds/book/alaskatrailguides/items/391155/?asn=fhdn&asn-ref=alloutdooradventures&ref=alloutdooradventures&bookable-only=yes&full-items=yes&marketplace=yes&flow=no,https://cdn.filestackcontent.com/x3s6r9FHTKO8TAc98xcw
Above & Beyond Alaska,beyondak,info@beyondak.com,907-364-2333,United States/Alaska/Juneau,,,195600,Mendenhall Glacier Canoe Paddle & Hike,Canoe,1,63,196,https://fareharbor.com/embeds/calendar/beyondak/items/195600/?asn=fhdn&asn-ref=alloutdooradventures&ref=alloutdooradventures&bookable-only=yes&full-items=yes&marketplace=yes&flow=no,"<script src=""https://fareharbor.com/embeds/script/calendar/beyondak/items/195600/?asn=fhdn&asn-ref=alloutdooradventures&ref=alloutdooradventures&bookable-only=yes&full-items=yes&marketplace=yes&flow=no""></script>",https://fareharbor.com/embeds/book/beyondak/items/195600/?asn=fhdn&asn-ref=alloutdooradventures&ref=alloutdooradventures&bookable-only=yes&full-items=yes&marketplace=yes&flow=no,https://cdn.filestackcontent.com/vv0QLgtiRvy4Ms87vebe
Above & Beyond Alaska,beyondak,info@beyondak.com,907-364-2333,United States/Alaska/Juneau,,,419403,"Norris Adventure: Seaplane, Paddle & Glacier Hike",Hiking,1,63,159,https://fareharbor.com/embeds/calendar/beyondak/items/419403/?asn=fhdn&asn-ref=alloutdooradventures&ref=alloutdooradventures&bookable-only=yes&full-items=yes&marketplace=yes&flow=no,"<script src=""https://fareharbor.com/embeds/script/calendar/beyondak/items/419403/?asn=fhdn&asn-ref=alloutdooradventures&ref=alloutdooradventures&bookable-only=yes&full-items=yes&marketplace=yes&flow=no""></script>",https://fareharbor.com/embeds/book/beyondak/items/419403/?asn=fhdn&asn-ref=alloutdooradventures&ref=alloutdooradventures&bookable-only=yes&full-items=yes&marketplace=yes&flow=no,https://cdn.filestackcontent.com/XM7MDn87THOmZP5ORWCT
Dangerous Water Adventures,dangerouswateradventures,dangerouswateradv@icloud.com,907-500-5453,United States/Alaska/Juneau,,,618507,3 Hour Juneau Adventure,Boat Tour-Eco Tour-Environmental Attraction-Guided Tour-Jet Ski Tour-Sightseeing Tour-Sports-Water Activities-Whale Watch-Wildlife,1,63,279,https://fareharbor.com/embeds/calendar/dangerouswateradventures/items/618507/?asn=fhdn&asn-ref=alloutdooradventures&ref=alloutdooradventures&bookable-only=yes&full-items=yes&marketplace=yes&flow=no,"<script src=""https://fareharbor.com/embeds/script/calendar/dangerouswateradventures/items/618507/?asn=fhdn&asn-ref=alloutdooradventures&ref=alloutdooradventures&bookable-only=yes&full-items=yes&marketplace=yes&flow=no""></script>",https://fareharbor.com/embeds/book/dangerouswateradventures/items/618507/?asn=fhdn&asn-ref=alloutdooradventures&ref=alloutdooradventures&bookable-only=yes&full-items=yes&marketplace=yes&flow=no,https://cdn.filestackcontent.com/jtLFkjJPSrmAo3Bf1Xyv
Moon Dawg Tours,moondawgtours,moondawgtours@gmail.com,(907) 713-5442,United States/Alaska/Juneau,,,647901,Private Juneau Adventure,Bus Tour-Eco Tour-Wellness-Food Tour-Ghost Tour-Guided Tour-History Tour-Northern Lights Tour-Other-Photography Tour-Pub Crawl-Self-Guided Tour-Service-Sightseeing Tour-Transportation-Walking Tour-Wildlife,4,63,180,https://fareharbor.com/embeds/calendar/moondawgtours/items/647901/?asn=fhdn&asn-ref=alloutdooradventures&ref=alloutdooradventures&bookable-only=yes&full-items=yes&marketplace=yes&flow=no,"<script src=""https://fareharbor.com/embeds/script/calendar/moondawgtours/items/647901/?asn=fhdn&asn-ref=alloutdooradventures&ref=alloutdooradventures&bookable-only=yes&full-items=yes&marketplace=yes&flow=no""></script>",https://fareharbor.com/embeds/book/moondawgtours/items/647901/?asn=fhdn&asn-ref=alloutdooradventures&ref=alloutdooradventures&bookable-only=yes&full-items=yes&marketplace=yes&flow=no,https://cdn.filestackcontent.com/7OJSq7dcTeK4kO9wkKmd
Denali Adventure Tours,denaliadventure,denaliadventure@gmail.com,(907)-683-3500,United States/Alaska/Denali National Park and Preserve,-148.884028,63.737381,25323,Heli-Hiking Adventure,Hiking,4,61,190,https://fareharbor.com/embeds/calendar/denaliadventure/items/25323/?asn=fhdn&asn-ref=alloutdooradventures&ref=alloutdooradventures&bookable-only=yes&full-items=yes&marketplace=yes&flow=no,"<script src=""https://fareharbor.com/embeds/script/calendar/denaliadventure/items/25323/?asn=fhdn&asn-ref=alloutdooradventures&ref=alloutdooradventures&bookable-only=yes&full-items=yes&marketplace=yes&flow=no""></script>",https://fareharbor.com/embeds/book/denaliadventure/items/25323/?asn=fhdn&asn-ref=alloutdooradventures&ref=alloutdooradventures&bookable-only=yes&full-items=yes&marketplace=yes&flow=no,https://cdn.filestackcontent.com/Z9mR5afUQlWjNJ1xX7tP
Denali Tour Company,denalitourcompany,info@dtsalaska.com,907-522-5820,United States/Alaska/Denali National Park and Preserve,,,668160,Full Day Jeep Rental,Jeep-Rentals,4,61,282,https://fareharbor.com/embeds/calendar/denalitourcompany/items/668160/?asn=fhdn&asn-ref=alloutdooradventures&ref=alloutdooradventures&bookable-only=yes&full-items=yes&marketplace=yes&flow=no,"<script src=""https://fareharbor.com/embeds/script/calendar/denalitourcompany/items/668160/?asn=fhdn&asn-ref=alloutdooradventures&ref=alloutdooradventures&bookable-only=yes&full-items=yes&marketplace=yes&flow=no""></script>",https://fareharbor.com/embeds/book/denalitourcompany/items/668160/?asn=fhdn&asn-ref=alloutdooradventures&ref=alloutdooradventures&bookable-only=yes&full-items=yes&marketplace=yes&flow=no,https://cdn.filestackcontent.com/HkESDQfNQcSWcoO5NF3f
Kenai Backcountry Adventures,kenaibackcountryadventures,Fun@KBAalaska.com,866-630-0927,United States,,,17387,Wilderness Hiking in Kenai National Wildlife Refuge,Hiking,4,60,0,https://fareharbor.com/embeds/calendar/kenaibackcountryadventures/items/17387/?asn=fhdn&asn-ref=alloutdooradventures&ref=alloutdooradventures&bookable-only=yes&full-items=yes&marketplace=yes&flow=no,"<script src=""https://fareharbor.com/embeds/script/calendar/kenaibackcountryadventures/items/17387/?asn=fhdn&asn-ref=alloutdooradventures&ref=alloutdooradventures&bookable-only=yes&full-items=yes&marketplace=yes&flow=no""></script>",https://fareharbor.com/embeds/book/kenaibackcountryadventures/items/17387/?asn=fhdn&asn-ref=alloutdooradventures&ref=alloutdooradventures&bookable-only=yes&full-items=yes&marketplace=yes&flow=no,https://www.filepicker.io/api/file/1Q6HFhq9TzSSqVEn4DaM
St. Elias Alpine Guides,steliasguides,info@steliasguides.com,907-231-6395,United States/Alaska/McCarthy,,,202881,Full-Day Glacier Hike,Wellness-Hiking,4,60,87,https://fareharbor.com/embeds/calendar/steliasguides/items/202881/?asn=fhdn&asn-ref=alloutdooradventures&ref=alloutdooradventures&bookable-only=yes&full-items=yes&marketplace=yes&flow=no,"<script src=""https://fareharbor.com/embeds/script/calendar/steliasguides/items/202881/?asn=fhdn&asn-ref=alloutdooradventures&ref=alloutdooradventures&bookable-only=yes&full-items=yes&marketplace=yes&flow=no""></script>",https://fareharbor.com/embeds/book/steliasguides/items/202881/?asn=fhdn&asn-ref=alloutdooradventures&ref=alloutdooradventures&bookable-only=yes&full-items=yes&marketplace=yes&flow=no,https://cdn.filestackcontent.com/2N4JBbolSPi8KMquHR6z
Revel Treks and Tours,reveltreksandtours,info@revelak.com,(907) 903-1664,United States/Alaska/Palmer,,,425080,"Private Hike + History Adventure: Rocks, Rivers and Glaciers",Hiking-History Tour-Walking Tour,8,60,168,https://fareharbor.com/embeds/calendar/reveltreksandtours/items/425080/?asn=fhdn&asn-ref=alloutdooradventures&ref=alloutdooradventures&bookable-only=yes&full-items=yes&marketplace=yes&flow=no,"<script src=""https://fareharbor.com/embeds/script/calendar/reveltreksandtours/items/425080/?asn=fhdn&asn-ref=alloutdooradventures&ref=alloutdooradventures&bookable-only=yes&full-items=yes&marketplace=yes&flow=no""></script>",https://fareharbor.com/embeds/book/reveltreksandtours/items/425080/?asn=fhdn&asn-ref=alloutdooradventures&ref=alloutdooradventures&bookable-only=yes&full-items=yes&marketplace=yes&flow=no,https://cdn.filestackcontent.com/1gQBAjzVSnicgzuE3dSz
Revel Treks and Tours,reveltreksandtours,info@revelak.com,(907) 903-1664,United States/Alaska/Palmer,-149.113072,61.598495,425098,Private Hike and Brew: A half day hike with a brew stop!,Brewery-Hiking-Walking Tour,6,60,71,https://fareharbor.com/embeds/calendar/reveltreksandtours/items/425098/?asn=fhdn&asn-ref=alloutdooradventures&ref=alloutdooradventures&bookable-only=yes&full-items=yes&marketplace=yes&flow=no,"<script src=""https://fareharbor.com/embeds/script/calendar/reveltreksandtours/items/425098/?asn=fhdn&asn-ref=alloutdooradventures&ref=alloutdooradventures&bookable-only=yes&full-items=yes&marketplace=yes&flow=no""></script>",https://fareharbor.com/embeds/book/reveltreksandtours/items/425098/?asn=fhdn&asn-ref=alloutdooradventures&ref=alloutdooradventures&bookable-only=yes&full-items=yes&marketplace=yes&flow=no,https://cdn.filestackcontent.com/LNFxizM9RsycbCAQKPdD
Denali Tour Company,denalitourcompany,info@dtsalaska.com,907-522-5820,United States/Alaska/Denali National Park and Preserve,,,617412,4 Hour Jeep Rental,Jeep-Rentals,3,60,281,https://fareharbor.com/embeds/calendar/denalitourcompany/items/617412/?asn=fhdn&asn-ref=alloutdooradventures&ref=alloutdooradventures&bookable-only=yes&full-items=yes&marketplace=yes&flow=no,"<script src=""https://fareharbor.com/embeds/script/calendar/denalitourcompany/items/617412/?asn=fhdn&asn-ref=alloutdooradventures&ref=alloutdooradventures&bookable-only=yes&full-items=yes&marketplace=yes&flow=no""></script>",https://fareharbor.com/embeds/book/denalitourcompany/items/617412/?asn=fhdn&asn-ref=alloutdooradventures&ref=alloutdooradventures&bookable-only=yes&full-items=yes&marketplace=yes&flow=no,https://cdn.filestackcontent.com/j1l4cynDTLeaujOEUx0h
Denali Tour Company,denalitourcompany,info@dtsalaska.com,907-522-5820,United States/Alaska/Denali National Park and Preserve,,,668158,8 Hour Jeep Rental,Jeep-Rentals,4,60,282,https://fareharbor.com/embeds/calendar/denalitourcompany/items/668158/?asn=fhdn&asn-ref=alloutdooradventures&ref=alloutdooradventures&bookable-only=yes&full-items=yes&marketplace=yes&flow=no,"<script src=""https://fareharbor.com/embeds/script/calendar/denalitourcompany/items/668158/?asn=fhdn&asn-ref=alloutdooradventures&ref=alloutdooradventures&bookable-only=yes&full-items=yes&marketplace=yes&flow=no""></script>",https://fareharbor.com/embeds/book/denalitourcompany/items/668158/?asn=fhdn&asn-ref=alloutdooradventures&ref=alloutdooradventures&bookable-only=yes&full-items=yes&marketplace=yes&flow=no,https://cdn.filestackcontent.com/POgMWjsPRBKmAdXsqPRQ
St. Elias Alpine Guides,steliasguides,info@steliasguides.com,907-231-6395,United States/Alaska/McCarthy,,,202511,Half-Day Glacier Hike,Hiking,4,59,139,https://fareharbor.com/embeds/calendar/steliasguides/items/202511/?asn=fhdn&asn-ref=alloutdooradventures&ref=alloutdooradventures&bookable-only=yes&full-items=yes&marketplace=yes&flow=no,"<script src=""https://fareharbor.com/embeds/script/calendar/steliasguides/items/202511/?asn=fhdn&asn-ref=alloutdooradventures&ref=alloutdooradventures&bookable-only=yes&full-items=yes&marketplace=yes&flow=no""></script>",https://fareharbor.com/embeds/book/steliasguides/items/202511/?asn=fhdn&asn-ref=alloutdooradventures&ref=alloutdooradventures&bookable-only=yes&full-items=yes&marketplace=yes&flow=no,https://cdn.filestackcontent.com/5KQdifn8Rz2qJdKe8jqB
Kenai Backcountry Adventures,kenaibackcountryadventures,Fun@KBAalaska.com,866-630-0927,United States/Alaska/Seward,,,270298,Alaska Bear Viewing Experience,Hiking,1,59,95,https://fareharbor.com/embeds/calendar/kenaibackcountryadventures/items/270298/?asn=fhdn&asn-ref=alloutdooradventures&ref=alloutdooradventures&bookable-only=yes&full-items=yes&marketplace=yes&flow=no,"<script src=""https://fareharbor.com/embeds/script/calendar/kenaibackcountryadventures/items/270298/?asn=fhdn&asn-ref=alloutdooradventures&ref=alloutdooradventures&bookable-only=yes&full-items=yes&marketplace=yes&flow=no""></script>",https://fareharbor.com/embeds/book/kenaibackcountryadventures/items/270298/?asn=fhdn&asn-ref=alloutdooradventures&ref=alloutdooradventures&bookable-only=yes&full-items=yes&marketplace=yes&flow=no,https://cdn.filestackcontent.com/kGBQrAjWQK26CAS4fu7w
Aurora Camp,auroracamp,info@auroracamp.com,+19098393883,United States/Alaska/Fairbanks,,,678814,Denali Hiking Tour,Guided Tour-Hiking,4,59,52,https://fareharbor.com/embeds/calendar/auroracamp/items/678814/?asn=fhdn&asn-ref=alloutdooradventures&ref=alloutdooradventures&bookable-only=yes&full-items=yes&marketplace=yes&flow=no,"<script src=""https://fareharbor.com/embeds/script/calendar/auroracamp/items/678814/?asn=fhdn&asn-ref=alloutdooradventures&ref=alloutdooradventures&bookable-only=yes&full-items=yes&marketplace=yes&flow=no""></script>",https://fareharbor.com/embeds/book/auroracamp/items/678814/?asn=fhdn&asn-ref=alloutdooradventures&ref=alloutdooradventures&bookable-only=yes&full-items=yes&marketplace=yes&flow=no,https://cdn.filestackcontent.com/SgTq0FLjTlS65yhMtH63
Alaska Trail Guides,alaskatrailguides,info@alaskatrailguides.com,907-317-5707,United States/Alaska/Anchorage,,,110362,Chugach Mountain Bike Tour,Bike Tour,1,58,154,https://fareharbor.com/embeds/calendar/alaskatrailguides/items/110362/?asn=fhdn&asn-ref=alloutdooradventures&ref=alloutdooradventures&bookable-only=yes&full-items=yes&marketplace=yes&flow=no,"<script src=""https://fareharbor.com/embeds/script/calendar/alaskatrailguides/items/110362/?asn=fhdn&asn-ref=alloutdooradventures&ref=alloutdooradventures&bookable-only=yes&full-items=yes&marketplace=yes&flow=no""></script>",https://fareharbor.com/embeds/book/alaskatrailguides/items/110362/?asn=fhdn&asn-ref=alloutdooradventures&ref=alloutdooradventures&bookable-only=yes&full-items=yes&marketplace=yes&flow=no,https://cdn.filestackcontent.com/bxJeDbDTdHpd6oULpATw
Alaska Trail Guides,alaskatrailguides,info@alaskatrailguides.com,907-317-5707,United States/Alaska/Anchorage,,,110365,Singletrack Sampler Private Tour,Bike Tour,1,58,154,https://fareharbor.com/embeds/calendar/alaskatrailguides/items/110365/?asn=fhdn&asn-ref=alloutdooradventures&ref=alloutdooradventures&bookable-only=yes&full-items=yes&marketplace=yes&flow=no,"<script src=""https://fareharbor.com/embeds/script/calendar/alaskatrailguides/items/110365/?asn=fhdn&asn-ref=alloutdooradventures&ref=alloutdooradventures&bookable-only=yes&full-items=yes&marketplace=yes&flow=no""></script>",https://fareharbor.com/embeds/book/alaskatrailguides/items/110365/?asn=fhdn&asn-ref=alloutdooradventures&ref=alloutdooradventures&bookable-only=yes&full-items=yes&marketplace=yes&flow=no,https://cdn.filestackcontent.com/npyCDwGSQkySm5V7tNo4
Above & Beyond Alaska,beyondak,info@beyondak.com,907-364-2333,United States/Alaska/Juneau,,,195602,Mendenhall Glacier Guided Hike,Hiking,1,58,108,https://fareharbor.com/embeds/calendar/beyondak/items/195602/?asn=fhdn&asn-ref=alloutdooradventures&ref=alloutdooradventures&bookable-only=yes&full-items=yes&marketplace=yes&flow=no,"<script src=""https://fareharbor.com/embeds/script/calendar/beyondak/items/195602/?asn=fhdn&asn-ref=alloutdooradventures&ref=alloutdooradventures&bookable-only=yes&full-items=yes&marketplace=yes&flow=no""></script>",https://fareharbor.com/embeds/book/beyondak/items/195602/?asn=fhdn&asn-ref=alloutdooradventures&ref=alloutdooradventures&bookable-only=yes&full-items=yes&marketplace=yes&flow=no,https://cdn.filestackcontent.com/bLWQIK4Qyav0iCGtUswx
Kenai Backcountry Adventures,kenaibackcountryadventures,Fun@KBAalaska.com,866-630-0927,United States/Alaska/Seward,,,17390,Kachemak Bay State Park Wilderness Hiking,Hiking,1,57,64,https://fareharbor.com/embeds/calendar/kenaibackcountryadventures/items/17390/?asn=fhdn&asn-ref=alloutdooradventures&ref=alloutdooradventures&bookable-only=yes&full-items=yes&marketplace=yes&flow=no,"<script src=""https://fareharbor.com/embeds/script/calendar/kenaibackcountryadventures/items/17390/?asn=fhdn&asn-ref=alloutdooradventures&ref=alloutdooradventures&bookable-only=yes&full-items=yes&marketplace=yes&flow=no""></script>",https://fareharbor.com/embeds/book/kenaibackcountryadventures/items/17390/?asn=fhdn&asn-ref=alloutdooradventures&ref=alloutdooradventures&bookable-only=yes&full-items=yes&marketplace=yes&flow=no,https://www.filepicker.io/api/file/qQxr8eY4RMOZpOlp9Ju1
Caveman Arctic Adventures,cavemanarcticadventures,cavemanarcticadventures@gmail.com,9282662351,United States/Alaska/Delta Junction,-145.733931,64.036356,659401,Black Rapids Day Hike,Hiking,1,57,540,https://fareharbor.com/embeds/calendar/cavemanarcticadventures/items/659401/?asn=fhdn&asn-ref=alloutdooradventures&ref=alloutdooradventures&bookable-only=yes&full-items=yes&marketplace=yes&flow=no,"<script src=""https://fareharbor.com/embeds/script/calendar/cavemanarcticadventures/items/659401/?asn=fhdn&asn-ref=alloutdooradventures&ref=alloutdooradventures&bookable-only=yes&full-items=yes&marketplace=yes&flow=no""></script>",https://fareharbor.com/embeds/book/cavemanarcticadventures/items/659401/?asn=fhdn&asn-ref=alloutdooradventures&ref=alloutdooradventures&bookable-only=yes&full-items=yes&marketplace=yes&flow=no,https://cdn.filestackcontent.com/CzbKTIDDSuqLM596UeWg
Caveman Arctic Adventures,cavemanarcticadventures,cavemanarcticadventures@gmail.com,9282662351,United States/Alaska/Delta Junction,-145.733931,64.036356,659563,Black Rapids Glacier Traverse (Float + Hike),Hiking,1,57,540,https://fareharbor.com/embeds/calendar/cavemanarcticadventures/items/659563/?asn=fhdn&asn-ref=alloutdooradventures&ref=alloutdooradventures&bookable-only=yes&full-items=yes&marketplace=yes&flow=no,"<script src=""https://fareharbor.com/embeds/script/calendar/cavemanarcticadventures/items/659563/?asn=fhdn&asn-ref=alloutdooradventures&ref=alloutdooradventures&bookable-only=yes&full-items=yes&marketplace=yes&flow=no""></script>",https://fareharbor.com/embeds/book/cavemanarcticadventures/items/659563/?asn=fhdn&asn-ref=alloutdooradventures&ref=alloutdooradventures&bookable-only=yes&full-items=yes&marketplace=yes&flow=no,https://cdn.filestackcontent.com/r3e5AHRbRi2CGyfqu7b2
Infinite Adventures,infiniteadventures,ops@infiniteadv.com,1-520-468-9774,Canada/Alberta/Calgary,-114.052099,51.046433,418264,Canada Gold Rush Trail Adventure,Eco Tour,3,55,0,https://fareharbor.com/embeds/calendar/infiniteadventures/items/418264/?asn=fhdn&asn-ref=alloutdooradventures&ref=alloutdooradventures&bookable-only=yes&full-items=yes&marketplace=yes&flow=no,"<script src=""https://fareharbor.com/embeds/script/calendar/infiniteadventures/items/418264/?asn=fhdn&asn-ref=alloutdooradventures&ref=alloutdooradventures&bookable-only=yes&full-items=yes&marketplace=yes&flow=no""></script>",https://fareharbor.com/embeds/book/infiniteadventures/items/418264/?asn=fhdn&asn-ref=alloutdooradventures&ref=alloutdooradventures&bookable-only=yes&full-items=yes&marketplace=yes&flow=no,https://cdn.filestackcontent.com/pICVLeAkQB201bmz0jUj
Revel Treks and Tours,reveltreksandtours,info@revelak.com,(907) 903-1664,United States/Alaska/Palmer,-149.113072,61.598495,425096,Private Hike: Palmer Hidden Waterfall Adventure,Hiking-Walking Tour,4,55,57,https://fareharbor.com/embeds/calendar/reveltreksandtours/items/425096/?asn=fhdn&asn-ref=alloutdooradventures&ref=alloutdooradventures&bookable-only=yes&full-items=yes&marketplace=yes&flow=no,"<script src=""https://fareharbor.com/embeds/script/calendar/reveltreksandtours/items/425096/?asn=fhdn&asn-ref=alloutdooradventures&ref=alloutdooradventures&bookable-only=yes&full-items=yes&marketplace=yes&flow=no""></script>",https://fareharbor.com/embeds/book/reveltreksandtours/items/425096/?asn=fhdn&asn-ref=alloutdooradventures&ref=alloutdooradventures&bookable-only=yes&full-items=yes&marketplace=yes&flow=no,https://cdn.filestackcontent.com/zg6e5YMhR1yiQbLQ6mlh
The Aurora Guy LLC,theauroraguy,vincent@theauroraguy.com,651-578-1658,United States/Alaska/Fairbanks,,,546776,Fairbanks Northern Lights Tour with Photos • Guided by Maia Hartwigsen,Eco Tour-Environmental Attraction-Guided Tour,5,55,69,https://fareharbor.com/embeds/calendar/theauroraguy/items/546776/?asn=fhdn&asn-ref=alloutdooradventures&ref=alloutdooradventures&bookable-only=yes&full-items=yes&marketplace=yes&flow=no,"<script src=""https://fareharbor.com/embeds/script/calendar/theauroraguy/items/546776/?asn=fhdn&asn-ref=alloutdooradventures&ref=alloutdooradventures&bookable-only=yes&full-items=yes&marketplace=yes&flow=no""></script>",https://fareharbor.com/embeds/book/theauroraguy/items/546776/?asn=fhdn&asn-ref=alloutdooradventures&ref=alloutdooradventures&bookable-only=yes&full-items=yes&marketplace=yes&flow=no,https://cdn.filestackcontent.com/afHahlCQQQylwsFhAOpV
The Aurora Guy LLC,theauroraguy,vincent@theauroraguy.com,651-578-1658,United States/Alaska/Fairbanks,,,546779,Private Fairbanks Northern Lights Tour with Photos • Guided by Maia Hartwigsen,Eco Tour-Environmental Attraction-Guided Tour,5,55,68,https://fareharbor.com/embeds/calendar/theauroraguy/items/546779/?asn=fhdn&asn-ref=alloutdooradventures&ref=alloutdooradventures&bookable-only=yes&full-items=yes&marketplace=yes&flow=no,"<script src=""https://fareharbor.com/embeds/script/calendar/theauroraguy/items/546779/?asn=fhdn&asn-ref=alloutdooradventures&ref=alloutdooradventures&bookable-only=yes&full-items=yes&marketplace=yes&flow=no""></script>",https://fareharbor.com/embeds/book/theauroraguy/items/546779/?asn=fhdn&asn-ref=alloutdooradventures&ref=alloutdooradventures&bookable-only=yes&full-items=yes&marketplace=yes&flow=no,https://cdn.filestackcontent.com/xoNEB5wgQdWd6EAlr3SB
Caveman Arctic Adventures,cavemanarcticadventures,cavemanarcticadventures@gmail.com,9282662351,United States/Alaska/Delta Junction,-145.733931,64.036356,659364,Castner Glacier Day Hike,Hiking,1,55,540,https://fareharbor.com/embeds/calendar/cavemanarcticadventures/items/659364/?asn=fhdn&asn-ref=alloutdooradventures&ref=alloutdooradventures&bookable-only=yes&full-items=yes&marketplace=yes&flow=no,"<script src=""https://fareharbor.com/embeds/script/calendar/cavemanarcticadventures/items/659364/?asn=fhdn&asn-ref=alloutdooradventures&ref=alloutdooradventures&bookable-only=yes&full-items=yes&marketplace=yes&flow=no""></script>",https://fareharbor.com/embeds/book/cavemanarcticadventures/items/659364/?asn=fhdn&asn-ref=alloutdooradventures&ref=alloutdooradventures&bookable-only=yes&full-items=yes&marketplace=yes&flow=no,https://cdn.filestackcontent.com/EcsvIZAQEWxHnVu7wwrg
Caveman Arctic Adventures,cavemanarcticadventures,cavemanarcticadventures@gmail.com,9282662351,United States/Alaska/Delta Junction,-145.733931,64.036356,659367,Bear Creek,Hiking,1,55,540,https://fareharbor.com/embeds/calendar/cavemanarcticadventures/items/659367/?asn=fhdn&asn-ref=alloutdooradventures&ref=alloutdooradventures&bookable-only=yes&full-items=yes&marketplace=yes&flow=no,"<script src=""https://fareharbor.com/embeds/script/calendar/cavemanarcticadventures/items/659367/?asn=fhdn&asn-ref=alloutdooradventures&ref=alloutdooradventures&bookable-only=yes&full-items=yes&marketplace=yes&flow=no""></script>",https://fareharbor.com/embeds/book/cavemanarcticadventures/items/659367/?asn=fhdn&asn-ref=alloutdooradventures&ref=alloutdooradventures&bookable-only=yes&full-items=yes&marketplace=yes&flow=no,https://cdn.filestackcontent.com/J2BS1VQTSaKyOpILXnSs
Caveman Arctic Adventures,cavemanarcticadventures,cavemanarcticadventures@gmail.com,9282662351,United States/Alaska/Delta Junction,-145.733931,64.036356,659396,"Miller Creek, Canwell Glacier Approach",Hiking,1,55,540,https://fareharbor.com/embeds/calendar/cavemanarcticadventures/items/659396/?asn=fhdn&asn-ref=alloutdooradventures&ref=alloutdooradventures&bookable-only=yes&full-items=yes&marketplace=yes&flow=no,"<script src=""https://fareharbor.com/embeds/script/calendar/cavemanarcticadventures/items/659396/?asn=fhdn&asn-ref=alloutdooradventures&ref=alloutdooradventures&bookable-only=yes&full-items=yes&marketplace=yes&flow=no""></script>",https://fareharbor.com/embeds/book/cavemanarcticadventures/items/659396/?asn=fhdn&asn-ref=alloutdooradventures&ref=alloutdooradventures&bookable-only=yes&full-items=yes&marketplace=yes&flow=no,https://cdn.filestackcontent.com/05glYcuQLy9OfYSPKMkh
Caveman Arctic Adventures,cavemanarcticadventures,cavemanarcticadventures@gmail.com,9282662351,United States/Alaska/Delta Junction,-145.733931,64.036356,659409,Castner Glacier Overnight Adventure,Hiking,1,55,540,https://fareharbor.com/embeds/calendar/cavemanarcticadventures/items/659409/?asn=fhdn&asn-ref=alloutdooradventures&ref=alloutdooradventures&bookable-only=yes&full-items=yes&marketplace=yes&flow=no,"<script src=""https://fareharbor.com/embeds/script/calendar/cavemanarcticadventures/items/659409/?asn=fhdn&asn-ref=alloutdooradventures&ref=alloutdooradventures&bookable-only=yes&full-items=yes&marketplace=yes&flow=no""></script>",https://fareharbor.com/embeds/book/cavemanarcticadventures/items/659409/?asn=fhdn&asn-ref=alloutdooradventures&ref=alloutdooradventures&bookable-only=yes&full-items=yes&marketplace=yes&flow=no,https://cdn.filestackcontent.com/zXeVrlacQVeBMIKqkA1z
Caveman Arctic Adventures,cavemanarcticadventures,cavemanarcticadventures@gmail.com,9282662351,United States/Alaska/Delta Junction,-145.733931,64.036356,659413,"Miller Creek, Canwell Glacier Approach Overnight Trip",Hiking,1,55,540,https://fareharbor.com/embeds/calendar/cavemanarcticadventures/items/659413/?asn=fhdn&asn-ref=alloutdooradventures&ref=alloutdooradventures&bookable-only=yes&full-items=yes&marketplace=yes&flow=no,"<script src=""https://fareharbor.com/embeds/script/calendar/cavemanarcticadventures/items/659413/?asn=fhdn&asn-ref=alloutdooradventures&ref=alloutdooradventures&bookable-only=yes&full-items=yes&marketplace=yes&flow=no""></script>",https://fareharbor.com/embeds/book/cavemanarcticadventures/items/659413/?asn=fhdn&asn-ref=alloutdooradventures&ref=alloutdooradventures&bookable-only=yes&full-items=yes&marketplace=yes&flow=no,https://cdn.filestackcontent.com/TUbfixiMT86kT5RtADCT
St. Elias Alpine Guides,steliasguides,info@steliasguides.com,907-231-6395,United States/Alaska/McCarthy,,,202981,Ice Cave Exploration,Hiking,5,54,103,https://fareharbor.com/embeds/calendar/steliasguides/items/202981/?asn=fhdn&asn-ref=alloutdooradventures&ref=alloutdooradventures&bookable-only=yes&full-items=yes&marketplace=yes&flow=no,"<script src=""https://fareharbor.com/embeds/script/calendar/steliasguides/items/202981/?asn=fhdn&asn-ref=alloutdooradventures&ref=alloutdooradventures&bookable-only=yes&full-items=yes&marketplace=yes&flow=no""></script>",https://fareharbor.com/embeds/book/steliasguides/items/202981/?asn=fhdn&asn-ref=alloutdooradventures&ref=alloutdooradventures&bookable-only=yes&full-items=yes&marketplace=yes&flow=no,https://cdn.filestackcontent.com/8EvHOdH0RMiRirf0XvRa
Alaska Freediver,alaskafreediver,alaskafreediver@gmail.com,(907) 205-7963,United States/Alaska/Seldovia,,,638455,Snorkel Tours,Eco Tour-Guided Tour-Snorkel-Water Activities,7,54,0,https://fareharbor.com/embeds/calendar/alaskafreediver/items/638455/?asn=fhdn&asn-ref=alloutdooradventures&ref=alloutdooradventures&bookable-only=yes&full-items=yes&marketplace=yes&flow=no,"<script src=""https://fareharbor.com/embeds/script/calendar/alaskafreediver/items/638455/?asn=fhdn&asn-ref=alloutdooradventures&ref=alloutdooradventures&bookable-only=yes&full-items=yes&marketplace=yes&flow=no""></script>",https://fareharbor.com/embeds/book/alaskafreediver/items/638455/?asn=fhdn&asn-ref=alloutdooradventures&ref=alloutdooradventures&bookable-only=yes&full-items=yes&marketplace=yes&flow=no,https://cdn.filestackcontent.com/pAU5AUXESqque0kUDLqH
Sitka Wildlife Tours,sitkawildlifetours,sitkawildlifetoursak@gmail.com,907-738-1733,United States/Alaska/Sitka,-135.332123,57.049466,7552,Sitka Scenic Tour,Eco Tour,13,53,151,https://fareharbor.com/embeds/calendar/sitkawildlifetours/items/7552/?asn=fhdn&asn-ref=alloutdooradventures&ref=alloutdooradventures&bookable-only=yes&full-items=yes&marketplace=yes&flow=no,"<script src=""https://fareharbor.com/embeds/script/calendar/sitkawildlifetours/items/7552/?asn=fhdn&asn-ref=alloutdooradventures&ref=alloutdooradventures&bookable-only=yes&full-items=yes&marketplace=yes&flow=no""></script>",https://fareharbor.com/embeds/book/sitkawildlifetours/items/7552/?asn=fhdn&asn-ref=alloutdooradventures&ref=alloutdooradventures&bookable-only=yes&full-items=yes&marketplace=yes&flow=no,https://www.filepicker.io/api/file/ePAcb2euQZuf8Rv0COdB
Kenai Backcountry Adventures,kenaibackcountryadventures,Fun@KBAalaska.com,866-630-0927,United States/Alaska/Seward,,,117713,Backcountry Skiing & Splitboarding • Day Trip,Hiking,1,53,0,https://fareharbor.com/embeds/calendar/kenaibackcountryadventures/items/117713/?asn=fhdn&asn-ref=alloutdooradventures&ref=alloutdooradventures&bookable-only=yes&full-items=yes&marketplace=yes&flow=no,"<script src=""https://fareharbor.com/embeds/script/calendar/kenaibackcountryadventures/items/117713/?asn=fhdn&asn-ref=alloutdooradventures&ref=alloutdooradventures&bookable-only=yes&full-items=yes&marketplace=yes&flow=no""></script>",https://fareharbor.com/embeds/book/kenaibackcountryadventures/items/117713/?asn=fhdn&asn-ref=alloutdooradventures&ref=alloutdooradventures&bookable-only=yes&full-items=yes&marketplace=yes&flow=no,https://cdn.filestackcontent.com/BO7zu2IkRWMgKqoXkY2a
Sluice Box,sluiceboxsleddogs,sluiceboxsleddogs@gmail.com,907-310-1906,United States/Alaska/Fairbanks,,,557139,Husky Hike & Forest Adventure,Attraction-Dogsled-Eco Tour-Farm-Guided Tour-Other-Sports-Walking Tour,7,52,0,https://fareharbor.com/embeds/calendar/sluiceboxsleddogs/items/557139/?asn=fhdn&asn-ref=alloutdooradventures&ref=alloutdooradventures&bookable-only=yes&full-items=yes&marketplace=yes&flow=no,"<script src=""https://fareharbor.com/embeds/script/calendar/sluiceboxsleddogs/items/557139/?asn=fhdn&asn-ref=alloutdooradventures&ref=alloutdooradventures&bookable-only=yes&full-items=yes&marketplace=yes&flow=no""></script>",https://fareharbor.com/embeds/book/sluiceboxsleddogs/items/557139/?asn=fhdn&asn-ref=alloutdooradventures&ref=alloutdooradventures&bookable-only=yes&full-items=yes&marketplace=yes&flow=no,https://cdn.filestackcontent.com/lLtjaDc0SKm6FAluq0eg
Sitka Walking Tours,sitkawalkingtours,info@sitkawalkingtours.com,(916) 234-6871,United States/Alaska/Sitka,,,456878,Guided Hike | TONGASS NATIONAL FOREST,Boat Tour-Guided Tour-Hiking-Walking Tour,7,51,264,https://fareharbor.com/embeds/calendar/sitkawalkingtours/items/456878/?asn=fhdn&asn-ref=alloutdooradventures&ref=alloutdooradventures&bookable-only=yes&full-items=yes&marketplace=yes&flow=no,"<script src=""https://fareharbor.com/embeds/script/calendar/sitkawalkingtours/items/456878/?asn=fhdn&asn-ref=alloutdooradventures&ref=alloutdooradventures&bookable-only=yes&full-items=yes&marketplace=yes&flow=no""></script>",https://fareharbor.com/embeds/book/sitkawalkingtours/items/456878/?asn=fhdn&asn-ref=alloutdooradventures&ref=alloutdooradventures&bookable-only=yes&full-items=yes&marketplace=yes&flow=no,https://cdn.filestackcontent.com/P1w9rizmT2Gc5QFZJgqw
Adventures by True North Ak,adventurealaska,reservations@adventurealaska.net,907 691 8909,United States/Alaska/Wasilla,-149.314928,61.601994,510212,Seven Mile Canoe Trail,Canoe-Guided Tour-Water Activities,1,49,184,https://fareharbor.com/embeds/calendar/adventurealaska/items/510212/?asn=fhdn&asn-ref=alloutdooradventures&ref=alloutdooradventures&bookable-only=yes&full-items=yes&marketplace=yes&flow=no,"<script src=""https://fareharbor.com/embeds/script/calendar/adventurealaska/items/510212/?asn=fhdn&asn-ref=alloutdooradventures&ref=alloutdooradventures&bookable-only=yes&full-items=yes&marketplace=yes&flow=no""></script>",https://fareharbor.com/embeds/book/adventurealaska/items/510212/?asn=fhdn&asn-ref=alloutdooradventures&ref=alloutdooradventures&bookable-only=yes&full-items=yes&marketplace=yes&flow=no,
NorthStar Outdoor Adventures,northstaroutdooradventures,NorthStarOutdoorAdventures@gmail.com,734-564-3773,United States/Alaska/Anchorage,,,674316,Moose Hike and Aurora Live Chase Tours,Hiking,1,49,180,https://fareharbor.com/embeds/calendar/northstaroutdooradventures/items/674316/?asn=fhdn&asn-ref=alloutdooradventures&ref=alloutdooradventures&bookable-only=yes&full-items=yes&marketplace=yes&flow=no,"<script src=""https://fareharbor.com/embeds/script/calendar/northstaroutdooradventures/items/674316/?asn=fhdn&asn-ref=alloutdooradventures&ref=alloutdooradventures&bookable-only=yes&full-items=yes&marketplace=yes&flow=no""></script>",https://fareharbor.com/embeds/book/northstaroutdooradventures/items/674316/?asn=fhdn&asn-ref=alloutdooradventures&ref=alloutdooradventures&bookable-only=yes&full-items=yes&marketplace=yes&flow=no,https://cdn.filestackcontent.com/O4D5466DQ1mmku5PzbFS
Alaska Trail Guides,alaskatrailguides,info@alaskatrailguides.com,907-317-5707,United States/Alaska/Anchorage,-149.899678,61.217576,298930,Beginning Singletrack Mountain Biking Clinic,Bike Tour,1,48,0,https://fareharbor.com/embeds/calendar/alaskatrailguides/items/298930/?asn=fhdn&asn-ref=alloutdooradventures&ref=alloutdooradventures&bookable-only=yes&full-items=yes&marketplace=yes&flow=no,"<script src=""https://fareharbor.com/embeds/script/calendar/alaskatrailguides/items/298930/?asn=fhdn&asn-ref=alloutdooradventures&ref=alloutdooradventures&bookable-only=yes&full-items=yes&marketplace=yes&flow=no""></script>",https://fareharbor.com/embeds/book/alaskatrailguides/items/298930/?asn=fhdn&asn-ref=alloutdooradventures&ref=alloutdooradventures&bookable-only=yes&full-items=yes&marketplace=yes&flow=no,https://cdn.filestackcontent.com/dvDYkvyNRMO4R2xIBjO1
Alaska Trail Guides,alaskatrailguides,info@alaskatrailguides.com,907-317-5707,United States/Alaska/Anchorage,,,340387,Private Winter Fat Bike Tour,Bike Tour,1,48,0,https://fareharbor.com/embeds/calendar/alaskatrailguides/items/340387/?asn=fhdn&asn-ref=alloutdooradventures&ref=alloutdooradventures&bookable-only=yes&full-items=yes&marketplace=yes&flow=no,"<script src=""https://fareharbor.com/embeds/script/calendar/alaskatrailguides/items/340387/?asn=fhdn&asn-ref=alloutdooradventures&ref=alloutdooradventures&bookable-only=yes&full-items=yes&marketplace=yes&flow=no""></script>",https://fareharbor.com/embeds/book/alaskatrailguides/items/340387/?asn=fhdn&asn-ref=alloutdooradventures&ref=alloutdooradventures&bookable-only=yes&full-items=yes&marketplace=yes&flow=no,https://cdn.filestackcontent.com/ulO7NcnpQ8meDpb6giNB
NorthStar Outdoor Adventures,northstaroutdooradventures,NorthStarOutdoorAdventures@gmail.com,734-564-3773,United States/Alaska/Anchorage,,,674073,Moose Hike Kincaid Park Tour,Hiking,1,48,360,https://fareharbor.com/embeds/calendar/northstaroutdooradventures/items/674073/?asn=fhdn&asn-ref=alloutdooradventures&ref=alloutdooradventures&bookable-only=yes&full-items=yes&marketplace=yes&flow=no,"<script src=""https://fareharbor.com/embeds/script/calendar/northstaroutdooradventures/items/674073/?asn=fhdn&asn-ref=alloutdooradventures&ref=alloutdooradventures&bookable-only=yes&full-items=yes&marketplace=yes&flow=no""></script>",https://fareharbor.com/embeds/book/northstaroutdooradventures/items/674073/?asn=fhdn&asn-ref=alloutdooradventures&ref=alloutdooradventures&bookable-only=yes&full-items=yes&marketplace=yes&flow=no,https://cdn.filestackcontent.com/NQyDxjCjS7u3wgYg2CES
NorthStar Outdoor Adventures,northstaroutdooradventures,NorthStarOutdoorAdventures@gmail.com,734-564-3773,United States/Alaska/Anchorage,,,674305,Alaskan Wildlife Discovery Tour,Hiking,1,48,180,https://fareharbor.com/embeds/calendar/northstaroutdooradventures/items/674305/?asn=fhdn&asn-ref=alloutdooradventures&ref=alloutdooradventures&bookable-only=yes&full-items=yes&marketplace=yes&flow=no,"<script src=""https://fareharbor.com/embeds/script/calendar/northstaroutdooradventures/items/674305/?asn=fhdn&asn-ref=alloutdooradventures&ref=alloutdooradventures&bookable-only=yes&full-items=yes&marketplace=yes&flow=no""></script>",https://fareharbor.com/embeds/book/northstaroutdooradventures/items/674305/?asn=fhdn&asn-ref=alloutdooradventures&ref=alloutdooradventures&bookable-only=yes&full-items=yes&marketplace=yes&flow=no,https://cdn.filestackcontent.com/vGfhM1QbSmGeKEMc4Wi3
NorthStar Outdoor Adventures,northstaroutdooradventures,NorthStarOutdoorAdventures@gmail.com,734-564-3773,United States/Alaska/Anchorage,,,674310,Aurora Live Chase Tour,Hiking,1,48,58,https://fareharbor.com/embeds/calendar/northstaroutdooradventures/items/674310/?asn=fhdn&asn-ref=alloutdooradventures&ref=alloutdooradventures&bookable-only=yes&full-items=yes&marketplace=yes&flow=no,"<script src=""https://fareharbor.com/embeds/script/calendar/northstaroutdooradventures/items/674310/?asn=fhdn&asn-ref=alloutdooradventures&ref=alloutdooradventures&bookable-only=yes&full-items=yes&marketplace=yes&flow=no""></script>",https://fareharbor.com/embeds/book/northstaroutdooradventures/items/674310/?asn=fhdn&asn-ref=alloutdooradventures&ref=alloutdooradventures&bookable-only=yes&full-items=yes&marketplace=yes&flow=no,https://cdn.filestackcontent.com/6VGdlQHqQ8i8kFwzXlSo
Outdoor Explorers,outdoorexplorersak,outdoorexplorersak@gmail.com,9074911707,United States/Alaska/Seward,-149.444472,60.110613,617010,Two Lakes Excursion,Hiking,1,47,0,https://fareharbor.com/embeds/calendar/outdoorexplorersak/items/617010/?asn=fhdn&asn-ref=alloutdooradventures&ref=alloutdooradventures&bookable-only=yes&full-items=yes&marketplace=yes&flow=no,"<script src=""https://fareharbor.com/embeds/script/calendar/outdoorexplorersak/items/617010/?asn=fhdn&asn-ref=alloutdooradventures&ref=alloutdooradventures&bookable-only=yes&full-items=yes&marketplace=yes&flow=no""></script>",https://fareharbor.com/embeds/book/outdoorexplorersak/items/617010/?asn=fhdn&asn-ref=alloutdooradventures&ref=alloutdooradventures&bookable-only=yes&full-items=yes&marketplace=yes&flow=no,https://cdn.filestackcontent.com/IaN0EMZT9CtEVTAHjYM2
WildView Alaska Tours,wildviewalaskatours,wildviewalaskatours@gmail.com,970-445-7336,United States/Alaska/Ketchikan,,,619306,Wilderness Hike,Hiking,1,47,1351,https://fareharbor.com/embeds/calendar/wildviewalaskatours/items/619306/?asn=fhdn&asn-ref=alloutdooradventures&ref=alloutdooradventures&bookable-only=yes&full-items=yes&marketplace=yes&flow=no,"<script src=""https://fareharbor.com/embeds/script/calendar/wildviewalaskatours/items/619306/?asn=fhdn&asn-ref=alloutdooradventures&ref=alloutdooradventures&bookable-only=yes&full-items=yes&marketplace=yes&flow=no""></script>",https://fareharbor.com/embeds/book/wildviewalaskatours/items/619306/?asn=fhdn&asn-ref=alloutdooradventures&ref=alloutdooradventures&bookable-only=yes&full-items=yes&marketplace=yes&flow=no,https://cdn.filestackcontent.com/C2ix56qIQ9yWlOkg1ryD
Rainbow Glacier Adventures,joeordonez,rainbowglacierinfo@gmail.com,(907) 766-3576,United States/Alaska/Haines,,,656373,Skagway's Hidden Gem,Eco Tour,1,47,70,https://fareharbor.com/embeds/calendar/joeordonez/items/656373/?asn=fhdn&asn-ref=alloutdooradventures&ref=alloutdooradventures&bookable-only=yes&full-items=yes&marketplace=yes&flow=no,"<script src=""https://fareharbor.com/embeds/script/calendar/joeordonez/items/656373/?asn=fhdn&asn-ref=alloutdooradventures&ref=alloutdooradventures&bookable-only=yes&full-items=yes&marketplace=yes&flow=no""></script>",https://fareharbor.com/embeds/book/joeordonez/items/656373/?asn=fhdn&asn-ref=alloutdooradventures&ref=alloutdooradventures&bookable-only=yes&full-items=yes&marketplace=yes&flow=no,https://cdn.filestackcontent.com/RFbh1bQxTlm5BGDGcz2V
Caveman Arctic Adventures,cavemanarcticadventures,cavemanarcticadventures@gmail.com,9282662351,United States/Alaska/Delta Junction,-145.733931,64.036356,659404,Clearwater River Packrafting Float,Hiking,1,46,189,https://fareharbor.com/embeds/calendar/cavemanarcticadventures/items/659404/?asn=fhdn&asn-ref=alloutdooradventures&ref=alloutdooradventures&bookable-only=yes&full-items=yes&marketplace=yes&flow=no,"<script src=""https://fareharbor.com/embeds/script/calendar/cavemanarcticadventures/items/659404/?asn=fhdn&asn-ref=alloutdooradventures&ref=alloutdooradventures&bookable-only=yes&full-items=yes&marketplace=yes&flow=no""></script>",https://fareharbor.com/embeds/book/cavemanarcticadventures/items/659404/?asn=fhdn&asn-ref=alloutdooradventures&ref=alloutdooradventures&bookable-only=yes&full-items=yes&marketplace=yes&flow=no,https://cdn.filestackcontent.com/XuZhQCLtRKuaQRuUUPyc
"Into the Woods, LLC",intothewoods,hello@intothewoodsalaska.com,1 907-406-5651,United States/Alaska/Anchorage,,,402209,Byron Glacier Walk and Wildlife Viewing Experience,Bike Tour,26,45,0,https://fareharbor.com/embeds/calendar/intothewoods/items/402209/?asn=fhdn&asn-ref=alloutdooradventures&ref=alloutdooradventures&bookable-only=yes&full-items=yes&marketplace=yes&flow=no,"<script src=""https://fareharbor.com/embeds/script/calendar/intothewoods/items/402209/?asn=fhdn&asn-ref=alloutdooradventures&ref=alloutdooradventures&bookable-only=yes&full-items=yes&marketplace=yes&flow=no""></script>",https://fareharbor.com/embeds/book/intothewoods/items/402209/?asn=fhdn&asn-ref=alloutdooradventures&ref=alloutdooradventures&bookable-only=yes&full-items=yes&marketplace=yes&flow=no,https://cdn.filestackcontent.com/nMLVi79cT3iiMaWtDBXP
"Into the Woods, LLC",intothewoods,hello@intothewoodsalaska.com,1 907-406-5651,United States/Alaska/Anchorage,,,411854,Chugach State Park Alpine Hiking Adventure,Bike Tour-City Tour-Eco Tour,5,45,0,https://fareharbor.com/embeds/calendar/intothewoods/items/411854/?asn=fhdn&asn-ref=alloutdooradventures&ref=alloutdooradventures&bookable-only=yes&full-items=yes&marketplace=yes&flow=no,"<script src=""https://fareharbor.com/embeds/script/calendar/intothewoods/items/411854/?asn=fhdn&asn-ref=alloutdooradventures&ref=alloutdooradventures&bookable-only=yes&full-items=yes&marketplace=yes&flow=no""></script>",https://fareharbor.com/embeds/book/intothewoods/items/411854/?asn=fhdn&asn-ref=alloutdooradventures&ref=alloutdooradventures&bookable-only=yes&full-items=yes&marketplace=yes&flow=no,https://cdn.filestackcontent.com/4XpZzcpnQnCxi68LAgbN
"Into the Woods, LLC",intothewoods,hello@intothewoodsalaska.com,1 907-406-5651,United States,,,515683,AK Youth Intro to Rock Climbing Summer Camp (Ages 10-13),Climbing-Ropes Course-Walking Tour,7,45,0,https://fareharbor.com/embeds/calendar/intothewoods/items/515683/?asn=fhdn&asn-ref=alloutdooradventures&ref=alloutdooradventures&bookable-only=yes&full-items=yes&marketplace=yes&flow=no,"<script src=""https://fareharbor.com/embeds/script/calendar/intothewoods/items/515683/?asn=fhdn&asn-ref=alloutdooradventures&ref=alloutdooradventures&bookable-only=yes&full-items=yes&marketplace=yes&flow=no""></script>",https://fareharbor.com/embeds/book/intothewoods/items/515683/?asn=fhdn&asn-ref=alloutdooradventures&ref=alloutdooradventures&bookable-only=yes&full-items=yes&marketplace=yes&flow=no,https://cdn.filestackcontent.com/Sm4pKHESw26rWk8oVOiM
The Reindeer Grove,thegrovealaska,thegrovetka@gmail.com,907.414.9128,United States/Alaska/Talkeetna,,,531889,Reindeer Meet and Feed - Talkeetna,Attraction-Eco Tour-Environmental Attraction-Farm-Guided Tour-Wildlife-Winter Activities,17,45,165,https://fareharbor.com/embeds/calendar/thegrovealaska/items/531889/?asn=fhdn&asn-ref=alloutdooradventures&ref=alloutdooradventures&bookable-only=yes&full-items=yes&marketplace=yes&flow=no,"<script src=""https://fareharbor.com/embeds/script/calendar/thegrovealaska/items/531889/?asn=fhdn&asn-ref=alloutdooradventures&ref=alloutdooradventures&bookable-only=yes&full-items=yes&marketplace=yes&flow=no""></script>",https://fareharbor.com/embeds/book/thegrovealaska/items/531889/?asn=fhdn&asn-ref=alloutdooradventures&ref=alloutdooradventures&bookable-only=yes&full-items=yes&marketplace=yes&flow=no,https://cdn.filestackcontent.com/u2AdChc1Sy2ijAeoWkGP
Take A Hike,takeahike,aktakeahike@gmail.com,919-869-4853,United States/Alaska/Ketchikan,,,698853,Rainforest Eco Hiking Tour,Hiking,1,45,236,https://fareharbor.com/embeds/calendar/takeahike/items/698853/?asn=fhdn&asn-ref=alloutdooradventures&ref=alloutdooradventures&bookable-only=yes&full-items=yes&marketplace=yes&flow=no,"<script src=""https://fareharbor.com/embeds/script/calendar/takeahike/items/698853/?asn=fhdn&asn-ref=alloutdooradventures&ref=alloutdooradventures&bookable-only=yes&full-items=yes&marketplace=yes&flow=no""></script>",https://fareharbor.com/embeds/book/takeahike/items/698853/?asn=fhdn&asn-ref=alloutdooradventures&ref=alloutdooradventures&bookable-only=yes&full-items=yes&marketplace=yes&flow=no,https://cdn.filestackcontent.com/N1nF376pR6mj8tXkHJk1
Adventures by True North Ak,adventurealaska,reservations@adventurealaska.net,907 691 8909,United States/Alaska/Wasilla,-149.264477,61.620277,547928,"Kayak, Canoe, and SUP Rentals",Canoe-Kayak-SUP-Water Activities,1,44,0,https://fareharbor.com/embeds/calendar/adventurealaska/items/547928/?asn=fhdn&asn-ref=alloutdooradventures&ref=alloutdooradventures&bookable-only=yes&full-items=yes&marketplace=yes&flow=no,"<script src=""https://fareharbor.com/embeds/script/calendar/adventurealaska/items/547928/?asn=fhdn&asn-ref=alloutdooradventures&ref=alloutdooradventures&bookable-only=yes&full-items=yes&marketplace=yes&flow=no""></script>",https://fareharbor.com/embeds/book/adventurealaska/items/547928/?asn=fhdn&asn-ref=alloutdooradventures&ref=alloutdooradventures&bookable-only=yes&full-items=yes&marketplace=yes&flow=no,
Take A Hike,takeahike,aktakeahike@gmail.com,919-869-4853,United States/Alaska/Ketchikan,,,698894,Custom Private Tour,Hiking,1,44,236,https://fareharbor.com/embeds/calendar/takeahike/items/698894/?asn=fhdn&asn-ref=alloutdooradventures&ref=alloutdooradventures&bookable-only=yes&full-items=yes&marketplace=yes&flow=no,"<script src=""https://fareharbor.com/embeds/script/calendar/takeahike/items/698894/?asn=fhdn&asn-ref=alloutdooradventures&ref=alloutdooradventures&bookable-only=yes&full-items=yes&marketplace=yes&flow=no""></script>",https://fareharbor.com/embeds/book/takeahike/items/698894/?asn=fhdn&asn-ref=alloutdooradventures&ref=alloutdooradventures&bookable-only=yes&full-items=yes&marketplace=yes&flow=no,https://cdn.filestackcontent.com/jtMwMOK2RfaYwgY6rB6h
"Into the Woods, LLC",intothewoods,hello@intothewoodsalaska.com,1 907-406-5651,United States/Alaska/Anchorage,,,383839,Young Women's Alaskan Outdoor Leadership Wilderness Trip,Eco Tour-Wellness-Food Tour-Hiking-Transportation,7,43,0,https://fareharbor.com/embeds/calendar/intothewoods/items/383839/?asn=fhdn&asn-ref=alloutdooradventures&ref=alloutdooradventures&bookable-only=yes&full-items=yes&marketplace=yes&flow=no,"<script src=""https://fareharbor.com/embeds/script/calendar/intothewoods/items/383839/?asn=fhdn&asn-ref=alloutdooradventures&ref=alloutdooradventures&bookable-only=yes&full-items=yes&marketplace=yes&flow=no""></script>",https://fareharbor.com/embeds/book/intothewoods/items/383839/?asn=fhdn&asn-ref=alloutdooradventures&ref=alloutdooradventures&bookable-only=yes&full-items=yes&marketplace=yes&flow=no,https://cdn.filestackcontent.com/4emfHOkITNSCZRPrE52G
St. Elias Alpine Guides,steliasguides,info@steliasguides.com,907-231-6395,United States/Alaska/McCarthy,,,202989,Erie Mine Hiking Trip,Wellness-Hiking,2,42,61,https://fareharbor.com/embeds/calendar/steliasguides/items/202989/?asn=fhdn&asn-ref=alloutdooradventures&ref=alloutdooradventures&bookable-only=yes&full-items=yes&marketplace=yes&flow=no,"<script src=""https://fareharbor.com/embeds/script/calendar/steliasguides/items/202989/?asn=fhdn&asn-ref=alloutdooradventures&ref=alloutdooradventures&bookable-only=yes&full-items=yes&marketplace=yes&flow=no""></script>",https://fareharbor.com/embeds/book/steliasguides/items/202989/?asn=fhdn&asn-ref=alloutdooradventures&ref=alloutdooradventures&bookable-only=yes&full-items=yes&marketplace=yes&flow=no,https://cdn.filestackcontent.com/XI0qveWTrCCgHmHtjC1O
St. Elias Alpine Guides,steliasguides,info@steliasguides.com,907-231-6395,United States/Alaska/McCarthy,,,202977,Kennicott Glacier Lake Paddle,Hiking,3,41,105,https://fareharbor.com/embeds/calendar/steliasguides/items/202977/?asn=fhdn&asn-ref=alloutdooradventures&ref=alloutdooradventures&bookable-only=yes&full-items=yes&marketplace=yes&flow=no,"<script src=""https://fareharbor.com/embeds/script/calendar/steliasguides/items/202977/?asn=fhdn&asn-ref=alloutdooradventures&ref=alloutdooradventures&bookable-only=yes&full-items=yes&marketplace=yes&flow=no""></script>",https://fareharbor.com/embeds/book/steliasguides/items/202977/?asn=fhdn&asn-ref=alloutdooradventures&ref=alloutdooradventures&bookable-only=yes&full-items=yes&marketplace=yes&flow=no,https://cdn.filestackcontent.com/oJ8KYRaQjCJSTVw2E0Fo
St. Elias Alpine Guides,steliasguides,info@steliasguides.com,907-231-6395,United States/Alaska/McCarthy,,,202987,Jumbo Mine Hiking Trip,Castle-Wellness-Hiking,3,41,61,https://fareharbor.com/embeds/calendar/steliasguides/items/202987/?asn=fhdn&asn-ref=alloutdooradventures&ref=alloutdooradventures&bookable-only=yes&full-items=yes&marketplace=yes&flow=no,"<script src=""https://fareharbor.com/embeds/script/calendar/steliasguides/items/202987/?asn=fhdn&asn-ref=alloutdooradventures&ref=alloutdooradventures&bookable-only=yes&full-items=yes&marketplace=yes&flow=no""></script>",https://fareharbor.com/embeds/book/steliasguides/items/202987/?asn=fhdn&asn-ref=alloutdooradventures&ref=alloutdooradventures&bookable-only=yes&full-items=yes&marketplace=yes&flow=no,https://cdn.filestackcontent.com/8YKHN98dSEqcHwRUNC9X
St. Elias Alpine Guides,steliasguides,info@steliasguides.com,907-231-6395,United States/Alaska/McCarthy,,,202991,Bonanza Mine Hiking Trip,Wellness-Hiking,3,41,61,https://fareharbor.com/embeds/calendar/steliasguides/items/202991/?asn=fhdn&asn-ref=alloutdooradventures&ref=alloutdooradventures&bookable-only=yes&full-items=yes&marketplace=yes&flow=no,"<script src=""https://fareharbor.com/embeds/script/calendar/steliasguides/items/202991/?asn=fhdn&asn-ref=alloutdooradventures&ref=alloutdooradventures&bookable-only=yes&full-items=yes&marketplace=yes&flow=no""></script>",https://fareharbor.com/embeds/book/steliasguides/items/202991/?asn=fhdn&asn-ref=alloutdooradventures&ref=alloutdooradventures&bookable-only=yes&full-items=yes&marketplace=yes&flow=no,https://cdn.filestackcontent.com/7lZHFoi5QLyxXoPQBrQQ
Moose Pass Adventures LLC,moosepassadventures,info@moosepassadventures.com,907-599-0643,United States/Alaska/Moose Pass,,,399690,Grant Lake Guided Hike & Kayak Tour,Guided Tour-Hiking-Kayak-Walking Tour-Water Activities,1,41,145,https://fareharbor.com/embeds/calendar/moosepassadventures/items/399690/?asn=fhdn&asn-ref=alloutdooradventures&ref=alloutdooradventures&bookable-only=yes&full-items=yes&marketplace=yes&flow=no,"<script src=""https://fareharbor.com/embeds/script/calendar/moosepassadventures/items/399690/?asn=fhdn&asn-ref=alloutdooradventures&ref=alloutdooradventures&bookable-only=yes&full-items=yes&marketplace=yes&flow=no""></script>",https://fareharbor.com/embeds/book/moosepassadventures/items/399690/?asn=fhdn&asn-ref=alloutdooradventures&ref=alloutdooradventures&bookable-only=yes&full-items=yes&marketplace=yes&flow=no,https://cdn.filestackcontent.com/CTj28W19TWyTQSIChNZf
"Into the Woods, LLC",intothewoods,hello@intothewoodsalaska.com,1 907-406-5651,United States,,,515758,AK Youth Hiking and Wilderness First Aid Summer Camp (10-13),Hiking-Walking Tour,4,41,0,https://fareharbor.com/embeds/calendar/intothewoods/items/515758/?asn=fhdn&asn-ref=alloutdooradventures&ref=alloutdooradventures&bookable-only=yes&full-items=yes&marketplace=yes&flow=no,"<script src=""https://fareharbor.com/embeds/script/calendar/intothewoods/items/515758/?asn=fhdn&asn-ref=alloutdooradventures&ref=alloutdooradventures&bookable-only=yes&full-items=yes&marketplace=yes&flow=no""></script>",https://fareharbor.com/embeds/book/intothewoods/items/515758/?asn=fhdn&asn-ref=alloutdooradventures&ref=alloutdooradventures&bookable-only=yes&full-items=yes&marketplace=yes&flow=no,https://cdn.filestackcontent.com/tezpnBCHTKGlcOPiBBWy
Alaska & Yukon Tours,alaskayukontours,info@bookayt.net,+1 907-531-9140,United States/Alaska/Skagway,-135.318691,59.453462,393719,Glacier Point Wilderness Safari,Boat Tour-Canoe-Hiking-Shuttle-Transportation,5,40,0,https://fareharbor.com/embeds/calendar/alaskayukontours/items/393719/?asn=fhdn&asn-ref=alloutdooradventures&ref=alloutdooradventures&bookable-only=yes&full-items=yes&marketplace=yes&flow=no,"<script src=""https://fareharbor.com/embeds/script/calendar/alaskayukontours/items/393719/?asn=fhdn&asn-ref=alloutdooradventures&ref=alloutdooradventures&bookable-only=yes&full-items=yes&marketplace=yes&flow=no""></script>",https://fareharbor.com/embeds/book/alaskayukontours/items/393719/?asn=fhdn&asn-ref=alloutdooradventures&ref=alloutdooradventures&bookable-only=yes&full-items=yes&marketplace=yes&flow=no,https://cdn.filestackcontent.com/OvvqzsplTf6JpTJ92cPf
Alaska Trail Guides,alaskatrailguides,info@alaskatrailguides.com,907-317-5707,United States/Alaska/Anchorage,,,110373,Bike and Hike Tour Anchorage,Bike Tour,1,39,0,https://fareharbor.com/embeds/calendar/alaskatrailguides/items/110373/?asn=fhdn&asn-ref=alloutdooradventures&ref=alloutdooradventures&bookable-only=yes&full-items=yes&marketplace=yes&flow=no,"<script src=""https://fareharbor.com/embeds/script/calendar/alaskatrailguides/items/110373/?asn=fhdn&asn-ref=alloutdooradventures&ref=alloutdooradventures&bookable-only=yes&full-items=yes&marketplace=yes&flow=no""></script>",https://fareharbor.com/embeds/book/alaskatrailguides/items/110373/?asn=fhdn&asn-ref=alloutdooradventures&ref=alloutdooradventures&bookable-only=yes&full-items=yes&marketplace=yes&flow=no,https://cdn.filestackcontent.com/6yj2SeOSU6NuWRfhvHj4
Kenai Backcountry Adventures,kenaibackcountryadventures,Fun@KBAalaska.com,866-630-0927,United States/Alaska/Seward,,,206379,Backcountry Skiing & Splitboarding Package – Town-Based,Hiking,1,39,0,https://fareharbor.com/embeds/calendar/kenaibackcountryadventures/items/206379/?asn=fhdn&asn-ref=alloutdooradventures&ref=alloutdooradventures&bookable-only=yes&full-items=yes&marketplace=yes&flow=no,"<script src=""https://fareharbor.com/embeds/script/calendar/kenaibackcountryadventures/items/206379/?asn=fhdn&asn-ref=alloutdooradventures&ref=alloutdooradventures&bookable-only=yes&full-items=yes&marketplace=yes&flow=no""></script>",https://fareharbor.com/embeds/book/kenaibackcountryadventures/items/206379/?asn=fhdn&asn-ref=alloutdooradventures&ref=alloutdooradventures&bookable-only=yes&full-items=yes&marketplace=yes&flow=no,https://cdn.filestackcontent.com/b5qLVt50Rzmv5qsgU6CU
Sheldon Air Service,sheldonairservice,info@sheldonairservice.com,(907) 733-2321,United States/Alaska,-150.789398,63.282761,465422,Air Taxi Drop-offs for Climbers and Skiers,Air Activities-Climbing-Sports,1,39,231,https://fareharbor.com/embeds/calendar/sheldonairservice/items/465422/?asn=fhdn&asn-ref=alloutdooradventures&ref=alloutdooradventures&bookable-only=yes&full-items=yes&marketplace=yes&flow=no,"<script src=""https://fareharbor.com/embeds/script/calendar/sheldonairservice/items/465422/?asn=fhdn&asn-ref=alloutdooradventures&ref=alloutdooradventures&bookable-only=yes&full-items=yes&marketplace=yes&flow=no""></script>",https://fareharbor.com/embeds/book/sheldonairservice/items/465422/?asn=fhdn&asn-ref=alloutdooradventures&ref=alloutdooradventures&bookable-only=yes&full-items=yes&marketplace=yes&flow=no,https://cdn.filestackcontent.com/foVTUBsNT2C6uRFxk6R4
Infinite Adventures,infiniteadventures,ops@infiniteadv.com,1-520-468-9774,United States/Alaska/Anchorage,,,517094,"8-Day Zanzibar - The Spice Island, Mangroves and Stonetown",Eco Tour,1,39,0,https://fareharbor.com/embeds/calendar/infiniteadventures/items/517094/?asn=fhdn&asn-ref=alloutdooradventures&ref=alloutdooradventures&bookable-only=yes&full-items=yes&marketplace=yes&flow=no,"<script src=""https://fareharbor.com/embeds/script/calendar/infiniteadventures/items/517094/?asn=fhdn&asn-ref=alloutdooradventures&ref=alloutdooradventures&bookable-only=yes&full-items=yes&marketplace=yes&flow=no""></script>",https://fareharbor.com/embeds/book/infiniteadventures/items/517094/?asn=fhdn&asn-ref=alloutdooradventures&ref=alloutdooradventures&bookable-only=yes&full-items=yes&marketplace=yes&flow=no,https://cdn.filestackcontent.com/QyGLud8dSwyQ16t6Yc0A
Exploring Sitka,exploringsitka,parker@exploringsitka.com,(907) 738-0289,United States/Alaska/Sitka,,,662027,Self Guided Jeep Rental • Four Hours,Jeep,1,39,0,https://fareharbor.com/embeds/calendar/exploringsitka/items/662027/?asn=fhdn&asn-ref=alloutdooradventures&ref=alloutdooradventures&bookable-only=yes&full-items=yes&marketplace=yes&flow=no,"<script src=""https://fareharbor.com/embeds/script/calendar/exploringsitka/items/662027/?asn=fhdn&asn-ref=alloutdooradventures&ref=alloutdooradventures&bookable-only=yes&full-items=yes&marketplace=yes&flow=no""></script>",https://fareharbor.com/embeds/book/exploringsitka/items/662027/?asn=fhdn&asn-ref=alloutdooradventures&ref=alloutdooradventures&bookable-only=yes&full-items=yes&marketplace=yes&flow=no,https://cdn.filestackcontent.com/vN1MRslbTqmVfvEDByJF
Alaska Trail Guides,alaskatrailguides,info@alaskatrailguides.com,907-317-5707,United States/Alaska/Anchorage,,,110367,Bike and Tram Girdwood,Bike Tour,1,38,0,https://fareharbor.com/embeds/calendar/alaskatrailguides/items/110367/?asn=fhdn&asn-ref=alloutdooradventures&ref=alloutdooradventures&bookable-only=yes&full-items=yes&marketplace=yes&flow=no,"<script src=""https://fareharbor.com/embeds/script/calendar/alaskatrailguides/items/110367/?asn=fhdn&asn-ref=alloutdooradventures&ref=alloutdooradventures&bookable-only=yes&full-items=yes&marketplace=yes&flow=no""></script>",https://fareharbor.com/embeds/book/alaskatrailguides/items/110367/?asn=fhdn&asn-ref=alloutdooradventures&ref=alloutdooradventures&bookable-only=yes&full-items=yes&marketplace=yes&flow=no,https://cdn.filestackcontent.com/CvlMKdKQA6bcnDvpxAmZ
Tundra Trekkers,tundratrekkers,hello@tundratrekkers.com,,United States/Alaska/Fairbanks,,,548957,Table Top Mountain Hike,Hiking,1,38,0,https://fareharbor.com/embeds/calendar/tundratrekkers/items/548957/?asn=fhdn&asn-ref=alloutdooradventures&ref=alloutdooradventures&bookable-only=yes&full-items=yes&marketplace=yes&flow=no,"<script src=""https://fareharbor.com/embeds/script/calendar/tundratrekkers/items/548957/?asn=fhdn&asn-ref=alloutdooradventures&ref=alloutdooradventures&bookable-only=yes&full-items=yes&marketplace=yes&flow=no""></script>",https://fareharbor.com/embeds/book/tundratrekkers/items/548957/?asn=fhdn&asn-ref=alloutdooradventures&ref=alloutdooradventures&bookable-only=yes&full-items=yes&marketplace=yes&flow=no,https://cdn.filestackcontent.com/20RQwCNQRKqqbZvOEmFA
Tundra Trekkers,tundratrekkers,hello@tundratrekkers.com,,United States/Alaska/Fairbanks,,,549008,Angel Rocks Hike,Hiking,1,38,0,https://fareharbor.com/embeds/calendar/tundratrekkers/items/549008/?asn=fhdn&asn-ref=alloutdooradventures&ref=alloutdooradventures&bookable-only=yes&full-items=yes&marketplace=yes&flow=no,"<script src=""https://fareharbor.com/embeds/script/calendar/tundratrekkers/items/549008/?asn=fhdn&asn-ref=alloutdooradventures&ref=alloutdooradventures&bookable-only=yes&full-items=yes&marketplace=yes&flow=no""></script>",https://fareharbor.com/embeds/book/tundratrekkers/items/549008/?asn=fhdn&asn-ref=alloutdooradventures&ref=alloutdooradventures&bookable-only=yes&full-items=yes&marketplace=yes&flow=no,https://cdn.filestackcontent.com/sPLAmybnR3yz0easPnlJ
Tundra Trekkers,tundratrekkers,hello@tundratrekkers.com,,United States/Alaska/Fairbanks,,,549009,Wickersham Dome Hike,Hiking,1,38,0,https://fareharbor.com/embeds/calendar/tundratrekkers/items/549009/?asn=fhdn&asn-ref=alloutdooradventures&ref=alloutdooradventures&bookable-only=yes&full-items=yes&marketplace=yes&flow=no,"<script src=""https://fareharbor.com/embeds/script/calendar/tundratrekkers/items/549009/?asn=fhdn&asn-ref=alloutdooradventures&ref=alloutdooradventures&bookable-only=yes&full-items=yes&marketplace=yes&flow=no""></script>",https://fareharbor.com/embeds/book/tundratrekkers/items/549009/?asn=fhdn&asn-ref=alloutdooradventures&ref=alloutdooradventures&bookable-only=yes&full-items=yes&marketplace=yes&flow=no,https://cdn.filestackcontent.com/9Z0GzjcQNWSQrp3gicov
Tundra Trekkers,tundratrekkers,hello@tundratrekkers.com,,United States/Alaska/Fairbanks,,,549011,Denali Day Trip,Hiking,1,38,0,https://fareharbor.com/embeds/calendar/tundratrekkers/items/549011/?asn=fhdn&asn-ref=alloutdooradventures&ref=alloutdooradventures&bookable-only=yes&full-items=yes&marketplace=yes&flow=no,"<script src=""https://fareharbor.com/embeds/script/calendar/tundratrekkers/items/549011/?asn=fhdn&asn-ref=alloutdooradventures&ref=alloutdooradventures&bookable-only=yes&full-items=yes&marketplace=yes&flow=no""></script>",https://fareharbor.com/embeds/book/tundratrekkers/items/549011/?asn=fhdn&asn-ref=alloutdooradventures&ref=alloutdooradventures&bookable-only=yes&full-items=yes&marketplace=yes&flow=no,https://cdn.filestackcontent.com/RP7RouwkSXukJ7Nd7RM0
Tundra Trekkers,tundratrekkers,hello@tundratrekkers.com,,United States/Alaska/Fairbanks,,,551130,Mastodon Trail Hike,Hiking,1,38,0,https://fareharbor.com/embeds/calendar/tundratrekkers/items/551130/?asn=fhdn&asn-ref=alloutdooradventures&ref=alloutdooradventures&bookable-only=yes&full-items=yes&marketplace=yes&flow=no,"<script src=""https://fareharbor.com/embeds/script/calendar/tundratrekkers/items/551130/?asn=fhdn&asn-ref=alloutdooradventures&ref=alloutdooradventures&bookable-only=yes&full-items=yes&marketplace=yes&flow=no""></script>",https://fareharbor.com/embeds/book/tundratrekkers/items/551130/?asn=fhdn&asn-ref=alloutdooradventures&ref=alloutdooradventures&bookable-only=yes&full-items=yes&marketplace=yes&flow=no,https://cdn.filestackcontent.com/Ryz2GdcDTVmDhUrPRTVc
Tundra Trekkers,tundratrekkers,hello@tundratrekkers.com,,United States/Alaska/Fairbanks,,,551184,Chena River Nature Trail Walk,Hiking,1,38,0,https://fareharbor.com/embeds/calendar/tundratrekkers/items/551184/?asn=fhdn&asn-ref=alloutdooradventures&ref=alloutdooradventures&bookable-only=yes&full-items=yes&marketplace=yes&flow=no,"<script src=""https://fareharbor.com/embeds/script/calendar/tundratrekkers/items/551184/?asn=fhdn&asn-ref=alloutdooradventures&ref=alloutdooradventures&bookable-only=yes&full-items=yes&marketplace=yes&flow=no""></script>",https://fareharbor.com/embeds/book/tundratrekkers/items/551184/?asn=fhdn&asn-ref=alloutdooradventures&ref=alloutdooradventures&bookable-only=yes&full-items=yes&marketplace=yes&flow=no,https://cdn.filestackcontent.com/L3X3lFLITBq668z2BZVj
Lady of the Sea Adventures,ladyoftheseaadventures,info@ladyoftheseaadventures.com,19072992871,United States/Alaska/Homer,,,563487,Wildlife Tour and Dinner Cruise,Bike Tour,1,38,94,https://fareharbor.com/embeds/calendar/ladyoftheseaadventures/items/563487/?asn=fhdn&asn-ref=alloutdooradventures&ref=alloutdooradventures&bookable-only=yes&full-items=yes&marketplace=yes&flow=no,"<script src=""https://fareharbor.com/embeds/script/calendar/ladyoftheseaadventures/items/563487/?asn=fhdn&asn-ref=alloutdooradventures&ref=alloutdooradventures&bookable-only=yes&full-items=yes&marketplace=yes&flow=no""></script>",https://fareharbor.com/embeds/book/ladyoftheseaadventures/items/563487/?asn=fhdn&asn-ref=alloutdooradventures&ref=alloutdooradventures&bookable-only=yes&full-items=yes&marketplace=yes&flow=no,https://cdn.filestackcontent.com/qNenPP3TDqdoR1wa9gvj
"Into the Woods, LLC",intothewoods,hello@intothewoodsalaska.com,1 907-406-5651,United States/Alaska/Anchorage,,,402170,Chugach Front Range Adventure - 3 Day Youth Backpacking Trip,Eco Tour-Hiking-Transportation,3,37,0,https://fareharbor.com/embeds/calendar/intothewoods/items/402170/?asn=fhdn&asn-ref=alloutdooradventures&ref=alloutdooradventures&bookable-only=yes&full-items=yes&marketplace=yes&flow=no,"<script src=""https://fareharbor.com/embeds/script/calendar/intothewoods/items/402170/?asn=fhdn&asn-ref=alloutdooradventures&ref=alloutdooradventures&bookable-only=yes&full-items=yes&marketplace=yes&flow=no""></script>",https://fareharbor.com/embeds/book/intothewoods/items/402170/?asn=fhdn&asn-ref=alloutdooradventures&ref=alloutdooradventures&bookable-only=yes&full-items=yes&marketplace=yes&flow=no,https://cdn.filestackcontent.com/AHAJzv1TfC7lL2tyOL5Q
Denali Day Hikes,denalidayhikes,info@denalidayhikes.com,9715018642,United States/Alaska/Denali National Park and Preserve,-148.817622,63.566058,483077,Carlo Mountain Vista Hike,Hiking-Walking Tour,3,37,0,https://fareharbor.com/embeds/calendar/denalidayhikes/items/483077/?asn=fhdn&asn-ref=alloutdooradventures&ref=alloutdooradventures&bookable-only=yes&full-items=yes&marketplace=yes&flow=no,"<script src=""https://fareharbor.com/embeds/script/calendar/denalidayhikes/items/483077/?asn=fhdn&asn-ref=alloutdooradventures&ref=alloutdooradventures&bookable-only=yes&full-items=yes&marketplace=yes&flow=no""></script>",https://fareharbor.com/embeds/book/denalidayhikes/items/483077/?asn=fhdn&asn-ref=alloutdooradventures&ref=alloutdooradventures&bookable-only=yes&full-items=yes&marketplace=yes&flow=no,https://cdn.filestackcontent.com/eN5igWTrSAK6HbIAj3HQ
Kodiak Discovery Tours,kodiakdiscoverytours,info@kodiakdiscoverytours.com,907-942-3736,United States/Alaska/Kodiak,,,675363,Scenic Wildlife & Historic Waterfront Tour,Boat Tour-Eco Tour-Whale Watch-Wildlife,4,37,77,https://fareharbor.com/embeds/calendar/kodiakdiscoverytours/items/675363/?asn=fhdn&asn-ref=alloutdooradventures&ref=alloutdooradventures&bookable-only=yes&full-items=yes&marketplace=yes&flow=no,"<script src=""https://fareharbor.com/embeds/script/calendar/kodiakdiscoverytours/items/675363/?asn=fhdn&asn-ref=alloutdooradventures&ref=alloutdooradventures&bookable-only=yes&full-items=yes&marketplace=yes&flow=no""></script>",https://fareharbor.com/embeds/book/kodiakdiscoverytours/items/675363/?asn=fhdn&asn-ref=alloutdooradventures&ref=alloutdooradventures&bookable-only=yes&full-items=yes&marketplace=yes&flow=no,https://cdn.filestackcontent.com/nsnJRjr3Smys20c4x0jM
Three Moose Kayak Adventures,threemoose,threemoosekayaking@gmail.com,Three Moose Kaya,United States/Alaska/Homer,,,539616,Full Day Guided Glacier Lake Hike & Kayak,Eco Tour-Guided Tour-Hiking-Kayak-Water Activities,6,35,147,https://fareharbor.com/embeds/calendar/threemoose/items/539616/?asn=fhdn&asn-ref=alloutdooradventures&ref=alloutdooradventures&bookable-only=yes&full-items=yes&marketplace=yes&flow=no,"<script src=""https://fareharbor.com/embeds/script/calendar/threemoose/items/539616/?asn=fhdn&asn-ref=alloutdooradventures&ref=alloutdooradventures&bookable-only=yes&full-items=yes&marketplace=yes&flow=no""></script>",https://fareharbor.com/embeds/book/threemoose/items/539616/?asn=fhdn&asn-ref=alloutdooradventures&ref=alloutdooradventures&bookable-only=yes&full-items=yes&marketplace=yes&flow=no,https://cdn.filestackcontent.com/PqoGLn0RxubkZqTMFIcY
Bike Denali,bikedenali,bikedenalirentals@gmail.com,907-378-2107,United States/Alaska/Denali National Park and Preserve,,,670525,3 Day Bike Packing,Bike Tour,1,35,169,https://fareharbor.com/embeds/calendar/bikedenali/items/670525/?asn=fhdn&asn-ref=alloutdooradventures&ref=alloutdooradventures&bookable-only=yes&full-items=yes&marketplace=yes&flow=no,"<script src=""https://fareharbor.com/embeds/script/calendar/bikedenali/items/670525/?asn=fhdn&asn-ref=alloutdooradventures&ref=alloutdooradventures&bookable-only=yes&full-items=yes&marketplace=yes&flow=no""></script>",https://fareharbor.com/embeds/book/bikedenali/items/670525/?asn=fhdn&asn-ref=alloutdooradventures&ref=alloutdooradventures&bookable-only=yes&full-items=yes&marketplace=yes&flow=no,https://cdn.filestackcontent.com/guRLogYtRreJfPhxFINE
Bike Denali,bikedenali,bikedenalirentals@gmail.com,907-378-2107,United States/Alaska/Denali National Park and Preserve,,,670527,4 Day Bike Packing,Bike Tour,1,35,169,https://fareharbor.com/embeds/calendar/bikedenali/items/670527/?asn=fhdn&asn-ref=alloutdooradventures&ref=alloutdooradventures&bookable-only=yes&full-items=yes&marketplace=yes&flow=no,"<script src=""https://fareharbor.com/embeds/script/calendar/bikedenali/items/670527/?asn=fhdn&asn-ref=alloutdooradventures&ref=alloutdooradventures&bookable-only=yes&full-items=yes&marketplace=yes&flow=no""></script>",https://fareharbor.com/embeds/book/bikedenali/items/670527/?asn=fhdn&asn-ref=alloutdooradventures&ref=alloutdooradventures&bookable-only=yes&full-items=yes&marketplace=yes&flow=no,https://cdn.filestackcontent.com/EPbWMqSqQiuuXhcw56og
Alaska Trail Guides,alaskatrailguides,info@alaskatrailguides.com,907-317-5707,United States/Alaska/Anchorage,,,146716,Kenai Peninsula Mountain Bike Adventure,Bike Tour,1,33,0,https://fareharbor.com/embeds/calendar/alaskatrailguides/items/146716/?asn=fhdn&asn-ref=alloutdooradventures&ref=alloutdooradventures&bookable-only=yes&full-items=yes&marketplace=yes&flow=no,"<script src=""https://fareharbor.com/embeds/script/calendar/alaskatrailguides/items/146716/?asn=fhdn&asn-ref=alloutdooradventures&ref=alloutdooradventures&bookable-only=yes&full-items=yes&marketplace=yes&flow=no""></script>",https://fareharbor.com/embeds/book/alaskatrailguides/items/146716/?asn=fhdn&asn-ref=alloutdooradventures&ref=alloutdooradventures&bookable-only=yes&full-items=yes&marketplace=yes&flow=no,https://cdn.filestackcontent.com/TbJSVwO8QbWb0C6OUkBq
Denali Day Hikes,denalidayhikes,info@denalidayhikes.com,9715018642,United States/Alaska/Denali National Park and Preserve,-148.817622,63.566058,445154,Morning Mountain Hike,Hiking-Walking Tour,2,33,0,https://fareharbor.com/embeds/calendar/denalidayhikes/items/445154/?asn=fhdn&asn-ref=alloutdooradventures&ref=alloutdooradventures&bookable-only=yes&full-items=yes&marketplace=yes&flow=no,"<script src=""https://fareharbor.com/embeds/script/calendar/denalidayhikes/items/445154/?asn=fhdn&asn-ref=alloutdooradventures&ref=alloutdooradventures&bookable-only=yes&full-items=yes&marketplace=yes&flow=no""></script>",https://fareharbor.com/embeds/book/denalidayhikes/items/445154/?asn=fhdn&asn-ref=alloutdooradventures&ref=alloutdooradventures&bookable-only=yes&full-items=yes&marketplace=yes&flow=no,https://cdn.filestackcontent.com/pWAN9MGlQLOXIDTuXe9M
"Into the Woods, LLC",intothewoods,hello@intothewoodsalaska.com,1 907-406-5651,United States/Alaska/Anchorage,,,547955,Anchors and Rappelling 101: Women’s Climbing Clinic,Climbing-Ropes Course,2,33,0,https://fareharbor.com/embeds/calendar/intothewoods/items/547955/?asn=fhdn&asn-ref=alloutdooradventures&ref=alloutdooradventures&bookable-only=yes&full-items=yes&marketplace=yes&flow=no,"<script src=""https://fareharbor.com/embeds/script/calendar/intothewoods/items/547955/?asn=fhdn&asn-ref=alloutdooradventures&ref=alloutdooradventures&bookable-only=yes&full-items=yes&marketplace=yes&flow=no""></script>",https://fareharbor.com/embeds/book/intothewoods/items/547955/?asn=fhdn&asn-ref=alloutdooradventures&ref=alloutdooradventures&bookable-only=yes&full-items=yes&marketplace=yes&flow=no,https://cdn.filestackcontent.com/xWh87sfXSN6Lnuhrfoz5
Real Alaska Outdoors,rlakoutdoors,davis@rlakoutdoors.com,(907) 744-2904,United States/Alaska/Anchorage,,,549894,All Inclusive Castle Turned B&B (2 Night),Hiking,4,31,0,https://fareharbor.com/embeds/calendar/rlakoutdoors/items/549894/?asn=fhdn&asn-ref=alloutdooradventures&ref=alloutdooradventures&bookable-only=yes&full-items=yes&marketplace=yes&flow=no,"<script src=""https://fareharbor.com/embeds/script/calendar/rlakoutdoors/items/549894/?asn=fhdn&asn-ref=alloutdooradventures&ref=alloutdooradventures&bookable-only=yes&full-items=yes&marketplace=yes&flow=no""></script>",https://fareharbor.com/embeds/book/rlakoutdoors/items/549894/?asn=fhdn&asn-ref=alloutdooradventures&ref=alloutdooradventures&bookable-only=yes&full-items=yes&marketplace=yes&flow=no,https://cdn.filestackcontent.com/lSjOezpbQDuyE7QUIxsX
Wild Fjord,wildfjord,info@wildfjordtours.com,907-268-6553,United States/Alaska/Seward,,,680890,Kenai Fjords National Park Public Tour,Eco Tour,1,30,98,https://fareharbor.com/embeds/calendar/wildfjord/items/680890/?asn=fhdn&asn-ref=alloutdooradventures&ref=alloutdooradventures&bookable-only=yes&full-items=yes&marketplace=yes&flow=no,"<script src=""https://fareharbor.com/embeds/script/calendar/wildfjord/items/680890/?asn=fhdn&asn-ref=alloutdooradventures&ref=alloutdooradventures&bookable-only=yes&full-items=yes&marketplace=yes&flow=no""></script>",https://fareharbor.com/embeds/book/wildfjord/items/680890/?asn=fhdn&asn-ref=alloutdooradventures&ref=alloutdooradventures&bookable-only=yes&full-items=yes&marketplace=yes&flow=no,https://cdn.filestackcontent.com/0YAh3HeT1q18l2kaHQQj
Mako's Water Taxi,makoswatertax,makoswatertaxi@gmail.com,907-235-9055,United States/Alaska/Homer,,,629556,Glacier Lake Trail,Hiking,1,29,0,https://fareharbor.com/embeds/calendar/makoswatertax/items/629556/?asn=fhdn&asn-ref=alloutdooradventures&ref=alloutdooradventures&bookable-only=yes&full-items=yes&marketplace=yes&flow=no,"<script src=""https://fareharbor.com/embeds/script/calendar/makoswatertax/items/629556/?asn=fhdn&asn-ref=alloutdooradventures&ref=alloutdooradventures&bookable-only=yes&full-items=yes&marketplace=yes&flow=no""></script>",https://fareharbor.com/embeds/book/makoswatertax/items/629556/?asn=fhdn&asn-ref=alloutdooradventures&ref=alloutdooradventures&bookable-only=yes&full-items=yes&marketplace=yes&flow=no,https://cdn.filestackcontent.com/5S3GEEzLQheMegYYfJJI
Wild Fjord,wildfjord,info@wildfjordtours.com,907-268-6553,United States/Alaska/Seward,,,680921,Extended Kenai Fjords National Park Private Tour,Eco Tour,1,29,98,https://fareharbor.com/embeds/calendar/wildfjord/items/680921/?asn=fhdn&asn-ref=alloutdooradventures&ref=alloutdooradventures&bookable-only=yes&full-items=yes&marketplace=yes&flow=no,"<script src=""https://fareharbor.com/embeds/script/calendar/wildfjord/items/680921/?asn=fhdn&asn-ref=alloutdooradventures&ref=alloutdooradventures&bookable-only=yes&full-items=yes&marketplace=yes&flow=no""></script>",https://fareharbor.com/embeds/book/wildfjord/items/680921/?asn=fhdn&asn-ref=alloutdooradventures&ref=alloutdooradventures&bookable-only=yes&full-items=yes&marketplace=yes&flow=no,https://cdn.filestackcontent.com/PotZ8hMJR3GzykZuKEvJ
Wild Fjord,wildfjord,info@wildfjordtours.com,907-268-6553,United States/Alaska/Seward,,,680922,Resurrection Bay Public Tour,Eco Tour,1,29,227,https://fareharbor.com/embeds/calendar/wildfjord/items/680922/?asn=fhdn&asn-ref=alloutdooradventures&ref=alloutdooradventures&bookable-only=yes&full-items=yes&marketplace=yes&flow=no,"<script src=""https://fareharbor.com/embeds/script/calendar/wildfjord/items/680922/?asn=fhdn&asn-ref=alloutdooradventures&ref=alloutdooradventures&bookable-only=yes&full-items=yes&marketplace=yes&flow=no""></script>",https://fareharbor.com/embeds/book/wildfjord/items/680922/?asn=fhdn&asn-ref=alloutdooradventures&ref=alloutdooradventures&bookable-only=yes&full-items=yes&marketplace=yes&flow=no,https://cdn.filestackcontent.com/LgSggtw5Rc2YOS78B5l9
Denali Adventure Tours,denaliadventure,denaliadventure@gmail.com,(907)-683-3500,United States/Alaska/Denali National Park and Preserve,-148.898349,63.746309,25335,Backcountry Walking Tour,Hiking,1,28,296,https://fareharbor.com/embeds/calendar/denaliadventure/items/25335/?asn=fhdn&asn-ref=alloutdooradventures&ref=alloutdooradventures&bookable-only=yes&full-items=yes&marketplace=yes&flow=no,"<script src=""https://fareharbor.com/embeds/script/calendar/denaliadventure/items/25335/?asn=fhdn&asn-ref=alloutdooradventures&ref=alloutdooradventures&bookable-only=yes&full-items=yes&marketplace=yes&flow=no""></script>",https://fareharbor.com/embeds/book/denaliadventure/items/25335/?asn=fhdn&asn-ref=alloutdooradventures&ref=alloutdooradventures&bookable-only=yes&full-items=yes&marketplace=yes&flow=no,https://www.filepicker.io/api/file/RqGHw6MlTxm9Ih5CQNMN
Wild Bear Safari,wildbearsafari,luke@wildbearsafari.com,907-612-0959,United States/Alaska/Hoonah,,,375702,Guided Passenger Van Wild Life and Bear Viewing Tour,Hiking,1,28,150,https://fareharbor.com/embeds/calendar/wildbearsafari/items/375702/?asn=fhdn&asn-ref=alloutdooradventures&ref=alloutdooradventures&bookable-only=yes&full-items=yes&marketplace=yes&flow=no,"<script src=""https://fareharbor.com/embeds/script/calendar/wildbearsafari/items/375702/?asn=fhdn&asn-ref=alloutdooradventures&ref=alloutdooradventures&bookable-only=yes&full-items=yes&marketplace=yes&flow=no""></script>",https://fareharbor.com/embeds/book/wildbearsafari/items/375702/?asn=fhdn&asn-ref=alloutdooradventures&ref=alloutdooradventures&bookable-only=yes&full-items=yes&marketplace=yes&flow=no,https://cdn.filestackcontent.com/GZSy7YqRAyjwBh5A8RGi
Alaska Charters and Adventures,alaskaupclose,info@breakawayadventures.com,9073050357,United States/Alaska/Wrangell,,,673803,3-Day Wildlife Adventure,Hiking,1,28,0,https://fareharbor.com/embeds/calendar/alaskaupclose/items/673803/?asn=fhdn&asn-ref=alloutdooradventures&ref=alloutdooradventures&bookable-only=yes&full-items=yes&marketplace=yes&flow=no,"<script src=""https://fareharbor.com/embeds/script/calendar/alaskaupclose/items/673803/?asn=fhdn&asn-ref=alloutdooradventures&ref=alloutdooradventures&bookable-only=yes&full-items=yes&marketplace=yes&flow=no""></script>",https://fareharbor.com/embeds/book/alaskaupclose/items/673803/?asn=fhdn&asn-ref=alloutdooradventures&ref=alloutdooradventures&bookable-only=yes&full-items=yes&marketplace=yes&flow=no,https://cdn.filestackcontent.com/NLG5zw0GQNmBIRCIAngf
Wild Fjord,wildfjord,info@wildfjordtours.com,907-268-6553,United States/Alaska/Seward,,,680920,Kenai Fjords National Park Private Tour,Eco Tour,1,28,98,https://fareharbor.com/embeds/calendar/wildfjord/items/680920/?asn=fhdn&asn-ref=alloutdooradventures&ref=alloutdooradventures&bookable-only=yes&full-items=yes&marketplace=yes&flow=no,"<script src=""https://fareharbor.com/embeds/script/calendar/wildfjord/items/680920/?asn=fhdn&asn-ref=alloutdooradventures&ref=alloutdooradventures&bookable-only=yes&full-items=yes&marketplace=yes&flow=no""></script>",https://fareharbor.com/embeds/book/wildfjord/items/680920/?asn=fhdn&asn-ref=alloutdooradventures&ref=alloutdooradventures&bookable-only=yes&full-items=yes&marketplace=yes&flow=no,https://cdn.filestackcontent.com/DNCkmtkQ02ddDwprua2v
Wild Fjord,wildfjord,info@wildfjordtours.com,907-268-6553,United States/Alaska/Seward,,,680923,Resurrection Bay Private Tour,Eco Tour,1,28,227,https://fareharbor.com/embeds/calendar/wildfjord/items/680923/?asn=fhdn&asn-ref=alloutdooradventures&ref=alloutdooradventures&bookable-only=yes&full-items=yes&marketplace=yes&flow=no,"<script src=""https://fareharbor.com/embeds/script/calendar/wildfjord/items/680923/?asn=fhdn&asn-ref=alloutdooradventures&ref=alloutdooradventures&bookable-only=yes&full-items=yes&marketplace=yes&flow=no""></script>",https://fareharbor.com/embeds/book/wildfjord/items/680923/?asn=fhdn&asn-ref=alloutdooradventures&ref=alloutdooradventures&bookable-only=yes&full-items=yes&marketplace=yes&flow=no,https://cdn.filestackcontent.com/HvPJCjT5qtADWV4nS7Ew
Real Alaska Outdoors,rlakoutdoors,davis@rlakoutdoors.com,(907) 744-2904,United States/Alaska/Anchorage,,,550028,All Inclusive Castle Turned B&B (3 Night),Hiking,3,27,0,https://fareharbor.com/embeds/calendar/rlakoutdoors/items/550028/?asn=fhdn&asn-ref=alloutdooradventures&ref=alloutdooradventures&bookable-only=yes&full-items=yes&marketplace=yes&flow=no,"<script src=""https://fareharbor.com/embeds/script/calendar/rlakoutdoors/items/550028/?asn=fhdn&asn-ref=alloutdooradventures&ref=alloutdooradventures&bookable-only=yes&full-items=yes&marketplace=yes&flow=no""></script>",https://fareharbor.com/embeds/book/rlakoutdoors/items/550028/?asn=fhdn&asn-ref=alloutdooradventures&ref=alloutdooradventures&bookable-only=yes&full-items=yes&marketplace=yes&flow=no,https://cdn.filestackcontent.com/XmpDuZ0jSL6dGG2HTBWt
Twin Rivers Alaska LLC,twinriversak,cliff@twinriversak.com,1 913 620 7780,United States/Alaska/Homer,,,617682,Hiking Tour,Hiking,1,26,0,https://fareharbor.com/embeds/calendar/twinriversak/items/617682/?asn=fhdn&asn-ref=alloutdooradventures&ref=alloutdooradventures&bookable-only=yes&full-items=yes&marketplace=yes&flow=no,"<script src=""https://fareharbor.com/embeds/script/calendar/twinriversak/items/617682/?asn=fhdn&asn-ref=alloutdooradventures&ref=alloutdooradventures&bookable-only=yes&full-items=yes&marketplace=yes&flow=no""></script>",https://fareharbor.com/embeds/book/twinriversak/items/617682/?asn=fhdn&asn-ref=alloutdooradventures&ref=alloutdooradventures&bookable-only=yes&full-items=yes&marketplace=yes&flow=no,https://cdn.filestackcontent.com/GZjSLAbRShibdxc8rjPr
Alaska & Yukon Tours,alaskayukontours,info@bookayt.net,+1 907-531-9140,United States/Alaska/Juneau,,,391823,Matanuska Glacier with Guide (from Anchorage),Hiking-Photography Tour-Transportation-Walking Tour,3,24,0,https://fareharbor.com/embeds/calendar/alaskayukontours/items/391823/?asn=fhdn&asn-ref=alloutdooradventures&ref=alloutdooradventures&bookable-only=yes&full-items=yes&marketplace=yes&flow=no,"<script src=""https://fareharbor.com/embeds/script/calendar/alaskayukontours/items/391823/?asn=fhdn&asn-ref=alloutdooradventures&ref=alloutdooradventures&bookable-only=yes&full-items=yes&marketplace=yes&flow=no""></script>",https://fareharbor.com/embeds/book/alaskayukontours/items/391823/?asn=fhdn&asn-ref=alloutdooradventures&ref=alloutdooradventures&bookable-only=yes&full-items=yes&marketplace=yes&flow=no,https://cdn.filestackcontent.com/kMoza1RhmN6ffBMUFZ4Q
Real Alaska Outdoors,rlakoutdoors,davis@rlakoutdoors.com,(907) 744-2904,United States/Alaska/Anchorage,,,549888,All-inclusive Kenai Lake Glamping (2 Night),Hiking,1,19,0,https://fareharbor.com/embeds/calendar/rlakoutdoors/items/549888/?asn=fhdn&asn-ref=alloutdooradventures&ref=alloutdooradventures&bookable-only=yes&full-items=yes&marketplace=yes&flow=no,"<script src=""https://fareharbor.com/embeds/script/calendar/rlakoutdoors/items/549888/?asn=fhdn&asn-ref=alloutdooradventures&ref=alloutdooradventures&bookable-only=yes&full-items=yes&marketplace=yes&flow=no""></script>",https://fareharbor.com/embeds/book/rlakoutdoors/items/549888/?asn=fhdn&asn-ref=alloutdooradventures&ref=alloutdooradventures&bookable-only=yes&full-items=yes&marketplace=yes&flow=no,https://cdn.filestackcontent.com/h8TJ10SY6AswyJ4ypwvg
Real Alaska Outdoors,rlakoutdoors,davis@rlakoutdoors.com,(907) 744-2904,United States/Alaska/Anchorage,,,549896,All-inclusive Kenai Lake Glamping (3 Night),Hiking,1,19,0,https://fareharbor.com/embeds/calendar/rlakoutdoors/items/549896/?asn=fhdn&asn-ref=alloutdooradventures&ref=alloutdooradventures&bookable-only=yes&full-items=yes&marketplace=yes&flow=no,"<script src=""https://fareharbor.com/embeds/script/calendar/rlakoutdoors/items/549896/?asn=fhdn&asn-ref=alloutdooradventures&ref=alloutdooradventures&bookable-only=yes&full-items=yes&marketplace=yes&flow=no""></script>",https://fareharbor.com/embeds/book/rlakoutdoors/items/549896/?asn=fhdn&asn-ref=alloutdooradventures&ref=alloutdooradventures&bookable-only=yes&full-items=yes&marketplace=yes&flow=no,https://cdn.filestackcontent.com/k6Zh7yzFRniBLGthoj8M
Real Alaska Outdoors,rlakoutdoors,davis@rlakoutdoors.com,(907) 744-2904,United States/Alaska/Anchorage,,,549897,All-inclusive Hatcher Pass Glamping (2 Night),Hiking,1,19,0,https://fareharbor.com/embeds/calendar/rlakoutdoors/items/549897/?asn=fhdn&asn-ref=alloutdooradventures&ref=alloutdooradventures&bookable-only=yes&full-items=yes&marketplace=yes&flow=no,"<script src=""https://fareharbor.com/embeds/script/calendar/rlakoutdoors/items/549897/?asn=fhdn&asn-ref=alloutdooradventures&ref=alloutdooradventures&bookable-only=yes&full-items=yes&marketplace=yes&flow=no""></script>",https://fareharbor.com/embeds/book/rlakoutdoors/items/549897/?asn=fhdn&asn-ref=alloutdooradventures&ref=alloutdooradventures&bookable-only=yes&full-items=yes&marketplace=yes&flow=no,https://cdn.filestackcontent.com/14nGG3xvTc6deKQXjhfU
Tongass Tides,tongasstides,wandrews907@gmail.com,9077234641,United States/Alaska/Juneau,,,625699,Private Boat Tour,Boat Tour,1,19,0,https://fareharbor.com/embeds/calendar/tongasstides/items/625699/?asn=fhdn&asn-ref=alloutdooradventures&ref=alloutdooradventures&bookable-only=yes&full-items=yes&marketplace=yes&flow=no,"<script src=""https://fareharbor.com/embeds/script/calendar/tongasstides/items/625699/?asn=fhdn&asn-ref=alloutdooradventures&ref=alloutdooradventures&bookable-only=yes&full-items=yes&marketplace=yes&flow=no""></script>",https://fareharbor.com/embeds/book/tongasstides/items/625699/?asn=fhdn&asn-ref=alloutdooradventures&ref=alloutdooradventures&bookable-only=yes&full-items=yes&marketplace=yes&flow=no,https://cdn.filestackcontent.com/m6iAWuWIRTK21fLeowfm
Real Alaska Outdoors,rlakoutdoors,davis@rlakoutdoors.com,(907) 744-2904,United States/Alaska/Anchorage,,,549877,Historic Hatcher Pass,Hiking,1,18,0,https://fareharbor.com/embeds/calendar/rlakoutdoors/items/549877/?asn=fhdn&asn-ref=alloutdooradventures&ref=alloutdooradventures&bookable-only=yes&full-items=yes&marketplace=yes&flow=no,"<script src=""https://fareharbor.com/embeds/script/calendar/rlakoutdoors/items/549877/?asn=fhdn&asn-ref=alloutdooradventures&ref=alloutdooradventures&bookable-only=yes&full-items=yes&marketplace=yes&flow=no""></script>",https://fareharbor.com/embeds/book/rlakoutdoors/items/549877/?asn=fhdn&asn-ref=alloutdooradventures&ref=alloutdooradventures&bookable-only=yes&full-items=yes&marketplace=yes&flow=no,https://cdn.filestackcontent.com/kxjWrRF1TYOWq1LDivFG
Real Alaska Outdoors,rlakoutdoors,davis@rlakoutdoors.com,(907) 744-2904,United States/Alaska/Anchorage,,,549882,Anchorage Hike and Bite,Hiking,1,18,0,https://fareharbor.com/embeds/calendar/rlakoutdoors/items/549882/?asn=fhdn&asn-ref=alloutdooradventures&ref=alloutdooradventures&bookable-only=yes&full-items=yes&marketplace=yes&flow=no,"<script src=""https://fareharbor.com/embeds/script/calendar/rlakoutdoors/items/549882/?asn=fhdn&asn-ref=alloutdooradventures&ref=alloutdooradventures&bookable-only=yes&full-items=yes&marketplace=yes&flow=no""></script>",https://fareharbor.com/embeds/book/rlakoutdoors/items/549882/?asn=fhdn&asn-ref=alloutdooradventures&ref=alloutdooradventures&bookable-only=yes&full-items=yes&marketplace=yes&flow=no,https://cdn.filestackcontent.com/FwXrlgazQgqIojnmL9YH
Real Alaska Outdoors,rlakoutdoors,davis@rlakoutdoors.com,(907) 744-2904,United States/Alaska/Anchorage,,,549891,All-inclusive Hatcher Pass Glamping (3 Night),Hiking,1,18,0,https://fareharbor.com/embeds/calendar/rlakoutdoors/items/549891/?asn=fhdn&asn-ref=alloutdooradventures&ref=alloutdooradventures&bookable-only=yes&full-items=yes&marketplace=yes&flow=no,"<script src=""https://fareharbor.com/embeds/script/calendar/rlakoutdoors/items/549891/?asn=fhdn&asn-ref=alloutdooradventures&ref=alloutdooradventures&bookable-only=yes&full-items=yes&marketplace=yes&flow=no""></script>",https://fareharbor.com/embeds/book/rlakoutdoors/items/549891/?asn=fhdn&asn-ref=alloutdooradventures&ref=alloutdooradventures&bookable-only=yes&full-items=yes&marketplace=yes&flow=no,https://cdn.filestackcontent.com/FBWJ5qNNTs6039Eeel3r
Alaska Horizon Adventure,akhorizon,ddwang16@gmail.com,(612) 812-5393,United States/Alaska/Anchorage,,,702453,All Day Matanuska Glacier Hike from Anchorage,Hiking,1,0,180,https://fareharbor.com/embeds/calendar/akhorizon/items/702453/?asn=fhdn&asn-ref=alloutdooradventures&ref=alloutdooradventures&bookable-only=yes&full-items=yes&marketplace=yes&flow=no,"<script src=""https://fareharbor.com/embeds/script/calendar/akhorizon/items/702453/?asn=fhdn&asn-ref=alloutdooradventures&ref=alloutdooradventures&bookable-only=yes&full-items=yes&marketplace=yes&flow=no""></script>",https://fareharbor.com/embeds/book/akhorizon/items/702453/?asn=fhdn&asn-ref=alloutdooradventures&ref=alloutdooradventures&bookable-only=yes&full-items=yes&marketplace=yes&flow=no,https://cdn.filestackcontent.com/OHQit7fRXiWRO6iP14rQ
Alaska Horizon Adventure,akhorizon,ddwang16@gmail.com,(612) 812-5393,United States/Alaska/Anchorage,,,702520,Knik Glacier Off Roading and Hiking,Hiking,1,0,42,https://fareharbor.com/embeds/calendar/akhorizon/items/702520/?asn=fhdn&asn-ref=alloutdooradventures&ref=alloutdooradventures&bookable-only=yes&full-items=yes&marketplace=yes&flow=no,"<script src=""https://fareharbor.com/embeds/script/calendar/akhorizon/items/702520/?asn=fhdn&asn-ref=alloutdooradventures&ref=alloutdooradventures&bookable-only=yes&full-items=yes&marketplace=yes&flow=no""></script>",https://fareharbor.com/embeds/book/akhorizon/items/702520/?asn=fhdn&asn-ref=alloutdooradventures&ref=alloutdooradventures&bookable-only=yes&full-items=yes&marketplace=yes&flow=no,https://cdn.filestackcontent.com/BPDvqvEoRkGgzCOG992g
Alaska Horizon Adventure,akhorizon,ddwang16@gmail.com,(612) 812-5393,United States/Alaska/Anchorage,,,702523,Seward to Anchorage transfer with National Park hike and AWCC,Hiking,1,0,180,https://fareharbor.com/embeds/calendar/akhorizon/items/702523/?asn=fhdn&asn-ref=alloutdooradventures&ref=alloutdooradventures&bookable-only=yes&full-items=yes&marketplace=yes&flow=no,"<script src=""https://fareharbor.com/embeds/script/calendar/akhorizon/items/702523/?asn=fhdn&asn-ref=alloutdooradventures&ref=alloutdooradventures&bookable-only=yes&full-items=yes&marketplace=yes&flow=no""></script>",https://fareharbor.com/embeds/book/akhorizon/items/702523/?asn=fhdn&asn-ref=alloutdooradventures&ref=alloutdooradventures&bookable-only=yes&full-items=yes&marketplace=yes&flow=no,https://cdn.filestackcontent.com/LvGrYidwRIgqGOrozWsg
