company_name,company_shortname,company_email,company_phone,location,location_lat,location_long,item_id,item_name,tags,image_count,quality_score,availability_count,calendar_link,calendar_script,regular_link,image_url
PortCity Bike Tours,portcitybiketours,hello@portcitybiketours.com,1-603-380-6524,United States/New Hampshire/Portsmouth,-70.760322,43.075203,26124,New Hampshire Coastal and Seaside Villages eBike Tour - Explore The 19 Mile Coastline,Bike Tour-Castle,6,100,117,https://fareharbor.com/embeds/calendar/portcitybiketours/items/26124/?asn=fhdn&asn-ref=alloutdooradventures&ref=alloutdooradventures&bookable-only=yes&full-items=yes&marketplace=yes&flow=no,"<script src=""https://fareharbor.com/embeds/script/calendar/portcitybiketours/items/26124/?asn=fhdn&asn-ref=alloutdooradventures&ref=alloutdooradventures&bookable-only=yes&full-items=yes&marketplace=yes&flow=no""></script>",https://fareharbor.com/embeds/book/portcitybiketours/items/26124/?asn=fhdn&asn-ref=alloutdooradventures&ref=alloutdooradventures&bookable-only=yes&full-items=yes&marketplace=yes&flow=no,https://cdn.filestackcontent.com/7T1Q94ARQed6omGfswME
PortCity Bike Tours,portcitybiketours,hello@portcitybiketours.com,1-603-380-6524,United States/New Hampshire/Portsmouth,-70.760322,43.075203,26125,Nature Bike Tour -  NH Greenway Rail Trail,Bike Tour-Boat Tour,7,100,59,https://fareharbor.com/embeds/calendar/portcitybiketours/items/26125/?asn=fhdn&asn-ref=alloutdooradventures&ref=alloutdooradventures&bookable-only=yes&full-items=yes&marketplace=yes&flow=no,"<script src=""https://fareharbor.com/embeds/script/calendar/portcitybiketours/items/26125/?asn=fhdn&asn-ref=alloutdooradventures&ref=alloutdooradventures&bookable-only=yes&full-items=yes&marketplace=yes&flow=no""></script>",https://fareharbor.com/embeds/book/portcitybiketours/items/26125/?asn=fhdn&asn-ref=alloutdooradventures&ref=alloutdooradventures&bookable-only=yes&full-items=yes&marketplace=yes&flow=no,https://cdn.filestackcontent.com/kl0IFsbuSBiqArw6msAi
PortCity Bike Tours,portcitybiketours,hello@portcitybiketours.com,1-603-380-6524,United States/New Hampshire/Portsmouth,-70.760322,43.075203,26123,Islands & Harbor Sightseeing Bike Tour - Explore the Must-See Sites,Bike Tour-Boat Tour-Brewery-Castle-City Tour-History Tour-Museum,9,99,215,https://fareharbor.com/embeds/calendar/portcitybiketours/items/26123/?asn=fhdn&asn-ref=alloutdooradventures&ref=alloutdooradventures&bookable-only=yes&full-items=yes&marketplace=yes&flow=no,"<script src=""https://fareharbor.com/embeds/script/calendar/portcitybiketours/items/26123/?asn=fhdn&asn-ref=alloutdooradventures&ref=alloutdooradventures&bookable-only=yes&full-items=yes&marketplace=yes&flow=no""></script>",https://fareharbor.com/embeds/book/portcitybiketours/items/26123/?asn=fhdn&asn-ref=alloutdooradventures&ref=alloutdooradventures&bookable-only=yes&full-items=yes&marketplace=yes&flow=no,https://cdn.filestackcontent.com/TVVPrBBWTlSGCnOqctuZ
PortCity Bike Tours,portcitybiketours,hello@portcitybiketours.com,1-603-380-6524,United States/New Hampshire/Portsmouth,-70.760322,43.075203,91868,"Private and Custom Bike Tour | Historic, Scenic & Coastal Tour |",Bike Tour-City Tour-History Tour-Private,10,98,221,https://fareharbor.com/embeds/calendar/portcitybiketours/items/91868/?asn=fhdn&asn-ref=alloutdooradventures&ref=alloutdooradventures&bookable-only=yes&full-items=yes&marketplace=yes&flow=no,"<script src=""https://fareharbor.com/embeds/script/calendar/portcitybiketours/items/91868/?asn=fhdn&asn-ref=alloutdooradventures&ref=alloutdooradventures&bookable-only=yes&full-items=yes&marketplace=yes&flow=no""></script>",https://fareharbor.com/embeds/book/portcitybiketours/items/91868/?asn=fhdn&asn-ref=alloutdooradventures&ref=alloutdooradventures&bookable-only=yes&full-items=yes&marketplace=yes&flow=no,https://cdn.filestackcontent.com/2T6hq5URtGv4vqhsBStu
Aventures Nord-Bec,pourvoirielacbeauport,info@aventuresnordbec.com,4189537073,Canada/Québec/Stoneham-et-Tewkesbury,,,702105,Tour Helicóptère,Air Activities-Airplane-Air Tour-Eco Tour-Environmental Attraction-Escape Room-Guided Tour-Sightseeing Tour-Wildlife-Winter Activities,6,98,2880,https://fareharbor.com/embeds/calendar/pourvoirielacbeauport/items/702105/?asn=fhdn-cad&asn-ref=alloutdooradventures&ref=alloutdooradventures&bookable-only=yes&full-items=yes&marketplace=yes&flow=no,"<script src=""https://fareharbor.com/embeds/script/calendar/pourvoirielacbeauport/items/702105/?asn=fhdn-cad&asn-ref=alloutdooradventures&ref=alloutdooradventures&bookable-only=yes&full-items=yes&marketplace=yes&flow=no""></script>",https://fareharbor.com/embeds/book/pourvoirielacbeauport/items/702105/?asn=fhdn-cad&asn-ref=alloutdooradventures&ref=alloutdooradventures&bookable-only=yes&full-items=yes&marketplace=yes&flow=no,https://cdn.filestackcontent.com/r8Vko6btRvCT5fat1GAs
Liquid Alaska Tours,mendenhallicecaves,reservations@liquidalaskatours.com,1-800-892-5504,United States/Alaska/Juneau,-106.534838,38.794595,116148,Mendenhall Lake Canoe Tour,Canoe-Transportation,7,95,197,https://fareharbor.com/embeds/calendar/mendenhallicecaves/items/116148/?asn=fhdn&asn-ref=alloutdooradventures&ref=alloutdooradventures&bookable-only=yes&full-items=yes&marketplace=yes&flow=no,"<script src=""https://fareharbor.com/embeds/script/calendar/mendenhallicecaves/items/116148/?asn=fhdn&asn-ref=alloutdooradventures&ref=alloutdooradventures&bookable-only=yes&full-items=yes&marketplace=yes&flow=no""></script>",https://fareharbor.com/embeds/book/mendenhallicecaves/items/116148/?asn=fhdn&asn-ref=alloutdooradventures&ref=alloutdooradventures&bookable-only=yes&full-items=yes&marketplace=yes&flow=no,https://cdn.filestackcontent.com/suSeEYmBTUGUBYvqCBqJ
Adventure Ketchikan Tours,ak-tours,shoreex@ak-tours.com,907-228-2327,United States/Alaska/Ketchikan,,,280073,Hovercraft Eco Adventures,Eco Tour,8,95,36,https://fareharbor.com/embeds/calendar/ak-tours/items/280073/?asn=fhdn&asn-ref=alloutdooradventures&ref=alloutdooradventures&bookable-only=yes&full-items=yes&marketplace=yes&flow=no,"<script src=""https://fareharbor.com/embeds/script/calendar/ak-tours/items/280073/?asn=fhdn&asn-ref=alloutdooradventures&ref=alloutdooradventures&bookable-only=yes&full-items=yes&marketplace=yes&flow=no""></script>",https://fareharbor.com/embeds/book/ak-tours/items/280073/?asn=fhdn&asn-ref=alloutdooradventures&ref=alloutdooradventures&bookable-only=yes&full-items=yes&marketplace=yes&flow=no,https://cdn.filestackcontent.com/TYf4VPvTbey3s2VddgMI
Vancouver Hotel e-Bike Rentals,hotelebikerentals,info@hotelebikerentals.com,778-761-3987,Canada/British Columbia/Vancouver,-123.141684,49.20576,612500,(Guided) 4-Hr E-Bike Tour of Vancouver Seawall - JW Marriott,Bike Tour,6,95,154,https://fareharbor.com/embeds/calendar/hotelebikerentals/items/612500/?asn=fhdn-cad&asn-ref=alloutdooradventures&ref=alloutdooradventures&bookable-only=yes&full-items=yes&marketplace=yes&flow=no,"<script src=""https://fareharbor.com/embeds/script/calendar/hotelebikerentals/items/612500/?asn=fhdn-cad&asn-ref=alloutdooradventures&ref=alloutdooradventures&bookable-only=yes&full-items=yes&marketplace=yes&flow=no""></script>",https://fareharbor.com/embeds/book/hotelebikerentals/items/612500/?asn=fhdn-cad&asn-ref=alloutdooradventures&ref=alloutdooradventures&bookable-only=yes&full-items=yes&marketplace=yes&flow=no,https://cdn.filestackcontent.com/YdWNYxgNR3G6Jif8Ce7f
PortCity Bike Tours,portcitybiketours,hello@portcitybiketours.com,1-603-380-6524,United States/New Hampshire/Portsmouth,-70.760322,43.075203,26441,Rentals (ebike or bike),Attraction-Bike Rental-Bike Tour-Boat Tour-Castle-City Tour-Photography Tour-River Tube-Self-Guided Tour-Sightseeing Tour,1,94,274,https://fareharbor.com/embeds/calendar/portcitybiketours/items/26441/?asn=fhdn&asn-ref=alloutdooradventures&ref=alloutdooradventures&bookable-only=yes&full-items=yes&marketplace=yes&flow=no,"<script src=""https://fareharbor.com/embeds/script/calendar/portcitybiketours/items/26441/?asn=fhdn&asn-ref=alloutdooradventures&ref=alloutdooradventures&bookable-only=yes&full-items=yes&marketplace=yes&flow=no""></script>",https://fareharbor.com/embeds/book/portcitybiketours/items/26441/?asn=fhdn&asn-ref=alloutdooradventures&ref=alloutdooradventures&bookable-only=yes&full-items=yes&marketplace=yes&flow=no,https://cdn.filestackcontent.com/aK354rnTISAc8mQZY4yg
Urban Adventours,urbanadventours,info@urbanadventours.com,617-670-0637,United States/Massachusetts/Boston,-71.052458,42.361622,27344,City View Tour,Bike Tour,10,93,323,https://fareharbor.com/embeds/calendar/urbanadventours/items/27344/?asn=fhdn&asn-ref=alloutdooradventures&ref=alloutdooradventures&bookable-only=yes&full-items=yes&marketplace=yes&flow=no,"<script src=""https://fareharbor.com/embeds/script/calendar/urbanadventours/items/27344/?asn=fhdn&asn-ref=alloutdooradventures&ref=alloutdooradventures&bookable-only=yes&full-items=yes&marketplace=yes&flow=no""></script>",https://fareharbor.com/embeds/book/urbanadventours/items/27344/?asn=fhdn&asn-ref=alloutdooradventures&ref=alloutdooradventures&bookable-only=yes&full-items=yes&marketplace=yes&flow=no,https://cdn.filestackcontent.com/hAKWi2O2TbK3B7ZIGUQU
Urban Adventours,urbanadventours,info@urbanadventours.com,617-670-0637,United States/Massachusetts/Boston,,,27347,Tour de Cambridge,Bike Tour,7,92,320,https://fareharbor.com/embeds/calendar/urbanadventours/items/27347/?asn=fhdn&asn-ref=alloutdooradventures&ref=alloutdooradventures&bookable-only=yes&full-items=yes&marketplace=yes&flow=no,"<script src=""https://fareharbor.com/embeds/script/calendar/urbanadventours/items/27347/?asn=fhdn&asn-ref=alloutdooradventures&ref=alloutdooradventures&bookable-only=yes&full-items=yes&marketplace=yes&flow=no""></script>",https://fareharbor.com/embeds/book/urbanadventours/items/27347/?asn=fhdn&asn-ref=alloutdooradventures&ref=alloutdooradventures&bookable-only=yes&full-items=yes&marketplace=yes&flow=no,https://cdn.filestackcontent.com/k1KDLcr6QXr85URlsxHr
Cycle City Vancouver,cyclevancouver,bookings@cyclecitytours.com,1 604-618-8626,Canada/British Columbia/Vancouver,-123.119299,49.284162,356634,Epic Electric Bike Tour,Bike Rental-Bike Tour-City Tour-E-Bike,3,92,281,https://fareharbor.com/embeds/calendar/cyclevancouver/items/356634/?asn=fhdn-cad&asn-ref=alloutdooradventures&ref=alloutdooradventures&bookable-only=yes&full-items=yes&marketplace=yes&flow=no,"<script src=""https://fareharbor.com/embeds/script/calendar/cyclevancouver/items/356634/?asn=fhdn-cad&asn-ref=alloutdooradventures&ref=alloutdooradventures&bookable-only=yes&full-items=yes&marketplace=yes&flow=no""></script>",https://fareharbor.com/embeds/book/cyclevancouver/items/356634/?asn=fhdn-cad&asn-ref=alloutdooradventures&ref=alloutdooradventures&bookable-only=yes&full-items=yes&marketplace=yes&flow=no,https://cdn.filestackcontent.com/8Nb7FXoeSpCvcOFAOhye
Liquid Alaska Tours,mendenhallicecaves,reservations@liquidalaskatours.com,1-800-892-5504,United States/Alaska/Juneau,-106.534838,38.794595,23432,Mendenhall Glacier Ice Adventure Tour,Canoe-Hiking-Photography Tour-Transportation,5,91,198,https://fareharbor.com/embeds/calendar/mendenhallicecaves/items/23432/?asn=fhdn&asn-ref=alloutdooradventures&ref=alloutdooradventures&bookable-only=yes&full-items=yes&marketplace=yes&flow=no,"<script src=""https://fareharbor.com/embeds/script/calendar/mendenhallicecaves/items/23432/?asn=fhdn&asn-ref=alloutdooradventures&ref=alloutdooradventures&bookable-only=yes&full-items=yes&marketplace=yes&flow=no""></script>",https://fareharbor.com/embeds/book/mendenhallicecaves/items/23432/?asn=fhdn&asn-ref=alloutdooradventures&ref=alloutdooradventures&bookable-only=yes&full-items=yes&marketplace=yes&flow=no,https://cdn.filestackcontent.com/OS1pzmSTSeTVHt4bghZT
Urban Adventours,urbanadventours,info@urbanadventours.com,617-670-0637,United States/Massachusetts/Boston,,,27346,Tour de Boston,Bike Tour,6,91,322,https://fareharbor.com/embeds/calendar/urbanadventours/items/27346/?asn=fhdn&asn-ref=alloutdooradventures&ref=alloutdooradventures&bookable-only=yes&full-items=yes&marketplace=yes&flow=no,"<script src=""https://fareharbor.com/embeds/script/calendar/urbanadventours/items/27346/?asn=fhdn&asn-ref=alloutdooradventures&ref=alloutdooradventures&bookable-only=yes&full-items=yes&marketplace=yes&flow=no""></script>",https://fareharbor.com/embeds/book/urbanadventours/items/27346/?asn=fhdn&asn-ref=alloutdooradventures&ref=alloutdooradventures&bookable-only=yes&full-items=yes&marketplace=yes&flow=no,https://cdn.filestackcontent.com/U3Np3onfRd2SoBQpqvMy
Evergreen Escapes - Seattle,evergreenescapes-seattle,bookings@evergreenescapes.com,206-650-5795,United States/Washington/Seattle,-122.332848,47.606139,58652,Mt. Rainier National Park Day Tour,Hiking,7,91,0,https://fareharbor.com/embeds/calendar/evergreenescapes-seattle/items/58652/?asn=fhdn&asn-ref=alloutdooradventures&ref=alloutdooradventures&bookable-only=yes&full-items=yes&marketplace=yes&flow=no,"<script src=""https://fareharbor.com/embeds/script/calendar/evergreenescapes-seattle/items/58652/?asn=fhdn&asn-ref=alloutdooradventures&ref=alloutdooradventures&bookable-only=yes&full-items=yes&marketplace=yes&flow=no""></script>",https://fareharbor.com/embeds/book/evergreenescapes-seattle/items/58652/?asn=fhdn&asn-ref=alloutdooradventures&ref=alloutdooradventures&bookable-only=yes&full-items=yes&marketplace=yes&flow=no,https://cdn.filestackcontent.com/1GiibjOHRBWzOwEsgYEo
Evergreen Escapes - Seattle,evergreenescapes-seattle,bookings@evergreenescapes.com,206-650-5795,United States/Washington/Seattle,-122.332848,47.606139,58653,Olympic National Park Day Tour,Hiking,7,91,0,https://fareharbor.com/embeds/calendar/evergreenescapes-seattle/items/58653/?asn=fhdn&asn-ref=alloutdooradventures&ref=alloutdooradventures&bookable-only=yes&full-items=yes&marketplace=yes&flow=no,"<script src=""https://fareharbor.com/embeds/script/calendar/evergreenescapes-seattle/items/58653/?asn=fhdn&asn-ref=alloutdooradventures&ref=alloutdooradventures&bookable-only=yes&full-items=yes&marketplace=yes&flow=no""></script>",https://fareharbor.com/embeds/book/evergreenescapes-seattle/items/58653/?asn=fhdn&asn-ref=alloutdooradventures&ref=alloutdooradventures&bookable-only=yes&full-items=yes&marketplace=yes&flow=no,https://cdn.filestackcontent.com/h7g3G3ZsRgSJIbKesweC
Wildwood Adventures,wildwoodtours,info@wildwoodtours.com,503-396-3929,United States/Oregon/Portland,,,5235,Half Day Gorge Waterfalls Tour,Eco Tour,6,90,321,https://fareharbor.com/embeds/calendar/wildwoodtours/items/5235/?asn=fhdn&asn-ref=alloutdooradventures&ref=alloutdooradventures&bookable-only=yes&full-items=yes&marketplace=yes&flow=no,"<script src=""https://fareharbor.com/embeds/script/calendar/wildwoodtours/items/5235/?asn=fhdn&asn-ref=alloutdooradventures&ref=alloutdooradventures&bookable-only=yes&full-items=yes&marketplace=yes&flow=no""></script>",https://fareharbor.com/embeds/book/wildwoodtours/items/5235/?asn=fhdn&asn-ref=alloutdooradventures&ref=alloutdooradventures&bookable-only=yes&full-items=yes&marketplace=yes&flow=no,https://cdn.filestackcontent.com/9wdvz8rQCKYWzbjjJez4
Ebike Multnomah Falls,ebikemultnomahfalls,ebikemultnomahfalls@gmail.com,(541)-705-2438,United States/Oregon/Cascade Locks,,,341903,Multnomah Falls E-Bike Tour to Three Gorge Waterfalls (2 Hours),Bike Tour-E-Bike-Guided Tour-Self-Guided Tour,15,90,310,https://fareharbor.com/embeds/calendar/ebikemultnomahfalls/items/341903/?asn=fhdn&asn-ref=alloutdooradventures&ref=alloutdooradventures&bookable-only=yes&full-items=yes&marketplace=yes&flow=no,"<script src=""https://fareharbor.com/embeds/script/calendar/ebikemultnomahfalls/items/341903/?asn=fhdn&asn-ref=alloutdooradventures&ref=alloutdooradventures&bookable-only=yes&full-items=yes&marketplace=yes&flow=no""></script>",https://fareharbor.com/embeds/book/ebikemultnomahfalls/items/341903/?asn=fhdn&asn-ref=alloutdooradventures&ref=alloutdooradventures&bookable-only=yes&full-items=yes&marketplace=yes&flow=no,https://cdn.filestackcontent.com/w4pZH2syTQ6XMHr2FJD0
Olympic Outdoor Center,olympicoutdoorcenter,info@olympicoutdoorcenter.com,(360) 297-4659,United States/Washington/Port Gamble,-122.584235,47.855595,687138,Explorer Snowshoe Rental,Hiking-Winter Activities,5,89,449,https://fareharbor.com/embeds/calendar/olympicoutdoorcenter/items/687138/?asn=fhdn&asn-ref=alloutdooradventures&ref=alloutdooradventures&bookable-only=yes&full-items=yes&marketplace=yes&flow=no,"<script src=""https://fareharbor.com/embeds/script/calendar/olympicoutdoorcenter/items/687138/?asn=fhdn&asn-ref=alloutdooradventures&ref=alloutdooradventures&bookable-only=yes&full-items=yes&marketplace=yes&flow=no""></script>",https://fareharbor.com/embeds/book/olympicoutdoorcenter/items/687138/?asn=fhdn&asn-ref=alloutdooradventures&ref=alloutdooradventures&bookable-only=yes&full-items=yes&marketplace=yes&flow=no,https://cdn.filestackcontent.com/rhKuPY5Sd2MapwLhFM7C
Segway the Door,segwaythedoor,glidenew@gmail.com,(920) 376-0256,United States/Wisconsin/Fish Creek,,,3979,Baileys Harbor Lighthouse Segway/Hike Tour,Guided Tour-Hiking-Segway-Walking Tour,5,87,286,https://fareharbor.com/embeds/calendar/segwaythedoor/items/3979/?asn=fhdn&asn-ref=alloutdooradventures&ref=alloutdooradventures&bookable-only=yes&full-items=yes&marketplace=yes&flow=no,"<script src=""https://fareharbor.com/embeds/script/calendar/segwaythedoor/items/3979/?asn=fhdn&asn-ref=alloutdooradventures&ref=alloutdooradventures&bookable-only=yes&full-items=yes&marketplace=yes&flow=no""></script>",https://fareharbor.com/embeds/book/segwaythedoor/items/3979/?asn=fhdn&asn-ref=alloutdooradventures&ref=alloutdooradventures&bookable-only=yes&full-items=yes&marketplace=yes&flow=no,https://cdn.filestackcontent.com/wPOi99VpQYyZ53Ur4gvT
Fitz Montreal - Bike Tours,fitzandfollwell_montreal,info@fitzmontreal.com,+1(438) 792 6480,Canada/Québec/Montréal,-73.573042,45.52722,249105,"The Hidden Gems Bike Tour: Plateau, Mile-End & Jean-Talon Market",Air Activities-Attraction-Bike Tour-City Tour-E-Bike-Wellness-Sightseeing Tour,10,86,138,https://fareharbor.com/embeds/calendar/fitzandfollwell_montreal/items/249105/?asn=fhdn-cad&asn-ref=alloutdooradventures&ref=alloutdooradventures&bookable-only=yes&full-items=yes&marketplace=yes&flow=no,"<script src=""https://fareharbor.com/embeds/script/calendar/fitzandfollwell_montreal/items/249105/?asn=fhdn-cad&asn-ref=alloutdooradventures&ref=alloutdooradventures&bookable-only=yes&full-items=yes&marketplace=yes&flow=no""></script>",https://fareharbor.com/embeds/book/fitzandfollwell_montreal/items/249105/?asn=fhdn-cad&asn-ref=alloutdooradventures&ref=alloutdooradventures&bookable-only=yes&full-items=yes&marketplace=yes&flow=no,https://cdn.filestackcontent.com/GgnDns6Tb2gDOYD7FqRg
Fitz Montreal - Bike Tours,fitzandfollwell_montreal,info@fitzmontreal.com,+1(438) 792 6480,Canada/Québec/Montréal,,,249136,"The Highlights Bike Tour: Downtown, Old Montreal & Waterfront",Air Activities-Attraction-Bike Tour-City Tour-E-Bike-Wellness-Sightseeing Tour,10,86,137,https://fareharbor.com/embeds/calendar/fitzandfollwell_montreal/items/249136/?asn=fhdn-cad&asn-ref=alloutdooradventures&ref=alloutdooradventures&bookable-only=yes&full-items=yes&marketplace=yes&flow=no,"<script src=""https://fareharbor.com/embeds/script/calendar/fitzandfollwell_montreal/items/249136/?asn=fhdn-cad&asn-ref=alloutdooradventures&ref=alloutdooradventures&bookable-only=yes&full-items=yes&marketplace=yes&flow=no""></script>",https://fareharbor.com/embeds/book/fitzandfollwell_montreal/items/249136/?asn=fhdn-cad&asn-ref=alloutdooradventures&ref=alloutdooradventures&bookable-only=yes&full-items=yes&marketplace=yes&flow=no,https://cdn.filestackcontent.com/dt2MuQzRMaoj6rGg2gqz
Sitka Wonders,sitkawonders,info@sitkawonders.com,1 (907) 759 5034,United States/Alaska/Sitka,,,680068,Sitka Wildlife Boat Tour (2.5 hours),Boat Tour-Sightseeing Tour-Whale Watch-Wildlife,6,86,213,https://fareharbor.com/embeds/calendar/sitkawonders/items/680068/?asn=fhdn&asn-ref=alloutdooradventures&ref=alloutdooradventures&bookable-only=yes&full-items=yes&marketplace=yes&flow=no,"<script src=""https://fareharbor.com/embeds/script/calendar/sitkawonders/items/680068/?asn=fhdn&asn-ref=alloutdooradventures&ref=alloutdooradventures&bookable-only=yes&full-items=yes&marketplace=yes&flow=no""></script>",https://fareharbor.com/embeds/book/sitkawonders/items/680068/?asn=fhdn&asn-ref=alloutdooradventures&ref=alloutdooradventures&bookable-only=yes&full-items=yes&marketplace=yes&flow=no,https://cdn.filestackcontent.com/1jdPmyAbQ9yuDTt9jr5F
Wildwood Adventures,wildwoodtours,info@wildwoodtours.com,503-396-3929,United States/Oregon/Portland,,,5237,Half Day Portland City Tour,Eco Tour,6,85,51,https://fareharbor.com/embeds/calendar/wildwoodtours/items/5237/?asn=fhdn&asn-ref=alloutdooradventures&ref=alloutdooradventures&bookable-only=yes&full-items=yes&marketplace=yes&flow=no,"<script src=""https://fareharbor.com/embeds/script/calendar/wildwoodtours/items/5237/?asn=fhdn&asn-ref=alloutdooradventures&ref=alloutdooradventures&bookable-only=yes&full-items=yes&marketplace=yes&flow=no""></script>",https://fareharbor.com/embeds/book/wildwoodtours/items/5237/?asn=fhdn&asn-ref=alloutdooradventures&ref=alloutdooradventures&bookable-only=yes&full-items=yes&marketplace=yes&flow=no,https://cdn.filestackcontent.com/OPC5lOVhRBtBhiIZL7sD
Shutter Tours,shuttertours,info@shuttertours.com,425-516-8838,United States/Washington/Seattle,,,7244,Snoqualmie Falls and City Tour,Bus Tour-City Tour-Guided Tour-History Tour-Sightseeing Tour-Wildlife,5,85,138,https://fareharbor.com/embeds/calendar/shuttertours/items/7244/?asn=fhdn&asn-ref=alloutdooradventures&ref=alloutdooradventures&bookable-only=yes&full-items=yes&marketplace=yes&flow=no,"<script src=""https://fareharbor.com/embeds/script/calendar/shuttertours/items/7244/?asn=fhdn&asn-ref=alloutdooradventures&ref=alloutdooradventures&bookable-only=yes&full-items=yes&marketplace=yes&flow=no""></script>",https://fareharbor.com/embeds/book/shuttertours/items/7244/?asn=fhdn&asn-ref=alloutdooradventures&ref=alloutdooradventures&bookable-only=yes&full-items=yes&marketplace=yes&flow=no,https://www.filepicker.io/api/file/4mZfS7RuWE4kpf57i5ZA
Chelan Electric Bikes,chelanelectricbikes,chelanrides@gmail.com,206-618-1941,United States/Washington/Chelan,,,37619,Adventure Tour,Bike Tour,5,85,99,https://fareharbor.com/embeds/calendar/chelanelectricbikes/items/37619/?asn=fhdn&asn-ref=alloutdooradventures&ref=alloutdooradventures&bookable-only=yes&full-items=yes&marketplace=yes&flow=no,"<script src=""https://fareharbor.com/embeds/script/calendar/chelanelectricbikes/items/37619/?asn=fhdn&asn-ref=alloutdooradventures&ref=alloutdooradventures&bookable-only=yes&full-items=yes&marketplace=yes&flow=no""></script>",https://fareharbor.com/embeds/book/chelanelectricbikes/items/37619/?asn=fhdn&asn-ref=alloutdooradventures&ref=alloutdooradventures&bookable-only=yes&full-items=yes&marketplace=yes&flow=no,https://cdn.filestackcontent.com/CXZWe71URsS1jTML5GiN
Evergreen Escapes - Seattle,evergreenescapes-seattle,bookings@evergreenescapes.com,206-650-5795,United States/Washington/Seattle,-122.332848,47.606139,58655,Snoqualmie Falls & Washington Wine Tasting,Hiking-Wine,6,85,0,https://fareharbor.com/embeds/calendar/evergreenescapes-seattle/items/58655/?asn=fhdn&asn-ref=alloutdooradventures&ref=alloutdooradventures&bookable-only=yes&full-items=yes&marketplace=yes&flow=no,"<script src=""https://fareharbor.com/embeds/script/calendar/evergreenescapes-seattle/items/58655/?asn=fhdn&asn-ref=alloutdooradventures&ref=alloutdooradventures&bookable-only=yes&full-items=yes&marketplace=yes&flow=no""></script>",https://fareharbor.com/embeds/book/evergreenescapes-seattle/items/58655/?asn=fhdn&asn-ref=alloutdooradventures&ref=alloutdooradventures&bookable-only=yes&full-items=yes&marketplace=yes&flow=no,https://cdn.filestackcontent.com/wIBQqPsNQAmFNi4EvmZF
Toonie Tours,vancouvertoonietours,guide@toonietours.ca,+1-866-643-1847,Canada/Alberta/Calgary,,,378748,Calgary City Bike Tour,Bike Rental-Bike Tour-City Tour-Walking Tour-Water Activities,7,85,0,https://fareharbor.com/embeds/calendar/vancouvertoonietours/items/378748/?asn=fhdn-cad&asn-ref=alloutdooradventures&ref=alloutdooradventures&bookable-only=yes&full-items=yes&marketplace=yes&flow=no,"<script src=""https://fareharbor.com/embeds/script/calendar/vancouvertoonietours/items/378748/?asn=fhdn-cad&asn-ref=alloutdooradventures&ref=alloutdooradventures&bookable-only=yes&full-items=yes&marketplace=yes&flow=no""></script>",https://fareharbor.com/embeds/book/vancouvertoonietours/items/378748/?asn=fhdn-cad&asn-ref=alloutdooradventures&ref=alloutdooradventures&bookable-only=yes&full-items=yes&marketplace=yes&flow=no,https://cdn.filestackcontent.com/ewVQe3FQZeRtEJsz24t1
Vermont Bike and Brew,vtbikeandbrew,jonas@vtbikeandbrew.com,(802) 274-2277,United States/Vermont/Braintree,-72.720116,43.981448,442011,Bent Hill Tour (4-5 Riders),Bike Tour,5,85,120,https://fareharbor.com/embeds/calendar/vtbikeandbrew/items/442011/?asn=fhdn&asn-ref=alloutdooradventures&ref=alloutdooradventures&bookable-only=yes&full-items=yes&marketplace=yes&flow=no,"<script src=""https://fareharbor.com/embeds/script/calendar/vtbikeandbrew/items/442011/?asn=fhdn&asn-ref=alloutdooradventures&ref=alloutdooradventures&bookable-only=yes&full-items=yes&marketplace=yes&flow=no""></script>",https://fareharbor.com/embeds/book/vtbikeandbrew/items/442011/?asn=fhdn&asn-ref=alloutdooradventures&ref=alloutdooradventures&bookable-only=yes&full-items=yes&marketplace=yes&flow=no,https://cdn.filestackcontent.com/0lBYE6NeRja1ontgVCfA
Waterfall Shuttle,waterfallshuttle,waterfallshuttle@gmail.com,(541)-705-2438,United States/Oregon/Portland,,,685976,Mt. Hood Winter Wonderland Snowshoe Adventure,Guided Tour-Hiking,11,85,17,https://fareharbor.com/embeds/calendar/waterfallshuttle/items/685976/?asn=fhdn&asn-ref=alloutdooradventures&ref=alloutdooradventures&bookable-only=yes&full-items=yes&marketplace=yes&flow=no,"<script src=""https://fareharbor.com/embeds/script/calendar/waterfallshuttle/items/685976/?asn=fhdn&asn-ref=alloutdooradventures&ref=alloutdooradventures&bookable-only=yes&full-items=yes&marketplace=yes&flow=no""></script>",https://fareharbor.com/embeds/book/waterfallshuttle/items/685976/?asn=fhdn&asn-ref=alloutdooradventures&ref=alloutdooradventures&bookable-only=yes&full-items=yes&marketplace=yes&flow=no,https://cdn.filestackcontent.com/xoCPiCsKSWSm0mxsv6rp
Toonie Tours,vancouvertoonietours,guide@toonietours.ca,+1-866-643-1847,Canada/British Columbia/Vancouver,,,118669,The Stanley Park Bike Tour of Vancouver,Bike Tour-Food Tour-Walking Tour-Water Activities,5,83,155,https://fareharbor.com/embeds/calendar/vancouvertoonietours/items/118669/?asn=fhdn-cad&asn-ref=alloutdooradventures&ref=alloutdooradventures&bookable-only=yes&full-items=yes&marketplace=yes&flow=no,"<script src=""https://fareharbor.com/embeds/script/calendar/vancouvertoonietours/items/118669/?asn=fhdn-cad&asn-ref=alloutdooradventures&ref=alloutdooradventures&bookable-only=yes&full-items=yes&marketplace=yes&flow=no""></script>",https://fareharbor.com/embeds/book/vancouvertoonietours/items/118669/?asn=fhdn-cad&asn-ref=alloutdooradventures&ref=alloutdooradventures&bookable-only=yes&full-items=yes&marketplace=yes&flow=no,https://cdn.filestackcontent.com/3XISbLDTHWztnFvgLsNg
Wildwood Adventures,wildwoodtours,info@wildwoodtours.com,503-396-3929,United States/Oregon/Portland,,,5236,Full Day Gorge Waterfalls and Mt. Hood Tour,Eco Tour,4,81,133,https://fareharbor.com/embeds/calendar/wildwoodtours/items/5236/?asn=fhdn&asn-ref=alloutdooradventures&ref=alloutdooradventures&bookable-only=yes&full-items=yes&marketplace=yes&flow=no,"<script src=""https://fareharbor.com/embeds/script/calendar/wildwoodtours/items/5236/?asn=fhdn&asn-ref=alloutdooradventures&ref=alloutdooradventures&bookable-only=yes&full-items=yes&marketplace=yes&flow=no""></script>",https://fareharbor.com/embeds/book/wildwoodtours/items/5236/?asn=fhdn&asn-ref=alloutdooradventures&ref=alloutdooradventures&bookable-only=yes&full-items=yes&marketplace=yes&flow=no,https://www.filepicker.io/api/file/bwnLHvYjR7Cxr8QsUTah
Wildwood Adventures,wildwoodtours,info@wildwoodtours.com,503-396-3929,United States/Oregon/Portland,,,5234,Full Day Oregon Coast Tour,Eco Tour,5,80,101,https://fareharbor.com/embeds/calendar/wildwoodtours/items/5234/?asn=fhdn&asn-ref=alloutdooradventures&ref=alloutdooradventures&bookable-only=yes&full-items=yes&marketplace=yes&flow=no,"<script src=""https://fareharbor.com/embeds/script/calendar/wildwoodtours/items/5234/?asn=fhdn&asn-ref=alloutdooradventures&ref=alloutdooradventures&bookable-only=yes&full-items=yes&marketplace=yes&flow=no""></script>",https://fareharbor.com/embeds/book/wildwoodtours/items/5234/?asn=fhdn&asn-ref=alloutdooradventures&ref=alloutdooradventures&bookable-only=yes&full-items=yes&marketplace=yes&flow=no,https://www.filepicker.io/api/file/5BUNbHAGTLqipjMa8gxA
Campbell River Adventure Tours,campbellriverwhalewatching,info@campbellriverwhalewatching.com,+1 250-287-2667,Canada/British Columbia/Campbell River,-125.273335,50.033123,84217,4 Hour Zodiac Whale and Wildlife Tour,Wildlife,2,79,292,https://fareharbor.com/embeds/calendar/campbellriverwhalewatching/items/84217/?asn=fhdn-cad&asn-ref=alloutdooradventures&ref=alloutdooradventures&bookable-only=yes&full-items=yes&marketplace=yes&flow=no,"<script src=""https://fareharbor.com/embeds/script/calendar/campbellriverwhalewatching/items/84217/?asn=fhdn-cad&asn-ref=alloutdooradventures&ref=alloutdooradventures&bookable-only=yes&full-items=yes&marketplace=yes&flow=no""></script>",https://fareharbor.com/embeds/book/campbellriverwhalewatching/items/84217/?asn=fhdn-cad&asn-ref=alloutdooradventures&ref=alloutdooradventures&bookable-only=yes&full-items=yes&marketplace=yes&flow=no,https://cdn.filestackcontent.com/VYQlTjLRXWW8pzJrYsgR
The Whale Centre,tofinowhalecentre,whales@island.net,1888-474-2288,Canada/British Columbia/Tofino,,,424374,Whale Watching Tour - Cabin Cruiser Boat,Boat Tour-Whale Watch-Wildlife,7,79,372,https://fareharbor.com/embeds/calendar/tofinowhalecentre/items/424374/?asn=fhdn-cad&asn-ref=alloutdooradventures&ref=alloutdooradventures&bookable-only=yes&full-items=yes&marketplace=yes&flow=no,"<script src=""https://fareharbor.com/embeds/script/calendar/tofinowhalecentre/items/424374/?asn=fhdn-cad&asn-ref=alloutdooradventures&ref=alloutdooradventures&bookable-only=yes&full-items=yes&marketplace=yes&flow=no""></script>",https://fareharbor.com/embeds/book/tofinowhalecentre/items/424374/?asn=fhdn-cad&asn-ref=alloutdooradventures&ref=alloutdooradventures&bookable-only=yes&full-items=yes&marketplace=yes&flow=no,https://cdn.filestackcontent.com/c1zA7XczQWSHkx6Yffis
Vermont Bike and Brew,vtbikeandbrew,jonas@vtbikeandbrew.com,(802) 274-2277,United States/Vermont/Norwich,-72.309044,43.715059,441998,Jasper Murdock's Tour (2-5 Riders),Bike Tour,2,79,315,https://fareharbor.com/embeds/calendar/vtbikeandbrew/items/441998/?asn=fhdn&asn-ref=alloutdooradventures&ref=alloutdooradventures&bookable-only=yes&full-items=yes&marketplace=yes&flow=no,"<script src=""https://fareharbor.com/embeds/script/calendar/vtbikeandbrew/items/441998/?asn=fhdn&asn-ref=alloutdooradventures&ref=alloutdooradventures&bookable-only=yes&full-items=yes&marketplace=yes&flow=no""></script>",https://fareharbor.com/embeds/book/vtbikeandbrew/items/441998/?asn=fhdn&asn-ref=alloutdooradventures&ref=alloutdooradventures&bookable-only=yes&full-items=yes&marketplace=yes&flow=no,https://cdn.filestackcontent.com/1e1mnM88TquG8Ilc6WIv
Cycle City Vancouver,cyclevancouver,bookings@cyclecitytours.com,1 604-618-8626,Canada/British Columbia/Vancouver,-123.119299,49.284162,625958,Stanley Park Family Tour,Bike Tour,5,79,64,https://fareharbor.com/embeds/calendar/cyclevancouver/items/625958/?asn=fhdn-cad&asn-ref=alloutdooradventures&ref=alloutdooradventures&bookable-only=yes&full-items=yes&marketplace=yes&flow=no,"<script src=""https://fareharbor.com/embeds/script/calendar/cyclevancouver/items/625958/?asn=fhdn-cad&asn-ref=alloutdooradventures&ref=alloutdooradventures&bookable-only=yes&full-items=yes&marketplace=yes&flow=no""></script>",https://fareharbor.com/embeds/book/cyclevancouver/items/625958/?asn=fhdn-cad&asn-ref=alloutdooradventures&ref=alloutdooradventures&bookable-only=yes&full-items=yes&marketplace=yes&flow=no,https://cdn.filestackcontent.com/ygH7QuKSwqWrBAoovxyA
Wildwood Adventures,wildwoodtours,info@wildwoodtours.com,503-396-3929,United States/Oregon/Portland,,,5238,Full Day Willamette Valley Wine Tasting Tour,Eco Tour,6,78,25,https://fareharbor.com/embeds/calendar/wildwoodtours/items/5238/?asn=fhdn&asn-ref=alloutdooradventures&ref=alloutdooradventures&bookable-only=yes&full-items=yes&marketplace=yes&flow=no,"<script src=""https://fareharbor.com/embeds/script/calendar/wildwoodtours/items/5238/?asn=fhdn&asn-ref=alloutdooradventures&ref=alloutdooradventures&bookable-only=yes&full-items=yes&marketplace=yes&flow=no""></script>",https://fareharbor.com/embeds/book/wildwoodtours/items/5238/?asn=fhdn&asn-ref=alloutdooradventures&ref=alloutdooradventures&bookable-only=yes&full-items=yes&marketplace=yes&flow=no,https://www.filepicker.io/api/file/fLoto5v8Q62d2riTeDwM
Campbell River Adventure Tours,campbellriverwhalewatching,info@campbellriverwhalewatching.com,+1 250-287-2667,Canada/British Columbia/Campbell River,-125.273335,50.033123,84227,4 Hour Covered Boat Whale and Wildlife Tour,Boat Tour-Wildlife,2,78,304,https://fareharbor.com/embeds/calendar/campbellriverwhalewatching/items/84227/?asn=fhdn-cad&asn-ref=alloutdooradventures&ref=alloutdooradventures&bookable-only=yes&full-items=yes&marketplace=yes&flow=no,"<script src=""https://fareharbor.com/embeds/script/calendar/campbellriverwhalewatching/items/84227/?asn=fhdn-cad&asn-ref=alloutdooradventures&ref=alloutdooradventures&bookable-only=yes&full-items=yes&marketplace=yes&flow=no""></script>",https://fareharbor.com/embeds/book/campbellriverwhalewatching/items/84227/?asn=fhdn-cad&asn-ref=alloutdooradventures&ref=alloutdooradventures&bookable-only=yes&full-items=yes&marketplace=yes&flow=no,https://cdn.filestackcontent.com/Yn6heiVYS3aS31ztwxev
Door County Kayak,doorcountykayaktours,Info@DoorCountyKayakTours.com,920-868-1400,United States/Wisconsin/Sister Bay,-87.120945,45.187211,208420,Cave Point Fat Tire E-Bike Tour,Bike Tour-E-Bike,4,78,524,https://fareharbor.com/embeds/calendar/doorcountykayaktours/items/208420/?asn=fhdn&asn-ref=alloutdooradventures&ref=alloutdooradventures&bookable-only=yes&full-items=yes&marketplace=yes&flow=no,"<script src=""https://fareharbor.com/embeds/script/calendar/doorcountykayaktours/items/208420/?asn=fhdn&asn-ref=alloutdooradventures&ref=alloutdooradventures&bookable-only=yes&full-items=yes&marketplace=yes&flow=no""></script>",https://fareharbor.com/embeds/book/doorcountykayaktours/items/208420/?asn=fhdn&asn-ref=alloutdooradventures&ref=alloutdooradventures&bookable-only=yes&full-items=yes&marketplace=yes&flow=no,https://cdn.filestackcontent.com/OCoBvxscTtyxEWkQcNXg
Vermont Bike and Brew,vtbikeandbrew,jonas@vtbikeandbrew.com,(802) 274-2277,United States/Vermont/Windsor,-72.401691,43.51302,442005,Harpoon Tour (4-5 Riders),Bike Tour,4,78,312,https://fareharbor.com/embeds/calendar/vtbikeandbrew/items/442005/?asn=fhdn&asn-ref=alloutdooradventures&ref=alloutdooradventures&bookable-only=yes&full-items=yes&marketplace=yes&flow=no,"<script src=""https://fareharbor.com/embeds/script/calendar/vtbikeandbrew/items/442005/?asn=fhdn&asn-ref=alloutdooradventures&ref=alloutdooradventures&bookable-only=yes&full-items=yes&marketplace=yes&flow=no""></script>",https://fareharbor.com/embeds/book/vtbikeandbrew/items/442005/?asn=fhdn&asn-ref=alloutdooradventures&ref=alloutdooradventures&bookable-only=yes&full-items=yes&marketplace=yes&flow=no,https://cdn.filestackcontent.com/P1ZO2z9SGK7QOA9Lmkrg
Orca Spirit Adventures,orcaspiritadventures,reservations@orcaspirit.com,1-888-672-6722,Canada/British Columbia/Victoria,,,685990,Victoria Winter Zodiac Vessel Tour,Attraction-Boat Tour-Eco Tour-Guided Tour-Sightseeing Tour-Whale Watch-Wildlife,1,78,19,https://fareharbor.com/embeds/calendar/orcaspiritadventures/items/685990/?asn=fhdn-cad&asn-ref=alloutdooradventures&ref=alloutdooradventures&bookable-only=yes&full-items=yes&marketplace=yes&flow=no,"<script src=""https://fareharbor.com/embeds/script/calendar/orcaspiritadventures/items/685990/?asn=fhdn-cad&asn-ref=alloutdooradventures&ref=alloutdooradventures&bookable-only=yes&full-items=yes&marketplace=yes&flow=no""></script>",https://fareharbor.com/embeds/book/orcaspiritadventures/items/685990/?asn=fhdn-cad&asn-ref=alloutdooradventures&ref=alloutdooradventures&bookable-only=yes&full-items=yes&marketplace=yes&flow=no,https://cdn.filestackcontent.com/yTySPUgRQaQw3WPcgDug
Toonie Tours,vancouvertoonietours,guide@toonietours.ca,+1-866-643-1847,Canada/British Columbia/Vancouver,,,441797,Vancouver City Bike Tour,Bike Rental-Bike Tour-Guided Tour-Walking Tour,3,77,155,https://fareharbor.com/embeds/calendar/vancouvertoonietours/items/441797/?asn=fhdn-cad&asn-ref=alloutdooradventures&ref=alloutdooradventures&bookable-only=yes&full-items=yes&marketplace=yes&flow=no,"<script src=""https://fareharbor.com/embeds/script/calendar/vancouvertoonietours/items/441797/?asn=fhdn-cad&asn-ref=alloutdooradventures&ref=alloutdooradventures&bookable-only=yes&full-items=yes&marketplace=yes&flow=no""></script>",https://fareharbor.com/embeds/book/vancouvertoonietours/items/441797/?asn=fhdn-cad&asn-ref=alloutdooradventures&ref=alloutdooradventures&bookable-only=yes&full-items=yes&marketplace=yes&flow=no,https://cdn.filestackcontent.com/YjlWrFkRRrCeMnnpC7xW
Sitka Expeditions,sitkaexpeditions,parker@sitkaexpeditions.com,1 907 738 0289,United States/Alaska/Sitka,,,561103,Two-Hour Wildlife Adventure,Wildlife,11,77,348,https://fareharbor.com/embeds/calendar/sitkaexpeditions/items/561103/?asn=fhdn&asn-ref=alloutdooradventures&ref=alloutdooradventures&bookable-only=yes&full-items=yes&marketplace=yes&flow=no,"<script src=""https://fareharbor.com/embeds/script/calendar/sitkaexpeditions/items/561103/?asn=fhdn&asn-ref=alloutdooradventures&ref=alloutdooradventures&bookable-only=yes&full-items=yes&marketplace=yes&flow=no""></script>",https://fareharbor.com/embeds/book/sitkaexpeditions/items/561103/?asn=fhdn&asn-ref=alloutdooradventures&ref=alloutdooradventures&bookable-only=yes&full-items=yes&marketplace=yes&flow=no,https://cdn.filestackcontent.com/bwSoDJWJQLGx95y9Ly3L
Midwest Bus Trips,midwestbustrips,aaron@midwestbustrips.com,563-513-7523,United States/Iowa/Pella,-92.912492,41.417796,670176,Pella Tulip Time Festival,Bus Tour-Environmental Attraction-Guided Tour-History Tour-Self-Guided Tour-Sightseeing Tour-Walking Tour-Wildlife,4,77,1,https://fareharbor.com/embeds/calendar/midwestbustrips/items/670176/?asn=fhdn&asn-ref=alloutdooradventures&ref=alloutdooradventures&bookable-only=yes&full-items=yes&marketplace=yes&flow=no,"<script src=""https://fareharbor.com/embeds/script/calendar/midwestbustrips/items/670176/?asn=fhdn&asn-ref=alloutdooradventures&ref=alloutdooradventures&bookable-only=yes&full-items=yes&marketplace=yes&flow=no""></script>",https://fareharbor.com/embeds/book/midwestbustrips/items/670176/?asn=fhdn&asn-ref=alloutdooradventures&ref=alloutdooradventures&bookable-only=yes&full-items=yes&marketplace=yes&flow=no,https://cdn.filestackcontent.com/qbiqdneRSPWseJgBHbCa
Show Me Seattle,showmeseattle,info@showmeseattle.com,(206) 633-2489,United States/Washington/Seattle,,,65506,Boeing Factory Tour From Seattle,Air Activities-Airplane-Climbing-Factory Tour-Photography Tour-Shuttle-Walking Tour,4,76,180,https://fareharbor.com/embeds/calendar/showmeseattle/items/65506/?asn=fhdn&asn-ref=alloutdooradventures&ref=alloutdooradventures&bookable-only=yes&full-items=yes&marketplace=yes&flow=no,"<script src=""https://fareharbor.com/embeds/script/calendar/showmeseattle/items/65506/?asn=fhdn&asn-ref=alloutdooradventures&ref=alloutdooradventures&bookable-only=yes&full-items=yes&marketplace=yes&flow=no""></script>",https://fareharbor.com/embeds/book/showmeseattle/items/65506/?asn=fhdn&asn-ref=alloutdooradventures&ref=alloutdooradventures&bookable-only=yes&full-items=yes&marketplace=yes&flow=no,https://cdn.filestackcontent.com/SjQOdXPVRHiM2beyaRWp
Tales on Trails,talesontrails,info@islandtrailsecotours.com,514-797-6405,Canada/British Columbia/Nanaimo,-124.063062,49.181828,477744,Mid Island Day Trip,Hiking,5,76,154,https://fareharbor.com/embeds/calendar/talesontrails/items/477744/?asn=fhdn-cad&asn-ref=alloutdooradventures&ref=alloutdooradventures&bookable-only=yes&full-items=yes&marketplace=yes&flow=no,"<script src=""https://fareharbor.com/embeds/script/calendar/talesontrails/items/477744/?asn=fhdn-cad&asn-ref=alloutdooradventures&ref=alloutdooradventures&bookable-only=yes&full-items=yes&marketplace=yes&flow=no""></script>",https://fareharbor.com/embeds/book/talesontrails/items/477744/?asn=fhdn-cad&asn-ref=alloutdooradventures&ref=alloutdooradventures&bookable-only=yes&full-items=yes&marketplace=yes&flow=no,https://cdn.filestackcontent.com/kCPich5cTJ6jw0Nb7beK
Tales on Trails,talesontrails,info@islandtrailsecotours.com,514-797-6405,Canada/British Columbia/Port Renfrew,-124.422299,48.552966,545171,Multi Day Pacific Marine Circle Route,Hiking-Walking Tour,9,76,154,https://fareharbor.com/embeds/calendar/talesontrails/items/545171/?asn=fhdn-cad&asn-ref=alloutdooradventures&ref=alloutdooradventures&bookable-only=yes&full-items=yes&marketplace=yes&flow=no,"<script src=""https://fareharbor.com/embeds/script/calendar/talesontrails/items/545171/?asn=fhdn-cad&asn-ref=alloutdooradventures&ref=alloutdooradventures&bookable-only=yes&full-items=yes&marketplace=yes&flow=no""></script>",https://fareharbor.com/embeds/book/talesontrails/items/545171/?asn=fhdn-cad&asn-ref=alloutdooradventures&ref=alloutdooradventures&bookable-only=yes&full-items=yes&marketplace=yes&flow=no,https://cdn.filestackcontent.com/4KpsI0jeTgO9aDnpkoBC
Adventures in Seattle,adventures-in-seattle,info@adventuresinseattle.com,(253) 508-9441,United States/Washington/Buckley,,,582575,Mount Pilchuck Fire Lookout Hike,Hiking,1,76,0,https://fareharbor.com/embeds/calendar/adventures-in-seattle/items/582575/?asn=fhdn&asn-ref=alloutdooradventures&ref=alloutdooradventures&bookable-only=yes&full-items=yes&marketplace=yes&flow=no,"<script src=""https://fareharbor.com/embeds/script/calendar/adventures-in-seattle/items/582575/?asn=fhdn&asn-ref=alloutdooradventures&ref=alloutdooradventures&bookable-only=yes&full-items=yes&marketplace=yes&flow=no""></script>",https://fareharbor.com/embeds/book/adventures-in-seattle/items/582575/?asn=fhdn&asn-ref=alloutdooradventures&ref=alloutdooradventures&bookable-only=yes&full-items=yes&marketplace=yes&flow=no,https://cdn.filestackcontent.com/fGUD29dDQdOL4lgTbbOZ
Way Out West Tours Ltd.,wayoutwesttours,info@wayoutwesttours.com,+12369997300,Canada/British Columbia/Vancouver,,,608419,Vancouver Hiking Highlights Tour,Hiking,7,76,121,https://fareharbor.com/embeds/calendar/wayoutwesttours/items/608419/?asn=fhdn-cad&asn-ref=alloutdooradventures&ref=alloutdooradventures&bookable-only=yes&full-items=yes&marketplace=yes&flow=no,"<script src=""https://fareharbor.com/embeds/script/calendar/wayoutwesttours/items/608419/?asn=fhdn-cad&asn-ref=alloutdooradventures&ref=alloutdooradventures&bookable-only=yes&full-items=yes&marketplace=yes&flow=no""></script>",https://fareharbor.com/embeds/book/wayoutwesttours/items/608419/?asn=fhdn-cad&asn-ref=alloutdooradventures&ref=alloutdooradventures&bookable-only=yes&full-items=yes&marketplace=yes&flow=no,https://cdn.filestackcontent.com/O4LPyaqSWmMMZKH0IZEQ
Whistler Ebikes,whistlerelectricbiketours,2EmailAsh@gmail.com,604-938-0899,Canada/British Columbia/Whistler,,,159997,eBike Adventures,Bike Tour-Boat Tour-E-Bike-Fishing-Lodging,19,75,369,https://fareharbor.com/embeds/calendar/whistlerelectricbiketours/items/159997/?asn=fhdn-cad&asn-ref=alloutdooradventures&ref=alloutdooradventures&bookable-only=yes&full-items=yes&marketplace=yes&flow=no,"<script src=""https://fareharbor.com/embeds/script/calendar/whistlerelectricbiketours/items/159997/?asn=fhdn-cad&asn-ref=alloutdooradventures&ref=alloutdooradventures&bookable-only=yes&full-items=yes&marketplace=yes&flow=no""></script>",https://fareharbor.com/embeds/book/whistlerelectricbiketours/items/159997/?asn=fhdn-cad&asn-ref=alloutdooradventures&ref=alloutdooradventures&bookable-only=yes&full-items=yes&marketplace=yes&flow=no,https://cdn.filestackcontent.com/pkWHta7wRX6D5TQoQLPB
Totally Seattle Tours,totallyseattle,info@totallyseattle.com,206-522-5994,United States/Washington/Seattle,,,325569,Snoqualmie Falls Northwest Nature Tour,Hiking-Lodging-Walking Tour,5,75,178,https://fareharbor.com/embeds/calendar/totallyseattle/items/325569/?asn=fhdn&asn-ref=alloutdooradventures&ref=alloutdooradventures&bookable-only=yes&full-items=yes&marketplace=yes&flow=no,"<script src=""https://fareharbor.com/embeds/script/calendar/totallyseattle/items/325569/?asn=fhdn&asn-ref=alloutdooradventures&ref=alloutdooradventures&bookable-only=yes&full-items=yes&marketplace=yes&flow=no""></script>",https://fareharbor.com/embeds/book/totallyseattle/items/325569/?asn=fhdn&asn-ref=alloutdooradventures&ref=alloutdooradventures&bookable-only=yes&full-items=yes&marketplace=yes&flow=no,https://cdn.filestackcontent.com/WkJ1d77fSMCLxLSSSYJV
South Coast Tours,southcoasttours,dave@southcoasttours.net,541-373-0487,United States/Oregon/Port Orford,,,394336,Pedal Paddle Combo Tour,Climbing-Shuttle-SUP,8,75,0,https://fareharbor.com/embeds/calendar/southcoasttours/items/394336/?asn=fhdn&asn-ref=alloutdooradventures&ref=alloutdooradventures&bookable-only=yes&full-items=yes&marketplace=yes&flow=no,"<script src=""https://fareharbor.com/embeds/script/calendar/southcoasttours/items/394336/?asn=fhdn&asn-ref=alloutdooradventures&ref=alloutdooradventures&bookable-only=yes&full-items=yes&marketplace=yes&flow=no""></script>",https://fareharbor.com/embeds/book/southcoasttours/items/394336/?asn=fhdn&asn-ref=alloutdooradventures&ref=alloutdooradventures&bookable-only=yes&full-items=yes&marketplace=yes&flow=no,https://cdn.filestackcontent.com/jFerb9NQSX6OMZU8lgFx
White Rock Sea Tours,whiterockseatours,whiterockseatours@gmail.com,(604) 868-1755,Canada/British Columbia/Surrey,-122.849013,49.191347,408797,Scenic Island Pub Lunch,Eco Tour,1,75,317,https://fareharbor.com/embeds/calendar/whiterockseatours/items/408797/?asn=fhdn-cad&asn-ref=alloutdooradventures&ref=alloutdooradventures&bookable-only=yes&full-items=yes&marketplace=yes&flow=no,"<script src=""https://fareharbor.com/embeds/script/calendar/whiterockseatours/items/408797/?asn=fhdn-cad&asn-ref=alloutdooradventures&ref=alloutdooradventures&bookable-only=yes&full-items=yes&marketplace=yes&flow=no""></script>",https://fareharbor.com/embeds/book/whiterockseatours/items/408797/?asn=fhdn-cad&asn-ref=alloutdooradventures&ref=alloutdooradventures&bookable-only=yes&full-items=yes&marketplace=yes&flow=no,https://cdn.filestackcontent.com/gHR19WO9QO6tYbnDMzRL
Echo Sports Tours,locationechosports,location@echosports.ca,418 692 3643,Canada/Québec/Québec,,,524626,Majestic Montmorency Fall Bike Excursion,Bike Tour-Guided Tour-Walking Tour,9,75,0,https://fareharbor.com/embeds/calendar/locationechosports/items/524626/?asn=fhdn-cad&asn-ref=alloutdooradventures&ref=alloutdooradventures&bookable-only=yes&full-items=yes&marketplace=yes&flow=no,"<script src=""https://fareharbor.com/embeds/script/calendar/locationechosports/items/524626/?asn=fhdn-cad&asn-ref=alloutdooradventures&ref=alloutdooradventures&bookable-only=yes&full-items=yes&marketplace=yes&flow=no""></script>",https://fareharbor.com/embeds/book/locationechosports/items/524626/?asn=fhdn-cad&asn-ref=alloutdooradventures&ref=alloutdooradventures&bookable-only=yes&full-items=yes&marketplace=yes&flow=no,https://cdn.filestackcontent.com/tqjrl3fqS1aHZ85L5JyI
Pedego Electric Bikes Victoria,pedegovictoria,victoria@pedegocanada.ca,250-590-4725,Canada/British Columbia/Victoria,,,536155,Guided E-Bike Tour of Victoria,Bike Tour-Castle-E-Bike-Guided Tour,7,75,260,https://fareharbor.com/embeds/calendar/pedegovictoria/items/536155/?asn=fhdn-cad&asn-ref=alloutdooradventures&ref=alloutdooradventures&bookable-only=yes&full-items=yes&marketplace=yes&flow=no,"<script src=""https://fareharbor.com/embeds/script/calendar/pedegovictoria/items/536155/?asn=fhdn-cad&asn-ref=alloutdooradventures&ref=alloutdooradventures&bookable-only=yes&full-items=yes&marketplace=yes&flow=no""></script>",https://fareharbor.com/embeds/book/pedegovictoria/items/536155/?asn=fhdn-cad&asn-ref=alloutdooradventures&ref=alloutdooradventures&bookable-only=yes&full-items=yes&marketplace=yes&flow=no,https://cdn.filestackcontent.com/kdMhZTj7Q62TLIWm22pl
Customized Tours,toursofseattle,info@toursofseattle.com,206-878-3965,United States/Washington/Des Moines,,,541585,Mt. Rainier National Park Highlights Tour,Attraction-Bus Tour-Guided Tour-Hiking-History Tour-Museum-Photography Tour-Service-Sightseeing Tour-Snowshoe-Transportation-Walking Tour-Wildlife-Winter Activities,1,75,177,https://fareharbor.com/embeds/calendar/toursofseattle/items/541585/?asn=fhdn&asn-ref=alloutdooradventures&ref=alloutdooradventures&bookable-only=yes&full-items=yes&marketplace=yes&flow=no,"<script src=""https://fareharbor.com/embeds/script/calendar/toursofseattle/items/541585/?asn=fhdn&asn-ref=alloutdooradventures&ref=alloutdooradventures&bookable-only=yes&full-items=yes&marketplace=yes&flow=no""></script>",https://fareharbor.com/embeds/book/toursofseattle/items/541585/?asn=fhdn&asn-ref=alloutdooradventures&ref=alloutdooradventures&bookable-only=yes&full-items=yes&marketplace=yes&flow=no,https://cdn.filestackcontent.com/ESvg0l0SH2GjoKhEJrDj
Adventures in Seattle,adventures-in-seattle,info@adventuresinseattle.com,(253) 508-9441,United States/Washington/Buckley,,,532591,Rainforest & Waterfall Hike,Hiking,1,74,225,https://fareharbor.com/embeds/calendar/adventures-in-seattle/items/532591/?asn=fhdn&asn-ref=alloutdooradventures&ref=alloutdooradventures&bookable-only=yes&full-items=yes&marketplace=yes&flow=no,"<script src=""https://fareharbor.com/embeds/script/calendar/adventures-in-seattle/items/532591/?asn=fhdn&asn-ref=alloutdooradventures&ref=alloutdooradventures&bookable-only=yes&full-items=yes&marketplace=yes&flow=no""></script>",https://fareharbor.com/embeds/book/adventures-in-seattle/items/532591/?asn=fhdn&asn-ref=alloutdooradventures&ref=alloutdooradventures&bookable-only=yes&full-items=yes&marketplace=yes&flow=no,https://cdn.filestackcontent.com/dU0FVzGQ4aLweNGTq0A6
Obsidian Expeditions,obsidianexpeditions,info@obsidianexpeditions.com,4063125592,United States/Montana/West Yellowstone,,,681454,Bozeman International Airport (BZN) Transfer,Airplane-Lodging-Transfer-Ski-Transportation-Wildlife-Winter Activities,4,74,267,https://fareharbor.com/embeds/calendar/obsidianexpeditions/items/681454/?asn=fhdn&asn-ref=alloutdooradventures&ref=alloutdooradventures&bookable-only=yes&full-items=yes&marketplace=yes&flow=no,"<script src=""https://fareharbor.com/embeds/script/calendar/obsidianexpeditions/items/681454/?asn=fhdn&asn-ref=alloutdooradventures&ref=alloutdooradventures&bookable-only=yes&full-items=yes&marketplace=yes&flow=no""></script>",https://fareharbor.com/embeds/book/obsidianexpeditions/items/681454/?asn=fhdn&asn-ref=alloutdooradventures&ref=alloutdooradventures&bookable-only=yes&full-items=yes&marketplace=yes&flow=no,https://cdn.filestackcontent.com/9TkQnZvARxKRYuaPMrfK
Seabreeze Adventures & Whale Watching,seabreezeadventures,info@seabreezeadventures.ca,604 272 7200,Canada/British Columbia/Richmond,,,674682,Eco-Tour (Winter Season November to March),Eco Tour,5,73,9,https://fareharbor.com/embeds/calendar/seabreezeadventures/items/674682/?asn=fhdn-cad&asn-ref=alloutdooradventures&ref=alloutdooradventures&bookable-only=yes&full-items=yes&marketplace=yes&flow=no,"<script src=""https://fareharbor.com/embeds/script/calendar/seabreezeadventures/items/674682/?asn=fhdn-cad&asn-ref=alloutdooradventures&ref=alloutdooradventures&bookable-only=yes&full-items=yes&marketplace=yes&flow=no""></script>",https://fareharbor.com/embeds/book/seabreezeadventures/items/674682/?asn=fhdn-cad&asn-ref=alloutdooradventures&ref=alloutdooradventures&bookable-only=yes&full-items=yes&marketplace=yes&flow=no,https://cdn.filestackcontent.com/yqwMSa8LQ5KQfauD6FHU
Urban Adventours,urbanadventours,info@urbanadventours.com,617-670-0637,United States/Massachusetts/Boston,,,39486,Electric-Assist Bike Rental,Bike Tour-E-Bike,2,72,153,https://fareharbor.com/embeds/calendar/urbanadventours/items/39486/?asn=fhdn&asn-ref=alloutdooradventures&ref=alloutdooradventures&bookable-only=yes&full-items=yes&marketplace=yes&flow=no,"<script src=""https://fareharbor.com/embeds/script/calendar/urbanadventours/items/39486/?asn=fhdn&asn-ref=alloutdooradventures&ref=alloutdooradventures&bookable-only=yes&full-items=yes&marketplace=yes&flow=no""></script>",https://fareharbor.com/embeds/book/urbanadventours/items/39486/?asn=fhdn&asn-ref=alloutdooradventures&ref=alloutdooradventures&bookable-only=yes&full-items=yes&marketplace=yes&flow=no,https://cdn.filestackcontent.com/ktvqGfZLSImDmEQp5UqV
Terran Travels,terrantravels,info@terrantravels.com,503-662-2699,United States/Oregon/Portland,-122.678385,45.515232,154680,Northern Oregon Coast Day Trip: Cannon Beach Area,Factory Tour-Hiking-History Tour-Museum,9,71,180,https://fareharbor.com/embeds/calendar/terrantravels/items/154680/?asn=fhdn&asn-ref=alloutdooradventures&ref=alloutdooradventures&bookable-only=yes&full-items=yes&marketplace=yes&flow=no,"<script src=""https://fareharbor.com/embeds/script/calendar/terrantravels/items/154680/?asn=fhdn&asn-ref=alloutdooradventures&ref=alloutdooradventures&bookable-only=yes&full-items=yes&marketplace=yes&flow=no""></script>",https://fareharbor.com/embeds/book/terrantravels/items/154680/?asn=fhdn&asn-ref=alloutdooradventures&ref=alloutdooradventures&bookable-only=yes&full-items=yes&marketplace=yes&flow=no,https://cdn.filestackcontent.com/DwOcUJXRy3vxXaQU2Q1Q
Terran Travels,terrantravels,info@terrantravels.com,503-662-2699,United States/Oregon/Portland,,,158133,Explore Columbia River Gorge Half-Day Small-Group Tour,City Tour-Hiking-Transportation,4,71,360,https://fareharbor.com/embeds/calendar/terrantravels/items/158133/?asn=fhdn&asn-ref=alloutdooradventures&ref=alloutdooradventures&bookable-only=yes&full-items=yes&marketplace=yes&flow=no,"<script src=""https://fareharbor.com/embeds/script/calendar/terrantravels/items/158133/?asn=fhdn&asn-ref=alloutdooradventures&ref=alloutdooradventures&bookable-only=yes&full-items=yes&marketplace=yes&flow=no""></script>",https://fareharbor.com/embeds/book/terrantravels/items/158133/?asn=fhdn&asn-ref=alloutdooradventures&ref=alloutdooradventures&bookable-only=yes&full-items=yes&marketplace=yes&flow=no,https://cdn.filestackcontent.com/RUQtHNYqTMu76EKdqznL
Echo Sports Tours,locationechosports,location@echosports.ca,418 692 3643,Canada/Québec/Québec,,,524620,Quebec City Electric Bike Tour,Bike Tour-City Tour,4,71,0,https://fareharbor.com/embeds/calendar/locationechosports/items/524620/?asn=fhdn-cad&asn-ref=alloutdooradventures&ref=alloutdooradventures&bookable-only=yes&full-items=yes&marketplace=yes&flow=no,"<script src=""https://fareharbor.com/embeds/script/calendar/locationechosports/items/524620/?asn=fhdn-cad&asn-ref=alloutdooradventures&ref=alloutdooradventures&bookable-only=yes&full-items=yes&marketplace=yes&flow=no""></script>",https://fareharbor.com/embeds/book/locationechosports/items/524620/?asn=fhdn-cad&asn-ref=alloutdooradventures&ref=alloutdooradventures&bookable-only=yes&full-items=yes&marketplace=yes&flow=no,https://cdn.filestackcontent.com/V8T3VGSQQCAVeddtfBdK
Safari North Wildlife Park,safarinorth,safarinorth@yahoo.com,218-454-1662,United States/Minnesota/Brainerd,,,637460,Wine-o's With Rhinos,Events-Wildlife-Wine-Zoo,3,71,0,https://fareharbor.com/embeds/calendar/safarinorth/items/637460/?asn=fhdn&asn-ref=alloutdooradventures&ref=alloutdooradventures&bookable-only=yes&full-items=yes&marketplace=yes&flow=no,"<script src=""https://fareharbor.com/embeds/script/calendar/safarinorth/items/637460/?asn=fhdn&asn-ref=alloutdooradventures&ref=alloutdooradventures&bookable-only=yes&full-items=yes&marketplace=yes&flow=no""></script>",https://fareharbor.com/embeds/book/safarinorth/items/637460/?asn=fhdn&asn-ref=alloutdooradventures&ref=alloutdooradventures&bookable-only=yes&full-items=yes&marketplace=yes&flow=no,https://cdn.filestackcontent.com/KJwSBDmCTF2rEM9fTtIF
Ketchikan Kayak Company,ketchikankayakco,trips@ketchikankayakco.com,(907) 225-1258,United States/Alaska/Ketchikan,,,19891,E-Bike & Hike,Bike Tour-E-Bike-Hiking,4,70,399,https://fareharbor.com/embeds/calendar/ketchikankayakco/items/19891/?asn=fhdn&asn-ref=alloutdooradventures&ref=alloutdooradventures&bookable-only=yes&full-items=yes&marketplace=yes&flow=no,"<script src=""https://fareharbor.com/embeds/script/calendar/ketchikankayakco/items/19891/?asn=fhdn&asn-ref=alloutdooradventures&ref=alloutdooradventures&bookable-only=yes&full-items=yes&marketplace=yes&flow=no""></script>",https://fareharbor.com/embeds/book/ketchikankayakco/items/19891/?asn=fhdn&asn-ref=alloutdooradventures&ref=alloutdooradventures&bookable-only=yes&full-items=yes&marketplace=yes&flow=no,https://cdn.filestackcontent.com/8tJVwO8Q86sj73yqtowR
Five Star Whale Watching,5starwhales,orcas@5starwhales.com,250-388-7223,Canada/British Columbia/Victoria,-123.365644,48.428421,53725,3 Hour Whale Watching Tour,Catamaran-Whale Watch,10,70,240,https://fareharbor.com/embeds/calendar/5starwhales/items/53725/?asn=fhdn-cad&asn-ref=alloutdooradventures&ref=alloutdooradventures&bookable-only=yes&full-items=yes&marketplace=yes&flow=no,"<script src=""https://fareharbor.com/embeds/script/calendar/5starwhales/items/53725/?asn=fhdn-cad&asn-ref=alloutdooradventures&ref=alloutdooradventures&bookable-only=yes&full-items=yes&marketplace=yes&flow=no""></script>",https://fareharbor.com/embeds/book/5starwhales/items/53725/?asn=fhdn-cad&asn-ref=alloutdooradventures&ref=alloutdooradventures&bookable-only=yes&full-items=yes&marketplace=yes&flow=no,https://cdn.filestackcontent.com/AjVt6ImTeupn042iLQnz
Evergreen Escapes - Seattle,evergreenescapes-seattle,bookings@evergreenescapes.com,206-650-5795,United States/Washington/Seattle,-122.332848,47.606139,133265,Mt. Rainier & Yakima Valley Wine Tasting,Hiking-Wine,6,70,0,https://fareharbor.com/embeds/calendar/evergreenescapes-seattle/items/133265/?asn=fhdn&asn-ref=alloutdooradventures&ref=alloutdooradventures&bookable-only=yes&full-items=yes&marketplace=yes&flow=no,"<script src=""https://fareharbor.com/embeds/script/calendar/evergreenescapes-seattle/items/133265/?asn=fhdn&asn-ref=alloutdooradventures&ref=alloutdooradventures&bookable-only=yes&full-items=yes&marketplace=yes&flow=no""></script>",https://fareharbor.com/embeds/book/evergreenescapes-seattle/items/133265/?asn=fhdn&asn-ref=alloutdooradventures&ref=alloutdooradventures&bookable-only=yes&full-items=yes&marketplace=yes&flow=no,https://cdn.filestackcontent.com/aHHgbEHTBWXf3hl5zb3z
The Whale Centre,tofinowhalecentre,whales@island.net,1888-474-2288,Canada/British Columbia/Tofino,,,424497,Whale Watching Tour - Open Boat,Boat Tour-Whale Watch-Wildlife,6,70,277,https://fareharbor.com/embeds/calendar/tofinowhalecentre/items/424497/?asn=fhdn-cad&asn-ref=alloutdooradventures&ref=alloutdooradventures&bookable-only=yes&full-items=yes&marketplace=yes&flow=no,"<script src=""https://fareharbor.com/embeds/script/calendar/tofinowhalecentre/items/424497/?asn=fhdn-cad&asn-ref=alloutdooradventures&ref=alloutdooradventures&bookable-only=yes&full-items=yes&marketplace=yes&flow=no""></script>",https://fareharbor.com/embeds/book/tofinowhalecentre/items/424497/?asn=fhdn-cad&asn-ref=alloutdooradventures&ref=alloutdooradventures&bookable-only=yes&full-items=yes&marketplace=yes&flow=no,https://cdn.filestackcontent.com/3rYTQfBLTHut5MaAxx2E
Vermont Bike and Brew,vtbikeandbrew,jonas@vtbikeandbrew.com,(802) 274-2277,United States/Vermont/Royalton,-72.521953,43.82031,441761,Upper Pass Tour (2-5 Riders),Bike Tour,6,70,150,https://fareharbor.com/embeds/calendar/vtbikeandbrew/items/441761/?asn=fhdn&asn-ref=alloutdooradventures&ref=alloutdooradventures&bookable-only=yes&full-items=yes&marketplace=yes&flow=no,"<script src=""https://fareharbor.com/embeds/script/calendar/vtbikeandbrew/items/441761/?asn=fhdn&asn-ref=alloutdooradventures&ref=alloutdooradventures&bookable-only=yes&full-items=yes&marketplace=yes&flow=no""></script>",https://fareharbor.com/embeds/book/vtbikeandbrew/items/441761/?asn=fhdn&asn-ref=alloutdooradventures&ref=alloutdooradventures&bookable-only=yes&full-items=yes&marketplace=yes&flow=no,https://cdn.filestackcontent.com/0SnrHwdhSKaX3NCqywVd
Explore Banff Tours and Transfers Inc.,explorebanff,info@explorebanff.com,403-686-7905,Canada/Alberta/Canmore,,,579399,Explore Banff + Wildlife: Shared Tour,Attraction-Bus Tour-Environmental Attraction-Guided Tour-Sightseeing Tour-Transportation-Wildlife-Winter Activities,5,70,180,https://fareharbor.com/embeds/calendar/explorebanff/items/579399/?asn=fhdn-cad&asn-ref=alloutdooradventures&ref=alloutdooradventures&bookable-only=yes&full-items=yes&marketplace=yes&flow=no,"<script src=""https://fareharbor.com/embeds/script/calendar/explorebanff/items/579399/?asn=fhdn-cad&asn-ref=alloutdooradventures&ref=alloutdooradventures&bookable-only=yes&full-items=yes&marketplace=yes&flow=no""></script>",https://fareharbor.com/embeds/book/explorebanff/items/579399/?asn=fhdn-cad&asn-ref=alloutdooradventures&ref=alloutdooradventures&bookable-only=yes&full-items=yes&marketplace=yes&flow=no,https://cdn.filestackcontent.com/wAsK6GanRZCUycWDDyCj
Explore Banff Tours and Transfers Inc.,explorebanff,info@explorebanff.com,403-686-7905,Canada/Alberta/Canmore,,,589634,Explore Banff & Wildlife: Signature Private Tour,Attraction-Bus Tour-Environmental Attraction-Guided Tour-Private-Sightseeing Tour-Transportation-Wildlife-Winter Activities,5,70,180,https://fareharbor.com/embeds/calendar/explorebanff/items/589634/?asn=fhdn-cad&asn-ref=alloutdooradventures&ref=alloutdooradventures&bookable-only=yes&full-items=yes&marketplace=yes&flow=no,"<script src=""https://fareharbor.com/embeds/script/calendar/explorebanff/items/589634/?asn=fhdn-cad&asn-ref=alloutdooradventures&ref=alloutdooradventures&bookable-only=yes&full-items=yes&marketplace=yes&flow=no""></script>",https://fareharbor.com/embeds/book/explorebanff/items/589634/?asn=fhdn-cad&asn-ref=alloutdooradventures&ref=alloutdooradventures&bookable-only=yes&full-items=yes&marketplace=yes&flow=no,https://cdn.filestackcontent.com/IvAFwkwxR3morWJ7zsbS
Tales on Trails,talesontrails,info@islandtrailsecotours.com,514-797-6405,Canada/British Columbia/Victoria,,,594859,The Big West Coast Tour,Eco Tour-Environmental Attraction-Guided Tour-Sightseeing Tour-Walking Tour-Wildlife,9,70,132,https://fareharbor.com/embeds/calendar/talesontrails/items/594859/?asn=fhdn-cad&asn-ref=alloutdooradventures&ref=alloutdooradventures&bookable-only=yes&full-items=yes&marketplace=yes&flow=no,"<script src=""https://fareharbor.com/embeds/script/calendar/talesontrails/items/594859/?asn=fhdn-cad&asn-ref=alloutdooradventures&ref=alloutdooradventures&bookable-only=yes&full-items=yes&marketplace=yes&flow=no""></script>",https://fareharbor.com/embeds/book/talesontrails/items/594859/?asn=fhdn-cad&asn-ref=alloutdooradventures&ref=alloutdooradventures&bookable-only=yes&full-items=yes&marketplace=yes&flow=no,https://cdn.filestackcontent.com/fFBhvMq7Tu6m5meZtzMD
Sitka Wonders,sitkawonders,info@sitkawonders.com,1 (907) 759 5034,United States/Alaska/Sitka,,,675645,Sitka Wildlife Photography Workshop (3 hours),Eco Tour-Guided Tour-Photography Tour-Whale Watch,7,70,53,https://fareharbor.com/embeds/calendar/sitkawonders/items/675645/?asn=fhdn&asn-ref=alloutdooradventures&ref=alloutdooradventures&bookable-only=yes&full-items=yes&marketplace=yes&flow=no,"<script src=""https://fareharbor.com/embeds/script/calendar/sitkawonders/items/675645/?asn=fhdn&asn-ref=alloutdooradventures&ref=alloutdooradventures&bookable-only=yes&full-items=yes&marketplace=yes&flow=no""></script>",https://fareharbor.com/embeds/book/sitkawonders/items/675645/?asn=fhdn&asn-ref=alloutdooradventures&ref=alloutdooradventures&bookable-only=yes&full-items=yes&marketplace=yes&flow=no,https://cdn.filestackcontent.com/CLUxnkRSXWGySs4twgsA
Orca Spirit Adventures,orcaspiritadventures,reservations@orcaspirit.com,1-888-672-6722,Canada/British Columbia/Victoria,,,679748,Victoria Winter Wildlife - Covered Vessel Tour,Attraction-Boat Tour-Eco Tour-Guided Tour-Sightseeing Tour-Whale Watch-Wildlife,1,70,12,https://fareharbor.com/embeds/calendar/orcaspiritadventures/items/679748/?asn=fhdn-cad&asn-ref=alloutdooradventures&ref=alloutdooradventures&bookable-only=yes&full-items=yes&marketplace=yes&flow=no,"<script src=""https://fareharbor.com/embeds/script/calendar/orcaspiritadventures/items/679748/?asn=fhdn-cad&asn-ref=alloutdooradventures&ref=alloutdooradventures&bookable-only=yes&full-items=yes&marketplace=yes&flow=no""></script>",https://fareharbor.com/embeds/book/orcaspiritadventures/items/679748/?asn=fhdn-cad&asn-ref=alloutdooradventures&ref=alloutdooradventures&bookable-only=yes&full-items=yes&marketplace=yes&flow=no,https://cdn.filestackcontent.com/gfh0yL0Q2q4W9Zf0Uu0Q
Banff Day Trips,banffdaytrips,banffdaytrips@gmail.com,(403) 597-6993,Canada/Alberta/Calgary,,,693138,Wolfdog Sanctuary - Half Day Tour,Guided Tour-Sightseeing Tour-Wildlife,7,70,256,https://fareharbor.com/embeds/calendar/banffdaytrips/items/693138/?asn=fhdn-cad&asn-ref=alloutdooradventures&ref=alloutdooradventures&bookable-only=yes&full-items=yes&marketplace=yes&flow=no,"<script src=""https://fareharbor.com/embeds/script/calendar/banffdaytrips/items/693138/?asn=fhdn-cad&asn-ref=alloutdooradventures&ref=alloutdooradventures&bookable-only=yes&full-items=yes&marketplace=yes&flow=no""></script>",https://fareharbor.com/embeds/book/banffdaytrips/items/693138/?asn=fhdn-cad&asn-ref=alloutdooradventures&ref=alloutdooradventures&bookable-only=yes&full-items=yes&marketplace=yes&flow=no,https://cdn.filestackcontent.com/cuAmjmSKQN6piwBPpjm3
Urban Adventours,urbanadventours,info@urbanadventours.com,617-670-0637,United States/Massachusetts/Boston,,,27352,City Bike Rental,Bike Rental-Bike Tour,1,69,153,https://fareharbor.com/embeds/calendar/urbanadventours/items/27352/?asn=fhdn&asn-ref=alloutdooradventures&ref=alloutdooradventures&bookable-only=yes&full-items=yes&marketplace=yes&flow=no,"<script src=""https://fareharbor.com/embeds/script/calendar/urbanadventours/items/27352/?asn=fhdn&asn-ref=alloutdooradventures&ref=alloutdooradventures&bookable-only=yes&full-items=yes&marketplace=yes&flow=no""></script>",https://fareharbor.com/embeds/book/urbanadventours/items/27352/?asn=fhdn&asn-ref=alloutdooradventures&ref=alloutdooradventures&bookable-only=yes&full-items=yes&marketplace=yes&flow=no,https://cdn.filestackcontent.com/12Oa2UAITUujvVHF9Ikv
Toonie Tours,vancouvertoonietours,guide@toonietours.ca,+1-866-643-1847,Canada/British Columbia/Victoria,,,404735,Victoria City Bike Tour,Bike Tour-Castle-City Tour-History Tour-Sightseeing Tour-Walking Tour,1,69,0,https://fareharbor.com/embeds/calendar/vancouvertoonietours/items/404735/?asn=fhdn-cad&asn-ref=alloutdooradventures&ref=alloutdooradventures&bookable-only=yes&full-items=yes&marketplace=yes&flow=no,"<script src=""https://fareharbor.com/embeds/script/calendar/vancouvertoonietours/items/404735/?asn=fhdn-cad&asn-ref=alloutdooradventures&ref=alloutdooradventures&bookable-only=yes&full-items=yes&marketplace=yes&flow=no""></script>",https://fareharbor.com/embeds/book/vancouvertoonietours/items/404735/?asn=fhdn-cad&asn-ref=alloutdooradventures&ref=alloutdooradventures&bookable-only=yes&full-items=yes&marketplace=yes&flow=no,https://cdn.filestackcontent.com/OasFarwGQCqpGo4idzam
Evergreen Escapes - Seattle,evergreenescapes-seattle,bookings@evergreenescapes.com,206-650-5795,United States/Washington/Seattle,,,490073,Winter Mt. Rainier - Longmire Only Tour,Hiking,6,69,0,https://fareharbor.com/embeds/calendar/evergreenescapes-seattle/items/490073/?asn=fhdn&asn-ref=alloutdooradventures&ref=alloutdooradventures&bookable-only=yes&full-items=yes&marketplace=yes&flow=no,"<script src=""https://fareharbor.com/embeds/script/calendar/evergreenescapes-seattle/items/490073/?asn=fhdn&asn-ref=alloutdooradventures&ref=alloutdooradventures&bookable-only=yes&full-items=yes&marketplace=yes&flow=no""></script>",https://fareharbor.com/embeds/book/evergreenescapes-seattle/items/490073/?asn=fhdn&asn-ref=alloutdooradventures&ref=alloutdooradventures&bookable-only=yes&full-items=yes&marketplace=yes&flow=no,https://cdn.filestackcontent.com/xISMkXW2Sg2YXsMj9fE3
Cpt. Gary's Sitka Adventures,sitkaadventures,koalithorne@gmail.com,907-738-4887,United States/Alaska/Sitka,,,692484,Nature Lovers Sitka Hiking Tour,Eco Tour-Environmental Attraction-Guided Tour-Hiking-Photography Tour-Sightseeing Tour-Walking Tour,53,69,203,https://fareharbor.com/embeds/calendar/sitkaadventures/items/692484/?asn=fhdn&asn-ref=alloutdooradventures&ref=alloutdooradventures&bookable-only=yes&full-items=yes&marketplace=yes&flow=no,"<script src=""https://fareharbor.com/embeds/script/calendar/sitkaadventures/items/692484/?asn=fhdn&asn-ref=alloutdooradventures&ref=alloutdooradventures&bookable-only=yes&full-items=yes&marketplace=yes&flow=no""></script>",https://fareharbor.com/embeds/book/sitkaadventures/items/692484/?asn=fhdn&asn-ref=alloutdooradventures&ref=alloutdooradventures&bookable-only=yes&full-items=yes&marketplace=yes&flow=no,https://cdn.filestackcontent.com/p5cMmSwBSdWNo6ZmNH8e
Evergreen Escapes - Seattle,evergreenescapes-seattle,bookings@evergreenescapes.com,206-650-5795,United States/Washington/Seattle,-122.332848,47.606139,58654,Mt. St. Helens National Monument Day Tour,Hiking,4,68,0,https://fareharbor.com/embeds/calendar/evergreenescapes-seattle/items/58654/?asn=fhdn&asn-ref=alloutdooradventures&ref=alloutdooradventures&bookable-only=yes&full-items=yes&marketplace=yes&flow=no,"<script src=""https://fareharbor.com/embeds/script/calendar/evergreenescapes-seattle/items/58654/?asn=fhdn&asn-ref=alloutdooradventures&ref=alloutdooradventures&bookable-only=yes&full-items=yes&marketplace=yes&flow=no""></script>",https://fareharbor.com/embeds/book/evergreenescapes-seattle/items/58654/?asn=fhdn&asn-ref=alloutdooradventures&ref=alloutdooradventures&bookable-only=yes&full-items=yes&marketplace=yes&flow=no,https://cdn.filestackcontent.com/5Mm471t7RbyUpnPr81xL
Teton Excursions,tetonexcursions,aaron@tetonexcursions.com,(307) 231-4697,United States/Wyoming/Pinedale,-109.86335,42.867881,372145,Grand Teton Day Tour,Hiking,4,68,123,https://fareharbor.com/embeds/calendar/tetonexcursions/items/372145/?asn=fhdn&asn-ref=alloutdooradventures&ref=alloutdooradventures&bookable-only=yes&full-items=yes&marketplace=yes&flow=no,"<script src=""https://fareharbor.com/embeds/script/calendar/tetonexcursions/items/372145/?asn=fhdn&asn-ref=alloutdooradventures&ref=alloutdooradventures&bookable-only=yes&full-items=yes&marketplace=yes&flow=no""></script>",https://fareharbor.com/embeds/book/tetonexcursions/items/372145/?asn=fhdn&asn-ref=alloutdooradventures&ref=alloutdooradventures&bookable-only=yes&full-items=yes&marketplace=yes&flow=no,https://cdn.filestackcontent.com/3N1z7uAZQnK77HLOpz22
Toonie Tours,vancouvertoonietours,guide@toonietours.ca,+1-866-643-1847,Canada/British Columbia/Squamish,-123.1570148,49.675242,403763,Sea To Sky Gondola,Boat Tour-Climbing-Winter Activities,8,68,180,https://fareharbor.com/embeds/calendar/vancouvertoonietours/items/403763/?asn=fhdn-cad&asn-ref=alloutdooradventures&ref=alloutdooradventures&bookable-only=yes&full-items=yes&marketplace=yes&flow=no,"<script src=""https://fareharbor.com/embeds/script/calendar/vancouvertoonietours/items/403763/?asn=fhdn-cad&asn-ref=alloutdooradventures&ref=alloutdooradventures&bookable-only=yes&full-items=yes&marketplace=yes&flow=no""></script>",https://fareharbor.com/embeds/book/vancouvertoonietours/items/403763/?asn=fhdn-cad&asn-ref=alloutdooradventures&ref=alloutdooradventures&bookable-only=yes&full-items=yes&marketplace=yes&flow=no,https://cdn.filestackcontent.com/eFxRIgTdKiQXQRws4oTQ
Portland Discovery Tours,portlanddiscovery,info@portlanddiscovery.com,(207) 774-0808,United States/Maine/Portland,,,538625,Peek at Portland Tour,Bike Tour,1,68,2,https://fareharbor.com/embeds/calendar/portlanddiscovery/items/538625/?asn=fhdn&asn-ref=alloutdooradventures&ref=alloutdooradventures&bookable-only=yes&full-items=yes&marketplace=yes&flow=no,"<script src=""https://fareharbor.com/embeds/script/calendar/portlanddiscovery/items/538625/?asn=fhdn&asn-ref=alloutdooradventures&ref=alloutdooradventures&bookable-only=yes&full-items=yes&marketplace=yes&flow=no""></script>",https://fareharbor.com/embeds/book/portlanddiscovery/items/538625/?asn=fhdn&asn-ref=alloutdooradventures&ref=alloutdooradventures&bookable-only=yes&full-items=yes&marketplace=yes&flow=no,https://cdn.filestackcontent.com/oI5aOGprSOKyzJ9T0xvv
Teton Excursions,tetonexcursions,aaron@tetonexcursions.com,(307) 231-4697,United States/Wyoming/Pinedale,-109.86335,42.867881,372005,3 Day Yellowstone Tour,Hiking,3,67,123,https://fareharbor.com/embeds/calendar/tetonexcursions/items/372005/?asn=fhdn&asn-ref=alloutdooradventures&ref=alloutdooradventures&bookable-only=yes&full-items=yes&marketplace=yes&flow=no,"<script src=""https://fareharbor.com/embeds/script/calendar/tetonexcursions/items/372005/?asn=fhdn&asn-ref=alloutdooradventures&ref=alloutdooradventures&bookable-only=yes&full-items=yes&marketplace=yes&flow=no""></script>",https://fareharbor.com/embeds/book/tetonexcursions/items/372005/?asn=fhdn&asn-ref=alloutdooradventures&ref=alloutdooradventures&bookable-only=yes&full-items=yes&marketplace=yes&flow=no,https://cdn.filestackcontent.com/XtOrVQl4Qse8dqdYNdYs
"Kayak Guide Justin, LLC.",kayak-guide-justin,info@kayak-guide-justin.com,9202413539,United States/Wisconsin/Rowleys Bay,-87.03528,45.21972,555496,Mink River Estuary Eco-Tour,Eco Tour-Water Activities,1,67,321,https://fareharbor.com/embeds/calendar/kayak-guide-justin/items/555496/?asn=fhdn&asn-ref=alloutdooradventures&ref=alloutdooradventures&bookable-only=yes&full-items=yes&marketplace=yes&flow=no,"<script src=""https://fareharbor.com/embeds/script/calendar/kayak-guide-justin/items/555496/?asn=fhdn&asn-ref=alloutdooradventures&ref=alloutdooradventures&bookable-only=yes&full-items=yes&marketplace=yes&flow=no""></script>",https://fareharbor.com/embeds/book/kayak-guide-justin/items/555496/?asn=fhdn&asn-ref=alloutdooradventures&ref=alloutdooradventures&bookable-only=yes&full-items=yes&marketplace=yes&flow=no,https://cdn.filestackcontent.com/3YgKDJrNSv6Hls8SELkD
Adventure Sitka,adventuresitka,info@adventuresitka.com,907-752-0660,United States/Alaska/Sitka,,,605662,Sitka's Coastal Wildlife Cruise,Wildlife,1,67,51,https://fareharbor.com/embeds/calendar/adventuresitka/items/605662/?asn=fhdn&asn-ref=alloutdooradventures&ref=alloutdooradventures&bookable-only=yes&full-items=yes&marketplace=yes&flow=no,"<script src=""https://fareharbor.com/embeds/script/calendar/adventuresitka/items/605662/?asn=fhdn&asn-ref=alloutdooradventures&ref=alloutdooradventures&bookable-only=yes&full-items=yes&marketplace=yes&flow=no""></script>",https://fareharbor.com/embeds/book/adventuresitka/items/605662/?asn=fhdn&asn-ref=alloutdooradventures&ref=alloutdooradventures&bookable-only=yes&full-items=yes&marketplace=yes&flow=no,https://cdn.filestackcontent.com/OksghZqaQryLN7BP7BkQ
Yellowstone Adventure Moto,yellowstoneadvmoto,joe@jtgrey.com,3072509740,United States/Wyoming/Cody,,,694384,Self-Guided ADV Motorcycle Rental – KLR 650,Bike Rental-Bike Tour,3,67,93,https://fareharbor.com/embeds/calendar/yellowstoneadvmoto/items/694384/?asn=fhdn&asn-ref=alloutdooradventures&ref=alloutdooradventures&bookable-only=yes&full-items=yes&marketplace=yes&flow=no,"<script src=""https://fareharbor.com/embeds/script/calendar/yellowstoneadvmoto/items/694384/?asn=fhdn&asn-ref=alloutdooradventures&ref=alloutdooradventures&bookable-only=yes&full-items=yes&marketplace=yes&flow=no""></script>",https://fareharbor.com/embeds/book/yellowstoneadvmoto/items/694384/?asn=fhdn&asn-ref=alloutdooradventures&ref=alloutdooradventures&bookable-only=yes&full-items=yes&marketplace=yes&flow=no,https://cdn.filestackcontent.com/snwT49muSizlVxLw1Slg
Door County Kayak,doorcountykayaktours,Info@DoorCountyKayakTours.com,920-868-1400,United States/Wisconsin/Sturgeon Bay,,,221394,E-Bike Rental: Cave Point / Whitefish Bay Dunes,Bike Tour-E-Bike,5,66,1620,https://fareharbor.com/embeds/calendar/doorcountykayaktours/items/221394/?asn=fhdn&asn-ref=alloutdooradventures&ref=alloutdooradventures&bookable-only=yes&full-items=yes&marketplace=yes&flow=no,"<script src=""https://fareharbor.com/embeds/script/calendar/doorcountykayaktours/items/221394/?asn=fhdn&asn-ref=alloutdooradventures&ref=alloutdooradventures&bookable-only=yes&full-items=yes&marketplace=yes&flow=no""></script>",https://fareharbor.com/embeds/book/doorcountykayaktours/items/221394/?asn=fhdn&asn-ref=alloutdooradventures&ref=alloutdooradventures&bookable-only=yes&full-items=yes&marketplace=yes&flow=no,https://cdn.filestackcontent.com/aqMSavPcTWKa3BBF1fP8
Urban Adventours,urbanadventours,info@urbanadventours.com,617-670-0637,United States/Massachusetts/Boston,,,27349,Emerald Necklace Tour,Bike Tour,6,65,0,https://fareharbor.com/embeds/calendar/urbanadventours/items/27349/?asn=fhdn&asn-ref=alloutdooradventures&ref=alloutdooradventures&bookable-only=yes&full-items=yes&marketplace=yes&flow=no,"<script src=""https://fareharbor.com/embeds/script/calendar/urbanadventours/items/27349/?asn=fhdn&asn-ref=alloutdooradventures&ref=alloutdooradventures&bookable-only=yes&full-items=yes&marketplace=yes&flow=no""></script>",https://fareharbor.com/embeds/book/urbanadventours/items/27349/?asn=fhdn&asn-ref=alloutdooradventures&ref=alloutdooradventures&bookable-only=yes&full-items=yes&marketplace=yes&flow=no,https://cdn.filestackcontent.com/EWQdMpARRfCFy6SaUxGP
Urban Adventours,urbanadventours,info@urbanadventours.com,617-670-0637,United States/Massachusetts/Boston,,,27367,Tandem Rental,Bike Tour,0,65,153,https://fareharbor.com/embeds/calendar/urbanadventours/items/27367/?asn=fhdn&asn-ref=alloutdooradventures&ref=alloutdooradventures&bookable-only=yes&full-items=yes&marketplace=yes&flow=no,"<script src=""https://fareharbor.com/embeds/script/calendar/urbanadventours/items/27367/?asn=fhdn&asn-ref=alloutdooradventures&ref=alloutdooradventures&bookable-only=yes&full-items=yes&marketplace=yes&flow=no""></script>",https://fareharbor.com/embeds/book/urbanadventours/items/27367/?asn=fhdn&asn-ref=alloutdooradventures&ref=alloutdooradventures&bookable-only=yes&full-items=yes&marketplace=yes&flow=no,https://cdn.filestackcontent.com/LWOiKR1rTAyc13VXi8bU
Clayton Island Tours,claytonislandtours,Info@claytonislandtours.com,(315) 686-4820,United States/New York/Clayton,,,36589,1000 Islands Canada - No Passports Required,Boat Tour-Canoe-Distillery-Ferry-History Tour,5,65,57,https://fareharbor.com/embeds/calendar/claytonislandtours/items/36589/?asn=fhdn&asn-ref=alloutdooradventures&ref=alloutdooradventures&bookable-only=yes&full-items=yes&marketplace=yes&flow=no,"<script src=""https://fareharbor.com/embeds/script/calendar/claytonislandtours/items/36589/?asn=fhdn&asn-ref=alloutdooradventures&ref=alloutdooradventures&bookable-only=yes&full-items=yes&marketplace=yes&flow=no""></script>",https://fareharbor.com/embeds/book/claytonislandtours/items/36589/?asn=fhdn&asn-ref=alloutdooradventures&ref=alloutdooradventures&bookable-only=yes&full-items=yes&marketplace=yes&flow=no,https://cdn.filestackcontent.com/m1ULPesKSd6ixkNk5N2l
Urban Adventours,urbanadventours,info@urbanadventours.com,617-670-0637,United States/Massachusetts/Boston,,,73240,Wheels in the Woods,Bike Tour,8,65,0,https://fareharbor.com/embeds/calendar/urbanadventours/items/73240/?asn=fhdn&asn-ref=alloutdooradventures&ref=alloutdooradventures&bookable-only=yes&full-items=yes&marketplace=yes&flow=no,"<script src=""https://fareharbor.com/embeds/script/calendar/urbanadventours/items/73240/?asn=fhdn&asn-ref=alloutdooradventures&ref=alloutdooradventures&bookable-only=yes&full-items=yes&marketplace=yes&flow=no""></script>",https://fareharbor.com/embeds/book/urbanadventours/items/73240/?asn=fhdn&asn-ref=alloutdooradventures&ref=alloutdooradventures&bookable-only=yes&full-items=yes&marketplace=yes&flow=no,https://cdn.filestackcontent.com/6bXHyr09RXKAf3surH2w
Evergreen Escapes - Seattle,evergreenescapes-seattle,bookings@evergreenescapes.com,206-650-5795,United States/Washington/Seattle,-122.332848,47.606139,98512,6 Day Olympic National Park Hiking Tour,Hiking,6,65,0,https://fareharbor.com/embeds/calendar/evergreenescapes-seattle/items/98512/?asn=fhdn&asn-ref=alloutdooradventures&ref=alloutdooradventures&bookable-only=yes&full-items=yes&marketplace=yes&flow=no,"<script src=""https://fareharbor.com/embeds/script/calendar/evergreenescapes-seattle/items/98512/?asn=fhdn&asn-ref=alloutdooradventures&ref=alloutdooradventures&bookable-only=yes&full-items=yes&marketplace=yes&flow=no""></script>",https://fareharbor.com/embeds/book/evergreenescapes-seattle/items/98512/?asn=fhdn&asn-ref=alloutdooradventures&ref=alloutdooradventures&bookable-only=yes&full-items=yes&marketplace=yes&flow=no,https://cdn.filestackcontent.com/JkqyT6HTBescYlVjrwnw
Evergreen Escapes - Seattle,evergreenescapes-seattle,bookings@evergreenescapes.com,206-650-5795,United States/Washington/Seattle,-122.332848,47.606139,184789,National Parks of Washington State Hiking Tour,Hiking,10,65,0,https://fareharbor.com/embeds/calendar/evergreenescapes-seattle/items/184789/?asn=fhdn&asn-ref=alloutdooradventures&ref=alloutdooradventures&bookable-only=yes&full-items=yes&marketplace=yes&flow=no,"<script src=""https://fareharbor.com/embeds/script/calendar/evergreenescapes-seattle/items/184789/?asn=fhdn&asn-ref=alloutdooradventures&ref=alloutdooradventures&bookable-only=yes&full-items=yes&marketplace=yes&flow=no""></script>",https://fareharbor.com/embeds/book/evergreenescapes-seattle/items/184789/?asn=fhdn&asn-ref=alloutdooradventures&ref=alloutdooradventures&bookable-only=yes&full-items=yes&marketplace=yes&flow=no,https://cdn.filestackcontent.com/udT3NyBTpm8MX68QyGFR
Evergreen Escapes - Seattle,evergreenescapes-seattle,bookings@evergreenescapes.com,206-650-5795,United States/Washington/Seattle,-122.332848,47.606139,186139,2-Day Mount Rainier National Park Tour,Hiking,4,65,0,https://fareharbor.com/embeds/calendar/evergreenescapes-seattle/items/186139/?asn=fhdn&asn-ref=alloutdooradventures&ref=alloutdooradventures&bookable-only=yes&full-items=yes&marketplace=yes&flow=no,"<script src=""https://fareharbor.com/embeds/script/calendar/evergreenescapes-seattle/items/186139/?asn=fhdn&asn-ref=alloutdooradventures&ref=alloutdooradventures&bookable-only=yes&full-items=yes&marketplace=yes&flow=no""></script>",https://fareharbor.com/embeds/book/evergreenescapes-seattle/items/186139/?asn=fhdn&asn-ref=alloutdooradventures&ref=alloutdooradventures&bookable-only=yes&full-items=yes&marketplace=yes&flow=no,https://cdn.filestackcontent.com/I1uwPmN3T4iQ1Xrp6VpX
WindsorEats,windsoreats,info@windsoreats.com,+1 519-982-5212,Canada/Ontario/Windsor,,,252489,Windsor Graffiti Scooter Tour,Bike Tour,6,65,0,https://fareharbor.com/embeds/calendar/windsoreats/items/252489/?asn=fhdn-cad&asn-ref=alloutdooradventures&ref=alloutdooradventures&bookable-only=yes&full-items=yes&marketplace=yes&flow=no,"<script src=""https://fareharbor.com/embeds/script/calendar/windsoreats/items/252489/?asn=fhdn-cad&asn-ref=alloutdooradventures&ref=alloutdooradventures&bookable-only=yes&full-items=yes&marketplace=yes&flow=no""></script>",https://fareharbor.com/embeds/book/windsoreats/items/252489/?asn=fhdn-cad&asn-ref=alloutdooradventures&ref=alloutdooradventures&bookable-only=yes&full-items=yes&marketplace=yes&flow=no,https://cdn.filestackcontent.com/BZrT23iWQoa4Tj9t9XcB
Evergreen Escapes - Seattle,evergreenescapes-seattle,bookings@evergreenescapes.com,206-650-5795,United States/Washington/Seattle,-122.332848,47.606139,275438,4-Day North Cascades Winter Wonderland Multi-Sport,Hiking,5,65,0,https://fareharbor.com/embeds/calendar/evergreenescapes-seattle/items/275438/?asn=fhdn&asn-ref=alloutdooradventures&ref=alloutdooradventures&bookable-only=yes&full-items=yes&marketplace=yes&flow=no,"<script src=""https://fareharbor.com/embeds/script/calendar/evergreenescapes-seattle/items/275438/?asn=fhdn&asn-ref=alloutdooradventures&ref=alloutdooradventures&bookable-only=yes&full-items=yes&marketplace=yes&flow=no""></script>",https://fareharbor.com/embeds/book/evergreenescapes-seattle/items/275438/?asn=fhdn&asn-ref=alloutdooradventures&ref=alloutdooradventures&bookable-only=yes&full-items=yes&marketplace=yes&flow=no,https://cdn.filestackcontent.com/FT5pDqerT5CbCZPTfcMF
SunBuggy Silver Lake Dunes,sunbuggysilverlakedunes,info@sunbuggy.com,517-271-8585,United States/Michigan/Mears,,,378485,Silver Lake Dunes Jeep Tour,Jeep,11,65,0,https://fareharbor.com/embeds/calendar/sunbuggysilverlakedunes/items/378485/?asn=fhdn&asn-ref=alloutdooradventures&ref=alloutdooradventures&bookable-only=yes&full-items=yes&marketplace=yes&flow=no,"<script src=""https://fareharbor.com/embeds/script/calendar/sunbuggysilverlakedunes/items/378485/?asn=fhdn&asn-ref=alloutdooradventures&ref=alloutdooradventures&bookable-only=yes&full-items=yes&marketplace=yes&flow=no""></script>",https://fareharbor.com/embeds/book/sunbuggysilverlakedunes/items/378485/?asn=fhdn&asn-ref=alloutdooradventures&ref=alloutdooradventures&bookable-only=yes&full-items=yes&marketplace=yes&flow=no,https://cdn.filestackcontent.com/FXlWYTDVScyJG4trYh88
Terran Travels,terrantravels,info@terrantravels.com,503-662-2699,United States/Oregon/Portland,,,476396,Explore Columbia River Gorge Half-Day Small-Group Hiking Tour,Hiking-Walking Tour,1,65,360,https://fareharbor.com/embeds/calendar/terrantravels/items/476396/?asn=fhdn&asn-ref=alloutdooradventures&ref=alloutdooradventures&bookable-only=yes&full-items=yes&marketplace=yes&flow=no,"<script src=""https://fareharbor.com/embeds/script/calendar/terrantravels/items/476396/?asn=fhdn&asn-ref=alloutdooradventures&ref=alloutdooradventures&bookable-only=yes&full-items=yes&marketplace=yes&flow=no""></script>",https://fareharbor.com/embeds/book/terrantravels/items/476396/?asn=fhdn&asn-ref=alloutdooradventures&ref=alloutdooradventures&bookable-only=yes&full-items=yes&marketplace=yes&flow=no,https://cdn.filestackcontent.com/DAtnQrkQOqM7F8MtyBsw
Adventures in Seattle,adventures-in-seattle,info@adventuresinseattle.com,(253) 508-9441,United States/Washington/Buckley,,,532588,Mount Rainier Hike,Hiking,1,65,46,https://fareharbor.com/embeds/calendar/adventures-in-seattle/items/532588/?asn=fhdn&asn-ref=alloutdooradventures&ref=alloutdooradventures&bookable-only=yes&full-items=yes&marketplace=yes&flow=no,"<script src=""https://fareharbor.com/embeds/script/calendar/adventures-in-seattle/items/532588/?asn=fhdn&asn-ref=alloutdooradventures&ref=alloutdooradventures&bookable-only=yes&full-items=yes&marketplace=yes&flow=no""></script>",https://fareharbor.com/embeds/book/adventures-in-seattle/items/532588/?asn=fhdn&asn-ref=alloutdooradventures&ref=alloutdooradventures&bookable-only=yes&full-items=yes&marketplace=yes&flow=no,https://cdn.filestackcontent.com/uBa4gTPSSTW4PO8AyEAO
Evergreen Escapes - Seattle,evergreenescapes-seattle,bookings@evergreenescapes.com,206-650-5795,United States/Washington/Seattle,,,547765,Whales + Wildlife Watching Tour,Boat Tour-Whale Watch-Wildlife,6,65,0,https://fareharbor.com/embeds/calendar/evergreenescapes-seattle/items/547765/?asn=fhdn&asn-ref=alloutdooradventures&ref=alloutdooradventures&bookable-only=yes&full-items=yes&marketplace=yes&flow=no,"<script src=""https://fareharbor.com/embeds/script/calendar/evergreenescapes-seattle/items/547765/?asn=fhdn&asn-ref=alloutdooradventures&ref=alloutdooradventures&bookable-only=yes&full-items=yes&marketplace=yes&flow=no""></script>",https://fareharbor.com/embeds/book/evergreenescapes-seattle/items/547765/?asn=fhdn&asn-ref=alloutdooradventures&ref=alloutdooradventures&bookable-only=yes&full-items=yes&marketplace=yes&flow=no,https://cdn.filestackcontent.com/OnYHOxgsQSrqaGpFpdfC
Kaatza Adventures,kaatzaadventures,kaatzaadventures@gmail.com,250-932-4903,Canada/British Columbia/Lake Cowichan,,,643911,Canoe Rentals,Canoe,1,65,608,https://fareharbor.com/embeds/calendar/kaatzaadventures/items/643911/?asn=fhdn-cad&asn-ref=alloutdooradventures&ref=alloutdooradventures&bookable-only=yes&full-items=yes&marketplace=yes&flow=no,"<script src=""https://fareharbor.com/embeds/script/calendar/kaatzaadventures/items/643911/?asn=fhdn-cad&asn-ref=alloutdooradventures&ref=alloutdooradventures&bookable-only=yes&full-items=yes&marketplace=yes&flow=no""></script>",https://fareharbor.com/embeds/book/kaatzaadventures/items/643911/?asn=fhdn-cad&asn-ref=alloutdooradventures&ref=alloutdooradventures&bookable-only=yes&full-items=yes&marketplace=yes&flow=no,https://cdn.filestackcontent.com/AK2DRN7MSOyO0w8YhJC4
Yellow Dog Lodge,yellowdoglodge,gord@yellowdoglodge.ca,(403) 668-9936,"Canada/Northwest Territories/Fort Smith, Unorganized",-116.265436,62.152187,686365,Graham Lake Floating Tent Camp - JOEY,Air Activities-Airplane-Air Tour-Boat Rental-Boat Tour-Canoe-Fishing-Lodging-Marina-Northern Lights Tour-Photography Tour-Transfer-Self-Guided Tour-Transportation-Water Activities-Wildlife,5,65,64,https://fareharbor.com/embeds/calendar/yellowdoglodge/items/686365/?asn=fhdn-cad&asn-ref=alloutdooradventures&ref=alloutdooradventures&bookable-only=yes&full-items=yes&marketplace=yes&flow=no,"<script src=""https://fareharbor.com/embeds/script/calendar/yellowdoglodge/items/686365/?asn=fhdn-cad&asn-ref=alloutdooradventures&ref=alloutdooradventures&bookable-only=yes&full-items=yes&marketplace=yes&flow=no""></script>",https://fareharbor.com/embeds/book/yellowdoglodge/items/686365/?asn=fhdn-cad&asn-ref=alloutdooradventures&ref=alloutdooradventures&bookable-only=yes&full-items=yes&marketplace=yes&flow=no,https://cdn.filestackcontent.com/1oKbNu2VQPyUNGdrXHiM
Evergreen Escapes - Seattle,evergreenescapes-seattle,bookings@evergreenescapes.com,206-650-5795,United States/Washington/Seattle,-122.332848,47.606139,186140,5 Day Mt. Rainier & Mt. St. Helens Hiking Tour,Hiking,7,64,0,https://fareharbor.com/embeds/calendar/evergreenescapes-seattle/items/186140/?asn=fhdn&asn-ref=alloutdooradventures&ref=alloutdooradventures&bookable-only=yes&full-items=yes&marketplace=yes&flow=no,"<script src=""https://fareharbor.com/embeds/script/calendar/evergreenescapes-seattle/items/186140/?asn=fhdn&asn-ref=alloutdooradventures&ref=alloutdooradventures&bookable-only=yes&full-items=yes&marketplace=yes&flow=no""></script>",https://fareharbor.com/embeds/book/evergreenescapes-seattle/items/186140/?asn=fhdn&asn-ref=alloutdooradventures&ref=alloutdooradventures&bookable-only=yes&full-items=yes&marketplace=yes&flow=no,https://cdn.filestackcontent.com/qqMxYK0RfmQJn8U8owp0
Evergreen Escapes - Seattle,evergreenescapes-seattle,bookings@evergreenescapes.com,206-650-5795,United States/Washington/Seattle,-122.332848,47.606139,295114,DRAFT 6-Day Olympic National Park Hiking Tour,Ferry-Hiking-Lodging-Surf-Walking Tour-Water Activities,6,64,0,https://fareharbor.com/embeds/calendar/evergreenescapes-seattle/items/295114/?asn=fhdn&asn-ref=alloutdooradventures&ref=alloutdooradventures&bookable-only=yes&full-items=yes&marketplace=yes&flow=no,"<script src=""https://fareharbor.com/embeds/script/calendar/evergreenescapes-seattle/items/295114/?asn=fhdn&asn-ref=alloutdooradventures&ref=alloutdooradventures&bookable-only=yes&full-items=yes&marketplace=yes&flow=no""></script>",https://fareharbor.com/embeds/book/evergreenescapes-seattle/items/295114/?asn=fhdn&asn-ref=alloutdooradventures&ref=alloutdooradventures&bookable-only=yes&full-items=yes&marketplace=yes&flow=no,https://cdn.filestackcontent.com/hFJ0MCRjRJqne6YgtFhg
First Nature Tours,firstnaturetours-or,info@firstnaturetours.com,(503) 395-7933,United States/Oregon/Portland,,,498723,Portland to Columbia Gorge | Waterfalls and Botanical Discovery Hike,Guided Tour-Hiking-Walking Tour,6,64,128,https://fareharbor.com/embeds/calendar/firstnaturetours-or/items/498723/?asn=fhdn&asn-ref=alloutdooradventures&ref=alloutdooradventures&bookable-only=yes&full-items=yes&marketplace=yes&flow=no,"<script src=""https://fareharbor.com/embeds/script/calendar/firstnaturetours-or/items/498723/?asn=fhdn&asn-ref=alloutdooradventures&ref=alloutdooradventures&bookable-only=yes&full-items=yes&marketplace=yes&flow=no""></script>",https://fareharbor.com/embeds/book/firstnaturetours-or/items/498723/?asn=fhdn&asn-ref=alloutdooradventures&ref=alloutdooradventures&bookable-only=yes&full-items=yes&marketplace=yes&flow=no,https://cdn.filestackcontent.com/tFBBWpHTra2VGXhrdeMw
Banff Day Trips,banffdaytrips,banffdaytrips@gmail.com,(403) 597-6993,Canada/Alberta/Calgary,,,700616,ATV Adventure + Bison Picnic,ATV/UTV-Eco Tour-Guided Tour-Wildlife,11,64,25,https://fareharbor.com/embeds/calendar/banffdaytrips/items/700616/?asn=fhdn-cad&asn-ref=alloutdooradventures&ref=alloutdooradventures&bookable-only=yes&full-items=yes&marketplace=yes&flow=no,"<script src=""https://fareharbor.com/embeds/script/calendar/banffdaytrips/items/700616/?asn=fhdn-cad&asn-ref=alloutdooradventures&ref=alloutdooradventures&bookable-only=yes&full-items=yes&marketplace=yes&flow=no""></script>",https://fareharbor.com/embeds/book/banffdaytrips/items/700616/?asn=fhdn-cad&asn-ref=alloutdooradventures&ref=alloutdooradventures&bookable-only=yes&full-items=yes&marketplace=yes&flow=no,https://cdn.filestackcontent.com/1EEWPLGwQh6lI8I6pyu8
Above & Beyond Alaska,beyondak,info@beyondak.com,907-364-2333,United States/Alaska/Juneau,,,195600,Mendenhall Glacier Canoe Paddle & Hike,Canoe,1,63,193,https://fareharbor.com/embeds/calendar/beyondak/items/195600/?asn=fhdn&asn-ref=alloutdooradventures&ref=alloutdooradventures&bookable-only=yes&full-items=yes&marketplace=yes&flow=no,"<script src=""https://fareharbor.com/embeds/script/calendar/beyondak/items/195600/?asn=fhdn&asn-ref=alloutdooradventures&ref=alloutdooradventures&bookable-only=yes&full-items=yes&marketplace=yes&flow=no""></script>",https://fareharbor.com/embeds/book/beyondak/items/195600/?asn=fhdn&asn-ref=alloutdooradventures&ref=alloutdooradventures&bookable-only=yes&full-items=yes&marketplace=yes&flow=no,https://cdn.filestackcontent.com/vv0QLgtiRvy4Ms87vebe
Above & Beyond Alaska,beyondak,info@beyondak.com,907-364-2333,United States/Alaska/Juneau,,,419403,"Norris Adventure: Seaplane, Paddle & Glacier Hike",Hiking,1,63,158,https://fareharbor.com/embeds/calendar/beyondak/items/419403/?asn=fhdn&asn-ref=alloutdooradventures&ref=alloutdooradventures&bookable-only=yes&full-items=yes&marketplace=yes&flow=no,"<script src=""https://fareharbor.com/embeds/script/calendar/beyondak/items/419403/?asn=fhdn&asn-ref=alloutdooradventures&ref=alloutdooradventures&bookable-only=yes&full-items=yes&marketplace=yes&flow=no""></script>",https://fareharbor.com/embeds/book/beyondak/items/419403/?asn=fhdn&asn-ref=alloutdooradventures&ref=alloutdooradventures&bookable-only=yes&full-items=yes&marketplace=yes&flow=no,https://cdn.filestackcontent.com/XM7MDn87THOmZP5ORWCT
Hellgate Jetboat Excursions,hellgate,info@hellgate.com,(541) 479-7204,United States/Oregon/Grants Pass,,,449931,2-Hour Quick & Scenic,Boat Tour-Wildlife-Winter Activities,1,63,102,https://fareharbor.com/embeds/calendar/hellgate/items/449931/?asn=fhdn&asn-ref=alloutdooradventures&ref=alloutdooradventures&bookable-only=yes&full-items=yes&marketplace=yes&flow=no,"<script src=""https://fareharbor.com/embeds/script/calendar/hellgate/items/449931/?asn=fhdn&asn-ref=alloutdooradventures&ref=alloutdooradventures&bookable-only=yes&full-items=yes&marketplace=yes&flow=no""></script>",https://fareharbor.com/embeds/book/hellgate/items/449931/?asn=fhdn&asn-ref=alloutdooradventures&ref=alloutdooradventures&bookable-only=yes&full-items=yes&marketplace=yes&flow=no,https://cdn.filestackcontent.com/4yr1abnsTWi2qxK1RJrq
Hellgate Jetboat Excursions,hellgate,info@hellgate.com,(541) 479-7204,United States/Oregon/Grants Pass,,,449937,4-Hour Weekend Brunch Excursion,Boat Tour-Environmental Attraction-Guided Tour-Sightseeing Tour-Water Activities-Wildlife,1,63,43,https://fareharbor.com/embeds/calendar/hellgate/items/449937/?asn=fhdn&asn-ref=alloutdooradventures&ref=alloutdooradventures&bookable-only=yes&full-items=yes&marketplace=yes&flow=no,"<script src=""https://fareharbor.com/embeds/script/calendar/hellgate/items/449937/?asn=fhdn&asn-ref=alloutdooradventures&ref=alloutdooradventures&bookable-only=yes&full-items=yes&marketplace=yes&flow=no""></script>",https://fareharbor.com/embeds/book/hellgate/items/449937/?asn=fhdn&asn-ref=alloutdooradventures&ref=alloutdooradventures&bookable-only=yes&full-items=yes&marketplace=yes&flow=no,https://cdn.filestackcontent.com/E6Gv1G0KTOefe3QhbviL
Hellgate Jetboat Excursions,hellgate,info@hellgate.com,(541) 479-7204,United States/Oregon/Grants Pass,,,449941,4-Hour Dinner Excursion,Boat Tour-Wildlife,1,63,90,https://fareharbor.com/embeds/calendar/hellgate/items/449941/?asn=fhdn&asn-ref=alloutdooradventures&ref=alloutdooradventures&bookable-only=yes&full-items=yes&marketplace=yes&flow=no,"<script src=""https://fareharbor.com/embeds/script/calendar/hellgate/items/449941/?asn=fhdn&asn-ref=alloutdooradventures&ref=alloutdooradventures&bookable-only=yes&full-items=yes&marketplace=yes&flow=no""></script>",https://fareharbor.com/embeds/book/hellgate/items/449941/?asn=fhdn&asn-ref=alloutdooradventures&ref=alloutdooradventures&bookable-only=yes&full-items=yes&marketplace=yes&flow=no,https://cdn.filestackcontent.com/HXm0JYUKSkukO27ynJLV
Lakeside Eco-Sports,lakesideecosports,info@lakesideecosports.com,(778) 386 9323,Canada/British Columbia/Kelowna,,,504492,Okanagan Lake Views Guided E-Bike Tour with Picnic,Bike Tour-E-Bike-Guided Tour,1,63,107,https://fareharbor.com/embeds/calendar/lakesideecosports/items/504492/?asn=fhdn-cad&asn-ref=alloutdooradventures&ref=alloutdooradventures&bookable-only=yes&full-items=yes&marketplace=yes&flow=no,"<script src=""https://fareharbor.com/embeds/script/calendar/lakesideecosports/items/504492/?asn=fhdn-cad&asn-ref=alloutdooradventures&ref=alloutdooradventures&bookable-only=yes&full-items=yes&marketplace=yes&flow=no""></script>",https://fareharbor.com/embeds/book/lakesideecosports/items/504492/?asn=fhdn-cad&asn-ref=alloutdooradventures&ref=alloutdooradventures&bookable-only=yes&full-items=yes&marketplace=yes&flow=no,https://cdn.filestackcontent.com/0kHcGxuQGq0Vs69ApEFw
Dangerous Water Adventures,dangerouswateradventures,dangerouswateradv@icloud.com,907-500-5453,United States/Alaska/Juneau,,,618507,3 Hour Juneau Adventure,Boat Tour-Eco Tour-Environmental Attraction-Guided Tour-Jet Ski Tour-Sightseeing Tour-Sports-Water Activities-Whale Watch-Wildlife,1,63,276,https://fareharbor.com/embeds/calendar/dangerouswateradventures/items/618507/?asn=fhdn&asn-ref=alloutdooradventures&ref=alloutdooradventures&bookable-only=yes&full-items=yes&marketplace=yes&flow=no,"<script src=""https://fareharbor.com/embeds/script/calendar/dangerouswateradventures/items/618507/?asn=fhdn&asn-ref=alloutdooradventures&ref=alloutdooradventures&bookable-only=yes&full-items=yes&marketplace=yes&flow=no""></script>",https://fareharbor.com/embeds/book/dangerouswateradventures/items/618507/?asn=fhdn&asn-ref=alloutdooradventures&ref=alloutdooradventures&bookable-only=yes&full-items=yes&marketplace=yes&flow=no,https://cdn.filestackcontent.com/jtLFkjJPSrmAo3Bf1Xyv
Explore Banff Tours and Transfers Inc.,explorebanff,info@explorebanff.com,403-686-7905,Canada/Alberta/Canmore,,,628940,Bow Glacier Falls Guided Hiking,Attraction-Eco Tour-Environmental Attraction-Guided Tour-Hiking-Sightseeing Tour-Transportation,2,63,61,https://fareharbor.com/embeds/calendar/explorebanff/items/628940/?asn=fhdn-cad&asn-ref=alloutdooradventures&ref=alloutdooradventures&bookable-only=yes&full-items=yes&marketplace=yes&flow=no,"<script src=""https://fareharbor.com/embeds/script/calendar/explorebanff/items/628940/?asn=fhdn-cad&asn-ref=alloutdooradventures&ref=alloutdooradventures&bookable-only=yes&full-items=yes&marketplace=yes&flow=no""></script>",https://fareharbor.com/embeds/book/explorebanff/items/628940/?asn=fhdn-cad&asn-ref=alloutdooradventures&ref=alloutdooradventures&bookable-only=yes&full-items=yes&marketplace=yes&flow=no,https://cdn.filestackcontent.com/MoMnlIPUQL6uSjFQaKjf
Moon Dawg Tours,moondawgtours,moondawgtours@gmail.com,(907) 713-5442,United States/Alaska/Juneau,,,647901,Private Juneau Adventure,Bus Tour-Eco Tour-Wellness-Food Tour-Ghost Tour-Guided Tour-History Tour-Northern Lights Tour-Other-Photography Tour-Pub Crawl-Self-Guided Tour-Service-Sightseeing Tour-Transportation-Walking Tour-Wildlife,4,63,180,https://fareharbor.com/embeds/calendar/moondawgtours/items/647901/?asn=fhdn&asn-ref=alloutdooradventures&ref=alloutdooradventures&bookable-only=yes&full-items=yes&marketplace=yes&flow=no,"<script src=""https://fareharbor.com/embeds/script/calendar/moondawgtours/items/647901/?asn=fhdn&asn-ref=alloutdooradventures&ref=alloutdooradventures&bookable-only=yes&full-items=yes&marketplace=yes&flow=no""></script>",https://fareharbor.com/embeds/book/moondawgtours/items/647901/?asn=fhdn&asn-ref=alloutdooradventures&ref=alloutdooradventures&bookable-only=yes&full-items=yes&marketplace=yes&flow=no,https://cdn.filestackcontent.com/7OJSq7dcTeK4kO9wkKmd
Sports Garage,sportsgarage,hello@sportsgarage.ca,14036792630,Canada/Alberta/Canmore,,,648579,Hiking Pole Rentals,Hiking,1,63,180,https://fareharbor.com/embeds/calendar/sportsgarage/items/648579/?asn=fhdn-cad&asn-ref=alloutdooradventures&ref=alloutdooradventures&bookable-only=yes&full-items=yes&marketplace=yes&flow=no,"<script src=""https://fareharbor.com/embeds/script/calendar/sportsgarage/items/648579/?asn=fhdn-cad&asn-ref=alloutdooradventures&ref=alloutdooradventures&bookable-only=yes&full-items=yes&marketplace=yes&flow=no""></script>",https://fareharbor.com/embeds/book/sportsgarage/items/648579/?asn=fhdn-cad&asn-ref=alloutdooradventures&ref=alloutdooradventures&bookable-only=yes&full-items=yes&marketplace=yes&flow=no,https://cdn.filestackcontent.com/EXvFNGd0Rgv9L1ibsvgg
Evergreen Escapes - Seattle,evergreenescapes-seattle,bookings@evergreenescapes.com,206-650-5795,United States/Washington/Seattle,-122.332848,47.606139,295784,4-Day San Juan Hike & Kayak,Hiking-Kayak,5,62,0,https://fareharbor.com/embeds/calendar/evergreenescapes-seattle/items/295784/?asn=fhdn&asn-ref=alloutdooradventures&ref=alloutdooradventures&bookable-only=yes&full-items=yes&marketplace=yes&flow=no,"<script src=""https://fareharbor.com/embeds/script/calendar/evergreenescapes-seattle/items/295784/?asn=fhdn&asn-ref=alloutdooradventures&ref=alloutdooradventures&bookable-only=yes&full-items=yes&marketplace=yes&flow=no""></script>",https://fareharbor.com/embeds/book/evergreenescapes-seattle/items/295784/?asn=fhdn&asn-ref=alloutdooradventures&ref=alloutdooradventures&bookable-only=yes&full-items=yes&marketplace=yes&flow=no,https://cdn.filestackcontent.com/ZTpJCwfzRrSyr0daIGWx
International Mountain Climbing School,internationalmountainclimbingschool,guides@climbimcs.com,(603) 356-7064,United States/New Hampshire/Conway,,,411386,Private Guided Rock Climbing,Climbing,2,62,107,https://fareharbor.com/embeds/calendar/internationalmountainclimbingschool/items/411386/?asn=fhdn&asn-ref=alloutdooradventures&ref=alloutdooradventures&bookable-only=yes&full-items=yes&marketplace=yes&flow=no,"<script src=""https://fareharbor.com/embeds/script/calendar/internationalmountainclimbingschool/items/411386/?asn=fhdn&asn-ref=alloutdooradventures&ref=alloutdooradventures&bookable-only=yes&full-items=yes&marketplace=yes&flow=no""></script>",https://fareharbor.com/embeds/book/internationalmountainclimbingschool/items/411386/?asn=fhdn&asn-ref=alloutdooradventures&ref=alloutdooradventures&bookable-only=yes&full-items=yes&marketplace=yes&flow=no,https://cdn.filestackcontent.com/hqk7Z6a3TYS4fIZvGiFj
Sitka Wonders,sitkawonders,info@sitkawonders.com,1 (907) 759 5034,United States/Alaska/Sitka,-135.332123,57.049466,671253,Sitka's Hidden Wonders Wildlife Film,Attraction-Environmental Attraction-Events-Self-Guided Tour-Theater-Wildlife,5,62,103,https://fareharbor.com/embeds/calendar/sitkawonders/items/671253/?asn=fhdn&asn-ref=alloutdooradventures&ref=alloutdooradventures&bookable-only=yes&full-items=yes&marketplace=yes&flow=no,"<script src=""https://fareharbor.com/embeds/script/calendar/sitkawonders/items/671253/?asn=fhdn&asn-ref=alloutdooradventures&ref=alloutdooradventures&bookable-only=yes&full-items=yes&marketplace=yes&flow=no""></script>",https://fareharbor.com/embeds/book/sitkawonders/items/671253/?asn=fhdn&asn-ref=alloutdooradventures&ref=alloutdooradventures&bookable-only=yes&full-items=yes&marketplace=yes&flow=no,https://cdn.filestackcontent.com/TJpznU5HSIKEGnyt4FKo
Sky Lakes Wilderness Adventures,skylakeswild,skylakeswild@gmail.com,(541) 891 0435,United States/Oregon/Klamath Falls,-122.083743,42.523493,301585,Malone Springs Kayaking Tour,Canoe,4,61,720,https://fareharbor.com/embeds/calendar/skylakeswild/items/301585/?asn=fhdn&asn-ref=alloutdooradventures&ref=alloutdooradventures&bookable-only=yes&full-items=yes&marketplace=yes&flow=no,"<script src=""https://fareharbor.com/embeds/script/calendar/skylakeswild/items/301585/?asn=fhdn&asn-ref=alloutdooradventures&ref=alloutdooradventures&bookable-only=yes&full-items=yes&marketplace=yes&flow=no""></script>",https://fareharbor.com/embeds/book/skylakeswild/items/301585/?asn=fhdn&asn-ref=alloutdooradventures&ref=alloutdooradventures&bookable-only=yes&full-items=yes&marketplace=yes&flow=no,https://cdn.filestackcontent.com/deahT5NT1igrUoMUDIUZ
Zoar Outdoor,zoaroutdoor,info@zoaroutdoor.com,413-339-4010,United States/Vermont/Jamaica,,,350473,West River - Upper River Run 1-Day Clinic,Boat Tour-Canoe-Surf-Transportation,1,61,0,https://fareharbor.com/embeds/calendar/zoaroutdoor/items/350473/?asn=fhdn&asn-ref=alloutdooradventures&ref=alloutdooradventures&bookable-only=yes&full-items=yes&marketplace=yes&flow=no,"<script src=""https://fareharbor.com/embeds/script/calendar/zoaroutdoor/items/350473/?asn=fhdn&asn-ref=alloutdooradventures&ref=alloutdooradventures&bookable-only=yes&full-items=yes&marketplace=yes&flow=no""></script>",https://fareharbor.com/embeds/book/zoaroutdoor/items/350473/?asn=fhdn&asn-ref=alloutdooradventures&ref=alloutdooradventures&bookable-only=yes&full-items=yes&marketplace=yes&flow=no,https://cdn.filestackcontent.com/JLsjYFztQ9qYZqSNcJAQ
Explore Banff Tours and Transfers Inc.,explorebanff,info@explorebanff.com,403-686-7905,Canada/Alberta/Canmore,,,651458,Moraine Lake Sunrise,Attraction-Bus Tour-Environmental Attraction-Guided Tour-Sightseeing Tour-Transportation-Wildlife,4,61,75,https://fareharbor.com/embeds/calendar/explorebanff/items/651458/?asn=fhdn-cad&asn-ref=alloutdooradventures&ref=alloutdooradventures&bookable-only=yes&full-items=yes&marketplace=yes&flow=no,"<script src=""https://fareharbor.com/embeds/script/calendar/explorebanff/items/651458/?asn=fhdn-cad&asn-ref=alloutdooradventures&ref=alloutdooradventures&bookable-only=yes&full-items=yes&marketplace=yes&flow=no""></script>",https://fareharbor.com/embeds/book/explorebanff/items/651458/?asn=fhdn-cad&asn-ref=alloutdooradventures&ref=alloutdooradventures&bookable-only=yes&full-items=yes&marketplace=yes&flow=no,https://cdn.filestackcontent.com/MoYbVoPWSOmpX2DMCAkE
Yellowstone Adventure Moto,yellowstoneadvmoto,joe@jtgrey.com,3072509740,United States/Wyoming/Cody,,,694383,Self-Guided ADV Motorcycle Rental – KLR 650s,Bike Rental-Bike Tour,3,61,93,https://fareharbor.com/embeds/calendar/yellowstoneadvmoto/items/694383/?asn=fhdn&asn-ref=alloutdooradventures&ref=alloutdooradventures&bookable-only=yes&full-items=yes&marketplace=yes&flow=no,"<script src=""https://fareharbor.com/embeds/script/calendar/yellowstoneadvmoto/items/694383/?asn=fhdn&asn-ref=alloutdooradventures&ref=alloutdooradventures&bookable-only=yes&full-items=yes&marketplace=yes&flow=no""></script>",https://fareharbor.com/embeds/book/yellowstoneadvmoto/items/694383/?asn=fhdn&asn-ref=alloutdooradventures&ref=alloutdooradventures&bookable-only=yes&full-items=yes&marketplace=yes&flow=no,https://cdn.filestackcontent.com/cNdsLAhSf2mqUJ04jqza
Nauti Cat,nauti-cat,info@nauti-cat.com,(231) 464 - 6080,United States/Michigan/Traverse City,-85.621004,44.762885,25814,Happy Hour Cruise,Boat Tour-Catamaran-Sailing,1,60,82,https://fareharbor.com/embeds/calendar/nauti-cat/items/25814/?asn=fhdn&asn-ref=alloutdooradventures&ref=alloutdooradventures&bookable-only=yes&full-items=yes&marketplace=yes&flow=no,"<script src=""https://fareharbor.com/embeds/script/calendar/nauti-cat/items/25814/?asn=fhdn&asn-ref=alloutdooradventures&ref=alloutdooradventures&bookable-only=yes&full-items=yes&marketplace=yes&flow=no""></script>",https://fareharbor.com/embeds/book/nauti-cat/items/25814/?asn=fhdn&asn-ref=alloutdooradventures&ref=alloutdooradventures&bookable-only=yes&full-items=yes&marketplace=yes&flow=no,https://cdn.filestackcontent.com/kpEjs9psQbufMKX8Euxy
Evergreen Escapes - Seattle,evergreenescapes-seattle,bookings@evergreenescapes.com,206-650-5795,United States/Washington/Seattle,,,129713,Vanishing Silence in Olympic National Park,Attraction-Hiking,7,60,0,https://fareharbor.com/embeds/calendar/evergreenescapes-seattle/items/129713/?asn=fhdn&asn-ref=alloutdooradventures&ref=alloutdooradventures&bookable-only=yes&full-items=yes&marketplace=yes&flow=no,"<script src=""https://fareharbor.com/embeds/script/calendar/evergreenescapes-seattle/items/129713/?asn=fhdn&asn-ref=alloutdooradventures&ref=alloutdooradventures&bookable-only=yes&full-items=yes&marketplace=yes&flow=no""></script>",https://fareharbor.com/embeds/book/evergreenescapes-seattle/items/129713/?asn=fhdn&asn-ref=alloutdooradventures&ref=alloutdooradventures&bookable-only=yes&full-items=yes&marketplace=yes&flow=no,https://cdn.filestackcontent.com/INIQ6KY8Q2boVkINHnGa
Fitz Montreal - Bike Tours,fitzandfollwell_montreal,info@fitzmontreal.com,+1(438) 792 6480,Canada/Québec/Montréal,-73.573042,45.52722,249143,Montreal Street art E-bike tour,Bike Tour-Food Tour-Private,10,60,0,https://fareharbor.com/embeds/calendar/fitzandfollwell_montreal/items/249143/?asn=fhdn-cad&asn-ref=alloutdooradventures&ref=alloutdooradventures&bookable-only=yes&full-items=yes&marketplace=yes&flow=no,"<script src=""https://fareharbor.com/embeds/script/calendar/fitzandfollwell_montreal/items/249143/?asn=fhdn-cad&asn-ref=alloutdooradventures&ref=alloutdooradventures&bookable-only=yes&full-items=yes&marketplace=yes&flow=no""></script>",https://fareharbor.com/embeds/book/fitzandfollwell_montreal/items/249143/?asn=fhdn-cad&asn-ref=alloutdooradventures&ref=alloutdooradventures&bookable-only=yes&full-items=yes&marketplace=yes&flow=no,https://cdn.filestackcontent.com/iqGnXSoGQ9E4ScAHlSOE
Explore Banff Tours and Transfers Inc.,explorebanff,info@explorebanff.com,403-686-7905,Canada/Alberta/Canmore,,,446277,Moraine Lake & Lake Louise,Attraction-Bus Tour-Environmental Attraction-Guided Tour-Sightseeing Tour-Transportation-Wildlife,6,60,76,https://fareharbor.com/embeds/calendar/explorebanff/items/446277/?asn=fhdn-cad&asn-ref=alloutdooradventures&ref=alloutdooradventures&bookable-only=yes&full-items=yes&marketplace=yes&flow=no,"<script src=""https://fareharbor.com/embeds/script/calendar/explorebanff/items/446277/?asn=fhdn-cad&asn-ref=alloutdooradventures&ref=alloutdooradventures&bookable-only=yes&full-items=yes&marketplace=yes&flow=no""></script>",https://fareharbor.com/embeds/book/explorebanff/items/446277/?asn=fhdn-cad&asn-ref=alloutdooradventures&ref=alloutdooradventures&bookable-only=yes&full-items=yes&marketplace=yes&flow=no,https://cdn.filestackcontent.com/IC3T34dVQ2eIvnBB0FET
Evergreen Escapes - Seattle,evergreenescapes-seattle,bookings@evergreenescapes.com,206-650-5795,United States/Washington/Seattle,,,490370,Deception Pass + Whidbey Island Day Tour,Hiking,8,60,0,https://fareharbor.com/embeds/calendar/evergreenescapes-seattle/items/490370/?asn=fhdn&asn-ref=alloutdooradventures&ref=alloutdooradventures&bookable-only=yes&full-items=yes&marketplace=yes&flow=no,"<script src=""https://fareharbor.com/embeds/script/calendar/evergreenescapes-seattle/items/490370/?asn=fhdn&asn-ref=alloutdooradventures&ref=alloutdooradventures&bookable-only=yes&full-items=yes&marketplace=yes&flow=no""></script>",https://fareharbor.com/embeds/book/evergreenescapes-seattle/items/490370/?asn=fhdn&asn-ref=alloutdooradventures&ref=alloutdooradventures&bookable-only=yes&full-items=yes&marketplace=yes&flow=no,https://cdn.filestackcontent.com/FHpiY1ztQiGiAwa19bZN
Banff Day Trips,banffdaytrips,banffdaytrips@gmail.com,(403) 597-6993,Canada/Alberta/Calgary,,,519168,"Mountains, Lakes & Glaciers - VIP",Rentals-Wildlife,16,60,120,https://fareharbor.com/embeds/calendar/banffdaytrips/items/519168/?asn=fhdn-cad&asn-ref=alloutdooradventures&ref=alloutdooradventures&bookable-only=yes&full-items=yes&marketplace=yes&flow=no,"<script src=""https://fareharbor.com/embeds/script/calendar/banffdaytrips/items/519168/?asn=fhdn-cad&asn-ref=alloutdooradventures&ref=alloutdooradventures&bookable-only=yes&full-items=yes&marketplace=yes&flow=no""></script>",https://fareharbor.com/embeds/book/banffdaytrips/items/519168/?asn=fhdn-cad&asn-ref=alloutdooradventures&ref=alloutdooradventures&bookable-only=yes&full-items=yes&marketplace=yes&flow=no,https://cdn.filestackcontent.com/qWcgiJGXSWu3kPSwAXIZ
Mountain Man Dog Sled Adventures,mountainmanadventures,mmadvdogsled@gmail.com,1-250-319-7205,Canada/British Columbia/Sun Peaks,,,557586,Jeepers Creepers Tour,Jeep,4,60,0,https://fareharbor.com/embeds/calendar/mountainmanadventures/items/557586/?asn=fhdn-cad&asn-ref=alloutdooradventures&ref=alloutdooradventures&bookable-only=yes&full-items=yes&marketplace=yes&flow=no,"<script src=""https://fareharbor.com/embeds/script/calendar/mountainmanadventures/items/557586/?asn=fhdn-cad&asn-ref=alloutdooradventures&ref=alloutdooradventures&bookable-only=yes&full-items=yes&marketplace=yes&flow=no""></script>",https://fareharbor.com/embeds/book/mountainmanadventures/items/557586/?asn=fhdn-cad&asn-ref=alloutdooradventures&ref=alloutdooradventures&bookable-only=yes&full-items=yes&marketplace=yes&flow=no,https://cdn.filestackcontent.com/pLZAMTFMRFWonR8Otxq2
One Axe Pursuits,oneaxepursuits,hello@oneaxepursuits.com,+1 519-846-8888,Canada/Ontario/Elora,-80.433562,43.683038,585888,Cliff Rappelling,Climbing,1,60,0,https://fareharbor.com/embeds/calendar/oneaxepursuits/items/585888/?asn=fhdn-cad&asn-ref=alloutdooradventures&ref=alloutdooradventures&bookable-only=yes&full-items=yes&marketplace=yes&flow=no,"<script src=""https://fareharbor.com/embeds/script/calendar/oneaxepursuits/items/585888/?asn=fhdn-cad&asn-ref=alloutdooradventures&ref=alloutdooradventures&bookable-only=yes&full-items=yes&marketplace=yes&flow=no""></script>",https://fareharbor.com/embeds/book/oneaxepursuits/items/585888/?asn=fhdn-cad&asn-ref=alloutdooradventures&ref=alloutdooradventures&bookable-only=yes&full-items=yes&marketplace=yes&flow=no,https://cdn.filestackcontent.com/NpxVhqwS2ObtBXj1fb0g
Terran Travels,terrantravels,info@terrantravels.com,503-662-2699,United States/Oregon/Silverton,-122.783146,45.005121,210214,Silver Falls Hike,Hiking-Museum-Transportation-Winery,2,59,155,https://fareharbor.com/embeds/calendar/terrantravels/items/210214/?asn=fhdn&asn-ref=alloutdooradventures&ref=alloutdooradventures&bookable-only=yes&full-items=yes&marketplace=yes&flow=no,"<script src=""https://fareharbor.com/embeds/script/calendar/terrantravels/items/210214/?asn=fhdn&asn-ref=alloutdooradventures&ref=alloutdooradventures&bookable-only=yes&full-items=yes&marketplace=yes&flow=no""></script>",https://fareharbor.com/embeds/book/terrantravels/items/210214/?asn=fhdn&asn-ref=alloutdooradventures&ref=alloutdooradventures&bookable-only=yes&full-items=yes&marketplace=yes&flow=no,https://cdn.filestackcontent.com/gvwkm8T7T7KgjpfXOETl
Tour CDA,tourcda,contact@tourcda.com,2085503939,United States/Idaho/Coeur d'Alene,-116.76236,47.673964,299907,E-Bike Rentals,Bike Tour-E-Bike,3,59,171,https://fareharbor.com/embeds/calendar/tourcda/items/299907/?asn=fhdn&asn-ref=alloutdooradventures&ref=alloutdooradventures&bookable-only=yes&full-items=yes&marketplace=yes&flow=no,"<script src=""https://fareharbor.com/embeds/script/calendar/tourcda/items/299907/?asn=fhdn&asn-ref=alloutdooradventures&ref=alloutdooradventures&bookable-only=yes&full-items=yes&marketplace=yes&flow=no""></script>",https://fareharbor.com/embeds/book/tourcda/items/299907/?asn=fhdn&asn-ref=alloutdooradventures&ref=alloutdooradventures&bookable-only=yes&full-items=yes&marketplace=yes&flow=no,https://cdn.filestackcontent.com/MQsWCDeRXG8jcmsQFg99
Cycle City Vancouver,cyclevancouver,bookings@cyclecitytours.com,1 604-618-8626,Canada/British Columbia/Vancouver,,,362996,Service,Bike Tour-E-Bike,3,59,2881,https://fareharbor.com/embeds/calendar/cyclevancouver/items/362996/?asn=fhdn-cad&asn-ref=alloutdooradventures&ref=alloutdooradventures&bookable-only=yes&full-items=yes&marketplace=yes&flow=no,"<script src=""https://fareharbor.com/embeds/script/calendar/cyclevancouver/items/362996/?asn=fhdn-cad&asn-ref=alloutdooradventures&ref=alloutdooradventures&bookable-only=yes&full-items=yes&marketplace=yes&flow=no""></script>",https://fareharbor.com/embeds/book/cyclevancouver/items/362996/?asn=fhdn-cad&asn-ref=alloutdooradventures&ref=alloutdooradventures&bookable-only=yes&full-items=yes&marketplace=yes&flow=no,https://cdn.filestackcontent.com/T193YpRbSli7nHfrREOk
Teton Excursions,tetonexcursions,aaron@tetonexcursions.com,(307) 231-4697,United States/Wyoming/Pinedale,-109.86335,42.867881,374288,2 Day Grand Teton and Yellowstone Tour from Jackson Hole,Hiking,1,59,123,https://fareharbor.com/embeds/calendar/tetonexcursions/items/374288/?asn=fhdn&asn-ref=alloutdooradventures&ref=alloutdooradventures&bookable-only=yes&full-items=yes&marketplace=yes&flow=no,"<script src=""https://fareharbor.com/embeds/script/calendar/tetonexcursions/items/374288/?asn=fhdn&asn-ref=alloutdooradventures&ref=alloutdooradventures&bookable-only=yes&full-items=yes&marketplace=yes&flow=no""></script>",https://fareharbor.com/embeds/book/tetonexcursions/items/374288/?asn=fhdn&asn-ref=alloutdooradventures&ref=alloutdooradventures&bookable-only=yes&full-items=yes&marketplace=yes&flow=no,https://cdn.filestackcontent.com/TSgwWbn9SjCAaWMP0YCb
Teton Excursions,tetonexcursions,aaron@tetonexcursions.com,(307) 231-4697,United States/Wyoming/Pinedale,-109.86335,42.867881,374297,2-Day Yellowstone Lower Loop Deep Dive,Hiking,1,59,123,https://fareharbor.com/embeds/calendar/tetonexcursions/items/374297/?asn=fhdn&asn-ref=alloutdooradventures&ref=alloutdooradventures&bookable-only=yes&full-items=yes&marketplace=yes&flow=no,"<script src=""https://fareharbor.com/embeds/script/calendar/tetonexcursions/items/374297/?asn=fhdn&asn-ref=alloutdooradventures&ref=alloutdooradventures&bookable-only=yes&full-items=yes&marketplace=yes&flow=no""></script>",https://fareharbor.com/embeds/book/tetonexcursions/items/374297/?asn=fhdn&asn-ref=alloutdooradventures&ref=alloutdooradventures&bookable-only=yes&full-items=yes&marketplace=yes&flow=no,https://cdn.filestackcontent.com/tWVz6OqSbCNvzSoWhAHt
International Mountain Climbing School,internationalmountainclimbingschool,guides@climbimcs.com,(603) 356-7064,United States/New Hampshire/Conway,,,411435,How to Build Top Rope Anchors,Climbing,1,59,123,https://fareharbor.com/embeds/calendar/internationalmountainclimbingschool/items/411435/?asn=fhdn&asn-ref=alloutdooradventures&ref=alloutdooradventures&bookable-only=yes&full-items=yes&marketplace=yes&flow=no,"<script src=""https://fareharbor.com/embeds/script/calendar/internationalmountainclimbingschool/items/411435/?asn=fhdn&asn-ref=alloutdooradventures&ref=alloutdooradventures&bookable-only=yes&full-items=yes&marketplace=yes&flow=no""></script>",https://fareharbor.com/embeds/book/internationalmountainclimbingschool/items/411435/?asn=fhdn&asn-ref=alloutdooradventures&ref=alloutdooradventures&bookable-only=yes&full-items=yes&marketplace=yes&flow=no,https://cdn.filestackcontent.com/P0r1nlIkSg258Kiq3Cnp
International Mountain Climbing School,internationalmountainclimbingschool,guides@climbimcs.com,(603) 356-7064,United States/New Hampshire/Conway,,,411460,Self Rescue Course,Climbing,1,59,174,https://fareharbor.com/embeds/calendar/internationalmountainclimbingschool/items/411460/?asn=fhdn&asn-ref=alloutdooradventures&ref=alloutdooradventures&bookable-only=yes&full-items=yes&marketplace=yes&flow=no,"<script src=""https://fareharbor.com/embeds/script/calendar/internationalmountainclimbingschool/items/411460/?asn=fhdn&asn-ref=alloutdooradventures&ref=alloutdooradventures&bookable-only=yes&full-items=yes&marketplace=yes&flow=no""></script>",https://fareharbor.com/embeds/book/internationalmountainclimbingschool/items/411460/?asn=fhdn&asn-ref=alloutdooradventures&ref=alloutdooradventures&bookable-only=yes&full-items=yes&marketplace=yes&flow=no,https://cdn.filestackcontent.com/rT9uNxeSRBaG4xWQBBmU
International Mountain Climbing School,internationalmountainclimbingschool,guides@climbimcs.com,(603) 356-7064,United States/New Hampshire/Conway,,,411539,Intro to Ice Climbing,Climbing,1,59,26,https://fareharbor.com/embeds/calendar/internationalmountainclimbingschool/items/411539/?asn=fhdn&asn-ref=alloutdooradventures&ref=alloutdooradventures&bookable-only=yes&full-items=yes&marketplace=yes&flow=no,"<script src=""https://fareharbor.com/embeds/script/calendar/internationalmountainclimbingschool/items/411539/?asn=fhdn&asn-ref=alloutdooradventures&ref=alloutdooradventures&bookable-only=yes&full-items=yes&marketplace=yes&flow=no""></script>",https://fareharbor.com/embeds/book/internationalmountainclimbingschool/items/411539/?asn=fhdn&asn-ref=alloutdooradventures&ref=alloutdooradventures&bookable-only=yes&full-items=yes&marketplace=yes&flow=no,https://cdn.filestackcontent.com/Ey1M07OiSLWIDnX60YMq
International Mountain Climbing School,internationalmountainclimbingschool,guides@climbimcs.com,(603) 356-7064,United States/New Hampshire/Conway,,,411745,Guided Mt. Washington Ascent,Climbing,1,59,26,https://fareharbor.com/embeds/calendar/internationalmountainclimbingschool/items/411745/?asn=fhdn&asn-ref=alloutdooradventures&ref=alloutdooradventures&bookable-only=yes&full-items=yes&marketplace=yes&flow=no,"<script src=""https://fareharbor.com/embeds/script/calendar/internationalmountainclimbingschool/items/411745/?asn=fhdn&asn-ref=alloutdooradventures&ref=alloutdooradventures&bookable-only=yes&full-items=yes&marketplace=yes&flow=no""></script>",https://fareharbor.com/embeds/book/internationalmountainclimbingschool/items/411745/?asn=fhdn&asn-ref=alloutdooradventures&ref=alloutdooradventures&bookable-only=yes&full-items=yes&marketplace=yes&flow=no,https://cdn.filestackcontent.com/4DSpfTulQjSP1BECRYWC
Above & Beyond Alaska,beyondak,info@beyondak.com,907-364-2333,United States/Alaska/Juneau,,,195602,Mendenhall Glacier Guided Hike,Hiking,1,58,107,https://fareharbor.com/embeds/calendar/beyondak/items/195602/?asn=fhdn&asn-ref=alloutdooradventures&ref=alloutdooradventures&bookable-only=yes&full-items=yes&marketplace=yes&flow=no,"<script src=""https://fareharbor.com/embeds/script/calendar/beyondak/items/195602/?asn=fhdn&asn-ref=alloutdooradventures&ref=alloutdooradventures&bookable-only=yes&full-items=yes&marketplace=yes&flow=no""></script>",https://fareharbor.com/embeds/book/beyondak/items/195602/?asn=fhdn&asn-ref=alloutdooradventures&ref=alloutdooradventures&bookable-only=yes&full-items=yes&marketplace=yes&flow=no,https://cdn.filestackcontent.com/bLWQIK4Qyav0iCGtUswx
Vogue Travel and Tours,globe-trekkers,info@wonderbyvouge.com,601-210-5340,United States/Mississippi/Richton,,,288916,Private Yellowstone Adventure,Guided Tour-Private-Sightseeing Tour-Wildlife,10,58,28,https://fareharbor.com/embeds/calendar/globe-trekkers/items/288916/?asn=fhdn&asn-ref=alloutdooradventures&ref=alloutdooradventures&bookable-only=yes&full-items=yes&marketplace=yes&flow=no,"<script src=""https://fareharbor.com/embeds/script/calendar/globe-trekkers/items/288916/?asn=fhdn&asn-ref=alloutdooradventures&ref=alloutdooradventures&bookable-only=yes&full-items=yes&marketplace=yes&flow=no""></script>",https://fareharbor.com/embeds/book/globe-trekkers/items/288916/?asn=fhdn&asn-ref=alloutdooradventures&ref=alloutdooradventures&bookable-only=yes&full-items=yes&marketplace=yes&flow=no,https://cdn.filestackcontent.com/1BbYZK3RyC3FpUDKEr9Q
Teton Excursions,tetonexcursions,aaron@tetonexcursions.com,(307) 231-4697,United States/Wyoming/Pinedale,-109.86335,42.867881,371970,Yellowstone Day Tour,Hiking,1,58,123,https://fareharbor.com/embeds/calendar/tetonexcursions/items/371970/?asn=fhdn&asn-ref=alloutdooradventures&ref=alloutdooradventures&bookable-only=yes&full-items=yes&marketplace=yes&flow=no,"<script src=""https://fareharbor.com/embeds/script/calendar/tetonexcursions/items/371970/?asn=fhdn&asn-ref=alloutdooradventures&ref=alloutdooradventures&bookable-only=yes&full-items=yes&marketplace=yes&flow=no""></script>",https://fareharbor.com/embeds/book/tetonexcursions/items/371970/?asn=fhdn&asn-ref=alloutdooradventures&ref=alloutdooradventures&bookable-only=yes&full-items=yes&marketplace=yes&flow=no,https://cdn.filestackcontent.com/IjZtAAlCTF6JEi0tMmtf
International Mountain Climbing School,internationalmountainclimbingschool,guides@climbimcs.com,(603) 356-7064,United States/New Hampshire/Conway,,,411398,Three Day Basic Rock Climbing,Climbing,1,58,93,https://fareharbor.com/embeds/calendar/internationalmountainclimbingschool/items/411398/?asn=fhdn&asn-ref=alloutdooradventures&ref=alloutdooradventures&bookable-only=yes&full-items=yes&marketplace=yes&flow=no,"<script src=""https://fareharbor.com/embeds/script/calendar/internationalmountainclimbingschool/items/411398/?asn=fhdn&asn-ref=alloutdooradventures&ref=alloutdooradventures&bookable-only=yes&full-items=yes&marketplace=yes&flow=no""></script>",https://fareharbor.com/embeds/book/internationalmountainclimbingschool/items/411398/?asn=fhdn&asn-ref=alloutdooradventures&ref=alloutdooradventures&bookable-only=yes&full-items=yes&marketplace=yes&flow=no,https://cdn.filestackcontent.com/40xVM22gTLqxFcSbEixi
International Mountain Climbing School,internationalmountainclimbingschool,guides@climbimcs.com,(603) 356-7064,United States/New Hampshire/Conway,,,411457,Anchor Building and Protection Placement,Climbing,1,58,123,https://fareharbor.com/embeds/calendar/internationalmountainclimbingschool/items/411457/?asn=fhdn&asn-ref=alloutdooradventures&ref=alloutdooradventures&bookable-only=yes&full-items=yes&marketplace=yes&flow=no,"<script src=""https://fareharbor.com/embeds/script/calendar/internationalmountainclimbingschool/items/411457/?asn=fhdn&asn-ref=alloutdooradventures&ref=alloutdooradventures&bookable-only=yes&full-items=yes&marketplace=yes&flow=no""></script>",https://fareharbor.com/embeds/book/internationalmountainclimbingschool/items/411457/?asn=fhdn&asn-ref=alloutdooradventures&ref=alloutdooradventures&bookable-only=yes&full-items=yes&marketplace=yes&flow=no,https://cdn.filestackcontent.com/Rl29sdFRqqbAepsxvMBm
Teton Excursions,tetonexcursions,aaron@tetonexcursions.com,(307) 231-4697,United States/Wyoming/Pinedale,-109.86335,42.867881,419839,Grand Teton Winter Wildlife Tour,Private-Wildlife,1,58,0,https://fareharbor.com/embeds/calendar/tetonexcursions/items/419839/?asn=fhdn&asn-ref=alloutdooradventures&ref=alloutdooradventures&bookable-only=yes&full-items=yes&marketplace=yes&flow=no,"<script src=""https://fareharbor.com/embeds/script/calendar/tetonexcursions/items/419839/?asn=fhdn&asn-ref=alloutdooradventures&ref=alloutdooradventures&bookable-only=yes&full-items=yes&marketplace=yes&flow=no""></script>",https://fareharbor.com/embeds/book/tetonexcursions/items/419839/?asn=fhdn&asn-ref=alloutdooradventures&ref=alloutdooradventures&bookable-only=yes&full-items=yes&marketplace=yes&flow=no,https://cdn.filestackcontent.com/AhyA4Cv3SZWK908qnoYr
Tales on Trails,talesontrails,info@islandtrailsecotours.com,514-797-6405,Canada/British Columbia/Victoria,-123.365644,48.428421,519356,Spring Break Waterfall Museum Aquarium,Hiking,4,58,0,https://fareharbor.com/embeds/calendar/talesontrails/items/519356/?asn=fhdn-cad&asn-ref=alloutdooradventures&ref=alloutdooradventures&bookable-only=yes&full-items=yes&marketplace=yes&flow=no,"<script src=""https://fareharbor.com/embeds/script/calendar/talesontrails/items/519356/?asn=fhdn-cad&asn-ref=alloutdooradventures&ref=alloutdooradventures&bookable-only=yes&full-items=yes&marketplace=yes&flow=no""></script>",https://fareharbor.com/embeds/book/talesontrails/items/519356/?asn=fhdn-cad&asn-ref=alloutdooradventures&ref=alloutdooradventures&bookable-only=yes&full-items=yes&marketplace=yes&flow=no,https://cdn.filestackcontent.com/fHzs7NORwWV9nytYYuX5
Boat Rentals and Rides on Flathead Lake,boatrentalsandrides,rentals@boatrentalsandrides.com,406.260.5090,United States/Montana/Big Arm,,,553615,Canoes,Canoe,1,58,498,https://fareharbor.com/embeds/calendar/boatrentalsandrides/items/553615/?asn=fhdn&asn-ref=alloutdooradventures&ref=alloutdooradventures&bookable-only=yes&full-items=yes&marketplace=yes&flow=no,"<script src=""https://fareharbor.com/embeds/script/calendar/boatrentalsandrides/items/553615/?asn=fhdn&asn-ref=alloutdooradventures&ref=alloutdooradventures&bookable-only=yes&full-items=yes&marketplace=yes&flow=no""></script>",https://fareharbor.com/embeds/book/boatrentalsandrides/items/553615/?asn=fhdn&asn-ref=alloutdooradventures&ref=alloutdooradventures&bookable-only=yes&full-items=yes&marketplace=yes&flow=no,https://cdn.filestackcontent.com/7PpHxrGAQGmFOiZWL5DF
One Axe Pursuits,oneaxepursuits,hello@oneaxepursuits.com,+1 519-846-8888,Canada/Ontario/Elora,-80.432697,43.683304,585998,Urban Rappelling Lesson,Climbing,1,58,0,https://fareharbor.com/embeds/calendar/oneaxepursuits/items/585998/?asn=fhdn-cad&asn-ref=alloutdooradventures&ref=alloutdooradventures&bookable-only=yes&full-items=yes&marketplace=yes&flow=no,"<script src=""https://fareharbor.com/embeds/script/calendar/oneaxepursuits/items/585998/?asn=fhdn-cad&asn-ref=alloutdooradventures&ref=alloutdooradventures&bookable-only=yes&full-items=yes&marketplace=yes&flow=no""></script>",https://fareharbor.com/embeds/book/oneaxepursuits/items/585998/?asn=fhdn-cad&asn-ref=alloutdooradventures&ref=alloutdooradventures&bookable-only=yes&full-items=yes&marketplace=yes&flow=no,https://cdn.filestackcontent.com/0nkdPfAsRlKCK1ngFj5b
Duluth Ghost Tours,cityofdarkangelstours,guide@duluthghosttours.com,+1(218) 464-6534,United States/Minnesota/Duluth,-92.115346,46.786321,659017,Incline Eco-Hike:,Eco Tour-Guided Tour-Hiking-History Tour-Walking Tour-Wildlife,6,58,0,https://fareharbor.com/embeds/calendar/cityofdarkangelstours/items/659017/?asn=fhdn&asn-ref=alloutdooradventures&ref=alloutdooradventures&bookable-only=yes&full-items=yes&marketplace=yes&flow=no,"<script src=""https://fareharbor.com/embeds/script/calendar/cityofdarkangelstours/items/659017/?asn=fhdn&asn-ref=alloutdooradventures&ref=alloutdooradventures&bookable-only=yes&full-items=yes&marketplace=yes&flow=no""></script>",https://fareharbor.com/embeds/book/cityofdarkangelstours/items/659017/?asn=fhdn&asn-ref=alloutdooradventures&ref=alloutdooradventures&bookable-only=yes&full-items=yes&marketplace=yes&flow=no,https://cdn.filestackcontent.com/H2OsVdOReKrJg3BNsi4h
Nauti Cat,nauti-cat,info@nauti-cat.com,(231) 464 - 6080,United States/Michigan/Traverse City,-85.621004,44.762885,25816,Champagne Sunset Cruise,Boat Tour-Catamaran-Events-Sailing,2,57,78,https://fareharbor.com/embeds/calendar/nauti-cat/items/25816/?asn=fhdn&asn-ref=alloutdooradventures&ref=alloutdooradventures&bookable-only=yes&full-items=yes&marketplace=yes&flow=no,"<script src=""https://fareharbor.com/embeds/script/calendar/nauti-cat/items/25816/?asn=fhdn&asn-ref=alloutdooradventures&ref=alloutdooradventures&bookable-only=yes&full-items=yes&marketplace=yes&flow=no""></script>",https://fareharbor.com/embeds/book/nauti-cat/items/25816/?asn=fhdn&asn-ref=alloutdooradventures&ref=alloutdooradventures&bookable-only=yes&full-items=yes&marketplace=yes&flow=no,https://cdn.filestackcontent.com/M91dNGFWRKKIJURtYEnJ
Maine Brews Cruise,themainebrewbus,maine@brewscruise.com,207-200-9111,United States/Maine/Portland,,,444743,"Private ""Portland Bike & Brews"" Tour",Bike Tour-Boat Tour-Brewery-Guided Tour-Private,4,57,0,https://fareharbor.com/embeds/calendar/themainebrewbus/items/444743/?asn=fhdn&asn-ref=alloutdooradventures&ref=alloutdooradventures&bookable-only=yes&full-items=yes&marketplace=yes&flow=no,"<script src=""https://fareharbor.com/embeds/script/calendar/themainebrewbus/items/444743/?asn=fhdn&asn-ref=alloutdooradventures&ref=alloutdooradventures&bookable-only=yes&full-items=yes&marketplace=yes&flow=no""></script>",https://fareharbor.com/embeds/book/themainebrewbus/items/444743/?asn=fhdn&asn-ref=alloutdooradventures&ref=alloutdooradventures&bookable-only=yes&full-items=yes&marketplace=yes&flow=no,https://cdn.filestackcontent.com/1CclTpEXR7aZ1wtAU1CU
Toonie Tours BC,toonietours-vancouver,guide@toonietours.ca,1 866 643 1847,Canada/British Columbia/Vancouver,,,530042,The Stanley Park Bike Tour of Vancouver,Bike Rental-Bike Tour-Guided Tour-Walking Tour,4,57,414,https://fareharbor.com/embeds/calendar/toonietours-vancouver/items/530042/?asn=fhdn&asn-ref=alloutdooradventures&ref=alloutdooradventures&bookable-only=yes&full-items=yes&marketplace=yes&flow=no,"<script src=""https://fareharbor.com/embeds/script/calendar/toonietours-vancouver/items/530042/?asn=fhdn&asn-ref=alloutdooradventures&ref=alloutdooradventures&bookable-only=yes&full-items=yes&marketplace=yes&flow=no""></script>",https://fareharbor.com/embeds/book/toonietours-vancouver/items/530042/?asn=fhdn&asn-ref=alloutdooradventures&ref=alloutdooradventures&bookable-only=yes&full-items=yes&marketplace=yes&flow=no,https://cdn.filestackcontent.com/2GDK9lnNQ4GvIwPkINfA
Adventure Sitka,adventuresitka,info@adventuresitka.com,907-752-0660,United States/Alaska/Sitka,,,605657,Wildlife Cruise & Homestead Discovery,Wildlife,1,57,70,https://fareharbor.com/embeds/calendar/adventuresitka/items/605657/?asn=fhdn&asn-ref=alloutdooradventures&ref=alloutdooradventures&bookable-only=yes&full-items=yes&marketplace=yes&flow=no,"<script src=""https://fareharbor.com/embeds/script/calendar/adventuresitka/items/605657/?asn=fhdn&asn-ref=alloutdooradventures&ref=alloutdooradventures&bookable-only=yes&full-items=yes&marketplace=yes&flow=no""></script>",https://fareharbor.com/embeds/book/adventuresitka/items/605657/?asn=fhdn&asn-ref=alloutdooradventures&ref=alloutdooradventures&bookable-only=yes&full-items=yes&marketplace=yes&flow=no,https://cdn.filestackcontent.com/bds0ax5mSgyE3Az0MUN6
Reel Alaska Fishing Charter,reelalaskafishingcharters,reelalaskafishingcharters@gmail.com,19072040292,United States/Alaska/Ketchikan,,,628676,"Ketchikan Fishing, Crabbing, Whales & Wildlife Excursion",Wildlife,4,57,825,https://fareharbor.com/embeds/calendar/reelalaskafishingcharters/items/628676/?asn=fhdn&asn-ref=alloutdooradventures&ref=alloutdooradventures&bookable-only=yes&full-items=yes&marketplace=yes&flow=no,"<script src=""https://fareharbor.com/embeds/script/calendar/reelalaskafishingcharters/items/628676/?asn=fhdn&asn-ref=alloutdooradventures&ref=alloutdooradventures&bookable-only=yes&full-items=yes&marketplace=yes&flow=no""></script>",https://fareharbor.com/embeds/book/reelalaskafishingcharters/items/628676/?asn=fhdn&asn-ref=alloutdooradventures&ref=alloutdooradventures&bookable-only=yes&full-items=yes&marketplace=yes&flow=no,https://cdn.filestackcontent.com/WZIlb9VYRKqUVmbsJ333
Coastal Maine Hike and Bike,coastalmainekayak,info@coastalmainehikeandbike.com,207-967-6065,United States/Maine/Kennebunk,,,651001,Special Event! Kennebunkport Bicycle Tour and Tidepool Excursion *Aug. 14*,Bike Tour-Guided Tour-Wildlife,8,57,0,https://fareharbor.com/embeds/calendar/coastalmainekayak/items/651001/?asn=fhdn&asn-ref=alloutdooradventures&ref=alloutdooradventures&bookable-only=yes&full-items=yes&marketplace=yes&flow=no,"<script src=""https://fareharbor.com/embeds/script/calendar/coastalmainekayak/items/651001/?asn=fhdn&asn-ref=alloutdooradventures&ref=alloutdooradventures&bookable-only=yes&full-items=yes&marketplace=yes&flow=no""></script>",https://fareharbor.com/embeds/book/coastalmainekayak/items/651001/?asn=fhdn&asn-ref=alloutdooradventures&ref=alloutdooradventures&bookable-only=yes&full-items=yes&marketplace=yes&flow=no,https://cdn.filestackcontent.com/uVjpOsA9TPSYYEoykAA4
Duluth Ghost Tours,cityofdarkangelstours,guide@duluthghosttours.com,+1(218) 464-6534,United States/Minnesota/Duluth,,,668111,Haunted Casket Quarry Hike,Eco Tour-Ghost Tour-Guided Tour-Hiking,7,57,22,https://fareharbor.com/embeds/calendar/cityofdarkangelstours/items/668111/?asn=fhdn&asn-ref=alloutdooradventures&ref=alloutdooradventures&bookable-only=yes&full-items=yes&marketplace=yes&flow=no,"<script src=""https://fareharbor.com/embeds/script/calendar/cityofdarkangelstours/items/668111/?asn=fhdn&asn-ref=alloutdooradventures&ref=alloutdooradventures&bookable-only=yes&full-items=yes&marketplace=yes&flow=no""></script>",https://fareharbor.com/embeds/book/cityofdarkangelstours/items/668111/?asn=fhdn&asn-ref=alloutdooradventures&ref=alloutdooradventures&bookable-only=yes&full-items=yes&marketplace=yes&flow=no,https://cdn.filestackcontent.com/ZRM7KEojRd6wxOx7gUfm
Nauti Cat,nauti-cat,info@nauti-cat.com,(231) 464 - 6080,United States/Michigan/Traverse City,-85.621004,44.762885,25799,Noon Cruise,Catamaran-Sailing,1,56,83,https://fareharbor.com/embeds/calendar/nauti-cat/items/25799/?asn=fhdn&asn-ref=alloutdooradventures&ref=alloutdooradventures&bookable-only=yes&full-items=yes&marketplace=yes&flow=no,"<script src=""https://fareharbor.com/embeds/script/calendar/nauti-cat/items/25799/?asn=fhdn&asn-ref=alloutdooradventures&ref=alloutdooradventures&bookable-only=yes&full-items=yes&marketplace=yes&flow=no""></script>",https://fareharbor.com/embeds/book/nauti-cat/items/25799/?asn=fhdn&asn-ref=alloutdooradventures&ref=alloutdooradventures&bookable-only=yes&full-items=yes&marketplace=yes&flow=no,https://cdn.filestackcontent.com/vWAMrz3US4Ws1ERiBCTj
Zoar Outdoor,zoaroutdoor,info@zoaroutdoor.com,413-339-4010,United States/Massachusetts/Charlemont,,,349778,Swiftwater Rescue 2 Day Skills Course,Boat Tour-Canoe-Lodging-Transportation,3,56,3,https://fareharbor.com/embeds/calendar/zoaroutdoor/items/349778/?asn=fhdn&asn-ref=alloutdooradventures&ref=alloutdooradventures&bookable-only=yes&full-items=yes&marketplace=yes&flow=no,"<script src=""https://fareharbor.com/embeds/script/calendar/zoaroutdoor/items/349778/?asn=fhdn&asn-ref=alloutdooradventures&ref=alloutdooradventures&bookable-only=yes&full-items=yes&marketplace=yes&flow=no""></script>",https://fareharbor.com/embeds/book/zoaroutdoor/items/349778/?asn=fhdn&asn-ref=alloutdooradventures&ref=alloutdooradventures&bookable-only=yes&full-items=yes&marketplace=yes&flow=no,https://cdn.filestackcontent.com/BlJtmhtXQuyzTQgJ1Aaj
Explore Banff Tours and Transfers Inc.,explorebanff,info@explorebanff.com,403-686-7905,Canada/Alberta/Canmore,,,441317,Moraine Lake & Lake Louise,Attraction-Bus Tour-Environmental Attraction-Guided Tour-Private-Sightseeing Tour-Transportation-Wildlife,5,56,76,https://fareharbor.com/embeds/calendar/explorebanff/items/441317/?asn=fhdn-cad&asn-ref=alloutdooradventures&ref=alloutdooradventures&bookable-only=yes&full-items=yes&marketplace=yes&flow=no,"<script src=""https://fareharbor.com/embeds/script/calendar/explorebanff/items/441317/?asn=fhdn-cad&asn-ref=alloutdooradventures&ref=alloutdooradventures&bookable-only=yes&full-items=yes&marketplace=yes&flow=no""></script>",https://fareharbor.com/embeds/book/explorebanff/items/441317/?asn=fhdn-cad&asn-ref=alloutdooradventures&ref=alloutdooradventures&bookable-only=yes&full-items=yes&marketplace=yes&flow=no,https://cdn.filestackcontent.com/SbN1dUFASXKT5QhrwDSi
Bayfront Beach and Bike,bayfrontbeachandbike,info@bayfrontbeachandbike.com,(231) 498-2295,United States/Michigan/Traverse City,-85.590101,44.764032,610019,Traverse City E-Bike Tours,Bike Tour,1,56,40,https://fareharbor.com/embeds/calendar/bayfrontbeachandbike/items/610019/?asn=fhdn&asn-ref=alloutdooradventures&ref=alloutdooradventures&bookable-only=yes&full-items=yes&marketplace=yes&flow=no,"<script src=""https://fareharbor.com/embeds/script/calendar/bayfrontbeachandbike/items/610019/?asn=fhdn&asn-ref=alloutdooradventures&ref=alloutdooradventures&bookable-only=yes&full-items=yes&marketplace=yes&flow=no""></script>",https://fareharbor.com/embeds/book/bayfrontbeachandbike/items/610019/?asn=fhdn&asn-ref=alloutdooradventures&ref=alloutdooradventures&bookable-only=yes&full-items=yes&marketplace=yes&flow=no,https://cdn.filestackcontent.com/GKaWQTEGRdqMxieIaokh
Northwest Outfitters,northwestoutfitters,info@nwoutfitters.com,(208) 667-2707,United States/Idaho/Coeur d'Alene,,,610299,North Fork Coeur D Alene River Walk and Wade - Full Day,Hiking,3,56,107,https://fareharbor.com/embeds/calendar/northwestoutfitters/items/610299/?asn=fhdn&asn-ref=alloutdooradventures&ref=alloutdooradventures&bookable-only=yes&full-items=yes&marketplace=yes&flow=no,"<script src=""https://fareharbor.com/embeds/script/calendar/northwestoutfitters/items/610299/?asn=fhdn&asn-ref=alloutdooradventures&ref=alloutdooradventures&bookable-only=yes&full-items=yes&marketplace=yes&flow=no""></script>",https://fareharbor.com/embeds/book/northwestoutfitters/items/610299/?asn=fhdn&asn-ref=alloutdooradventures&ref=alloutdooradventures&bookable-only=yes&full-items=yes&marketplace=yes&flow=no,https://cdn.filestackcontent.com/4D4UeZZ9SjCQEaiN72A4
Northwest Outfitters,northwestoutfitters,info@nwoutfitters.com,(208) 667-2707,United States/Idaho/Coeur d'Alene,,,610327,North Fork Coeur D Alene River Walk and Wade - Half Day,Hiking,3,56,214,https://fareharbor.com/embeds/calendar/northwestoutfitters/items/610327/?asn=fhdn&asn-ref=alloutdooradventures&ref=alloutdooradventures&bookable-only=yes&full-items=yes&marketplace=yes&flow=no,"<script src=""https://fareharbor.com/embeds/script/calendar/northwestoutfitters/items/610327/?asn=fhdn&asn-ref=alloutdooradventures&ref=alloutdooradventures&bookable-only=yes&full-items=yes&marketplace=yes&flow=no""></script>",https://fareharbor.com/embeds/book/northwestoutfitters/items/610327/?asn=fhdn&asn-ref=alloutdooradventures&ref=alloutdooradventures&bookable-only=yes&full-items=yes&marketplace=yes&flow=no,https://cdn.filestackcontent.com/tm4nSRchR7aQqUrGHojd
Terran Travels,terrantravels,info@terrantravels.com,503-662-2699,United States/Oregon/Portland,,,149182,Full-day Columbia Gorge Hiking Tour,Hiking-Museum-Transportation-Winery,1,55,180,https://fareharbor.com/embeds/calendar/terrantravels/items/149182/?asn=fhdn&asn-ref=alloutdooradventures&ref=alloutdooradventures&bookable-only=yes&full-items=yes&marketplace=yes&flow=no,"<script src=""https://fareharbor.com/embeds/script/calendar/terrantravels/items/149182/?asn=fhdn&asn-ref=alloutdooradventures&ref=alloutdooradventures&bookable-only=yes&full-items=yes&marketplace=yes&flow=no""></script>",https://fareharbor.com/embeds/book/terrantravels/items/149182/?asn=fhdn&asn-ref=alloutdooradventures&ref=alloutdooradventures&bookable-only=yes&full-items=yes&marketplace=yes&flow=no,https://cdn.filestackcontent.com/aDt7lmXXR8aJVcHjSPUQ
SnowBike Nation,snowbikenation,kyle@snowbikenation.com,406-212-2154,United States/Montana/Kalispell,,,269906,"Single Day SnowBike Adventure Tue & Wed Only (No Lodging or Food, All Riding+ Safety Gear Is Included)",Bike Tour,19,55,56,https://fareharbor.com/embeds/calendar/snowbikenation/items/269906/?asn=fhdn&asn-ref=alloutdooradventures&ref=alloutdooradventures&bookable-only=yes&full-items=yes&marketplace=yes&flow=no,"<script src=""https://fareharbor.com/embeds/script/calendar/snowbikenation/items/269906/?asn=fhdn&asn-ref=alloutdooradventures&ref=alloutdooradventures&bookable-only=yes&full-items=yes&marketplace=yes&flow=no""></script>",https://fareharbor.com/embeds/book/snowbikenation/items/269906/?asn=fhdn&asn-ref=alloutdooradventures&ref=alloutdooradventures&bookable-only=yes&full-items=yes&marketplace=yes&flow=no,https://cdn.filestackcontent.com/cFB0HRxQelWzfsyIZ3hA
Zoar Outdoor,zoaroutdoor,info@zoaroutdoor.com,413-339-4010,United States/Massachusetts/Charlemont,,,362192,Swiftwater Rescue 2-Day Course Led By Guest Instructor Mike Mather,Boat Tour-Canoe-Lodging-Transportation,3,55,1,https://fareharbor.com/embeds/calendar/zoaroutdoor/items/362192/?asn=fhdn&asn-ref=alloutdooradventures&ref=alloutdooradventures&bookable-only=yes&full-items=yes&marketplace=yes&flow=no,"<script src=""https://fareharbor.com/embeds/script/calendar/zoaroutdoor/items/362192/?asn=fhdn&asn-ref=alloutdooradventures&ref=alloutdooradventures&bookable-only=yes&full-items=yes&marketplace=yes&flow=no""></script>",https://fareharbor.com/embeds/book/zoaroutdoor/items/362192/?asn=fhdn&asn-ref=alloutdooradventures&ref=alloutdooradventures&bookable-only=yes&full-items=yes&marketplace=yes&flow=no,https://cdn.filestackcontent.com/eZhwbHEJQDy64hwaLnLQ
Infinite Adventures,infiniteadventures,ops@infiniteadv.com,1-520-468-9774,Canada/Alberta/Calgary,-114.052099,51.046433,418264,Canada Gold Rush Trail Adventure,Eco Tour,3,55,0,https://fareharbor.com/embeds/calendar/infiniteadventures/items/418264/?asn=fhdn&asn-ref=alloutdooradventures&ref=alloutdooradventures&bookable-only=yes&full-items=yes&marketplace=yes&flow=no,"<script src=""https://fareharbor.com/embeds/script/calendar/infiniteadventures/items/418264/?asn=fhdn&asn-ref=alloutdooradventures&ref=alloutdooradventures&bookable-only=yes&full-items=yes&marketplace=yes&flow=no""></script>",https://fareharbor.com/embeds/book/infiniteadventures/items/418264/?asn=fhdn&asn-ref=alloutdooradventures&ref=alloutdooradventures&bookable-only=yes&full-items=yes&marketplace=yes&flow=no,https://cdn.filestackcontent.com/pICVLeAkQB201bmz0jUj
Tales on Trails,talesontrails,info@islandtrailsecotours.com,514-797-6405,Canada/British Columbia/Victoria,,,479934,"Wildlife, Waterfall, Beaches and Big Trees",Hiking,6,55,154,https://fareharbor.com/embeds/calendar/talesontrails/items/479934/?asn=fhdn-cad&asn-ref=alloutdooradventures&ref=alloutdooradventures&bookable-only=yes&full-items=yes&marketplace=yes&flow=no,"<script src=""https://fareharbor.com/embeds/script/calendar/talesontrails/items/479934/?asn=fhdn-cad&asn-ref=alloutdooradventures&ref=alloutdooradventures&bookable-only=yes&full-items=yes&marketplace=yes&flow=no""></script>",https://fareharbor.com/embeds/book/talesontrails/items/479934/?asn=fhdn-cad&asn-ref=alloutdooradventures&ref=alloutdooradventures&bookable-only=yes&full-items=yes&marketplace=yes&flow=no,https://cdn.filestackcontent.com/lfCNA2STQwbzaSEjw4pG
Brian Creek Photography,briancreekphotography,info@briancreek.com,3075431452,United States/Montana/Gardiner,,,503974,Private Yellowstone Photo Safaris - Summer,Guided Tour-Photography Tour-Wildlife,26,55,107,https://fareharbor.com/embeds/calendar/briancreekphotography/items/503974/?asn=fhdn&asn-ref=alloutdooradventures&ref=alloutdooradventures&bookable-only=yes&full-items=yes&marketplace=yes&flow=no,"<script src=""https://fareharbor.com/embeds/script/calendar/briancreekphotography/items/503974/?asn=fhdn&asn-ref=alloutdooradventures&ref=alloutdooradventures&bookable-only=yes&full-items=yes&marketplace=yes&flow=no""></script>",https://fareharbor.com/embeds/book/briancreekphotography/items/503974/?asn=fhdn&asn-ref=alloutdooradventures&ref=alloutdooradventures&bookable-only=yes&full-items=yes&marketplace=yes&flow=no,https://cdn.filestackcontent.com/AdvkXmtToa1W59NjlKmx
Toonie Tours BC,toonietours-vancouver,guide@toonietours.ca,1 866 643 1847,Canada/British Columbia/Vancouver,,,531518,Stanley Park & Vancouver City Highlights 4 Hour Bike Tour 2 in 1 | Private,Bike Rental-Bike Tour-Guided Tour-Private-Walking Tour,3,55,360,https://fareharbor.com/embeds/calendar/toonietours-vancouver/items/531518/?asn=fhdn&asn-ref=alloutdooradventures&ref=alloutdooradventures&bookable-only=yes&full-items=yes&marketplace=yes&flow=no,"<script src=""https://fareharbor.com/embeds/script/calendar/toonietours-vancouver/items/531518/?asn=fhdn&asn-ref=alloutdooradventures&ref=alloutdooradventures&bookable-only=yes&full-items=yes&marketplace=yes&flow=no""></script>",https://fareharbor.com/embeds/book/toonietours-vancouver/items/531518/?asn=fhdn&asn-ref=alloutdooradventures&ref=alloutdooradventures&bookable-only=yes&full-items=yes&marketplace=yes&flow=no,https://cdn.filestackcontent.com/PGgNduaQYiOMp0XnHkgE
Nature Bound,naturebound,natureboundon@gmail.com,705-305-6486,Canada/Ontario/Corbeil,-79.256532,46.310619,609583,Private Guided Snowshoe Tour,Hiking,1,55,146,https://fareharbor.com/embeds/calendar/naturebound/items/609583/?asn=fhdn-cad&asn-ref=alloutdooradventures&ref=alloutdooradventures&bookable-only=yes&full-items=yes&marketplace=yes&flow=no,"<script src=""https://fareharbor.com/embeds/script/calendar/naturebound/items/609583/?asn=fhdn-cad&asn-ref=alloutdooradventures&ref=alloutdooradventures&bookable-only=yes&full-items=yes&marketplace=yes&flow=no""></script>",https://fareharbor.com/embeds/book/naturebound/items/609583/?asn=fhdn-cad&asn-ref=alloutdooradventures&ref=alloutdooradventures&bookable-only=yes&full-items=yes&marketplace=yes&flow=no,https://cdn.filestackcontent.com/roQIlEhpQEKt8EHCpXAl
Annapolis Valley Luffa,luffacanada,avluffa@gmail.com,4033708766,Canada/Nova Scotia/Port Williams,,,620602,The Great Canadian Luffa Experience,Eco Tour,8,55,0,https://fareharbor.com/embeds/calendar/luffacanada/items/620602/?asn=fhdn-cad&asn-ref=alloutdooradventures&ref=alloutdooradventures&bookable-only=yes&full-items=yes&marketplace=yes&flow=no,"<script src=""https://fareharbor.com/embeds/script/calendar/luffacanada/items/620602/?asn=fhdn-cad&asn-ref=alloutdooradventures&ref=alloutdooradventures&bookable-only=yes&full-items=yes&marketplace=yes&flow=no""></script>",https://fareharbor.com/embeds/book/luffacanada/items/620602/?asn=fhdn-cad&asn-ref=alloutdooradventures&ref=alloutdooradventures&bookable-only=yes&full-items=yes&marketplace=yes&flow=no,https://cdn.filestackcontent.com/b8KoQhcDQyafwksrs5KN
Brian Creek Photography,briancreekphotography,info@briancreek.com,3075431452,United States/Montana/Gardiner,,,641110,"Private, Custom Yellowstone EcoTour",Eco Tour-Environmental Attraction-Guided Tour-History Tour-Sightseeing Tour-Wildlife,34,55,0,https://fareharbor.com/embeds/calendar/briancreekphotography/items/641110/?asn=fhdn&asn-ref=alloutdooradventures&ref=alloutdooradventures&bookable-only=yes&full-items=yes&marketplace=yes&flow=no,"<script src=""https://fareharbor.com/embeds/script/calendar/briancreekphotography/items/641110/?asn=fhdn&asn-ref=alloutdooradventures&ref=alloutdooradventures&bookable-only=yes&full-items=yes&marketplace=yes&flow=no""></script>",https://fareharbor.com/embeds/book/briancreekphotography/items/641110/?asn=fhdn&asn-ref=alloutdooradventures&ref=alloutdooradventures&bookable-only=yes&full-items=yes&marketplace=yes&flow=no,https://cdn.filestackcontent.com/jwNY4VQTYKPuf2PsJUgQ
Wallowa Alpine Huts,wallowahuts,yurtmiester@gmail.com,541.398.1980,United States/Oregon/Joseph,-117.229564,45.358298,664473,Non Camp Based Day Guide,Guided Tour-Hiking,1,55,58,https://fareharbor.com/embeds/calendar/wallowahuts/items/664473/?asn=fhdn&asn-ref=alloutdooradventures&ref=alloutdooradventures&bookable-only=yes&full-items=yes&marketplace=yes&flow=no,"<script src=""https://fareharbor.com/embeds/script/calendar/wallowahuts/items/664473/?asn=fhdn&asn-ref=alloutdooradventures&ref=alloutdooradventures&bookable-only=yes&full-items=yes&marketplace=yes&flow=no""></script>",https://fareharbor.com/embeds/book/wallowahuts/items/664473/?asn=fhdn&asn-ref=alloutdooradventures&ref=alloutdooradventures&bookable-only=yes&full-items=yes&marketplace=yes&flow=no,https://cdn.filestackcontent.com/Cm25PXxhRHOXfvpC6KHv
Catamount Ski Area,catamountski,info@catamountski.com,413-528-1262,United States/New York/Hillsdale,,,189455,Aerial Adventure Park,Climbing-Ropes Course-Transportation,5,54,0,https://fareharbor.com/embeds/calendar/catamountski/items/189455/?asn=fhdn&asn-ref=alloutdooradventures&ref=alloutdooradventures&bookable-only=yes&full-items=yes&marketplace=yes&flow=no,"<script src=""https://fareharbor.com/embeds/script/calendar/catamountski/items/189455/?asn=fhdn&asn-ref=alloutdooradventures&ref=alloutdooradventures&bookable-only=yes&full-items=yes&marketplace=yes&flow=no""></script>",https://fareharbor.com/embeds/book/catamountski/items/189455/?asn=fhdn&asn-ref=alloutdooradventures&ref=alloutdooradventures&bookable-only=yes&full-items=yes&marketplace=yes&flow=no,https://cdn.filestackcontent.com/dciSlwZ0QBOx2EQZ27sy
International Mountain Climbing School,internationalmountainclimbingschool,guides@climbimcs.com,(603) 356-7064,United States/New Hampshire/Conway,,,411395,Private Guided Rock Climbing — Half Day,Climbing,1,54,107,https://fareharbor.com/embeds/calendar/internationalmountainclimbingschool/items/411395/?asn=fhdn&asn-ref=alloutdooradventures&ref=alloutdooradventures&bookable-only=yes&full-items=yes&marketplace=yes&flow=no,"<script src=""https://fareharbor.com/embeds/script/calendar/internationalmountainclimbingschool/items/411395/?asn=fhdn&asn-ref=alloutdooradventures&ref=alloutdooradventures&bookable-only=yes&full-items=yes&marketplace=yes&flow=no""></script>",https://fareharbor.com/embeds/book/internationalmountainclimbingschool/items/411395/?asn=fhdn&asn-ref=alloutdooradventures&ref=alloutdooradventures&bookable-only=yes&full-items=yes&marketplace=yes&flow=no,https://cdn.filestackcontent.com/wrOtxE5QCKdSb9j9We8m
International Mountain Climbing School,internationalmountainclimbingschool,guides@climbimcs.com,(603) 356-7064,United States/New Hampshire/Conway,,,411418,Family Rock Climbing — Half Day,Climbing,1,54,214,https://fareharbor.com/embeds/calendar/internationalmountainclimbingschool/items/411418/?asn=fhdn&asn-ref=alloutdooradventures&ref=alloutdooradventures&bookable-only=yes&full-items=yes&marketplace=yes&flow=no,"<script src=""https://fareharbor.com/embeds/script/calendar/internationalmountainclimbingschool/items/411418/?asn=fhdn&asn-ref=alloutdooradventures&ref=alloutdooradventures&bookable-only=yes&full-items=yes&marketplace=yes&flow=no""></script>",https://fareharbor.com/embeds/book/internationalmountainclimbingschool/items/411418/?asn=fhdn&asn-ref=alloutdooradventures&ref=alloutdooradventures&bookable-only=yes&full-items=yes&marketplace=yes&flow=no,https://cdn.filestackcontent.com/Uqxr0f4tQ2yeWA3kK8z9
Alaska Wildlife Safari,ketchikanwildlifesafari,ketchikanwildlifesafari@gmail.com,9076171220,United States/Missouri/Kansas City,,,593588,Ketchikan Wildlife Safari & Sight Seeing Tour,Wildlife,1,54,517,https://fareharbor.com/embeds/calendar/ketchikanwildlifesafari/items/593588/?asn=fhdn&asn-ref=alloutdooradventures&ref=alloutdooradventures&bookable-only=yes&full-items=yes&marketplace=yes&flow=no,"<script src=""https://fareharbor.com/embeds/script/calendar/ketchikanwildlifesafari/items/593588/?asn=fhdn&asn-ref=alloutdooradventures&ref=alloutdooradventures&bookable-only=yes&full-items=yes&marketplace=yes&flow=no""></script>",https://fareharbor.com/embeds/book/ketchikanwildlifesafari/items/593588/?asn=fhdn&asn-ref=alloutdooradventures&ref=alloutdooradventures&bookable-only=yes&full-items=yes&marketplace=yes&flow=no,https://cdn.filestackcontent.com/uGeQt9FkT86JZ105WCS7
Coastal Maine Hike and Bike,coastalmainekayak,info@coastalmainehikeandbike.com,207-967-6065,United States/Maine/Kennebunk,-70.479359,43.360087,631162,Featured - Guided eBike Lobster Roll Tour,Bike Tour,1,54,0,https://fareharbor.com/embeds/calendar/coastalmainekayak/items/631162/?asn=fhdn&asn-ref=alloutdooradventures&ref=alloutdooradventures&bookable-only=yes&full-items=yes&marketplace=yes&flow=no,"<script src=""https://fareharbor.com/embeds/script/calendar/coastalmainekayak/items/631162/?asn=fhdn&asn-ref=alloutdooradventures&ref=alloutdooradventures&bookable-only=yes&full-items=yes&marketplace=yes&flow=no""></script>",https://fareharbor.com/embeds/book/coastalmainekayak/items/631162/?asn=fhdn&asn-ref=alloutdooradventures&ref=alloutdooradventures&bookable-only=yes&full-items=yes&marketplace=yes&flow=no,https://cdn.filestackcontent.com/SCvrH9pRoO6ttMPW4HvL
Explore Banff Tours and Transfers Inc.,explorebanff,info@explorebanff.com,403-686-7905,Canada/Alberta/Canmore,,,655700,Lake Louise Extended: 5 Hours,Attraction-Bus Tour-Environmental Attraction-Hiking-Transfer-Shuttle-Sightseeing Tour-Transportation,6,54,76,https://fareharbor.com/embeds/calendar/explorebanff/items/655700/?asn=fhdn-cad&asn-ref=alloutdooradventures&ref=alloutdooradventures&bookable-only=yes&full-items=yes&marketplace=yes&flow=no,"<script src=""https://fareharbor.com/embeds/script/calendar/explorebanff/items/655700/?asn=fhdn-cad&asn-ref=alloutdooradventures&ref=alloutdooradventures&bookable-only=yes&full-items=yes&marketplace=yes&flow=no""></script>",https://fareharbor.com/embeds/book/explorebanff/items/655700/?asn=fhdn-cad&asn-ref=alloutdooradventures&ref=alloutdooradventures&bookable-only=yes&full-items=yes&marketplace=yes&flow=no,https://cdn.filestackcontent.com/0fIFhn2ISdG50bnj44wD
Sitka Wildlife Tours,sitkawildlifetours,sitkawildlifetoursak@gmail.com,907-738-1733,United States/Alaska/Sitka,-135.332123,57.049466,7552,Sitka Scenic Tour,Eco Tour,13,53,149,https://fareharbor.com/embeds/calendar/sitkawildlifetours/items/7552/?asn=fhdn&asn-ref=alloutdooradventures&ref=alloutdooradventures&bookable-only=yes&full-items=yes&marketplace=yes&flow=no,"<script src=""https://fareharbor.com/embeds/script/calendar/sitkawildlifetours/items/7552/?asn=fhdn&asn-ref=alloutdooradventures&ref=alloutdooradventures&bookable-only=yes&full-items=yes&marketplace=yes&flow=no""></script>",https://fareharbor.com/embeds/book/sitkawildlifetours/items/7552/?asn=fhdn&asn-ref=alloutdooradventures&ref=alloutdooradventures&bookable-only=yes&full-items=yes&marketplace=yes&flow=no,https://www.filepicker.io/api/file/ePAcb2euQZuf8Rv0COdB
Catamount Ski Area,catamountski,info@catamountski.com,413-528-1262,United States/New York/Hillsdale,,,189453,Zip Tour,ATV/UTV-Climbing-History Tour-Ropes Course-Transportation-Zipline,5,53,0,https://fareharbor.com/embeds/calendar/catamountski/items/189453/?asn=fhdn&asn-ref=alloutdooradventures&ref=alloutdooradventures&bookable-only=yes&full-items=yes&marketplace=yes&flow=no,"<script src=""https://fareharbor.com/embeds/script/calendar/catamountski/items/189453/?asn=fhdn&asn-ref=alloutdooradventures&ref=alloutdooradventures&bookable-only=yes&full-items=yes&marketplace=yes&flow=no""></script>",https://fareharbor.com/embeds/book/catamountski/items/189453/?asn=fhdn&asn-ref=alloutdooradventures&ref=alloutdooradventures&bookable-only=yes&full-items=yes&marketplace=yes&flow=no,https://cdn.filestackcontent.com/OePhRSNTfOn7GsyJRXVQ
Door County Kayak,doorcountykayaktours,Info@DoorCountyKayakTours.com,920-868-1400,United States/Wisconsin/Fish Creek,-87.250774,45.080621,216710,Fish Creek Sunset Glow Roll Fat Tire E-Bike Tour,Bike Tour-E-Bike,2,53,0,https://fareharbor.com/embeds/calendar/doorcountykayaktours/items/216710/?asn=fhdn&asn-ref=alloutdooradventures&ref=alloutdooradventures&bookable-only=yes&full-items=yes&marketplace=yes&flow=no,"<script src=""https://fareharbor.com/embeds/script/calendar/doorcountykayaktours/items/216710/?asn=fhdn&asn-ref=alloutdooradventures&ref=alloutdooradventures&bookable-only=yes&full-items=yes&marketplace=yes&flow=no""></script>",https://fareharbor.com/embeds/book/doorcountykayaktours/items/216710/?asn=fhdn&asn-ref=alloutdooradventures&ref=alloutdooradventures&bookable-only=yes&full-items=yes&marketplace=yes&flow=no,https://cdn.filestackcontent.com/uOpnrsrSo6UXdqNbjIRW
Natick Boathouse,boatinginboston-natick,BostonBoatinginfo@guestservices.com,,United States/Massachusetts/Natick,,,251687,Canoe Rentals at Natick,Canoe-Rentals-Water Activities,2,53,969,https://fareharbor.com/embeds/calendar/boatinginboston-natick/items/251687/?asn=fhdn&asn-ref=alloutdooradventures&ref=alloutdooradventures&bookable-only=yes&full-items=yes&marketplace=yes&flow=no,"<script src=""https://fareharbor.com/embeds/script/calendar/boatinginboston-natick/items/251687/?asn=fhdn&asn-ref=alloutdooradventures&ref=alloutdooradventures&bookable-only=yes&full-items=yes&marketplace=yes&flow=no""></script>",https://fareharbor.com/embeds/book/boatinginboston-natick/items/251687/?asn=fhdn&asn-ref=alloutdooradventures&ref=alloutdooradventures&bookable-only=yes&full-items=yes&marketplace=yes&flow=no,https://cdn.filestackcontent.com/Yb63VkGtTs2gqIGZURNm
Urban Adventours,urbanadventours,info@urbanadventours.com,617-670-0637,United States/Massachusetts/Boston,,,417626,Luggage Storage,Bike Tour,1,53,153,https://fareharbor.com/embeds/calendar/urbanadventours/items/417626/?asn=fhdn&asn-ref=alloutdooradventures&ref=alloutdooradventures&bookable-only=yes&full-items=yes&marketplace=yes&flow=no,"<script src=""https://fareharbor.com/embeds/script/calendar/urbanadventours/items/417626/?asn=fhdn&asn-ref=alloutdooradventures&ref=alloutdooradventures&bookable-only=yes&full-items=yes&marketplace=yes&flow=no""></script>",https://fareharbor.com/embeds/book/urbanadventours/items/417626/?asn=fhdn&asn-ref=alloutdooradventures&ref=alloutdooradventures&bookable-only=yes&full-items=yes&marketplace=yes&flow=no,https://cdn.filestackcontent.com/MB0Jw0XATqeMV2lvrY9C
Explore Banff Tours and Transfers Inc.,explorebanff,info@explorebanff.com,403-686-7905,Canada/Alberta/Canmore,,,655701,Moraine Lake Extended: 4 Hours,Attraction-Bus Tour-Environmental Attraction-Hiking-Transfer-Shuttle-Sightseeing Tour-Transportation,5,53,76,https://fareharbor.com/embeds/calendar/explorebanff/items/655701/?asn=fhdn-cad&asn-ref=alloutdooradventures&ref=alloutdooradventures&bookable-only=yes&full-items=yes&marketplace=yes&flow=no,"<script src=""https://fareharbor.com/embeds/script/calendar/explorebanff/items/655701/?asn=fhdn-cad&asn-ref=alloutdooradventures&ref=alloutdooradventures&bookable-only=yes&full-items=yes&marketplace=yes&flow=no""></script>",https://fareharbor.com/embeds/book/explorebanff/items/655701/?asn=fhdn-cad&asn-ref=alloutdooradventures&ref=alloutdooradventures&bookable-only=yes&full-items=yes&marketplace=yes&flow=no,https://cdn.filestackcontent.com/ICJIiLRTY2UBiUaMeR8Q
WindsorEats,windsoreats,info@windsoreats.com,+1 519-982-5212,Canada/Ontario/Windsor,-83.036363,42.314937,70224,Self Guided Bikes and Beer Cycling Tour,Bike Tour,2,52,0,https://fareharbor.com/embeds/calendar/windsoreats/items/70224/?asn=fhdn-cad&asn-ref=alloutdooradventures&ref=alloutdooradventures&bookable-only=yes&full-items=yes&marketplace=yes&flow=no,"<script src=""https://fareharbor.com/embeds/script/calendar/windsoreats/items/70224/?asn=fhdn-cad&asn-ref=alloutdooradventures&ref=alloutdooradventures&bookable-only=yes&full-items=yes&marketplace=yes&flow=no""></script>",https://fareharbor.com/embeds/book/windsoreats/items/70224/?asn=fhdn-cad&asn-ref=alloutdooradventures&ref=alloutdooradventures&bookable-only=yes&full-items=yes&marketplace=yes&flow=no,https://cdn.filestackcontent.com/nUCoSmeYRvK8L0dlsua0
Evergreen Escapes - Seattle,evergreenescapes-seattle,bookings@evergreenescapes.com,206-650-5795,United States/Washington/Seattle,,,291165,5-Day American Alps Loop Tour,Hiking,9,52,0,https://fareharbor.com/embeds/calendar/evergreenescapes-seattle/items/291165/?asn=fhdn&asn-ref=alloutdooradventures&ref=alloutdooradventures&bookable-only=yes&full-items=yes&marketplace=yes&flow=no,"<script src=""https://fareharbor.com/embeds/script/calendar/evergreenescapes-seattle/items/291165/?asn=fhdn&asn-ref=alloutdooradventures&ref=alloutdooradventures&bookable-only=yes&full-items=yes&marketplace=yes&flow=no""></script>",https://fareharbor.com/embeds/book/evergreenescapes-seattle/items/291165/?asn=fhdn&asn-ref=alloutdooradventures&ref=alloutdooradventures&bookable-only=yes&full-items=yes&marketplace=yes&flow=no,https://cdn.filestackcontent.com/As0l7vwRhWpZcS6LBXBg
Sky Lakes Wilderness Adventures,skylakeswild,skylakeswild@gmail.com,(541) 891 0435,United States/Oregon/Chiloquin,-121.862257,42.576486,301654,Four Hour Gear Rental,Fishing-Wildlife,2,52,1620,https://fareharbor.com/embeds/calendar/skylakeswild/items/301654/?asn=fhdn&asn-ref=alloutdooradventures&ref=alloutdooradventures&bookable-only=yes&full-items=yes&marketplace=yes&flow=no,"<script src=""https://fareharbor.com/embeds/script/calendar/skylakeswild/items/301654/?asn=fhdn&asn-ref=alloutdooradventures&ref=alloutdooradventures&bookable-only=yes&full-items=yes&marketplace=yes&flow=no""></script>",https://fareharbor.com/embeds/book/skylakeswild/items/301654/?asn=fhdn&asn-ref=alloutdooradventures&ref=alloutdooradventures&bookable-only=yes&full-items=yes&marketplace=yes&flow=no,https://cdn.filestackcontent.com/uYjdCr4qRQLdTr0nRmYR
Sky Lakes Wilderness Adventures,skylakeswild,skylakeswild@gmail.com,(541) 891 0435,United States/Oregon/Chiloquin,-121.862257,42.576486,301666,Full Day Gear Rental,Fishing-Wildlife,2,52,1440,https://fareharbor.com/embeds/calendar/skylakeswild/items/301666/?asn=fhdn&asn-ref=alloutdooradventures&ref=alloutdooradventures&bookable-only=yes&full-items=yes&marketplace=yes&flow=no,"<script src=""https://fareharbor.com/embeds/script/calendar/skylakeswild/items/301666/?asn=fhdn&asn-ref=alloutdooradventures&ref=alloutdooradventures&bookable-only=yes&full-items=yes&marketplace=yes&flow=no""></script>",https://fareharbor.com/embeds/book/skylakeswild/items/301666/?asn=fhdn&asn-ref=alloutdooradventures&ref=alloutdooradventures&bookable-only=yes&full-items=yes&marketplace=yes&flow=no,https://cdn.filestackcontent.com/0DKgXDEDRumBMiijL8tT
International Mountain Climbing School,internationalmountainclimbingschool,guides@climbimcs.com,(603) 356-7064,United States/New Hampshire/Conway,,,411415,Family Rock Climbing — Full Day,Climbing,2,52,107,https://fareharbor.com/embeds/calendar/internationalmountainclimbingschool/items/411415/?asn=fhdn&asn-ref=alloutdooradventures&ref=alloutdooradventures&bookable-only=yes&full-items=yes&marketplace=yes&flow=no,"<script src=""https://fareharbor.com/embeds/script/calendar/internationalmountainclimbingschool/items/411415/?asn=fhdn&asn-ref=alloutdooradventures&ref=alloutdooradventures&bookable-only=yes&full-items=yes&marketplace=yes&flow=no""></script>",https://fareharbor.com/embeds/book/internationalmountainclimbingschool/items/411415/?asn=fhdn&asn-ref=alloutdooradventures&ref=alloutdooradventures&bookable-only=yes&full-items=yes&marketplace=yes&flow=no,https://cdn.filestackcontent.com/R0uPVlSkRWamVraQ6RW5
Explore Banff Tours and Transfers Inc.,explorebanff,info@explorebanff.com,403-686-7905,Canada/Alberta/Canmore,,,521315,Explore the Icefields Parkway,Attraction-Bus Tour-Environmental Attraction-Guided Tour-Sightseeing Tour-Transportation-Wildlife,4,52,76,https://fareharbor.com/embeds/calendar/explorebanff/items/521315/?asn=fhdn-cad&asn-ref=alloutdooradventures&ref=alloutdooradventures&bookable-only=yes&full-items=yes&marketplace=yes&flow=no,"<script src=""https://fareharbor.com/embeds/script/calendar/explorebanff/items/521315/?asn=fhdn-cad&asn-ref=alloutdooradventures&ref=alloutdooradventures&bookable-only=yes&full-items=yes&marketplace=yes&flow=no""></script>",https://fareharbor.com/embeds/book/explorebanff/items/521315/?asn=fhdn-cad&asn-ref=alloutdooradventures&ref=alloutdooradventures&bookable-only=yes&full-items=yes&marketplace=yes&flow=no,https://cdn.filestackcontent.com/uMpLVMWDTKGTq4GShbqk
Hola Canada Tours,holacanadatours,roberto.venado@gmail.com,604-377-7394,Canada/British Columbia/Vancouver,,,569263,HCT - VANCOUVER CITYCICLE & STANLEY VIEWS Biking Tour,Bike Tour,1,52,540,https://fareharbor.com/embeds/calendar/holacanadatours/items/569263/?asn=fhdn-cad&asn-ref=alloutdooradventures&ref=alloutdooradventures&bookable-only=yes&full-items=yes&marketplace=yes&flow=no,"<script src=""https://fareharbor.com/embeds/script/calendar/holacanadatours/items/569263/?asn=fhdn-cad&asn-ref=alloutdooradventures&ref=alloutdooradventures&bookable-only=yes&full-items=yes&marketplace=yes&flow=no""></script>",https://fareharbor.com/embeds/book/holacanadatours/items/569263/?asn=fhdn-cad&asn-ref=alloutdooradventures&ref=alloutdooradventures&bookable-only=yes&full-items=yes&marketplace=yes&flow=no,https://cdn.filestackcontent.com/2YHCiAwrTuGtuUsLAcNz
Wallowa Alpine Huts,wallowahuts,yurtmiester@gmail.com,541.398.1980,United States/Oregon/Halfway,-117.09103,44.860611,661014,Schneider Camp,Hiking-Lodging,1,52,182,https://fareharbor.com/embeds/calendar/wallowahuts/items/661014/?asn=fhdn&asn-ref=alloutdooradventures&ref=alloutdooradventures&bookable-only=yes&full-items=yes&marketplace=yes&flow=no,"<script src=""https://fareharbor.com/embeds/script/calendar/wallowahuts/items/661014/?asn=fhdn&asn-ref=alloutdooradventures&ref=alloutdooradventures&bookable-only=yes&full-items=yes&marketplace=yes&flow=no""></script>",https://fareharbor.com/embeds/book/wallowahuts/items/661014/?asn=fhdn&asn-ref=alloutdooradventures&ref=alloutdooradventures&bookable-only=yes&full-items=yes&marketplace=yes&flow=no,https://cdn.filestackcontent.com/rklgwrTARte1DQBQfiRz
Zoar Outdoor,zoaroutdoor,info@zoaroutdoor.com,413-339-4010,United States/Massachusetts/Charlemont,,,349802,Canoe L1 ACA Current Instructor Update 1-day,Canoe-Transportation,2,51,0,https://fareharbor.com/embeds/calendar/zoaroutdoor/items/349802/?asn=fhdn&asn-ref=alloutdooradventures&ref=alloutdooradventures&bookable-only=yes&full-items=yes&marketplace=yes&flow=no,"<script src=""https://fareharbor.com/embeds/script/calendar/zoaroutdoor/items/349802/?asn=fhdn&asn-ref=alloutdooradventures&ref=alloutdooradventures&bookable-only=yes&full-items=yes&marketplace=yes&flow=no""></script>",https://fareharbor.com/embeds/book/zoaroutdoor/items/349802/?asn=fhdn&asn-ref=alloutdooradventures&ref=alloutdooradventures&bookable-only=yes&full-items=yes&marketplace=yes&flow=no,https://cdn.filestackcontent.com/fZuwh3CCS42txtjvfNiT
Zoar Outdoor,zoaroutdoor,info@zoaroutdoor.com,413-339-4010,United States/Massachusetts/Charlemont,,,349855,Canoe L1 ACA Instructor Certification Workshop 2-Day,Boat Tour-Canoe-SUP-Transportation-Workshop,2,51,0,https://fareharbor.com/embeds/calendar/zoaroutdoor/items/349855/?asn=fhdn&asn-ref=alloutdooradventures&ref=alloutdooradventures&bookable-only=yes&full-items=yes&marketplace=yes&flow=no,"<script src=""https://fareharbor.com/embeds/script/calendar/zoaroutdoor/items/349855/?asn=fhdn&asn-ref=alloutdooradventures&ref=alloutdooradventures&bookable-only=yes&full-items=yes&marketplace=yes&flow=no""></script>",https://fareharbor.com/embeds/book/zoaroutdoor/items/349855/?asn=fhdn&asn-ref=alloutdooradventures&ref=alloutdooradventures&bookable-only=yes&full-items=yes&marketplace=yes&flow=no,https://cdn.filestackcontent.com/xaoWkwDScCG6JdjZbA3f
Adventure Outdoors,adventure-outdoors,care@adventure-outdoors.ca,778-957-3448,Canada/British Columbia/Surrey,,,383501,Foraging Workshops 🍀,Eco Tour-Environmental Attraction-Guided Tour-Sightseeing Tour-Walking Tour-Workshop,4,51,0,https://fareharbor.com/embeds/calendar/adventure-outdoors/items/383501/?asn=fhdn-cad&asn-ref=alloutdooradventures&ref=alloutdooradventures&bookable-only=yes&full-items=yes&marketplace=yes&flow=no,"<script src=""https://fareharbor.com/embeds/script/calendar/adventure-outdoors/items/383501/?asn=fhdn-cad&asn-ref=alloutdooradventures&ref=alloutdooradventures&bookable-only=yes&full-items=yes&marketplace=yes&flow=no""></script>",https://fareharbor.com/embeds/book/adventure-outdoors/items/383501/?asn=fhdn-cad&asn-ref=alloutdooradventures&ref=alloutdooradventures&bookable-only=yes&full-items=yes&marketplace=yes&flow=no,https://cdn.filestackcontent.com/RLuG7qXTmui2D0z1DdFw
Sitka Walking Tours,sitkawalkingtours,info@sitkawalkingtours.com,(916) 234-6871,United States/Alaska/Sitka,,,456878,Guided Hike | TONGASS NATIONAL FOREST,Boat Tour-Guided Tour-Hiking-Walking Tour,7,51,262,https://fareharbor.com/embeds/calendar/sitkawalkingtours/items/456878/?asn=fhdn&asn-ref=alloutdooradventures&ref=alloutdooradventures&bookable-only=yes&full-items=yes&marketplace=yes&flow=no,"<script src=""https://fareharbor.com/embeds/script/calendar/sitkawalkingtours/items/456878/?asn=fhdn&asn-ref=alloutdooradventures&ref=alloutdooradventures&bookable-only=yes&full-items=yes&marketplace=yes&flow=no""></script>",https://fareharbor.com/embeds/book/sitkawalkingtours/items/456878/?asn=fhdn&asn-ref=alloutdooradventures&ref=alloutdooradventures&bookable-only=yes&full-items=yes&marketplace=yes&flow=no,https://cdn.filestackcontent.com/P1w9rizmT2Gc5QFZJgqw
Explore Banff Tours and Transfers Inc.,explorebanff,info@explorebanff.com,403-686-7905,Canada/Alberta/Canmore,,,527036,Explore the Icefields Parkway,Attraction-Bus Tour-Environmental Attraction-Guided Tour-Private-Sightseeing Tour-Transportation-Wildlife,5,51,76,https://fareharbor.com/embeds/calendar/explorebanff/items/527036/?asn=fhdn-cad&asn-ref=alloutdooradventures&ref=alloutdooradventures&bookable-only=yes&full-items=yes&marketplace=yes&flow=no,"<script src=""https://fareharbor.com/embeds/script/calendar/explorebanff/items/527036/?asn=fhdn-cad&asn-ref=alloutdooradventures&ref=alloutdooradventures&bookable-only=yes&full-items=yes&marketplace=yes&flow=no""></script>",https://fareharbor.com/embeds/book/explorebanff/items/527036/?asn=fhdn-cad&asn-ref=alloutdooradventures&ref=alloutdooradventures&bookable-only=yes&full-items=yes&marketplace=yes&flow=no,https://cdn.filestackcontent.com/xahR2zy6TvSjLZ0RvujI
Adventures in Seattle,adventures-in-seattle,info@adventuresinseattle.com,(253) 508-9441,United States/Washington/Buckley,,,582552,Crystal Mountain Snowshoe,Hiking,1,51,43,https://fareharbor.com/embeds/calendar/adventures-in-seattle/items/582552/?asn=fhdn&asn-ref=alloutdooradventures&ref=alloutdooradventures&bookable-only=yes&full-items=yes&marketplace=yes&flow=no,"<script src=""https://fareharbor.com/embeds/script/calendar/adventures-in-seattle/items/582552/?asn=fhdn&asn-ref=alloutdooradventures&ref=alloutdooradventures&bookable-only=yes&full-items=yes&marketplace=yes&flow=no""></script>",https://fareharbor.com/embeds/book/adventures-in-seattle/items/582552/?asn=fhdn&asn-ref=alloutdooradventures&ref=alloutdooradventures&bookable-only=yes&full-items=yes&marketplace=yes&flow=no,https://cdn.filestackcontent.com/MGzoKPSUTIiMveKag1C7
Explore Banff Tours and Transfers Inc.,explorebanff,info@explorebanff.com,403-686-7905,Canada/Alberta/Canmore,,,630944,Lake O'Hara Guided Hiking,Attraction-Eco Tour-Environmental Attraction-Guided Tour-Hiking-Sightseeing Tour-Transportation,1,51,0,https://fareharbor.com/embeds/calendar/explorebanff/items/630944/?asn=fhdn-cad&asn-ref=alloutdooradventures&ref=alloutdooradventures&bookable-only=yes&full-items=yes&marketplace=yes&flow=no,"<script src=""https://fareharbor.com/embeds/script/calendar/explorebanff/items/630944/?asn=fhdn-cad&asn-ref=alloutdooradventures&ref=alloutdooradventures&bookable-only=yes&full-items=yes&marketplace=yes&flow=no""></script>",https://fareharbor.com/embeds/book/explorebanff/items/630944/?asn=fhdn-cad&asn-ref=alloutdooradventures&ref=alloutdooradventures&bookable-only=yes&full-items=yes&marketplace=yes&flow=no,https://cdn.filestackcontent.com/9HAV71CTpawDijFjokYg
Explore Banff Tours and Transfers Inc.,explorebanff,info@explorebanff.com,403-686-7905,Canada/Alberta/Canmore,,,659841,Moraine Lake Sunrise,Attraction-Bus Tour-Environmental Attraction-Guided Tour-Private-Sightseeing Tour-Transportation-Wildlife,4,51,75,https://fareharbor.com/embeds/calendar/explorebanff/items/659841/?asn=fhdn-cad&asn-ref=alloutdooradventures&ref=alloutdooradventures&bookable-only=yes&full-items=yes&marketplace=yes&flow=no,"<script src=""https://fareharbor.com/embeds/script/calendar/explorebanff/items/659841/?asn=fhdn-cad&asn-ref=alloutdooradventures&ref=alloutdooradventures&bookable-only=yes&full-items=yes&marketplace=yes&flow=no""></script>",https://fareharbor.com/embeds/book/explorebanff/items/659841/?asn=fhdn-cad&asn-ref=alloutdooradventures&ref=alloutdooradventures&bookable-only=yes&full-items=yes&marketplace=yes&flow=no,https://cdn.filestackcontent.com/uuUoxBvlQexnSnEhZWLW
Explore Banff Tours and Transfers Inc.,explorebanff,info@explorebanff.com,403-686-7905,Canada/Alberta/Canmore,,,659994,Moraine Lake Extended: 4 Hours,Attraction-Bus Tour-Environmental Attraction-Hiking-Transfer-Private-Shuttle-Sightseeing Tour-Transportation,4,51,76,https://fareharbor.com/embeds/calendar/explorebanff/items/659994/?asn=fhdn-cad&asn-ref=alloutdooradventures&ref=alloutdooradventures&bookable-only=yes&full-items=yes&marketplace=yes&flow=no,"<script src=""https://fareharbor.com/embeds/script/calendar/explorebanff/items/659994/?asn=fhdn-cad&asn-ref=alloutdooradventures&ref=alloutdooradventures&bookable-only=yes&full-items=yes&marketplace=yes&flow=no""></script>",https://fareharbor.com/embeds/book/explorebanff/items/659994/?asn=fhdn-cad&asn-ref=alloutdooradventures&ref=alloutdooradventures&bookable-only=yes&full-items=yes&marketplace=yes&flow=no,https://cdn.filestackcontent.com/mowRMcneRjeGHu7HwdNp
Explore Banff Tours and Transfers Inc.,explorebanff,info@explorebanff.com,403-686-7905,Canada/Alberta/Canmore,,,521313,Moraine Lake Sunrise & Lake Louise,Attraction-Bus Tour-Environmental Attraction-Guided Tour-Sightseeing Tour-Transportation-Wildlife,5,50,75,https://fareharbor.com/embeds/calendar/explorebanff/items/521313/?asn=fhdn-cad&asn-ref=alloutdooradventures&ref=alloutdooradventures&bookable-only=yes&full-items=yes&marketplace=yes&flow=no,"<script src=""https://fareharbor.com/embeds/script/calendar/explorebanff/items/521313/?asn=fhdn-cad&asn-ref=alloutdooradventures&ref=alloutdooradventures&bookable-only=yes&full-items=yes&marketplace=yes&flow=no""></script>",https://fareharbor.com/embeds/book/explorebanff/items/521313/?asn=fhdn-cad&asn-ref=alloutdooradventures&ref=alloutdooradventures&bookable-only=yes&full-items=yes&marketplace=yes&flow=no,https://cdn.filestackcontent.com/3esLjAxwRNubGmUCujU4
Explore Banff Tours and Transfers Inc.,explorebanff,info@explorebanff.com,403-686-7905,Canada/Alberta/Canmore,,,523038,Moraine Lake Sunrise & Lake Louise,Attraction-Bus Tour-Environmental Attraction-Guided Tour-Private-Sightseeing Tour-Transportation-Wildlife,5,50,75,https://fareharbor.com/embeds/calendar/explorebanff/items/523038/?asn=fhdn-cad&asn-ref=alloutdooradventures&ref=alloutdooradventures&bookable-only=yes&full-items=yes&marketplace=yes&flow=no,"<script src=""https://fareharbor.com/embeds/script/calendar/explorebanff/items/523038/?asn=fhdn-cad&asn-ref=alloutdooradventures&ref=alloutdooradventures&bookable-only=yes&full-items=yes&marketplace=yes&flow=no""></script>",https://fareharbor.com/embeds/book/explorebanff/items/523038/?asn=fhdn-cad&asn-ref=alloutdooradventures&ref=alloutdooradventures&bookable-only=yes&full-items=yes&marketplace=yes&flow=no,https://cdn.filestackcontent.com/s01SZlfbRsHPBEUxSjx3
Toonie Tours Alberta,toonietours-calgary,guide@toonietours.ca,1 866 643 1847,Canada/Alberta/Calgary,,,529962,Calgary City Bike Tour,Bike Rental-Bike Tour-Guided Tour-Walking Tour,5,50,329,https://fareharbor.com/embeds/calendar/toonietours-calgary/items/529962/?asn=fhdn&asn-ref=alloutdooradventures&ref=alloutdooradventures&bookable-only=yes&full-items=yes&marketplace=yes&flow=no,"<script src=""https://fareharbor.com/embeds/script/calendar/toonietours-calgary/items/529962/?asn=fhdn&asn-ref=alloutdooradventures&ref=alloutdooradventures&bookable-only=yes&full-items=yes&marketplace=yes&flow=no""></script>",https://fareharbor.com/embeds/book/toonietours-calgary/items/529962/?asn=fhdn&asn-ref=alloutdooradventures&ref=alloutdooradventures&bookable-only=yes&full-items=yes&marketplace=yes&flow=no,https://cdn.filestackcontent.com/1kHytX41RceU15WNWsVp
Explore Banff Tours and Transfers Inc.,explorebanff,info@explorebanff.com,403-686-7905,Canada/Alberta/Canmore,,,627303,Stanley Glacier Trail Guided Hiking,Attraction-Environmental Attraction-Hiking-Sightseeing Tour-Transportation,2,50,61,https://fareharbor.com/embeds/calendar/explorebanff/items/627303/?asn=fhdn-cad&asn-ref=alloutdooradventures&ref=alloutdooradventures&bookable-only=yes&full-items=yes&marketplace=yes&flow=no,"<script src=""https://fareharbor.com/embeds/script/calendar/explorebanff/items/627303/?asn=fhdn-cad&asn-ref=alloutdooradventures&ref=alloutdooradventures&bookable-only=yes&full-items=yes&marketplace=yes&flow=no""></script>",https://fareharbor.com/embeds/book/explorebanff/items/627303/?asn=fhdn-cad&asn-ref=alloutdooradventures&ref=alloutdooradventures&bookable-only=yes&full-items=yes&marketplace=yes&flow=no,https://cdn.filestackcontent.com/rAnyajQDQZyyutdbAsxw
Explore Banff Tours and Transfers Inc.,explorebanff,info@explorebanff.com,403-686-7905,Canada/Alberta/Canmore,,,628962,Emerald Basin Guided Hiking,Attraction-Eco Tour-Environmental Attraction-Guided Tour-Hiking-Sightseeing Tour-Transportation,2,50,61,https://fareharbor.com/embeds/calendar/explorebanff/items/628962/?asn=fhdn-cad&asn-ref=alloutdooradventures&ref=alloutdooradventures&bookable-only=yes&full-items=yes&marketplace=yes&flow=no,"<script src=""https://fareharbor.com/embeds/script/calendar/explorebanff/items/628962/?asn=fhdn-cad&asn-ref=alloutdooradventures&ref=alloutdooradventures&bookable-only=yes&full-items=yes&marketplace=yes&flow=no""></script>",https://fareharbor.com/embeds/book/explorebanff/items/628962/?asn=fhdn-cad&asn-ref=alloutdooradventures&ref=alloutdooradventures&bookable-only=yes&full-items=yes&marketplace=yes&flow=no,https://cdn.filestackcontent.com/rsTzqpuvT1a4uQcEd0LR
Nauti Cat,nauti-cat,info@nauti-cat.com,(231) 464 - 6080,United States/Michigan/Traverse City,-85.621004,44.762885,166106,Burlesque Show,Catamaran,1,49,0,https://fareharbor.com/embeds/calendar/nauti-cat/items/166106/?asn=fhdn&asn-ref=alloutdooradventures&ref=alloutdooradventures&bookable-only=yes&full-items=yes&marketplace=yes&flow=no,"<script src=""https://fareharbor.com/embeds/script/calendar/nauti-cat/items/166106/?asn=fhdn&asn-ref=alloutdooradventures&ref=alloutdooradventures&bookable-only=yes&full-items=yes&marketplace=yes&flow=no""></script>",https://fareharbor.com/embeds/book/nauti-cat/items/166106/?asn=fhdn&asn-ref=alloutdooradventures&ref=alloutdooradventures&bookable-only=yes&full-items=yes&marketplace=yes&flow=no,https://cdn.filestackcontent.com/U2B2ScfRu02srhODlZBw
Outdoor Escapes,outdoorescapesnh,naturenut@outdoorescapesnewhampshire.com,603-528-0136,United States/New Hampshire/Freedom,-71.036064,43.813559,189576,"Half Day Hike, Walk, and Snowshoe Adventure",Hiking-History Tour-Private-Winter Activities,1,49,73,https://fareharbor.com/embeds/calendar/outdoorescapesnh/items/189576/?asn=fhdn&asn-ref=alloutdooradventures&ref=alloutdooradventures&bookable-only=yes&full-items=yes&marketplace=yes&flow=no,"<script src=""https://fareharbor.com/embeds/script/calendar/outdoorescapesnh/items/189576/?asn=fhdn&asn-ref=alloutdooradventures&ref=alloutdooradventures&bookable-only=yes&full-items=yes&marketplace=yes&flow=no""></script>",https://fareharbor.com/embeds/book/outdoorescapesnh/items/189576/?asn=fhdn&asn-ref=alloutdooradventures&ref=alloutdooradventures&bookable-only=yes&full-items=yes&marketplace=yes&flow=no,https://cdn.filestackcontent.com/hfBHJfQlQfKut0DcIxLH
Outdoor Escapes,outdoorescapesnh,naturenut@outdoorescapesnewhampshire.com,603-528-0136,United States/New Hampshire/Freedom,-71.036064,43.813559,189580,"Full Day Hike, Walk, and Snowshoe Adventure",Hiking-History Tour-Private-Winter Activities,1,49,73,https://fareharbor.com/embeds/calendar/outdoorescapesnh/items/189580/?asn=fhdn&asn-ref=alloutdooradventures&ref=alloutdooradventures&bookable-only=yes&full-items=yes&marketplace=yes&flow=no,"<script src=""https://fareharbor.com/embeds/script/calendar/outdoorescapesnh/items/189580/?asn=fhdn&asn-ref=alloutdooradventures&ref=alloutdooradventures&bookable-only=yes&full-items=yes&marketplace=yes&flow=no""></script>",https://fareharbor.com/embeds/book/outdoorescapesnh/items/189580/?asn=fhdn&asn-ref=alloutdooradventures&ref=alloutdooradventures&bookable-only=yes&full-items=yes&marketplace=yes&flow=no,https://cdn.filestackcontent.com/gFYHB38uQe28bCNPxoeG
Witchwood Tours,witchwoodtours,walkwithawitch@gmail.com,9782543994,United States/Massachusetts/Salem,-70.90823,42.5045,269934,Forest Lore Tour,Attraction-Eco Tour-Environmental Attraction-Guided Tour-Hiking-Walking Tour-Wildlife,1,49,137,https://fareharbor.com/embeds/calendar/witchwoodtours/items/269934/?asn=fhdn&asn-ref=alloutdooradventures&ref=alloutdooradventures&bookable-only=yes&full-items=yes&marketplace=yes&flow=no,"<script src=""https://fareharbor.com/embeds/script/calendar/witchwoodtours/items/269934/?asn=fhdn&asn-ref=alloutdooradventures&ref=alloutdooradventures&bookable-only=yes&full-items=yes&marketplace=yes&flow=no""></script>",https://fareharbor.com/embeds/book/witchwoodtours/items/269934/?asn=fhdn&asn-ref=alloutdooradventures&ref=alloutdooradventures&bookable-only=yes&full-items=yes&marketplace=yes&flow=no,https://cdn.filestackcontent.com/84nZ0YgSmWW5A4bmRjGb
Tbird Ebikes,tbirdebikes,catherine@tbirdebikes.com,12502663508,Canada/British Columbia/Ucluelet,-125.587665,48.987209,327905,Half Day Rental - Ucluelet,Bike Tour-E-Bike,1,49,720,https://fareharbor.com/embeds/calendar/tbirdebikes/items/327905/?asn=fhdn-cad&asn-ref=alloutdooradventures&ref=alloutdooradventures&bookable-only=yes&full-items=yes&marketplace=yes&flow=no,"<script src=""https://fareharbor.com/embeds/script/calendar/tbirdebikes/items/327905/?asn=fhdn-cad&asn-ref=alloutdooradventures&ref=alloutdooradventures&bookable-only=yes&full-items=yes&marketplace=yes&flow=no""></script>",https://fareharbor.com/embeds/book/tbirdebikes/items/327905/?asn=fhdn-cad&asn-ref=alloutdooradventures&ref=alloutdooradventures&bookable-only=yes&full-items=yes&marketplace=yes&flow=no,https://cdn.filestackcontent.com/9jFgYnGyTZy0mjVc2YWq
Tbird Ebikes,tbirdebikes,catherine@tbirdebikes.com,12502663508,Canada/British Columbia/Ucluelet,-125.587665,48.987209,327909,Full Day Rental - Ucluelet,Bike Tour-E-Bike,1,49,180,https://fareharbor.com/embeds/calendar/tbirdebikes/items/327909/?asn=fhdn-cad&asn-ref=alloutdooradventures&ref=alloutdooradventures&bookable-only=yes&full-items=yes&marketplace=yes&flow=no,"<script src=""https://fareharbor.com/embeds/script/calendar/tbirdebikes/items/327909/?asn=fhdn-cad&asn-ref=alloutdooradventures&ref=alloutdooradventures&bookable-only=yes&full-items=yes&marketplace=yes&flow=no""></script>",https://fareharbor.com/embeds/book/tbirdebikes/items/327909/?asn=fhdn-cad&asn-ref=alloutdooradventures&ref=alloutdooradventures&bookable-only=yes&full-items=yes&marketplace=yes&flow=no,https://cdn.filestackcontent.com/FvrsmO31SpaHbcYxNbNE
Evergreen Escapes - Seattle,evergreenescapes-seattle,bookings@evergreenescapes.com,206-650-5795,United States/Washington/Seattle,,,490368,Leavenworth Day Tour,Hiking,1,49,0,https://fareharbor.com/embeds/calendar/evergreenescapes-seattle/items/490368/?asn=fhdn&asn-ref=alloutdooradventures&ref=alloutdooradventures&bookable-only=yes&full-items=yes&marketplace=yes&flow=no,"<script src=""https://fareharbor.com/embeds/script/calendar/evergreenescapes-seattle/items/490368/?asn=fhdn&asn-ref=alloutdooradventures&ref=alloutdooradventures&bookable-only=yes&full-items=yes&marketplace=yes&flow=no""></script>",https://fareharbor.com/embeds/book/evergreenescapes-seattle/items/490368/?asn=fhdn&asn-ref=alloutdooradventures&ref=alloutdooradventures&bookable-only=yes&full-items=yes&marketplace=yes&flow=no,https://cdn.filestackcontent.com/RO053ZgDTDOGi8YbUB1W
Island Time E-Bike Rentals,islandtimeebikerentals,info@islandtimeebike.com,12077794665,United States/Maine/Bar Harbor,-68.247273,44.408966,526350,Guided E-Bike Tours Carriage Roads Waitlist,Bike Tour-Carriage-E-Bike-Guided Tour,1,49,0,https://fareharbor.com/embeds/calendar/islandtimeebikerentals/items/526350/?asn=fhdn&asn-ref=alloutdooradventures&ref=alloutdooradventures&bookable-only=yes&full-items=yes&marketplace=yes&flow=no,"<script src=""https://fareharbor.com/embeds/script/calendar/islandtimeebikerentals/items/526350/?asn=fhdn&asn-ref=alloutdooradventures&ref=alloutdooradventures&bookable-only=yes&full-items=yes&marketplace=yes&flow=no""></script>",https://fareharbor.com/embeds/book/islandtimeebikerentals/items/526350/?asn=fhdn&asn-ref=alloutdooradventures&ref=alloutdooradventures&bookable-only=yes&full-items=yes&marketplace=yes&flow=no,https://cdn.filestackcontent.com/0Cf8wF3OSbCs6ssSqrtx
One Axe Pursuits,oneaxepursuits,hello@oneaxepursuits.com,+1 519-846-8888,Canada/Ontario/Elora,,,585922,Ice Climbing,Climbing,1,49,7,https://fareharbor.com/embeds/calendar/oneaxepursuits/items/585922/?asn=fhdn-cad&asn-ref=alloutdooradventures&ref=alloutdooradventures&bookable-only=yes&full-items=yes&marketplace=yes&flow=no,"<script src=""https://fareharbor.com/embeds/script/calendar/oneaxepursuits/items/585922/?asn=fhdn-cad&asn-ref=alloutdooradventures&ref=alloutdooradventures&bookable-only=yes&full-items=yes&marketplace=yes&flow=no""></script>",https://fareharbor.com/embeds/book/oneaxepursuits/items/585922/?asn=fhdn-cad&asn-ref=alloutdooradventures&ref=alloutdooradventures&bookable-only=yes&full-items=yes&marketplace=yes&flow=no,https://cdn.filestackcontent.com/Sz3u4ioMSlGt1HvrVVkF
Memorial Beach Boathouse,boatinginboston-memorialbeach,bostonboatinginfo@guestservices.com,617-299-3392,United States/Massachusetts/Sharon,,,605684,Canoe Rental,Boat Rental-Canoe-Rentals-Water Activities,1,49,204,https://fareharbor.com/embeds/calendar/boatinginboston-memorialbeach/items/605684/?asn=fhdn&asn-ref=alloutdooradventures&ref=alloutdooradventures&bookable-only=yes&full-items=yes&marketplace=yes&flow=no,"<script src=""https://fareharbor.com/embeds/script/calendar/boatinginboston-memorialbeach/items/605684/?asn=fhdn&asn-ref=alloutdooradventures&ref=alloutdooradventures&bookable-only=yes&full-items=yes&marketplace=yes&flow=no""></script>",https://fareharbor.com/embeds/book/boatinginboston-memorialbeach/items/605684/?asn=fhdn&asn-ref=alloutdooradventures&ref=alloutdooradventures&bookable-only=yes&full-items=yes&marketplace=yes&flow=no,https://cdn.filestackcontent.com/Z8e0mTZsSTiM4577b1yK
Grand Experiences Outdoor Adventures,grand-experiences,info@grand-experiences.com,(226) 240-8315,Canada/Ontario/Cambridge,,,674950,The Voyageur Experience: Unite Your Team on the River,Canoe,1,49,214,https://fareharbor.com/embeds/calendar/grand-experiences/items/674950/?asn=fhdn-cad&asn-ref=alloutdooradventures&ref=alloutdooradventures&bookable-only=yes&full-items=yes&marketplace=yes&flow=no,"<script src=""https://fareharbor.com/embeds/script/calendar/grand-experiences/items/674950/?asn=fhdn-cad&asn-ref=alloutdooradventures&ref=alloutdooradventures&bookable-only=yes&full-items=yes&marketplace=yes&flow=no""></script>",https://fareharbor.com/embeds/book/grand-experiences/items/674950/?asn=fhdn-cad&asn-ref=alloutdooradventures&ref=alloutdooradventures&bookable-only=yes&full-items=yes&marketplace=yes&flow=no,https://cdn.filestackcontent.com/0pj2TfxgTp6H374tI2BC
Outdoor Escapes,outdoorescapesnh,naturenut@outdoorescapesnewhampshire.com,603-528-0136,United States/New Hampshire/Freedom,-71.036064,43.813559,189608,Half Day Bicycle Tour/Lesson,Bike Tour-Private,1,48,0,https://fareharbor.com/embeds/calendar/outdoorescapesnh/items/189608/?asn=fhdn&asn-ref=alloutdooradventures&ref=alloutdooradventures&bookable-only=yes&full-items=yes&marketplace=yes&flow=no,"<script src=""https://fareharbor.com/embeds/script/calendar/outdoorescapesnh/items/189608/?asn=fhdn&asn-ref=alloutdooradventures&ref=alloutdooradventures&bookable-only=yes&full-items=yes&marketplace=yes&flow=no""></script>",https://fareharbor.com/embeds/book/outdoorescapesnh/items/189608/?asn=fhdn&asn-ref=alloutdooradventures&ref=alloutdooradventures&bookable-only=yes&full-items=yes&marketplace=yes&flow=no,https://cdn.filestackcontent.com/rEtK7jUMSAuZ717NH4zq
Outdoor Escapes,outdoorescapesnh,naturenut@outdoorescapesnewhampshire.com,603-528-0136,United States/New Hampshire/Freedom,-71.036064,43.813559,189609,Full Day Bicycle Tour/Lesson,Bike Tour-Private,1,48,0,https://fareharbor.com/embeds/calendar/outdoorescapesnh/items/189609/?asn=fhdn&asn-ref=alloutdooradventures&ref=alloutdooradventures&bookable-only=yes&full-items=yes&marketplace=yes&flow=no,"<script src=""https://fareharbor.com/embeds/script/calendar/outdoorescapesnh/items/189609/?asn=fhdn&asn-ref=alloutdooradventures&ref=alloutdooradventures&bookable-only=yes&full-items=yes&marketplace=yes&flow=no""></script>",https://fareharbor.com/embeds/book/outdoorescapesnh/items/189609/?asn=fhdn&asn-ref=alloutdooradventures&ref=alloutdooradventures&bookable-only=yes&full-items=yes&marketplace=yes&flow=no,https://cdn.filestackcontent.com/1cuXA22mTYy8Le0lqaTa
Sky Lakes Wilderness Adventures,skylakeswild,skylakeswild@gmail.com,(541) 891 0435,United States/Oregon/Chiloquin,-121.862257,42.576486,301670,Shuttle Service,Bike Rental-Canoe-Shuttle,1,48,0,https://fareharbor.com/embeds/calendar/skylakeswild/items/301670/?asn=fhdn&asn-ref=alloutdooradventures&ref=alloutdooradventures&bookable-only=yes&full-items=yes&marketplace=yes&flow=no,"<script src=""https://fareharbor.com/embeds/script/calendar/skylakeswild/items/301670/?asn=fhdn&asn-ref=alloutdooradventures&ref=alloutdooradventures&bookable-only=yes&full-items=yes&marketplace=yes&flow=no""></script>",https://fareharbor.com/embeds/book/skylakeswild/items/301670/?asn=fhdn&asn-ref=alloutdooradventures&ref=alloutdooradventures&bookable-only=yes&full-items=yes&marketplace=yes&flow=no,https://cdn.filestackcontent.com/HHLI5ixRjOBfj3wmLaYA
Zoar Outdoor,zoaroutdoor,info@zoaroutdoor.com,413-339-4010,United States/Massachusetts/Charlemont,,,349819,Canoe L2-L3 ACA Current Instructor Update 2-day,Canoe-Transportation,1,48,0,https://fareharbor.com/embeds/calendar/zoaroutdoor/items/349819/?asn=fhdn&asn-ref=alloutdooradventures&ref=alloutdooradventures&bookable-only=yes&full-items=yes&marketplace=yes&flow=no,"<script src=""https://fareharbor.com/embeds/script/calendar/zoaroutdoor/items/349819/?asn=fhdn&asn-ref=alloutdooradventures&ref=alloutdooradventures&bookable-only=yes&full-items=yes&marketplace=yes&flow=no""></script>",https://fareharbor.com/embeds/book/zoaroutdoor/items/349819/?asn=fhdn&asn-ref=alloutdooradventures&ref=alloutdooradventures&bookable-only=yes&full-items=yes&marketplace=yes&flow=no,https://cdn.filestackcontent.com/MimPOJxQTG18CTI8Fo49
Zoar Outdoor,zoaroutdoor,info@zoaroutdoor.com,413-339-4010,United States/Massachusetts/Charlemont,,,349823,Kayak L1 ACA Instructor Certification Workshop 2-day,Boat Tour-Canoe-SUP-Transportation-Workshop,1,48,0,https://fareharbor.com/embeds/calendar/zoaroutdoor/items/349823/?asn=fhdn&asn-ref=alloutdooradventures&ref=alloutdooradventures&bookable-only=yes&full-items=yes&marketplace=yes&flow=no,"<script src=""https://fareharbor.com/embeds/script/calendar/zoaroutdoor/items/349823/?asn=fhdn&asn-ref=alloutdooradventures&ref=alloutdooradventures&bookable-only=yes&full-items=yes&marketplace=yes&flow=no""></script>",https://fareharbor.com/embeds/book/zoaroutdoor/items/349823/?asn=fhdn&asn-ref=alloutdooradventures&ref=alloutdooradventures&bookable-only=yes&full-items=yes&marketplace=yes&flow=no,https://cdn.filestackcontent.com/8GEAW6u8TYOZkPi4ujOU
Zoar Outdoor,zoaroutdoor,info@zoaroutdoor.com,413-339-4010,United States/Massachusetts/Charlemont,,,349856,Kayak L3-L4 ACA instructor certification workshop 5-day,Boat Tour-Canoe-SUP-Transportation-Workshop,1,48,1,https://fareharbor.com/embeds/calendar/zoaroutdoor/items/349856/?asn=fhdn&asn-ref=alloutdooradventures&ref=alloutdooradventures&bookable-only=yes&full-items=yes&marketplace=yes&flow=no,"<script src=""https://fareharbor.com/embeds/script/calendar/zoaroutdoor/items/349856/?asn=fhdn&asn-ref=alloutdooradventures&ref=alloutdooradventures&bookable-only=yes&full-items=yes&marketplace=yes&flow=no""></script>",https://fareharbor.com/embeds/book/zoaroutdoor/items/349856/?asn=fhdn&asn-ref=alloutdooradventures&ref=alloutdooradventures&bookable-only=yes&full-items=yes&marketplace=yes&flow=no,https://cdn.filestackcontent.com/vbrRPSQtRaeWOWBTrS4t
The Back and Forth,thebackandforth,info@commercial-intelligence.biz,207-323-2566,United States/Maine/Bucksport,-68.797043,44.5716,397888,The Penobscot Triangle,Boat Tour-Fishing-Hiking,1,48,0,https://fareharbor.com/embeds/calendar/thebackandforth/items/397888/?asn=fhdn&asn-ref=alloutdooradventures&ref=alloutdooradventures&bookable-only=yes&full-items=yes&marketplace=yes&flow=no,"<script src=""https://fareharbor.com/embeds/script/calendar/thebackandforth/items/397888/?asn=fhdn&asn-ref=alloutdooradventures&ref=alloutdooradventures&bookable-only=yes&full-items=yes&marketplace=yes&flow=no""></script>",https://fareharbor.com/embeds/book/thebackandforth/items/397888/?asn=fhdn&asn-ref=alloutdooradventures&ref=alloutdooradventures&bookable-only=yes&full-items=yes&marketplace=yes&flow=no,https://cdn.filestackcontent.com/QAZaA0mkSY2KcX6pYLwg
Zoar Outdoor,zoaroutdoor,info@zoaroutdoor.com,413-339-4010,United States/Massachusetts/Charlemont,,,516857,Canoe L3 ACA Skills Assessment 1 Day Course,Canoe,1,48,0,https://fareharbor.com/embeds/calendar/zoaroutdoor/items/516857/?asn=fhdn&asn-ref=alloutdooradventures&ref=alloutdooradventures&bookable-only=yes&full-items=yes&marketplace=yes&flow=no,"<script src=""https://fareharbor.com/embeds/script/calendar/zoaroutdoor/items/516857/?asn=fhdn&asn-ref=alloutdooradventures&ref=alloutdooradventures&bookable-only=yes&full-items=yes&marketplace=yes&flow=no""></script>",https://fareharbor.com/embeds/book/zoaroutdoor/items/516857/?asn=fhdn&asn-ref=alloutdooradventures&ref=alloutdooradventures&bookable-only=yes&full-items=yes&marketplace=yes&flow=no,https://cdn.filestackcontent.com/qK4Z0issT6w9Z63q3AK2
Zoar Outdoor,zoaroutdoor,info@zoaroutdoor.com,413-339-4010,United States/Massachusetts/Charlemont,,,517008,Canoe L2-L3 ACA Instructor Certification Workshop 4-Day,Canoe-Water Activities-Workshop,1,48,0,https://fareharbor.com/embeds/calendar/zoaroutdoor/items/517008/?asn=fhdn&asn-ref=alloutdooradventures&ref=alloutdooradventures&bookable-only=yes&full-items=yes&marketplace=yes&flow=no,"<script src=""https://fareharbor.com/embeds/script/calendar/zoaroutdoor/items/517008/?asn=fhdn&asn-ref=alloutdooradventures&ref=alloutdooradventures&bookable-only=yes&full-items=yes&marketplace=yes&flow=no""></script>",https://fareharbor.com/embeds/book/zoaroutdoor/items/517008/?asn=fhdn&asn-ref=alloutdooradventures&ref=alloutdooradventures&bookable-only=yes&full-items=yes&marketplace=yes&flow=no,https://cdn.filestackcontent.com/Tnf7iCodTJv1xGsxYSm5
Customized Tours,toursofseattle,info@toursofseattle.com,206-878-3965,United States/Washington/Des Moines,,,541880,Olympic National Park Highlights Tour,Attraction-Boat Tour-Bus Tour-City Tour-Eco Tour-Environmental Attraction-Ferry-Guided Tour-Hiking-Other-Photography Tour-Service-Sightseeing Tour-Snowshoe-Transportation-Walking Tour-Water Activities-Wildlife,1,48,59,https://fareharbor.com/embeds/calendar/toursofseattle/items/541880/?asn=fhdn&asn-ref=alloutdooradventures&ref=alloutdooradventures&bookable-only=yes&full-items=yes&marketplace=yes&flow=no,"<script src=""https://fareharbor.com/embeds/script/calendar/toursofseattle/items/541880/?asn=fhdn&asn-ref=alloutdooradventures&ref=alloutdooradventures&bookable-only=yes&full-items=yes&marketplace=yes&flow=no""></script>",https://fareharbor.com/embeds/book/toursofseattle/items/541880/?asn=fhdn&asn-ref=alloutdooradventures&ref=alloutdooradventures&bookable-only=yes&full-items=yes&marketplace=yes&flow=no,https://cdn.filestackcontent.com/dSmCG9F8QHeSqKqyNdEP
Explore Banff Tours and Transfers Inc.,explorebanff,info@explorebanff.com,403-686-7905,Canada/Alberta/Canmore,,,591563,Emerald Lake & Takakkaw Falls in Yoho,Attraction-Bus Tour-Environmental Attraction-Guided Tour-Sightseeing Tour-Transportation-Wildlife,6,48,62,https://fareharbor.com/embeds/calendar/explorebanff/items/591563/?asn=fhdn-cad&asn-ref=alloutdooradventures&ref=alloutdooradventures&bookable-only=yes&full-items=yes&marketplace=yes&flow=no,"<script src=""https://fareharbor.com/embeds/script/calendar/explorebanff/items/591563/?asn=fhdn-cad&asn-ref=alloutdooradventures&ref=alloutdooradventures&bookable-only=yes&full-items=yes&marketplace=yes&flow=no""></script>",https://fareharbor.com/embeds/book/explorebanff/items/591563/?asn=fhdn-cad&asn-ref=alloutdooradventures&ref=alloutdooradventures&bookable-only=yes&full-items=yes&marketplace=yes&flow=no,https://cdn.filestackcontent.com/pWmEKeZZSW4H0PzVGbdg
Alaska Wildlife Safari,ketchikanwildlifesafari,ketchikanwildlifesafari@gmail.com,9076171220,United States/Alaska/Ketchikan,,,593590,Private Wildlife Safari and Sightseeing Tour,Wildlife,1,48,0,https://fareharbor.com/embeds/calendar/ketchikanwildlifesafari/items/593590/?asn=fhdn&asn-ref=alloutdooradventures&ref=alloutdooradventures&bookable-only=yes&full-items=yes&marketplace=yes&flow=no,"<script src=""https://fareharbor.com/embeds/script/calendar/ketchikanwildlifesafari/items/593590/?asn=fhdn&asn-ref=alloutdooradventures&ref=alloutdooradventures&bookable-only=yes&full-items=yes&marketplace=yes&flow=no""></script>",https://fareharbor.com/embeds/book/ketchikanwildlifesafari/items/593590/?asn=fhdn&asn-ref=alloutdooradventures&ref=alloutdooradventures&bookable-only=yes&full-items=yes&marketplace=yes&flow=no,https://cdn.filestackcontent.com/mUz3uiP9RoybB0SZQO5F
Wallowa Alpine Huts,wallowahuts,yurtmiester@gmail.com,541.398.1980,United States/Oregon/Halfway,-117.09103,44.860611,661110,Norway Camp,Hiking-Lodging,1,48,24,https://fareharbor.com/embeds/calendar/wallowahuts/items/661110/?asn=fhdn&asn-ref=alloutdooradventures&ref=alloutdooradventures&bookable-only=yes&full-items=yes&marketplace=yes&flow=no,"<script src=""https://fareharbor.com/embeds/script/calendar/wallowahuts/items/661110/?asn=fhdn&asn-ref=alloutdooradventures&ref=alloutdooradventures&bookable-only=yes&full-items=yes&marketplace=yes&flow=no""></script>",https://fareharbor.com/embeds/book/wallowahuts/items/661110/?asn=fhdn&asn-ref=alloutdooradventures&ref=alloutdooradventures&bookable-only=yes&full-items=yes&marketplace=yes&flow=no,https://cdn.filestackcontent.com/1nkw37c1SomDRtqKsyga
Nauti Cat,nauti-cat,info@nauti-cat.com,(231) 464 - 6080,United States/Michigan/Traverse City,,,25818,Kids Cruise,Catamaran-Sailing,2,47,26,https://fareharbor.com/embeds/calendar/nauti-cat/items/25818/?asn=fhdn&asn-ref=alloutdooradventures&ref=alloutdooradventures&bookable-only=yes&full-items=yes&marketplace=yes&flow=no,"<script src=""https://fareharbor.com/embeds/script/calendar/nauti-cat/items/25818/?asn=fhdn&asn-ref=alloutdooradventures&ref=alloutdooradventures&bookable-only=yes&full-items=yes&marketplace=yes&flow=no""></script>",https://fareharbor.com/embeds/book/nauti-cat/items/25818/?asn=fhdn&asn-ref=alloutdooradventures&ref=alloutdooradventures&bookable-only=yes&full-items=yes&marketplace=yes&flow=no,https://cdn.filestackcontent.com/wkAwYU3cSd2sMJHl6d6H
A Whale's Song Expeditions,awhalessongexpeditions,neil@awhalessongexpeditions.com,(907) 738-9890,United States/Alaska/Sitka,,,119117,4 Hour - Enduring Whale & Wildlife Tour,Wildlife,2,47,211,https://fareharbor.com/embeds/calendar/awhalessongexpeditions/items/119117/?asn=fhdn&asn-ref=alloutdooradventures&ref=alloutdooradventures&bookable-only=yes&full-items=yes&marketplace=yes&flow=no,"<script src=""https://fareharbor.com/embeds/script/calendar/awhalessongexpeditions/items/119117/?asn=fhdn&asn-ref=alloutdooradventures&ref=alloutdooradventures&bookable-only=yes&full-items=yes&marketplace=yes&flow=no""></script>",https://fareharbor.com/embeds/book/awhalessongexpeditions/items/119117/?asn=fhdn&asn-ref=alloutdooradventures&ref=alloutdooradventures&bookable-only=yes&full-items=yes&marketplace=yes&flow=no,https://cdn.filestackcontent.com/X2q7m3dORpeeP3tlK0M2
Toonie Tours BC,toonietours-vancouver,guide@toonietours.ca,1 866 643 1847,Canada/British Columbia/Vancouver,,,530043,Stanley Park & Vancouver City Highlights 4 Hour Bike Tour 2 in 1,Bike Rental-Bike Tour-Boat Tour-Bus Tour-Guided Tour,4,47,348,https://fareharbor.com/embeds/calendar/toonietours-vancouver/items/530043/?asn=fhdn&asn-ref=alloutdooradventures&ref=alloutdooradventures&bookable-only=yes&full-items=yes&marketplace=yes&flow=no,"<script src=""https://fareharbor.com/embeds/script/calendar/toonietours-vancouver/items/530043/?asn=fhdn&asn-ref=alloutdooradventures&ref=alloutdooradventures&bookable-only=yes&full-items=yes&marketplace=yes&flow=no""></script>",https://fareharbor.com/embeds/book/toonietours-vancouver/items/530043/?asn=fhdn&asn-ref=alloutdooradventures&ref=alloutdooradventures&bookable-only=yes&full-items=yes&marketplace=yes&flow=no,https://cdn.filestackcontent.com/iUGvqY6JQgGancYuvJkz
Explore Banff Tours and Transfers Inc.,explorebanff,info@explorebanff.com,403-686-7905,Canada/Alberta/Canmore,,,591566,Emerald Lake & Takakkaw Falls in Yoho,Attraction-Bus Tour-Environmental Attraction-Guided Tour-Private-Sightseeing Tour-Wildlife,5,47,63,https://fareharbor.com/embeds/calendar/explorebanff/items/591566/?asn=fhdn-cad&asn-ref=alloutdooradventures&ref=alloutdooradventures&bookable-only=yes&full-items=yes&marketplace=yes&flow=no,"<script src=""https://fareharbor.com/embeds/script/calendar/explorebanff/items/591566/?asn=fhdn-cad&asn-ref=alloutdooradventures&ref=alloutdooradventures&bookable-only=yes&full-items=yes&marketplace=yes&flow=no""></script>",https://fareharbor.com/embeds/book/explorebanff/items/591566/?asn=fhdn-cad&asn-ref=alloutdooradventures&ref=alloutdooradventures&bookable-only=yes&full-items=yes&marketplace=yes&flow=no,https://cdn.filestackcontent.com/ZfyO83NQSUCFv6Hil9tL
WildView Alaska Tours,wildviewalaskatours,wildviewalaskatours@gmail.com,970-445-7336,United States/Alaska/Ketchikan,,,619306,Wilderness Hike,Hiking,1,47,1340,https://fareharbor.com/embeds/calendar/wildviewalaskatours/items/619306/?asn=fhdn&asn-ref=alloutdooradventures&ref=alloutdooradventures&bookable-only=yes&full-items=yes&marketplace=yes&flow=no,"<script src=""https://fareharbor.com/embeds/script/calendar/wildviewalaskatours/items/619306/?asn=fhdn&asn-ref=alloutdooradventures&ref=alloutdooradventures&bookable-only=yes&full-items=yes&marketplace=yes&flow=no""></script>",https://fareharbor.com/embeds/book/wildviewalaskatours/items/619306/?asn=fhdn&asn-ref=alloutdooradventures&ref=alloutdooradventures&bookable-only=yes&full-items=yes&marketplace=yes&flow=no,https://cdn.filestackcontent.com/C2ix56qIQ9yWlOkg1ryD
Rainbow Glacier Adventures,joeordonez,rainbowglacierinfo@gmail.com,(907) 766-3576,United States/Alaska/Haines,,,656373,Skagway's Hidden Gem,Eco Tour,1,47,70,https://fareharbor.com/embeds/calendar/joeordonez/items/656373/?asn=fhdn&asn-ref=alloutdooradventures&ref=alloutdooradventures&bookable-only=yes&full-items=yes&marketplace=yes&flow=no,"<script src=""https://fareharbor.com/embeds/script/calendar/joeordonez/items/656373/?asn=fhdn&asn-ref=alloutdooradventures&ref=alloutdooradventures&bookable-only=yes&full-items=yes&marketplace=yes&flow=no""></script>",https://fareharbor.com/embeds/book/joeordonez/items/656373/?asn=fhdn&asn-ref=alloutdooradventures&ref=alloutdooradventures&bookable-only=yes&full-items=yes&marketplace=yes&flow=no,https://cdn.filestackcontent.com/RFbh1bQxTlm5BGDGcz2V
Explore Banff Tours and Transfers Inc.,explorebanff,info@explorebanff.com,403-686-7905,Canada/Alberta/Canmore,,,659996,Lake Louise Extended: 5 Hours,Attraction-Bus Tour-Environmental Attraction-Hiking-Transfer-Private-Shuttle-Sightseeing Tour-Transportation,3,47,76,https://fareharbor.com/embeds/calendar/explorebanff/items/659996/?asn=fhdn-cad&asn-ref=alloutdooradventures&ref=alloutdooradventures&bookable-only=yes&full-items=yes&marketplace=yes&flow=no,"<script src=""https://fareharbor.com/embeds/script/calendar/explorebanff/items/659996/?asn=fhdn-cad&asn-ref=alloutdooradventures&ref=alloutdooradventures&bookable-only=yes&full-items=yes&marketplace=yes&flow=no""></script>",https://fareharbor.com/embeds/book/explorebanff/items/659996/?asn=fhdn-cad&asn-ref=alloutdooradventures&ref=alloutdooradventures&bookable-only=yes&full-items=yes&marketplace=yes&flow=no,https://cdn.filestackcontent.com/TVwLTpaATAWxzL6GzXfE
Wallowa Alpine Huts,wallowahuts,yurtmiester@gmail.com,541.398.1980,United States/Oregon/Joseph,-117.229564,45.358298,661049,Big Sheep Camp • Exclusive Rental,Hiking-Lodging,1,47,100,https://fareharbor.com/embeds/calendar/wallowahuts/items/661049/?asn=fhdn&asn-ref=alloutdooradventures&ref=alloutdooradventures&bookable-only=yes&full-items=yes&marketplace=yes&flow=no,"<script src=""https://fareharbor.com/embeds/script/calendar/wallowahuts/items/661049/?asn=fhdn&asn-ref=alloutdooradventures&ref=alloutdooradventures&bookable-only=yes&full-items=yes&marketplace=yes&flow=no""></script>",https://fareharbor.com/embeds/book/wallowahuts/items/661049/?asn=fhdn&asn-ref=alloutdooradventures&ref=alloutdooradventures&bookable-only=yes&full-items=yes&marketplace=yes&flow=no,https://cdn.filestackcontent.com/jxREaxKSTJmv9iC6MMaX
Wallowa Alpine Huts,wallowahuts,yurtmiester@gmail.com,541.398.1980,United States/Oregon/Halfway,-117.09103,44.860611,661055,Cornucopia Camp,Hiking-Lodging,1,47,21,https://fareharbor.com/embeds/calendar/wallowahuts/items/661055/?asn=fhdn&asn-ref=alloutdooradventures&ref=alloutdooradventures&bookable-only=yes&full-items=yes&marketplace=yes&flow=no,"<script src=""https://fareharbor.com/embeds/script/calendar/wallowahuts/items/661055/?asn=fhdn&asn-ref=alloutdooradventures&ref=alloutdooradventures&bookable-only=yes&full-items=yes&marketplace=yes&flow=no""></script>",https://fareharbor.com/embeds/book/wallowahuts/items/661055/?asn=fhdn&asn-ref=alloutdooradventures&ref=alloutdooradventures&bookable-only=yes&full-items=yes&marketplace=yes&flow=no,https://cdn.filestackcontent.com/fGnHpgBRbGkphYi0MDr5
Wallowa Alpine Huts,wallowahuts,yurtmiester@gmail.com,541.398.1980,United States/Oregon/Joseph,-117.229564,45.358298,661058,McCully Camp • Small Groups,Hiking-Lodging,1,47,21,https://fareharbor.com/embeds/calendar/wallowahuts/items/661058/?asn=fhdn&asn-ref=alloutdooradventures&ref=alloutdooradventures&bookable-only=yes&full-items=yes&marketplace=yes&flow=no,"<script src=""https://fareharbor.com/embeds/script/calendar/wallowahuts/items/661058/?asn=fhdn&asn-ref=alloutdooradventures&ref=alloutdooradventures&bookable-only=yes&full-items=yes&marketplace=yes&flow=no""></script>",https://fareharbor.com/embeds/book/wallowahuts/items/661058/?asn=fhdn&asn-ref=alloutdooradventures&ref=alloutdooradventures&bookable-only=yes&full-items=yes&marketplace=yes&flow=no,https://cdn.filestackcontent.com/gymJti9RfpBS5BPGlSzA
Wallowa Alpine Huts,wallowahuts,yurtmiester@gmail.com,541.398.1980,United States/Oregon/Joseph,-117.229564,45.358298,661107,McCully Camp • Exclusive Rental,Hiking-Lodging,1,47,21,https://fareharbor.com/embeds/calendar/wallowahuts/items/661107/?asn=fhdn&asn-ref=alloutdooradventures&ref=alloutdooradventures&bookable-only=yes&full-items=yes&marketplace=yes&flow=no,"<script src=""https://fareharbor.com/embeds/script/calendar/wallowahuts/items/661107/?asn=fhdn&asn-ref=alloutdooradventures&ref=alloutdooradventures&bookable-only=yes&full-items=yes&marketplace=yes&flow=no""></script>",https://fareharbor.com/embeds/book/wallowahuts/items/661107/?asn=fhdn&asn-ref=alloutdooradventures&ref=alloutdooradventures&bookable-only=yes&full-items=yes&marketplace=yes&flow=no,https://cdn.filestackcontent.com/Nmxn4UN6TbSndW8U6JLN
Wallowa Alpine Huts,wallowahuts,yurtmiester@gmail.com,541.398.1980,United States/Oregon/Joseph,-117.229564,45.358298,661115,Wing Ridge Camp • Small Group,Hiking-Lodging,1,47,21,https://fareharbor.com/embeds/calendar/wallowahuts/items/661115/?asn=fhdn&asn-ref=alloutdooradventures&ref=alloutdooradventures&bookable-only=yes&full-items=yes&marketplace=yes&flow=no,"<script src=""https://fareharbor.com/embeds/script/calendar/wallowahuts/items/661115/?asn=fhdn&asn-ref=alloutdooradventures&ref=alloutdooradventures&bookable-only=yes&full-items=yes&marketplace=yes&flow=no""></script>",https://fareharbor.com/embeds/book/wallowahuts/items/661115/?asn=fhdn&asn-ref=alloutdooradventures&ref=alloutdooradventures&bookable-only=yes&full-items=yes&marketplace=yes&flow=no,https://cdn.filestackcontent.com/r5RK1DfPQQ20MBvEhARm
Wallowa Alpine Huts,wallowahuts,yurtmiester@gmail.com,541.398.1980,United States/Oregon/Joseph,-117.229564,45.358298,661375,Wing Ridge Camp • Exclusive Rental,Hiking-Lodging,1,47,73,https://fareharbor.com/embeds/calendar/wallowahuts/items/661375/?asn=fhdn&asn-ref=alloutdooradventures&ref=alloutdooradventures&bookable-only=yes&full-items=yes&marketplace=yes&flow=no,"<script src=""https://fareharbor.com/embeds/script/calendar/wallowahuts/items/661375/?asn=fhdn&asn-ref=alloutdooradventures&ref=alloutdooradventures&bookable-only=yes&full-items=yes&marketplace=yes&flow=no""></script>",https://fareharbor.com/embeds/book/wallowahuts/items/661375/?asn=fhdn&asn-ref=alloutdooradventures&ref=alloutdooradventures&bookable-only=yes&full-items=yes&marketplace=yes&flow=no,https://cdn.filestackcontent.com/mTD3kQKSmWNeF1MMC24x
Experience Finger Lakes,experiencefingerlakes,info@experiencefingerlakes.com,(607) 233-4818,United States/New York/Lansing,,,17513,"Guided Cayuga Lake is Gorges: Hike, Wine, and Lunch",Hiking-Walking Tour-Winery-Wine,3,46,0,https://fareharbor.com/embeds/calendar/experiencefingerlakes/items/17513/?asn=fhdn&asn-ref=alloutdooradventures&ref=alloutdooradventures&bookable-only=yes&full-items=yes&marketplace=yes&flow=no,"<script src=""https://fareharbor.com/embeds/script/calendar/experiencefingerlakes/items/17513/?asn=fhdn&asn-ref=alloutdooradventures&ref=alloutdooradventures&bookable-only=yes&full-items=yes&marketplace=yes&flow=no""></script>",https://fareharbor.com/embeds/book/experiencefingerlakes/items/17513/?asn=fhdn&asn-ref=alloutdooradventures&ref=alloutdooradventures&bookable-only=yes&full-items=yes&marketplace=yes&flow=no,https://cdn.filestackcontent.com/Xx8J8QCZRQCuYVIEuNAC
Winterdance Dogsled Tours,winterdance,info@winterdance.com,(705) 457-5281,Canada/Ontario/Eagle Lake,,,633416,Husky Hike - Legends & Rising Stars,Hiking,1,46,0,https://fareharbor.com/embeds/calendar/winterdance/items/633416/?asn=fhdn-cad&asn-ref=alloutdooradventures&ref=alloutdooradventures&bookable-only=yes&full-items=yes&marketplace=yes&flow=no,"<script src=""https://fareharbor.com/embeds/script/calendar/winterdance/items/633416/?asn=fhdn-cad&asn-ref=alloutdooradventures&ref=alloutdooradventures&bookable-only=yes&full-items=yes&marketplace=yes&flow=no""></script>",https://fareharbor.com/embeds/book/winterdance/items/633416/?asn=fhdn-cad&asn-ref=alloutdooradventures&ref=alloutdooradventures&bookable-only=yes&full-items=yes&marketplace=yes&flow=no,https://cdn.filestackcontent.com/FSVDKTmNSWeyZDrWVAXw
Wallowa Alpine Huts,wallowahuts,yurtmiester@gmail.com,541.398.1980,United States/Oregon/Joseph,-117.229564,45.358298,661045,Big Sheep Camp • Small Group,Hiking-Lodging,1,46,96,https://fareharbor.com/embeds/calendar/wallowahuts/items/661045/?asn=fhdn&asn-ref=alloutdooradventures&ref=alloutdooradventures&bookable-only=yes&full-items=yes&marketplace=yes&flow=no,"<script src=""https://fareharbor.com/embeds/script/calendar/wallowahuts/items/661045/?asn=fhdn&asn-ref=alloutdooradventures&ref=alloutdooradventures&bookable-only=yes&full-items=yes&marketplace=yes&flow=no""></script>",https://fareharbor.com/embeds/book/wallowahuts/items/661045/?asn=fhdn&asn-ref=alloutdooradventures&ref=alloutdooradventures&bookable-only=yes&full-items=yes&marketplace=yes&flow=no,https://cdn.filestackcontent.com/JzaujekRRgqDY623VrF7
Wolastoq Cycling,wolastoqcycling,jamie@wolastoqcycling.repair,(506) 962 9255,Canada/New Brunswick/Woodstock First Nation,,,672787,One Hour Rentals,Bike Rental-Canoe-E-Bike-Kayak,1,46,837,https://fareharbor.com/embeds/calendar/wolastoqcycling/items/672787/?asn=fhdn-cad&asn-ref=alloutdooradventures&ref=alloutdooradventures&bookable-only=yes&full-items=yes&marketplace=yes&flow=no,"<script src=""https://fareharbor.com/embeds/script/calendar/wolastoqcycling/items/672787/?asn=fhdn-cad&asn-ref=alloutdooradventures&ref=alloutdooradventures&bookable-only=yes&full-items=yes&marketplace=yes&flow=no""></script>",https://fareharbor.com/embeds/book/wolastoqcycling/items/672787/?asn=fhdn-cad&asn-ref=alloutdooradventures&ref=alloutdooradventures&bookable-only=yes&full-items=yes&marketplace=yes&flow=no,https://cdn.filestackcontent.com/hlacQt0TiuaXfBi0WV4u
"La Meute Nocturne, Inc",lameutenocturne,info@lameutenocturne.org,418-572-9400,Canada/Québec/Québec,,,674050,Dog Sled Ride — One Hour,Attraction-Dogsled-Eco Tour-Environmental Attraction-Guided Tour-Private-Self-Guided Tour-Sightseeing Tour,1,46,117,https://fareharbor.com/embeds/calendar/lameutenocturne/items/674050/?asn=fhdn-cad&asn-ref=alloutdooradventures&ref=alloutdooradventures&bookable-only=yes&full-items=yes&marketplace=yes&flow=no,"<script src=""https://fareharbor.com/embeds/script/calendar/lameutenocturne/items/674050/?asn=fhdn-cad&asn-ref=alloutdooradventures&ref=alloutdooradventures&bookable-only=yes&full-items=yes&marketplace=yes&flow=no""></script>",https://fareharbor.com/embeds/book/lameutenocturne/items/674050/?asn=fhdn-cad&asn-ref=alloutdooradventures&ref=alloutdooradventures&bookable-only=yes&full-items=yes&marketplace=yes&flow=no,https://cdn.filestackcontent.com/8j1ghYOqT56fxfRQAjmm
Terran Travels,terrantravels,info@terrantravels.com,503-662-2699,United States/Washington,-122.195551,46.191401,149165,The Mt. St. Helens Adventure Tour,Hiking,1,45,39,https://fareharbor.com/embeds/calendar/terrantravels/items/149165/?asn=fhdn&asn-ref=alloutdooradventures&ref=alloutdooradventures&bookable-only=yes&full-items=yes&marketplace=yes&flow=no,"<script src=""https://fareharbor.com/embeds/script/calendar/terrantravels/items/149165/?asn=fhdn&asn-ref=alloutdooradventures&ref=alloutdooradventures&bookable-only=yes&full-items=yes&marketplace=yes&flow=no""></script>",https://fareharbor.com/embeds/book/terrantravels/items/149165/?asn=fhdn&asn-ref=alloutdooradventures&ref=alloutdooradventures&bookable-only=yes&full-items=yes&marketplace=yes&flow=no,https://cdn.filestackcontent.com/OPo3hhb5Q6S1ntIBCLhe
Campbell River Adventure Tours,campbellriverwhalewatching,info@campbellriverwhalewatching.com,+1 250-287-2667,Canada/British Columbia/Campbell River,-125.273335,50.033123,190708,3 Hour Whale and Wildlife Covered Boat Tour,Boat Tour-Wildlife,0,45,0,https://fareharbor.com/embeds/calendar/campbellriverwhalewatching/items/190708/?asn=fhdn-cad&asn-ref=alloutdooradventures&ref=alloutdooradventures&bookable-only=yes&full-items=yes&marketplace=yes&flow=no,"<script src=""https://fareharbor.com/embeds/script/calendar/campbellriverwhalewatching/items/190708/?asn=fhdn-cad&asn-ref=alloutdooradventures&ref=alloutdooradventures&bookable-only=yes&full-items=yes&marketplace=yes&flow=no""></script>",https://fareharbor.com/embeds/book/campbellriverwhalewatching/items/190708/?asn=fhdn-cad&asn-ref=alloutdooradventures&ref=alloutdooradventures&bookable-only=yes&full-items=yes&marketplace=yes&flow=no,https://cdn.filestackcontent.com/fOHqneiTbajYYz82xiaN
Campbell River Adventure Tours,campbellriverwhalewatching,info@campbellriverwhalewatching.com,+1 250-287-2667,Canada/British Columbia/Campbell River,-125.273335,50.033123,190711,3 Hour Whale and Wildlife Zodiac Tour,Wildlife,0,45,0,https://fareharbor.com/embeds/calendar/campbellriverwhalewatching/items/190711/?asn=fhdn-cad&asn-ref=alloutdooradventures&ref=alloutdooradventures&bookable-only=yes&full-items=yes&marketplace=yes&flow=no,"<script src=""https://fareharbor.com/embeds/script/calendar/campbellriverwhalewatching/items/190711/?asn=fhdn-cad&asn-ref=alloutdooradventures&ref=alloutdooradventures&bookable-only=yes&full-items=yes&marketplace=yes&flow=no""></script>",https://fareharbor.com/embeds/book/campbellriverwhalewatching/items/190711/?asn=fhdn-cad&asn-ref=alloutdooradventures&ref=alloutdooradventures&bookable-only=yes&full-items=yes&marketplace=yes&flow=no,https://cdn.filestackcontent.com/39iJEmpbRGetFSyGLdUR
Wild Waterways Adventures,wildwaterways,info@wildwaterways.com,250-201-5496,Canada/British Columbia/Comox,,,298308,Into the Wild,Boat Tour-Eco Tour-Environmental Attraction-Whale Watch-Wildlife,7,45,418,https://fareharbor.com/embeds/calendar/wildwaterways/items/298308/?asn=fhdn-cad&asn-ref=alloutdooradventures&ref=alloutdooradventures&bookable-only=yes&full-items=yes&marketplace=yes&flow=no,"<script src=""https://fareharbor.com/embeds/script/calendar/wildwaterways/items/298308/?asn=fhdn-cad&asn-ref=alloutdooradventures&ref=alloutdooradventures&bookable-only=yes&full-items=yes&marketplace=yes&flow=no""></script>",https://fareharbor.com/embeds/book/wildwaterways/items/298308/?asn=fhdn-cad&asn-ref=alloutdooradventures&ref=alloutdooradventures&bookable-only=yes&full-items=yes&marketplace=yes&flow=no,https://cdn.filestackcontent.com/6vg8QmEKTPCrOeA2PbbS
WeVenture Seattle,we-venture,Seattle@we-venture.com,215-399-1287,United States/Washington/Seattle,-122.332848,47.606139,379639,Seattle City Walking Tour,Attraction-Boat Tour-City Tour-Ferry-Food Tour-Hiking-Maze-Museum-Photography Tour-Private-Transportation-Walking Tour,10,45,0,https://fareharbor.com/embeds/calendar/we-venture/items/379639/?asn=fhdn&asn-ref=alloutdooradventures&ref=alloutdooradventures&bookable-only=yes&full-items=yes&marketplace=yes&flow=no,"<script src=""https://fareharbor.com/embeds/script/calendar/we-venture/items/379639/?asn=fhdn&asn-ref=alloutdooradventures&ref=alloutdooradventures&bookable-only=yes&full-items=yes&marketplace=yes&flow=no""></script>",https://fareharbor.com/embeds/book/we-venture/items/379639/?asn=fhdn&asn-ref=alloutdooradventures&ref=alloutdooradventures&bookable-only=yes&full-items=yes&marketplace=yes&flow=no,https://cdn.filestackcontent.com/dNtoZc9ESCG8b43fq7g9
Seattle Mountain Bike Tours,seattlemountainbiketours,ride@seattlemountainbiketours.com,425.250.5533,United States/Washington/Seattle,,,451303,Snoqualmie Tunnel Mountain Bike Tour,Bike Tour-Guided Tour,5,45,38,https://fareharbor.com/embeds/calendar/seattlemountainbiketours/items/451303/?asn=fhdn&asn-ref=alloutdooradventures&ref=alloutdooradventures&bookable-only=yes&full-items=yes&marketplace=yes&flow=no,"<script src=""https://fareharbor.com/embeds/script/calendar/seattlemountainbiketours/items/451303/?asn=fhdn&asn-ref=alloutdooradventures&ref=alloutdooradventures&bookable-only=yes&full-items=yes&marketplace=yes&flow=no""></script>",https://fareharbor.com/embeds/book/seattlemountainbiketours/items/451303/?asn=fhdn&asn-ref=alloutdooradventures&ref=alloutdooradventures&bookable-only=yes&full-items=yes&marketplace=yes&flow=no,https://cdn.filestackcontent.com/03Ab2Ir3SyibSLwCqzBO
Bethel Adventure Tours,betheladventuretours,betheladventuretours@gmail.com,(757) 672 - 3542,United States/Maine/Bethel,,,564090,Hiking & Nature Adventures,Hiking,6,45,0,https://fareharbor.com/embeds/calendar/betheladventuretours/items/564090/?asn=fhdn&asn-ref=alloutdooradventures&ref=alloutdooradventures&bookable-only=yes&full-items=yes&marketplace=yes&flow=no,"<script src=""https://fareharbor.com/embeds/script/calendar/betheladventuretours/items/564090/?asn=fhdn&asn-ref=alloutdooradventures&ref=alloutdooradventures&bookable-only=yes&full-items=yes&marketplace=yes&flow=no""></script>",https://fareharbor.com/embeds/book/betheladventuretours/items/564090/?asn=fhdn&asn-ref=alloutdooradventures&ref=alloutdooradventures&bookable-only=yes&full-items=yes&marketplace=yes&flow=no,https://cdn.filestackcontent.com/4sk8Hw3cRZS0qLF1gkCS
Explore Banff Tours and Transfers Inc.,explorebanff,info@explorebanff.com,403-686-7905,Canada/Alberta/Canmore,,,628972,Boom Lake Guided Hiking,Attraction-Eco Tour-Environmental Attraction-Guided Tour-Hiking-Sightseeing Tour-Transportation,2,45,61,https://fareharbor.com/embeds/calendar/explorebanff/items/628972/?asn=fhdn-cad&asn-ref=alloutdooradventures&ref=alloutdooradventures&bookable-only=yes&full-items=yes&marketplace=yes&flow=no,"<script src=""https://fareharbor.com/embeds/script/calendar/explorebanff/items/628972/?asn=fhdn-cad&asn-ref=alloutdooradventures&ref=alloutdooradventures&bookable-only=yes&full-items=yes&marketplace=yes&flow=no""></script>",https://fareharbor.com/embeds/book/explorebanff/items/628972/?asn=fhdn-cad&asn-ref=alloutdooradventures&ref=alloutdooradventures&bookable-only=yes&full-items=yes&marketplace=yes&flow=no,https://cdn.filestackcontent.com/TmXzh0PRzm3thaEFE5oo
Elk Lake Resort,elklakeresortandmarina,reservations@elklakeresort.com,541-480-7378,United States/Oregon/Bend,,,631415,Canoes,Canoe,1,45,595,https://fareharbor.com/embeds/calendar/elklakeresortandmarina/items/631415/?asn=fhdn&asn-ref=alloutdooradventures&ref=alloutdooradventures&bookable-only=yes&full-items=yes&marketplace=yes&flow=no,"<script src=""https://fareharbor.com/embeds/script/calendar/elklakeresortandmarina/items/631415/?asn=fhdn&asn-ref=alloutdooradventures&ref=alloutdooradventures&bookable-only=yes&full-items=yes&marketplace=yes&flow=no""></script>",https://fareharbor.com/embeds/book/elklakeresortandmarina/items/631415/?asn=fhdn&asn-ref=alloutdooradventures&ref=alloutdooradventures&bookable-only=yes&full-items=yes&marketplace=yes&flow=no,https://cdn.filestackcontent.com/KO4kgjFMQrKngAagmvwT
Yellowstone Western Tours,yellowstonewesterntours,yellowstonewesterntours@gmail.com,(406) 490-6075,United States/Montana/West Yellowstone,,,631766,Yellowstone Wildlife Tour,Wildlife,1,45,428,https://fareharbor.com/embeds/calendar/yellowstonewesterntours/items/631766/?asn=fhdn&asn-ref=alloutdooradventures&ref=alloutdooradventures&bookable-only=yes&full-items=yes&marketplace=yes&flow=no,"<script src=""https://fareharbor.com/embeds/script/calendar/yellowstonewesterntours/items/631766/?asn=fhdn&asn-ref=alloutdooradventures&ref=alloutdooradventures&bookable-only=yes&full-items=yes&marketplace=yes&flow=no""></script>",https://fareharbor.com/embeds/book/yellowstonewesterntours/items/631766/?asn=fhdn&asn-ref=alloutdooradventures&ref=alloutdooradventures&bookable-only=yes&full-items=yes&marketplace=yes&flow=no,https://cdn.filestackcontent.com/Vxvk0KXCRveLuVY00HsV
The Mountain Explorer Co.,themountainexplorer,info@themountainexplorer.ca,1-403-493-4515,Canada/Alberta/Canmore,,,633333,LAKE MORAINE & LAKE LOUISE DAY TOUR,Hiking,6,45,76,https://fareharbor.com/embeds/calendar/themountainexplorer/items/633333/?asn=fhdn-cad&asn-ref=alloutdooradventures&ref=alloutdooradventures&bookable-only=yes&full-items=yes&marketplace=yes&flow=no,"<script src=""https://fareharbor.com/embeds/script/calendar/themountainexplorer/items/633333/?asn=fhdn-cad&asn-ref=alloutdooradventures&ref=alloutdooradventures&bookable-only=yes&full-items=yes&marketplace=yes&flow=no""></script>",https://fareharbor.com/embeds/book/themountainexplorer/items/633333/?asn=fhdn-cad&asn-ref=alloutdooradventures&ref=alloutdooradventures&bookable-only=yes&full-items=yes&marketplace=yes&flow=no,https://cdn.filestackcontent.com/jhjfZ9BT2OUFbE69vW4I
The Mountain Explorer Co.,themountainexplorer,info@themountainexplorer.ca,1-403-493-4515,Canada/Alberta/Canmore,,,633349,MORAINE LAKE SUNSET & LAKE LOUISE GOLDEN HOUR TOUR,Hiking,5,45,76,https://fareharbor.com/embeds/calendar/themountainexplorer/items/633349/?asn=fhdn-cad&asn-ref=alloutdooradventures&ref=alloutdooradventures&bookable-only=yes&full-items=yes&marketplace=yes&flow=no,"<script src=""https://fareharbor.com/embeds/script/calendar/themountainexplorer/items/633349/?asn=fhdn-cad&asn-ref=alloutdooradventures&ref=alloutdooradventures&bookable-only=yes&full-items=yes&marketplace=yes&flow=no""></script>",https://fareharbor.com/embeds/book/themountainexplorer/items/633349/?asn=fhdn-cad&asn-ref=alloutdooradventures&ref=alloutdooradventures&bookable-only=yes&full-items=yes&marketplace=yes&flow=no,https://cdn.filestackcontent.com/sN2VvFcSwSO1PwPcawyI
Kaul Of The Wild Yellowstone Tours,kaulofthewildtours,book@kaulofthewildtours.com,406-577-6136,United States/Montana/Livingston,,,653416,Winter Wildlife Tours,Wildlife,1,45,310,https://fareharbor.com/embeds/calendar/kaulofthewildtours/items/653416/?asn=fhdn&asn-ref=alloutdooradventures&ref=alloutdooradventures&bookable-only=yes&full-items=yes&marketplace=yes&flow=no,"<script src=""https://fareharbor.com/embeds/script/calendar/kaulofthewildtours/items/653416/?asn=fhdn&asn-ref=alloutdooradventures&ref=alloutdooradventures&bookable-only=yes&full-items=yes&marketplace=yes&flow=no""></script>",https://fareharbor.com/embeds/book/kaulofthewildtours/items/653416/?asn=fhdn&asn-ref=alloutdooradventures&ref=alloutdooradventures&bookable-only=yes&full-items=yes&marketplace=yes&flow=no,https://cdn.filestackcontent.com/N67mYmC1QpCP95NqYb11
Obsidian Expeditions,obsidianexpeditions,info@obsidianexpeditions.com,4063125592,United States/Montana/West Yellowstone,,,702079,Glacier National Park Tour,Guided Tour-History Tour-Transfer-Sightseeing Tour-Transportation-Walking Tour-Wildlife,19,45,0,https://fareharbor.com/embeds/calendar/obsidianexpeditions/items/702079/?asn=fhdn&asn-ref=alloutdooradventures&ref=alloutdooradventures&bookable-only=yes&full-items=yes&marketplace=yes&flow=no,"<script src=""https://fareharbor.com/embeds/script/calendar/obsidianexpeditions/items/702079/?asn=fhdn&asn-ref=alloutdooradventures&ref=alloutdooradventures&bookable-only=yes&full-items=yes&marketplace=yes&flow=no""></script>",https://fareharbor.com/embeds/book/obsidianexpeditions/items/702079/?asn=fhdn&asn-ref=alloutdooradventures&ref=alloutdooradventures&bookable-only=yes&full-items=yes&marketplace=yes&flow=no,https://cdn.filestackcontent.com/rFiQDZyrTaWyJos3BsTq
Wild Waterways Adventures,wildwaterways,info@wildwaterways.com,250-201-5496,Canada/British Columbia/Comox,,,703365,Pacific Herring Photography Tour,Attraction-Boat Tour-Eco Tour-Environmental Attraction-Fishing-Photography Tour-Whale Watch-Wildlife,14,45,5,https://fareharbor.com/embeds/calendar/wildwaterways/items/703365/?asn=fhdn-cad&asn-ref=alloutdooradventures&ref=alloutdooradventures&bookable-only=yes&full-items=yes&marketplace=yes&flow=no,"<script src=""https://fareharbor.com/embeds/script/calendar/wildwaterways/items/703365/?asn=fhdn-cad&asn-ref=alloutdooradventures&ref=alloutdooradventures&bookable-only=yes&full-items=yes&marketplace=yes&flow=no""></script>",https://fareharbor.com/embeds/book/wildwaterways/items/703365/?asn=fhdn-cad&asn-ref=alloutdooradventures&ref=alloutdooradventures&bookable-only=yes&full-items=yes&marketplace=yes&flow=no,https://cdn.filestackcontent.com/F2oiWktISQ2cIm3J1aqx
Five Star Whale Watching,5starwhales,orcas@5starwhales.com,250-388-7223,Canada/British Columbia/Victoria,-123.365644,48.428421,123505,Marine Wildlife & Whale Watch Tour,Whale Watch-Wildlife,9,44,30,https://fareharbor.com/embeds/calendar/5starwhales/items/123505/?asn=fhdn-cad&asn-ref=alloutdooradventures&ref=alloutdooradventures&bookable-only=yes&full-items=yes&marketplace=yes&flow=no,"<script src=""https://fareharbor.com/embeds/script/calendar/5starwhales/items/123505/?asn=fhdn-cad&asn-ref=alloutdooradventures&ref=alloutdooradventures&bookable-only=yes&full-items=yes&marketplace=yes&flow=no""></script>",https://fareharbor.com/embeds/book/5starwhales/items/123505/?asn=fhdn-cad&asn-ref=alloutdooradventures&ref=alloutdooradventures&bookable-only=yes&full-items=yes&marketplace=yes&flow=no,https://cdn.filestackcontent.com/ueXIh3UKTFWc76AKBDce
A Whale's Song Expeditions,awhalessongexpeditions,neil@awhalessongexpeditions.com,(907) 738-9890,United States/Alaska/Sitka,,,420015,2-Hour Quest Whale & Wildlife Tour,Wildlife,1,44,317,https://fareharbor.com/embeds/calendar/awhalessongexpeditions/items/420015/?asn=fhdn&asn-ref=alloutdooradventures&ref=alloutdooradventures&bookable-only=yes&full-items=yes&marketplace=yes&flow=no,"<script src=""https://fareharbor.com/embeds/script/calendar/awhalessongexpeditions/items/420015/?asn=fhdn&asn-ref=alloutdooradventures&ref=alloutdooradventures&bookable-only=yes&full-items=yes&marketplace=yes&flow=no""></script>",https://fareharbor.com/embeds/book/awhalessongexpeditions/items/420015/?asn=fhdn&asn-ref=alloutdooradventures&ref=alloutdooradventures&bookable-only=yes&full-items=yes&marketplace=yes&flow=no,https://cdn.filestackcontent.com/TGMTHGUvRkqlqvBDsmsA
Island Time E-Bike Rentals,islandtimeebikerentals,info@islandtimeebike.com,12077794665,United States/Maine/Bar Harbor,-68.247273,44.408966,526351,Self-Guided E-Bike Tours Carriage Roads Waitlist,Bike Tour-Carriage-E-Bike-Guided Tour,1,44,0,https://fareharbor.com/embeds/calendar/islandtimeebikerentals/items/526351/?asn=fhdn&asn-ref=alloutdooradventures&ref=alloutdooradventures&bookable-only=yes&full-items=yes&marketplace=yes&flow=no,"<script src=""https://fareharbor.com/embeds/script/calendar/islandtimeebikerentals/items/526351/?asn=fhdn&asn-ref=alloutdooradventures&ref=alloutdooradventures&bookable-only=yes&full-items=yes&marketplace=yes&flow=no""></script>",https://fareharbor.com/embeds/book/islandtimeebikerentals/items/526351/?asn=fhdn&asn-ref=alloutdooradventures&ref=alloutdooradventures&bookable-only=yes&full-items=yes&marketplace=yes&flow=no,https://cdn.filestackcontent.com/DVznpyTtSahfoPziBXBw
Sitka Marine Excursions,sitkamarineexcursions,info@sitkamarineexcursions.com,(907) 738-0435,United States/Alaska/Sitka,,,606668,Marine Wildlife Tour,Guided Tour-Wildlife,1,44,0,https://fareharbor.com/embeds/calendar/sitkamarineexcursions/items/606668/?asn=fhdn&asn-ref=alloutdooradventures&ref=alloutdooradventures&bookable-only=yes&full-items=yes&marketplace=yes&flow=no,"<script src=""https://fareharbor.com/embeds/script/calendar/sitkamarineexcursions/items/606668/?asn=fhdn&asn-ref=alloutdooradventures&ref=alloutdooradventures&bookable-only=yes&full-items=yes&marketplace=yes&flow=no""></script>",https://fareharbor.com/embeds/book/sitkamarineexcursions/items/606668/?asn=fhdn&asn-ref=alloutdooradventures&ref=alloutdooradventures&bookable-only=yes&full-items=yes&marketplace=yes&flow=no,https://cdn.filestackcontent.com/B4uLpKbXSpCgFqV9TAxW
Finz Resort,finzresort,Manager@finzresort.com,(250) 675-3222,Canada/British Columbia/Blind Bay,,,614182,Canoe,Canoe,1,44,360,https://fareharbor.com/embeds/calendar/finzresort/items/614182/?asn=fhdn-cad&asn-ref=alloutdooradventures&ref=alloutdooradventures&bookable-only=yes&full-items=yes&marketplace=yes&flow=no,"<script src=""https://fareharbor.com/embeds/script/calendar/finzresort/items/614182/?asn=fhdn-cad&asn-ref=alloutdooradventures&ref=alloutdooradventures&bookable-only=yes&full-items=yes&marketplace=yes&flow=no""></script>",https://fareharbor.com/embeds/book/finzresort/items/614182/?asn=fhdn-cad&asn-ref=alloutdooradventures&ref=alloutdooradventures&bookable-only=yes&full-items=yes&marketplace=yes&flow=no,https://cdn.filestackcontent.com/oMRZvjbSnmkVykfsCJSr
Sitka Saltwater Charters,sitkasaltwatercharters,sitkasaltwatercharters@gmail.com,19077381692,United States/Alaska/Sitka,,,616223,Wildlife Tour,Wildlife,1,44,0,https://fareharbor.com/embeds/calendar/sitkasaltwatercharters/items/616223/?asn=fhdn&asn-ref=alloutdooradventures&ref=alloutdooradventures&bookable-only=yes&full-items=yes&marketplace=yes&flow=no,"<script src=""https://fareharbor.com/embeds/script/calendar/sitkasaltwatercharters/items/616223/?asn=fhdn&asn-ref=alloutdooradventures&ref=alloutdooradventures&bookable-only=yes&full-items=yes&marketplace=yes&flow=no""></script>",https://fareharbor.com/embeds/book/sitkasaltwatercharters/items/616223/?asn=fhdn&asn-ref=alloutdooradventures&ref=alloutdooradventures&bookable-only=yes&full-items=yes&marketplace=yes&flow=no,https://cdn.filestackcontent.com/UZwbhjuRQDm7YmcWkPZG
Bozeman Bike Tours,bozemanbiketours,Info@bozemanbiketours.com,406-209-8677,United States/Montana/Bozeman,,,616642,Experience Bozeman Tour,Bike Tour,5,44,107,https://fareharbor.com/embeds/calendar/bozemanbiketours/items/616642/?asn=fhdn&asn-ref=alloutdooradventures&ref=alloutdooradventures&bookable-only=yes&full-items=yes&marketplace=yes&flow=no,"<script src=""https://fareharbor.com/embeds/script/calendar/bozemanbiketours/items/616642/?asn=fhdn&asn-ref=alloutdooradventures&ref=alloutdooradventures&bookable-only=yes&full-items=yes&marketplace=yes&flow=no""></script>",https://fareharbor.com/embeds/book/bozemanbiketours/items/616642/?asn=fhdn&asn-ref=alloutdooradventures&ref=alloutdooradventures&bookable-only=yes&full-items=yes&marketplace=yes&flow=no,https://cdn.filestackcontent.com/dzoh87IiQoK5shWHkK8V
Martin's Adventures,martinsadventures,info@matinsadventures.ca,778 323 8997,Canada/British Columbia/Tsawwassen,,,632143,Wild Life,Wildlife,1,44,720,https://fareharbor.com/embeds/calendar/martinsadventures/items/632143/?asn=fhdn-cad&asn-ref=alloutdooradventures&ref=alloutdooradventures&bookable-only=yes&full-items=yes&marketplace=yes&flow=no,"<script src=""https://fareharbor.com/embeds/script/calendar/martinsadventures/items/632143/?asn=fhdn-cad&asn-ref=alloutdooradventures&ref=alloutdooradventures&bookable-only=yes&full-items=yes&marketplace=yes&flow=no""></script>",https://fareharbor.com/embeds/book/martinsadventures/items/632143/?asn=fhdn-cad&asn-ref=alloutdooradventures&ref=alloutdooradventures&bookable-only=yes&full-items=yes&marketplace=yes&flow=no,https://cdn.filestackcontent.com/8hj73753RsyooT0FWzdK
Loopy's,723loop,loopykleich@gmail.com,715-723-5667,United States/Wisconsin/Chippewa Falls,,,637226,Canoe Rentals,Canoe,1,44,548,https://fareharbor.com/embeds/calendar/723loop/items/637226/?asn=fhdn&asn-ref=alloutdooradventures&ref=alloutdooradventures&bookable-only=yes&full-items=yes&marketplace=yes&flow=no,"<script src=""https://fareharbor.com/embeds/script/calendar/723loop/items/637226/?asn=fhdn&asn-ref=alloutdooradventures&ref=alloutdooradventures&bookable-only=yes&full-items=yes&marketplace=yes&flow=no""></script>",https://fareharbor.com/embeds/book/723loop/items/637226/?asn=fhdn&asn-ref=alloutdooradventures&ref=alloutdooradventures&bookable-only=yes&full-items=yes&marketplace=yes&flow=no,https://cdn.filestackcontent.com/gNIjqJbpTeCZ6ox5nhV0
Way Out West Tours Ltd.,wayoutwesttours,info@wayoutwesttours.com,+12369997300,Canada/British Columbia/Chilliwack,-121.84635,49.07559,654643,Chill Girls Club Raft+ Camp Weekend,Hiking-Rafting,3,44,0,https://fareharbor.com/embeds/calendar/wayoutwesttours/items/654643/?asn=fhdn-cad&asn-ref=alloutdooradventures&ref=alloutdooradventures&bookable-only=yes&full-items=yes&marketplace=yes&flow=no,"<script src=""https://fareharbor.com/embeds/script/calendar/wayoutwesttours/items/654643/?asn=fhdn-cad&asn-ref=alloutdooradventures&ref=alloutdooradventures&bookable-only=yes&full-items=yes&marketplace=yes&flow=no""></script>",https://fareharbor.com/embeds/book/wayoutwesttours/items/654643/?asn=fhdn-cad&asn-ref=alloutdooradventures&ref=alloutdooradventures&bookable-only=yes&full-items=yes&marketplace=yes&flow=no,https://cdn.filestackcontent.com/JBM1A8EGQ1aprH3COqhu
Tours In Color,toursincolor,info@toursincolor.com,307-413-6951,United States/Wyoming/Kelly,,,668807,5-Day Private Adventure Across Yellowstone & Grand Teton,Eco Tour-Guided Tour-Hiking-History Tour-Private,6,44,107,https://fareharbor.com/embeds/calendar/toursincolor/items/668807/?asn=fhdn&asn-ref=alloutdooradventures&ref=alloutdooradventures&bookable-only=yes&full-items=yes&marketplace=yes&flow=no,"<script src=""https://fareharbor.com/embeds/script/calendar/toursincolor/items/668807/?asn=fhdn&asn-ref=alloutdooradventures&ref=alloutdooradventures&bookable-only=yes&full-items=yes&marketplace=yes&flow=no""></script>",https://fareharbor.com/embeds/book/toursincolor/items/668807/?asn=fhdn&asn-ref=alloutdooradventures&ref=alloutdooradventures&bookable-only=yes&full-items=yes&marketplace=yes&flow=no,https://cdn.filestackcontent.com/7WCoZ21oRa35oNktfVHk
Grand Experiences Outdoor Adventures,grand-experiences,info@grand-experiences.com,(226) 240-8315,Canada/Ontario/Port Rowan,,,674923,Big Creek: A Guided Paddle Through the Canadian Amazon,Hiking-Water Activities,1,44,93,https://fareharbor.com/embeds/calendar/grand-experiences/items/674923/?asn=fhdn-cad&asn-ref=alloutdooradventures&ref=alloutdooradventures&bookable-only=yes&full-items=yes&marketplace=yes&flow=no,"<script src=""https://fareharbor.com/embeds/script/calendar/grand-experiences/items/674923/?asn=fhdn-cad&asn-ref=alloutdooradventures&ref=alloutdooradventures&bookable-only=yes&full-items=yes&marketplace=yes&flow=no""></script>",https://fareharbor.com/embeds/book/grand-experiences/items/674923/?asn=fhdn-cad&asn-ref=alloutdooradventures&ref=alloutdooradventures&bookable-only=yes&full-items=yes&marketplace=yes&flow=no,https://cdn.filestackcontent.com/Eod4xBEARXOjCC2IRd8a
Tied To Nature,tiedtonature,info@tiedtonature.com,208-351-5932,United States/Idaho/Island Park,,,417492,Winter Wildlife Photo Workshop,Wildlife,8,43,0,https://fareharbor.com/embeds/calendar/tiedtonature/items/417492/?asn=fhdn&asn-ref=alloutdooradventures&ref=alloutdooradventures&bookable-only=yes&full-items=yes&marketplace=yes&flow=no,"<script src=""https://fareharbor.com/embeds/script/calendar/tiedtonature/items/417492/?asn=fhdn&asn-ref=alloutdooradventures&ref=alloutdooradventures&bookable-only=yes&full-items=yes&marketplace=yes&flow=no""></script>",https://fareharbor.com/embeds/book/tiedtonature/items/417492/?asn=fhdn&asn-ref=alloutdooradventures&ref=alloutdooradventures&bookable-only=yes&full-items=yes&marketplace=yes&flow=no,https://cdn.filestackcontent.com/T3I3ZnhRQWlX1HEfRnFM
Lakeshore Kayak Rental,lakeshorekayakrental,lakeshorekayak@gmail.com,16165661325,United States/Michigan/Spring Lake,,,616226,Canoe - 3 Person,Canoe,1,43,1683,https://fareharbor.com/embeds/calendar/lakeshorekayakrental/items/616226/?asn=fhdn&asn-ref=alloutdooradventures&ref=alloutdooradventures&bookable-only=yes&full-items=yes&marketplace=yes&flow=no,"<script src=""https://fareharbor.com/embeds/script/calendar/lakeshorekayakrental/items/616226/?asn=fhdn&asn-ref=alloutdooradventures&ref=alloutdooradventures&bookable-only=yes&full-items=yes&marketplace=yes&flow=no""></script>",https://fareharbor.com/embeds/book/lakeshorekayakrental/items/616226/?asn=fhdn&asn-ref=alloutdooradventures&ref=alloutdooradventures&bookable-only=yes&full-items=yes&marketplace=yes&flow=no,https://cdn.filestackcontent.com/DmWUGCfXRxysq8f0S7xY
Cyclo Services Day Tours,cycloservices,info@cycloservices.net,1-877-692-4050,Canada/Québec/Québec,,,630631,Lower Town & Grand Market,Bike Tour,2,43,214,https://fareharbor.com/embeds/calendar/cycloservices/items/630631/?asn=fhdn-cad&asn-ref=alloutdooradventures&ref=alloutdooradventures&bookable-only=yes&full-items=yes&marketplace=yes&flow=no,"<script src=""https://fareharbor.com/embeds/script/calendar/cycloservices/items/630631/?asn=fhdn-cad&asn-ref=alloutdooradventures&ref=alloutdooradventures&bookable-only=yes&full-items=yes&marketplace=yes&flow=no""></script>",https://fareharbor.com/embeds/book/cycloservices/items/630631/?asn=fhdn-cad&asn-ref=alloutdooradventures&ref=alloutdooradventures&bookable-only=yes&full-items=yes&marketplace=yes&flow=no,https://cdn.filestackcontent.com/Cyq9ZNpaSfiMqcqxydIX
Jasper Motorcycle Tours,jaspermotorcycletours,inquiries@jaspermotocycletours.com,17809316100,Canada/Alberta/Jasper,,,650453,2 Hour Sidecar Tour,Bike Tour,1,43,763,https://fareharbor.com/embeds/calendar/jaspermotorcycletours/items/650453/?asn=fhdn-cad&asn-ref=alloutdooradventures&ref=alloutdooradventures&bookable-only=yes&full-items=yes&marketplace=yes&flow=no,"<script src=""https://fareharbor.com/embeds/script/calendar/jaspermotorcycletours/items/650453/?asn=fhdn-cad&asn-ref=alloutdooradventures&ref=alloutdooradventures&bookable-only=yes&full-items=yes&marketplace=yes&flow=no""></script>",https://fareharbor.com/embeds/book/jaspermotorcycletours/items/650453/?asn=fhdn-cad&asn-ref=alloutdooradventures&ref=alloutdooradventures&bookable-only=yes&full-items=yes&marketplace=yes&flow=no,https://cdn.filestackcontent.com/pbNxluWWTkqlrsSBtDeT
Jasper Motorcycle Tours,jaspermotorcycletours,inquiries@jaspermotocycletours.com,17809316100,Canada/Alberta/Jasper,,,650455,3 Hour Sidecar Tour,Bike Tour,1,43,721,https://fareharbor.com/embeds/calendar/jaspermotorcycletours/items/650455/?asn=fhdn-cad&asn-ref=alloutdooradventures&ref=alloutdooradventures&bookable-only=yes&full-items=yes&marketplace=yes&flow=no,"<script src=""https://fareharbor.com/embeds/script/calendar/jaspermotorcycletours/items/650455/?asn=fhdn-cad&asn-ref=alloutdooradventures&ref=alloutdooradventures&bookable-only=yes&full-items=yes&marketplace=yes&flow=no""></script>",https://fareharbor.com/embeds/book/jaspermotorcycletours/items/650455/?asn=fhdn-cad&asn-ref=alloutdooradventures&ref=alloutdooradventures&bookable-only=yes&full-items=yes&marketplace=yes&flow=no,https://cdn.filestackcontent.com/VLBkMlt2QKSOndvbQmHJ
Kaul Of The Wild Yellowstone Tours,kaulofthewildtours,book@kaulofthewildtours.com,406-577-6136,United States/Montana/Livingston,,,653428,Summer & Fall Wildlife Tours,Wildlife,1,43,385,https://fareharbor.com/embeds/calendar/kaulofthewildtours/items/653428/?asn=fhdn&asn-ref=alloutdooradventures&ref=alloutdooradventures&bookable-only=yes&full-items=yes&marketplace=yes&flow=no,"<script src=""https://fareharbor.com/embeds/script/calendar/kaulofthewildtours/items/653428/?asn=fhdn&asn-ref=alloutdooradventures&ref=alloutdooradventures&bookable-only=yes&full-items=yes&marketplace=yes&flow=no""></script>",https://fareharbor.com/embeds/book/kaulofthewildtours/items/653428/?asn=fhdn&asn-ref=alloutdooradventures&ref=alloutdooradventures&bookable-only=yes&full-items=yes&marketplace=yes&flow=no,https://cdn.filestackcontent.com/ztBU9nRpQ2aotHBnvTk5
Fish and Fur Outfitters,fishandfuroutfitters,office@fishandfuroutfitters.com,208-936-5180,United States/Idaho/Parma,,,659958,Guided Coyote Hunting Trip | Southwest Idaho,Wildlife,1,43,180,https://fareharbor.com/embeds/calendar/fishandfuroutfitters/items/659958/?asn=fhdn&asn-ref=alloutdooradventures&ref=alloutdooradventures&bookable-only=yes&full-items=yes&marketplace=yes&flow=no,"<script src=""https://fareharbor.com/embeds/script/calendar/fishandfuroutfitters/items/659958/?asn=fhdn&asn-ref=alloutdooradventures&ref=alloutdooradventures&bookable-only=yes&full-items=yes&marketplace=yes&flow=no""></script>",https://fareharbor.com/embeds/book/fishandfuroutfitters/items/659958/?asn=fhdn&asn-ref=alloutdooradventures&ref=alloutdooradventures&bookable-only=yes&full-items=yes&marketplace=yes&flow=no,https://cdn.filestackcontent.com/M85oCcajT4yKLYyhwzON
Songhees Tours Inc.,songheestours,message@songheestours.com,778-584-4748,Canada/British Columbia/Victoria,-123.368938,48.422866,640677,Pəlat̓ᶱəs Tour - Canoe Tour,Canoe,1,42,43,https://fareharbor.com/embeds/calendar/songheestours/items/640677/?asn=fhdn-cad&asn-ref=alloutdooradventures&ref=alloutdooradventures&bookable-only=yes&full-items=yes&marketplace=yes&flow=no,"<script src=""https://fareharbor.com/embeds/script/calendar/songheestours/items/640677/?asn=fhdn-cad&asn-ref=alloutdooradventures&ref=alloutdooradventures&bookable-only=yes&full-items=yes&marketplace=yes&flow=no""></script>",https://fareharbor.com/embeds/book/songheestours/items/640677/?asn=fhdn-cad&asn-ref=alloutdooradventures&ref=alloutdooradventures&bookable-only=yes&full-items=yes&marketplace=yes&flow=no,https://cdn.filestackcontent.com/pAQrkilTuy31ghkmbYHC
Outdoor Escapes,outdoorescapesnh,naturenut@outdoorescapesnewhampshire.com,603-528-0136,United States/New Hampshire/Freedom,-71.036064,43.813559,245638,New Hampshire Grand ESCAPE: 5D/4N Adventure/Lodging Package,Hiking-Lodging,9,41,0,https://fareharbor.com/embeds/calendar/outdoorescapesnh/items/245638/?asn=fhdn&asn-ref=alloutdooradventures&ref=alloutdooradventures&bookable-only=yes&full-items=yes&marketplace=yes&flow=no,"<script src=""https://fareharbor.com/embeds/script/calendar/outdoorescapesnh/items/245638/?asn=fhdn&asn-ref=alloutdooradventures&ref=alloutdooradventures&bookable-only=yes&full-items=yes&marketplace=yes&flow=no""></script>",https://fareharbor.com/embeds/book/outdoorescapesnh/items/245638/?asn=fhdn&asn-ref=alloutdooradventures&ref=alloutdooradventures&bookable-only=yes&full-items=yes&marketplace=yes&flow=no,https://cdn.filestackcontent.com/7yP6cNpMTMKZV6qFH3zf
Sky Lakes Wilderness Adventures,skylakeswild,skylakeswild@gmail.com,(541) 891 0435,United States/Oregon/Chiloquin,-121.862257,42.576486,301662,Eight Hour Gear Rental,Fishing-Wildlife,2,41,180,https://fareharbor.com/embeds/calendar/skylakeswild/items/301662/?asn=fhdn&asn-ref=alloutdooradventures&ref=alloutdooradventures&bookable-only=yes&full-items=yes&marketplace=yes&flow=no,"<script src=""https://fareharbor.com/embeds/script/calendar/skylakeswild/items/301662/?asn=fhdn&asn-ref=alloutdooradventures&ref=alloutdooradventures&bookable-only=yes&full-items=yes&marketplace=yes&flow=no""></script>",https://fareharbor.com/embeds/book/skylakeswild/items/301662/?asn=fhdn&asn-ref=alloutdooradventures&ref=alloutdooradventures&bookable-only=yes&full-items=yes&marketplace=yes&flow=no,https://cdn.filestackcontent.com/PcFSVjrSQIWla0ywJXw5
Alaska & Yukon Tours,alaskayukontours,info@bookayt.net,+1 907-531-9140,United States/Alaska/Gustavus,-135.762826,58.419766,375931,Glacier Bay Trip from Juneau,Boat Tour-Catamaran-Dinner Boat-Ferry-Lodging-Transportation-Walking Tour,8,41,78,https://fareharbor.com/embeds/calendar/alaskayukontours/items/375931/?asn=fhdn&asn-ref=alloutdooradventures&ref=alloutdooradventures&bookable-only=yes&full-items=yes&marketplace=yes&flow=no,"<script src=""https://fareharbor.com/embeds/script/calendar/alaskayukontours/items/375931/?asn=fhdn&asn-ref=alloutdooradventures&ref=alloutdooradventures&bookable-only=yes&full-items=yes&marketplace=yes&flow=no""></script>",https://fareharbor.com/embeds/book/alaskayukontours/items/375931/?asn=fhdn&asn-ref=alloutdooradventures&ref=alloutdooradventures&bookable-only=yes&full-items=yes&marketplace=yes&flow=no,https://cdn.filestackcontent.com/vRuvCzzwQuqPnnXtkxE5
Birdwatching N.C.,birdwatchingnc,sallysiko@birdwatchingnc.com,(919) 449-7331,United States/Maine/Ellsworth,-68.403485,44.527932,384671,Birding Maine,Wildlife,11,41,4,https://fareharbor.com/embeds/calendar/birdwatchingnc/items/384671/?asn=fhdn&asn-ref=alloutdooradventures&ref=alloutdooradventures&bookable-only=yes&full-items=yes&marketplace=yes&flow=no,"<script src=""https://fareharbor.com/embeds/script/calendar/birdwatchingnc/items/384671/?asn=fhdn&asn-ref=alloutdooradventures&ref=alloutdooradventures&bookable-only=yes&full-items=yes&marketplace=yes&flow=no""></script>",https://fareharbor.com/embeds/book/birdwatchingnc/items/384671/?asn=fhdn&asn-ref=alloutdooradventures&ref=alloutdooradventures&bookable-only=yes&full-items=yes&marketplace=yes&flow=no,https://cdn.filestackcontent.com/vqxeATUJTEu5ETp2ZKzu
Bethel Adventure Tours,betheladventuretours,betheladventuretours@gmail.com,(757) 672 - 3542,United States/Maine/Bethel,,,564730,Mountain Bike Coaching,Bike Tour,2,41,0,https://fareharbor.com/embeds/calendar/betheladventuretours/items/564730/?asn=fhdn&asn-ref=alloutdooradventures&ref=alloutdooradventures&bookable-only=yes&full-items=yes&marketplace=yes&flow=no,"<script src=""https://fareharbor.com/embeds/script/calendar/betheladventuretours/items/564730/?asn=fhdn&asn-ref=alloutdooradventures&ref=alloutdooradventures&bookable-only=yes&full-items=yes&marketplace=yes&flow=no""></script>",https://fareharbor.com/embeds/book/betheladventuretours/items/564730/?asn=fhdn&asn-ref=alloutdooradventures&ref=alloutdooradventures&bookable-only=yes&full-items=yes&marketplace=yes&flow=no,https://cdn.filestackcontent.com/PTmIgwybTdiWT3Q86nwK
VIBE,vibebackcountry,info@vibebackcountry.com,604 901 2579,Canada/British Columbia,-124.594444,49.223611,603498,"The Jowl, Mt Arrowsmith (Kał-ka-č’ałḥ )",Climbing,2,41,0,https://fareharbor.com/embeds/calendar/vibebackcountry/items/603498/?asn=fhdn-cad&asn-ref=alloutdooradventures&ref=alloutdooradventures&bookable-only=yes&full-items=yes&marketplace=yes&flow=no,"<script src=""https://fareharbor.com/embeds/script/calendar/vibebackcountry/items/603498/?asn=fhdn-cad&asn-ref=alloutdooradventures&ref=alloutdooradventures&bookable-only=yes&full-items=yes&marketplace=yes&flow=no""></script>",https://fareharbor.com/embeds/book/vibebackcountry/items/603498/?asn=fhdn-cad&asn-ref=alloutdooradventures&ref=alloutdooradventures&bookable-only=yes&full-items=yes&marketplace=yes&flow=no,https://cdn.filestackcontent.com/QGA1BPZTQUiPfQZ0te1s
Wolastoq Cycling,wolastoqcycling,jamie@wolastoqcycling.repair,(506) 962 9255,Canada/New Brunswick/Woodstock First Nation,,,672796,3 Hour Rentals,Bike Rental-Canoe-E-Bike-Kayak,1,41,279,https://fareharbor.com/embeds/calendar/wolastoqcycling/items/672796/?asn=fhdn-cad&asn-ref=alloutdooradventures&ref=alloutdooradventures&bookable-only=yes&full-items=yes&marketplace=yes&flow=no,"<script src=""https://fareharbor.com/embeds/script/calendar/wolastoqcycling/items/672796/?asn=fhdn-cad&asn-ref=alloutdooradventures&ref=alloutdooradventures&bookable-only=yes&full-items=yes&marketplace=yes&flow=no""></script>",https://fareharbor.com/embeds/book/wolastoqcycling/items/672796/?asn=fhdn-cad&asn-ref=alloutdooradventures&ref=alloutdooradventures&bookable-only=yes&full-items=yes&marketplace=yes&flow=no,https://cdn.filestackcontent.com/57RhCRkaTN2izsrbmAtw
Seattle Mountain Bike Tours,seattlemountainbiketours,ride@seattlemountainbiketours.com,425.250.5533,United States/Washington/Seattle,,,75080,Full Day Tour from Seattle,Bike Tour-Climbing-Shuttle,4,40,0,https://fareharbor.com/embeds/calendar/seattlemountainbiketours/items/75080/?asn=fhdn&asn-ref=alloutdooradventures&ref=alloutdooradventures&bookable-only=yes&full-items=yes&marketplace=yes&flow=no,"<script src=""https://fareharbor.com/embeds/script/calendar/seattlemountainbiketours/items/75080/?asn=fhdn&asn-ref=alloutdooradventures&ref=alloutdooradventures&bookable-only=yes&full-items=yes&marketplace=yes&flow=no""></script>",https://fareharbor.com/embeds/book/seattlemountainbiketours/items/75080/?asn=fhdn&asn-ref=alloutdooradventures&ref=alloutdooradventures&bookable-only=yes&full-items=yes&marketplace=yes&flow=no,https://cdn.filestackcontent.com/L4UjjTLzTlK6fG2nGz6N
Vogue Travel and Tours,globe-trekkers,info@wonderbyvouge.com,601-210-5340,United States/North Carolina/Asheville,-82.546056,35.59751,343727,Private Boutique Blue Ridge Parkway Full Day Tour,Carriage-Hiking-Private,7,40,61,https://fareharbor.com/embeds/calendar/globe-trekkers/items/343727/?asn=fhdn&asn-ref=alloutdooradventures&ref=alloutdooradventures&bookable-only=yes&full-items=yes&marketplace=yes&flow=no,"<script src=""https://fareharbor.com/embeds/script/calendar/globe-trekkers/items/343727/?asn=fhdn&asn-ref=alloutdooradventures&ref=alloutdooradventures&bookable-only=yes&full-items=yes&marketplace=yes&flow=no""></script>",https://fareharbor.com/embeds/book/globe-trekkers/items/343727/?asn=fhdn&asn-ref=alloutdooradventures&ref=alloutdooradventures&bookable-only=yes&full-items=yes&marketplace=yes&flow=no,https://cdn.filestackcontent.com/HAYkSU3NQyihYwJ5vGSQ
Alaska & Yukon Tours,alaskayukontours,info@bookayt.net,+1 907-531-9140,United States/Alaska/Skagway,-135.318691,59.453462,393719,Glacier Point Wilderness Safari,Boat Tour-Canoe-Hiking-Shuttle-Transportation,5,40,0,https://fareharbor.com/embeds/calendar/alaskayukontours/items/393719/?asn=fhdn&asn-ref=alloutdooradventures&ref=alloutdooradventures&bookable-only=yes&full-items=yes&marketplace=yes&flow=no,"<script src=""https://fareharbor.com/embeds/script/calendar/alaskayukontours/items/393719/?asn=fhdn&asn-ref=alloutdooradventures&ref=alloutdooradventures&bookable-only=yes&full-items=yes&marketplace=yes&flow=no""></script>",https://fareharbor.com/embeds/book/alaskayukontours/items/393719/?asn=fhdn&asn-ref=alloutdooradventures&ref=alloutdooradventures&bookable-only=yes&full-items=yes&marketplace=yes&flow=no,https://cdn.filestackcontent.com/OvvqzsplTf6JpTJ92cPf
Nature Bound,naturebound,natureboundon@gmail.com,705-305-6486,Canada/Ontario/Corbeil,-79.256532,46.310619,609563,Public Guided Snowshoe Tour,Hiking,2,40,0,https://fareharbor.com/embeds/calendar/naturebound/items/609563/?asn=fhdn-cad&asn-ref=alloutdooradventures&ref=alloutdooradventures&bookable-only=yes&full-items=yes&marketplace=yes&flow=no,"<script src=""https://fareharbor.com/embeds/script/calendar/naturebound/items/609563/?asn=fhdn-cad&asn-ref=alloutdooradventures&ref=alloutdooradventures&bookable-only=yes&full-items=yes&marketplace=yes&flow=no""></script>",https://fareharbor.com/embeds/book/naturebound/items/609563/?asn=fhdn-cad&asn-ref=alloutdooradventures&ref=alloutdooradventures&bookable-only=yes&full-items=yes&marketplace=yes&flow=no,https://cdn.filestackcontent.com/FCk8dqY3SnSKGRhZ5fNT
Cyclo Services Day Tours,cycloservices,info@cycloservices.net,1-877-692-4050,Canada/Québec/Québec,,,630644,Beyond the Walls,Bike Tour,1,40,214,https://fareharbor.com/embeds/calendar/cycloservices/items/630644/?asn=fhdn-cad&asn-ref=alloutdooradventures&ref=alloutdooradventures&bookable-only=yes&full-items=yes&marketplace=yes&flow=no,"<script src=""https://fareharbor.com/embeds/script/calendar/cycloservices/items/630644/?asn=fhdn-cad&asn-ref=alloutdooradventures&ref=alloutdooradventures&bookable-only=yes&full-items=yes&marketplace=yes&flow=no""></script>",https://fareharbor.com/embeds/book/cycloservices/items/630644/?asn=fhdn-cad&asn-ref=alloutdooradventures&ref=alloutdooradventures&bookable-only=yes&full-items=yes&marketplace=yes&flow=no,https://cdn.filestackcontent.com/ayTHpbeSBCwGraHgTG01
Yellowstone Western Tours,yellowstonewesterntours,yellowstonewesterntours@gmail.com,(406) 490-6075,United States/Montana/West Yellowstone,,,631775,Geyser Basin/Lower Loop,Wildlife,1,40,428,https://fareharbor.com/embeds/calendar/yellowstonewesterntours/items/631775/?asn=fhdn&asn-ref=alloutdooradventures&ref=alloutdooradventures&bookable-only=yes&full-items=yes&marketplace=yes&flow=no,"<script src=""https://fareharbor.com/embeds/script/calendar/yellowstonewesterntours/items/631775/?asn=fhdn&asn-ref=alloutdooradventures&ref=alloutdooradventures&bookable-only=yes&full-items=yes&marketplace=yes&flow=no""></script>",https://fareharbor.com/embeds/book/yellowstonewesterntours/items/631775/?asn=fhdn&asn-ref=alloutdooradventures&ref=alloutdooradventures&bookable-only=yes&full-items=yes&marketplace=yes&flow=no,https://cdn.filestackcontent.com/pvvjJ2alSI69g1SLA68h
The Mountain Explorer Co.,themountainexplorer,info@themountainexplorer.ca,1-403-493-4515,Canada/Alberta/Canmore,,,633323,MORAINE LAKE SUNRISE TOUR,Hiking,4,40,76,https://fareharbor.com/embeds/calendar/themountainexplorer/items/633323/?asn=fhdn-cad&asn-ref=alloutdooradventures&ref=alloutdooradventures&bookable-only=yes&full-items=yes&marketplace=yes&flow=no,"<script src=""https://fareharbor.com/embeds/script/calendar/themountainexplorer/items/633323/?asn=fhdn-cad&asn-ref=alloutdooradventures&ref=alloutdooradventures&bookable-only=yes&full-items=yes&marketplace=yes&flow=no""></script>",https://fareharbor.com/embeds/book/themountainexplorer/items/633323/?asn=fhdn-cad&asn-ref=alloutdooradventures&ref=alloutdooradventures&bookable-only=yes&full-items=yes&marketplace=yes&flow=no,https://cdn.filestackcontent.com/YbEWr1VQRH6jnWlchCCQ
SoHa Surf Shop,sohasurfshop,info@sohakayakrentals.com,(269) 872-3044,United States/Michigan/South Haven,-86.271431,42.409495,89469,2 Hour Rental - Black River Park,Boat Rental-Canoe-Kayak-Rentals-SUP-Water Activities,1,39,0,https://fareharbor.com/embeds/calendar/sohasurfshop/items/89469/?asn=fhdn&asn-ref=alloutdooradventures&ref=alloutdooradventures&bookable-only=yes&full-items=yes&marketplace=yes&flow=no,"<script src=""https://fareharbor.com/embeds/script/calendar/sohasurfshop/items/89469/?asn=fhdn&asn-ref=alloutdooradventures&ref=alloutdooradventures&bookable-only=yes&full-items=yes&marketplace=yes&flow=no""></script>",https://fareharbor.com/embeds/book/sohasurfshop/items/89469/?asn=fhdn&asn-ref=alloutdooradventures&ref=alloutdooradventures&bookable-only=yes&full-items=yes&marketplace=yes&flow=no,https://cdn.filestackcontent.com/gxjBeBHSaYJoy5dZGNpQ
Catamount Ski Area,catamountski,info@catamountski.com,413-528-1262,United States/New York/Hillsdale,,,284053,Guided Nature Hikes,Hiking,1,39,0,https://fareharbor.com/embeds/calendar/catamountski/items/284053/?asn=fhdn&asn-ref=alloutdooradventures&ref=alloutdooradventures&bookable-only=yes&full-items=yes&marketplace=yes&flow=no,"<script src=""https://fareharbor.com/embeds/script/calendar/catamountski/items/284053/?asn=fhdn&asn-ref=alloutdooradventures&ref=alloutdooradventures&bookable-only=yes&full-items=yes&marketplace=yes&flow=no""></script>",https://fareharbor.com/embeds/book/catamountski/items/284053/?asn=fhdn&asn-ref=alloutdooradventures&ref=alloutdooradventures&bookable-only=yes&full-items=yes&marketplace=yes&flow=no,https://cdn.filestackcontent.com/34KKx65xRpaYwj16KKjT
International Mountain Climbing School,internationalmountainclimbingschool,guides@climbimcs.com,(603) 356-7064,United States/New Hampshire/Conway,,,411391,Alpine Rock Climbing,Climbing,1,39,93,https://fareharbor.com/embeds/calendar/internationalmountainclimbingschool/items/411391/?asn=fhdn&asn-ref=alloutdooradventures&ref=alloutdooradventures&bookable-only=yes&full-items=yes&marketplace=yes&flow=no,"<script src=""https://fareharbor.com/embeds/script/calendar/internationalmountainclimbingschool/items/411391/?asn=fhdn&asn-ref=alloutdooradventures&ref=alloutdooradventures&bookable-only=yes&full-items=yes&marketplace=yes&flow=no""></script>",https://fareharbor.com/embeds/book/internationalmountainclimbingschool/items/411391/?asn=fhdn&asn-ref=alloutdooradventures&ref=alloutdooradventures&bookable-only=yes&full-items=yes&marketplace=yes&flow=no,https://cdn.filestackcontent.com/zFXb8ipZT06zCZaTgEnm
International Mountain Climbing School,internationalmountainclimbingschool,guides@climbimcs.com,(603) 356-7064,United States/New Hampshire/Conway,,,534476,Rock Climbing 101,Climbing,1,39,107,https://fareharbor.com/embeds/calendar/internationalmountainclimbingschool/items/534476/?asn=fhdn&asn-ref=alloutdooradventures&ref=alloutdooradventures&bookable-only=yes&full-items=yes&marketplace=yes&flow=no,"<script src=""https://fareharbor.com/embeds/script/calendar/internationalmountainclimbingschool/items/534476/?asn=fhdn&asn-ref=alloutdooradventures&ref=alloutdooradventures&bookable-only=yes&full-items=yes&marketplace=yes&flow=no""></script>",https://fareharbor.com/embeds/book/internationalmountainclimbingschool/items/534476/?asn=fhdn&asn-ref=alloutdooradventures&ref=alloutdooradventures&bookable-only=yes&full-items=yes&marketplace=yes&flow=no,https://cdn.filestackcontent.com/oVmzup1lQVylJBsxrosd
Lazy Day Raft Rentals,lazydayraftrentals,bookings@lazydayrafts.com,+1 403-258-0575,Canada/Alberta/Calgary,,,543045,E-bike Tours,Bike Tour-E-Bike,1,39,0,https://fareharbor.com/embeds/calendar/lazydayraftrentals/items/543045/?asn=fhdn-cad&asn-ref=alloutdooradventures&ref=alloutdooradventures&bookable-only=yes&full-items=yes&marketplace=yes&flow=no,"<script src=""https://fareharbor.com/embeds/script/calendar/lazydayraftrentals/items/543045/?asn=fhdn-cad&asn-ref=alloutdooradventures&ref=alloutdooradventures&bookable-only=yes&full-items=yes&marketplace=yes&flow=no""></script>",https://fareharbor.com/embeds/book/lazydayraftrentals/items/543045/?asn=fhdn-cad&asn-ref=alloutdooradventures&ref=alloutdooradventures&bookable-only=yes&full-items=yes&marketplace=yes&flow=no,https://cdn.filestackcontent.com/ita9CxijS2uHQHeOOLc2
Wildlife Center of the North Coast,coastwildlife,info@coastwildlife.org,503-338-0331,United States/Oregon/Astoria,,,544406,Bird Lover's Morning,Wildlife,1,39,89,https://fareharbor.com/embeds/calendar/coastwildlife/items/544406/?asn=fhdn&asn-ref=alloutdooradventures&ref=alloutdooradventures&bookable-only=yes&full-items=yes&marketplace=yes&flow=no,"<script src=""https://fareharbor.com/embeds/script/calendar/coastwildlife/items/544406/?asn=fhdn&asn-ref=alloutdooradventures&ref=alloutdooradventures&bookable-only=yes&full-items=yes&marketplace=yes&flow=no""></script>",https://fareharbor.com/embeds/book/coastwildlife/items/544406/?asn=fhdn&asn-ref=alloutdooradventures&ref=alloutdooradventures&bookable-only=yes&full-items=yes&marketplace=yes&flow=no,https://cdn.filestackcontent.com/2tfiu0ASHGfOqB9xT7Jw
Breakaway Adventures,breakawayadventuresbc,adrian@breakawayadventures.ca,778-896-2652,Canada/British Columbia/Vancouver,,,574876,The Ultimate Stanley Park E-Bike Tour,Bike Tour,1,39,299,https://fareharbor.com/embeds/calendar/breakawayadventuresbc/items/574876/?asn=fhdn-cad&asn-ref=alloutdooradventures&ref=alloutdooradventures&bookable-only=yes&full-items=yes&marketplace=yes&flow=no,"<script src=""https://fareharbor.com/embeds/script/calendar/breakawayadventuresbc/items/574876/?asn=fhdn-cad&asn-ref=alloutdooradventures&ref=alloutdooradventures&bookable-only=yes&full-items=yes&marketplace=yes&flow=no""></script>",https://fareharbor.com/embeds/book/breakawayadventuresbc/items/574876/?asn=fhdn-cad&asn-ref=alloutdooradventures&ref=alloutdooradventures&bookable-only=yes&full-items=yes&marketplace=yes&flow=no,https://cdn.filestackcontent.com/rEr9UGQCS9g2iKgTNER9
"Historic Milwaukee, Inc.",historicmilwaukee,tours@historicmilwaukee.org,(414) 277-7795,United States/Wisconsin/Milwaukee,,,586186,Tour and Tasting at Wisconsin's Largest Urban Hydroponic Farm,Eco Tour-Events-Food Tour-Guided Tour,4,39,1,https://fareharbor.com/embeds/calendar/historicmilwaukee/items/586186/?asn=fhdn&asn-ref=alloutdooradventures&ref=alloutdooradventures&bookable-only=yes&full-items=yes&marketplace=yes&flow=no,"<script src=""https://fareharbor.com/embeds/script/calendar/historicmilwaukee/items/586186/?asn=fhdn&asn-ref=alloutdooradventures&ref=alloutdooradventures&bookable-only=yes&full-items=yes&marketplace=yes&flow=no""></script>",https://fareharbor.com/embeds/book/historicmilwaukee/items/586186/?asn=fhdn&asn-ref=alloutdooradventures&ref=alloutdooradventures&bookable-only=yes&full-items=yes&marketplace=yes&flow=no,https://cdn.filestackcontent.com/Fz2AbAH6Q1aUwoRWyETh
VIBE,vibebackcountry,info@vibebackcountry.com,604 901 2579,Canada/British Columbia/Port Alberni,-124.805549,49.233888,603502,"Permanent Structures Guided Climb - 8 Pitches (5.10B, 250m)",Climbing,1,39,0,https://fareharbor.com/embeds/calendar/vibebackcountry/items/603502/?asn=fhdn-cad&asn-ref=alloutdooradventures&ref=alloutdooradventures&bookable-only=yes&full-items=yes&marketplace=yes&flow=no,"<script src=""https://fareharbor.com/embeds/script/calendar/vibebackcountry/items/603502/?asn=fhdn-cad&asn-ref=alloutdooradventures&ref=alloutdooradventures&bookable-only=yes&full-items=yes&marketplace=yes&flow=no""></script>",https://fareharbor.com/embeds/book/vibebackcountry/items/603502/?asn=fhdn-cad&asn-ref=alloutdooradventures&ref=alloutdooradventures&bookable-only=yes&full-items=yes&marketplace=yes&flow=no,https://cdn.filestackcontent.com/HsA6mm9STvaQZdbudqLQ
VIBE,vibebackcountry,info@vibebackcountry.com,604 901 2579,Canada/British Columbia/Sayward,-125.960212,50.383718,603504,Guided Climb on Triple Peak,Climbing,1,39,0,https://fareharbor.com/embeds/calendar/vibebackcountry/items/603504/?asn=fhdn-cad&asn-ref=alloutdooradventures&ref=alloutdooradventures&bookable-only=yes&full-items=yes&marketplace=yes&flow=no,"<script src=""https://fareharbor.com/embeds/script/calendar/vibebackcountry/items/603504/?asn=fhdn-cad&asn-ref=alloutdooradventures&ref=alloutdooradventures&bookable-only=yes&full-items=yes&marketplace=yes&flow=no""></script>",https://fareharbor.com/embeds/book/vibebackcountry/items/603504/?asn=fhdn-cad&asn-ref=alloutdooradventures&ref=alloutdooradventures&bookable-only=yes&full-items=yes&marketplace=yes&flow=no,https://cdn.filestackcontent.com/vD0UVYsRGJBQiIpkP3Tg
VIBE,vibebackcountry,info@vibebackcountry.com,604 901 2579,Canada/British Columbia/Duncan,-123.707942,48.778691,603814,"Guided Bouldering Day in Duncan, BC",Climbing,1,39,0,https://fareharbor.com/embeds/calendar/vibebackcountry/items/603814/?asn=fhdn-cad&asn-ref=alloutdooradventures&ref=alloutdooradventures&bookable-only=yes&full-items=yes&marketplace=yes&flow=no,"<script src=""https://fareharbor.com/embeds/script/calendar/vibebackcountry/items/603814/?asn=fhdn-cad&asn-ref=alloutdooradventures&ref=alloutdooradventures&bookable-only=yes&full-items=yes&marketplace=yes&flow=no""></script>",https://fareharbor.com/embeds/book/vibebackcountry/items/603814/?asn=fhdn-cad&asn-ref=alloutdooradventures&ref=alloutdooradventures&bookable-only=yes&full-items=yes&marketplace=yes&flow=no,https://cdn.filestackcontent.com/3OzKgYApS4eDusX8vimC
Cyclo Services Day Tours,cycloservices,info@cycloservices.net,1-877-692-4050,Canada/Québec/Québec,,,630615,Incredible & Magnificent Montmorency Falls,Bike Tour,1,39,212,https://fareharbor.com/embeds/calendar/cycloservices/items/630615/?asn=fhdn-cad&asn-ref=alloutdooradventures&ref=alloutdooradventures&bookable-only=yes&full-items=yes&marketplace=yes&flow=no,"<script src=""https://fareharbor.com/embeds/script/calendar/cycloservices/items/630615/?asn=fhdn-cad&asn-ref=alloutdooradventures&ref=alloutdooradventures&bookable-only=yes&full-items=yes&marketplace=yes&flow=no""></script>",https://fareharbor.com/embeds/book/cycloservices/items/630615/?asn=fhdn-cad&asn-ref=alloutdooradventures&ref=alloutdooradventures&bookable-only=yes&full-items=yes&marketplace=yes&flow=no,https://cdn.filestackcontent.com/ehcKbEV6TSSQQL4fRoc8
Cyclo Services Day Tours,cycloservices,info@cycloservices.net,1-877-692-4050,Canada/Québec/Québec,,,630635,Heritage & Upper Town,Bike Tour,1,39,214,https://fareharbor.com/embeds/calendar/cycloservices/items/630635/?asn=fhdn-cad&asn-ref=alloutdooradventures&ref=alloutdooradventures&bookable-only=yes&full-items=yes&marketplace=yes&flow=no,"<script src=""https://fareharbor.com/embeds/script/calendar/cycloservices/items/630635/?asn=fhdn-cad&asn-ref=alloutdooradventures&ref=alloutdooradventures&bookable-only=yes&full-items=yes&marketplace=yes&flow=no""></script>",https://fareharbor.com/embeds/book/cycloservices/items/630635/?asn=fhdn-cad&asn-ref=alloutdooradventures&ref=alloutdooradventures&bookable-only=yes&full-items=yes&marketplace=yes&flow=no,https://cdn.filestackcontent.com/HJNEvS2rSISjjWeCJTzc
Cyclo Services Day Tours,cycloservices,info@cycloservices.net,1-877-692-4050,Canada/Québec/Québec,,,630637,South Shore Cove Scenic Route,Bike Tour,1,39,214,https://fareharbor.com/embeds/calendar/cycloservices/items/630637/?asn=fhdn-cad&asn-ref=alloutdooradventures&ref=alloutdooradventures&bookable-only=yes&full-items=yes&marketplace=yes&flow=no,"<script src=""https://fareharbor.com/embeds/script/calendar/cycloservices/items/630637/?asn=fhdn-cad&asn-ref=alloutdooradventures&ref=alloutdooradventures&bookable-only=yes&full-items=yes&marketplace=yes&flow=no""></script>",https://fareharbor.com/embeds/book/cycloservices/items/630637/?asn=fhdn-cad&asn-ref=alloutdooradventures&ref=alloutdooradventures&bookable-only=yes&full-items=yes&marketplace=yes&flow=no,https://cdn.filestackcontent.com/R46BYrIDQHW7oYeBLB6F
Exploring Sitka,exploringsitka,parker@exploringsitka.com,(907) 738-0289,United States/Alaska/Sitka,,,662027,Self Guided Jeep Rental • Four Hours,Jeep,1,39,0,https://fareharbor.com/embeds/calendar/exploringsitka/items/662027/?asn=fhdn&asn-ref=alloutdooradventures&ref=alloutdooradventures&bookable-only=yes&full-items=yes&marketplace=yes&flow=no,"<script src=""https://fareharbor.com/embeds/script/calendar/exploringsitka/items/662027/?asn=fhdn&asn-ref=alloutdooradventures&ref=alloutdooradventures&bookable-only=yes&full-items=yes&marketplace=yes&flow=no""></script>",https://fareharbor.com/embeds/book/exploringsitka/items/662027/?asn=fhdn&asn-ref=alloutdooradventures&ref=alloutdooradventures&bookable-only=yes&full-items=yes&marketplace=yes&flow=no,https://cdn.filestackcontent.com/vN1MRslbTqmVfvEDByJF
Catamount Ski Area,catamountski,info@catamountski.com,413-528-1262,United States/New York/Hillsdale,,,305450,Scenic Chairlift Rides,Hiking-Lodging,1,38,0,https://fareharbor.com/embeds/calendar/catamountski/items/305450/?asn=fhdn&asn-ref=alloutdooradventures&ref=alloutdooradventures&bookable-only=yes&full-items=yes&marketplace=yes&flow=no,"<script src=""https://fareharbor.com/embeds/script/calendar/catamountski/items/305450/?asn=fhdn&asn-ref=alloutdooradventures&ref=alloutdooradventures&bookable-only=yes&full-items=yes&marketplace=yes&flow=no""></script>",https://fareharbor.com/embeds/book/catamountski/items/305450/?asn=fhdn&asn-ref=alloutdooradventures&ref=alloutdooradventures&bookable-only=yes&full-items=yes&marketplace=yes&flow=no,https://cdn.filestackcontent.com/ESTQ6dM0QP8BHs1XSHpA
Tied To Nature,tiedtonature,info@tiedtonature.com,208-351-5932,United States/Idaho/Island Park,,,330280,Hiking and Hot Springs,Hiking,1,38,276,https://fareharbor.com/embeds/calendar/tiedtonature/items/330280/?asn=fhdn&asn-ref=alloutdooradventures&ref=alloutdooradventures&bookable-only=yes&full-items=yes&marketplace=yes&flow=no,"<script src=""https://fareharbor.com/embeds/script/calendar/tiedtonature/items/330280/?asn=fhdn&asn-ref=alloutdooradventures&ref=alloutdooradventures&bookable-only=yes&full-items=yes&marketplace=yes&flow=no""></script>",https://fareharbor.com/embeds/book/tiedtonature/items/330280/?asn=fhdn&asn-ref=alloutdooradventures&ref=alloutdooradventures&bookable-only=yes&full-items=yes&marketplace=yes&flow=no,https://cdn.filestackcontent.com/G4YYTYYFTD6FIHQTArP1
Tied To Nature,tiedtonature,info@tiedtonature.com,208-351-5932,United States/Idaho/Island Park,,,330283,Wildlife and Waterfalls,Hiking,1,38,276,https://fareharbor.com/embeds/calendar/tiedtonature/items/330283/?asn=fhdn&asn-ref=alloutdooradventures&ref=alloutdooradventures&bookable-only=yes&full-items=yes&marketplace=yes&flow=no,"<script src=""https://fareharbor.com/embeds/script/calendar/tiedtonature/items/330283/?asn=fhdn&asn-ref=alloutdooradventures&ref=alloutdooradventures&bookable-only=yes&full-items=yes&marketplace=yes&flow=no""></script>",https://fareharbor.com/embeds/book/tiedtonature/items/330283/?asn=fhdn&asn-ref=alloutdooradventures&ref=alloutdooradventures&bookable-only=yes&full-items=yes&marketplace=yes&flow=no,https://cdn.filestackcontent.com/wp5hT0ANRJSnIJwINUj9
Milwaukee E-Bikes,milwaukeeebike,milwaukeeebike@gmail.com,1 (414) 326-4566,United States/Wisconsin/Milwaukee,,,360400,E-Bike Half Day Rental,Bike Tour-Brewery-E-Bike,2,38,1370,https://fareharbor.com/embeds/calendar/milwaukeeebike/items/360400/?asn=fhdn&asn-ref=alloutdooradventures&ref=alloutdooradventures&bookable-only=yes&full-items=yes&marketplace=yes&flow=no,"<script src=""https://fareharbor.com/embeds/script/calendar/milwaukeeebike/items/360400/?asn=fhdn&asn-ref=alloutdooradventures&ref=alloutdooradventures&bookable-only=yes&full-items=yes&marketplace=yes&flow=no""></script>",https://fareharbor.com/embeds/book/milwaukeeebike/items/360400/?asn=fhdn&asn-ref=alloutdooradventures&ref=alloutdooradventures&bookable-only=yes&full-items=yes&marketplace=yes&flow=no,https://cdn.filestackcontent.com/Wv4noHkQWeQus8YUNzmA
Discover Cayuga Lake,discovercayugalake,booking@discovercayugalake.org,607-327-5253,United States/New York/Ithaca,,,370738,Lake & Land Tour,Boat Rental-Boat Tour-Hiking-Marina-Water Activities,1,38,0,https://fareharbor.com/embeds/calendar/discovercayugalake/items/370738/?asn=fhdn&asn-ref=alloutdooradventures&ref=alloutdooradventures&bookable-only=yes&full-items=yes&marketplace=yes&flow=no,"<script src=""https://fareharbor.com/embeds/script/calendar/discovercayugalake/items/370738/?asn=fhdn&asn-ref=alloutdooradventures&ref=alloutdooradventures&bookable-only=yes&full-items=yes&marketplace=yes&flow=no""></script>",https://fareharbor.com/embeds/book/discovercayugalake/items/370738/?asn=fhdn&asn-ref=alloutdooradventures&ref=alloutdooradventures&bookable-only=yes&full-items=yes&marketplace=yes&flow=no,https://cdn.filestackcontent.com/LZKKWHnT5usoMDHOWRUd
Toonie Tours Alberta,toonietours-calgary,guide@toonietours.ca,1 866 643 1847,Canada/Alberta/Calgary,,,531504,Calgary City Bike Tour | Private,Bike Rental-Bike Tour-Guided Tour-Private,1,38,0,https://fareharbor.com/embeds/calendar/toonietours-calgary/items/531504/?asn=fhdn&asn-ref=alloutdooradventures&ref=alloutdooradventures&bookable-only=yes&full-items=yes&marketplace=yes&flow=no,"<script src=""https://fareharbor.com/embeds/script/calendar/toonietours-calgary/items/531504/?asn=fhdn&asn-ref=alloutdooradventures&ref=alloutdooradventures&bookable-only=yes&full-items=yes&marketplace=yes&flow=no""></script>",https://fareharbor.com/embeds/book/toonietours-calgary/items/531504/?asn=fhdn&asn-ref=alloutdooradventures&ref=alloutdooradventures&bookable-only=yes&full-items=yes&marketplace=yes&flow=no,https://cdn.filestackcontent.com/OKm8kzJZRVK5dKkos2hW
Toonie Tours BC,toonietours-vancouver,guide@toonietours.ca,1 866 643 1847,Canada/British Columbia/Vancouver,,,531519,Stanley Park Bike Tour of Vancouver | Private,Bike Rental-Bike Tour-Guided Tour-Private-Walking Tour,1,38,310,https://fareharbor.com/embeds/calendar/toonietours-vancouver/items/531519/?asn=fhdn&asn-ref=alloutdooradventures&ref=alloutdooradventures&bookable-only=yes&full-items=yes&marketplace=yes&flow=no,"<script src=""https://fareharbor.com/embeds/script/calendar/toonietours-vancouver/items/531519/?asn=fhdn&asn-ref=alloutdooradventures&ref=alloutdooradventures&bookable-only=yes&full-items=yes&marketplace=yes&flow=no""></script>",https://fareharbor.com/embeds/book/toonietours-vancouver/items/531519/?asn=fhdn&asn-ref=alloutdooradventures&ref=alloutdooradventures&bookable-only=yes&full-items=yes&marketplace=yes&flow=no,https://cdn.filestackcontent.com/dzML5RW5SOKrksw8PQ9U
Experience Yellowstone Tours,experienceyellowstonetours,montananews@journalist.com,406-702-0439,United States/Wyoming/Cody,,,537537,Yellowstone Scenic Wildlife Tour,Wildlife,1,38,0,https://fareharbor.com/embeds/calendar/experienceyellowstonetours/items/537537/?asn=fhdn&asn-ref=alloutdooradventures&ref=alloutdooradventures&bookable-only=yes&full-items=yes&marketplace=yes&flow=no,"<script src=""https://fareharbor.com/embeds/script/calendar/experienceyellowstonetours/items/537537/?asn=fhdn&asn-ref=alloutdooradventures&ref=alloutdooradventures&bookable-only=yes&full-items=yes&marketplace=yes&flow=no""></script>",https://fareharbor.com/embeds/book/experienceyellowstonetours/items/537537/?asn=fhdn&asn-ref=alloutdooradventures&ref=alloutdooradventures&bookable-only=yes&full-items=yes&marketplace=yes&flow=no,https://cdn.filestackcontent.com/ZbWmNP9eQ1mpfHTAfeCG
Customized Tours,toursofseattle,info@toursofseattle.com,206-878-3965,United States/Washington/Seattle,-122.348283,47.621447,541897,Skagit Valley Tulip Festival Day Trip,Attraction-Bus Tour-City Tour-Eco Tour-Environmental Attraction-Farm-Guided Tour-History Tour-Other-Photography Tour-Self-Guided Tour-Service-Shuttle-Sightseeing Tour-Transportation-Walking Tour,1,38,4,https://fareharbor.com/embeds/calendar/toursofseattle/items/541897/?asn=fhdn&asn-ref=alloutdooradventures&ref=alloutdooradventures&bookable-only=yes&full-items=yes&marketplace=yes&flow=no,"<script src=""https://fareharbor.com/embeds/script/calendar/toursofseattle/items/541897/?asn=fhdn&asn-ref=alloutdooradventures&ref=alloutdooradventures&bookable-only=yes&full-items=yes&marketplace=yes&flow=no""></script>",https://fareharbor.com/embeds/book/toursofseattle/items/541897/?asn=fhdn&asn-ref=alloutdooradventures&ref=alloutdooradventures&bookable-only=yes&full-items=yes&marketplace=yes&flow=no,https://cdn.filestackcontent.com/tKAyTbTTQoyMDYpEDQpO
Customized Tours,toursofseattle,info@toursofseattle.com,206-878-3965,United States/Washington/Graham,-122.341704,46.985711,541898,Faithful Hands' Farm Tour,Attraction-Eco Tour-Farm-Guided Tour-History Tour-Lesson-Other-Photography Tour-Self-Guided Tour-Walking Tour-Workshop,1,38,96,https://fareharbor.com/embeds/calendar/toursofseattle/items/541898/?asn=fhdn&asn-ref=alloutdooradventures&ref=alloutdooradventures&bookable-only=yes&full-items=yes&marketplace=yes&flow=no,"<script src=""https://fareharbor.com/embeds/script/calendar/toursofseattle/items/541898/?asn=fhdn&asn-ref=alloutdooradventures&ref=alloutdooradventures&bookable-only=yes&full-items=yes&marketplace=yes&flow=no""></script>",https://fareharbor.com/embeds/book/toursofseattle/items/541898/?asn=fhdn&asn-ref=alloutdooradventures&ref=alloutdooradventures&bookable-only=yes&full-items=yes&marketplace=yes&flow=no,https://cdn.filestackcontent.com/kUc9TT4hQkmlVXZjPCxT
Ensure Hive Future,ensurehivefuture,Info@EnsureHiveFuture.org,604-764-5665,Canada/British Columbia/Whistler,,,562255,Whistler Beekeeping Experience,Wildlife,1,38,0,https://fareharbor.com/embeds/calendar/ensurehivefuture/items/562255/?asn=fhdn-cad&asn-ref=alloutdooradventures&ref=alloutdooradventures&bookable-only=yes&full-items=yes&marketplace=yes&flow=no,"<script src=""https://fareharbor.com/embeds/script/calendar/ensurehivefuture/items/562255/?asn=fhdn-cad&asn-ref=alloutdooradventures&ref=alloutdooradventures&bookable-only=yes&full-items=yes&marketplace=yes&flow=no""></script>",https://fareharbor.com/embeds/book/ensurehivefuture/items/562255/?asn=fhdn-cad&asn-ref=alloutdooradventures&ref=alloutdooradventures&bookable-only=yes&full-items=yes&marketplace=yes&flow=no,https://cdn.filestackcontent.com/ryQ6N8jWTNCBJJwn8Rnk
"White Barn Inn, Auberge Resorts Collection",aubergeresorts,wbi.concierge@aubergeresorts.com,(833) 242-8847,United States/Maine/Kennebunk,,,563505,Nature Walk,Hiking,1,38,0,https://fareharbor.com/embeds/calendar/aubergeresorts/items/563505/?asn=fhdn&asn-ref=alloutdooradventures&ref=alloutdooradventures&bookable-only=yes&full-items=yes&marketplace=yes&flow=no,"<script src=""https://fareharbor.com/embeds/script/calendar/aubergeresorts/items/563505/?asn=fhdn&asn-ref=alloutdooradventures&ref=alloutdooradventures&bookable-only=yes&full-items=yes&marketplace=yes&flow=no""></script>",https://fareharbor.com/embeds/book/aubergeresorts/items/563505/?asn=fhdn&asn-ref=alloutdooradventures&ref=alloutdooradventures&bookable-only=yes&full-items=yes&marketplace=yes&flow=no,https://cdn.filestackcontent.com/QXKi24iSH2jDCCVaWBXQ
VIBE,vibebackcountry,info@vibebackcountry.com,604 901 2579,Canada/British Columbia/Comox-Strathcona C,,,603478,Rock Essentials: 2 Day Introduction Course,Climbing,1,38,0,https://fareharbor.com/embeds/calendar/vibebackcountry/items/603478/?asn=fhdn-cad&asn-ref=alloutdooradventures&ref=alloutdooradventures&bookable-only=yes&full-items=yes&marketplace=yes&flow=no,"<script src=""https://fareharbor.com/embeds/script/calendar/vibebackcountry/items/603478/?asn=fhdn-cad&asn-ref=alloutdooradventures&ref=alloutdooradventures&bookable-only=yes&full-items=yes&marketplace=yes&flow=no""></script>",https://fareharbor.com/embeds/book/vibebackcountry/items/603478/?asn=fhdn-cad&asn-ref=alloutdooradventures&ref=alloutdooradventures&bookable-only=yes&full-items=yes&marketplace=yes&flow=no,https://cdn.filestackcontent.com/r5hUs8xTuF0p4uqFn2QS
VIBE,vibebackcountry,info@vibebackcountry.com,604 901 2579,Canada/British Columbia/Powell River,-124.524706,49.835235,603503,Eldred Valley - Guided Climbing Adventure,Climbing,1,38,0,https://fareharbor.com/embeds/calendar/vibebackcountry/items/603503/?asn=fhdn-cad&asn-ref=alloutdooradventures&ref=alloutdooradventures&bookable-only=yes&full-items=yes&marketplace=yes&flow=no,"<script src=""https://fareharbor.com/embeds/script/calendar/vibebackcountry/items/603503/?asn=fhdn-cad&asn-ref=alloutdooradventures&ref=alloutdooradventures&bookable-only=yes&full-items=yes&marketplace=yes&flow=no""></script>",https://fareharbor.com/embeds/book/vibebackcountry/items/603503/?asn=fhdn-cad&asn-ref=alloutdooradventures&ref=alloutdooradventures&bookable-only=yes&full-items=yes&marketplace=yes&flow=no,https://cdn.filestackcontent.com/vTsDI1ubTmy5pe7Ao1OB
VIBE,vibebackcountry,info@vibebackcountry.com,604 901 2579,Canada/British Columbia/Sayward,-125.960212,50.383718,603505,Climb Nomash Slab - The North Island Massive Multi-Pitch Granite Slab,Climbing,1,38,0,https://fareharbor.com/embeds/calendar/vibebackcountry/items/603505/?asn=fhdn-cad&asn-ref=alloutdooradventures&ref=alloutdooradventures&bookable-only=yes&full-items=yes&marketplace=yes&flow=no,"<script src=""https://fareharbor.com/embeds/script/calendar/vibebackcountry/items/603505/?asn=fhdn-cad&asn-ref=alloutdooradventures&ref=alloutdooradventures&bookable-only=yes&full-items=yes&marketplace=yes&flow=no""></script>",https://fareharbor.com/embeds/book/vibebackcountry/items/603505/?asn=fhdn-cad&asn-ref=alloutdooradventures&ref=alloutdooradventures&bookable-only=yes&full-items=yes&marketplace=yes&flow=no,https://cdn.filestackcontent.com/jG3gjFLoQ828IttoK5rP
VIBE,vibebackcountry,info@vibebackcountry.com,604 901 2579,Canada/British Columbia/Port Alberni,-124.805549,49.233888,603509,"Climb Redwall - The North Face in the Mackenzie Range, Vancouver Island Top 50",Climbing,1,38,0,https://fareharbor.com/embeds/calendar/vibebackcountry/items/603509/?asn=fhdn-cad&asn-ref=alloutdooradventures&ref=alloutdooradventures&bookable-only=yes&full-items=yes&marketplace=yes&flow=no,"<script src=""https://fareharbor.com/embeds/script/calendar/vibebackcountry/items/603509/?asn=fhdn-cad&asn-ref=alloutdooradventures&ref=alloutdooradventures&bookable-only=yes&full-items=yes&marketplace=yes&flow=no""></script>",https://fareharbor.com/embeds/book/vibebackcountry/items/603509/?asn=fhdn-cad&asn-ref=alloutdooradventures&ref=alloutdooradventures&bookable-only=yes&full-items=yes&marketplace=yes&flow=no,https://cdn.filestackcontent.com/QZoGZEnFR1aub6VFA70b
VIBE,vibebackcountry,info@vibebackcountry.com,604 901 2579,Canada/British Columbia/Sayward,-125.960212,50.383718,603512,Thunderbird (22 Pitches) - Climb Mt. Rugged in the Haihte Range,Climbing,1,38,0,https://fareharbor.com/embeds/calendar/vibebackcountry/items/603512/?asn=fhdn-cad&asn-ref=alloutdooradventures&ref=alloutdooradventures&bookable-only=yes&full-items=yes&marketplace=yes&flow=no,"<script src=""https://fareharbor.com/embeds/script/calendar/vibebackcountry/items/603512/?asn=fhdn-cad&asn-ref=alloutdooradventures&ref=alloutdooradventures&bookable-only=yes&full-items=yes&marketplace=yes&flow=no""></script>",https://fareharbor.com/embeds/book/vibebackcountry/items/603512/?asn=fhdn-cad&asn-ref=alloutdooradventures&ref=alloutdooradventures&bookable-only=yes&full-items=yes&marketplace=yes&flow=no,https://cdn.filestackcontent.com/IlRdngbSTOu56OC9NUDt
VIBE,vibebackcountry,info@vibebackcountry.com,604 901 2579,Canada/British Columbia,-124.594444,49.223611,603513,"Time Machine, Mount Arrowsmith",Climbing,1,38,0,https://fareharbor.com/embeds/calendar/vibebackcountry/items/603513/?asn=fhdn-cad&asn-ref=alloutdooradventures&ref=alloutdooradventures&bookable-only=yes&full-items=yes&marketplace=yes&flow=no,"<script src=""https://fareharbor.com/embeds/script/calendar/vibebackcountry/items/603513/?asn=fhdn-cad&asn-ref=alloutdooradventures&ref=alloutdooradventures&bookable-only=yes&full-items=yes&marketplace=yes&flow=no""></script>",https://fareharbor.com/embeds/book/vibebackcountry/items/603513/?asn=fhdn-cad&asn-ref=alloutdooradventures&ref=alloutdooradventures&bookable-only=yes&full-items=yes&marketplace=yes&flow=no,https://cdn.filestackcontent.com/ZHQNioRXTuS1XcRQ60Yb
Into the Wild Tours,intothewildtours,info@intothewildtours.ca,403-493-9103,Canada/Alberta/Banff,-115.32687,51.057982,605230,Moraine Lake Sunrise,Guided Tour-Self-Guided Tour-Sightseeing Tour,1,38,75,https://fareharbor.com/embeds/calendar/intothewildtours/items/605230/?asn=fhdn-cad&asn-ref=alloutdooradventures&ref=alloutdooradventures&bookable-only=yes&full-items=yes&marketplace=yes&flow=no,"<script src=""https://fareharbor.com/embeds/script/calendar/intothewildtours/items/605230/?asn=fhdn-cad&asn-ref=alloutdooradventures&ref=alloutdooradventures&bookable-only=yes&full-items=yes&marketplace=yes&flow=no""></script>",https://fareharbor.com/embeds/book/intothewildtours/items/605230/?asn=fhdn-cad&asn-ref=alloutdooradventures&ref=alloutdooradventures&bookable-only=yes&full-items=yes&marketplace=yes&flow=no,https://cdn.filestackcontent.com/oeBLS5RrqP4rLYLdrBwm
Rangeley Adventure Co,rangeleyadventureco,rangeleyadventureco@gmail.com,12078642771,United States/Maine/Rangeley,,,612555,Canoe Rentals,Canoe,1,38,0,https://fareharbor.com/embeds/calendar/rangeleyadventureco/items/612555/?asn=fhdn&asn-ref=alloutdooradventures&ref=alloutdooradventures&bookable-only=yes&full-items=yes&marketplace=yes&flow=no,"<script src=""https://fareharbor.com/embeds/script/calendar/rangeleyadventureco/items/612555/?asn=fhdn&asn-ref=alloutdooradventures&ref=alloutdooradventures&bookable-only=yes&full-items=yes&marketplace=yes&flow=no""></script>",https://fareharbor.com/embeds/book/rangeleyadventureco/items/612555/?asn=fhdn&asn-ref=alloutdooradventures&ref=alloutdooradventures&bookable-only=yes&full-items=yes&marketplace=yes&flow=no,https://cdn.filestackcontent.com/JIvhLot2TEuST0eJqoHs
Deer Haven Park LLC,deerhavenpark,info@deerhavenpark.org,833-378-6877,United States/New York/Romulus,,,634690,Birdwatching at Deer Haven Park,Wildlife,6,38,0,https://fareharbor.com/embeds/calendar/deerhavenpark/items/634690/?asn=fhdn&asn-ref=alloutdooradventures&ref=alloutdooradventures&bookable-only=yes&full-items=yes&marketplace=yes&flow=no,"<script src=""https://fareharbor.com/embeds/script/calendar/deerhavenpark/items/634690/?asn=fhdn&asn-ref=alloutdooradventures&ref=alloutdooradventures&bookable-only=yes&full-items=yes&marketplace=yes&flow=no""></script>",https://fareharbor.com/embeds/book/deerhavenpark/items/634690/?asn=fhdn&asn-ref=alloutdooradventures&ref=alloutdooradventures&bookable-only=yes&full-items=yes&marketplace=yes&flow=no,https://cdn.filestackcontent.com/K4c8XiXKS2227a4VMwTU
Elgin County Railway Museum,ecrm,operations@ecrm.ca,(519)637-6284,Canada/Ontario/St. Thomas,,,544294,Morning Tour,Bike Tour-E-Bike-Scooter,3,37,0,https://fareharbor.com/embeds/calendar/ecrm/items/544294/?asn=fhdn-cad&asn-ref=alloutdooradventures&ref=alloutdooradventures&bookable-only=yes&full-items=yes&marketplace=yes&flow=no,"<script src=""https://fareharbor.com/embeds/script/calendar/ecrm/items/544294/?asn=fhdn-cad&asn-ref=alloutdooradventures&ref=alloutdooradventures&bookable-only=yes&full-items=yes&marketplace=yes&flow=no""></script>",https://fareharbor.com/embeds/book/ecrm/items/544294/?asn=fhdn-cad&asn-ref=alloutdooradventures&ref=alloutdooradventures&bookable-only=yes&full-items=yes&marketplace=yes&flow=no,https://cdn.filestackcontent.com/Z2D4LsEWQduEc9HE2vp0
Elgin County Railway Museum,ecrm,operations@ecrm.ca,(519)637-6284,Canada/Ontario/St. Thomas,,,544296,Afternoon Tour,Bike Rental-Bike Tour-Scooter,3,37,0,https://fareharbor.com/embeds/calendar/ecrm/items/544296/?asn=fhdn-cad&asn-ref=alloutdooradventures&ref=alloutdooradventures&bookable-only=yes&full-items=yes&marketplace=yes&flow=no,"<script src=""https://fareharbor.com/embeds/script/calendar/ecrm/items/544296/?asn=fhdn-cad&asn-ref=alloutdooradventures&ref=alloutdooradventures&bookable-only=yes&full-items=yes&marketplace=yes&flow=no""></script>",https://fareharbor.com/embeds/book/ecrm/items/544296/?asn=fhdn-cad&asn-ref=alloutdooradventures&ref=alloutdooradventures&bookable-only=yes&full-items=yes&marketplace=yes&flow=no,https://cdn.filestackcontent.com/WDgA2EZjQ36CQ8sL96IE
Copper Sun Journeys,coppersunjourneys,info@coppersungallery.ca,(250) 267-6430,Canada/British Columbia/Bella Coola,,,637935,Bear Viewing,Rafting-Wildlife,1,37,0,https://fareharbor.com/embeds/calendar/coppersunjourneys/items/637935/?asn=fhdn-cad&asn-ref=alloutdooradventures&ref=alloutdooradventures&bookable-only=yes&full-items=yes&marketplace=yes&flow=no,"<script src=""https://fareharbor.com/embeds/script/calendar/coppersunjourneys/items/637935/?asn=fhdn-cad&asn-ref=alloutdooradventures&ref=alloutdooradventures&bookable-only=yes&full-items=yes&marketplace=yes&flow=no""></script>",https://fareharbor.com/embeds/book/coppersunjourneys/items/637935/?asn=fhdn-cad&asn-ref=alloutdooradventures&ref=alloutdooradventures&bookable-only=yes&full-items=yes&marketplace=yes&flow=no,https://cdn.filestackcontent.com/6gr21IHMRP2iqUfAXK75
RiDetroit,ridetroit,RIDETROIT1701@gmail.com,313.737.7881,United States/Michigan/Detroit,-83.047571,42.332048,661384,Murals in the Market - eBike Tour,Bike Tour,1,37,0,https://fareharbor.com/embeds/calendar/ridetroit/items/661384/?asn=fhdn&asn-ref=alloutdooradventures&ref=alloutdooradventures&bookable-only=yes&full-items=yes&marketplace=yes&flow=no,"<script src=""https://fareharbor.com/embeds/script/calendar/ridetroit/items/661384/?asn=fhdn&asn-ref=alloutdooradventures&ref=alloutdooradventures&bookable-only=yes&full-items=yes&marketplace=yes&flow=no""></script>",https://fareharbor.com/embeds/book/ridetroit/items/661384/?asn=fhdn&asn-ref=alloutdooradventures&ref=alloutdooradventures&bookable-only=yes&full-items=yes&marketplace=yes&flow=no,https://cdn.filestackcontent.com/rWz72PjHQzOT1uU5rzLk
RiDetroit,ridetroit,RIDETROIT1701@gmail.com,313.737.7881,United States/Michigan/Detroit,-83.047571,42.332048,661390,Outdoor Art & Sculpture Park - eBike Tour,Bike Tour,1,37,0,https://fareharbor.com/embeds/calendar/ridetroit/items/661390/?asn=fhdn&asn-ref=alloutdooradventures&ref=alloutdooradventures&bookable-only=yes&full-items=yes&marketplace=yes&flow=no,"<script src=""https://fareharbor.com/embeds/script/calendar/ridetroit/items/661390/?asn=fhdn&asn-ref=alloutdooradventures&ref=alloutdooradventures&bookable-only=yes&full-items=yes&marketplace=yes&flow=no""></script>",https://fareharbor.com/embeds/book/ridetroit/items/661390/?asn=fhdn&asn-ref=alloutdooradventures&ref=alloutdooradventures&bookable-only=yes&full-items=yes&marketplace=yes&flow=no,https://cdn.filestackcontent.com/58432C3dRyeBxBUKBqBo
RiDetroit,ridetroit,RIDETROIT1701@gmail.com,313.737.7881,United States/Michigan/Detroit,-83.047571,42.332048,661388,Detroit Development - eBike Tour,Bike Tour,1,36,0,https://fareharbor.com/embeds/calendar/ridetroit/items/661388/?asn=fhdn&asn-ref=alloutdooradventures&ref=alloutdooradventures&bookable-only=yes&full-items=yes&marketplace=yes&flow=no,"<script src=""https://fareharbor.com/embeds/script/calendar/ridetroit/items/661388/?asn=fhdn&asn-ref=alloutdooradventures&ref=alloutdooradventures&bookable-only=yes&full-items=yes&marketplace=yes&flow=no""></script>",https://fareharbor.com/embeds/book/ridetroit/items/661388/?asn=fhdn&asn-ref=alloutdooradventures&ref=alloutdooradventures&bookable-only=yes&full-items=yes&marketplace=yes&flow=no,https://cdn.filestackcontent.com/wGzB569gT2esFk4qTjjX
RiDetroit,ridetroit,RIDETROIT1701@gmail.com,313.737.7881,United States/Michigan/Detroit,-83.047571,42.332048,661392,Jason’s Pizza Tour - eBike Tour,Bike Tour,1,36,0,https://fareharbor.com/embeds/calendar/ridetroit/items/661392/?asn=fhdn&asn-ref=alloutdooradventures&ref=alloutdooradventures&bookable-only=yes&full-items=yes&marketplace=yes&flow=no,"<script src=""https://fareharbor.com/embeds/script/calendar/ridetroit/items/661392/?asn=fhdn&asn-ref=alloutdooradventures&ref=alloutdooradventures&bookable-only=yes&full-items=yes&marketplace=yes&flow=no""></script>",https://fareharbor.com/embeds/book/ridetroit/items/661392/?asn=fhdn&asn-ref=alloutdooradventures&ref=alloutdooradventures&bookable-only=yes&full-items=yes&marketplace=yes&flow=no,https://cdn.filestackcontent.com/JNqQLfgwRMK1RXxw6f3z
Paddlewheeler Riverboat Tours,vancouverpaddlewheeler,info@vancouverpaddlewheeler.com,+1 604 525 4465,Canada/British Columbia/New Westminster,,,178039,Canada Day Fireworks - Dinner Cruise,Bike Tour-Boat Tour-Catamaran-Dinner Boat,0,35,0,https://fareharbor.com/embeds/calendar/vancouverpaddlewheeler/items/178039/?asn=fhdn-cad&asn-ref=alloutdooradventures&ref=alloutdooradventures&bookable-only=yes&full-items=yes&marketplace=yes&flow=no,"<script src=""https://fareharbor.com/embeds/script/calendar/vancouverpaddlewheeler/items/178039/?asn=fhdn-cad&asn-ref=alloutdooradventures&ref=alloutdooradventures&bookable-only=yes&full-items=yes&marketplace=yes&flow=no""></script>",https://fareharbor.com/embeds/book/vancouverpaddlewheeler/items/178039/?asn=fhdn-cad&asn-ref=alloutdooradventures&ref=alloutdooradventures&bookable-only=yes&full-items=yes&marketplace=yes&flow=no,
Experience Finger Lakes,experiencefingerlakes,info@experiencefingerlakes.com,(607) 233-4818,United States/New York/Lansing,,,314765,Ithaca is Gorges and Waterfalls: Downtown Ithaca Biking Tour,Bike Rental-Bike Tour-City Tour-Events-History Tour-Private-Transportation,0,35,0,https://fareharbor.com/embeds/calendar/experiencefingerlakes/items/314765/?asn=fhdn&asn-ref=alloutdooradventures&ref=alloutdooradventures&bookable-only=yes&full-items=yes&marketplace=yes&flow=no,"<script src=""https://fareharbor.com/embeds/script/calendar/experiencefingerlakes/items/314765/?asn=fhdn&asn-ref=alloutdooradventures&ref=alloutdooradventures&bookable-only=yes&full-items=yes&marketplace=yes&flow=no""></script>",https://fareharbor.com/embeds/book/experiencefingerlakes/items/314765/?asn=fhdn&asn-ref=alloutdooradventures&ref=alloutdooradventures&bookable-only=yes&full-items=yes&marketplace=yes&flow=no,https://cdn.filestackcontent.com/ofPRW8ioQIGVzQlFrKFy
Tales on Trails,talesontrails,info@islandtrailsecotours.com,514-797-6405,Canada/British Columbia/Victoria,,,479939,Wild West Coast Cruise and Camping Adventure,Hiking,8,35,0,https://fareharbor.com/embeds/calendar/talesontrails/items/479939/?asn=fhdn-cad&asn-ref=alloutdooradventures&ref=alloutdooradventures&bookable-only=yes&full-items=yes&marketplace=yes&flow=no,"<script src=""https://fareharbor.com/embeds/script/calendar/talesontrails/items/479939/?asn=fhdn-cad&asn-ref=alloutdooradventures&ref=alloutdooradventures&bookable-only=yes&full-items=yes&marketplace=yes&flow=no""></script>",https://fareharbor.com/embeds/book/talesontrails/items/479939/?asn=fhdn-cad&asn-ref=alloutdooradventures&ref=alloutdooradventures&bookable-only=yes&full-items=yes&marketplace=yes&flow=no,https://cdn.filestackcontent.com/kIzV4xWSZCzs2ji4jJcx
Into the Wild Tours,intothewildtours,info@intothewildtours.ca,403-493-9103,Canada/Alberta/Banff,-115.32687,51.057982,528117,Moraine Lake Sunrise and Lake Louise,Guided Tour-Sightseeing Tour-Transportation,1,35,75,https://fareharbor.com/embeds/calendar/intothewildtours/items/528117/?asn=fhdn-cad&asn-ref=alloutdooradventures&ref=alloutdooradventures&bookable-only=yes&full-items=yes&marketplace=yes&flow=no,"<script src=""https://fareharbor.com/embeds/script/calendar/intothewildtours/items/528117/?asn=fhdn-cad&asn-ref=alloutdooradventures&ref=alloutdooradventures&bookable-only=yes&full-items=yes&marketplace=yes&flow=no""></script>",https://fareharbor.com/embeds/book/intothewildtours/items/528117/?asn=fhdn-cad&asn-ref=alloutdooradventures&ref=alloutdooradventures&bookable-only=yes&full-items=yes&marketplace=yes&flow=no,https://cdn.filestackcontent.com/yMu2vNxdQyPN15h32Vi5
Tales on Trails,talesontrails,info@islandtrailsecotours.com,514-797-6405,Canada/British Columbia/Victoria,,,528694,Discounted Mid Island Tours,Hiking,9,35,0,https://fareharbor.com/embeds/calendar/talesontrails/items/528694/?asn=fhdn-cad&asn-ref=alloutdooradventures&ref=alloutdooradventures&bookable-only=yes&full-items=yes&marketplace=yes&flow=no,"<script src=""https://fareharbor.com/embeds/script/calendar/talesontrails/items/528694/?asn=fhdn-cad&asn-ref=alloutdooradventures&ref=alloutdooradventures&bookable-only=yes&full-items=yes&marketplace=yes&flow=no""></script>",https://fareharbor.com/embeds/book/talesontrails/items/528694/?asn=fhdn-cad&asn-ref=alloutdooradventures&ref=alloutdooradventures&bookable-only=yes&full-items=yes&marketplace=yes&flow=no,https://cdn.filestackcontent.com/DuQEEPlnQRagfkEfKoW5
Destination Shearwater,destinationshearwater,tourism@shearwater.ca,1-250- 957-8661,Canada/British Columbia/Denny Island,,,564759,Four Day Eco Tour,Eco Tour,6,35,0,https://fareharbor.com/embeds/calendar/destinationshearwater/items/564759/?asn=fhdn-cad&asn-ref=alloutdooradventures&ref=alloutdooradventures&bookable-only=yes&full-items=yes&marketplace=yes&flow=no,"<script src=""https://fareharbor.com/embeds/script/calendar/destinationshearwater/items/564759/?asn=fhdn-cad&asn-ref=alloutdooradventures&ref=alloutdooradventures&bookable-only=yes&full-items=yes&marketplace=yes&flow=no""></script>",https://fareharbor.com/embeds/book/destinationshearwater/items/564759/?asn=fhdn-cad&asn-ref=alloutdooradventures&ref=alloutdooradventures&bookable-only=yes&full-items=yes&marketplace=yes&flow=no,https://cdn.filestackcontent.com/6lCkGhlMQWmoaUApfXza
Destination Shearwater,destinationshearwater,tourism@shearwater.ca,1-250- 957-8661,Canada/British Columbia/Denny Island,,,564760,Five Day Eco Tour,Eco Tour,6,35,0,https://fareharbor.com/embeds/calendar/destinationshearwater/items/564760/?asn=fhdn-cad&asn-ref=alloutdooradventures&ref=alloutdooradventures&bookable-only=yes&full-items=yes&marketplace=yes&flow=no,"<script src=""https://fareharbor.com/embeds/script/calendar/destinationshearwater/items/564760/?asn=fhdn-cad&asn-ref=alloutdooradventures&ref=alloutdooradventures&bookable-only=yes&full-items=yes&marketplace=yes&flow=no""></script>",https://fareharbor.com/embeds/book/destinationshearwater/items/564760/?asn=fhdn-cad&asn-ref=alloutdooradventures&ref=alloutdooradventures&bookable-only=yes&full-items=yes&marketplace=yes&flow=no,https://cdn.filestackcontent.com/hNTKgXTQauHzE3VqdDP3
Robson Helimagic,robsonhelimagic,info@robsonhelimagic.com,1(877) 454-4700,Canada/British Columbia/Fraser-Fort George H,-119.124766,53.019691,625255,Robson Dropoff,Air Tour-Climbing-Environmental Attraction-Hiking,1,35,78,https://fareharbor.com/embeds/calendar/robsonhelimagic/items/625255/?asn=fhdn-cad&asn-ref=alloutdooradventures&ref=alloutdooradventures&bookable-only=yes&full-items=yes&marketplace=yes&flow=no,"<script src=""https://fareharbor.com/embeds/script/calendar/robsonhelimagic/items/625255/?asn=fhdn-cad&asn-ref=alloutdooradventures&ref=alloutdooradventures&bookable-only=yes&full-items=yes&marketplace=yes&flow=no""></script>",https://fareharbor.com/embeds/book/robsonhelimagic/items/625255/?asn=fhdn-cad&asn-ref=alloutdooradventures&ref=alloutdooradventures&bookable-only=yes&full-items=yes&marketplace=yes&flow=no,https://cdn.filestackcontent.com/JdU536LLTkWYxsqXa2tZ
Outdoor Escapes,outdoorescapesnh,naturenut@outdoorescapesnewhampshire.com,603-528-0136,United States/New Hampshire/Freedom,,,245623,7-Day Great North Woods Inn-to-Inn Paddle Tour,Canoe-History Tour-Kayak-Rentals-Shuttle,7,34,0,https://fareharbor.com/embeds/calendar/outdoorescapesnh/items/245623/?asn=fhdn&asn-ref=alloutdooradventures&ref=alloutdooradventures&bookable-only=yes&full-items=yes&marketplace=yes&flow=no,"<script src=""https://fareharbor.com/embeds/script/calendar/outdoorescapesnh/items/245623/?asn=fhdn&asn-ref=alloutdooradventures&ref=alloutdooradventures&bookable-only=yes&full-items=yes&marketplace=yes&flow=no""></script>",https://fareharbor.com/embeds/book/outdoorescapesnh/items/245623/?asn=fhdn&asn-ref=alloutdooradventures&ref=alloutdooradventures&bookable-only=yes&full-items=yes&marketplace=yes&flow=no,https://cdn.filestackcontent.com/S3uw02HDTESgbOLReeVa
Milwaukee E-Bikes,milwaukeeebike,milwaukeeebike@gmail.com,1 (414) 326-4566,United States/Wisconsin/Milwaukee,,,360411,E-Bike City Skyline Tour,Bike Tour-E-Bike,1,34,274,https://fareharbor.com/embeds/calendar/milwaukeeebike/items/360411/?asn=fhdn&asn-ref=alloutdooradventures&ref=alloutdooradventures&bookable-only=yes&full-items=yes&marketplace=yes&flow=no,"<script src=""https://fareharbor.com/embeds/script/calendar/milwaukeeebike/items/360411/?asn=fhdn&asn-ref=alloutdooradventures&ref=alloutdooradventures&bookable-only=yes&full-items=yes&marketplace=yes&flow=no""></script>",https://fareharbor.com/embeds/book/milwaukeeebike/items/360411/?asn=fhdn&asn-ref=alloutdooradventures&ref=alloutdooradventures&bookable-only=yes&full-items=yes&marketplace=yes&flow=no,https://cdn.filestackcontent.com/pFiI8T1NRT6XeFdB2Sc2
Milwaukee E-Bikes,milwaukeeebike,milwaukeeebike@gmail.com,1 (414) 326-4566,United States/Wisconsin/Milwaukee,,,360414,E-Bike Full Day Rental,Bike Tour-Brewery-E-Bike,1,34,822,https://fareharbor.com/embeds/calendar/milwaukeeebike/items/360414/?asn=fhdn&asn-ref=alloutdooradventures&ref=alloutdooradventures&bookable-only=yes&full-items=yes&marketplace=yes&flow=no,"<script src=""https://fareharbor.com/embeds/script/calendar/milwaukeeebike/items/360414/?asn=fhdn&asn-ref=alloutdooradventures&ref=alloutdooradventures&bookable-only=yes&full-items=yes&marketplace=yes&flow=no""></script>",https://fareharbor.com/embeds/book/milwaukeeebike/items/360414/?asn=fhdn&asn-ref=alloutdooradventures&ref=alloutdooradventures&bookable-only=yes&full-items=yes&marketplace=yes&flow=no,https://cdn.filestackcontent.com/OOAB8ouRTKCV7aO6MxLq
"Bellingham Beach, LLC",bellinghambeach,sales@pacificnorthsports.com,360 794 1688,United States/Washington/Bellingham,,,550468,Canoe Lesson,Canoe,1,34,0,https://fareharbor.com/embeds/calendar/bellinghambeach/items/550468/?asn=fhdn&asn-ref=alloutdooradventures&ref=alloutdooradventures&bookable-only=yes&full-items=yes&marketplace=yes&flow=no,"<script src=""https://fareharbor.com/embeds/script/calendar/bellinghambeach/items/550468/?asn=fhdn&asn-ref=alloutdooradventures&ref=alloutdooradventures&bookable-only=yes&full-items=yes&marketplace=yes&flow=no""></script>",https://fareharbor.com/embeds/book/bellinghambeach/items/550468/?asn=fhdn&asn-ref=alloutdooradventures&ref=alloutdooradventures&bookable-only=yes&full-items=yes&marketplace=yes&flow=no,https://cdn.filestackcontent.com/cHajIuDXRBWAJaVUTn5B
First Nature Tours,firstnaturetours-or,info@firstnaturetours.com,(503) 395-7933,United States/Oregon/Portland,-122.782728,45.511786,623134,Private Banks-Vernonia Pedal & Pour Excursion,Bike Tour,1,34,0,https://fareharbor.com/embeds/calendar/firstnaturetours-or/items/623134/?asn=fhdn&asn-ref=alloutdooradventures&ref=alloutdooradventures&bookable-only=yes&full-items=yes&marketplace=yes&flow=no,"<script src=""https://fareharbor.com/embeds/script/calendar/firstnaturetours-or/items/623134/?asn=fhdn&asn-ref=alloutdooradventures&ref=alloutdooradventures&bookable-only=yes&full-items=yes&marketplace=yes&flow=no""></script>",https://fareharbor.com/embeds/book/firstnaturetours-or/items/623134/?asn=fhdn&asn-ref=alloutdooradventures&ref=alloutdooradventures&bookable-only=yes&full-items=yes&marketplace=yes&flow=no,https://cdn.filestackcontent.com/kjFN9shJT1q3BuVJPJhQ
Take Adventures Everyday,takeadventureseveryday,tom@takeadventureseveryday.com,6072016694,United States/New York/Port Crane,,,644781,Chenango Valley State Park Hike,Hiking-Walking Tour,1,34,0,https://fareharbor.com/embeds/calendar/takeadventureseveryday/items/644781/?asn=fhdn&asn-ref=alloutdooradventures&ref=alloutdooradventures&bookable-only=yes&full-items=yes&marketplace=yes&flow=no,"<script src=""https://fareharbor.com/embeds/script/calendar/takeadventureseveryday/items/644781/?asn=fhdn&asn-ref=alloutdooradventures&ref=alloutdooradventures&bookable-only=yes&full-items=yes&marketplace=yes&flow=no""></script>",https://fareharbor.com/embeds/book/takeadventureseveryday/items/644781/?asn=fhdn&asn-ref=alloutdooradventures&ref=alloutdooradventures&bookable-only=yes&full-items=yes&marketplace=yes&flow=no,https://cdn.filestackcontent.com/kWeHXUOEQwGAN9F75lVK
Kaul Of The Wild Yellowstone Tours,kaulofthewildtours,book@kaulofthewildtours.com,406-577-6136,United States/Montana/Livingston,,,653425,Spring Photography Tours,Photography Tour,1,34,200,https://fareharbor.com/embeds/calendar/kaulofthewildtours/items/653425/?asn=fhdn&asn-ref=alloutdooradventures&ref=alloutdooradventures&bookable-only=yes&full-items=yes&marketplace=yes&flow=no,"<script src=""https://fareharbor.com/embeds/script/calendar/kaulofthewildtours/items/653425/?asn=fhdn&asn-ref=alloutdooradventures&ref=alloutdooradventures&bookable-only=yes&full-items=yes&marketplace=yes&flow=no""></script>",https://fareharbor.com/embeds/book/kaulofthewildtours/items/653425/?asn=fhdn&asn-ref=alloutdooradventures&ref=alloutdooradventures&bookable-only=yes&full-items=yes&marketplace=yes&flow=no,https://cdn.filestackcontent.com/eeD4zUF2QK2toxyTKXYU
Red Canyon Rafting Trips and Wild Mustang Tours,redcanyonraftingtrips,sunnydavidson1@gmail.com,307-587-6988,United States/Wyoming/Cody,,,548672,Cody Wyo-Wild Mustang Safari and Tours,Wildlife,1,33,0,https://fareharbor.com/embeds/calendar/redcanyonraftingtrips/items/548672/?asn=fhdn&asn-ref=alloutdooradventures&ref=alloutdooradventures&bookable-only=yes&full-items=yes&marketplace=yes&flow=no,"<script src=""https://fareharbor.com/embeds/script/calendar/redcanyonraftingtrips/items/548672/?asn=fhdn&asn-ref=alloutdooradventures&ref=alloutdooradventures&bookable-only=yes&full-items=yes&marketplace=yes&flow=no""></script>",https://fareharbor.com/embeds/book/redcanyonraftingtrips/items/548672/?asn=fhdn&asn-ref=alloutdooradventures&ref=alloutdooradventures&bookable-only=yes&full-items=yes&marketplace=yes&flow=no,https://cdn.filestackcontent.com/IIdyd3kQ26tqsmJ9Anuc
Reindeer Express LLC,reindeerexpress,reindeerexpressllc@yahoo.com,509-954–6035,United States/Washington/Reardan,,,578821,Reindeer Farm Experience,Wildlife,3,33,0,https://fareharbor.com/embeds/calendar/reindeerexpress/items/578821/?asn=fhdn&asn-ref=alloutdooradventures&ref=alloutdooradventures&bookable-only=yes&full-items=yes&marketplace=yes&flow=no,"<script src=""https://fareharbor.com/embeds/script/calendar/reindeerexpress/items/578821/?asn=fhdn&asn-ref=alloutdooradventures&ref=alloutdooradventures&bookable-only=yes&full-items=yes&marketplace=yes&flow=no""></script>",https://fareharbor.com/embeds/book/reindeerexpress/items/578821/?asn=fhdn&asn-ref=alloutdooradventures&ref=alloutdooradventures&bookable-only=yes&full-items=yes&marketplace=yes&flow=no,https://cdn.filestackcontent.com/bcGLqJOQFOb9lHS7IOUi
Kaul Of The Wild Yellowstone Tours,kaulofthewildtours,book@kaulofthewildtours.com,406-577-6136,United States/Montana/Livingston,,,653422,Spring Wildlife Tours,Wildlife,1,33,200,https://fareharbor.com/embeds/calendar/kaulofthewildtours/items/653422/?asn=fhdn&asn-ref=alloutdooradventures&ref=alloutdooradventures&bookable-only=yes&full-items=yes&marketplace=yes&flow=no,"<script src=""https://fareharbor.com/embeds/script/calendar/kaulofthewildtours/items/653422/?asn=fhdn&asn-ref=alloutdooradventures&ref=alloutdooradventures&bookable-only=yes&full-items=yes&marketplace=yes&flow=no""></script>",https://fareharbor.com/embeds/book/kaulofthewildtours/items/653422/?asn=fhdn&asn-ref=alloutdooradventures&ref=alloutdooradventures&bookable-only=yes&full-items=yes&marketplace=yes&flow=no,https://cdn.filestackcontent.com/aSpXuwvrSpGW9ZjlcKzN
Hard Water Sports,mnrafting,hardwatersports@gmail.com,651-302-1774,United States/Minnesota/Sandstone,,,661560,Climbing Instruction - Private Class,Climbing,1,33,0,https://fareharbor.com/embeds/calendar/mnrafting/items/661560/?asn=fhdn&asn-ref=alloutdooradventures&ref=alloutdooradventures&bookable-only=yes&full-items=yes&marketplace=yes&flow=no,"<script src=""https://fareharbor.com/embeds/script/calendar/mnrafting/items/661560/?asn=fhdn&asn-ref=alloutdooradventures&ref=alloutdooradventures&bookable-only=yes&full-items=yes&marketplace=yes&flow=no""></script>",https://fareharbor.com/embeds/book/mnrafting/items/661560/?asn=fhdn&asn-ref=alloutdooradventures&ref=alloutdooradventures&bookable-only=yes&full-items=yes&marketplace=yes&flow=no,https://cdn.filestackcontent.com/jj3oRW9WR6GxUooo1VJl
Action Rentals in Montana,actionrentalsmt,info@actionrentalsmt.com,+1 406 881 3510,United States/Montana/Whitefish,-114.335265,48.410637,190870,Polaris Switchback 650 (Single Rider),Climbing-Snowmobile-Winter Activities,2,32,0,https://fareharbor.com/embeds/calendar/actionrentalsmt/items/190870/?asn=fhdn&asn-ref=alloutdooradventures&ref=alloutdooradventures&bookable-only=yes&full-items=yes&marketplace=yes&flow=no,"<script src=""https://fareharbor.com/embeds/script/calendar/actionrentalsmt/items/190870/?asn=fhdn&asn-ref=alloutdooradventures&ref=alloutdooradventures&bookable-only=yes&full-items=yes&marketplace=yes&flow=no""></script>",https://fareharbor.com/embeds/book/actionrentalsmt/items/190870/?asn=fhdn&asn-ref=alloutdooradventures&ref=alloutdooradventures&bookable-only=yes&full-items=yes&marketplace=yes&flow=no,https://cdn.filestackcontent.com/zELasQbCS9KNXmxmZO5u
Alaska & Yukon Tours,alaskayukontours,info@bookayt.net,+1 907-531-9140,United States/Alaska/Seward,-149.439257,60.119803,455607,Kenai Fjords National Park Cruise - 7.5 hours,Boat Tour-Wildlife,2,32,0,https://fareharbor.com/embeds/calendar/alaskayukontours/items/455607/?asn=fhdn&asn-ref=alloutdooradventures&ref=alloutdooradventures&bookable-only=yes&full-items=yes&marketplace=yes&flow=no,"<script src=""https://fareharbor.com/embeds/script/calendar/alaskayukontours/items/455607/?asn=fhdn&asn-ref=alloutdooradventures&ref=alloutdooradventures&bookable-only=yes&full-items=yes&marketplace=yes&flow=no""></script>",https://fareharbor.com/embeds/book/alaskayukontours/items/455607/?asn=fhdn&asn-ref=alloutdooradventures&ref=alloutdooradventures&bookable-only=yes&full-items=yes&marketplace=yes&flow=no,https://cdn.filestackcontent.com/w2ZNiErzQxW8RvKHVknk
I Heart Bikes,iheartbikeshfx,info@iheartbikeshfx.com,(902) 406-7774,Canada/Nova Scotia/Halifax,,,123783,THULE 2 Seat Child Chariot,Bike Tour,2,31,0,https://fareharbor.com/embeds/calendar/iheartbikeshfx/items/123783/?asn=fhdn-cad&asn-ref=alloutdooradventures&ref=alloutdooradventures&bookable-only=yes&full-items=yes&marketplace=yes&flow=no,"<script src=""https://fareharbor.com/embeds/script/calendar/iheartbikeshfx/items/123783/?asn=fhdn-cad&asn-ref=alloutdooradventures&ref=alloutdooradventures&bookable-only=yes&full-items=yes&marketplace=yes&flow=no""></script>",https://fareharbor.com/embeds/book/iheartbikeshfx/items/123783/?asn=fhdn-cad&asn-ref=alloutdooradventures&ref=alloutdooradventures&bookable-only=yes&full-items=yes&marketplace=yes&flow=no,https://cdn.filestackcontent.com/CoFemX5TRwa39AmK2Nfa
Destination Shearwater,destinationshearwater,tourism@shearwater.ca,1-250- 957-8661,Canada/British Columbia/Denny Island,,,565641,Single Day Eco Tour,Eco Tour,4,31,0,https://fareharbor.com/embeds/calendar/destinationshearwater/items/565641/?asn=fhdn-cad&asn-ref=alloutdooradventures&ref=alloutdooradventures&bookable-only=yes&full-items=yes&marketplace=yes&flow=no,"<script src=""https://fareharbor.com/embeds/script/calendar/destinationshearwater/items/565641/?asn=fhdn-cad&asn-ref=alloutdooradventures&ref=alloutdooradventures&bookable-only=yes&full-items=yes&marketplace=yes&flow=no""></script>",https://fareharbor.com/embeds/book/destinationshearwater/items/565641/?asn=fhdn-cad&asn-ref=alloutdooradventures&ref=alloutdooradventures&bookable-only=yes&full-items=yes&marketplace=yes&flow=no,https://cdn.filestackcontent.com/eegmoI13TsuVIuVXxTbf
Wolastoq Cycling,wolastoqcycling,jamie@wolastoqcycling.repair,(506) 962 9255,Canada/New Brunswick/Woodstock First Nation,,,672798,Full Day Rentals,Bike Rental-Canoe-E-Bike-Kayak,1,31,93,https://fareharbor.com/embeds/calendar/wolastoqcycling/items/672798/?asn=fhdn-cad&asn-ref=alloutdooradventures&ref=alloutdooradventures&bookable-only=yes&full-items=yes&marketplace=yes&flow=no,"<script src=""https://fareharbor.com/embeds/script/calendar/wolastoqcycling/items/672798/?asn=fhdn-cad&asn-ref=alloutdooradventures&ref=alloutdooradventures&bookable-only=yes&full-items=yes&marketplace=yes&flow=no""></script>",https://fareharbor.com/embeds/book/wolastoqcycling/items/672798/?asn=fhdn-cad&asn-ref=alloutdooradventures&ref=alloutdooradventures&bookable-only=yes&full-items=yes&marketplace=yes&flow=no,https://cdn.filestackcontent.com/X6qgsf7oS3Ctk7Bs761p
Wilderness Adventures with Mush Maine,wildernessadventures-mushmaine,jonathannathanielhayes@gmail.com,1-207-728-5997,United States/Maine/Saint Francis,-68.909847,47.168582,674069,Allagash Wilderness Canoe Adventure,Canoe-Winter Activities,1,31,11,https://fareharbor.com/embeds/calendar/wildernessadventures-mushmaine/items/674069/?asn=fhdn&asn-ref=alloutdooradventures&ref=alloutdooradventures&bookable-only=yes&full-items=yes&marketplace=yes&flow=no,"<script src=""https://fareharbor.com/embeds/script/calendar/wildernessadventures-mushmaine/items/674069/?asn=fhdn&asn-ref=alloutdooradventures&ref=alloutdooradventures&bookable-only=yes&full-items=yes&marketplace=yes&flow=no""></script>",https://fareharbor.com/embeds/book/wildernessadventures-mushmaine/items/674069/?asn=fhdn&asn-ref=alloutdooradventures&ref=alloutdooradventures&bookable-only=yes&full-items=yes&marketplace=yes&flow=no,https://cdn.filestackcontent.com/FX3wdeV0Q1avnM00JAJs
Wilderness Adventures with Mush Maine,wildernessadventures-mushmaine,jonathannathanielhayes@gmail.com,1-207-728-5997,United States/Maine/Saint Francis,-68.909847,47.168582,674079,Eagle Lake Canoe Adventure,Canoe,1,31,8,https://fareharbor.com/embeds/calendar/wildernessadventures-mushmaine/items/674079/?asn=fhdn&asn-ref=alloutdooradventures&ref=alloutdooradventures&bookable-only=yes&full-items=yes&marketplace=yes&flow=no,"<script src=""https://fareharbor.com/embeds/script/calendar/wildernessadventures-mushmaine/items/674079/?asn=fhdn&asn-ref=alloutdooradventures&ref=alloutdooradventures&bookable-only=yes&full-items=yes&marketplace=yes&flow=no""></script>",https://fareharbor.com/embeds/book/wildernessadventures-mushmaine/items/674079/?asn=fhdn&asn-ref=alloutdooradventures&ref=alloutdooradventures&bookable-only=yes&full-items=yes&marketplace=yes&flow=no,https://cdn.filestackcontent.com/Acy5TZsQryj8OAmKJzOQ
Bracken Hill Farm,brackenhillfarm,emily@brackenhillfarm.com,508-905-0116,United States/Massachusetts/Northborough,,,526793,Baby Goat Cuddle & Hike,Hiking-Walking Tour,2,30,1,https://fareharbor.com/embeds/calendar/brackenhillfarm/items/526793/?asn=fhdn&asn-ref=alloutdooradventures&ref=alloutdooradventures&bookable-only=yes&full-items=yes&marketplace=yes&flow=no,"<script src=""https://fareharbor.com/embeds/script/calendar/brackenhillfarm/items/526793/?asn=fhdn&asn-ref=alloutdooradventures&ref=alloutdooradventures&bookable-only=yes&full-items=yes&marketplace=yes&flow=no""></script>",https://fareharbor.com/embeds/book/brackenhillfarm/items/526793/?asn=fhdn&asn-ref=alloutdooradventures&ref=alloutdooradventures&bookable-only=yes&full-items=yes&marketplace=yes&flow=no,https://cdn.filestackcontent.com/yI2MiN4YQpxUwBh1iNd0
I Heart Bikes,iheartbikeshfx,info@iheartbikeshfx.com,(902) 406-7774,Canada/Nova Scotia/Halifax,,,121878,Best of Halifax E-Bike Tour,Bike Tour,1,29,0,https://fareharbor.com/embeds/calendar/iheartbikeshfx/items/121878/?asn=fhdn-cad&asn-ref=alloutdooradventures&ref=alloutdooradventures&bookable-only=yes&full-items=yes&marketplace=yes&flow=no,"<script src=""https://fareharbor.com/embeds/script/calendar/iheartbikeshfx/items/121878/?asn=fhdn-cad&asn-ref=alloutdooradventures&ref=alloutdooradventures&bookable-only=yes&full-items=yes&marketplace=yes&flow=no""></script>",https://fareharbor.com/embeds/book/iheartbikeshfx/items/121878/?asn=fhdn-cad&asn-ref=alloutdooradventures&ref=alloutdooradventures&bookable-only=yes&full-items=yes&marketplace=yes&flow=no,https://cdn.filestackcontent.com/eYbYeAeGTU2iCUfH7FUA
Prismatic Tours,prismatictours,info@prismatictours.com,+1(307) 352-9889,United States/Wyoming/Yellowstone National Park,,,313864,Day Hike,Hiking,1,29,0,https://fareharbor.com/embeds/calendar/prismatictours/items/313864/?asn=fhdn&asn-ref=alloutdooradventures&ref=alloutdooradventures&bookable-only=yes&full-items=yes&marketplace=yes&flow=no,"<script src=""https://fareharbor.com/embeds/script/calendar/prismatictours/items/313864/?asn=fhdn&asn-ref=alloutdooradventures&ref=alloutdooradventures&bookable-only=yes&full-items=yes&marketplace=yes&flow=no""></script>",https://fareharbor.com/embeds/book/prismatictours/items/313864/?asn=fhdn&asn-ref=alloutdooradventures&ref=alloutdooradventures&bookable-only=yes&full-items=yes&marketplace=yes&flow=no,https://cdn.filestackcontent.com/mTM32MIqQCaObkbSxZKY
Prismatic Tours,prismatictours,info@prismatictours.com,+1(307) 352-9889,United States/Wyoming/Yellowstone National Park,,,323581,Private Day Hike,Hiking,1,29,0,https://fareharbor.com/embeds/calendar/prismatictours/items/323581/?asn=fhdn&asn-ref=alloutdooradventures&ref=alloutdooradventures&bookable-only=yes&full-items=yes&marketplace=yes&flow=no,"<script src=""https://fareharbor.com/embeds/script/calendar/prismatictours/items/323581/?asn=fhdn&asn-ref=alloutdooradventures&ref=alloutdooradventures&bookable-only=yes&full-items=yes&marketplace=yes&flow=no""></script>",https://fareharbor.com/embeds/book/prismatictours/items/323581/?asn=fhdn&asn-ref=alloutdooradventures&ref=alloutdooradventures&bookable-only=yes&full-items=yes&marketplace=yes&flow=no,https://cdn.filestackcontent.com/jYOTXd70Qx26x55Gn535
Milwaukee E-Bikes,milwaukeeebike,milwaukeeebike@gmail.com,1 (414) 326-4566,United States/Wisconsin/Milwaukee,,,403495,Best of Milwaukee Cheese Curd Tour (E-Bike),Attraction-Bike Tour-E-Bike-Food Tour-History Tour-Wine,1,29,137,https://fareharbor.com/embeds/calendar/milwaukeeebike/items/403495/?asn=fhdn&asn-ref=alloutdooradventures&ref=alloutdooradventures&bookable-only=yes&full-items=yes&marketplace=yes&flow=no,"<script src=""https://fareharbor.com/embeds/script/calendar/milwaukeeebike/items/403495/?asn=fhdn&asn-ref=alloutdooradventures&ref=alloutdooradventures&bookable-only=yes&full-items=yes&marketplace=yes&flow=no""></script>",https://fareharbor.com/embeds/book/milwaukeeebike/items/403495/?asn=fhdn&asn-ref=alloutdooradventures&ref=alloutdooradventures&bookable-only=yes&full-items=yes&marketplace=yes&flow=no,https://cdn.filestackcontent.com/S5fLrZQrRfCfpvjYFD4j
Bracken Hill Farm,brackenhillfarm,emily@brackenhillfarm.com,508-905-0116,United States/Massachusetts/Northborough,,,549133,Hike with Baby Goats,Hiking-Walking Tour,1,29,0,https://fareharbor.com/embeds/calendar/brackenhillfarm/items/549133/?asn=fhdn&asn-ref=alloutdooradventures&ref=alloutdooradventures&bookable-only=yes&full-items=yes&marketplace=yes&flow=no,"<script src=""https://fareharbor.com/embeds/script/calendar/brackenhillfarm/items/549133/?asn=fhdn&asn-ref=alloutdooradventures&ref=alloutdooradventures&bookable-only=yes&full-items=yes&marketplace=yes&flow=no""></script>",https://fareharbor.com/embeds/book/brackenhillfarm/items/549133/?asn=fhdn&asn-ref=alloutdooradventures&ref=alloutdooradventures&bookable-only=yes&full-items=yes&marketplace=yes&flow=no,https://cdn.filestackcontent.com/DObhgKRXRgCqXL6fESqU
Island Trail Adventures,islandtrailadventures,gali@islandtrailadventure.com,5616744600,United States/Wisconsin/Saint John,-87.750234,44.349262,560129,Cinnamon Bay Trail,Hiking,1,29,0,https://fareharbor.com/embeds/calendar/islandtrailadventures/items/560129/?asn=fhdn&asn-ref=alloutdooradventures&ref=alloutdooradventures&bookable-only=yes&full-items=yes&marketplace=yes&flow=no,"<script src=""https://fareharbor.com/embeds/script/calendar/islandtrailadventures/items/560129/?asn=fhdn&asn-ref=alloutdooradventures&ref=alloutdooradventures&bookable-only=yes&full-items=yes&marketplace=yes&flow=no""></script>",https://fareharbor.com/embeds/book/islandtrailadventures/items/560129/?asn=fhdn&asn-ref=alloutdooradventures&ref=alloutdooradventures&bookable-only=yes&full-items=yes&marketplace=yes&flow=no,https://cdn.filestackcontent.com/GEMD3gPXRy2sUomvNj9q
Bethel Adventure Tours,betheladventuretours,betheladventuretours@gmail.com,(757) 672 - 3542,United States/Maine/Bethel,,,564139,Guided Mountain Biking Adventure,Bike Tour,1,29,0,https://fareharbor.com/embeds/calendar/betheladventuretours/items/564139/?asn=fhdn&asn-ref=alloutdooradventures&ref=alloutdooradventures&bookable-only=yes&full-items=yes&marketplace=yes&flow=no,"<script src=""https://fareharbor.com/embeds/script/calendar/betheladventuretours/items/564139/?asn=fhdn&asn-ref=alloutdooradventures&ref=alloutdooradventures&bookable-only=yes&full-items=yes&marketplace=yes&flow=no""></script>",https://fareharbor.com/embeds/book/betheladventuretours/items/564139/?asn=fhdn&asn-ref=alloutdooradventures&ref=alloutdooradventures&bookable-only=yes&full-items=yes&marketplace=yes&flow=no,https://cdn.filestackcontent.com/i6xjG0TvQtGGeyjzMxPe
VIBE,vibebackcountry,info@vibebackcountry.com,604 901 2579,Canada/British Columbia/Comox-Strathcona C,,,603489,Women Rock: An Introduction to the Fundamentals of Outdoor Rock Climbing,Climbing,1,29,0,https://fareharbor.com/embeds/calendar/vibebackcountry/items/603489/?asn=fhdn-cad&asn-ref=alloutdooradventures&ref=alloutdooradventures&bookable-only=yes&full-items=yes&marketplace=yes&flow=no,"<script src=""https://fareharbor.com/embeds/script/calendar/vibebackcountry/items/603489/?asn=fhdn-cad&asn-ref=alloutdooradventures&ref=alloutdooradventures&bookable-only=yes&full-items=yes&marketplace=yes&flow=no""></script>",https://fareharbor.com/embeds/book/vibebackcountry/items/603489/?asn=fhdn-cad&asn-ref=alloutdooradventures&ref=alloutdooradventures&bookable-only=yes&full-items=yes&marketplace=yes&flow=no,https://cdn.filestackcontent.com/LxHq6hoSZq7HCTKMbljO
VIBE,vibebackcountry,info@vibebackcountry.com,604 901 2579,Canada/British Columbia/Comox-Strathcona C,,,603493,"Rock Rescue Course, 1-Day",Climbing,1,29,0,https://fareharbor.com/embeds/calendar/vibebackcountry/items/603493/?asn=fhdn-cad&asn-ref=alloutdooradventures&ref=alloutdooradventures&bookable-only=yes&full-items=yes&marketplace=yes&flow=no,"<script src=""https://fareharbor.com/embeds/script/calendar/vibebackcountry/items/603493/?asn=fhdn-cad&asn-ref=alloutdooradventures&ref=alloutdooradventures&bookable-only=yes&full-items=yes&marketplace=yes&flow=no""></script>",https://fareharbor.com/embeds/book/vibebackcountry/items/603493/?asn=fhdn-cad&asn-ref=alloutdooradventures&ref=alloutdooradventures&bookable-only=yes&full-items=yes&marketplace=yes&flow=no,https://cdn.filestackcontent.com/KGRf8tYR2WSSqH1XUTar
VIBE,vibebackcountry,info@vibebackcountry.com,604 901 2579,Canada/British Columbia/Comox-Strathcona C,,,603495,Multi-Pitch Skills and Efficiency Day,Climbing,1,29,0,https://fareharbor.com/embeds/calendar/vibebackcountry/items/603495/?asn=fhdn-cad&asn-ref=alloutdooradventures&ref=alloutdooradventures&bookable-only=yes&full-items=yes&marketplace=yes&flow=no,"<script src=""https://fareharbor.com/embeds/script/calendar/vibebackcountry/items/603495/?asn=fhdn-cad&asn-ref=alloutdooradventures&ref=alloutdooradventures&bookable-only=yes&full-items=yes&marketplace=yes&flow=no""></script>",https://fareharbor.com/embeds/book/vibebackcountry/items/603495/?asn=fhdn-cad&asn-ref=alloutdooradventures&ref=alloutdooradventures&bookable-only=yes&full-items=yes&marketplace=yes&flow=no,https://cdn.filestackcontent.com/FhAoVarzQXmCHOPK099s
VIBE,vibebackcountry,info@vibebackcountry.com,604 901 2579,Canada/British Columbia/Squamish,-123.155812,49.701634,603508,"Guided Rock Climbing Day in Squamish, BC",Climbing,1,29,0,https://fareharbor.com/embeds/calendar/vibebackcountry/items/603508/?asn=fhdn-cad&asn-ref=alloutdooradventures&ref=alloutdooradventures&bookable-only=yes&full-items=yes&marketplace=yes&flow=no,"<script src=""https://fareharbor.com/embeds/script/calendar/vibebackcountry/items/603508/?asn=fhdn-cad&asn-ref=alloutdooradventures&ref=alloutdooradventures&bookable-only=yes&full-items=yes&marketplace=yes&flow=no""></script>",https://fareharbor.com/embeds/book/vibebackcountry/items/603508/?asn=fhdn-cad&asn-ref=alloutdooradventures&ref=alloutdooradventures&bookable-only=yes&full-items=yes&marketplace=yes&flow=no,https://cdn.filestackcontent.com/pFSaYjoHTtWbAsTkxxQ9
VIBE,vibebackcountry,info@vibebackcountry.com,604 901 2579,Canada/British Columbia/Cumberland,-125.031269,49.618806,603931,Mt Washington to Comox Glacier Traverse,Hiking,1,29,0,https://fareharbor.com/embeds/calendar/vibebackcountry/items/603931/?asn=fhdn-cad&asn-ref=alloutdooradventures&ref=alloutdooradventures&bookable-only=yes&full-items=yes&marketplace=yes&flow=no,"<script src=""https://fareharbor.com/embeds/script/calendar/vibebackcountry/items/603931/?asn=fhdn-cad&asn-ref=alloutdooradventures&ref=alloutdooradventures&bookable-only=yes&full-items=yes&marketplace=yes&flow=no""></script>",https://fareharbor.com/embeds/book/vibebackcountry/items/603931/?asn=fhdn-cad&asn-ref=alloutdooradventures&ref=alloutdooradventures&bookable-only=yes&full-items=yes&marketplace=yes&flow=no,https://cdn.filestackcontent.com/VwpSvRUqSEyJ5fZgzaRf
VIBE,vibebackcountry,info@vibebackcountry.com,604 901 2579,Canada/British Columbia/Comox-Strathcona C,,,603939,Mountain Running Skills on Mt. Arrowsmith – Learn and Summit,Eco Tour,1,29,0,https://fareharbor.com/embeds/calendar/vibebackcountry/items/603939/?asn=fhdn-cad&asn-ref=alloutdooradventures&ref=alloutdooradventures&bookable-only=yes&full-items=yes&marketplace=yes&flow=no,"<script src=""https://fareharbor.com/embeds/script/calendar/vibebackcountry/items/603939/?asn=fhdn-cad&asn-ref=alloutdooradventures&ref=alloutdooradventures&bookable-only=yes&full-items=yes&marketplace=yes&flow=no""></script>",https://fareharbor.com/embeds/book/vibebackcountry/items/603939/?asn=fhdn-cad&asn-ref=alloutdooradventures&ref=alloutdooradventures&bookable-only=yes&full-items=yes&marketplace=yes&flow=no,https://cdn.filestackcontent.com/fCjqOPcFSRqVXcOykJlD
Tourism Kamloops,tourism-kamloops,visitorcentre@tourismkamloops.com,250-372-8000,Canada/British Columbia/Kamloops,,,635614,Beginner Bike Ranch Tour,Bike Tour,1,29,0,https://fareharbor.com/embeds/calendar/tourism-kamloops/items/635614/?asn=fhdn-cad&asn-ref=alloutdooradventures&ref=alloutdooradventures&bookable-only=yes&full-items=yes&marketplace=yes&flow=no,"<script src=""https://fareharbor.com/embeds/script/calendar/tourism-kamloops/items/635614/?asn=fhdn-cad&asn-ref=alloutdooradventures&ref=alloutdooradventures&bookable-only=yes&full-items=yes&marketplace=yes&flow=no""></script>",https://fareharbor.com/embeds/book/tourism-kamloops/items/635614/?asn=fhdn-cad&asn-ref=alloutdooradventures&ref=alloutdooradventures&bookable-only=yes&full-items=yes&marketplace=yes&flow=no,https://cdn.filestackcontent.com/CIoZTmQESkCEO1yrSUe1
Tourism Kamloops,tourism-kamloops,visitorcentre@tourismkamloops.com,250-372-8000,Canada/British Columbia/Kamloops,,,635650,Beginner Bike Ranch Lesson,Bike Tour,1,29,0,https://fareharbor.com/embeds/calendar/tourism-kamloops/items/635650/?asn=fhdn-cad&asn-ref=alloutdooradventures&ref=alloutdooradventures&bookable-only=yes&full-items=yes&marketplace=yes&flow=no,"<script src=""https://fareharbor.com/embeds/script/calendar/tourism-kamloops/items/635650/?asn=fhdn-cad&asn-ref=alloutdooradventures&ref=alloutdooradventures&bookable-only=yes&full-items=yes&marketplace=yes&flow=no""></script>",https://fareharbor.com/embeds/book/tourism-kamloops/items/635650/?asn=fhdn-cad&asn-ref=alloutdooradventures&ref=alloutdooradventures&bookable-only=yes&full-items=yes&marketplace=yes&flow=no,https://cdn.filestackcontent.com/1Z1FJI1hQ92U8HFdGOjw
Tourism Kamloops,tourism-kamloops,visitorcentre@tourismkamloops.com,250-372-8000,Canada/British Columbia/Kamloops,,,635655,Intermediate Bike Ranch Tour,Bike Tour,1,29,0,https://fareharbor.com/embeds/calendar/tourism-kamloops/items/635655/?asn=fhdn-cad&asn-ref=alloutdooradventures&ref=alloutdooradventures&bookable-only=yes&full-items=yes&marketplace=yes&flow=no,"<script src=""https://fareharbor.com/embeds/script/calendar/tourism-kamloops/items/635655/?asn=fhdn-cad&asn-ref=alloutdooradventures&ref=alloutdooradventures&bookable-only=yes&full-items=yes&marketplace=yes&flow=no""></script>",https://fareharbor.com/embeds/book/tourism-kamloops/items/635655/?asn=fhdn-cad&asn-ref=alloutdooradventures&ref=alloutdooradventures&bookable-only=yes&full-items=yes&marketplace=yes&flow=no,https://cdn.filestackcontent.com/lkr3NqsBRCymvRTl1NO5
Tourism Kamloops,tourism-kamloops,visitorcentre@tourismkamloops.com,250-372-8000,Canada/British Columbia/Kamloops,,,635659,Intermediate Bike Ranch Lesson,Bike Tour,1,29,0,https://fareharbor.com/embeds/calendar/tourism-kamloops/items/635659/?asn=fhdn-cad&asn-ref=alloutdooradventures&ref=alloutdooradventures&bookable-only=yes&full-items=yes&marketplace=yes&flow=no,"<script src=""https://fareharbor.com/embeds/script/calendar/tourism-kamloops/items/635659/?asn=fhdn-cad&asn-ref=alloutdooradventures&ref=alloutdooradventures&bookable-only=yes&full-items=yes&marketplace=yes&flow=no""></script>",https://fareharbor.com/embeds/book/tourism-kamloops/items/635659/?asn=fhdn-cad&asn-ref=alloutdooradventures&ref=alloutdooradventures&bookable-only=yes&full-items=yes&marketplace=yes&flow=no,https://cdn.filestackcontent.com/B0JjLshVTKKcxCqOgu91
Tourism Kamloops,tourism-kamloops,visitorcentre@tourismkamloops.com,250-372-8000,Canada/British Columbia/Kamloops,,,635676,Peterson Creek Hiking Tour,Hiking,1,29,0,https://fareharbor.com/embeds/calendar/tourism-kamloops/items/635676/?asn=fhdn-cad&asn-ref=alloutdooradventures&ref=alloutdooradventures&bookable-only=yes&full-items=yes&marketplace=yes&flow=no,"<script src=""https://fareharbor.com/embeds/script/calendar/tourism-kamloops/items/635676/?asn=fhdn-cad&asn-ref=alloutdooradventures&ref=alloutdooradventures&bookable-only=yes&full-items=yes&marketplace=yes&flow=no""></script>",https://fareharbor.com/embeds/book/tourism-kamloops/items/635676/?asn=fhdn-cad&asn-ref=alloutdooradventures&ref=alloutdooradventures&bookable-only=yes&full-items=yes&marketplace=yes&flow=no,https://cdn.filestackcontent.com/dQP0Hd6pSD6UMtzrmITe
Tourism Kamloops,tourism-kamloops,visitorcentre@tourismkamloops.com,250-372-8000,Canada/British Columbia/Kamloops,,,635684,Kenna Cartwright Hiking Tour,Hiking,1,29,0,https://fareharbor.com/embeds/calendar/tourism-kamloops/items/635684/?asn=fhdn-cad&asn-ref=alloutdooradventures&ref=alloutdooradventures&bookable-only=yes&full-items=yes&marketplace=yes&flow=no,"<script src=""https://fareharbor.com/embeds/script/calendar/tourism-kamloops/items/635684/?asn=fhdn-cad&asn-ref=alloutdooradventures&ref=alloutdooradventures&bookable-only=yes&full-items=yes&marketplace=yes&flow=no""></script>",https://fareharbor.com/embeds/book/tourism-kamloops/items/635684/?asn=fhdn-cad&asn-ref=alloutdooradventures&ref=alloutdooradventures&bookable-only=yes&full-items=yes&marketplace=yes&flow=no,https://cdn.filestackcontent.com/pzoPAboQc2r1td9a11O6
Fish and Fur Outfitters,fishandfuroutfitters,office@fishandfuroutfitters.com,208-936-5180,United States/Idaho/Parma,,,659961,Snow Goose Experience,Wildlife,1,29,0,https://fareharbor.com/embeds/calendar/fishandfuroutfitters/items/659961/?asn=fhdn&asn-ref=alloutdooradventures&ref=alloutdooradventures&bookable-only=yes&full-items=yes&marketplace=yes&flow=no,"<script src=""https://fareharbor.com/embeds/script/calendar/fishandfuroutfitters/items/659961/?asn=fhdn&asn-ref=alloutdooradventures&ref=alloutdooradventures&bookable-only=yes&full-items=yes&marketplace=yes&flow=no""></script>",https://fareharbor.com/embeds/book/fishandfuroutfitters/items/659961/?asn=fhdn&asn-ref=alloutdooradventures&ref=alloutdooradventures&bookable-only=yes&full-items=yes&marketplace=yes&flow=no,https://cdn.filestackcontent.com/XHvhVvzTpKQZat8mKQpw
I Heart Bikes,iheartbikeshfx,info@iheartbikeshfx.com,(902) 406-7774,Canada/Nova Scotia/Halifax,,,122619,Pannier Sets 22L,Bike Tour,1,28,0,https://fareharbor.com/embeds/calendar/iheartbikeshfx/items/122619/?asn=fhdn-cad&asn-ref=alloutdooradventures&ref=alloutdooradventures&bookable-only=yes&full-items=yes&marketplace=yes&flow=no,"<script src=""https://fareharbor.com/embeds/script/calendar/iheartbikeshfx/items/122619/?asn=fhdn-cad&asn-ref=alloutdooradventures&ref=alloutdooradventures&bookable-only=yes&full-items=yes&marketplace=yes&flow=no""></script>",https://fareharbor.com/embeds/book/iheartbikeshfx/items/122619/?asn=fhdn-cad&asn-ref=alloutdooradventures&ref=alloutdooradventures&bookable-only=yes&full-items=yes&marketplace=yes&flow=no,https://cdn.filestackcontent.com/PXKIPobNSfqUIRv3Yr7v
I Heart Bikes,iheartbikeshfx,info@iheartbikeshfx.com,(902) 406-7774,Canada/Nova Scotia/Halifax,,,200928,Front Handle Bar Bag,Bike Tour,1,28,0,https://fareharbor.com/embeds/calendar/iheartbikeshfx/items/200928/?asn=fhdn-cad&asn-ref=alloutdooradventures&ref=alloutdooradventures&bookable-only=yes&full-items=yes&marketplace=yes&flow=no,"<script src=""https://fareharbor.com/embeds/script/calendar/iheartbikeshfx/items/200928/?asn=fhdn-cad&asn-ref=alloutdooradventures&ref=alloutdooradventures&bookable-only=yes&full-items=yes&marketplace=yes&flow=no""></script>",https://fareharbor.com/embeds/book/iheartbikeshfx/items/200928/?asn=fhdn-cad&asn-ref=alloutdooradventures&ref=alloutdooradventures&bookable-only=yes&full-items=yes&marketplace=yes&flow=no,https://cdn.filestackcontent.com/QlPzgPqeQnqYjer7Tvu6
I Heart Bikes,iheartbikeshfx,info@iheartbikeshfx.com,(902) 406-7774,Canada/Nova Scotia/Halifax,,,200943,Front Loader,Bike Tour,1,28,0,https://fareharbor.com/embeds/calendar/iheartbikeshfx/items/200943/?asn=fhdn-cad&asn-ref=alloutdooradventures&ref=alloutdooradventures&bookable-only=yes&full-items=yes&marketplace=yes&flow=no,"<script src=""https://fareharbor.com/embeds/script/calendar/iheartbikeshfx/items/200943/?asn=fhdn-cad&asn-ref=alloutdooradventures&ref=alloutdooradventures&bookable-only=yes&full-items=yes&marketplace=yes&flow=no""></script>",https://fareharbor.com/embeds/book/iheartbikeshfx/items/200943/?asn=fhdn-cad&asn-ref=alloutdooradventures&ref=alloutdooradventures&bookable-only=yes&full-items=yes&marketplace=yes&flow=no,https://cdn.filestackcontent.com/c2xNv37TkyJGhHv4Q0jV
River Recreation,riverrecreation,office@riverrecreation.com,(206) 276-8774,United States/Washington/Monitor,-120.41608,47.487621,274062,BSA Whitewater Merit Badge Workshop,Boat Tour-Canoe-Rafting-Shuttle-Workshop,1,28,0,https://fareharbor.com/embeds/calendar/riverrecreation/items/274062/?asn=fhdn&asn-ref=alloutdooradventures&ref=alloutdooradventures&bookable-only=yes&full-items=yes&marketplace=yes&flow=no,"<script src=""https://fareharbor.com/embeds/script/calendar/riverrecreation/items/274062/?asn=fhdn&asn-ref=alloutdooradventures&ref=alloutdooradventures&bookable-only=yes&full-items=yes&marketplace=yes&flow=no""></script>",https://fareharbor.com/embeds/book/riverrecreation/items/274062/?asn=fhdn&asn-ref=alloutdooradventures&ref=alloutdooradventures&bookable-only=yes&full-items=yes&marketplace=yes&flow=no,https://cdn.filestackcontent.com/e57U48IRNevNsirq4oc2
River Recreation,riverrecreation,office@riverrecreation.com,(206) 276-8774,United States/Washington/Monitor,-120.41608,47.487621,274063,BSA Kayaking Merit Badge Workshop,Boat Tour-Canoe-Rafting-Shuttle-Workshop,1,28,0,https://fareharbor.com/embeds/calendar/riverrecreation/items/274063/?asn=fhdn&asn-ref=alloutdooradventures&ref=alloutdooradventures&bookable-only=yes&full-items=yes&marketplace=yes&flow=no,"<script src=""https://fareharbor.com/embeds/script/calendar/riverrecreation/items/274063/?asn=fhdn&asn-ref=alloutdooradventures&ref=alloutdooradventures&bookable-only=yes&full-items=yes&marketplace=yes&flow=no""></script>",https://fareharbor.com/embeds/book/riverrecreation/items/274063/?asn=fhdn&asn-ref=alloutdooradventures&ref=alloutdooradventures&bookable-only=yes&full-items=yes&marketplace=yes&flow=no,https://cdn.filestackcontent.com/9FuI4IlYRMeVmHL2xCxB
San Juan Kayak Expeditions,sanjuankayak,adventure@sanjuankayak.com,360-378-4436,United States/Washington/Friday Harbor,-123.015376,48.533313,336835,Intro to Kayak Camping Tour,Hiking-Sailing,1,28,0,https://fareharbor.com/embeds/calendar/sanjuankayak/items/336835/?asn=fhdn&asn-ref=alloutdooradventures&ref=alloutdooradventures&bookable-only=yes&full-items=yes&marketplace=yes&flow=no,"<script src=""https://fareharbor.com/embeds/script/calendar/sanjuankayak/items/336835/?asn=fhdn&asn-ref=alloutdooradventures&ref=alloutdooradventures&bookable-only=yes&full-items=yes&marketplace=yes&flow=no""></script>",https://fareharbor.com/embeds/book/sanjuankayak/items/336835/?asn=fhdn&asn-ref=alloutdooradventures&ref=alloutdooradventures&bookable-only=yes&full-items=yes&marketplace=yes&flow=no,https://cdn.filestackcontent.com/0GN6NL9ZRJqxbZFOddEs
Wild Bear Safari,wildbearsafari,luke@wildbearsafari.com,907-612-0959,United States/Alaska/Hoonah,,,375702,Guided Passenger Van Wild Life and Bear Viewing Tour,Hiking,1,28,149,https://fareharbor.com/embeds/calendar/wildbearsafari/items/375702/?asn=fhdn&asn-ref=alloutdooradventures&ref=alloutdooradventures&bookable-only=yes&full-items=yes&marketplace=yes&flow=no,"<script src=""https://fareharbor.com/embeds/script/calendar/wildbearsafari/items/375702/?asn=fhdn&asn-ref=alloutdooradventures&ref=alloutdooradventures&bookable-only=yes&full-items=yes&marketplace=yes&flow=no""></script>",https://fareharbor.com/embeds/book/wildbearsafari/items/375702/?asn=fhdn&asn-ref=alloutdooradventures&ref=alloutdooradventures&bookable-only=yes&full-items=yes&marketplace=yes&flow=no,https://cdn.filestackcontent.com/GZSy7YqRAyjwBh5A8RGi
Red Canyon Rafting Trips and Wild Mustang Tours,redcanyonraftingtrips,sunnydavidson1@gmail.com,307-587-6988,United States/Wyoming/Cody,,,548677,Cody Wild Mustang Eco-Tours,Wildlife,1,28,160,https://fareharbor.com/embeds/calendar/redcanyonraftingtrips/items/548677/?asn=fhdn&asn-ref=alloutdooradventures&ref=alloutdooradventures&bookable-only=yes&full-items=yes&marketplace=yes&flow=no,"<script src=""https://fareharbor.com/embeds/script/calendar/redcanyonraftingtrips/items/548677/?asn=fhdn&asn-ref=alloutdooradventures&ref=alloutdooradventures&bookable-only=yes&full-items=yes&marketplace=yes&flow=no""></script>",https://fareharbor.com/embeds/book/redcanyonraftingtrips/items/548677/?asn=fhdn&asn-ref=alloutdooradventures&ref=alloutdooradventures&bookable-only=yes&full-items=yes&marketplace=yes&flow=no,https://cdn.filestackcontent.com/mnaWADZxRSSlX5d4yDdm
VIBE,vibebackcountry,info@vibebackcountry.com,604 901 2579,Canada/British Columbia/Comox-Strathcona C,,,603078,Trad Foundations: Intro to Trad Lead Climbing - 1 Day course,Climbing,1,28,0,https://fareharbor.com/embeds/calendar/vibebackcountry/items/603078/?asn=fhdn-cad&asn-ref=alloutdooradventures&ref=alloutdooradventures&bookable-only=yes&full-items=yes&marketplace=yes&flow=no,"<script src=""https://fareharbor.com/embeds/script/calendar/vibebackcountry/items/603078/?asn=fhdn-cad&asn-ref=alloutdooradventures&ref=alloutdooradventures&bookable-only=yes&full-items=yes&marketplace=yes&flow=no""></script>",https://fareharbor.com/embeds/book/vibebackcountry/items/603078/?asn=fhdn-cad&asn-ref=alloutdooradventures&ref=alloutdooradventures&bookable-only=yes&full-items=yes&marketplace=yes&flow=no,https://cdn.filestackcontent.com/G8QAwAhxToS8f84LnqlG
VIBE,vibebackcountry,info@vibebackcountry.com,604 901 2579,Canada/British Columbia/Comox-Strathcona C,,,603087,Master the Rack - Trad leading Essentials - 2 day Course,Climbing,1,28,0,https://fareharbor.com/embeds/calendar/vibebackcountry/items/603087/?asn=fhdn-cad&asn-ref=alloutdooradventures&ref=alloutdooradventures&bookable-only=yes&full-items=yes&marketplace=yes&flow=no,"<script src=""https://fareharbor.com/embeds/script/calendar/vibebackcountry/items/603087/?asn=fhdn-cad&asn-ref=alloutdooradventures&ref=alloutdooradventures&bookable-only=yes&full-items=yes&marketplace=yes&flow=no""></script>",https://fareharbor.com/embeds/book/vibebackcountry/items/603087/?asn=fhdn-cad&asn-ref=alloutdooradventures&ref=alloutdooradventures&bookable-only=yes&full-items=yes&marketplace=yes&flow=no,https://cdn.filestackcontent.com/5TQrGs0gQtG239LcjhuV
VIBE,vibebackcountry,info@vibebackcountry.com,604 901 2579,Canada/British Columbia/Comox-Strathcona C,,,603096,Lead Like a Pro: 2-Day Sport Climbing Course,Climbing,1,28,0,https://fareharbor.com/embeds/calendar/vibebackcountry/items/603096/?asn=fhdn-cad&asn-ref=alloutdooradventures&ref=alloutdooradventures&bookable-only=yes&full-items=yes&marketplace=yes&flow=no,"<script src=""https://fareharbor.com/embeds/script/calendar/vibebackcountry/items/603096/?asn=fhdn-cad&asn-ref=alloutdooradventures&ref=alloutdooradventures&bookable-only=yes&full-items=yes&marketplace=yes&flow=no""></script>",https://fareharbor.com/embeds/book/vibebackcountry/items/603096/?asn=fhdn-cad&asn-ref=alloutdooradventures&ref=alloutdooradventures&bookable-only=yes&full-items=yes&marketplace=yes&flow=no,https://cdn.filestackcontent.com/SDcDzErLTVCthG6MI79T
VIBE,vibebackcountry,info@vibebackcountry.com,604 901 2579,Canada/British Columbia/Comox-Strathcona C,,,603476,Rock Basics: An Introduction to the Fundamentals of Outdoor Rock Climbing,Climbing,1,28,0,https://fareharbor.com/embeds/calendar/vibebackcountry/items/603476/?asn=fhdn-cad&asn-ref=alloutdooradventures&ref=alloutdooradventures&bookable-only=yes&full-items=yes&marketplace=yes&flow=no,"<script src=""https://fareharbor.com/embeds/script/calendar/vibebackcountry/items/603476/?asn=fhdn-cad&asn-ref=alloutdooradventures&ref=alloutdooradventures&bookable-only=yes&full-items=yes&marketplace=yes&flow=no""></script>",https://fareharbor.com/embeds/book/vibebackcountry/items/603476/?asn=fhdn-cad&asn-ref=alloutdooradventures&ref=alloutdooradventures&bookable-only=yes&full-items=yes&marketplace=yes&flow=no,https://cdn.filestackcontent.com/X2cjzfOTsK2u1GHMdPMv
VIBE,vibebackcountry,info@vibebackcountry.com,604 901 2579,Canada/British Columbia/Comox-Strathcona C,,,603491,Intro to Multi-Pitch Climbing,Climbing,1,28,0,https://fareharbor.com/embeds/calendar/vibebackcountry/items/603491/?asn=fhdn-cad&asn-ref=alloutdooradventures&ref=alloutdooradventures&bookable-only=yes&full-items=yes&marketplace=yes&flow=no,"<script src=""https://fareharbor.com/embeds/script/calendar/vibebackcountry/items/603491/?asn=fhdn-cad&asn-ref=alloutdooradventures&ref=alloutdooradventures&bookable-only=yes&full-items=yes&marketplace=yes&flow=no""></script>",https://fareharbor.com/embeds/book/vibebackcountry/items/603491/?asn=fhdn-cad&asn-ref=alloutdooradventures&ref=alloutdooradventures&bookable-only=yes&full-items=yes&marketplace=yes&flow=no,https://cdn.filestackcontent.com/GjkEjePRByh2NHNR35Da
VIBE,vibebackcountry,info@vibebackcountry.com,604 901 2579,Canada/British Columbia/Comox-Strathcona C,,,603494,Rock Climbing Refresher Course 1 Day Course,Climbing,1,28,0,https://fareharbor.com/embeds/calendar/vibebackcountry/items/603494/?asn=fhdn-cad&asn-ref=alloutdooradventures&ref=alloutdooradventures&bookable-only=yes&full-items=yes&marketplace=yes&flow=no,"<script src=""https://fareharbor.com/embeds/script/calendar/vibebackcountry/items/603494/?asn=fhdn-cad&asn-ref=alloutdooradventures&ref=alloutdooradventures&bookable-only=yes&full-items=yes&marketplace=yes&flow=no""></script>",https://fareharbor.com/embeds/book/vibebackcountry/items/603494/?asn=fhdn-cad&asn-ref=alloutdooradventures&ref=alloutdooradventures&bookable-only=yes&full-items=yes&marketplace=yes&flow=no,https://cdn.filestackcontent.com/yOJL4TotRselWxa3VPF8
VIBE,vibebackcountry,info@vibebackcountry.com,604 901 2579,Canada/British Columbia/Comox-Strathcona C,,,603496,Crack Climbing Skills,Climbing,1,28,0,https://fareharbor.com/embeds/calendar/vibebackcountry/items/603496/?asn=fhdn-cad&asn-ref=alloutdooradventures&ref=alloutdooradventures&bookable-only=yes&full-items=yes&marketplace=yes&flow=no,"<script src=""https://fareharbor.com/embeds/script/calendar/vibebackcountry/items/603496/?asn=fhdn-cad&asn-ref=alloutdooradventures&ref=alloutdooradventures&bookable-only=yes&full-items=yes&marketplace=yes&flow=no""></script>",https://fareharbor.com/embeds/book/vibebackcountry/items/603496/?asn=fhdn-cad&asn-ref=alloutdooradventures&ref=alloutdooradventures&bookable-only=yes&full-items=yes&marketplace=yes&flow=no,https://cdn.filestackcontent.com/TMfgQQelRpiJrGIOOQYv
VIBE,vibebackcountry,info@vibebackcountry.com,604 901 2579,Canada/British Columbia/Lillooet,-121.932959,50.694016,603511,"Limestone Multi-Pitch Paradise, 2-Day Climbing Adventure at Marble Canyon",Climbing,1,28,0,https://fareharbor.com/embeds/calendar/vibebackcountry/items/603511/?asn=fhdn-cad&asn-ref=alloutdooradventures&ref=alloutdooradventures&bookable-only=yes&full-items=yes&marketplace=yes&flow=no,"<script src=""https://fareharbor.com/embeds/script/calendar/vibebackcountry/items/603511/?asn=fhdn-cad&asn-ref=alloutdooradventures&ref=alloutdooradventures&bookable-only=yes&full-items=yes&marketplace=yes&flow=no""></script>",https://fareharbor.com/embeds/book/vibebackcountry/items/603511/?asn=fhdn-cad&asn-ref=alloutdooradventures&ref=alloutdooradventures&bookable-only=yes&full-items=yes&marketplace=yes&flow=no,https://cdn.filestackcontent.com/349sZYfbSqOBHwAgNdbk
Bozeman Bike Tours,bozemanbiketours,Info@bozemanbiketours.com,406-209-8677,United States/Montana/Bozeman,,,616659,Private Tour,Bike Tour,2,28,0,https://fareharbor.com/embeds/calendar/bozemanbiketours/items/616659/?asn=fhdn&asn-ref=alloutdooradventures&ref=alloutdooradventures&bookable-only=yes&full-items=yes&marketplace=yes&flow=no,"<script src=""https://fareharbor.com/embeds/script/calendar/bozemanbiketours/items/616659/?asn=fhdn&asn-ref=alloutdooradventures&ref=alloutdooradventures&bookable-only=yes&full-items=yes&marketplace=yes&flow=no""></script>",https://fareharbor.com/embeds/book/bozemanbiketours/items/616659/?asn=fhdn&asn-ref=alloutdooradventures&ref=alloutdooradventures&bookable-only=yes&full-items=yes&marketplace=yes&flow=no,https://cdn.filestackcontent.com/7WI5aFoPRCtpOw0ZSwXw
The Mountain Explorer Co.,themountainexplorer,info@themountainexplorer.ca,1-403-493-4515,Canada/Alberta/Canmore,,,633352,AURORAS & STARGAZING AT MORAINE LAKE,Hiking,1,28,76,https://fareharbor.com/embeds/calendar/themountainexplorer/items/633352/?asn=fhdn-cad&asn-ref=alloutdooradventures&ref=alloutdooradventures&bookable-only=yes&full-items=yes&marketplace=yes&flow=no,"<script src=""https://fareharbor.com/embeds/script/calendar/themountainexplorer/items/633352/?asn=fhdn-cad&asn-ref=alloutdooradventures&ref=alloutdooradventures&bookable-only=yes&full-items=yes&marketplace=yes&flow=no""></script>",https://fareharbor.com/embeds/book/themountainexplorer/items/633352/?asn=fhdn-cad&asn-ref=alloutdooradventures&ref=alloutdooradventures&bookable-only=yes&full-items=yes&marketplace=yes&flow=no,https://cdn.filestackcontent.com/WhYJiUJaQmmqv5xQUuCW
Cannon Falls Canoe and Bike Rentals,cannonfallscanoeandbike,sales@cannonfallscanoeandbike.com,5074074111,United States/Minnesota/Cannon Falls,,,659823,2 Person River Canoe Rental,Canoe,2,28,0,https://fareharbor.com/embeds/calendar/cannonfallscanoeandbike/items/659823/?asn=fhdn&asn-ref=alloutdooradventures&ref=alloutdooradventures&bookable-only=yes&full-items=yes&marketplace=yes&flow=no,"<script src=""https://fareharbor.com/embeds/script/calendar/cannonfallscanoeandbike/items/659823/?asn=fhdn&asn-ref=alloutdooradventures&ref=alloutdooradventures&bookable-only=yes&full-items=yes&marketplace=yes&flow=no""></script>",https://fareharbor.com/embeds/book/cannonfallscanoeandbike/items/659823/?asn=fhdn&asn-ref=alloutdooradventures&ref=alloutdooradventures&bookable-only=yes&full-items=yes&marketplace=yes&flow=no,https://cdn.filestackcontent.com/6Ocs4ATERi28bbfX33Ud
Alaska Charters and Adventures,alaskaupclose,info@breakawayadventures.com,9073050357,United States/Alaska/Wrangell,,,673803,3-Day Wildlife Adventure,Hiking,1,28,0,https://fareharbor.com/embeds/calendar/alaskaupclose/items/673803/?asn=fhdn&asn-ref=alloutdooradventures&ref=alloutdooradventures&bookable-only=yes&full-items=yes&marketplace=yes&flow=no,"<script src=""https://fareharbor.com/embeds/script/calendar/alaskaupclose/items/673803/?asn=fhdn&asn-ref=alloutdooradventures&ref=alloutdooradventures&bookable-only=yes&full-items=yes&marketplace=yes&flow=no""></script>",https://fareharbor.com/embeds/book/alaskaupclose/items/673803/?asn=fhdn&asn-ref=alloutdooradventures&ref=alloutdooradventures&bookable-only=yes&full-items=yes&marketplace=yes&flow=no,https://cdn.filestackcontent.com/NLG5zw0GQNmBIRCIAngf
Saratoga Corinth & Hudson Railway LLC,corinthtrain,info@corinthtrain.com,5182229590,United States/New York/Corinth,,,392173,Sunday Funday Sundae Train,Attraction-History Tour-Hop On Hop Off-Sightseeing Tour-Train-Wildlife,3,27,3,https://fareharbor.com/embeds/calendar/corinthtrain/items/392173/?asn=fhdn&asn-ref=alloutdooradventures&ref=alloutdooradventures&bookable-only=yes&full-items=yes&marketplace=yes&flow=no,"<script src=""https://fareharbor.com/embeds/script/calendar/corinthtrain/items/392173/?asn=fhdn&asn-ref=alloutdooradventures&ref=alloutdooradventures&bookable-only=yes&full-items=yes&marketplace=yes&flow=no""></script>",https://fareharbor.com/embeds/book/corinthtrain/items/392173/?asn=fhdn&asn-ref=alloutdooradventures&ref=alloutdooradventures&bookable-only=yes&full-items=yes&marketplace=yes&flow=no,https://cdn.filestackcontent.com/xRjUCoKtRv27dp3lnESQ
I Heart Bikes,iheartbikeshfx,info@iheartbikeshfx.com,(902) 406-7774,Canada/Nova Scotia/Halifax,,,123773,Infant Carrier,Bike Tour,0,25,0,https://fareharbor.com/embeds/calendar/iheartbikeshfx/items/123773/?asn=fhdn-cad&asn-ref=alloutdooradventures&ref=alloutdooradventures&bookable-only=yes&full-items=yes&marketplace=yes&flow=no,"<script src=""https://fareharbor.com/embeds/script/calendar/iheartbikeshfx/items/123773/?asn=fhdn-cad&asn-ref=alloutdooradventures&ref=alloutdooradventures&bookable-only=yes&full-items=yes&marketplace=yes&flow=no""></script>",https://fareharbor.com/embeds/book/iheartbikeshfx/items/123773/?asn=fhdn-cad&asn-ref=alloutdooradventures&ref=alloutdooradventures&bookable-only=yes&full-items=yes&marketplace=yes&flow=no,https://cdn.filestackcontent.com/B8eM8wrDT26dbC6RQUXL
I Heart Bikes,iheartbikeshfx,info@iheartbikeshfx.com,(902) 406-7774,Canada/Nova Scotia/Halifax,,,200889,25 L Dry Bag,Bike Tour,0,25,0,https://fareharbor.com/embeds/calendar/iheartbikeshfx/items/200889/?asn=fhdn-cad&asn-ref=alloutdooradventures&ref=alloutdooradventures&bookable-only=yes&full-items=yes&marketplace=yes&flow=no,"<script src=""https://fareharbor.com/embeds/script/calendar/iheartbikeshfx/items/200889/?asn=fhdn-cad&asn-ref=alloutdooradventures&ref=alloutdooradventures&bookable-only=yes&full-items=yes&marketplace=yes&flow=no""></script>",https://fareharbor.com/embeds/book/iheartbikeshfx/items/200889/?asn=fhdn-cad&asn-ref=alloutdooradventures&ref=alloutdooradventures&bookable-only=yes&full-items=yes&marketplace=yes&flow=no,https://cdn.filestackcontent.com/5wP2tRUQS56C7ZCjn1kS
Nahanton Park Boathouse,boatinginboston-nahanton,BostonBoatinginfo@guestservices.com,617-299-3392,United States/Massachusetts/Newton,,,532159,Canoe Rentals,Canoe-Rentals-Water Activities,2,25,408,https://fareharbor.com/embeds/calendar/boatinginboston-nahanton/items/532159/?asn=fhdn&asn-ref=alloutdooradventures&ref=alloutdooradventures&bookable-only=yes&full-items=yes&marketplace=yes&flow=no,"<script src=""https://fareharbor.com/embeds/script/calendar/boatinginboston-nahanton/items/532159/?asn=fhdn&asn-ref=alloutdooradventures&ref=alloutdooradventures&bookable-only=yes&full-items=yes&marketplace=yes&flow=no""></script>",https://fareharbor.com/embeds/book/boatinginboston-nahanton/items/532159/?asn=fhdn&asn-ref=alloutdooradventures&ref=alloutdooradventures&bookable-only=yes&full-items=yes&marketplace=yes&flow=no,https://cdn.filestackcontent.com/JOrtO0jAQEqkJvD2ftWI
Eric's Canoe and Kayak Rental,ericscanoerental,eric@ericscanoe.com,651-270-1561,United States/Minnesota/Taylors Falls,,,631030,Sunrise River Landing to Taylors Falls Dam,Canoe-Kayak,1,25,0,https://fareharbor.com/embeds/calendar/ericscanoerental/items/631030/?asn=fhdn&asn-ref=alloutdooradventures&ref=alloutdooradventures&bookable-only=yes&full-items=yes&marketplace=yes&flow=no,"<script src=""https://fareharbor.com/embeds/script/calendar/ericscanoerental/items/631030/?asn=fhdn&asn-ref=alloutdooradventures&ref=alloutdooradventures&bookable-only=yes&full-items=yes&marketplace=yes&flow=no""></script>",https://fareharbor.com/embeds/book/ericscanoerental/items/631030/?asn=fhdn&asn-ref=alloutdooradventures&ref=alloutdooradventures&bookable-only=yes&full-items=yes&marketplace=yes&flow=no,https://cdn.filestackcontent.com/NJLHF0PXST2lF2rPazqT
Eric's Canoe and Kayak Rental,ericscanoerental,eric@ericscanoe.com,651-270-1561,United States/Minnesota/Taylors Falls,,,631044,Full-Day Rental ~ No Shuttle,Canoe-Kayak,1,25,0,https://fareharbor.com/embeds/calendar/ericscanoerental/items/631044/?asn=fhdn&asn-ref=alloutdooradventures&ref=alloutdooradventures&bookable-only=yes&full-items=yes&marketplace=yes&flow=no,"<script src=""https://fareharbor.com/embeds/script/calendar/ericscanoerental/items/631044/?asn=fhdn&asn-ref=alloutdooradventures&ref=alloutdooradventures&bookable-only=yes&full-items=yes&marketplace=yes&flow=no""></script>",https://fareharbor.com/embeds/book/ericscanoerental/items/631044/?asn=fhdn&asn-ref=alloutdooradventures&ref=alloutdooradventures&bookable-only=yes&full-items=yes&marketplace=yes&flow=no,https://cdn.filestackcontent.com/OeH6dGSOavJcVHIkiJiA
Eric's Canoe and Kayak Rental,ericscanoerental,eric@ericscanoe.com,651-270-1561,United States/Minnesota/Taylors Falls,,,631067,Sunrise River Landing to Taylors Falls Dam (Overnight Camping),Canoe-Kayak,1,25,0,https://fareharbor.com/embeds/calendar/ericscanoerental/items/631067/?asn=fhdn&asn-ref=alloutdooradventures&ref=alloutdooradventures&bookable-only=yes&full-items=yes&marketplace=yes&flow=no,"<script src=""https://fareharbor.com/embeds/script/calendar/ericscanoerental/items/631067/?asn=fhdn&asn-ref=alloutdooradventures&ref=alloutdooradventures&bookable-only=yes&full-items=yes&marketplace=yes&flow=no""></script>",https://fareharbor.com/embeds/book/ericscanoerental/items/631067/?asn=fhdn&asn-ref=alloutdooradventures&ref=alloutdooradventures&bookable-only=yes&full-items=yes&marketplace=yes&flow=no,https://cdn.filestackcontent.com/v20d8U1kSMOeizubwaFX
Eric's Canoe and Kayak Rental,ericscanoerental,eric@ericscanoe.com,651-270-1561,United States/Minnesota/Taylors Falls,,,631377,Grantsburg Landing to Taylors Fall Dam (Overnight Camping),Canoe-Kayak,1,25,0,https://fareharbor.com/embeds/calendar/ericscanoerental/items/631377/?asn=fhdn&asn-ref=alloutdooradventures&ref=alloutdooradventures&bookable-only=yes&full-items=yes&marketplace=yes&flow=no,"<script src=""https://fareharbor.com/embeds/script/calendar/ericscanoerental/items/631377/?asn=fhdn&asn-ref=alloutdooradventures&ref=alloutdooradventures&bookable-only=yes&full-items=yes&marketplace=yes&flow=no""></script>",https://fareharbor.com/embeds/book/ericscanoerental/items/631377/?asn=fhdn&asn-ref=alloutdooradventures&ref=alloutdooradventures&bookable-only=yes&full-items=yes&marketplace=yes&flow=no,https://cdn.filestackcontent.com/mDFV7nUKRCqBcmKCceJ0
Falcon Lake Marina,falconlakemarina,info@falconlakemarina.net,1-204-349-8923,Canada/Manitoba/Whiteshell,,,635698,Canoe Rental,Canoe,1,25,0,https://fareharbor.com/embeds/calendar/falconlakemarina/items/635698/?asn=fhdn-cad&asn-ref=alloutdooradventures&ref=alloutdooradventures&bookable-only=yes&full-items=yes&marketplace=yes&flow=no,"<script src=""https://fareharbor.com/embeds/script/calendar/falconlakemarina/items/635698/?asn=fhdn-cad&asn-ref=alloutdooradventures&ref=alloutdooradventures&bookable-only=yes&full-items=yes&marketplace=yes&flow=no""></script>",https://fareharbor.com/embeds/book/falconlakemarina/items/635698/?asn=fhdn-cad&asn-ref=alloutdooradventures&ref=alloutdooradventures&bookable-only=yes&full-items=yes&marketplace=yes&flow=no,https://cdn.filestackcontent.com/pzTDCD9xQXSMuMPpwNhC
Northern Waters Outfitters,beoutside,northernwatersoutfitters@gmail.com,16034823817,United States/New Hampshire/Errol,,,643860,Canoe Rentals,Canoe,1,25,0,https://fareharbor.com/embeds/calendar/beoutside/items/643860/?asn=fhdn&asn-ref=alloutdooradventures&ref=alloutdooradventures&bookable-only=yes&full-items=yes&marketplace=yes&flow=no,"<script src=""https://fareharbor.com/embeds/script/calendar/beoutside/items/643860/?asn=fhdn&asn-ref=alloutdooradventures&ref=alloutdooradventures&bookable-only=yes&full-items=yes&marketplace=yes&flow=no""></script>",https://fareharbor.com/embeds/book/beoutside/items/643860/?asn=fhdn&asn-ref=alloutdooradventures&ref=alloutdooradventures&bookable-only=yes&full-items=yes&marketplace=yes&flow=no,https://cdn.filestackcontent.com/1IyDeBhGQL6WoHKZV9CE
Alaska & Yukon Tours,alaskayukontours,info@bookayt.net,+1 907-531-9140,United States/Alaska/Juneau,,,391823,Matanuska Glacier with Guide (from Anchorage),Hiking-Photography Tour-Transportation-Walking Tour,3,24,0,https://fareharbor.com/embeds/calendar/alaskayukontours/items/391823/?asn=fhdn&asn-ref=alloutdooradventures&ref=alloutdooradventures&bookable-only=yes&full-items=yes&marketplace=yes&flow=no,"<script src=""https://fareharbor.com/embeds/script/calendar/alaskayukontours/items/391823/?asn=fhdn&asn-ref=alloutdooradventures&ref=alloutdooradventures&bookable-only=yes&full-items=yes&marketplace=yes&flow=no""></script>",https://fareharbor.com/embeds/book/alaskayukontours/items/391823/?asn=fhdn&asn-ref=alloutdooradventures&ref=alloutdooradventures&bookable-only=yes&full-items=yes&marketplace=yes&flow=no,https://cdn.filestackcontent.com/kMoza1RhmN6ffBMUFZ4Q
First Nature Tours,firstnaturetours-or,info@firstnaturetours.com,(503) 395-7933,United States/Oregon/Hood River,,,587116,Pedals & Pines - The Banks-Vernonia Trail Adventure,Bike Tour,1,24,0,https://fareharbor.com/embeds/calendar/firstnaturetours-or/items/587116/?asn=fhdn&asn-ref=alloutdooradventures&ref=alloutdooradventures&bookable-only=yes&full-items=yes&marketplace=yes&flow=no,"<script src=""https://fareharbor.com/embeds/script/calendar/firstnaturetours-or/items/587116/?asn=fhdn&asn-ref=alloutdooradventures&ref=alloutdooradventures&bookable-only=yes&full-items=yes&marketplace=yes&flow=no""></script>",https://fareharbor.com/embeds/book/firstnaturetours-or/items/587116/?asn=fhdn&asn-ref=alloutdooradventures&ref=alloutdooradventures&bookable-only=yes&full-items=yes&marketplace=yes&flow=no,https://cdn.filestackcontent.com/wTpypQRAQnSWsqyeZs7G
VIBE,vibebackcountry,info@vibebackcountry.com,604 901 2579,Canada/British Columbia/Port Hardy,-127.496667,50.720823,603818,Hike the North Coast Trail – A Remote Adventure on Vancouver Island,Hiking,1,24,0,https://fareharbor.com/embeds/calendar/vibebackcountry/items/603818/?asn=fhdn-cad&asn-ref=alloutdooradventures&ref=alloutdooradventures&bookable-only=yes&full-items=yes&marketplace=yes&flow=no,"<script src=""https://fareharbor.com/embeds/script/calendar/vibebackcountry/items/603818/?asn=fhdn-cad&asn-ref=alloutdooradventures&ref=alloutdooradventures&bookable-only=yes&full-items=yes&marketplace=yes&flow=no""></script>",https://fareharbor.com/embeds/book/vibebackcountry/items/603818/?asn=fhdn-cad&asn-ref=alloutdooradventures&ref=alloutdooradventures&bookable-only=yes&full-items=yes&marketplace=yes&flow=no,https://cdn.filestackcontent.com/k0LUeYdQTrCSq4Zpli0r
VIBE,vibebackcountry,info@vibebackcountry.com,604 901 2579,Canada/British Columbia/Port Renfrew,-124.422299,48.552966,603914,Hike the West Coast Trail – The Hike of a Lifetime,Hiking,1,24,1,https://fareharbor.com/embeds/calendar/vibebackcountry/items/603914/?asn=fhdn-cad&asn-ref=alloutdooradventures&ref=alloutdooradventures&bookable-only=yes&full-items=yes&marketplace=yes&flow=no,"<script src=""https://fareharbor.com/embeds/script/calendar/vibebackcountry/items/603914/?asn=fhdn-cad&asn-ref=alloutdooradventures&ref=alloutdooradventures&bookable-only=yes&full-items=yes&marketplace=yes&flow=no""></script>",https://fareharbor.com/embeds/book/vibebackcountry/items/603914/?asn=fhdn-cad&asn-ref=alloutdooradventures&ref=alloutdooradventures&bookable-only=yes&full-items=yes&marketplace=yes&flow=no,https://cdn.filestackcontent.com/agO9c9hTGyIuvub04srI
VIBE,vibebackcountry,info@vibebackcountry.com,604 901 2579,Canada/British Columbia/Gold River,-126.049615,49.778164,603923,Hike the Nootka Trail – A Journey Through History and Wilderness,Hiking,1,24,0,https://fareharbor.com/embeds/calendar/vibebackcountry/items/603923/?asn=fhdn-cad&asn-ref=alloutdooradventures&ref=alloutdooradventures&bookable-only=yes&full-items=yes&marketplace=yes&flow=no,"<script src=""https://fareharbor.com/embeds/script/calendar/vibebackcountry/items/603923/?asn=fhdn-cad&asn-ref=alloutdooradventures&ref=alloutdooradventures&bookable-only=yes&full-items=yes&marketplace=yes&flow=no""></script>",https://fareharbor.com/embeds/book/vibebackcountry/items/603923/?asn=fhdn-cad&asn-ref=alloutdooradventures&ref=alloutdooradventures&bookable-only=yes&full-items=yes&marketplace=yes&flow=no,https://cdn.filestackcontent.com/S9qoDhNPRDnP10jJAkAa
VIBE,vibebackcountry,info@vibebackcountry.com,604 901 2579,Canada/British Columbia/Port Alberni,-124.805549,49.233888,603926,Hike the Juan de Fuca Trail – Vancouver Island’s Coastal Gem,Hiking,1,24,0,https://fareharbor.com/embeds/calendar/vibebackcountry/items/603926/?asn=fhdn-cad&asn-ref=alloutdooradventures&ref=alloutdooradventures&bookable-only=yes&full-items=yes&marketplace=yes&flow=no,"<script src=""https://fareharbor.com/embeds/script/calendar/vibebackcountry/items/603926/?asn=fhdn-cad&asn-ref=alloutdooradventures&ref=alloutdooradventures&bookable-only=yes&full-items=yes&marketplace=yes&flow=no""></script>",https://fareharbor.com/embeds/book/vibebackcountry/items/603926/?asn=fhdn-cad&asn-ref=alloutdooradventures&ref=alloutdooradventures&bookable-only=yes&full-items=yes&marketplace=yes&flow=no,https://cdn.filestackcontent.com/3zqqhS41RzSebwglY5zL
VIBE,vibebackcountry,info@vibebackcountry.com,604 901 2579,Canada/British Columbia/Cumberland,-125.031269,49.618806,603928,Hike the Della Falls Trail – Explore Canada’s Iconic Waterfall,Hiking,1,24,0,https://fareharbor.com/embeds/calendar/vibebackcountry/items/603928/?asn=fhdn-cad&asn-ref=alloutdooradventures&ref=alloutdooradventures&bookable-only=yes&full-items=yes&marketplace=yes&flow=no,"<script src=""https://fareharbor.com/embeds/script/calendar/vibebackcountry/items/603928/?asn=fhdn-cad&asn-ref=alloutdooradventures&ref=alloutdooradventures&bookable-only=yes&full-items=yes&marketplace=yes&flow=no""></script>",https://fareharbor.com/embeds/book/vibebackcountry/items/603928/?asn=fhdn-cad&asn-ref=alloutdooradventures&ref=alloutdooradventures&bookable-only=yes&full-items=yes&marketplace=yes&flow=no,https://cdn.filestackcontent.com/nvMS3UTrPQJni6JyRTQz
Bozeman Bike Tours,bozemanbiketours,Info@bozemanbiketours.com,406-209-8677,United States/Montana/Bozeman,,,616665,Large Group Tour,Bike Tour,1,24,0,https://fareharbor.com/embeds/calendar/bozemanbiketours/items/616665/?asn=fhdn&asn-ref=alloutdooradventures&ref=alloutdooradventures&bookable-only=yes&full-items=yes&marketplace=yes&flow=no,"<script src=""https://fareharbor.com/embeds/script/calendar/bozemanbiketours/items/616665/?asn=fhdn&asn-ref=alloutdooradventures&ref=alloutdooradventures&bookable-only=yes&full-items=yes&marketplace=yes&flow=no""></script>",https://fareharbor.com/embeds/book/bozemanbiketours/items/616665/?asn=fhdn&asn-ref=alloutdooradventures&ref=alloutdooradventures&bookable-only=yes&full-items=yes&marketplace=yes&flow=no,https://cdn.filestackcontent.com/YEwfGaLfSF2iVySVW2TJ
Eric's Canoe and Kayak Rental,ericscanoerental,eric@ericscanoe.com,651-270-1561,United States/Minnesota/Taylors Falls,,,631027,Wild River Landing to Taylors Falls Dam,Canoe-Kayak,1,24,0,https://fareharbor.com/embeds/calendar/ericscanoerental/items/631027/?asn=fhdn&asn-ref=alloutdooradventures&ref=alloutdooradventures&bookable-only=yes&full-items=yes&marketplace=yes&flow=no,"<script src=""https://fareharbor.com/embeds/script/calendar/ericscanoerental/items/631027/?asn=fhdn&asn-ref=alloutdooradventures&ref=alloutdooradventures&bookable-only=yes&full-items=yes&marketplace=yes&flow=no""></script>",https://fareharbor.com/embeds/book/ericscanoerental/items/631027/?asn=fhdn&asn-ref=alloutdooradventures&ref=alloutdooradventures&bookable-only=yes&full-items=yes&marketplace=yes&flow=no,https://cdn.filestackcontent.com/FhfrrwsQ2FvfJJUd3kGg
Joy Rails Chehalis Washington,joyrails-wa,chehalis@joyrails.com,1-541-786-8205,United States/Washington/Chehalis,,,648525,Rail Bike Tour Public Bike,Bike Tour,1,24,0,https://fareharbor.com/embeds/calendar/joyrails-wa/items/648525/?asn=fhdn&asn-ref=alloutdooradventures&ref=alloutdooradventures&bookable-only=yes&full-items=yes&marketplace=yes&flow=no,"<script src=""https://fareharbor.com/embeds/script/calendar/joyrails-wa/items/648525/?asn=fhdn&asn-ref=alloutdooradventures&ref=alloutdooradventures&bookable-only=yes&full-items=yes&marketplace=yes&flow=no""></script>",https://fareharbor.com/embeds/book/joyrails-wa/items/648525/?asn=fhdn&asn-ref=alloutdooradventures&ref=alloutdooradventures&bookable-only=yes&full-items=yes&marketplace=yes&flow=no,https://cdn.filestackcontent.com/GTgCq9UCS6SN4pD2NKAp
Joy Rails Chehalis Washington,joyrails-wa,chehalis@joyrails.com,1-541-786-8205,United States/Washington/Chehalis,,,648528,Rail Bike Tour Private Bike,Bike Tour,1,24,0,https://fareharbor.com/embeds/calendar/joyrails-wa/items/648528/?asn=fhdn&asn-ref=alloutdooradventures&ref=alloutdooradventures&bookable-only=yes&full-items=yes&marketplace=yes&flow=no,"<script src=""https://fareharbor.com/embeds/script/calendar/joyrails-wa/items/648528/?asn=fhdn&asn-ref=alloutdooradventures&ref=alloutdooradventures&bookable-only=yes&full-items=yes&marketplace=yes&flow=no""></script>",https://fareharbor.com/embeds/book/joyrails-wa/items/648528/?asn=fhdn&asn-ref=alloutdooradventures&ref=alloutdooradventures&bookable-only=yes&full-items=yes&marketplace=yes&flow=no,https://cdn.filestackcontent.com/q0UXlvUjQcW0Xkwzc3Xx
Teton Scenic Floats and Fly Fishing,fishinginyellowstone,tetonfloats@gmail.com,(307) 413-4464,United States/Wyoming/Jackson,,,212498,Yellowstone Motor Driftboat Fishing - Full Day,Boat Tour-Fishing-Hiking-Lodging,1,23,39,https://fareharbor.com/embeds/calendar/fishinginyellowstone/items/212498/?asn=fhdn&asn-ref=alloutdooradventures&ref=alloutdooradventures&bookable-only=yes&full-items=yes&marketplace=yes&flow=no,"<script src=""https://fareharbor.com/embeds/script/calendar/fishinginyellowstone/items/212498/?asn=fhdn&asn-ref=alloutdooradventures&ref=alloutdooradventures&bookable-only=yes&full-items=yes&marketplace=yes&flow=no""></script>",https://fareharbor.com/embeds/book/fishinginyellowstone/items/212498/?asn=fhdn&asn-ref=alloutdooradventures&ref=alloutdooradventures&bookable-only=yes&full-items=yes&marketplace=yes&flow=no,https://cdn.filestackcontent.com/qZ6AevMLQLeB8Ko1n2ZB
Into the Wild Tours,intothewildtours,info@intothewildtours.ca,403-493-9103,Canada/Alberta/Banff,-115.32687,51.057982,528128,Moraine Lake and Lake Louise Morning,Guided Tour-Sightseeing Tour-Transportation-Wildlife,1,23,152,https://fareharbor.com/embeds/calendar/intothewildtours/items/528128/?asn=fhdn-cad&asn-ref=alloutdooradventures&ref=alloutdooradventures&bookable-only=yes&full-items=yes&marketplace=yes&flow=no,"<script src=""https://fareharbor.com/embeds/script/calendar/intothewildtours/items/528128/?asn=fhdn-cad&asn-ref=alloutdooradventures&ref=alloutdooradventures&bookable-only=yes&full-items=yes&marketplace=yes&flow=no""></script>",https://fareharbor.com/embeds/book/intothewildtours/items/528128/?asn=fhdn-cad&asn-ref=alloutdooradventures&ref=alloutdooradventures&bookable-only=yes&full-items=yes&marketplace=yes&flow=no,https://cdn.filestackcontent.com/J1EzAQBFRP6spGLTnatu
Into the Wild Tours,intothewildtours,info@intothewildtours.ca,403-493-9103,Canada/Alberta/Banff,-115.32687,51.057982,528133,Moraine Lake Extended Tour,Sightseeing Tour-Transportation-Wildlife,1,23,152,https://fareharbor.com/embeds/calendar/intothewildtours/items/528133/?asn=fhdn-cad&asn-ref=alloutdooradventures&ref=alloutdooradventures&bookable-only=yes&full-items=yes&marketplace=yes&flow=no,"<script src=""https://fareharbor.com/embeds/script/calendar/intothewildtours/items/528133/?asn=fhdn-cad&asn-ref=alloutdooradventures&ref=alloutdooradventures&bookable-only=yes&full-items=yes&marketplace=yes&flow=no""></script>",https://fareharbor.com/embeds/book/intothewildtours/items/528133/?asn=fhdn-cad&asn-ref=alloutdooradventures&ref=alloutdooradventures&bookable-only=yes&full-items=yes&marketplace=yes&flow=no,https://cdn.filestackcontent.com/JIC3BhPuRpihvGN21CRK
Into the Wild Tours,intothewildtours,info@intothewildtours.ca,403-493-9103,Canada/Alberta/Banff,-115.32687,51.057982,537403,Lake Louise Extended Tour,Eco Tour-Sightseeing Tour-Wildlife,1,23,152,https://fareharbor.com/embeds/calendar/intothewildtours/items/537403/?asn=fhdn-cad&asn-ref=alloutdooradventures&ref=alloutdooradventures&bookable-only=yes&full-items=yes&marketplace=yes&flow=no,"<script src=""https://fareharbor.com/embeds/script/calendar/intothewildtours/items/537403/?asn=fhdn-cad&asn-ref=alloutdooradventures&ref=alloutdooradventures&bookable-only=yes&full-items=yes&marketplace=yes&flow=no""></script>",https://fareharbor.com/embeds/book/intothewildtours/items/537403/?asn=fhdn-cad&asn-ref=alloutdooradventures&ref=alloutdooradventures&bookable-only=yes&full-items=yes&marketplace=yes&flow=no,https://cdn.filestackcontent.com/Fns6rlrTQqqG2axQxVk7
Into the Wild Tours,intothewildtours,info@intothewildtours.ca,403-493-9103,Canada/Alberta/Banff,-115.32687,51.057982,537407,Sunset at Moraine Lake & Stargazing,Guided Tour-Northern Lights Tour-Sightseeing Tour-Wildlife,1,23,76,https://fareharbor.com/embeds/calendar/intothewildtours/items/537407/?asn=fhdn-cad&asn-ref=alloutdooradventures&ref=alloutdooradventures&bookable-only=yes&full-items=yes&marketplace=yes&flow=no,"<script src=""https://fareharbor.com/embeds/script/calendar/intothewildtours/items/537407/?asn=fhdn-cad&asn-ref=alloutdooradventures&ref=alloutdooradventures&bookable-only=yes&full-items=yes&marketplace=yes&flow=no""></script>",https://fareharbor.com/embeds/book/intothewildtours/items/537407/?asn=fhdn-cad&asn-ref=alloutdooradventures&ref=alloutdooradventures&bookable-only=yes&full-items=yes&marketplace=yes&flow=no,https://cdn.filestackcontent.com/wYtKy5CGQPubRAGSp7FX
Bay of Fundy Adventures,bayoffundyadventures,info@bayoffundyadventures.com,(506) 833-2231,Canada/New Brunswick/Saint Martins,,,690392,Fundy Footpath Section Hike,Hiking,1,23,0,https://fareharbor.com/embeds/calendar/bayoffundyadventures/items/690392/?asn=fhdn-cad&asn-ref=alloutdooradventures&ref=alloutdooradventures&bookable-only=yes&full-items=yes&marketplace=yes&flow=no,"<script src=""https://fareharbor.com/embeds/script/calendar/bayoffundyadventures/items/690392/?asn=fhdn-cad&asn-ref=alloutdooradventures&ref=alloutdooradventures&bookable-only=yes&full-items=yes&marketplace=yes&flow=no""></script>",https://fareharbor.com/embeds/book/bayoffundyadventures/items/690392/?asn=fhdn-cad&asn-ref=alloutdooradventures&ref=alloutdooradventures&bookable-only=yes&full-items=yes&marketplace=yes&flow=no,https://cdn.filestackcontent.com/PGJIVaJuTmurj1XdcR4y
Bay of Fundy Adventures,bayoffundyadventures,info@bayoffundyadventures.com,(506) 833-2231,Canada/New Brunswick/Saint Martins,,,690421,Fundy Footpath Expedition,Hiking,1,23,0,https://fareharbor.com/embeds/calendar/bayoffundyadventures/items/690421/?asn=fhdn-cad&asn-ref=alloutdooradventures&ref=alloutdooradventures&bookable-only=yes&full-items=yes&marketplace=yes&flow=no,"<script src=""https://fareharbor.com/embeds/script/calendar/bayoffundyadventures/items/690421/?asn=fhdn-cad&asn-ref=alloutdooradventures&ref=alloutdooradventures&bookable-only=yes&full-items=yes&marketplace=yes&flow=no""></script>",https://fareharbor.com/embeds/book/bayoffundyadventures/items/690421/?asn=fhdn-cad&asn-ref=alloutdooradventures&ref=alloutdooradventures&bookable-only=yes&full-items=yes&marketplace=yes&flow=no,https://cdn.filestackcontent.com/mvwErdPOQSe4buu4wfs4
Wild Blue Yonder Rafting Adventures - Grande Cache,wildblueyondergrandecache,fun@wildblueyonder.ca,1-877-945-3786,Canada/Alberta/Grande Cache,,,303197,Smoky River - Hiker Ferry,Ferry-Hiking-Walking Tour,1,19,0,https://fareharbor.com/embeds/calendar/wildblueyondergrandecache/items/303197/?asn=fhdn-cad&asn-ref=alloutdooradventures&ref=alloutdooradventures&bookable-only=yes&full-items=yes&marketplace=yes&flow=no,"<script src=""https://fareharbor.com/embeds/script/calendar/wildblueyondergrandecache/items/303197/?asn=fhdn-cad&asn-ref=alloutdooradventures&ref=alloutdooradventures&bookable-only=yes&full-items=yes&marketplace=yes&flow=no""></script>",https://fareharbor.com/embeds/book/wildblueyondergrandecache/items/303197/?asn=fhdn-cad&asn-ref=alloutdooradventures&ref=alloutdooradventures&bookable-only=yes&full-items=yes&marketplace=yes&flow=no,https://cdn.filestackcontent.com/Xl2wCihQGa3LX6rW9pfQ
Three Creek Lake Store and Marina,threecreeklake,threecreekslake@gmail.com,541-318-0123,United States/Oregon/Sisters,,,317103,Pedal Boats,Boat Rental-Fishing-Hiking,1,19,0,https://fareharbor.com/embeds/calendar/threecreeklake/items/317103/?asn=fhdn&asn-ref=alloutdooradventures&ref=alloutdooradventures&bookable-only=yes&full-items=yes&marketplace=yes&flow=no,"<script src=""https://fareharbor.com/embeds/script/calendar/threecreeklake/items/317103/?asn=fhdn&asn-ref=alloutdooradventures&ref=alloutdooradventures&bookable-only=yes&full-items=yes&marketplace=yes&flow=no""></script>",https://fareharbor.com/embeds/book/threecreeklake/items/317103/?asn=fhdn&asn-ref=alloutdooradventures&ref=alloutdooradventures&bookable-only=yes&full-items=yes&marketplace=yes&flow=no,https://cdn.filestackcontent.com/YD9J0zaIRaeKDvJstVBC
Three Creek Lake Store and Marina,threecreeklake,threecreekslake@gmail.com,541-318-0123,United States/Oregon/Sisters,,,317160,Stand Up Paddleboards,Canoe-Fishing-Hiking,1,19,0,https://fareharbor.com/embeds/calendar/threecreeklake/items/317160/?asn=fhdn&asn-ref=alloutdooradventures&ref=alloutdooradventures&bookable-only=yes&full-items=yes&marketplace=yes&flow=no,"<script src=""https://fareharbor.com/embeds/script/calendar/threecreeklake/items/317160/?asn=fhdn&asn-ref=alloutdooradventures&ref=alloutdooradventures&bookable-only=yes&full-items=yes&marketplace=yes&flow=no""></script>",https://fareharbor.com/embeds/book/threecreeklake/items/317160/?asn=fhdn&asn-ref=alloutdooradventures&ref=alloutdooradventures&bookable-only=yes&full-items=yes&marketplace=yes&flow=no,https://cdn.filestackcontent.com/N232fMdSHOV2kmAH3wp9
Tied To Nature,tiedtonature,info@tiedtonature.com,208-351-5932,United States/Idaho/Island Park,,,416025,South Africa Big 5 Wildlife Safari,Wildlife,1,19,0,https://fareharbor.com/embeds/calendar/tiedtonature/items/416025/?asn=fhdn&asn-ref=alloutdooradventures&ref=alloutdooradventures&bookable-only=yes&full-items=yes&marketplace=yes&flow=no,"<script src=""https://fareharbor.com/embeds/script/calendar/tiedtonature/items/416025/?asn=fhdn&asn-ref=alloutdooradventures&ref=alloutdooradventures&bookable-only=yes&full-items=yes&marketplace=yes&flow=no""></script>",https://fareharbor.com/embeds/book/tiedtonature/items/416025/?asn=fhdn&asn-ref=alloutdooradventures&ref=alloutdooradventures&bookable-only=yes&full-items=yes&marketplace=yes&flow=no,https://cdn.filestackcontent.com/oNUjyxPuRN6m8GwgJzQ7
Tales on Trails,talesontrails,info@islandtrailsecotours.com,514-797-6405,Canada/British Columbia/Victoria,,,477755,Forest Walking Tours,Hiking,1,19,0,https://fareharbor.com/embeds/calendar/talesontrails/items/477755/?asn=fhdn-cad&asn-ref=alloutdooradventures&ref=alloutdooradventures&bookable-only=yes&full-items=yes&marketplace=yes&flow=no,"<script src=""https://fareharbor.com/embeds/script/calendar/talesontrails/items/477755/?asn=fhdn-cad&asn-ref=alloutdooradventures&ref=alloutdooradventures&bookable-only=yes&full-items=yes&marketplace=yes&flow=no""></script>",https://fareharbor.com/embeds/book/talesontrails/items/477755/?asn=fhdn-cad&asn-ref=alloutdooradventures&ref=alloutdooradventures&bookable-only=yes&full-items=yes&marketplace=yes&flow=no,https://cdn.filestackcontent.com/eQHJoT7nRRqpNy5a8TFW
Bracken Hill Farm,brackenhillfarm,emily@brackenhillfarm.com,508-905-0116,United States/Massachusetts/Northborough,,,523413,Private Baby Goat Cuddle & Hike,Hiking-Private-Walking Tour,1,19,24,https://fareharbor.com/embeds/calendar/brackenhillfarm/items/523413/?asn=fhdn&asn-ref=alloutdooradventures&ref=alloutdooradventures&bookable-only=yes&full-items=yes&marketplace=yes&flow=no,"<script src=""https://fareharbor.com/embeds/script/calendar/brackenhillfarm/items/523413/?asn=fhdn&asn-ref=alloutdooradventures&ref=alloutdooradventures&bookable-only=yes&full-items=yes&marketplace=yes&flow=no""></script>",https://fareharbor.com/embeds/book/brackenhillfarm/items/523413/?asn=fhdn&asn-ref=alloutdooradventures&ref=alloutdooradventures&bookable-only=yes&full-items=yes&marketplace=yes&flow=no,https://cdn.filestackcontent.com/7NJoFsoWQCmetTwlfeMF
Bracken Hill Farm,brackenhillfarm,emily@brackenhillfarm.com,508-905-0116,United States/Massachusetts/Northborough,,,544480,Picnic Lunch & Hike,Hiking-Walking Tour,1,19,0,https://fareharbor.com/embeds/calendar/brackenhillfarm/items/544480/?asn=fhdn&asn-ref=alloutdooradventures&ref=alloutdooradventures&bookable-only=yes&full-items=yes&marketplace=yes&flow=no,"<script src=""https://fareharbor.com/embeds/script/calendar/brackenhillfarm/items/544480/?asn=fhdn&asn-ref=alloutdooradventures&ref=alloutdooradventures&bookable-only=yes&full-items=yes&marketplace=yes&flow=no""></script>",https://fareharbor.com/embeds/book/brackenhillfarm/items/544480/?asn=fhdn&asn-ref=alloutdooradventures&ref=alloutdooradventures&bookable-only=yes&full-items=yes&marketplace=yes&flow=no,https://cdn.filestackcontent.com/BpiJXOytThaC979D3Ipg
Take Adventures Everyday,takeadventureseveryday,tom@takeadventureseveryday.com,6072016694,United States/New York/Port Crane,,,548549,Birding Trip,Wildlife,1,19,0,https://fareharbor.com/embeds/calendar/takeadventureseveryday/items/548549/?asn=fhdn&asn-ref=alloutdooradventures&ref=alloutdooradventures&bookable-only=yes&full-items=yes&marketplace=yes&flow=no,"<script src=""https://fareharbor.com/embeds/script/calendar/takeadventureseveryday/items/548549/?asn=fhdn&asn-ref=alloutdooradventures&ref=alloutdooradventures&bookable-only=yes&full-items=yes&marketplace=yes&flow=no""></script>",https://fareharbor.com/embeds/book/takeadventureseveryday/items/548549/?asn=fhdn&asn-ref=alloutdooradventures&ref=alloutdooradventures&bookable-only=yes&full-items=yes&marketplace=yes&flow=no,https://cdn.filestackcontent.com/ONlvxT5LTYujQ0H7b1TM
School of MTB,pedalirurali,info@schoolofmtb.com,604-849-3863,Canada/British Columbia/Kelowna,,,550740,Mountain Bike Adventures,Bike Tour,1,19,180,https://fareharbor.com/embeds/calendar/pedalirurali/items/550740/?asn=fhdn-cad&asn-ref=alloutdooradventures&ref=alloutdooradventures&bookable-only=yes&full-items=yes&marketplace=yes&flow=no,"<script src=""https://fareharbor.com/embeds/script/calendar/pedalirurali/items/550740/?asn=fhdn-cad&asn-ref=alloutdooradventures&ref=alloutdooradventures&bookable-only=yes&full-items=yes&marketplace=yes&flow=no""></script>",https://fareharbor.com/embeds/book/pedalirurali/items/550740/?asn=fhdn-cad&asn-ref=alloutdooradventures&ref=alloutdooradventures&bookable-only=yes&full-items=yes&marketplace=yes&flow=no,https://cdn.filestackcontent.com/FAAYD5oThKiVvBT1jtj8
School of MTB,pedalirurali,info@schoolofmtb.com,604-849-3863,Canada/British Columbia/Kelowna,,,550742,Gravel Adventures,Bike Tour,1,19,0,https://fareharbor.com/embeds/calendar/pedalirurali/items/550742/?asn=fhdn-cad&asn-ref=alloutdooradventures&ref=alloutdooradventures&bookable-only=yes&full-items=yes&marketplace=yes&flow=no,"<script src=""https://fareharbor.com/embeds/script/calendar/pedalirurali/items/550742/?asn=fhdn-cad&asn-ref=alloutdooradventures&ref=alloutdooradventures&bookable-only=yes&full-items=yes&marketplace=yes&flow=no""></script>",https://fareharbor.com/embeds/book/pedalirurali/items/550742/?asn=fhdn-cad&asn-ref=alloutdooradventures&ref=alloutdooradventures&bookable-only=yes&full-items=yes&marketplace=yes&flow=no,https://cdn.filestackcontent.com/BQocvbyBStKURl9nXaEA
Bracken Hill Farm,brackenhillfarm,emily@brackenhillfarm.com,508-905-0116,United States/Massachusetts/Northborough,,,558083,Fourth of July BYO Hike,Hiking-Walking Tour,1,19,0,https://fareharbor.com/embeds/calendar/brackenhillfarm/items/558083/?asn=fhdn&asn-ref=alloutdooradventures&ref=alloutdooradventures&bookable-only=yes&full-items=yes&marketplace=yes&flow=no,"<script src=""https://fareharbor.com/embeds/script/calendar/brackenhillfarm/items/558083/?asn=fhdn&asn-ref=alloutdooradventures&ref=alloutdooradventures&bookable-only=yes&full-items=yes&marketplace=yes&flow=no""></script>",https://fareharbor.com/embeds/book/brackenhillfarm/items/558083/?asn=fhdn&asn-ref=alloutdooradventures&ref=alloutdooradventures&bookable-only=yes&full-items=yes&marketplace=yes&flow=no,https://cdn.filestackcontent.com/2UVAF8CvTf6VejzbTFSA
VIBE,vibebackcountry,info@vibebackcountry.com,604 901 2579,Canada/British Columbia/Comox-Strathcona C,,,603497,"Intro to Backpacking Course, 2-Day, 1-Night",Climbing,1,19,0,https://fareharbor.com/embeds/calendar/vibebackcountry/items/603497/?asn=fhdn-cad&asn-ref=alloutdooradventures&ref=alloutdooradventures&bookable-only=yes&full-items=yes&marketplace=yes&flow=no,"<script src=""https://fareharbor.com/embeds/script/calendar/vibebackcountry/items/603497/?asn=fhdn-cad&asn-ref=alloutdooradventures&ref=alloutdooradventures&bookable-only=yes&full-items=yes&marketplace=yes&flow=no""></script>",https://fareharbor.com/embeds/book/vibebackcountry/items/603497/?asn=fhdn-cad&asn-ref=alloutdooradventures&ref=alloutdooradventures&bookable-only=yes&full-items=yes&marketplace=yes&flow=no,https://cdn.filestackcontent.com/P7JXYw8iSfCDlYzXCoOw
989 Barbeque LLC,989barbequellc,southstateparkstore@gmail.com,(989) 821-1049,United States/Michigan/Roscommon,,,613348,Pontoon 10 Seater,Boat Rental,1,19,172,https://fareharbor.com/embeds/calendar/989barbequellc/items/613348/?asn=fhdn&asn-ref=alloutdooradventures&ref=alloutdooradventures&bookable-only=yes&full-items=yes&marketplace=yes&flow=no,"<script src=""https://fareharbor.com/embeds/script/calendar/989barbequellc/items/613348/?asn=fhdn&asn-ref=alloutdooradventures&ref=alloutdooradventures&bookable-only=yes&full-items=yes&marketplace=yes&flow=no""></script>",https://fareharbor.com/embeds/book/989barbequellc/items/613348/?asn=fhdn&asn-ref=alloutdooradventures&ref=alloutdooradventures&bookable-only=yes&full-items=yes&marketplace=yes&flow=no,https://cdn.filestackcontent.com/hwMM7j4ZSKCMQYn18F55
Tongass Tides,tongasstides,wandrews907@gmail.com,9077234641,United States/Alaska/Juneau,,,625699,Private Boat Tour,Boat Tour,1,19,0,https://fareharbor.com/embeds/calendar/tongasstides/items/625699/?asn=fhdn&asn-ref=alloutdooradventures&ref=alloutdooradventures&bookable-only=yes&full-items=yes&marketplace=yes&flow=no,"<script src=""https://fareharbor.com/embeds/script/calendar/tongasstides/items/625699/?asn=fhdn&asn-ref=alloutdooradventures&ref=alloutdooradventures&bookable-only=yes&full-items=yes&marketplace=yes&flow=no""></script>",https://fareharbor.com/embeds/book/tongasstides/items/625699/?asn=fhdn&asn-ref=alloutdooradventures&ref=alloutdooradventures&bookable-only=yes&full-items=yes&marketplace=yes&flow=no,https://cdn.filestackcontent.com/m6iAWuWIRTK21fLeowfm
Outdoor Escapes,outdoorescapesnh,naturenut@outdoorescapesnewhampshire.com,603-528-0136,United States/New Hampshire/Freedom,,,215972,2-Day River Canoe Camping 101,Canoe,1,18,0,https://fareharbor.com/embeds/calendar/outdoorescapesnh/items/215972/?asn=fhdn&asn-ref=alloutdooradventures&ref=alloutdooradventures&bookable-only=yes&full-items=yes&marketplace=yes&flow=no,"<script src=""https://fareharbor.com/embeds/script/calendar/outdoorescapesnh/items/215972/?asn=fhdn&asn-ref=alloutdooradventures&ref=alloutdooradventures&bookable-only=yes&full-items=yes&marketplace=yes&flow=no""></script>",https://fareharbor.com/embeds/book/outdoorescapesnh/items/215972/?asn=fhdn&asn-ref=alloutdooradventures&ref=alloutdooradventures&bookable-only=yes&full-items=yes&marketplace=yes&flow=no,https://cdn.filestackcontent.com/e3sowVBVRLeqCeyNzjuo
Three Creek Lake Store and Marina,threecreeklake,threecreekslake@gmail.com,541-318-0123,United States/Oregon/Sisters,,,317116,Aluminum Fishing Boats,Boat Rental-Fishing-Hiking,1,18,0,https://fareharbor.com/embeds/calendar/threecreeklake/items/317116/?asn=fhdn&asn-ref=alloutdooradventures&ref=alloutdooradventures&bookable-only=yes&full-items=yes&marketplace=yes&flow=no,"<script src=""https://fareharbor.com/embeds/script/calendar/threecreeklake/items/317116/?asn=fhdn&asn-ref=alloutdooradventures&ref=alloutdooradventures&bookable-only=yes&full-items=yes&marketplace=yes&flow=no""></script>",https://fareharbor.com/embeds/book/threecreeklake/items/317116/?asn=fhdn&asn-ref=alloutdooradventures&ref=alloutdooradventures&bookable-only=yes&full-items=yes&marketplace=yes&flow=no,https://cdn.filestackcontent.com/2DJB7zASiyQJRwNvp69w
Three Creek Lake Store and Marina,threecreeklake,threecreekslake@gmail.com,541-318-0123,United States/Oregon/Sisters,,,317154,Canoes,Canoe-Fishing-Hiking,1,18,0,https://fareharbor.com/embeds/calendar/threecreeklake/items/317154/?asn=fhdn&asn-ref=alloutdooradventures&ref=alloutdooradventures&bookable-only=yes&full-items=yes&marketplace=yes&flow=no,"<script src=""https://fareharbor.com/embeds/script/calendar/threecreeklake/items/317154/?asn=fhdn&asn-ref=alloutdooradventures&ref=alloutdooradventures&bookable-only=yes&full-items=yes&marketplace=yes&flow=no""></script>",https://fareharbor.com/embeds/book/threecreeklake/items/317154/?asn=fhdn&asn-ref=alloutdooradventures&ref=alloutdooradventures&bookable-only=yes&full-items=yes&marketplace=yes&flow=no,https://cdn.filestackcontent.com/JEfsrIUToM6Dk2VLoPVA
Lost Plate Food Tours,lostplate-asia,info@lostplate.com,,United States/Oregon/Portland,,,677978,"Chengdu Full-day Giant Panda, Teahouse & Evening Food Tour",City Tour-Food Tour-Guided Tour-Sightseeing Tour-Transportation-Tuk Tuk-Wildlife,4,17,170,https://fareharbor.com/embeds/calendar/lostplate-asia/items/677978/?asn=fhdn&asn-ref=alloutdooradventures&ref=alloutdooradventures&bookable-only=yes&full-items=yes&marketplace=yes&flow=no,"<script src=""https://fareharbor.com/embeds/script/calendar/lostplate-asia/items/677978/?asn=fhdn&asn-ref=alloutdooradventures&ref=alloutdooradventures&bookable-only=yes&full-items=yes&marketplace=yes&flow=no""></script>",https://fareharbor.com/embeds/book/lostplate-asia/items/677978/?asn=fhdn&asn-ref=alloutdooradventures&ref=alloutdooradventures&bookable-only=yes&full-items=yes&marketplace=yes&flow=no,https://cdn.filestackcontent.com/vdLD9ia0RhG6kZdSqYri
Prismatic Tours,prismatictours,info@prismatictours.com,+1(307) 352-9889,United States/Wyoming/Yellowstone National Park,,,542975,West Thumb Geyser Basin and Overlook Hike,Guided Tour-Hiking-History Tour-Walking Tour,0,15,0,https://fareharbor.com/embeds/calendar/prismatictours/items/542975/?asn=fhdn&asn-ref=alloutdooradventures&ref=alloutdooradventures&bookable-only=yes&full-items=yes&marketplace=yes&flow=no,"<script src=""https://fareharbor.com/embeds/script/calendar/prismatictours/items/542975/?asn=fhdn&asn-ref=alloutdooradventures&ref=alloutdooradventures&bookable-only=yes&full-items=yes&marketplace=yes&flow=no""></script>",https://fareharbor.com/embeds/book/prismatictours/items/542975/?asn=fhdn&asn-ref=alloutdooradventures&ref=alloutdooradventures&bookable-only=yes&full-items=yes&marketplace=yes&flow=no,
Prismatic Tours,prismatictours,info@prismatictours.com,+1(307) 352-9889,United States/Wyoming/Yellowstone National Park,,,545667,Mystic Falls Hike,Hiking-Walking Tour,0,15,0,https://fareharbor.com/embeds/calendar/prismatictours/items/545667/?asn=fhdn&asn-ref=alloutdooradventures&ref=alloutdooradventures&bookable-only=yes&full-items=yes&marketplace=yes&flow=no,"<script src=""https://fareharbor.com/embeds/script/calendar/prismatictours/items/545667/?asn=fhdn&asn-ref=alloutdooradventures&ref=alloutdooradventures&bookable-only=yes&full-items=yes&marketplace=yes&flow=no""></script>",https://fareharbor.com/embeds/book/prismatictours/items/545667/?asn=fhdn&asn-ref=alloutdooradventures&ref=alloutdooradventures&bookable-only=yes&full-items=yes&marketplace=yes&flow=no,
Prismatic Tours,prismatictours,info@prismatictours.com,+1(307) 352-9889,United States/Wyoming/Yellowstone National Park,,,545671,Avalanche Peak Hike,Hiking-Walking Tour,0,15,0,https://fareharbor.com/embeds/calendar/prismatictours/items/545671/?asn=fhdn&asn-ref=alloutdooradventures&ref=alloutdooradventures&bookable-only=yes&full-items=yes&marketplace=yes&flow=no,"<script src=""https://fareharbor.com/embeds/script/calendar/prismatictours/items/545671/?asn=fhdn&asn-ref=alloutdooradventures&ref=alloutdooradventures&bookable-only=yes&full-items=yes&marketplace=yes&flow=no""></script>",https://fareharbor.com/embeds/book/prismatictours/items/545671/?asn=fhdn&asn-ref=alloutdooradventures&ref=alloutdooradventures&bookable-only=yes&full-items=yes&marketplace=yes&flow=no,
Prismatic Tours,prismatictours,info@prismatictours.com,+1(307) 352-9889,United States/Wyoming/Yellowstone National Park,,,545673,Ribbon Lake Hike,Hiking-Walking Tour,0,15,0,https://fareharbor.com/embeds/calendar/prismatictours/items/545673/?asn=fhdn&asn-ref=alloutdooradventures&ref=alloutdooradventures&bookable-only=yes&full-items=yes&marketplace=yes&flow=no,"<script src=""https://fareharbor.com/embeds/script/calendar/prismatictours/items/545673/?asn=fhdn&asn-ref=alloutdooradventures&ref=alloutdooradventures&bookable-only=yes&full-items=yes&marketplace=yes&flow=no""></script>",https://fareharbor.com/embeds/book/prismatictours/items/545673/?asn=fhdn&asn-ref=alloutdooradventures&ref=alloutdooradventures&bookable-only=yes&full-items=yes&marketplace=yes&flow=no,
Prismatic Tours,prismatictours,info@prismatictours.com,+1(307) 352-9889,United States/Wyoming/Yellowstone National Park,,,545676,"Storm Point Hike, Yellowstone Lake",Hiking-Walking Tour,0,15,0,https://fareharbor.com/embeds/calendar/prismatictours/items/545676/?asn=fhdn&asn-ref=alloutdooradventures&ref=alloutdooradventures&bookable-only=yes&full-items=yes&marketplace=yes&flow=no,"<script src=""https://fareharbor.com/embeds/script/calendar/prismatictours/items/545676/?asn=fhdn&asn-ref=alloutdooradventures&ref=alloutdooradventures&bookable-only=yes&full-items=yes&marketplace=yes&flow=no""></script>",https://fareharbor.com/embeds/book/prismatictours/items/545676/?asn=fhdn&asn-ref=alloutdooradventures&ref=alloutdooradventures&bookable-only=yes&full-items=yes&marketplace=yes&flow=no,
Prismatic Tours,prismatictours,info@prismatictours.com,+1(307) 352-9889,United States/Wyoming/Yellowstone National Park,,,545678,Hayden Valley Hike,Hiking-Walking Tour,0,15,0,https://fareharbor.com/embeds/calendar/prismatictours/items/545678/?asn=fhdn&asn-ref=alloutdooradventures&ref=alloutdooradventures&bookable-only=yes&full-items=yes&marketplace=yes&flow=no,"<script src=""https://fareharbor.com/embeds/script/calendar/prismatictours/items/545678/?asn=fhdn&asn-ref=alloutdooradventures&ref=alloutdooradventures&bookable-only=yes&full-items=yes&marketplace=yes&flow=no""></script>",https://fareharbor.com/embeds/book/prismatictours/items/545678/?asn=fhdn&asn-ref=alloutdooradventures&ref=alloutdooradventures&bookable-only=yes&full-items=yes&marketplace=yes&flow=no,
Outdoor Escapes,outdoorescapesnh,naturenut@outdoorescapesnewhampshire.com,603-528-0136,United States/New Hampshire/Freedom,,,213686,White Mountains Guided Snowshoe Hike with a Naturalist,Wellness-Hiking-Winter Activities,1,14,0,https://fareharbor.com/embeds/calendar/outdoorescapesnh/items/213686/?asn=fhdn&asn-ref=alloutdooradventures&ref=alloutdooradventures&bookable-only=yes&full-items=yes&marketplace=yes&flow=no,"<script src=""https://fareharbor.com/embeds/script/calendar/outdoorescapesnh/items/213686/?asn=fhdn&asn-ref=alloutdooradventures&ref=alloutdooradventures&bookable-only=yes&full-items=yes&marketplace=yes&flow=no""></script>",https://fareharbor.com/embeds/book/outdoorescapesnh/items/213686/?asn=fhdn&asn-ref=alloutdooradventures&ref=alloutdooradventures&bookable-only=yes&full-items=yes&marketplace=yes&flow=no,https://cdn.filestackcontent.com/lEymDIfQi2kWZq2fKU9p
Bracken Hill Farm,brackenhillfarm,emily@brackenhillfarm.com,508-905-0116,United States/Massachusetts/Northborough,,,549913,6/29 11am Private Cuddle & Hike,Hiking-Private-Walking Tour,1,14,0,https://fareharbor.com/embeds/calendar/brackenhillfarm/items/549913/?asn=fhdn&asn-ref=alloutdooradventures&ref=alloutdooradventures&bookable-only=yes&full-items=yes&marketplace=yes&flow=no,"<script src=""https://fareharbor.com/embeds/script/calendar/brackenhillfarm/items/549913/?asn=fhdn&asn-ref=alloutdooradventures&ref=alloutdooradventures&bookable-only=yes&full-items=yes&marketplace=yes&flow=no""></script>",https://fareharbor.com/embeds/book/brackenhillfarm/items/549913/?asn=fhdn&asn-ref=alloutdooradventures&ref=alloutdooradventures&bookable-only=yes&full-items=yes&marketplace=yes&flow=no,https://cdn.filestackcontent.com/EzhnoSLTgSGhNfzB4Wgn
Blue Mountain Lake Boat Livery,blueboatlivery,info@BoatLivery.com,(518) 352-7351,United States/New York/Blue Mountain Lake,,,548222,Canoe Rentals,Canoe,1,13,0,https://fareharbor.com/embeds/calendar/blueboatlivery/items/548222/?asn=fhdn&asn-ref=alloutdooradventures&ref=alloutdooradventures&bookable-only=yes&full-items=yes&marketplace=yes&flow=no,"<script src=""https://fareharbor.com/embeds/script/calendar/blueboatlivery/items/548222/?asn=fhdn&asn-ref=alloutdooradventures&ref=alloutdooradventures&bookable-only=yes&full-items=yes&marketplace=yes&flow=no""></script>",https://fareharbor.com/embeds/book/blueboatlivery/items/548222/?asn=fhdn&asn-ref=alloutdooradventures&ref=alloutdooradventures&bookable-only=yes&full-items=yes&marketplace=yes&flow=no,https://cdn.filestackcontent.com/YAMnNnNTqWtuN2LweAE4
"White Barn Inn, Auberge Resorts Collection",aubergeresorts,wbi.concierge@aubergeresorts.com,(833) 242-8847,United States/Maine/Kennebunk,,,563526,Canoe Trip: Saco River,Canoe,1,0,0,https://fareharbor.com/embeds/calendar/aubergeresorts/items/563526/?asn=fhdn&asn-ref=alloutdooradventures&ref=alloutdooradventures&bookable-only=yes&full-items=yes&marketplace=yes&flow=no,"<script src=""https://fareharbor.com/embeds/script/calendar/aubergeresorts/items/563526/?asn=fhdn&asn-ref=alloutdooradventures&ref=alloutdooradventures&bookable-only=yes&full-items=yes&marketplace=yes&flow=no""></script>",https://fareharbor.com/embeds/book/aubergeresorts/items/563526/?asn=fhdn&asn-ref=alloutdooradventures&ref=alloutdooradventures&bookable-only=yes&full-items=yes&marketplace=yes&flow=no,https://cdn.filestackcontent.com/grfOiYOgTy2YYx3z4R1x
