company_name,company_shortname,company_email,company_phone,location,location_lat,location_long,item_id,item_name,tags,image_count,quality_score,availability_count,calendar_link,calendar_script,regular_link,image_url
Owhango Adventures,canoewhanganuiriver,info@owhangoadventures.co.nz,+64 7 895 4854,New Zealand/Manawatū-Whanganui/Retaruke,175.077301,-39.110876,480035,The Cultural River Expedition,Canoe,14,100,47,https://fareharbor.com/embeds/calendar/canoewhanganuiriver/items/480035/?asn=fhdn-nzd&asn-ref=alloutdooradventures&ref=alloutdooradventures&bookable-only=yes&full-items=yes&marketplace=yes&flow=no,"<script src=""https://fareharbor.com/embeds/script/calendar/canoewhanganuiriver/items/480035/?asn=fhdn-nzd&asn-ref=alloutdooradventures&ref=alloutdooradventures&bookable-only=yes&full-items=yes&marketplace=yes&flow=no""></script>",https://fareharbor.com/embeds/book/canoewhanganuiriver/items/480035/?asn=fhdn-nzd&asn-ref=alloutdooradventures&ref=alloutdooradventures&bookable-only=yes&full-items=yes&marketplace=yes&flow=no,https://cdn.filestackcontent.com/j2tp8zfSpmWvaxYuqRU1
Owhango Adventures,canoewhanganuiriver,info@owhangoadventures.co.nz,+64 7 895 4854,New Zealand/Manawatū-Whanganui/Retaruke,175.073345,-39.109674,480036,The Serenity River Expedition,Canoe,4,100,2,https://fareharbor.com/embeds/calendar/canoewhanganuiriver/items/480036/?asn=fhdn-nzd&asn-ref=alloutdooradventures&ref=alloutdooradventures&bookable-only=yes&full-items=yes&marketplace=yes&flow=no,"<script src=""https://fareharbor.com/embeds/script/calendar/canoewhanganuiriver/items/480036/?asn=fhdn-nzd&asn-ref=alloutdooradventures&ref=alloutdooradventures&bookable-only=yes&full-items=yes&marketplace=yes&flow=no""></script>",https://fareharbor.com/embeds/book/canoewhanganuiriver/items/480036/?asn=fhdn-nzd&asn-ref=alloutdooradventures&ref=alloutdooradventures&bookable-only=yes&full-items=yes&marketplace=yes&flow=no,https://cdn.filestackcontent.com/if5O6iGLRVC0SrbYLgrN
Owhango Adventures,canoewhanganuiriver,info@owhangoadventures.co.nz,+64 7 895 4854,New Zealand/Manawatū-Whanganui/Retaruke,175.077301,-39.110876,507729,Te Araroa Trail - Freedom Hire Canoe Journey from Whakahoro to Whanganui,Canoe,8,100,0,https://fareharbor.com/embeds/calendar/canoewhanganuiriver/items/507729/?asn=fhdn-nzd&asn-ref=alloutdooradventures&ref=alloutdooradventures&bookable-only=yes&full-items=yes&marketplace=yes&flow=no,"<script src=""https://fareharbor.com/embeds/script/calendar/canoewhanganuiriver/items/507729/?asn=fhdn-nzd&asn-ref=alloutdooradventures&ref=alloutdooradventures&bookable-only=yes&full-items=yes&marketplace=yes&flow=no""></script>",https://fareharbor.com/embeds/book/canoewhanganuiriver/items/507729/?asn=fhdn-nzd&asn-ref=alloutdooradventures&ref=alloutdooradventures&bookable-only=yes&full-items=yes&marketplace=yes&flow=no,https://cdn.filestackcontent.com/RiIspCiAS9i89WYDh0ys
Waikiki Beach Services,waikikibeachservices,info@waikikibeachservices.com,(808) 388-1510,United States/Hawaii/Honolulu,-157.828755,21.277213,68065,Canoe Surfing,Canoe-Surf,5,99,167,https://fareharbor.com/embeds/calendar/waikikibeachservices/items/68065/?asn=fhdn&asn-ref=alloutdooradventures&ref=alloutdooradventures&bookable-only=yes&full-items=yes&marketplace=yes&flow=no,"<script src=""https://fareharbor.com/embeds/script/calendar/waikikibeachservices/items/68065/?asn=fhdn&asn-ref=alloutdooradventures&ref=alloutdooradventures&bookable-only=yes&full-items=yes&marketplace=yes&flow=no""></script>",https://fareharbor.com/embeds/book/waikikibeachservices/items/68065/?asn=fhdn&asn-ref=alloutdooradventures&ref=alloutdooradventures&bookable-only=yes&full-items=yes&marketplace=yes&flow=no,https://cdn.filestackcontent.com/Rzl3DMG0StG5dCHeGclL
Fun Activities Adventure,fun-activities,info@fun-activities.net,+351 911 014 212,Portugal/Açores/Achada,,,281557,CANYONING Experience,Eco Tour-Environmental Attraction-Guided Tour-Other-Sports-Water Activities-Zipline,9,96,414,https://fareharbor.com/embeds/calendar/fun-activities/items/281557/?asn=fhdn-eur&asn-ref=alloutdooradventures&ref=alloutdooradventures&bookable-only=yes&full-items=yes&marketplace=yes&flow=no,"<script src=""https://fareharbor.com/embeds/script/calendar/fun-activities/items/281557/?asn=fhdn-eur&asn-ref=alloutdooradventures&ref=alloutdooradventures&bookable-only=yes&full-items=yes&marketplace=yes&flow=no""></script>",https://fareharbor.com/embeds/book/fun-activities/items/281557/?asn=fhdn-eur&asn-ref=alloutdooradventures&ref=alloutdooradventures&bookable-only=yes&full-items=yes&marketplace=yes&flow=no,https://cdn.filestackcontent.com/nlwAaQxVTh2VzXcZsBTB
Fun Activities Adventure,fun-activities,info@fun-activities.net,+351 911 014 212,Portugal/Açores/Ponta Delgada,,,282244,CANYONING Salto do Cabrito,Eco Tour-Environmental Attraction-Guided Tour-Other-Service-Sports-Water Activities-Zipline,6,96,221,https://fareharbor.com/embeds/calendar/fun-activities/items/282244/?asn=fhdn-eur&asn-ref=alloutdooradventures&ref=alloutdooradventures&bookable-only=yes&full-items=yes&marketplace=yes&flow=no,"<script src=""https://fareharbor.com/embeds/script/calendar/fun-activities/items/282244/?asn=fhdn-eur&asn-ref=alloutdooradventures&ref=alloutdooradventures&bookable-only=yes&full-items=yes&marketplace=yes&flow=no""></script>",https://fareharbor.com/embeds/book/fun-activities/items/282244/?asn=fhdn-eur&asn-ref=alloutdooradventures&ref=alloutdooradventures&bookable-only=yes&full-items=yes&marketplace=yes&flow=no,https://cdn.filestackcontent.com/xFZnpUqSLWsMsVzLFtru
Fun Activities Adventure,fun-activities,info@fun-activities.net,+351 911 014 212,Portugal/Açores/Vila Franca Do Campo,,,282450,KAYAKING Vila Franca do Campo,Attraction-Canoe-Eco Tour-Environmental Attraction-Guided Tour-Kayak-Other-Water Activities,6,96,234,https://fareharbor.com/embeds/calendar/fun-activities/items/282450/?asn=fhdn-eur&asn-ref=alloutdooradventures&ref=alloutdooradventures&bookable-only=yes&full-items=yes&marketplace=yes&flow=no,"<script src=""https://fareharbor.com/embeds/script/calendar/fun-activities/items/282450/?asn=fhdn-eur&asn-ref=alloutdooradventures&ref=alloutdooradventures&bookable-only=yes&full-items=yes&marketplace=yes&flow=no""></script>",https://fareharbor.com/embeds/book/fun-activities/items/282450/?asn=fhdn-eur&asn-ref=alloutdooradventures&ref=alloutdooradventures&bookable-only=yes&full-items=yes&marketplace=yes&flow=no,https://cdn.filestackcontent.com/XDmWL9BS0G5HWvhVJq3Q
Liquid Alaska Tours,mendenhallicecaves,reservations@liquidalaskatours.com,1-800-892-5504,United States/Alaska/Juneau,-106.534838,38.794595,116148,Mendenhall Lake Canoe Tour,Canoe-Transportation,7,95,197,https://fareharbor.com/embeds/calendar/mendenhallicecaves/items/116148/?asn=fhdn&asn-ref=alloutdooradventures&ref=alloutdooradventures&bookable-only=yes&full-items=yes&marketplace=yes&flow=no,"<script src=""https://fareharbor.com/embeds/script/calendar/mendenhallicecaves/items/116148/?asn=fhdn&asn-ref=alloutdooradventures&ref=alloutdooradventures&bookable-only=yes&full-items=yes&marketplace=yes&flow=no""></script>",https://fareharbor.com/embeds/book/mendenhallicecaves/items/116148/?asn=fhdn&asn-ref=alloutdooradventures&ref=alloutdooradventures&bookable-only=yes&full-items=yes&marketplace=yes&flow=no,https://cdn.filestackcontent.com/suSeEYmBTUGUBYvqCBqJ
Waikiki Beach Services,waikikibeachservices,info@waikikibeachservices.com,(808) 388-1510,United States/Hawaii/Honolulu,-157.828755,21.277213,68064,One-on-One Individual Stand-Up Paddle Lesson,Canoe-SUP-Surf,3,92,324,https://fareharbor.com/embeds/calendar/waikikibeachservices/items/68064/?asn=fhdn&asn-ref=alloutdooradventures&ref=alloutdooradventures&bookable-only=yes&full-items=yes&marketplace=yes&flow=no,"<script src=""https://fareharbor.com/embeds/script/calendar/waikikibeachservices/items/68064/?asn=fhdn&asn-ref=alloutdooradventures&ref=alloutdooradventures&bookable-only=yes&full-items=yes&marketplace=yes&flow=no""></script>",https://fareharbor.com/embeds/book/waikikibeachservices/items/68064/?asn=fhdn&asn-ref=alloutdooradventures&ref=alloutdooradventures&bookable-only=yes&full-items=yes&marketplace=yes&flow=no,https://cdn.filestackcontent.com/cNwsjyKhQMCXKofQwVOU
Waikiki Beach Services,waikikibeachservices,info@waikikibeachservices.com,(808) 388-1510,United States/Hawaii/Honolulu,-157.828755,21.277213,94733,Canoe Charter,Canoe-Surf,3,92,43,https://fareharbor.com/embeds/calendar/waikikibeachservices/items/94733/?asn=fhdn&asn-ref=alloutdooradventures&ref=alloutdooradventures&bookable-only=yes&full-items=yes&marketplace=yes&flow=no,"<script src=""https://fareharbor.com/embeds/script/calendar/waikikibeachservices/items/94733/?asn=fhdn&asn-ref=alloutdooradventures&ref=alloutdooradventures&bookable-only=yes&full-items=yes&marketplace=yes&flow=no""></script>",https://fareharbor.com/embeds/book/waikikibeachservices/items/94733/?asn=fhdn&asn-ref=alloutdooradventures&ref=alloutdooradventures&bookable-only=yes&full-items=yes&marketplace=yes&flow=no,https://cdn.filestackcontent.com/ib5xQCTTS2i6apkYUDRw
Liquid Alaska Tours,mendenhallicecaves,reservations@liquidalaskatours.com,1-800-892-5504,United States/Alaska/Juneau,-106.534838,38.794595,23432,Mendenhall Glacier Ice Adventure Tour,Canoe-Hiking-Photography Tour-Transportation,5,91,198,https://fareharbor.com/embeds/calendar/mendenhallicecaves/items/23432/?asn=fhdn&asn-ref=alloutdooradventures&ref=alloutdooradventures&bookable-only=yes&full-items=yes&marketplace=yes&flow=no,"<script src=""https://fareharbor.com/embeds/script/calendar/mendenhallicecaves/items/23432/?asn=fhdn&asn-ref=alloutdooradventures&ref=alloutdooradventures&bookable-only=yes&full-items=yes&marketplace=yes&flow=no""></script>",https://fareharbor.com/embeds/book/mendenhallicecaves/items/23432/?asn=fhdn&asn-ref=alloutdooradventures&ref=alloutdooradventures&bookable-only=yes&full-items=yes&marketplace=yes&flow=no,https://cdn.filestackcontent.com/OS1pzmSTSeTVHt4bghZT
Makana Charters / Liko Kauai Cruises,makanacharters,info@makanacharters.com,(808) 338-9980,United States/Hawaii/Waimea,-155.668883,20.020409,40990,Na Pali Coast Tour on the amazing Na Pali Kai III,Canoe-Catamaran-History Tour-Sailing-Snorkel,11,91,24,https://fareharbor.com/embeds/calendar/makanacharters/items/40990/?asn=fhdn&asn-ref=alloutdooradventures&ref=alloutdooradventures&bookable-only=yes&full-items=yes&marketplace=yes&flow=no,"<script src=""https://fareharbor.com/embeds/script/calendar/makanacharters/items/40990/?asn=fhdn&asn-ref=alloutdooradventures&ref=alloutdooradventures&bookable-only=yes&full-items=yes&marketplace=yes&flow=no""></script>",https://fareharbor.com/embeds/book/makanacharters/items/40990/?asn=fhdn&asn-ref=alloutdooradventures&ref=alloutdooradventures&bookable-only=yes&full-items=yes&marketplace=yes&flow=no,https://cdn.filestackcontent.com/ej1JlgDMQ6uGLcRqlkoL
Whanganui River Adventures,whanganuiriveradventures,info@whanganuiriveradventures.co.nz,0800862743,New Zealand/Manawatū-Whanganui/Pipiriki,,,346534,Traveller with Little Time,Canoe,1,90,70,https://fareharbor.com/embeds/calendar/whanganuiriveradventures/items/346534/?asn=fhdn-nzd&asn-ref=alloutdooradventures&ref=alloutdooradventures&bookable-only=yes&full-items=yes&marketplace=yes&flow=no,"<script src=""https://fareharbor.com/embeds/script/calendar/whanganuiriveradventures/items/346534/?asn=fhdn-nzd&asn-ref=alloutdooradventures&ref=alloutdooradventures&bookable-only=yes&full-items=yes&marketplace=yes&flow=no""></script>",https://fareharbor.com/embeds/book/whanganuiriveradventures/items/346534/?asn=fhdn-nzd&asn-ref=alloutdooradventures&ref=alloutdooradventures&bookable-only=yes&full-items=yes&marketplace=yes&flow=no,https://cdn.filestackcontent.com/2TfESEteQaOmfsLy3DHN
Waikiki Beach Services,waikikibeachservices,info@waikikibeachservices.com,(808) 388-1510,United States/Hawaii/Honolulu,-157.828755,21.277213,68068,Burial At Sea,Canoe-Surf,2,88,164,https://fareharbor.com/embeds/calendar/waikikibeachservices/items/68068/?asn=fhdn&asn-ref=alloutdooradventures&ref=alloutdooradventures&bookable-only=yes&full-items=yes&marketplace=yes&flow=no,"<script src=""https://fareharbor.com/embeds/script/calendar/waikikibeachservices/items/68068/?asn=fhdn&asn-ref=alloutdooradventures&ref=alloutdooradventures&bookable-only=yes&full-items=yes&marketplace=yes&flow=no""></script>",https://fareharbor.com/embeds/book/waikikibeachservices/items/68068/?asn=fhdn&asn-ref=alloutdooradventures&ref=alloutdooradventures&bookable-only=yes&full-items=yes&marketplace=yes&flow=no,https://cdn.filestackcontent.com/P8TCBgUbSWSL5g1PaPEu
West Portugal Tours,westptours,info@westptours.com,+351939681645,Portugal/Lisboa/Lisboa,,,599226,Barco e Kayak na ilha da Berlenga,Boat Tour-Canoe,7,88,64,https://fareharbor.com/embeds/calendar/westptours/items/599226/?asn=fhdn-eur&asn-ref=alloutdooradventures&ref=alloutdooradventures&bookable-only=yes&full-items=yes&marketplace=yes&flow=no,"<script src=""https://fareharbor.com/embeds/script/calendar/westptours/items/599226/?asn=fhdn-eur&asn-ref=alloutdooradventures&ref=alloutdooradventures&bookable-only=yes&full-items=yes&marketplace=yes&flow=no""></script>",https://fareharbor.com/embeds/book/westptours/items/599226/?asn=fhdn-eur&asn-ref=alloutdooradventures&ref=alloutdooradventures&bookable-only=yes&full-items=yes&marketplace=yes&flow=no,https://cdn.filestackcontent.com/Iuhcpg4hSjWdwQZm2oDd
Fun Activities Adventure,fun-activities,info@fun-activities.net,+351 911 014 212,Portugal/Açores/Ponta Delgada,,,357285,Canyoning & Furnas,Eco Tour-Environmental Attraction-Guided Tour-Other-Transfer-Service-Sports-Water Activities-Zipline,8,87,115,https://fareharbor.com/embeds/calendar/fun-activities/items/357285/?asn=fhdn-eur&asn-ref=alloutdooradventures&ref=alloutdooradventures&bookable-only=yes&full-items=yes&marketplace=yes&flow=no,"<script src=""https://fareharbor.com/embeds/script/calendar/fun-activities/items/357285/?asn=fhdn-eur&asn-ref=alloutdooradventures&ref=alloutdooradventures&bookable-only=yes&full-items=yes&marketplace=yes&flow=no""></script>",https://fareharbor.com/embeds/book/fun-activities/items/357285/?asn=fhdn-eur&asn-ref=alloutdooradventures&ref=alloutdooradventures&bookable-only=yes&full-items=yes&marketplace=yes&flow=no,https://cdn.filestackcontent.com/qm0VS1fJTuqoR8JM1gat
North Shore Shark Adventures / Whale Encounters / Turtle Encounters,sharktourshawaii,sharktours@gmail.com,,United States/Hawaii/Haleiwa,,,7241,Shark Dive,Boat Tour-Canoe-Food Tour-History Tour-Snorkel,4,86,1431,https://fareharbor.com/embeds/calendar/sharktourshawaii/items/7241/?asn=fhdn&asn-ref=alloutdooradventures&ref=alloutdooradventures&bookable-only=yes&full-items=yes&marketplace=yes&flow=no,"<script src=""https://fareharbor.com/embeds/script/calendar/sharktourshawaii/items/7241/?asn=fhdn&asn-ref=alloutdooradventures&ref=alloutdooradventures&bookable-only=yes&full-items=yes&marketplace=yes&flow=no""></script>",https://fareharbor.com/embeds/book/sharktourshawaii/items/7241/?asn=fhdn&asn-ref=alloutdooradventures&ref=alloutdooradventures&bookable-only=yes&full-items=yes&marketplace=yes&flow=no,https://www.filepicker.io/api/file/0p7jDDz3QjGkqFn11xlX
Thompson Boat Center,boatingindc-thompson,dcboatinginfo@guestservices.com,202-333-3140,United States/District of Columbia/Washington,,,251047,Rental - Canoe at Thompsons,Boat Rental-Canoe-Rentals-Water Activities-Wildlife,1,86,3960,https://fareharbor.com/embeds/calendar/boatingindc-thompson/items/251047/?asn=fhdn&asn-ref=alloutdooradventures&ref=alloutdooradventures&bookable-only=yes&full-items=yes&marketplace=yes&flow=no,"<script src=""https://fareharbor.com/embeds/script/calendar/boatingindc-thompson/items/251047/?asn=fhdn&asn-ref=alloutdooradventures&ref=alloutdooradventures&bookable-only=yes&full-items=yes&marketplace=yes&flow=no""></script>",https://fareharbor.com/embeds/book/boatingindc-thompson/items/251047/?asn=fhdn&asn-ref=alloutdooradventures&ref=alloutdooradventures&bookable-only=yes&full-items=yes&marketplace=yes&flow=no,https://cdn.filestackcontent.com/agaTrDhnRxiuoRiAt0I5
Fun Activities Adventure,fun-activities,info@fun-activities.net,+351 911 014 212,Portugal/Açores/Ponta Delgada,,,282386,CANYONING Ribeira da Salga,Eco Tour-Environmental Attraction-Guided Tour-Other-Service-Sports-Water Activities-Zipline,14,86,195,https://fareharbor.com/embeds/calendar/fun-activities/items/282386/?asn=fhdn-eur&asn-ref=alloutdooradventures&ref=alloutdooradventures&bookable-only=yes&full-items=yes&marketplace=yes&flow=no,"<script src=""https://fareharbor.com/embeds/script/calendar/fun-activities/items/282386/?asn=fhdn-eur&asn-ref=alloutdooradventures&ref=alloutdooradventures&bookable-only=yes&full-items=yes&marketplace=yes&flow=no""></script>",https://fareharbor.com/embeds/book/fun-activities/items/282386/?asn=fhdn-eur&asn-ref=alloutdooradventures&ref=alloutdooradventures&bookable-only=yes&full-items=yes&marketplace=yes&flow=no,https://cdn.filestackcontent.com/Tu3XSuYpTbSoG6mOgGDf
Cairns Waterfalls,cairnscanyoning,info@cairnswaterfalls.com,+61 742433242,Australia/Queensland/Westcourt,,,199482,Behana Adventure Tour,Bus Tour-Canoe-City Tour-Climbing-Eco Tour-Environmental Attraction-Guided Tour-Other-Private-Rafting-River Tube-Ropes Course-Self-Guided Tour-Service-Sightseeing Tour-Sports-SUP-Water Activities-Wildlife,7,85,166,https://fareharbor.com/embeds/calendar/cairnscanyoning/items/199482/?asn=fhdn-aud&asn-ref=alloutdooradventures&ref=alloutdooradventures&bookable-only=yes&full-items=yes&marketplace=yes&flow=no,"<script src=""https://fareharbor.com/embeds/script/calendar/cairnscanyoning/items/199482/?asn=fhdn-aud&asn-ref=alloutdooradventures&ref=alloutdooradventures&bookable-only=yes&full-items=yes&marketplace=yes&flow=no""></script>",https://fareharbor.com/embeds/book/cairnscanyoning/items/199482/?asn=fhdn-aud&asn-ref=alloutdooradventures&ref=alloutdooradventures&bookable-only=yes&full-items=yes&marketplace=yes&flow=no,https://cdn.filestackcontent.com/OawEjSMTfmT1BWJKOtCc
Go Travel Everywhere,gotraveleverywhere,hello@gotraveleverywhere.com,+351 915 194 999,Portugal/Aveiro District/Alvarenga,-8.177047,40.952762,648658,Canoe-Rafting no Rio Paiva – Aventura e Emoção em Plena Natureza!,Canoe-Guided Tour-Rafting,6,85,152,https://fareharbor.com/embeds/calendar/gotraveleverywhere/items/648658/?asn=fhdn-eur&asn-ref=alloutdooradventures&ref=alloutdooradventures&bookable-only=yes&full-items=yes&marketplace=yes&flow=no,"<script src=""https://fareharbor.com/embeds/script/calendar/gotraveleverywhere/items/648658/?asn=fhdn-eur&asn-ref=alloutdooradventures&ref=alloutdooradventures&bookable-only=yes&full-items=yes&marketplace=yes&flow=no""></script>",https://fareharbor.com/embeds/book/gotraveleverywhere/items/648658/?asn=fhdn-eur&asn-ref=alloutdooradventures&ref=alloutdooradventures&bookable-only=yes&full-items=yes&marketplace=yes&flow=no,https://cdn.filestackcontent.com/m3HCdTzeT6GzRZX3s2Nj
Rapid Horizons Adventures,rapidhorizons,info@rapidhorizons.com,+44 1629 700334,United Kingdom/England/Ambergate,-1.492481,53.067371,597629,Adventure Tour,Canoe-Guided Tour-Kayak-SUP,4,84,236,https://fareharbor.com/embeds/calendar/rapidhorizons/items/597629/?asn=fhdn-gbp&asn-ref=alloutdooradventures&ref=alloutdooradventures&bookable-only=yes&full-items=yes&marketplace=yes&flow=no,"<script src=""https://fareharbor.com/embeds/script/calendar/rapidhorizons/items/597629/?asn=fhdn-gbp&asn-ref=alloutdooradventures&ref=alloutdooradventures&bookable-only=yes&full-items=yes&marketplace=yes&flow=no""></script>",https://fareharbor.com/embeds/book/rapidhorizons/items/597629/?asn=fhdn-gbp&asn-ref=alloutdooradventures&ref=alloutdooradventures&bookable-only=yes&full-items=yes&marketplace=yes&flow=no,https://cdn.filestackcontent.com/VMm69uobQjWDwTM2NDbu
St. Thomas Water Sports,st-thomaswatersports,info@watersportsvi.com,340-473-5708,U.S. Virgin Islands/St. Thomas,-64.920792,18.323221,259438,"Glow Boats LED Night Kayak from The Marriott Frenchman's Cove, USVI",Canoe-Wellness-Kayak,13,83,360,https://fareharbor.com/embeds/calendar/st-thomaswatersports/items/259438/?asn=fhdn&asn-ref=alloutdooradventures&ref=alloutdooradventures&bookable-only=yes&full-items=yes&marketplace=yes&flow=no,"<script src=""https://fareharbor.com/embeds/script/calendar/st-thomaswatersports/items/259438/?asn=fhdn&asn-ref=alloutdooradventures&ref=alloutdooradventures&bookable-only=yes&full-items=yes&marketplace=yes&flow=no""></script>",https://fareharbor.com/embeds/book/st-thomaswatersports/items/259438/?asn=fhdn&asn-ref=alloutdooradventures&ref=alloutdooradventures&bookable-only=yes&full-items=yes&marketplace=yes&flow=no,https://cdn.filestackcontent.com/vDTEAidSwijo0FKYFiAl
Kangaroo Valley Safaris,kangaroovalleycanoes,info@kangaroovalleycanoes.com.au,0418221169,Australia/New South Wales/Kangaroo Valley,150.520637,-34.726168,343443,BENDEELA to TALLOWA DAM 2-day Kayak and canoe trip.,Canoe,3,83,0,https://fareharbor.com/embeds/calendar/kangaroovalleycanoes/items/343443/?asn=fhdn-aud&asn-ref=alloutdooradventures&ref=alloutdooradventures&bookable-only=yes&full-items=yes&marketplace=yes&flow=no,"<script src=""https://fareharbor.com/embeds/script/calendar/kangaroovalleycanoes/items/343443/?asn=fhdn-aud&asn-ref=alloutdooradventures&ref=alloutdooradventures&bookable-only=yes&full-items=yes&marketplace=yes&flow=no""></script>",https://fareharbor.com/embeds/book/kangaroovalleycanoes/items/343443/?asn=fhdn-aud&asn-ref=alloutdooradventures&ref=alloutdooradventures&bookable-only=yes&full-items=yes&marketplace=yes&flow=no,https://cdn.filestackcontent.com/X7btfHRKS4WTLklLmJ3K
Siesta Advisor Javea,siestaadvisor,info@siestaadvisor.com,+34 639 90 83 67,Spain/Comunidad Valenciana/Xàbia,,,517596,American Canoe Association Level 3: Coastal Kayaking,Canoe-Kayak-Water Activities,5,83,0,https://fareharbor.com/embeds/calendar/siestaadvisor/items/517596/?asn=fhdn-eur&asn-ref=alloutdooradventures&ref=alloutdooradventures&bookable-only=yes&full-items=yes&marketplace=yes&flow=no,"<script src=""https://fareharbor.com/embeds/script/calendar/siestaadvisor/items/517596/?asn=fhdn-eur&asn-ref=alloutdooradventures&ref=alloutdooradventures&bookable-only=yes&full-items=yes&marketplace=yes&flow=no""></script>",https://fareharbor.com/embeds/book/siestaadvisor/items/517596/?asn=fhdn-eur&asn-ref=alloutdooradventures&ref=alloutdooradventures&bookable-only=yes&full-items=yes&marketplace=yes&flow=no,https://cdn.filestackcontent.com/GFocRgMWQiWaQA03Ekpp
Iconic Tours - New Zealand,iconictours-nz,bookings@iconictours.co.nz,106-097-615,New Zealand/Otago/Dunedin,170.622862,-45.815003,680320,ICONIC KARITANE MAORI TOUR & MOERAKI BOULDERS,Canoe-Environmental Attraction-History Tour,5,83,3,https://fareharbor.com/embeds/calendar/iconictours-nz/items/680320/?asn=fhdn-nzd&asn-ref=alloutdooradventures&ref=alloutdooradventures&bookable-only=yes&full-items=yes&marketplace=yes&flow=no,"<script src=""https://fareharbor.com/embeds/script/calendar/iconictours-nz/items/680320/?asn=fhdn-nzd&asn-ref=alloutdooradventures&ref=alloutdooradventures&bookable-only=yes&full-items=yes&marketplace=yes&flow=no""></script>",https://fareharbor.com/embeds/book/iconictours-nz/items/680320/?asn=fhdn-nzd&asn-ref=alloutdooradventures&ref=alloutdooradventures&bookable-only=yes&full-items=yes&marketplace=yes&flow=no,https://cdn.filestackcontent.com/JKRa8oYTRaHD3YcAZdyQ
Whitewater Active,sasoutdoors,enquiries@whitewateractive.co.uk,+44 1978 860763,United Kingdom/Wales/Llangollen,,,160745,Open Canoe Aqueduct Tour,Canoe,6,82,359,https://fareharbor.com/embeds/calendar/sasoutdoors/items/160745/?asn=fhdn-gbp&asn-ref=alloutdooradventures&ref=alloutdooradventures&bookable-only=yes&full-items=yes&marketplace=yes&flow=no,"<script src=""https://fareharbor.com/embeds/script/calendar/sasoutdoors/items/160745/?asn=fhdn-gbp&asn-ref=alloutdooradventures&ref=alloutdooradventures&bookable-only=yes&full-items=yes&marketplace=yes&flow=no""></script>",https://fareharbor.com/embeds/book/sasoutdoors/items/160745/?asn=fhdn-gbp&asn-ref=alloutdooradventures&ref=alloutdooradventures&bookable-only=yes&full-items=yes&marketplace=yes&flow=no,https://cdn.filestackcontent.com/ALYp7S4yQC3BwHZB0DxA
Tahko Safarit,tahkosafarit,sales@tahkosafarit.fi,+358400202303,Finland/Pohjois-Savo/Tahkovuori,,,666798,2 Hours Kayaking Tour,Canoe,1,82,1096,https://fareharbor.com/embeds/calendar/tahkosafarit/items/666798/?asn=fhdn-eur&asn-ref=alloutdooradventures&ref=alloutdooradventures&bookable-only=yes&full-items=yes&marketplace=yes&flow=no,"<script src=""https://fareharbor.com/embeds/script/calendar/tahkosafarit/items/666798/?asn=fhdn-eur&asn-ref=alloutdooradventures&ref=alloutdooradventures&bookable-only=yes&full-items=yes&marketplace=yes&flow=no""></script>",https://fareharbor.com/embeds/book/tahkosafarit/items/666798/?asn=fhdn-eur&asn-ref=alloutdooradventures&ref=alloutdooradventures&bookable-only=yes&full-items=yes&marketplace=yes&flow=no,https://cdn.filestackcontent.com/87QyX8iLSbao0bnfP7N8
Whitewater Active,sasoutdoors,enquiries@whitewateractive.co.uk,+44 1978 860763,United Kingdom/Wales/Llangollen,,,147436,White Water River Bugs,Canoe,10,81,274,https://fareharbor.com/embeds/calendar/sasoutdoors/items/147436/?asn=fhdn-gbp&asn-ref=alloutdooradventures&ref=alloutdooradventures&bookable-only=yes&full-items=yes&marketplace=yes&flow=no,"<script src=""https://fareharbor.com/embeds/script/calendar/sasoutdoors/items/147436/?asn=fhdn-gbp&asn-ref=alloutdooradventures&ref=alloutdooradventures&bookable-only=yes&full-items=yes&marketplace=yes&flow=no""></script>",https://fareharbor.com/embeds/book/sasoutdoors/items/147436/?asn=fhdn-gbp&asn-ref=alloutdooradventures&ref=alloutdooradventures&bookable-only=yes&full-items=yes&marketplace=yes&flow=no,https://cdn.filestackcontent.com/5IApFMafSpeNys3QMAhQ
Want to Canoe?,canoehire,hire@canoehire.co.uk,00441497 820604,United Kingdom/Wales/Hay-on-Wye,,,543697,Half Day Canoe Hire (5 Miles),Canoe,4,81,972,https://fareharbor.com/embeds/calendar/canoehire/items/543697/?asn=fhdn-gbp&asn-ref=alloutdooradventures&ref=alloutdooradventures&bookable-only=yes&full-items=yes&marketplace=yes&flow=no,"<script src=""https://fareharbor.com/embeds/script/calendar/canoehire/items/543697/?asn=fhdn-gbp&asn-ref=alloutdooradventures&ref=alloutdooradventures&bookable-only=yes&full-items=yes&marketplace=yes&flow=no""></script>",https://fareharbor.com/embeds/book/canoehire/items/543697/?asn=fhdn-gbp&asn-ref=alloutdooradventures&ref=alloutdooradventures&bookable-only=yes&full-items=yes&marketplace=yes&flow=no,https://cdn.filestackcontent.com/rrSTA64QpGnSHgfQGrxr
Want to Canoe?,canoehire,hire@canoehire.co.uk,00441497 820604,United Kingdom/England/Whitney-on-Wye,-3.083756,52.120545,543748,Full-day Canoe Hire (12 miles),Canoe,4,81,162,https://fareharbor.com/embeds/calendar/canoehire/items/543748/?asn=fhdn-gbp&asn-ref=alloutdooradventures&ref=alloutdooradventures&bookable-only=yes&full-items=yes&marketplace=yes&flow=no,"<script src=""https://fareharbor.com/embeds/script/calendar/canoehire/items/543748/?asn=fhdn-gbp&asn-ref=alloutdooradventures&ref=alloutdooradventures&bookable-only=yes&full-items=yes&marketplace=yes&flow=no""></script>",https://fareharbor.com/embeds/book/canoehire/items/543748/?asn=fhdn-gbp&asn-ref=alloutdooradventures&ref=alloutdooradventures&bookable-only=yes&full-items=yes&marketplace=yes&flow=no,https://cdn.filestackcontent.com/6ZRz4Vr5QwWXRWBsJ1Qf
Outdoor Norway,outdoornorway,booking@outdoornorway.com,+4756994021,Norway/Vestland/Voss,6.403125,60.627325,212668,River Canoe,Canoe,1,80,97,https://fareharbor.com/embeds/calendar/outdoornorway/items/212668/?asn=fhdn-nok&asn-ref=alloutdooradventures&ref=alloutdooradventures&bookable-only=yes&full-items=yes&marketplace=yes&flow=no,"<script src=""https://fareharbor.com/embeds/script/calendar/outdoornorway/items/212668/?asn=fhdn-nok&asn-ref=alloutdooradventures&ref=alloutdooradventures&bookable-only=yes&full-items=yes&marketplace=yes&flow=no""></script>",https://fareharbor.com/embeds/book/outdoornorway/items/212668/?asn=fhdn-nok&asn-ref=alloutdooradventures&ref=alloutdooradventures&bookable-only=yes&full-items=yes&marketplace=yes&flow=no,https://cdn.filestackcontent.com/8jXBlvUdQ3yj6bvR1TIY
Owhango Adventures,canoewhanganuiriver,info@owhangoadventures.co.nz,+64 7 895 4854,New Zealand/Manawatū-Whanganui/Taumarunui,175.257986,-38.889755,480037,5 Day Culturally Guided All Inclusive Whanganui River Experience,Canoe,4,80,0,https://fareharbor.com/embeds/calendar/canoewhanganuiriver/items/480037/?asn=fhdn-nzd&asn-ref=alloutdooradventures&ref=alloutdooradventures&bookable-only=yes&full-items=yes&marketplace=yes&flow=no,"<script src=""https://fareharbor.com/embeds/script/calendar/canoewhanganuiriver/items/480037/?asn=fhdn-nzd&asn-ref=alloutdooradventures&ref=alloutdooradventures&bookable-only=yes&full-items=yes&marketplace=yes&flow=no""></script>",https://fareharbor.com/embeds/book/canoewhanganuiriver/items/480037/?asn=fhdn-nzd&asn-ref=alloutdooradventures&ref=alloutdooradventures&bookable-only=yes&full-items=yes&marketplace=yes&flow=no,https://cdn.filestackcontent.com/tOVYduuBQeq2KLO5YZxQ
Siesta Advisor Javea,siestaadvisor,info@siestaadvisor.com,+34 639 90 83 67,Spain/Comunidad Valenciana/Xàbia,,,517231,American Canoe Association Level 2: Essentials of Kayak Touring,Canoe-Kayak-Water Activities,4,80,0,https://fareharbor.com/embeds/calendar/siestaadvisor/items/517231/?asn=fhdn-eur&asn-ref=alloutdooradventures&ref=alloutdooradventures&bookable-only=yes&full-items=yes&marketplace=yes&flow=no,"<script src=""https://fareharbor.com/embeds/script/calendar/siestaadvisor/items/517231/?asn=fhdn-eur&asn-ref=alloutdooradventures&ref=alloutdooradventures&bookable-only=yes&full-items=yes&marketplace=yes&flow=no""></script>",https://fareharbor.com/embeds/book/siestaadvisor/items/517231/?asn=fhdn-eur&asn-ref=alloutdooradventures&ref=alloutdooradventures&bookable-only=yes&full-items=yes&marketplace=yes&flow=no,https://cdn.filestackcontent.com/8SOl0HiNRzSjGOLTCWrQ
Flamingo Adventures - Everglades National Park,flamingoeverglades,flamingoreservations@guestservices.com,+1 855-708-2207,United States/Florida/Homestead,,,127309,2 Hour Kayak / Canoe Rental,Canoe-Kayak-Rentals-Water Activities,2,79,2700,https://fareharbor.com/embeds/calendar/flamingoeverglades/items/127309/?asn=fhdn&asn-ref=alloutdooradventures&ref=alloutdooradventures&bookable-only=yes&full-items=yes&marketplace=yes&flow=no,"<script src=""https://fareharbor.com/embeds/script/calendar/flamingoeverglades/items/127309/?asn=fhdn&asn-ref=alloutdooradventures&ref=alloutdooradventures&bookable-only=yes&full-items=yes&marketplace=yes&flow=no""></script>",https://fareharbor.com/embeds/book/flamingoeverglades/items/127309/?asn=fhdn&asn-ref=alloutdooradventures&ref=alloutdooradventures&bookable-only=yes&full-items=yes&marketplace=yes&flow=no,https://cdn.filestackcontent.com/L0mkpOdgQrCzLAcQXPWP
Fletcher's Boathouse,boatingindc-fletchers,dcboatinginfo@guestservices.com,(202) 244-0461,United States/District of Columbia/Washington,,,246579,Rental - Canoe at Fletchers,Boat Rental-Canoe-Fishing-Rentals-Water Activities-Wildlife,5,79,4920,https://fareharbor.com/embeds/calendar/boatingindc-fletchers/items/246579/?asn=fhdn&asn-ref=alloutdooradventures&ref=alloutdooradventures&bookable-only=yes&full-items=yes&marketplace=yes&flow=no,"<script src=""https://fareharbor.com/embeds/script/calendar/boatingindc-fletchers/items/246579/?asn=fhdn&asn-ref=alloutdooradventures&ref=alloutdooradventures&bookable-only=yes&full-items=yes&marketplace=yes&flow=no""></script>",https://fareharbor.com/embeds/book/boatingindc-fletchers/items/246579/?asn=fhdn&asn-ref=alloutdooradventures&ref=alloutdooradventures&bookable-only=yes&full-items=yes&marketplace=yes&flow=no,https://cdn.filestackcontent.com/iZqQD1tIQmyjdxT2nsfR
Key Bridge Boathouse,boatingindc-keybridge,dcboatinginfo@guestservices.com,(202) 337-9642,United States/District of Columbia/Washington,,,251004,Rental - Canoe at Key Bridge,Boat Rental-Canoe-Rentals-Self-Guided Tour-Water Activities-Wildlife,1,79,4844,https://fareharbor.com/embeds/calendar/boatingindc-keybridge/items/251004/?asn=fhdn&asn-ref=alloutdooradventures&ref=alloutdooradventures&bookable-only=yes&full-items=yes&marketplace=yes&flow=no,"<script src=""https://fareharbor.com/embeds/script/calendar/boatingindc-keybridge/items/251004/?asn=fhdn&asn-ref=alloutdooradventures&ref=alloutdooradventures&bookable-only=yes&full-items=yes&marketplace=yes&flow=no""></script>",https://fareharbor.com/embeds/book/boatingindc-keybridge/items/251004/?asn=fhdn&asn-ref=alloutdooradventures&ref=alloutdooradventures&bookable-only=yes&full-items=yes&marketplace=yes&flow=no,https://cdn.filestackcontent.com/jiVgv8C6TBC2kZ3j13yi
Salhouse Broad,salhousebroad,theranger@salhousebroad.org.uk,01603722232,United Kingdom/England/Norwich,,,575986,Canoe Hire - 3 Hour Hire,Canoe,1,79,564,https://fareharbor.com/embeds/calendar/salhousebroad/items/575986/?asn=fhdn-gbp&asn-ref=alloutdooradventures&ref=alloutdooradventures&bookable-only=yes&full-items=yes&marketplace=yes&flow=no,"<script src=""https://fareharbor.com/embeds/script/calendar/salhousebroad/items/575986/?asn=fhdn-gbp&asn-ref=alloutdooradventures&ref=alloutdooradventures&bookable-only=yes&full-items=yes&marketplace=yes&flow=no""></script>",https://fareharbor.com/embeds/book/salhousebroad/items/575986/?asn=fhdn-gbp&asn-ref=alloutdooradventures&ref=alloutdooradventures&bookable-only=yes&full-items=yes&marketplace=yes&flow=no,https://cdn.filestackcontent.com/kidDhRaGQYunZ3uX2NQ4
Assateague Outfitters,assateagueoutfitters,assateagueoutfitters@gmail.com,410-656-9453,United States/Maryland/Berlin,-75.217689,38.322615,84824,Two Hour Watersports Rental - Bayside Stand,Canoe-SUP,5,78,1436,https://fareharbor.com/embeds/calendar/assateagueoutfitters/items/84824/?asn=fhdn&asn-ref=alloutdooradventures&ref=alloutdooradventures&bookable-only=yes&full-items=yes&marketplace=yes&flow=no,"<script src=""https://fareharbor.com/embeds/script/calendar/assateagueoutfitters/items/84824/?asn=fhdn&asn-ref=alloutdooradventures&ref=alloutdooradventures&bookable-only=yes&full-items=yes&marketplace=yes&flow=no""></script>",https://fareharbor.com/embeds/book/assateagueoutfitters/items/84824/?asn=fhdn&asn-ref=alloutdooradventures&ref=alloutdooradventures&bookable-only=yes&full-items=yes&marketplace=yes&flow=no,https://cdn.filestackcontent.com/N9fZN9wsRuCqYMWIK8vy
Lek Mer,lekmer,info@lekmer.nu,46(0) 8-32 00 61,Sweden/Stockholms län/Stockholm,18.024097,59.325482,693903,Paddling 2 timmar – Välj Kajak eller SUP (Eden),Canoe-City Tour-Eco Tour-Kayak-Rentals-Self-Guided Tour-SUP-Water Activities,5,78,3070,https://fareharbor.com/embeds/calendar/lekmer/items/693903/?asn=fhdn-sek&asn-ref=alloutdooradventures&ref=alloutdooradventures&bookable-only=yes&full-items=yes&marketplace=yes&flow=no,"<script src=""https://fareharbor.com/embeds/script/calendar/lekmer/items/693903/?asn=fhdn-sek&asn-ref=alloutdooradventures&ref=alloutdooradventures&bookable-only=yes&full-items=yes&marketplace=yes&flow=no""></script>",https://fareharbor.com/embeds/book/lekmer/items/693903/?asn=fhdn-sek&asn-ref=alloutdooradventures&ref=alloutdooradventures&bookable-only=yes&full-items=yes&marketplace=yes&flow=no,https://cdn.filestackcontent.com/amOv5D1HRq2a7sdA7QmZ
Flamingo Adventures - Everglades National Park,flamingoeverglades,flamingoreservations@guestservices.com,+1 855-708-2207,United States/Florida/Homestead,,,127319,4 Hour Kayak / Canoe Rental,Canoe-Kayak-Rentals-Water Activities,1,77,1980,https://fareharbor.com/embeds/calendar/flamingoeverglades/items/127319/?asn=fhdn&asn-ref=alloutdooradventures&ref=alloutdooradventures&bookable-only=yes&full-items=yes&marketplace=yes&flow=no,"<script src=""https://fareharbor.com/embeds/script/calendar/flamingoeverglades/items/127319/?asn=fhdn&asn-ref=alloutdooradventures&ref=alloutdooradventures&bookable-only=yes&full-items=yes&marketplace=yes&flow=no""></script>",https://fareharbor.com/embeds/book/flamingoeverglades/items/127319/?asn=fhdn&asn-ref=alloutdooradventures&ref=alloutdooradventures&bookable-only=yes&full-items=yes&marketplace=yes&flow=no,https://cdn.filestackcontent.com/HUz6pwQwSGSxQA2ohp0r
Flamingo Adventures - Everglades National Park,flamingoeverglades,flamingoreservations@guestservices.com,+1 855-708-2207,United States/Florida/Homestead,,,127325,8 Hour Kayak / Canoe Rental,Canoe-Kayak-Rentals-Water Activities,1,77,180,https://fareharbor.com/embeds/calendar/flamingoeverglades/items/127325/?asn=fhdn&asn-ref=alloutdooradventures&ref=alloutdooradventures&bookable-only=yes&full-items=yes&marketplace=yes&flow=no,"<script src=""https://fareharbor.com/embeds/script/calendar/flamingoeverglades/items/127325/?asn=fhdn&asn-ref=alloutdooradventures&ref=alloutdooradventures&bookable-only=yes&full-items=yes&marketplace=yes&flow=no""></script>",https://fareharbor.com/embeds/book/flamingoeverglades/items/127325/?asn=fhdn&asn-ref=alloutdooradventures&ref=alloutdooradventures&bookable-only=yes&full-items=yes&marketplace=yes&flow=no,https://cdn.filestackcontent.com/J8Cu5R1YQSiJfFNn6UXA
Caribbean Paddling,caribbeanpaddling,hello@caribbeanpaddling.com,+590690220322,Saint Martin/Cul-de-Sac,,,666958,All-Day Kayak Rental,Canoe-Eco Tour-Kayak-Rentals-Self-Guided Tour-Sports-Water Activities,1,77,438,https://fareharbor.com/embeds/calendar/caribbeanpaddling/items/666958/?asn=fhdn-eur&asn-ref=alloutdooradventures&ref=alloutdooradventures&bookable-only=yes&full-items=yes&marketplace=yes&flow=no,"<script src=""https://fareharbor.com/embeds/script/calendar/caribbeanpaddling/items/666958/?asn=fhdn-eur&asn-ref=alloutdooradventures&ref=alloutdooradventures&bookable-only=yes&full-items=yes&marketplace=yes&flow=no""></script>",https://fareharbor.com/embeds/book/caribbeanpaddling/items/666958/?asn=fhdn-eur&asn-ref=alloutdooradventures&ref=alloutdooradventures&bookable-only=yes&full-items=yes&marketplace=yes&flow=no,https://cdn.filestackcontent.com/J37Ntd79QtOyn221SY05
Flamingo Adventures - Everglades National Park,flamingoeverglades,flamingoreservations@guestservices.com,+1 855-708-2207,United States/Florida/Homestead,,,127328,24 Hour Kayak / Canoe Rental,Canoe-Kayak-Rentals-Water Activities,1,76,1080,https://fareharbor.com/embeds/calendar/flamingoeverglades/items/127328/?asn=fhdn&asn-ref=alloutdooradventures&ref=alloutdooradventures&bookable-only=yes&full-items=yes&marketplace=yes&flow=no,"<script src=""https://fareharbor.com/embeds/script/calendar/flamingoeverglades/items/127328/?asn=fhdn&asn-ref=alloutdooradventures&ref=alloutdooradventures&bookable-only=yes&full-items=yes&marketplace=yes&flow=no""></script>",https://fareharbor.com/embeds/book/flamingoeverglades/items/127328/?asn=fhdn&asn-ref=alloutdooradventures&ref=alloutdooradventures&bookable-only=yes&full-items=yes&marketplace=yes&flow=no,https://cdn.filestackcontent.com/6sZcLf1RhySK9nSaHCwd
Flamingo Adventures - Everglades National Park,flamingoeverglades,flamingoreservations@guestservices.com,+1 855-708-2207,United States/Florida/Homestead,,,130986,Two Day Kayak / Canoe Rental,Canoe-Kayak-Rentals-Water Activities,1,76,1080,https://fareharbor.com/embeds/calendar/flamingoeverglades/items/130986/?asn=fhdn&asn-ref=alloutdooradventures&ref=alloutdooradventures&bookable-only=yes&full-items=yes&marketplace=yes&flow=no,"<script src=""https://fareharbor.com/embeds/script/calendar/flamingoeverglades/items/130986/?asn=fhdn&asn-ref=alloutdooradventures&ref=alloutdooradventures&bookable-only=yes&full-items=yes&marketplace=yes&flow=no""></script>",https://fareharbor.com/embeds/book/flamingoeverglades/items/130986/?asn=fhdn&asn-ref=alloutdooradventures&ref=alloutdooradventures&bookable-only=yes&full-items=yes&marketplace=yes&flow=no,https://cdn.filestackcontent.com/qgWnETSnTZ6fVENtMbsx
Flamingo Adventures - Everglades National Park,flamingoeverglades,flamingoreservations@guestservices.com,+1 855-708-2207,United States/Florida/Homestead,,,130992,Three Day Kayak / Canoe Rental,Canoe-Kayak-Rentals-Water Activities,1,76,1080,https://fareharbor.com/embeds/calendar/flamingoeverglades/items/130992/?asn=fhdn&asn-ref=alloutdooradventures&ref=alloutdooradventures&bookable-only=yes&full-items=yes&marketplace=yes&flow=no,"<script src=""https://fareharbor.com/embeds/script/calendar/flamingoeverglades/items/130992/?asn=fhdn&asn-ref=alloutdooradventures&ref=alloutdooradventures&bookable-only=yes&full-items=yes&marketplace=yes&flow=no""></script>",https://fareharbor.com/embeds/book/flamingoeverglades/items/130992/?asn=fhdn&asn-ref=alloutdooradventures&ref=alloutdooradventures&bookable-only=yes&full-items=yes&marketplace=yes&flow=no,https://cdn.filestackcontent.com/d2edoJHgQJ6MmSn8F0Jl
Flamingo Adventures - Everglades National Park,flamingoeverglades,flamingoreservations@guestservices.com,+1 855-708-2207,United States/Florida/Homestead,,,130993,Four Day Kayak / Canoe Rental,Canoe-Kayak-Rentals-Water Activities,1,76,1080,https://fareharbor.com/embeds/calendar/flamingoeverglades/items/130993/?asn=fhdn&asn-ref=alloutdooradventures&ref=alloutdooradventures&bookable-only=yes&full-items=yes&marketplace=yes&flow=no,"<script src=""https://fareharbor.com/embeds/script/calendar/flamingoeverglades/items/130993/?asn=fhdn&asn-ref=alloutdooradventures&ref=alloutdooradventures&bookable-only=yes&full-items=yes&marketplace=yes&flow=no""></script>",https://fareharbor.com/embeds/book/flamingoeverglades/items/130993/?asn=fhdn&asn-ref=alloutdooradventures&ref=alloutdooradventures&bookable-only=yes&full-items=yes&marketplace=yes&flow=no,https://cdn.filestackcontent.com/F0BPLyiT0SLhlMHyMQQA
Flamingo Adventures - Everglades National Park,flamingoeverglades,flamingoreservations@guestservices.com,+1 855-708-2207,United States/Florida/Homestead,,,130996,Five Day Kayak / Canoe Rental,Canoe-Kayak-Rentals-Water Activities,1,76,1080,https://fareharbor.com/embeds/calendar/flamingoeverglades/items/130996/?asn=fhdn&asn-ref=alloutdooradventures&ref=alloutdooradventures&bookable-only=yes&full-items=yes&marketplace=yes&flow=no,"<script src=""https://fareharbor.com/embeds/script/calendar/flamingoeverglades/items/130996/?asn=fhdn&asn-ref=alloutdooradventures&ref=alloutdooradventures&bookable-only=yes&full-items=yes&marketplace=yes&flow=no""></script>",https://fareharbor.com/embeds/book/flamingoeverglades/items/130996/?asn=fhdn&asn-ref=alloutdooradventures&ref=alloutdooradventures&bookable-only=yes&full-items=yes&marketplace=yes&flow=no,https://cdn.filestackcontent.com/GP8MaXrToCrz6qe5KjjF
Flamingo Adventures - Everglades National Park,flamingoeverglades,flamingoreservations@guestservices.com,+1 855-708-2207,United States/Florida/Homestead,,,131002,Six Day Kayak / Canoe Rental,Canoe-Kayak-Rentals-Water Activities,1,76,1080,https://fareharbor.com/embeds/calendar/flamingoeverglades/items/131002/?asn=fhdn&asn-ref=alloutdooradventures&ref=alloutdooradventures&bookable-only=yes&full-items=yes&marketplace=yes&flow=no,"<script src=""https://fareharbor.com/embeds/script/calendar/flamingoeverglades/items/131002/?asn=fhdn&asn-ref=alloutdooradventures&ref=alloutdooradventures&bookable-only=yes&full-items=yes&marketplace=yes&flow=no""></script>",https://fareharbor.com/embeds/book/flamingoeverglades/items/131002/?asn=fhdn&asn-ref=alloutdooradventures&ref=alloutdooradventures&bookable-only=yes&full-items=yes&marketplace=yes&flow=no,https://cdn.filestackcontent.com/6uW7BqvsSIGCSkWb9rtX
Flamingo Adventures - Everglades National Park,flamingoeverglades,flamingoreservations@guestservices.com,+1 855-708-2207,United States/Florida/Homestead,,,131006,Seven Day Kayak / Canoe Rental,Canoe-Kayak-Rentals-Water Activities,1,76,1080,https://fareharbor.com/embeds/calendar/flamingoeverglades/items/131006/?asn=fhdn&asn-ref=alloutdooradventures&ref=alloutdooradventures&bookable-only=yes&full-items=yes&marketplace=yes&flow=no,"<script src=""https://fareharbor.com/embeds/script/calendar/flamingoeverglades/items/131006/?asn=fhdn&asn-ref=alloutdooradventures&ref=alloutdooradventures&bookable-only=yes&full-items=yes&marketplace=yes&flow=no""></script>",https://fareharbor.com/embeds/book/flamingoeverglades/items/131006/?asn=fhdn&asn-ref=alloutdooradventures&ref=alloutdooradventures&bookable-only=yes&full-items=yes&marketplace=yes&flow=no,https://cdn.filestackcontent.com/GP8MaXrToCrz6qe5KjjF
Whitewater Active,sasoutdoors,enquiries@whitewateractive.co.uk,+44 1978 860763,United Kingdom/Wales/Blaenau Ffestiniog,,,147448,Full Day Canyoning,Canoe,3,76,137,https://fareharbor.com/embeds/calendar/sasoutdoors/items/147448/?asn=fhdn-gbp&asn-ref=alloutdooradventures&ref=alloutdooradventures&bookable-only=yes&full-items=yes&marketplace=yes&flow=no,"<script src=""https://fareharbor.com/embeds/script/calendar/sasoutdoors/items/147448/?asn=fhdn-gbp&asn-ref=alloutdooradventures&ref=alloutdooradventures&bookable-only=yes&full-items=yes&marketplace=yes&flow=no""></script>",https://fareharbor.com/embeds/book/sasoutdoors/items/147448/?asn=fhdn-gbp&asn-ref=alloutdooradventures&ref=alloutdooradventures&bookable-only=yes&full-items=yes&marketplace=yes&flow=no,https://cdn.filestackcontent.com/LME8eh7vQguLJ5fdR4G8
Bright Side Tours,gruppenspass,info@gruppenspass.de,+49 5447 997073,Germany/Lower Saxony/Melle,,,593736,Übern See,Canoe-SUP,6,76,40,https://fareharbor.com/embeds/calendar/gruppenspass/items/593736/?asn=fhdn-eur&asn-ref=alloutdooradventures&ref=alloutdooradventures&bookable-only=yes&full-items=yes&marketplace=yes&flow=no,"<script src=""https://fareharbor.com/embeds/script/calendar/gruppenspass/items/593736/?asn=fhdn-eur&asn-ref=alloutdooradventures&ref=alloutdooradventures&bookable-only=yes&full-items=yes&marketplace=yes&flow=no""></script>",https://fareharbor.com/embeds/book/gruppenspass/items/593736/?asn=fhdn-eur&asn-ref=alloutdooradventures&ref=alloutdooradventures&bookable-only=yes&full-items=yes&marketplace=yes&flow=no,https://cdn.filestackcontent.com/FhUnfH6Rj2hVow01yJFH
Twin Rivers Outfitters,canoevirginia,twinriveroutfitter@gmail.com,540-254-8012,United States/Virginia/Buchanan,,,42252,10.5 Mile James River Kayak or Canoe Trip - Buchanan to Alpine,Canoe-Kayak,7,75,137,https://fareharbor.com/embeds/calendar/canoevirginia/items/42252/?asn=fhdn&asn-ref=alloutdooradventures&ref=alloutdooradventures&bookable-only=yes&full-items=yes&marketplace=yes&flow=no,"<script src=""https://fareharbor.com/embeds/script/calendar/canoevirginia/items/42252/?asn=fhdn&asn-ref=alloutdooradventures&ref=alloutdooradventures&bookable-only=yes&full-items=yes&marketplace=yes&flow=no""></script>",https://fareharbor.com/embeds/book/canoevirginia/items/42252/?asn=fhdn&asn-ref=alloutdooradventures&ref=alloutdooradventures&bookable-only=yes&full-items=yes&marketplace=yes&flow=no,https://cdn.filestackcontent.com/2NFQaTwiQWgiZOD2K3DQ
Whitewater Active,sasoutdoors,enquiries@whitewateractive.co.uk,+44 1978 860763,United Kingdom/Wales/Llangollen,,,147645,Open Canoeing,Canoe,4,75,359,https://fareharbor.com/embeds/calendar/sasoutdoors/items/147645/?asn=fhdn-gbp&asn-ref=alloutdooradventures&ref=alloutdooradventures&bookable-only=yes&full-items=yes&marketplace=yes&flow=no,"<script src=""https://fareharbor.com/embeds/script/calendar/sasoutdoors/items/147645/?asn=fhdn-gbp&asn-ref=alloutdooradventures&ref=alloutdooradventures&bookable-only=yes&full-items=yes&marketplace=yes&flow=no""></script>",https://fareharbor.com/embeds/book/sasoutdoors/items/147645/?asn=fhdn-gbp&asn-ref=alloutdooradventures&ref=alloutdooradventures&bookable-only=yes&full-items=yes&marketplace=yes&flow=no,https://cdn.filestackcontent.com/7hnvRcHtSS67LZsHpceL
Kangaroo Valley Safaris,kangaroovalleycanoes,info@kangaroovalleycanoes.com.au,0418221169,Australia/New South Wales/Kangaroo Valley,150.520637,-34.726168,343444,THE BIG SAFARI - 3-day canoe and kayak trip,Canoe,1,75,0,https://fareharbor.com/embeds/calendar/kangaroovalleycanoes/items/343444/?asn=fhdn-aud&asn-ref=alloutdooradventures&ref=alloutdooradventures&bookable-only=yes&full-items=yes&marketplace=yes&flow=no,"<script src=""https://fareharbor.com/embeds/script/calendar/kangaroovalleycanoes/items/343444/?asn=fhdn-aud&asn-ref=alloutdooradventures&ref=alloutdooradventures&bookable-only=yes&full-items=yes&marketplace=yes&flow=no""></script>",https://fareharbor.com/embeds/book/kangaroovalleycanoes/items/343444/?asn=fhdn-aud&asn-ref=alloutdooradventures&ref=alloutdooradventures&bookable-only=yes&full-items=yes&marketplace=yes&flow=no,https://cdn.filestackcontent.com/sfBX1GwVSPSjk2EpZ1ij
Kangaroo Valley Safaris,kangaroovalleycanoes,info@kangaroovalleycanoes.com.au,0418221169,Australia/New South Wales/Kangaroo Valley,150.520637,-34.726168,343447,SHOALHAVEN GORGE 2-day kayaking and canoe trip.,Canoe,1,75,0,https://fareharbor.com/embeds/calendar/kangaroovalleycanoes/items/343447/?asn=fhdn-aud&asn-ref=alloutdooradventures&ref=alloutdooradventures&bookable-only=yes&full-items=yes&marketplace=yes&flow=no,"<script src=""https://fareharbor.com/embeds/script/calendar/kangaroovalleycanoes/items/343447/?asn=fhdn-aud&asn-ref=alloutdooradventures&ref=alloutdooradventures&bookable-only=yes&full-items=yes&marketplace=yes&flow=no""></script>",https://fareharbor.com/embeds/book/kangaroovalleycanoes/items/343447/?asn=fhdn-aud&asn-ref=alloutdooradventures&ref=alloutdooradventures&bookable-only=yes&full-items=yes&marketplace=yes&flow=no,https://cdn.filestackcontent.com/m2w0fQGMTyGosiwe0rjV
Whanganui River Canoes,whanganuirivercanoes,becmead.benadam@gmail.com,06 385 4176,New Zealand/Manawatū-Whanganui/Raetihi,,,380507,Whakahoro to Pipiriki - 4 Days,Canoe,9,75,52,https://fareharbor.com/embeds/calendar/whanganuirivercanoes/items/380507/?asn=fhdn-nzd&asn-ref=alloutdooradventures&ref=alloutdooradventures&bookable-only=yes&full-items=yes&marketplace=yes&flow=no,"<script src=""https://fareharbor.com/embeds/script/calendar/whanganuirivercanoes/items/380507/?asn=fhdn-nzd&asn-ref=alloutdooradventures&ref=alloutdooradventures&bookable-only=yes&full-items=yes&marketplace=yes&flow=no""></script>",https://fareharbor.com/embeds/book/whanganuirivercanoes/items/380507/?asn=fhdn-nzd&asn-ref=alloutdooradventures&ref=alloutdooradventures&bookable-only=yes&full-items=yes&marketplace=yes&flow=no,https://cdn.filestackcontent.com/OeFv6PG2Qe6lXAwtujCx
Noosa River Eco Adventures,habitatnoosa,res@noosariverecoadventures.com,07 5449 9406,Australia/Queensland/Como,,,577819,Canoe - 2 Person - 2.5 Hours (Zones 1 & 2 Only),Canoe,3,75,360,https://fareharbor.com/embeds/calendar/habitatnoosa/items/577819/?asn=fhdn-aud&asn-ref=alloutdooradventures&ref=alloutdooradventures&bookable-only=yes&full-items=yes&marketplace=yes&flow=no,"<script src=""https://fareharbor.com/embeds/script/calendar/habitatnoosa/items/577819/?asn=fhdn-aud&asn-ref=alloutdooradventures&ref=alloutdooradventures&bookable-only=yes&full-items=yes&marketplace=yes&flow=no""></script>",https://fareharbor.com/embeds/book/habitatnoosa/items/577819/?asn=fhdn-aud&asn-ref=alloutdooradventures&ref=alloutdooradventures&bookable-only=yes&full-items=yes&marketplace=yes&flow=no,https://cdn.filestackcontent.com/eTcrfeFZSdy27COXuo43
Noosa River Eco Adventures,habitatnoosa,res@noosariverecoadventures.com,07 5449 9406,Australia/Queensland/Como,,,577821,Canoe - 3 Person - 2.5 Hours (Zones 1 & 2 Only),Canoe,3,75,360,https://fareharbor.com/embeds/calendar/habitatnoosa/items/577821/?asn=fhdn-aud&asn-ref=alloutdooradventures&ref=alloutdooradventures&bookable-only=yes&full-items=yes&marketplace=yes&flow=no,"<script src=""https://fareharbor.com/embeds/script/calendar/habitatnoosa/items/577821/?asn=fhdn-aud&asn-ref=alloutdooradventures&ref=alloutdooradventures&bookable-only=yes&full-items=yes&marketplace=yes&flow=no""></script>",https://fareharbor.com/embeds/book/habitatnoosa/items/577821/?asn=fhdn-aud&asn-ref=alloutdooradventures&ref=alloutdooradventures&bookable-only=yes&full-items=yes&marketplace=yes&flow=no,https://cdn.filestackcontent.com/DfQqhvj9SQml0UhJXOKw
Bright Side Tours,gruppenspass,info@gruppenspass.de,+49 5447 997073,Germany/Niedersachsen/Bohmte,,,593741,Die Abwechslungsreiche,Canoe-SUP,6,75,40,https://fareharbor.com/embeds/calendar/gruppenspass/items/593741/?asn=fhdn-eur&asn-ref=alloutdooradventures&ref=alloutdooradventures&bookable-only=yes&full-items=yes&marketplace=yes&flow=no,"<script src=""https://fareharbor.com/embeds/script/calendar/gruppenspass/items/593741/?asn=fhdn-eur&asn-ref=alloutdooradventures&ref=alloutdooradventures&bookable-only=yes&full-items=yes&marketplace=yes&flow=no""></script>",https://fareharbor.com/embeds/book/gruppenspass/items/593741/?asn=fhdn-eur&asn-ref=alloutdooradventures&ref=alloutdooradventures&bookable-only=yes&full-items=yes&marketplace=yes&flow=no,https://cdn.filestackcontent.com/TmB2jEmxQtWdQEXK4zCY
KANU-CENTER KREBS KG,kanu-center,info@kanu-center.de,+494501412,Germany/Schleswig-Holstein/Lübeck,10.697571,53.87252,687291,2 Tagestour Wakenitz (Lübeck - Rothenhusen - Lübeck),Canoe-Environmental Attraction-Kayak,6,75,274,https://fareharbor.com/embeds/calendar/kanu-center/items/687291/?asn=fhdn-eur&asn-ref=alloutdooradventures&ref=alloutdooradventures&bookable-only=yes&full-items=yes&marketplace=yes&flow=no,"<script src=""https://fareharbor.com/embeds/script/calendar/kanu-center/items/687291/?asn=fhdn-eur&asn-ref=alloutdooradventures&ref=alloutdooradventures&bookable-only=yes&full-items=yes&marketplace=yes&flow=no""></script>",https://fareharbor.com/embeds/book/kanu-center/items/687291/?asn=fhdn-eur&asn-ref=alloutdooradventures&ref=alloutdooradventures&bookable-only=yes&full-items=yes&marketplace=yes&flow=no,https://cdn.filestackcontent.com/ArYhkiLTcyS3lcT2E0og
Lek Mer,lekmer,info@lekmer.nu,46(0) 8-32 00 61,Sweden/Stockholms län/Solna,18.004338,59.343558,693951,Paddling 2 timmar – Välj Kajak eller SUP (Pampas),Canoe-Kayak-Rentals-Self-Guided Tour-SUP-Water Activities,4,75,2543,https://fareharbor.com/embeds/calendar/lekmer/items/693951/?asn=fhdn-sek&asn-ref=alloutdooradventures&ref=alloutdooradventures&bookable-only=yes&full-items=yes&marketplace=yes&flow=no,"<script src=""https://fareharbor.com/embeds/script/calendar/lekmer/items/693951/?asn=fhdn-sek&asn-ref=alloutdooradventures&ref=alloutdooradventures&bookable-only=yes&full-items=yes&marketplace=yes&flow=no""></script>",https://fareharbor.com/embeds/book/lekmer/items/693951/?asn=fhdn-sek&asn-ref=alloutdooradventures&ref=alloutdooradventures&bookable-only=yes&full-items=yes&marketplace=yes&flow=no,https://cdn.filestackcontent.com/5Civ3MnoR56MEDfXuLLb
Whanganui River Canoes,whanganuirivercanoes,becmead.benadam@gmail.com,06 385 4176,New Zealand/Manawatū-Whanganui/Raetihi,,,380504,Whakahoro to Pipiriki - 3 Days,Canoe,5,74,57,https://fareharbor.com/embeds/calendar/whanganuirivercanoes/items/380504/?asn=fhdn-nzd&asn-ref=alloutdooradventures&ref=alloutdooradventures&bookable-only=yes&full-items=yes&marketplace=yes&flow=no,"<script src=""https://fareharbor.com/embeds/script/calendar/whanganuirivercanoes/items/380504/?asn=fhdn-nzd&asn-ref=alloutdooradventures&ref=alloutdooradventures&bookable-only=yes&full-items=yes&marketplace=yes&flow=no""></script>",https://fareharbor.com/embeds/book/whanganuirivercanoes/items/380504/?asn=fhdn-nzd&asn-ref=alloutdooradventures&ref=alloutdooradventures&bookable-only=yes&full-items=yes&marketplace=yes&flow=no,https://cdn.filestackcontent.com/PzEj9skQvSIBA3sjFsLY
Owhango Adventures,canoewhanganuiriver,info@owhangoadventures.co.nz,+64 7 895 4854,New Zealand/Manawatū-Whanganui/Retaruke,175.077301,-39.110876,525564,3 Day Whanganui Freedom Paddle Without Accommodation,Canoe,5,74,0,https://fareharbor.com/embeds/calendar/canoewhanganuiriver/items/525564/?asn=fhdn-nzd&asn-ref=alloutdooradventures&ref=alloutdooradventures&bookable-only=yes&full-items=yes&marketplace=yes&flow=no,"<script src=""https://fareharbor.com/embeds/script/calendar/canoewhanganuiriver/items/525564/?asn=fhdn-nzd&asn-ref=alloutdooradventures&ref=alloutdooradventures&bookable-only=yes&full-items=yes&marketplace=yes&flow=no""></script>",https://fareharbor.com/embeds/book/canoewhanganuiriver/items/525564/?asn=fhdn-nzd&asn-ref=alloutdooradventures&ref=alloutdooradventures&bookable-only=yes&full-items=yes&marketplace=yes&flow=no,https://cdn.filestackcontent.com/sTOvPZ1aQSWPqT9zjeGi
Noosa River Eco Adventures,habitatnoosa,res@noosariverecoadventures.com,07 5449 9406,Australia/Queensland/Como,,,577820,Canoe - 3 Person - 6 Hours (Zones 1 to 4 Only),Canoe,3,74,180,https://fareharbor.com/embeds/calendar/habitatnoosa/items/577820/?asn=fhdn-aud&asn-ref=alloutdooradventures&ref=alloutdooradventures&bookable-only=yes&full-items=yes&marketplace=yes&flow=no,"<script src=""https://fareharbor.com/embeds/script/calendar/habitatnoosa/items/577820/?asn=fhdn-aud&asn-ref=alloutdooradventures&ref=alloutdooradventures&bookable-only=yes&full-items=yes&marketplace=yes&flow=no""></script>",https://fareharbor.com/embeds/book/habitatnoosa/items/577820/?asn=fhdn-aud&asn-ref=alloutdooradventures&ref=alloutdooradventures&bookable-only=yes&full-items=yes&marketplace=yes&flow=no,https://cdn.filestackcontent.com/VUb10pqcStPQLzQv9A2A
Noosa River Eco Adventures,habitatnoosa,res@noosariverecoadventures.com,07 5449 9406,Australia/Queensland/Como,,,577823,Canoe - 3 Person - Multi Day (Zones 1 to 6 Only),Canoe,3,74,180,https://fareharbor.com/embeds/calendar/habitatnoosa/items/577823/?asn=fhdn-aud&asn-ref=alloutdooradventures&ref=alloutdooradventures&bookable-only=yes&full-items=yes&marketplace=yes&flow=no,"<script src=""https://fareharbor.com/embeds/script/calendar/habitatnoosa/items/577823/?asn=fhdn-aud&asn-ref=alloutdooradventures&ref=alloutdooradventures&bookable-only=yes&full-items=yes&marketplace=yes&flow=no""></script>",https://fareharbor.com/embeds/book/habitatnoosa/items/577823/?asn=fhdn-aud&asn-ref=alloutdooradventures&ref=alloutdooradventures&bookable-only=yes&full-items=yes&marketplace=yes&flow=no,https://cdn.filestackcontent.com/nIkXcE7pRnG1LZvLn93b
Waikiki Beach Services,waikikibeachservices,info@waikikibeachservices.com,(808) 388-1510,United States/Hawaii/Honolulu,,,68066,Beachboy Valet,Canoe-SUP-Surf-Water Activities,1,73,73,https://fareharbor.com/embeds/calendar/waikikibeachservices/items/68066/?asn=fhdn&asn-ref=alloutdooradventures&ref=alloutdooradventures&bookable-only=yes&full-items=yes&marketplace=yes&flow=no,"<script src=""https://fareharbor.com/embeds/script/calendar/waikikibeachservices/items/68066/?asn=fhdn&asn-ref=alloutdooradventures&ref=alloutdooradventures&bookable-only=yes&full-items=yes&marketplace=yes&flow=no""></script>",https://fareharbor.com/embeds/book/waikikibeachservices/items/68066/?asn=fhdn&asn-ref=alloutdooradventures&ref=alloutdooradventures&bookable-only=yes&full-items=yes&marketplace=yes&flow=no,https://cdn.filestackcontent.com/lHk7FEfRbiFUPpd8xX1Q
Da Life Outdoors | Kauai Beach Boys,kauaibeachboys,,,United States/Hawaii/Lihue,,,140355,Outrigger Canoe Ride,Canoe-Water Activities,5,73,1002,https://fareharbor.com/embeds/calendar/kauaibeachboys/items/140355/?asn=fhdn&asn-ref=alloutdooradventures&ref=alloutdooradventures&bookable-only=yes&full-items=yes&marketplace=yes&flow=no,"<script src=""https://fareharbor.com/embeds/script/calendar/kauaibeachboys/items/140355/?asn=fhdn&asn-ref=alloutdooradventures&ref=alloutdooradventures&bookable-only=yes&full-items=yes&marketplace=yes&flow=no""></script>",https://fareharbor.com/embeds/book/kauaibeachboys/items/140355/?asn=fhdn&asn-ref=alloutdooradventures&ref=alloutdooradventures&bookable-only=yes&full-items=yes&marketplace=yes&flow=no,https://cdn.filestackcontent.com/93iqKtesTNKFt8R6c5wg
Noosa River Eco Adventures,habitatnoosa,res@noosariverecoadventures.com,07 5449 9406,Australia/Queensland/Como,,,577818,Canoe - 2 Person - 6 Hours (Zones 1 to 4 Only),Canoe,3,73,180,https://fareharbor.com/embeds/calendar/habitatnoosa/items/577818/?asn=fhdn-aud&asn-ref=alloutdooradventures&ref=alloutdooradventures&bookable-only=yes&full-items=yes&marketplace=yes&flow=no,"<script src=""https://fareharbor.com/embeds/script/calendar/habitatnoosa/items/577818/?asn=fhdn-aud&asn-ref=alloutdooradventures&ref=alloutdooradventures&bookable-only=yes&full-items=yes&marketplace=yes&flow=no""></script>",https://fareharbor.com/embeds/book/habitatnoosa/items/577818/?asn=fhdn-aud&asn-ref=alloutdooradventures&ref=alloutdooradventures&bookable-only=yes&full-items=yes&marketplace=yes&flow=no,https://cdn.filestackcontent.com/AgteezwZREajDgkXL6xL
Twin Rivers Outfitters,canoevirginia,twinriveroutfitter@gmail.com,540-254-8012,United States/Virginia/Buchanan,,,37838,"Boat Rental Only - ""Rent and Go""",Boat Rental-Boat Tour-Canoe-Rentals-Shuttle,8,72,137,https://fareharbor.com/embeds/calendar/canoevirginia/items/37838/?asn=fhdn&asn-ref=alloutdooradventures&ref=alloutdooradventures&bookable-only=yes&full-items=yes&marketplace=yes&flow=no,"<script src=""https://fareharbor.com/embeds/script/calendar/canoevirginia/items/37838/?asn=fhdn&asn-ref=alloutdooradventures&ref=alloutdooradventures&bookable-only=yes&full-items=yes&marketplace=yes&flow=no""></script>",https://fareharbor.com/embeds/book/canoevirginia/items/37838/?asn=fhdn&asn-ref=alloutdooradventures&ref=alloutdooradventures&bookable-only=yes&full-items=yes&marketplace=yes&flow=no,https://cdn.filestackcontent.com/UbuTr6odSz2cS9eg0oBz
Owhango Adventures,canoewhanganuiriver,info@owhangoadventures.co.nz,+64 7 895 4854,New Zealand/Manawatū-Whanganui/Taumarunui,175.257986,-38.889755,480032,2 Day Culturally Guided Paddle (Taumarunui - Whakahoro),Canoe,2,72,0,https://fareharbor.com/embeds/calendar/canoewhanganuiriver/items/480032/?asn=fhdn-nzd&asn-ref=alloutdooradventures&ref=alloutdooradventures&bookable-only=yes&full-items=yes&marketplace=yes&flow=no,"<script src=""https://fareharbor.com/embeds/script/calendar/canoewhanganuiriver/items/480032/?asn=fhdn-nzd&asn-ref=alloutdooradventures&ref=alloutdooradventures&bookable-only=yes&full-items=yes&marketplace=yes&flow=no""></script>",https://fareharbor.com/embeds/book/canoewhanganuiriver/items/480032/?asn=fhdn-nzd&asn-ref=alloutdooradventures&ref=alloutdooradventures&bookable-only=yes&full-items=yes&marketplace=yes&flow=no,https://cdn.filestackcontent.com/rvo90cpT1S88wlxhwSTg
Rapid Horizons Adventures,rapidhorizons,info@rapidhorizons.com,+44 1629 700334,United Kingdom/England/Ambergate,-1.492481,53.067371,535865,Canoe Safari Full Day,Canoe,4,72,96,https://fareharbor.com/embeds/calendar/rapidhorizons/items/535865/?asn=fhdn-gbp&asn-ref=alloutdooradventures&ref=alloutdooradventures&bookable-only=yes&full-items=yes&marketplace=yes&flow=no,"<script src=""https://fareharbor.com/embeds/script/calendar/rapidhorizons/items/535865/?asn=fhdn-gbp&asn-ref=alloutdooradventures&ref=alloutdooradventures&bookable-only=yes&full-items=yes&marketplace=yes&flow=no""></script>",https://fareharbor.com/embeds/book/rapidhorizons/items/535865/?asn=fhdn-gbp&asn-ref=alloutdooradventures&ref=alloutdooradventures&bookable-only=yes&full-items=yes&marketplace=yes&flow=no,https://cdn.filestackcontent.com/NXlb5A8BSBqk98LdSo5l
Kelsey Lakes and Gardens,kelseygardens,Kelseylakesandgardens@gmail.com,+447973909026,United Kingdom/England/Burstwick,,,621136,Canadian Canoeing,Canoe,1,72,1250,https://fareharbor.com/embeds/calendar/kelseygardens/items/621136/?asn=fhdn-gbp&asn-ref=alloutdooradventures&ref=alloutdooradventures&bookable-only=yes&full-items=yes&marketplace=yes&flow=no,"<script src=""https://fareharbor.com/embeds/script/calendar/kelseygardens/items/621136/?asn=fhdn-gbp&asn-ref=alloutdooradventures&ref=alloutdooradventures&bookable-only=yes&full-items=yes&marketplace=yes&flow=no""></script>",https://fareharbor.com/embeds/book/kelseygardens/items/621136/?asn=fhdn-gbp&asn-ref=alloutdooradventures&ref=alloutdooradventures&bookable-only=yes&full-items=yes&marketplace=yes&flow=no,https://cdn.filestackcontent.com/UU0vONST1iiMIDDsAWBg
Outside,outsidehiltonhead,reservations@outsidebrands.com,843.686.6996,United States/South Carolina/Bluffton,-80.880348,32.210346,82129,PB Private Kayak Tours & Instruction,Canoe-Kayak-Private-Surf,2,71,720,https://fareharbor.com/embeds/calendar/outsidehiltonhead/items/82129/?asn=fhdn&asn-ref=alloutdooradventures&ref=alloutdooradventures&bookable-only=yes&full-items=yes&marketplace=yes&flow=no,"<script src=""https://fareharbor.com/embeds/script/calendar/outsidehiltonhead/items/82129/?asn=fhdn&asn-ref=alloutdooradventures&ref=alloutdooradventures&bookable-only=yes&full-items=yes&marketplace=yes&flow=no""></script>",https://fareharbor.com/embeds/book/outsidehiltonhead/items/82129/?asn=fhdn&asn-ref=alloutdooradventures&ref=alloutdooradventures&bookable-only=yes&full-items=yes&marketplace=yes&flow=no,https://cdn.filestackcontent.com/DAQfs5XaQcqHGiG1KeYh
Whitewater Active,sasoutdoors,enquiries@whitewateractive.co.uk,+44 1978 860763,United Kingdom/Wales/Llangollen,,,147727,Full Day Mountain Biking,Canoe,4,71,0,https://fareharbor.com/embeds/calendar/sasoutdoors/items/147727/?asn=fhdn-gbp&asn-ref=alloutdooradventures&ref=alloutdooradventures&bookable-only=yes&full-items=yes&marketplace=yes&flow=no,"<script src=""https://fareharbor.com/embeds/script/calendar/sasoutdoors/items/147727/?asn=fhdn-gbp&asn-ref=alloutdooradventures&ref=alloutdooradventures&bookable-only=yes&full-items=yes&marketplace=yes&flow=no""></script>",https://fareharbor.com/embeds/book/sasoutdoors/items/147727/?asn=fhdn-gbp&asn-ref=alloutdooradventures&ref=alloutdooradventures&bookable-only=yes&full-items=yes&marketplace=yes&flow=no,https://cdn.filestackcontent.com/STE4JklZTiqxb1ONxL1J
Twin Rivers Outfitters,canoevirginia,twinriveroutfitter@gmail.com,540-254-8012,United States/Virginia/Eagle Rock,,,161223,Gala Campground - MILL CREEK WALK IN SITE # 17,Canoe-Kayak,3,71,137,https://fareharbor.com/embeds/calendar/canoevirginia/items/161223/?asn=fhdn&asn-ref=alloutdooradventures&ref=alloutdooradventures&bookable-only=yes&full-items=yes&marketplace=yes&flow=no,"<script src=""https://fareharbor.com/embeds/script/calendar/canoevirginia/items/161223/?asn=fhdn&asn-ref=alloutdooradventures&ref=alloutdooradventures&bookable-only=yes&full-items=yes&marketplace=yes&flow=no""></script>",https://fareharbor.com/embeds/book/canoevirginia/items/161223/?asn=fhdn&asn-ref=alloutdooradventures&ref=alloutdooradventures&bookable-only=yes&full-items=yes&marketplace=yes&flow=no,https://cdn.filestackcontent.com/WJs68EJBR8yusxAxH9Vi
Flamingo Adventures - Everglades National Park,flamingoeverglades,flamingoreservations@guestservices.com,+1 855-708-2207,United States/Florida/Homestead,,,335099,4 Hour Canoe Rental @ 9 Mile Pond,Canoe-Rentals-Water Activities,2,71,116,https://fareharbor.com/embeds/calendar/flamingoeverglades/items/335099/?asn=fhdn&asn-ref=alloutdooradventures&ref=alloutdooradventures&bookable-only=yes&full-items=yes&marketplace=yes&flow=no,"<script src=""https://fareharbor.com/embeds/script/calendar/flamingoeverglades/items/335099/?asn=fhdn&asn-ref=alloutdooradventures&ref=alloutdooradventures&bookable-only=yes&full-items=yes&marketplace=yes&flow=no""></script>",https://fareharbor.com/embeds/book/flamingoeverglades/items/335099/?asn=fhdn&asn-ref=alloutdooradventures&ref=alloutdooradventures&bookable-only=yes&full-items=yes&marketplace=yes&flow=no,https://cdn.filestackcontent.com/8Z0BmNBJS2qflCBAWX7D
Adventure Child,adventurechild,adventurechild@icloud.com,+1 7027172386,United States/Arizona/Willow Beach,-114.660451,35.870167,508062,Las Vegas Kayak Camping Trip,Canoe-Kayak-Water Activities,11,71,352,https://fareharbor.com/embeds/calendar/adventurechild/items/508062/?asn=fhdn&asn-ref=alloutdooradventures&ref=alloutdooradventures&bookable-only=yes&full-items=yes&marketplace=yes&flow=no,"<script src=""https://fareharbor.com/embeds/script/calendar/adventurechild/items/508062/?asn=fhdn&asn-ref=alloutdooradventures&ref=alloutdooradventures&bookable-only=yes&full-items=yes&marketplace=yes&flow=no""></script>",https://fareharbor.com/embeds/book/adventurechild/items/508062/?asn=fhdn&asn-ref=alloutdooradventures&ref=alloutdooradventures&bookable-only=yes&full-items=yes&marketplace=yes&flow=no,https://cdn.filestackcontent.com/L0RDBJ8ZQWqP3mhWFVwA
Want to Canoe?,canoehire,hire@canoehire.co.uk,00441497 820604,United Kingdom/Wales/Hay-on-Wye,,,543767,4-day Canoeing expedition from Hay to Ross,Canoe,4,71,140,https://fareharbor.com/embeds/calendar/canoehire/items/543767/?asn=fhdn-gbp&asn-ref=alloutdooradventures&ref=alloutdooradventures&bookable-only=yes&full-items=yes&marketplace=yes&flow=no,"<script src=""https://fareharbor.com/embeds/script/calendar/canoehire/items/543767/?asn=fhdn-gbp&asn-ref=alloutdooradventures&ref=alloutdooradventures&bookable-only=yes&full-items=yes&marketplace=yes&flow=no""></script>",https://fareharbor.com/embeds/book/canoehire/items/543767/?asn=fhdn-gbp&asn-ref=alloutdooradventures&ref=alloutdooradventures&bookable-only=yes&full-items=yes&marketplace=yes&flow=no,https://cdn.filestackcontent.com/9wQKURLUTiyQavNZFqMW
Bright Side Tours,gruppenspass,info@gruppenspass.de,+49 5447 997073,Germany/Niedersachsen/Diepholz,8.379093,52.573033,593496,Die Idyllische,Canoe-SUP,7,71,583,https://fareharbor.com/embeds/calendar/gruppenspass/items/593496/?asn=fhdn-eur&asn-ref=alloutdooradventures&ref=alloutdooradventures&bookable-only=yes&full-items=yes&marketplace=yes&flow=no,"<script src=""https://fareharbor.com/embeds/script/calendar/gruppenspass/items/593496/?asn=fhdn-eur&asn-ref=alloutdooradventures&ref=alloutdooradventures&bookable-only=yes&full-items=yes&marketplace=yes&flow=no""></script>",https://fareharbor.com/embeds/book/gruppenspass/items/593496/?asn=fhdn-eur&asn-ref=alloutdooradventures&ref=alloutdooradventures&bookable-only=yes&full-items=yes&marketplace=yes&flow=no,https://cdn.filestackcontent.com/r0LEFlNHRMnQsJeyrQWA
Bright Side Tours,gruppenspass,info@gruppenspass.de,+49 5447 997073,Germany/Niedersachsen/Diepholz,,,593743,Die Aktive,Canoe-SUP,5,71,115,https://fareharbor.com/embeds/calendar/gruppenspass/items/593743/?asn=fhdn-eur&asn-ref=alloutdooradventures&ref=alloutdooradventures&bookable-only=yes&full-items=yes&marketplace=yes&flow=no,"<script src=""https://fareharbor.com/embeds/script/calendar/gruppenspass/items/593743/?asn=fhdn-eur&asn-ref=alloutdooradventures&ref=alloutdooradventures&bookable-only=yes&full-items=yes&marketplace=yes&flow=no""></script>",https://fareharbor.com/embeds/book/gruppenspass/items/593743/?asn=fhdn-eur&asn-ref=alloutdooradventures&ref=alloutdooradventures&bookable-only=yes&full-items=yes&marketplace=yes&flow=no,https://cdn.filestackcontent.com/qbjlTBa6TxiMFyau9YBR
Following Emotions,followingemotions,geral@followingemotions.com,351912301150,Portugal/Porto/Lomba,,,605384,Kayak Tour,Boat Rental-Kayak,1,71,428,https://fareharbor.com/embeds/calendar/followingemotions/items/605384/?asn=fhdn-eur&asn-ref=alloutdooradventures&ref=alloutdooradventures&bookable-only=yes&full-items=yes&marketplace=yes&flow=no,"<script src=""https://fareharbor.com/embeds/script/calendar/followingemotions/items/605384/?asn=fhdn-eur&asn-ref=alloutdooradventures&ref=alloutdooradventures&bookable-only=yes&full-items=yes&marketplace=yes&flow=no""></script>",https://fareharbor.com/embeds/book/followingemotions/items/605384/?asn=fhdn-eur&asn-ref=alloutdooradventures&ref=alloutdooradventures&bookable-only=yes&full-items=yes&marketplace=yes&flow=no,https://cdn.filestackcontent.com/9DkuqmKS22srflvXtu8w
OUTTOUR Aktivreisen,outtour,info@outtour.de,0049 34462601951,Germany/Saxony-Anhalt/Nebra (Unstrut),,,626671,2 Tage Wangen - Freyburg,Canoe-Kayak,1,71,142,https://fareharbor.com/embeds/calendar/outtour/items/626671/?asn=fhdn-eur&asn-ref=alloutdooradventures&ref=alloutdooradventures&bookable-only=yes&full-items=yes&marketplace=yes&flow=no,"<script src=""https://fareharbor.com/embeds/script/calendar/outtour/items/626671/?asn=fhdn-eur&asn-ref=alloutdooradventures&ref=alloutdooradventures&bookable-only=yes&full-items=yes&marketplace=yes&flow=no""></script>",https://fareharbor.com/embeds/book/outtour/items/626671/?asn=fhdn-eur&asn-ref=alloutdooradventures&ref=alloutdooradventures&bookable-only=yes&full-items=yes&marketplace=yes&flow=no,https://cdn.filestackcontent.com/AHuZsCTESZKh4QlywdRg
OUTTOUR Aktivreisen,outtour,info@outtour.de,0049 34462601951,Germany/Saxony-Anhalt/Nebra (Unstrut),,,626679,3 Tage Wangen - Weißenfels,Canoe-Kayak,1,71,142,https://fareharbor.com/embeds/calendar/outtour/items/626679/?asn=fhdn-eur&asn-ref=alloutdooradventures&ref=alloutdooradventures&bookable-only=yes&full-items=yes&marketplace=yes&flow=no,"<script src=""https://fareharbor.com/embeds/script/calendar/outtour/items/626679/?asn=fhdn-eur&asn-ref=alloutdooradventures&ref=alloutdooradventures&bookable-only=yes&full-items=yes&marketplace=yes&flow=no""></script>",https://fareharbor.com/embeds/book/outtour/items/626679/?asn=fhdn-eur&asn-ref=alloutdooradventures&ref=alloutdooradventures&bookable-only=yes&full-items=yes&marketplace=yes&flow=no,https://cdn.filestackcontent.com/Q7a4WbBYShCyc0vWpGLz
Lek Mer,lekmer,info@lekmer.nu,46(0) 8-32 00 61,Sweden/Stockholms län/Stockholm,18.024097,59.325482,693941,Paddling 4 timmar – Välj Kajak eller SUP (Eden),Canoe-Eco Tour-Kayak-Rentals-Self-Guided Tour-SUP-Water Activities,3,71,1995,https://fareharbor.com/embeds/calendar/lekmer/items/693941/?asn=fhdn-sek&asn-ref=alloutdooradventures&ref=alloutdooradventures&bookable-only=yes&full-items=yes&marketplace=yes&flow=no,"<script src=""https://fareharbor.com/embeds/script/calendar/lekmer/items/693941/?asn=fhdn-sek&asn-ref=alloutdooradventures&ref=alloutdooradventures&bookable-only=yes&full-items=yes&marketplace=yes&flow=no""></script>",https://fareharbor.com/embeds/book/lekmer/items/693941/?asn=fhdn-sek&asn-ref=alloutdooradventures&ref=alloutdooradventures&bookable-only=yes&full-items=yes&marketplace=yes&flow=no,https://cdn.filestackcontent.com/MlTPYBkySCmmPPO1EIs6
Whitewater Active,sasoutdoors,enquiries@whitewateractive.co.uk,+44 1978 860763,United Kingdom/Wales/Llangollen,,,147651,Full Day Whitewater Canoe,Canoe,4,70,0,https://fareharbor.com/embeds/calendar/sasoutdoors/items/147651/?asn=fhdn-gbp&asn-ref=alloutdooradventures&ref=alloutdooradventures&bookable-only=yes&full-items=yes&marketplace=yes&flow=no,"<script src=""https://fareharbor.com/embeds/script/calendar/sasoutdoors/items/147651/?asn=fhdn-gbp&asn-ref=alloutdooradventures&ref=alloutdooradventures&bookable-only=yes&full-items=yes&marketplace=yes&flow=no""></script>",https://fareharbor.com/embeds/book/sasoutdoors/items/147651/?asn=fhdn-gbp&asn-ref=alloutdooradventures&ref=alloutdooradventures&bookable-only=yes&full-items=yes&marketplace=yes&flow=no,https://cdn.filestackcontent.com/yAxZVVbtSfSkXfudZfyW
Whitewater Active,sasoutdoors,enquiries@whitewateractive.co.uk,+44 1978 860763,United Kingdom/Wales/Llangollen,,,147725,Mountain Biking,Canoe,4,70,0,https://fareharbor.com/embeds/calendar/sasoutdoors/items/147725/?asn=fhdn-gbp&asn-ref=alloutdooradventures&ref=alloutdooradventures&bookable-only=yes&full-items=yes&marketplace=yes&flow=no,"<script src=""https://fareharbor.com/embeds/script/calendar/sasoutdoors/items/147725/?asn=fhdn-gbp&asn-ref=alloutdooradventures&ref=alloutdooradventures&bookable-only=yes&full-items=yes&marketplace=yes&flow=no""></script>",https://fareharbor.com/embeds/book/sasoutdoors/items/147725/?asn=fhdn-gbp&asn-ref=alloutdooradventures&ref=alloutdooradventures&bookable-only=yes&full-items=yes&marketplace=yes&flow=no,https://cdn.filestackcontent.com/qkZgfRWCRS2bH2TjSWjn
Canoe Safaris,canoesafaris,info@canoesafaris.co.nz,0800 272 335,New Zealand/Manawatū-Whanganui/Ohakune,,,175568,Three-Day Guided Whanganui National Park Canoe,Canoe,4,70,11,https://fareharbor.com/embeds/calendar/canoesafaris/items/175568/?asn=fhdn-nzd&asn-ref=alloutdooradventures&ref=alloutdooradventures&bookable-only=yes&full-items=yes&marketplace=yes&flow=no,"<script src=""https://fareharbor.com/embeds/script/calendar/canoesafaris/items/175568/?asn=fhdn-nzd&asn-ref=alloutdooradventures&ref=alloutdooradventures&bookable-only=yes&full-items=yes&marketplace=yes&flow=no""></script>",https://fareharbor.com/embeds/book/canoesafaris/items/175568/?asn=fhdn-nzd&asn-ref=alloutdooradventures&ref=alloutdooradventures&bookable-only=yes&full-items=yes&marketplace=yes&flow=no,https://cdn.filestackcontent.com/7mhdJkNjSvqt7yldVEUI
Rapid Horizons Adventures,rapidhorizons,info@rapidhorizons.com,+44 1629 700334,United Kingdom/England/Ambergate,,,535778,Canoe Safari,Canoe,4,70,96,https://fareharbor.com/embeds/calendar/rapidhorizons/items/535778/?asn=fhdn-gbp&asn-ref=alloutdooradventures&ref=alloutdooradventures&bookable-only=yes&full-items=yes&marketplace=yes&flow=no,"<script src=""https://fareharbor.com/embeds/script/calendar/rapidhorizons/items/535778/?asn=fhdn-gbp&asn-ref=alloutdooradventures&ref=alloutdooradventures&bookable-only=yes&full-items=yes&marketplace=yes&flow=no""></script>",https://fareharbor.com/embeds/book/rapidhorizons/items/535778/?asn=fhdn-gbp&asn-ref=alloutdooradventures&ref=alloutdooradventures&bookable-only=yes&full-items=yes&marketplace=yes&flow=no,https://cdn.filestackcontent.com/6FMAzlhDTpKkbMosy1gg
Want to Canoe?,canoehire,hire@canoehire.co.uk,00441497 820604,United Kingdom/Wales/Hay-on-Wye,,,543764,3-day Canoeing expedition from Hay to Hoarwithy,Canoe,4,70,140,https://fareharbor.com/embeds/calendar/canoehire/items/543764/?asn=fhdn-gbp&asn-ref=alloutdooradventures&ref=alloutdooradventures&bookable-only=yes&full-items=yes&marketplace=yes&flow=no,"<script src=""https://fareharbor.com/embeds/script/calendar/canoehire/items/543764/?asn=fhdn-gbp&asn-ref=alloutdooradventures&ref=alloutdooradventures&bookable-only=yes&full-items=yes&marketplace=yes&flow=no""></script>",https://fareharbor.com/embeds/book/canoehire/items/543764/?asn=fhdn-gbp&asn-ref=alloutdooradventures&ref=alloutdooradventures&bookable-only=yes&full-items=yes&marketplace=yes&flow=no,https://cdn.filestackcontent.com/pVmNBVtSzGJ2eIXhyMLp
Want to Canoe?,canoehire,hire@canoehire.co.uk,00441497 820604,United Kingdom/Wales/Hay-on-Wye,-3.129528,52.076175,543771,6-day Canoeing expedition from Hay to Monmouth,Canoe,4,70,140,https://fareharbor.com/embeds/calendar/canoehire/items/543771/?asn=fhdn-gbp&asn-ref=alloutdooradventures&ref=alloutdooradventures&bookable-only=yes&full-items=yes&marketplace=yes&flow=no,"<script src=""https://fareharbor.com/embeds/script/calendar/canoehire/items/543771/?asn=fhdn-gbp&asn-ref=alloutdooradventures&ref=alloutdooradventures&bookable-only=yes&full-items=yes&marketplace=yes&flow=no""></script>",https://fareharbor.com/embeds/book/canoehire/items/543771/?asn=fhdn-gbp&asn-ref=alloutdooradventures&ref=alloutdooradventures&bookable-only=yes&full-items=yes&marketplace=yes&flow=no,https://cdn.filestackcontent.com/tPe2OT1hTTCU3ZGDOC35
Noosa River Eco Adventures,habitatnoosa,res@noosariverecoadventures.com,07 5449 9406,Australia/Queensland/Como,,,577822,Canoe - 2 Person - Multi Day (Zones 1 to 6 Only),Canoe,2,70,180,https://fareharbor.com/embeds/calendar/habitatnoosa/items/577822/?asn=fhdn-aud&asn-ref=alloutdooradventures&ref=alloutdooradventures&bookable-only=yes&full-items=yes&marketplace=yes&flow=no,"<script src=""https://fareharbor.com/embeds/script/calendar/habitatnoosa/items/577822/?asn=fhdn-aud&asn-ref=alloutdooradventures&ref=alloutdooradventures&bookable-only=yes&full-items=yes&marketplace=yes&flow=no""></script>",https://fareharbor.com/embeds/book/habitatnoosa/items/577822/?asn=fhdn-aud&asn-ref=alloutdooradventures&ref=alloutdooradventures&bookable-only=yes&full-items=yes&marketplace=yes&flow=no,https://cdn.filestackcontent.com/T8xONnkSsObgvrCiAqQb
Donautal Touristik,donautaltouristik,info@donautal-touristik.de,+4975799219725,Germany/Baden-Württemberg/Beuron,9.034471,48.07977,586837,Kanutour im Oberen Donautal -10% Early Bird Verkauf bis 28.02.2026,Canoe,6,70,105,https://fareharbor.com/embeds/calendar/donautaltouristik/items/586837/?asn=fhdn-eur&asn-ref=alloutdooradventures&ref=alloutdooradventures&bookable-only=yes&full-items=yes&marketplace=yes&flow=no,"<script src=""https://fareharbor.com/embeds/script/calendar/donautaltouristik/items/586837/?asn=fhdn-eur&asn-ref=alloutdooradventures&ref=alloutdooradventures&bookable-only=yes&full-items=yes&marketplace=yes&flow=no""></script>",https://fareharbor.com/embeds/book/donautaltouristik/items/586837/?asn=fhdn-eur&asn-ref=alloutdooradventures&ref=alloutdooradventures&bookable-only=yes&full-items=yes&marketplace=yes&flow=no,https://cdn.filestackcontent.com/RqebvZBMQeSufYGpKVK4
Bright Side Tours,gruppenspass,info@gruppenspass.de,+49 5447 997073,Germany/Niedersachsen/Diepholz,,,593748,Zum Campingplatz,Canoe-SUP,5,70,121,https://fareharbor.com/embeds/calendar/gruppenspass/items/593748/?asn=fhdn-eur&asn-ref=alloutdooradventures&ref=alloutdooradventures&bookable-only=yes&full-items=yes&marketplace=yes&flow=no,"<script src=""https://fareharbor.com/embeds/script/calendar/gruppenspass/items/593748/?asn=fhdn-eur&asn-ref=alloutdooradventures&ref=alloutdooradventures&bookable-only=yes&full-items=yes&marketplace=yes&flow=no""></script>",https://fareharbor.com/embeds/book/gruppenspass/items/593748/?asn=fhdn-eur&asn-ref=alloutdooradventures&ref=alloutdooradventures&bookable-only=yes&full-items=yes&marketplace=yes&flow=no,https://cdn.filestackcontent.com/dlLiglmSRalvmt5jfLjV
NaTour Way,natourway,geral@natourway.com,+351 913 158 062,Portugal/Aveiro/Arouca,,,594128,Canoagem/Kayak,Canoe-Kayak,1,70,0,https://fareharbor.com/embeds/calendar/natourway/items/594128/?asn=fhdn-eur&asn-ref=alloutdooradventures&ref=alloutdooradventures&bookable-only=yes&full-items=yes&marketplace=yes&flow=no,"<script src=""https://fareharbor.com/embeds/script/calendar/natourway/items/594128/?asn=fhdn-eur&asn-ref=alloutdooradventures&ref=alloutdooradventures&bookable-only=yes&full-items=yes&marketplace=yes&flow=no""></script>",https://fareharbor.com/embeds/book/natourway/items/594128/?asn=fhdn-eur&asn-ref=alloutdooradventures&ref=alloutdooradventures&bookable-only=yes&full-items=yes&marketplace=yes&flow=no,https://cdn.filestackcontent.com/5PB12xuR7aq9rtWIatHV
OUTTOUR Aktivreisen,outtour,info@outtour.de,0049 34462601951,Germany/Saxony-Anhalt/Nebra (Unstrut),,,626657,Wangen - Kirchscheidungen,Canoe-Kayak,1,70,142,https://fareharbor.com/embeds/calendar/outtour/items/626657/?asn=fhdn-eur&asn-ref=alloutdooradventures&ref=alloutdooradventures&bookable-only=yes&full-items=yes&marketplace=yes&flow=no,"<script src=""https://fareharbor.com/embeds/script/calendar/outtour/items/626657/?asn=fhdn-eur&asn-ref=alloutdooradventures&ref=alloutdooradventures&bookable-only=yes&full-items=yes&marketplace=yes&flow=no""></script>",https://fareharbor.com/embeds/book/outtour/items/626657/?asn=fhdn-eur&asn-ref=alloutdooradventures&ref=alloutdooradventures&bookable-only=yes&full-items=yes&marketplace=yes&flow=no,https://cdn.filestackcontent.com/c361EK9qRQS9oyhWBss9
Lek Mer,lekmer,info@lekmer.nu,46(0) 8-32 00 61,Sweden/Stockholms län/Solna,18.004338,59.343558,693970,Paddling 4 timmar – Välj Kajak eller SUP (Pampas),Canoe-Kayak-Rentals-Self-Guided Tour-SUP-Water Activities,3,70,1995,https://fareharbor.com/embeds/calendar/lekmer/items/693970/?asn=fhdn-sek&asn-ref=alloutdooradventures&ref=alloutdooradventures&bookable-only=yes&full-items=yes&marketplace=yes&flow=no,"<script src=""https://fareharbor.com/embeds/script/calendar/lekmer/items/693970/?asn=fhdn-sek&asn-ref=alloutdooradventures&ref=alloutdooradventures&bookable-only=yes&full-items=yes&marketplace=yes&flow=no""></script>",https://fareharbor.com/embeds/book/lekmer/items/693970/?asn=fhdn-sek&asn-ref=alloutdooradventures&ref=alloutdooradventures&bookable-only=yes&full-items=yes&marketplace=yes&flow=no,https://cdn.filestackcontent.com/hWDbXVuRQdajN0fXwFsG
Outdoor Norway,outdoornorway,booking@outdoornorway.com,+4756994021,Norway/Vestland/Voss,6.403125,60.627325,212843,THE BACKYARD - River Canoe & MTB,Canoe-Kayak-Rafting-Shuttle,1,69,114,https://fareharbor.com/embeds/calendar/outdoornorway/items/212843/?asn=fhdn-nok&asn-ref=alloutdooradventures&ref=alloutdooradventures&bookable-only=yes&full-items=yes&marketplace=yes&flow=no,"<script src=""https://fareharbor.com/embeds/script/calendar/outdoornorway/items/212843/?asn=fhdn-nok&asn-ref=alloutdooradventures&ref=alloutdooradventures&bookable-only=yes&full-items=yes&marketplace=yes&flow=no""></script>",https://fareharbor.com/embeds/book/outdoornorway/items/212843/?asn=fhdn-nok&asn-ref=alloutdooradventures&ref=alloutdooradventures&bookable-only=yes&full-items=yes&marketplace=yes&flow=no,https://cdn.filestackcontent.com/9IRfH8uzQZS8zmZwRxdQ
Swan Boat Hire,swanboathire,sales@swanboathire.com.au,61403601452,Australia/Queensland/Maroochydore,153.078408,-26.643838,470538,Triple Canoe,Canoe,1,69,2317,https://fareharbor.com/embeds/calendar/swanboathire/items/470538/?asn=fhdn-aud&asn-ref=alloutdooradventures&ref=alloutdooradventures&bookable-only=yes&full-items=yes&marketplace=yes&flow=no,"<script src=""https://fareharbor.com/embeds/script/calendar/swanboathire/items/470538/?asn=fhdn-aud&asn-ref=alloutdooradventures&ref=alloutdooradventures&bookable-only=yes&full-items=yes&marketplace=yes&flow=no""></script>",https://fareharbor.com/embeds/book/swanboathire/items/470538/?asn=fhdn-aud&asn-ref=alloutdooradventures&ref=alloutdooradventures&bookable-only=yes&full-items=yes&marketplace=yes&flow=no,https://cdn.filestackcontent.com/X0H7MRMNSQim0hxtZIlv
Want to Canoe?,canoehire,hire@canoehire.co.uk,00441497 820604,United Kingdom/Wales/Hay-on-Wye,,,543756,2-day Canoeing expedition from Hay to Hereford,Canoe,4,69,140,https://fareharbor.com/embeds/calendar/canoehire/items/543756/?asn=fhdn-gbp&asn-ref=alloutdooradventures&ref=alloutdooradventures&bookable-only=yes&full-items=yes&marketplace=yes&flow=no,"<script src=""https://fareharbor.com/embeds/script/calendar/canoehire/items/543756/?asn=fhdn-gbp&asn-ref=alloutdooradventures&ref=alloutdooradventures&bookable-only=yes&full-items=yes&marketplace=yes&flow=no""></script>",https://fareharbor.com/embeds/book/canoehire/items/543756/?asn=fhdn-gbp&asn-ref=alloutdooradventures&ref=alloutdooradventures&bookable-only=yes&full-items=yes&marketplace=yes&flow=no,https://cdn.filestackcontent.com/IWbWl6U5SsSZfkjcHNqi
Harpers Ferry Adventure Center,harpersferryadventurecenter,info@hfadventurecenter.com,540-668-9007,United States/West Virginia/Harpers Ferry,,,681157,Flat Water Canoeing,Canoe,1,69,138,https://fareharbor.com/embeds/calendar/harpersferryadventurecenter/items/681157/?asn=fhdn&asn-ref=alloutdooradventures&ref=alloutdooradventures&bookable-only=yes&full-items=yes&marketplace=yes&flow=no,"<script src=""https://fareharbor.com/embeds/script/calendar/harpersferryadventurecenter/items/681157/?asn=fhdn&asn-ref=alloutdooradventures&ref=alloutdooradventures&bookable-only=yes&full-items=yes&marketplace=yes&flow=no""></script>",https://fareharbor.com/embeds/book/harpersferryadventurecenter/items/681157/?asn=fhdn&asn-ref=alloutdooradventures&ref=alloutdooradventures&bookable-only=yes&full-items=yes&marketplace=yes&flow=no,https://cdn.filestackcontent.com/Ui8hXTkQFyTKpu4TlHTW
Kangaroo Valley Safaris,kangaroovalleycanoes,info@kangaroovalleycanoes.com.au,0418221169,Australia/New South Wales/Kangaroo Valley,150.520637,-34.726168,343450,The Morton National Park 2-day Paddle,Canoe,1,68,0,https://fareharbor.com/embeds/calendar/kangaroovalleycanoes/items/343450/?asn=fhdn-aud&asn-ref=alloutdooradventures&ref=alloutdooradventures&bookable-only=yes&full-items=yes&marketplace=yes&flow=no,"<script src=""https://fareharbor.com/embeds/script/calendar/kangaroovalleycanoes/items/343450/?asn=fhdn-aud&asn-ref=alloutdooradventures&ref=alloutdooradventures&bookable-only=yes&full-items=yes&marketplace=yes&flow=no""></script>",https://fareharbor.com/embeds/book/kangaroovalleycanoes/items/343450/?asn=fhdn-aud&asn-ref=alloutdooradventures&ref=alloutdooradventures&bookable-only=yes&full-items=yes&marketplace=yes&flow=no,https://cdn.filestackcontent.com/R2cNzWdnQsOIovKPPz5F
Bellingen Canoe Adventures,canoeadventures,info@canoeadventures.com.au,02 6655 9955,Australia/New South Wales/Fernmount,,,442752,Canoe Hire,Canoe,1,68,3565,https://fareharbor.com/embeds/calendar/canoeadventures/items/442752/?asn=fhdn-aud&asn-ref=alloutdooradventures&ref=alloutdooradventures&bookable-only=yes&full-items=yes&marketplace=yes&flow=no,"<script src=""https://fareharbor.com/embeds/script/calendar/canoeadventures/items/442752/?asn=fhdn-aud&asn-ref=alloutdooradventures&ref=alloutdooradventures&bookable-only=yes&full-items=yes&marketplace=yes&flow=no""></script>",https://fareharbor.com/embeds/book/canoeadventures/items/442752/?asn=fhdn-aud&asn-ref=alloutdooradventures&ref=alloutdooradventures&bookable-only=yes&full-items=yes&marketplace=yes&flow=no,https://cdn.filestackcontent.com/Ool1sNORteR27c9F1M2Q
Bellingen Canoe Adventures,canoeadventures,info@canoeadventures.com.au,02 6655 9955,Australia/New South Wales/Fernmount,,,442756,CHAMPAGNE SUNSET TOUR,Canoe,1,68,147,https://fareharbor.com/embeds/calendar/canoeadventures/items/442756/?asn=fhdn-aud&asn-ref=alloutdooradventures&ref=alloutdooradventures&bookable-only=yes&full-items=yes&marketplace=yes&flow=no,"<script src=""https://fareharbor.com/embeds/script/calendar/canoeadventures/items/442756/?asn=fhdn-aud&asn-ref=alloutdooradventures&ref=alloutdooradventures&bookable-only=yes&full-items=yes&marketplace=yes&flow=no""></script>",https://fareharbor.com/embeds/book/canoeadventures/items/442756/?asn=fhdn-aud&asn-ref=alloutdooradventures&ref=alloutdooradventures&bookable-only=yes&full-items=yes&marketplace=yes&flow=no,https://cdn.filestackcontent.com/HEquu1QxQNS8H22s4ZC6
Oleta River Adventures,oletariveradventures,Oleta.opsmgr@guestsservices.com,(855) 526-5382,United States/Florida/North Miami Beach,,,642467,Canoe Rental (2-Person),Canoe-Rentals-Water Activities,1,68,2431,https://fareharbor.com/embeds/calendar/oletariveradventures/items/642467/?asn=fhdn&asn-ref=alloutdooradventures&ref=alloutdooradventures&bookable-only=yes&full-items=yes&marketplace=yes&flow=no,"<script src=""https://fareharbor.com/embeds/script/calendar/oletariveradventures/items/642467/?asn=fhdn&asn-ref=alloutdooradventures&ref=alloutdooradventures&bookable-only=yes&full-items=yes&marketplace=yes&flow=no""></script>",https://fareharbor.com/embeds/book/oletariveradventures/items/642467/?asn=fhdn&asn-ref=alloutdooradventures&ref=alloutdooradventures&bookable-only=yes&full-items=yes&marketplace=yes&flow=no,https://cdn.filestackcontent.com/UmanVkvYRlqdc9v0nDxa
Fontana Village Resort & Marina,fontanavillage,info@fontanavillage.com,800.849.2258,United States/North Carolina/Fontana Dam,-83.792501,35.441647,660655,Canoe Rentals,Canoe,1,68,2326,https://fareharbor.com/embeds/calendar/fontanavillage/items/660655/?asn=fhdn&asn-ref=alloutdooradventures&ref=alloutdooradventures&bookable-only=yes&full-items=yes&marketplace=yes&flow=no,"<script src=""https://fareharbor.com/embeds/script/calendar/fontanavillage/items/660655/?asn=fhdn&asn-ref=alloutdooradventures&ref=alloutdooradventures&bookable-only=yes&full-items=yes&marketplace=yes&flow=no""></script>",https://fareharbor.com/embeds/book/fontanavillage/items/660655/?asn=fhdn&asn-ref=alloutdooradventures&ref=alloutdooradventures&bookable-only=yes&full-items=yes&marketplace=yes&flow=no,https://cdn.filestackcontent.com/3XIZpDsvTSqwzlWTWFvb
Weeki Fresh Water Adventures,weekiwachee,weekiwacheeinfo@guestservices.com,+1 352-597-8484,United States/Florida/Spring Hill,,,135535,Private Launch,Canoe-Kayak-Private-Water Activities,1,67,2159,https://fareharbor.com/embeds/calendar/weekiwachee/items/135535/?asn=fhdn&asn-ref=alloutdooradventures&ref=alloutdooradventures&bookable-only=yes&full-items=yes&marketplace=yes&flow=no,"<script src=""https://fareharbor.com/embeds/script/calendar/weekiwachee/items/135535/?asn=fhdn&asn-ref=alloutdooradventures&ref=alloutdooradventures&bookable-only=yes&full-items=yes&marketplace=yes&flow=no""></script>",https://fareharbor.com/embeds/book/weekiwachee/items/135535/?asn=fhdn&asn-ref=alloutdooradventures&ref=alloutdooradventures&bookable-only=yes&full-items=yes&marketplace=yes&flow=no,https://cdn.filestackcontent.com/FT0dafASFaNtcZ0s0fDX
Blue Spring Adventures,bluespringadventures,bluespring.info@guestservices.com,833-953-2583,United States/Florida/Orange City,,,246399,2 Hr Kayak/Canoe Rental,Canoe-Kayak-Rentals-Water Activities,1,67,2160,https://fareharbor.com/embeds/calendar/bluespringadventures/items/246399/?asn=fhdn&asn-ref=alloutdooradventures&ref=alloutdooradventures&bookable-only=yes&full-items=yes&marketplace=yes&flow=no,"<script src=""https://fareharbor.com/embeds/script/calendar/bluespringadventures/items/246399/?asn=fhdn&asn-ref=alloutdooradventures&ref=alloutdooradventures&bookable-only=yes&full-items=yes&marketplace=yes&flow=no""></script>",https://fareharbor.com/embeds/book/bluespringadventures/items/246399/?asn=fhdn&asn-ref=alloutdooradventures&ref=alloutdooradventures&bookable-only=yes&full-items=yes&marketplace=yes&flow=no,https://cdn.filestackcontent.com/pAV9R5VKROmfHsRaVhfV
The Wharf Boathouse,boatingindc-thewharf,dcboatinginfo@guestservices.com,,United States/District of Columbia/Washington,,,250901,Rental - Canoe at Wharf,Boat Rental-Canoe-Rentals-Water Activities-Wildlife,1,67,1997,https://fareharbor.com/embeds/calendar/boatingindc-thewharf/items/250901/?asn=fhdn&asn-ref=alloutdooradventures&ref=alloutdooradventures&bookable-only=yes&full-items=yes&marketplace=yes&flow=no,"<script src=""https://fareharbor.com/embeds/script/calendar/boatingindc-thewharf/items/250901/?asn=fhdn&asn-ref=alloutdooradventures&ref=alloutdooradventures&bookable-only=yes&full-items=yes&marketplace=yes&flow=no""></script>",https://fareharbor.com/embeds/book/boatingindc-thewharf/items/250901/?asn=fhdn&asn-ref=alloutdooradventures&ref=alloutdooradventures&bookable-only=yes&full-items=yes&marketplace=yes&flow=no,https://cdn.filestackcontent.com/xcLTfgcLQWyE9t9eCY6u
Hetta Huskies,hettahuskies,info@hettahuskies.com,+358 40 353 2076,Finland/Lappi/Enontekiö,,,323256,Ounasjöki River,Canoe-Transfer-Private-Transportation,1,67,0,https://fareharbor.com/embeds/calendar/hettahuskies/items/323256/?asn=fhdn-eur&asn-ref=alloutdooradventures&ref=alloutdooradventures&bookable-only=yes&full-items=yes&marketplace=yes&flow=no,"<script src=""https://fareharbor.com/embeds/script/calendar/hettahuskies/items/323256/?asn=fhdn-eur&asn-ref=alloutdooradventures&ref=alloutdooradventures&bookable-only=yes&full-items=yes&marketplace=yes&flow=no""></script>",https://fareharbor.com/embeds/book/hettahuskies/items/323256/?asn=fhdn-eur&asn-ref=alloutdooradventures&ref=alloutdooradventures&bookable-only=yes&full-items=yes&marketplace=yes&flow=no,https://cdn.filestackcontent.com/jS7ssQEWScRuUIGZVIbZ
Want to Canoe?,canoehire,hire@canoehire.co.uk,00441497 820604,United Kingdom/Wales/Hay-on-Wye,,,543769,5-day Canoeing expedition from Hay to Symonds Yat,Canoe,3,67,140,https://fareharbor.com/embeds/calendar/canoehire/items/543769/?asn=fhdn-gbp&asn-ref=alloutdooradventures&ref=alloutdooradventures&bookable-only=yes&full-items=yes&marketplace=yes&flow=no,"<script src=""https://fareharbor.com/embeds/script/calendar/canoehire/items/543769/?asn=fhdn-gbp&asn-ref=alloutdooradventures&ref=alloutdooradventures&bookable-only=yes&full-items=yes&marketplace=yes&flow=no""></script>",https://fareharbor.com/embeds/book/canoehire/items/543769/?asn=fhdn-gbp&asn-ref=alloutdooradventures&ref=alloutdooradventures&bookable-only=yes&full-items=yes&marketplace=yes&flow=no,https://cdn.filestackcontent.com/BPxwX6KQ4qWTMHwmMh4T
Left Bank Canoe Hire,leftbankcanoehire,enquiries@leftbankcanoehire.co.uk,01432 264 807,United Kingdom/Wales/Glasbury,,,597626,Hay-on-Wye to Whitney (Half-Day),Canoe,1,67,0,https://fareharbor.com/embeds/calendar/leftbankcanoehire/items/597626/?asn=fhdn-gbp&asn-ref=alloutdooradventures&ref=alloutdooradventures&bookable-only=yes&full-items=yes&marketplace=yes&flow=no,"<script src=""https://fareharbor.com/embeds/script/calendar/leftbankcanoehire/items/597626/?asn=fhdn-gbp&asn-ref=alloutdooradventures&ref=alloutdooradventures&bookable-only=yes&full-items=yes&marketplace=yes&flow=no""></script>",https://fareharbor.com/embeds/book/leftbankcanoehire/items/597626/?asn=fhdn-gbp&asn-ref=alloutdooradventures&ref=alloutdooradventures&bookable-only=yes&full-items=yes&marketplace=yes&flow=no,https://cdn.filestackcontent.com/xna33HuxRkcDeUkrDG48
Caribbean Paddling,caribbeanpaddling,hello@caribbeanpaddling.com,+590690220322,Saint Martin/Cul-de-Sac,,,668327,Morning Kayak Rental,Canoe-Eco Tour-Kayak-Rentals-Self-Guided Tour-Sports-Water Activities,1,67,73,https://fareharbor.com/embeds/calendar/caribbeanpaddling/items/668327/?asn=fhdn-eur&asn-ref=alloutdooradventures&ref=alloutdooradventures&bookable-only=yes&full-items=yes&marketplace=yes&flow=no,"<script src=""https://fareharbor.com/embeds/script/calendar/caribbeanpaddling/items/668327/?asn=fhdn-eur&asn-ref=alloutdooradventures&ref=alloutdooradventures&bookable-only=yes&full-items=yes&marketplace=yes&flow=no""></script>",https://fareharbor.com/embeds/book/caribbeanpaddling/items/668327/?asn=fhdn-eur&asn-ref=alloutdooradventures&ref=alloutdooradventures&bookable-only=yes&full-items=yes&marketplace=yes&flow=no,https://cdn.filestackcontent.com/5DWjpL9aQ2KTygsaePoY
Clayton Island Tours,claytonislandtours,Info@claytonislandtours.com,(315) 686-4820,United States/New York/Clayton,,,36589,1000 Islands Canada - No Passports Required,Boat Tour-Canoe-Distillery-Ferry-History Tour,5,65,57,https://fareharbor.com/embeds/calendar/claytonislandtours/items/36589/?asn=fhdn&asn-ref=alloutdooradventures&ref=alloutdooradventures&bookable-only=yes&full-items=yes&marketplace=yes&flow=no,"<script src=""https://fareharbor.com/embeds/script/calendar/claytonislandtours/items/36589/?asn=fhdn&asn-ref=alloutdooradventures&ref=alloutdooradventures&bookable-only=yes&full-items=yes&marketplace=yes&flow=no""></script>",https://fareharbor.com/embeds/book/claytonislandtours/items/36589/?asn=fhdn&asn-ref=alloutdooradventures&ref=alloutdooradventures&bookable-only=yes&full-items=yes&marketplace=yes&flow=no,https://cdn.filestackcontent.com/m1ULPesKSd6ixkNk5N2l
Canoe Safaris,canoesafaris,info@canoesafaris.co.nz,0800 272 335,New Zealand/Manawatū-Whanganui/Ohakune,,,175579,Four-Day Guided Whanganui National Park Canoe,Canoe,5,65,45,https://fareharbor.com/embeds/calendar/canoesafaris/items/175579/?asn=fhdn-nzd&asn-ref=alloutdooradventures&ref=alloutdooradventures&bookable-only=yes&full-items=yes&marketplace=yes&flow=no,"<script src=""https://fareharbor.com/embeds/script/calendar/canoesafaris/items/175579/?asn=fhdn-nzd&asn-ref=alloutdooradventures&ref=alloutdooradventures&bookable-only=yes&full-items=yes&marketplace=yes&flow=no""></script>",https://fareharbor.com/embeds/book/canoesafaris/items/175579/?asn=fhdn-nzd&asn-ref=alloutdooradventures&ref=alloutdooradventures&bookable-only=yes&full-items=yes&marketplace=yes&flow=no,https://cdn.filestackcontent.com/8IBqu4ngTYetCW5dkTiS
Owhango Adventures,canoewhanganuiriver,info@owhangoadventures.co.nz,+64 7 895 4854,New Zealand/Manawatū-Whanganui/Retaruke,175.073345,-39.109674,480027,1-Day Whanganui River Journey - Freedom Paddle,Canoe,11,65,0,https://fareharbor.com/embeds/calendar/canoewhanganuiriver/items/480027/?asn=fhdn-nzd&asn-ref=alloutdooradventures&ref=alloutdooradventures&bookable-only=yes&full-items=yes&marketplace=yes&flow=no,"<script src=""https://fareharbor.com/embeds/script/calendar/canoewhanganuiriver/items/480027/?asn=fhdn-nzd&asn-ref=alloutdooradventures&ref=alloutdooradventures&bookable-only=yes&full-items=yes&marketplace=yes&flow=no""></script>",https://fareharbor.com/embeds/book/canoewhanganuiriver/items/480027/?asn=fhdn-nzd&asn-ref=alloutdooradventures&ref=alloutdooradventures&bookable-only=yes&full-items=yes&marketplace=yes&flow=no,https://cdn.filestackcontent.com/DaQoNxVtRuacZROeHkYb
Owhango Adventures,canoewhanganuiriver,info@owhangoadventures.co.nz,+64 7 895 4854,New Zealand/Manawatū-Whanganui/Taumarunui,175.257986,-38.889755,480028,2-Day Ohinepane to Whakahoro - Free Accommodation the Night Prior,Canoe,13,65,0,https://fareharbor.com/embeds/calendar/canoewhanganuiriver/items/480028/?asn=fhdn-nzd&asn-ref=alloutdooradventures&ref=alloutdooradventures&bookable-only=yes&full-items=yes&marketplace=yes&flow=no,"<script src=""https://fareharbor.com/embeds/script/calendar/canoewhanganuiriver/items/480028/?asn=fhdn-nzd&asn-ref=alloutdooradventures&ref=alloutdooradventures&bookable-only=yes&full-items=yes&marketplace=yes&flow=no""></script>",https://fareharbor.com/embeds/book/canoewhanganuiriver/items/480028/?asn=fhdn-nzd&asn-ref=alloutdooradventures&ref=alloutdooradventures&bookable-only=yes&full-items=yes&marketplace=yes&flow=no,https://cdn.filestackcontent.com/sGECP7rQEChyTCSsmZux
Owhango Adventures,canoewhanganuiriver,info@owhangoadventures.co.nz,+64 7 895 4854,New Zealand/Manawatū-Whanganui/Retaruke,175.077301,-39.110876,480029,5-Day Ohinepane to Pipiriki - Free Accommodation the Night Prior,Canoe,9,65,59,https://fareharbor.com/embeds/calendar/canoewhanganuiriver/items/480029/?asn=fhdn-nzd&asn-ref=alloutdooradventures&ref=alloutdooradventures&bookable-only=yes&full-items=yes&marketplace=yes&flow=no,"<script src=""https://fareharbor.com/embeds/script/calendar/canoewhanganuiriver/items/480029/?asn=fhdn-nzd&asn-ref=alloutdooradventures&ref=alloutdooradventures&bookable-only=yes&full-items=yes&marketplace=yes&flow=no""></script>",https://fareharbor.com/embeds/book/canoewhanganuiriver/items/480029/?asn=fhdn-nzd&asn-ref=alloutdooradventures&ref=alloutdooradventures&bookable-only=yes&full-items=yes&marketplace=yes&flow=no,https://cdn.filestackcontent.com/HdUELJU7Rhu3F1Aazn6o
Owhango Adventures,canoewhanganuiriver,info@owhangoadventures.co.nz,+64 7 895 4854,New Zealand/Manawatū-Whanganui/Aukopae,175.14462,-38.938439,480030,4-Day Ohinepane to Pipiriki - Free Accommodation the Night Prior,Canoe,10,65,59,https://fareharbor.com/embeds/calendar/canoewhanganuiriver/items/480030/?asn=fhdn-nzd&asn-ref=alloutdooradventures&ref=alloutdooradventures&bookable-only=yes&full-items=yes&marketplace=yes&flow=no,"<script src=""https://fareharbor.com/embeds/script/calendar/canoewhanganuiriver/items/480030/?asn=fhdn-nzd&asn-ref=alloutdooradventures&ref=alloutdooradventures&bookable-only=yes&full-items=yes&marketplace=yes&flow=no""></script>",https://fareharbor.com/embeds/book/canoewhanganuiriver/items/480030/?asn=fhdn-nzd&asn-ref=alloutdooradventures&ref=alloutdooradventures&bookable-only=yes&full-items=yes&marketplace=yes&flow=no,https://cdn.filestackcontent.com/5U05tBhmQsaH3hm3yBrK
Owhango Adventures,canoewhanganuiriver,info@owhangoadventures.co.nz,+64 7 895 4854,New Zealand/Manawatū-Whanganui/Taumarunui,175.257986,-38.889755,480031,Great Walk 5-Day Taumarunui to Pipiriki - Free Accommodation the Night Prior,Canoe,11,65,60,https://fareharbor.com/embeds/calendar/canoewhanganuiriver/items/480031/?asn=fhdn-nzd&asn-ref=alloutdooradventures&ref=alloutdooradventures&bookable-only=yes&full-items=yes&marketplace=yes&flow=no,"<script src=""https://fareharbor.com/embeds/script/calendar/canoewhanganuiriver/items/480031/?asn=fhdn-nzd&asn-ref=alloutdooradventures&ref=alloutdooradventures&bookable-only=yes&full-items=yes&marketplace=yes&flow=no""></script>",https://fareharbor.com/embeds/book/canoewhanganuiriver/items/480031/?asn=fhdn-nzd&asn-ref=alloutdooradventures&ref=alloutdooradventures&bookable-only=yes&full-items=yes&marketplace=yes&flow=no,https://cdn.filestackcontent.com/87hud7JQP6LBthV005Fq
Owhango Adventures,canoewhanganuiriver,info@owhangoadventures.co.nz,+64 7 895 4854,New Zealand/Manawatū-Whanganui/Ōwhango,175.377564,-39.00089,493900,42 Traverse Summer Package Deal,Canoe,11,65,0,https://fareharbor.com/embeds/calendar/canoewhanganuiriver/items/493900/?asn=fhdn-nzd&asn-ref=alloutdooradventures&ref=alloutdooradventures&bookable-only=yes&full-items=yes&marketplace=yes&flow=no,"<script src=""https://fareharbor.com/embeds/script/calendar/canoewhanganuiriver/items/493900/?asn=fhdn-nzd&asn-ref=alloutdooradventures&ref=alloutdooradventures&bookable-only=yes&full-items=yes&marketplace=yes&flow=no""></script>",https://fareharbor.com/embeds/book/canoewhanganuiriver/items/493900/?asn=fhdn-nzd&asn-ref=alloutdooradventures&ref=alloutdooradventures&bookable-only=yes&full-items=yes&marketplace=yes&flow=no,https://cdn.filestackcontent.com/xABo9SnbQuaIXbnHPXHX
Kaatza Adventures,kaatzaadventures,kaatzaadventures@gmail.com,250-932-4903,Canada/British Columbia/Lake Cowichan,,,643911,Canoe Rentals,Canoe,1,65,608,https://fareharbor.com/embeds/calendar/kaatzaadventures/items/643911/?asn=fhdn-cad&asn-ref=alloutdooradventures&ref=alloutdooradventures&bookable-only=yes&full-items=yes&marketplace=yes&flow=no,"<script src=""https://fareharbor.com/embeds/script/calendar/kaatzaadventures/items/643911/?asn=fhdn-cad&asn-ref=alloutdooradventures&ref=alloutdooradventures&bookable-only=yes&full-items=yes&marketplace=yes&flow=no""></script>",https://fareharbor.com/embeds/book/kaatzaadventures/items/643911/?asn=fhdn-cad&asn-ref=alloutdooradventures&ref=alloutdooradventures&bookable-only=yes&full-items=yes&marketplace=yes&flow=no,https://cdn.filestackcontent.com/AK2DRN7MSOyO0w8YhJC4
Yellow Dog Lodge,yellowdoglodge,gord@yellowdoglodge.ca,(403) 668-9936,"Canada/Northwest Territories/Fort Smith, Unorganized",-116.265436,62.152187,686365,Graham Lake Floating Tent Camp - JOEY,Air Activities-Airplane-Air Tour-Boat Rental-Boat Tour-Canoe-Fishing-Lodging-Marina-Northern Lights Tour-Photography Tour-Transfer-Self-Guided Tour-Transportation-Water Activities-Wildlife,5,65,64,https://fareharbor.com/embeds/calendar/yellowdoglodge/items/686365/?asn=fhdn-cad&asn-ref=alloutdooradventures&ref=alloutdooradventures&bookable-only=yes&full-items=yes&marketplace=yes&flow=no,"<script src=""https://fareharbor.com/embeds/script/calendar/yellowdoglodge/items/686365/?asn=fhdn-cad&asn-ref=alloutdooradventures&ref=alloutdooradventures&bookable-only=yes&full-items=yes&marketplace=yes&flow=no""></script>",https://fareharbor.com/embeds/book/yellowdoglodge/items/686365/?asn=fhdn-cad&asn-ref=alloutdooradventures&ref=alloutdooradventures&bookable-only=yes&full-items=yes&marketplace=yes&flow=no,https://cdn.filestackcontent.com/1oKbNu2VQPyUNGdrXHiM
Aloha Sunshine Tours,alohasunshinetours,reservations@alohasunshinetours.com,(808) 824-3995,United States/Florida/Temple Terrace,,,316505,"11A- Pearl Harbor, Dole Plantation, and Polynesian Cultural Center Tour Departing from Waikiki Area",Attraction-Boat Tour-Canoe-Events-Farm-History Tour-Museum-Surf-Transportation,3,64,129,https://fareharbor.com/embeds/calendar/alohasunshinetours/items/316505/?asn=fhdn&asn-ref=alloutdooradventures&ref=alloutdooradventures&bookable-only=yes&full-items=yes&marketplace=yes&flow=no,"<script src=""https://fareharbor.com/embeds/script/calendar/alohasunshinetours/items/316505/?asn=fhdn&asn-ref=alloutdooradventures&ref=alloutdooradventures&bookable-only=yes&full-items=yes&marketplace=yes&flow=no""></script>",https://fareharbor.com/embeds/book/alohasunshinetours/items/316505/?asn=fhdn&asn-ref=alloutdooradventures&ref=alloutdooradventures&bookable-only=yes&full-items=yes&marketplace=yes&flow=no,https://cdn.filestackcontent.com/WSCdnGtESumZdES2TYBJ
Nauti Kayak LLC,nautikayak,contact@nautikayak.com,7274920100,United States/Florida/Tierra Verde,,,423626,"""Nauti"" Shell Key Adventure Tour",Boat Rental-Boat Tour-Canoe-Dolphin-Eco Tour-Environmental Attraction-Fishing-Wellness-Guided Tour-Kayak-Lesson-Private-Rentals-Sightseeing Tour-Snorkel-SUP-Water Activities-Wildlife,6,64,0,https://fareharbor.com/embeds/calendar/nautikayak/items/423626/?asn=fhdn&asn-ref=alloutdooradventures&ref=alloutdooradventures&bookable-only=yes&full-items=yes&marketplace=yes&flow=no,"<script src=""https://fareharbor.com/embeds/script/calendar/nautikayak/items/423626/?asn=fhdn&asn-ref=alloutdooradventures&ref=alloutdooradventures&bookable-only=yes&full-items=yes&marketplace=yes&flow=no""></script>",https://fareharbor.com/embeds/book/nautikayak/items/423626/?asn=fhdn&asn-ref=alloutdooradventures&ref=alloutdooradventures&bookable-only=yes&full-items=yes&marketplace=yes&flow=no,https://cdn.filestackcontent.com/qXu1GcUNT1aK3SctXnhq
Owhango Adventures,canoewhanganuiriver,info@owhangoadventures.co.nz,+64 7 895 4854,New Zealand/Manawatū-Whanganui/Taumarunui,175.257986,-38.889755,556070,1-Day Culturally Guided River Journey,Canoe,1,64,32,https://fareharbor.com/embeds/calendar/canoewhanganuiriver/items/556070/?asn=fhdn-nzd&asn-ref=alloutdooradventures&ref=alloutdooradventures&bookable-only=yes&full-items=yes&marketplace=yes&flow=no,"<script src=""https://fareharbor.com/embeds/script/calendar/canoewhanganuiriver/items/556070/?asn=fhdn-nzd&asn-ref=alloutdooradventures&ref=alloutdooradventures&bookable-only=yes&full-items=yes&marketplace=yes&flow=no""></script>",https://fareharbor.com/embeds/book/canoewhanganuiriver/items/556070/?asn=fhdn-nzd&asn-ref=alloutdooradventures&ref=alloutdooradventures&bookable-only=yes&full-items=yes&marketplace=yes&flow=no,https://cdn.filestackcontent.com/ZhUPz66RRPGiTfECTXCy
Ohio Party Bus,ohiopartybus,sales@ohiopartybus.com,(740) 527-0275,United States/Ohio/Hebron,,,579481,10-Pax Stretched Limousine,Boat Rental-Boat Tour-Brewery-Bus Tour-Canoe-City Tour-Distillery-Events-Fishing-Food Tour-Ghost Tour-Guided Tour-History Tour-Hop On Hop Off-Kayak-Museum-Other-Photography Tour-Transfer-Private-Pub Crawl-Rentals-Self-Guided Tour-Shuttle-Sightseeing Tour-SUP-Transportation-Water Activities-Winery-Wine-Workshop,12,64,7922,https://fareharbor.com/embeds/calendar/ohiopartybus/items/579481/?asn=fhdn&asn-ref=alloutdooradventures&ref=alloutdooradventures&bookable-only=yes&full-items=yes&marketplace=yes&flow=no,"<script src=""https://fareharbor.com/embeds/script/calendar/ohiopartybus/items/579481/?asn=fhdn&asn-ref=alloutdooradventures&ref=alloutdooradventures&bookable-only=yes&full-items=yes&marketplace=yes&flow=no""></script>",https://fareharbor.com/embeds/book/ohiopartybus/items/579481/?asn=fhdn&asn-ref=alloutdooradventures&ref=alloutdooradventures&bookable-only=yes&full-items=yes&marketplace=yes&flow=no,https://cdn.filestackcontent.com/Fa5cnTeRjulNWkt6WZKE
Sutton Staithe Boatyard Ltd,suttonstaitheboatyard,info@suttonstaitheboatyard.co.uk,+441692581653,United Kingdom/England/Sutton,,,625876,Canoe - 3 Seater,Canoe,2,64,1066,https://fareharbor.com/embeds/calendar/suttonstaitheboatyard/items/625876/?asn=fhdn-gbp&asn-ref=alloutdooradventures&ref=alloutdooradventures&bookable-only=yes&full-items=yes&marketplace=yes&flow=no,"<script src=""https://fareharbor.com/embeds/script/calendar/suttonstaitheboatyard/items/625876/?asn=fhdn-gbp&asn-ref=alloutdooradventures&ref=alloutdooradventures&bookable-only=yes&full-items=yes&marketplace=yes&flow=no""></script>",https://fareharbor.com/embeds/book/suttonstaitheboatyard/items/625876/?asn=fhdn-gbp&asn-ref=alloutdooradventures&ref=alloutdooradventures&bookable-only=yes&full-items=yes&marketplace=yes&flow=no,https://cdn.filestackcontent.com/pMRtXHtHQyi0nVUg9eRU
Lek Mer,lekmer,info@lekmer.nu,46(0) 8-32 00 61,Sweden/Stockholms län/Solna,18.004338,59.343558,682043,"All Inclusive, Kajakpaket (2 dagar, 1 natt)",Boat Rental-Canoe-Eco Tour-Kayak-Private-Rentals-Water Activities,6,64,108,https://fareharbor.com/embeds/calendar/lekmer/items/682043/?asn=fhdn-sek&asn-ref=alloutdooradventures&ref=alloutdooradventures&bookable-only=yes&full-items=yes&marketplace=yes&flow=no,"<script src=""https://fareharbor.com/embeds/script/calendar/lekmer/items/682043/?asn=fhdn-sek&asn-ref=alloutdooradventures&ref=alloutdooradventures&bookable-only=yes&full-items=yes&marketplace=yes&flow=no""></script>",https://fareharbor.com/embeds/book/lekmer/items/682043/?asn=fhdn-sek&asn-ref=alloutdooradventures&ref=alloutdooradventures&bookable-only=yes&full-items=yes&marketplace=yes&flow=no,https://cdn.filestackcontent.com/zY4Tx8VSi2F9VU5qISbQ
Riverside Resort,vacationatriverside,info@vacationatriverside.com,870.625.7501,United States/Arkansas/Mammoth Spring,,,682107,5 Mile Float Trip,Water Activities,1,64,1889,https://fareharbor.com/embeds/calendar/vacationatriverside/items/682107/?asn=fhdn&asn-ref=alloutdooradventures&ref=alloutdooradventures&bookable-only=yes&full-items=yes&marketplace=yes&flow=no,"<script src=""https://fareharbor.com/embeds/script/calendar/vacationatriverside/items/682107/?asn=fhdn&asn-ref=alloutdooradventures&ref=alloutdooradventures&bookable-only=yes&full-items=yes&marketplace=yes&flow=no""></script>",https://fareharbor.com/embeds/book/vacationatriverside/items/682107/?asn=fhdn&asn-ref=alloutdooradventures&ref=alloutdooradventures&bookable-only=yes&full-items=yes&marketplace=yes&flow=no,https://cdn.filestackcontent.com/TvRINQw0Sqq2Ihgbo4M5
Riverside Resort,vacationatriverside,info@vacationatriverside.com,870.625.7501,United States/Arkansas/Mammoth Spring,,,682121,8 Mile Float Trip,Water Activities,1,64,429,https://fareharbor.com/embeds/calendar/vacationatriverside/items/682121/?asn=fhdn&asn-ref=alloutdooradventures&ref=alloutdooradventures&bookable-only=yes&full-items=yes&marketplace=yes&flow=no,"<script src=""https://fareharbor.com/embeds/script/calendar/vacationatriverside/items/682121/?asn=fhdn&asn-ref=alloutdooradventures&ref=alloutdooradventures&bookable-only=yes&full-items=yes&marketplace=yes&flow=no""></script>",https://fareharbor.com/embeds/book/vacationatriverside/items/682121/?asn=fhdn&asn-ref=alloutdooradventures&ref=alloutdooradventures&bookable-only=yes&full-items=yes&marketplace=yes&flow=no,https://cdn.filestackcontent.com/6GWvyh71T2y3huyvQcTW
Assateague Outfitters,assateagueoutfitters,assateagueoutfitters@gmail.com,410-656-9453,United States/Maryland/Berlin,-75.217689,38.322615,84755,Half Day Watersports Rental - Bayside Stand,Canoe-SUP,1,63,1036,https://fareharbor.com/embeds/calendar/assateagueoutfitters/items/84755/?asn=fhdn&asn-ref=alloutdooradventures&ref=alloutdooradventures&bookable-only=yes&full-items=yes&marketplace=yes&flow=no,"<script src=""https://fareharbor.com/embeds/script/calendar/assateagueoutfitters/items/84755/?asn=fhdn&asn-ref=alloutdooradventures&ref=alloutdooradventures&bookable-only=yes&full-items=yes&marketplace=yes&flow=no""></script>",https://fareharbor.com/embeds/book/assateagueoutfitters/items/84755/?asn=fhdn&asn-ref=alloutdooradventures&ref=alloutdooradventures&bookable-only=yes&full-items=yes&marketplace=yes&flow=no,https://cdn.filestackcontent.com/14bQKeQgQSZLcUlolv09
Assateague Outfitters,assateagueoutfitters,assateagueoutfitters@gmail.com,410-656-9453,United States/Maryland/Berlin,-75.217689,38.322615,84757,3 Day Watersports Rental - Bayside Stand,Canoe-SUP,1,63,1339,https://fareharbor.com/embeds/calendar/assateagueoutfitters/items/84757/?asn=fhdn&asn-ref=alloutdooradventures&ref=alloutdooradventures&bookable-only=yes&full-items=yes&marketplace=yes&flow=no,"<script src=""https://fareharbor.com/embeds/script/calendar/assateagueoutfitters/items/84757/?asn=fhdn&asn-ref=alloutdooradventures&ref=alloutdooradventures&bookable-only=yes&full-items=yes&marketplace=yes&flow=no""></script>",https://fareharbor.com/embeds/book/assateagueoutfitters/items/84757/?asn=fhdn&asn-ref=alloutdooradventures&ref=alloutdooradventures&bookable-only=yes&full-items=yes&marketplace=yes&flow=no,https://cdn.filestackcontent.com/c8RS0kxZRlWd8LCMGPjW
Assateague Outfitters,assateagueoutfitters,assateagueoutfitters@gmail.com,410-656-9453,United States/Maryland/Berlin,-75.217689,38.322615,84759,Weeklong Watersports Rental - Bayside Stand,Canoe-SUP,1,63,1795,https://fareharbor.com/embeds/calendar/assateagueoutfitters/items/84759/?asn=fhdn&asn-ref=alloutdooradventures&ref=alloutdooradventures&bookable-only=yes&full-items=yes&marketplace=yes&flow=no,"<script src=""https://fareharbor.com/embeds/script/calendar/assateagueoutfitters/items/84759/?asn=fhdn&asn-ref=alloutdooradventures&ref=alloutdooradventures&bookable-only=yes&full-items=yes&marketplace=yes&flow=no""></script>",https://fareharbor.com/embeds/book/assateagueoutfitters/items/84759/?asn=fhdn&asn-ref=alloutdooradventures&ref=alloutdooradventures&bookable-only=yes&full-items=yes&marketplace=yes&flow=no,https://cdn.filestackcontent.com/ZbCGQv95QK2SXWP165t6
ANC azoresholidays.pt,anc,tours@grupoanc.pt,(+351) 296249382,Portugal/Açores/Ponta Delgada,,,171455,Boat Fun Activities - Half Day,Boat Tour-Canoe,1,63,274,https://fareharbor.com/embeds/calendar/anc/items/171455/?asn=fhdn-eur&asn-ref=alloutdooradventures&ref=alloutdooradventures&bookable-only=yes&full-items=yes&marketplace=yes&flow=no,"<script src=""https://fareharbor.com/embeds/script/calendar/anc/items/171455/?asn=fhdn-eur&asn-ref=alloutdooradventures&ref=alloutdooradventures&bookable-only=yes&full-items=yes&marketplace=yes&flow=no""></script>",https://fareharbor.com/embeds/book/anc/items/171455/?asn=fhdn-eur&asn-ref=alloutdooradventures&ref=alloutdooradventures&bookable-only=yes&full-items=yes&marketplace=yes&flow=no,https://cdn.filestackcontent.com/sTbVcFAiSU6uitQRrdqU
Above & Beyond Alaska,beyondak,info@beyondak.com,907-364-2333,United States/Alaska/Juneau,,,195600,Mendenhall Glacier Canoe Paddle & Hike,Canoe,1,63,193,https://fareharbor.com/embeds/calendar/beyondak/items/195600/?asn=fhdn&asn-ref=alloutdooradventures&ref=alloutdooradventures&bookable-only=yes&full-items=yes&marketplace=yes&flow=no,"<script src=""https://fareharbor.com/embeds/script/calendar/beyondak/items/195600/?asn=fhdn&asn-ref=alloutdooradventures&ref=alloutdooradventures&bookable-only=yes&full-items=yes&marketplace=yes&flow=no""></script>",https://fareharbor.com/embeds/book/beyondak/items/195600/?asn=fhdn&asn-ref=alloutdooradventures&ref=alloutdooradventures&bookable-only=yes&full-items=yes&marketplace=yes&flow=no,https://cdn.filestackcontent.com/vv0QLgtiRvy4Ms87vebe
Mercer Vacation Rentals,mercervacationrentals,mercervacationrentals@gmail.com,920-570-1347,United States/Wisconsin/Mercer,,,675963,17' Canoe,Canoe,1,63,180,https://fareharbor.com/embeds/calendar/mercervacationrentals/items/675963/?asn=fhdn&asn-ref=alloutdooradventures&ref=alloutdooradventures&bookable-only=yes&full-items=yes&marketplace=yes&flow=no,"<script src=""https://fareharbor.com/embeds/script/calendar/mercervacationrentals/items/675963/?asn=fhdn&asn-ref=alloutdooradventures&ref=alloutdooradventures&bookable-only=yes&full-items=yes&marketplace=yes&flow=no""></script>",https://fareharbor.com/embeds/book/mercervacationrentals/items/675963/?asn=fhdn&asn-ref=alloutdooradventures&ref=alloutdooradventures&bookable-only=yes&full-items=yes&marketplace=yes&flow=no,https://cdn.filestackcontent.com/04AWtKK9QhebAdexQEbj
OUTTOUR Aktivreisen,outtour,info@outtour.de,0049 34462601951,Germany/Sachsen-Anhalt/Nebra (Unstrut),,,626573,Nebra - Kirchscheidungen,Canoe-Kayak,1,62,142,https://fareharbor.com/embeds/calendar/outtour/items/626573/?asn=fhdn-eur&asn-ref=alloutdooradventures&ref=alloutdooradventures&bookable-only=yes&full-items=yes&marketplace=yes&flow=no,"<script src=""https://fareharbor.com/embeds/script/calendar/outtour/items/626573/?asn=fhdn-eur&asn-ref=alloutdooradventures&ref=alloutdooradventures&bookable-only=yes&full-items=yes&marketplace=yes&flow=no""></script>",https://fareharbor.com/embeds/book/outtour/items/626573/?asn=fhdn-eur&asn-ref=alloutdooradventures&ref=alloutdooradventures&bookable-only=yes&full-items=yes&marketplace=yes&flow=no,https://cdn.filestackcontent.com/q2xtix4SzCR5I7bYxVVl
OUTTOUR Aktivreisen,outtour,info@outtour.de,0049 34462601951,Germany/Sachsen-Anhalt/Balgstädt,,,626581,Kirchscheidungen - Balgstädt,Canoe-Kayak,1,62,138,https://fareharbor.com/embeds/calendar/outtour/items/626581/?asn=fhdn-eur&asn-ref=alloutdooradventures&ref=alloutdooradventures&bookable-only=yes&full-items=yes&marketplace=yes&flow=no,"<script src=""https://fareharbor.com/embeds/script/calendar/outtour/items/626581/?asn=fhdn-eur&asn-ref=alloutdooradventures&ref=alloutdooradventures&bookable-only=yes&full-items=yes&marketplace=yes&flow=no""></script>",https://fareharbor.com/embeds/book/outtour/items/626581/?asn=fhdn-eur&asn-ref=alloutdooradventures&ref=alloutdooradventures&bookable-only=yes&full-items=yes&marketplace=yes&flow=no,https://cdn.filestackcontent.com/yzWTCPzTzm7Zy6c40Onw
Canoe Safaris,canoesafaris,info@canoesafaris.co.nz,0800 272 335,New Zealand/Manawatū-Whanganui/Ohakune,,,175581,Five-Day Guided Whanganui National Park Canoe,Canoe,4,61,14,https://fareharbor.com/embeds/calendar/canoesafaris/items/175581/?asn=fhdn-nzd&asn-ref=alloutdooradventures&ref=alloutdooradventures&bookable-only=yes&full-items=yes&marketplace=yes&flow=no,"<script src=""https://fareharbor.com/embeds/script/calendar/canoesafaris/items/175581/?asn=fhdn-nzd&asn-ref=alloutdooradventures&ref=alloutdooradventures&bookable-only=yes&full-items=yes&marketplace=yes&flow=no""></script>",https://fareharbor.com/embeds/book/canoesafaris/items/175581/?asn=fhdn-nzd&asn-ref=alloutdooradventures&ref=alloutdooradventures&bookable-only=yes&full-items=yes&marketplace=yes&flow=no,https://cdn.filestackcontent.com/BGUsqMuuSfIKnEc6vH1Y
Sky Lakes Wilderness Adventures,skylakeswild,skylakeswild@gmail.com,(541) 891 0435,United States/Oregon/Klamath Falls,-122.083743,42.523493,301585,Malone Springs Kayaking Tour,Canoe,4,61,720,https://fareharbor.com/embeds/calendar/skylakeswild/items/301585/?asn=fhdn&asn-ref=alloutdooradventures&ref=alloutdooradventures&bookable-only=yes&full-items=yes&marketplace=yes&flow=no,"<script src=""https://fareharbor.com/embeds/script/calendar/skylakeswild/items/301585/?asn=fhdn&asn-ref=alloutdooradventures&ref=alloutdooradventures&bookable-only=yes&full-items=yes&marketplace=yes&flow=no""></script>",https://fareharbor.com/embeds/book/skylakeswild/items/301585/?asn=fhdn&asn-ref=alloutdooradventures&ref=alloutdooradventures&bookable-only=yes&full-items=yes&marketplace=yes&flow=no,https://cdn.filestackcontent.com/deahT5NT1igrUoMUDIUZ
Zoar Outdoor,zoaroutdoor,info@zoaroutdoor.com,413-339-4010,United States/Vermont/Jamaica,,,350473,West River - Upper River Run 1-Day Clinic,Boat Tour-Canoe-Surf-Transportation,1,61,0,https://fareharbor.com/embeds/calendar/zoaroutdoor/items/350473/?asn=fhdn&asn-ref=alloutdooradventures&ref=alloutdooradventures&bookable-only=yes&full-items=yes&marketplace=yes&flow=no,"<script src=""https://fareharbor.com/embeds/script/calendar/zoaroutdoor/items/350473/?asn=fhdn&asn-ref=alloutdooradventures&ref=alloutdooradventures&bookable-only=yes&full-items=yes&marketplace=yes&flow=no""></script>",https://fareharbor.com/embeds/book/zoaroutdoor/items/350473/?asn=fhdn&asn-ref=alloutdooradventures&ref=alloutdooradventures&bookable-only=yes&full-items=yes&marketplace=yes&flow=no,https://cdn.filestackcontent.com/JLsjYFztQ9qYZqSNcJAQ
OUTTOUR Aktivreisen,outtour,info@outtour.de,0049 34462601951,Germany/Sachsen-Anhalt/Laucha an der Unstrut,,,626662,Kirchscheidungen - Freyburg,Canoe-Kayak,1,61,142,https://fareharbor.com/embeds/calendar/outtour/items/626662/?asn=fhdn-eur&asn-ref=alloutdooradventures&ref=alloutdooradventures&bookable-only=yes&full-items=yes&marketplace=yes&flow=no,"<script src=""https://fareharbor.com/embeds/script/calendar/outtour/items/626662/?asn=fhdn-eur&asn-ref=alloutdooradventures&ref=alloutdooradventures&bookable-only=yes&full-items=yes&marketplace=yes&flow=no""></script>",https://fareharbor.com/embeds/book/outtour/items/626662/?asn=fhdn-eur&asn-ref=alloutdooradventures&ref=alloutdooradventures&bookable-only=yes&full-items=yes&marketplace=yes&flow=no,https://cdn.filestackcontent.com/r04hXZ8yTqeJ5uLHZ8RK
OUTTOUR Aktivreisen,outtour,info@outtour.de,0049 34462601951,Germany/Sachsen-Anhalt/Freyburg (Unstrut),,,626677,3 Tage Artern - Freyburg,Canoe-Kayak,1,61,142,https://fareharbor.com/embeds/calendar/outtour/items/626677/?asn=fhdn-eur&asn-ref=alloutdooradventures&ref=alloutdooradventures&bookable-only=yes&full-items=yes&marketplace=yes&flow=no,"<script src=""https://fareharbor.com/embeds/script/calendar/outtour/items/626677/?asn=fhdn-eur&asn-ref=alloutdooradventures&ref=alloutdooradventures&bookable-only=yes&full-items=yes&marketplace=yes&flow=no""></script>",https://fareharbor.com/embeds/book/outtour/items/626677/?asn=fhdn-eur&asn-ref=alloutdooradventures&ref=alloutdooradventures&bookable-only=yes&full-items=yes&marketplace=yes&flow=no,https://cdn.filestackcontent.com/gIRj0AHlTg2eBAuxMkSt
OUTTOUR Aktivreisen,outtour,info@outtour.de,0049 34462601951,Germany/Sachsen-Anhalt/Freyburg (Unstrut),,,626680,4 Tage Heldrungen- Freyburg,Canoe-Kayak,1,61,142,https://fareharbor.com/embeds/calendar/outtour/items/626680/?asn=fhdn-eur&asn-ref=alloutdooradventures&ref=alloutdooradventures&bookable-only=yes&full-items=yes&marketplace=yes&flow=no,"<script src=""https://fareharbor.com/embeds/script/calendar/outtour/items/626680/?asn=fhdn-eur&asn-ref=alloutdooradventures&ref=alloutdooradventures&bookable-only=yes&full-items=yes&marketplace=yes&flow=no""></script>",https://fareharbor.com/embeds/book/outtour/items/626680/?asn=fhdn-eur&asn-ref=alloutdooradventures&ref=alloutdooradventures&bookable-only=yes&full-items=yes&marketplace=yes&flow=no,https://cdn.filestackcontent.com/5IalwGFSQwu5aLcuOZkB
Whitewater Active,sasoutdoors,enquiries@whitewateractive.co.uk,+44 1978 860763,United Kingdom/Wales/Llangollen,-3.168597,52.969778,167481,The Hand Hotel,Canoe,0,60,0,https://fareharbor.com/embeds/calendar/sasoutdoors/items/167481/?asn=fhdn-gbp&asn-ref=alloutdooradventures&ref=alloutdooradventures&bookable-only=yes&full-items=yes&marketplace=yes&flow=no,"<script src=""https://fareharbor.com/embeds/script/calendar/sasoutdoors/items/167481/?asn=fhdn-gbp&asn-ref=alloutdooradventures&ref=alloutdooradventures&bookable-only=yes&full-items=yes&marketplace=yes&flow=no""></script>",https://fareharbor.com/embeds/book/sasoutdoors/items/167481/?asn=fhdn-gbp&asn-ref=alloutdooradventures&ref=alloutdooradventures&bookable-only=yes&full-items=yes&marketplace=yes&flow=no,
Kayak Carolina,kayakcarolina,kayakcarolina1198@gmail.com,(910) 458-9171,United States/North Carolina/Kure Beach,-77.941557,33.95951,307881,Sunrise Paddle in the Zeke's Island Reserve,Aquarium-Attraction-Boat Tour-Canoe-Dolphin-Eco Tour-Environmental Attraction-Events-Ferry-Wellness-Guided Tour-Kayak-Photography Tour-Private-Rentals-Self-Guided Tour-Service-Sightseeing Tour-Snowmobile-Water Activities-Wildlife,4,60,432,https://fareharbor.com/embeds/calendar/kayakcarolina/items/307881/?asn=fhdn&asn-ref=alloutdooradventures&ref=alloutdooradventures&bookable-only=yes&full-items=yes&marketplace=yes&flow=no,"<script src=""https://fareharbor.com/embeds/script/calendar/kayakcarolina/items/307881/?asn=fhdn&asn-ref=alloutdooradventures&ref=alloutdooradventures&bookable-only=yes&full-items=yes&marketplace=yes&flow=no""></script>",https://fareharbor.com/embeds/book/kayakcarolina/items/307881/?asn=fhdn&asn-ref=alloutdooradventures&ref=alloutdooradventures&bookable-only=yes&full-items=yes&marketplace=yes&flow=no,https://cdn.filestackcontent.com/MdDf2rYYTYegJhJAXoRQ
Hetta Huskies,hettahuskies,info@hettahuskies.com,+358 40 353 2076,Finland/Lappi/Enontekiö,,,323255,Käkkälöjoki River,Canoe-Transfer-Private-Transportation,1,60,0,https://fareharbor.com/embeds/calendar/hettahuskies/items/323255/?asn=fhdn-eur&asn-ref=alloutdooradventures&ref=alloutdooradventures&bookable-only=yes&full-items=yes&marketplace=yes&flow=no,"<script src=""https://fareharbor.com/embeds/script/calendar/hettahuskies/items/323255/?asn=fhdn-eur&asn-ref=alloutdooradventures&ref=alloutdooradventures&bookable-only=yes&full-items=yes&marketplace=yes&flow=no""></script>",https://fareharbor.com/embeds/book/hettahuskies/items/323255/?asn=fhdn-eur&asn-ref=alloutdooradventures&ref=alloutdooradventures&bookable-only=yes&full-items=yes&marketplace=yes&flow=no,https://cdn.filestackcontent.com/TDTuZ1pRTtyZTvZ8OKiB
Lakeside Caravan and Camping Park,llangorselake,reception@llangorselake.co.uk,+441874658226,United Kingdom/Wales/Brecon,-3.270384,51.935053,577480,Canoe Hire,Canoe,2,60,0,https://fareharbor.com/embeds/calendar/llangorselake/items/577480/?asn=fhdn-gbp&asn-ref=alloutdooradventures&ref=alloutdooradventures&bookable-only=yes&full-items=yes&marketplace=yes&flow=no,"<script src=""https://fareharbor.com/embeds/script/calendar/llangorselake/items/577480/?asn=fhdn-gbp&asn-ref=alloutdooradventures&ref=alloutdooradventures&bookable-only=yes&full-items=yes&marketplace=yes&flow=no""></script>",https://fareharbor.com/embeds/book/llangorselake/items/577480/?asn=fhdn-gbp&asn-ref=alloutdooradventures&ref=alloutdooradventures&bookable-only=yes&full-items=yes&marketplace=yes&flow=no,https://cdn.filestackcontent.com/cfr0cfcQkScFKwwV5sJu
Bright Side Tours,gruppenspass,info@gruppenspass.de,+49 5447 997073,Germany/Niedersachsen/Lembruch,,,593757,Dümmerabitur,Canoe-SUP,1,60,1076,https://fareharbor.com/embeds/calendar/gruppenspass/items/593757/?asn=fhdn-eur&asn-ref=alloutdooradventures&ref=alloutdooradventures&bookable-only=yes&full-items=yes&marketplace=yes&flow=no,"<script src=""https://fareharbor.com/embeds/script/calendar/gruppenspass/items/593757/?asn=fhdn-eur&asn-ref=alloutdooradventures&ref=alloutdooradventures&bookable-only=yes&full-items=yes&marketplace=yes&flow=no""></script>",https://fareharbor.com/embeds/book/gruppenspass/items/593757/?asn=fhdn-eur&asn-ref=alloutdooradventures&ref=alloutdooradventures&bookable-only=yes&full-items=yes&marketplace=yes&flow=no,https://cdn.filestackcontent.com/M4QFODZYReew98dTz0ar
Thames Canoe Hire,thamescanoehire,info@thamescanoehire.com,(+44)1189412777,United Kingdom/England/Reading,,,651090,Katacanoe,Canoe,1,60,805,https://fareharbor.com/embeds/calendar/thamescanoehire/items/651090/?asn=fhdn-gbp&asn-ref=alloutdooradventures&ref=alloutdooradventures&bookable-only=yes&full-items=yes&marketplace=yes&flow=no,"<script src=""https://fareharbor.com/embeds/script/calendar/thamescanoehire/items/651090/?asn=fhdn-gbp&asn-ref=alloutdooradventures&ref=alloutdooradventures&bookable-only=yes&full-items=yes&marketplace=yes&flow=no""></script>",https://fareharbor.com/embeds/book/thamescanoehire/items/651090/?asn=fhdn-gbp&asn-ref=alloutdooradventures&ref=alloutdooradventures&bookable-only=yes&full-items=yes&marketplace=yes&flow=no,https://cdn.filestackcontent.com/eyNmdEMTBmjol86fFgPg
Lek Mer,lekmer,info@lekmer.nu,46(0) 8-32 00 61,Sweden/Stockholms län/Solna,18.004338,59.343558,682845,"All Inclusive, Kajakpaket (7 dagar, 6 nätter)",Boat Rental-Canoe-Kayak-Rentals-Self-Guided Tour-Water Activities,4,60,108,https://fareharbor.com/embeds/calendar/lekmer/items/682845/?asn=fhdn-sek&asn-ref=alloutdooradventures&ref=alloutdooradventures&bookable-only=yes&full-items=yes&marketplace=yes&flow=no,"<script src=""https://fareharbor.com/embeds/script/calendar/lekmer/items/682845/?asn=fhdn-sek&asn-ref=alloutdooradventures&ref=alloutdooradventures&bookable-only=yes&full-items=yes&marketplace=yes&flow=no""></script>",https://fareharbor.com/embeds/book/lekmer/items/682845/?asn=fhdn-sek&asn-ref=alloutdooradventures&ref=alloutdooradventures&bookable-only=yes&full-items=yes&marketplace=yes&flow=no,https://cdn.filestackcontent.com/17bTRtIRTuaPAu8B3F8K
Clube do Paiva,clubedopaiva,info@clubedopaiva.com,+351 966 185 300,Portugal/Aveiro/União das freguesias de Canelas e Espiunca,-8.175712,40.953327,332563,Canoeing,Canoe,1,59,151,https://fareharbor.com/embeds/calendar/clubedopaiva/items/332563/?asn=fhdn-eur&asn-ref=alloutdooradventures&ref=alloutdooradventures&bookable-only=yes&full-items=yes&marketplace=yes&flow=no,"<script src=""https://fareharbor.com/embeds/script/calendar/clubedopaiva/items/332563/?asn=fhdn-eur&asn-ref=alloutdooradventures&ref=alloutdooradventures&bookable-only=yes&full-items=yes&marketplace=yes&flow=no""></script>",https://fareharbor.com/embeds/book/clubedopaiva/items/332563/?asn=fhdn-eur&asn-ref=alloutdooradventures&ref=alloutdooradventures&bookable-only=yes&full-items=yes&marketplace=yes&flow=no,https://cdn.filestackcontent.com/CLIE4SKPRoWgJeo0LKDt
Unique Maui Tours,uniquehawaiiexperience,UniqueMauiTours@gmail.com,+1 844-550-6284,United States/Hawaii/Kihei,,,335069,Haleakala & Upcountry,Boat Tour-Canoe-Distillery-Farm-Food Tour-Photography Tour-Private-Sightseeing Tour-Surf-Whale Watch-Winery-Wine,1,59,173,https://fareharbor.com/embeds/calendar/uniquehawaiiexperience/items/335069/?asn=fhdn&asn-ref=alloutdooradventures&ref=alloutdooradventures&bookable-only=yes&full-items=yes&marketplace=yes&flow=no,"<script src=""https://fareharbor.com/embeds/script/calendar/uniquehawaiiexperience/items/335069/?asn=fhdn&asn-ref=alloutdooradventures&ref=alloutdooradventures&bookable-only=yes&full-items=yes&marketplace=yes&flow=no""></script>",https://fareharbor.com/embeds/book/uniquehawaiiexperience/items/335069/?asn=fhdn&asn-ref=alloutdooradventures&ref=alloutdooradventures&bookable-only=yes&full-items=yes&marketplace=yes&flow=no,https://cdn.filestackcontent.com/YfH4WRyRuCK44krMHcnd
Taumarunui Canoe Hire and Jet Boat Tours,taumarunuicanoehire,tmncanoehire@gmail.com,0800 226 6348,New Zealand/Manawatū-Whanganui/Taumarunui,,,342483,7-8 Day - Taumarunui to Whanganui (Call to Book),Canoe,1,59,0,https://fareharbor.com/embeds/calendar/taumarunuicanoehire/items/342483/?asn=fhdn-nzd&asn-ref=alloutdooradventures&ref=alloutdooradventures&bookable-only=yes&full-items=yes&marketplace=yes&flow=no,"<script src=""https://fareharbor.com/embeds/script/calendar/taumarunuicanoehire/items/342483/?asn=fhdn-nzd&asn-ref=alloutdooradventures&ref=alloutdooradventures&bookable-only=yes&full-items=yes&marketplace=yes&flow=no""></script>",https://fareharbor.com/embeds/book/taumarunuicanoehire/items/342483/?asn=fhdn-nzd&asn-ref=alloutdooradventures&ref=alloutdooradventures&bookable-only=yes&full-items=yes&marketplace=yes&flow=no,https://cdn.filestackcontent.com/jqM8yqJRc6sgpSJYL1Wg
Whanganui River Canoes,whanganuirivercanoes,becmead.benadam@gmail.com,06 385 4176,New Zealand/Manawatū-Whanganui/Raetihi,,,380517,Add-on Extra Options,Canoe,1,59,72,https://fareharbor.com/embeds/calendar/whanganuirivercanoes/items/380517/?asn=fhdn-nzd&asn-ref=alloutdooradventures&ref=alloutdooradventures&bookable-only=yes&full-items=yes&marketplace=yes&flow=no,"<script src=""https://fareharbor.com/embeds/script/calendar/whanganuirivercanoes/items/380517/?asn=fhdn-nzd&asn-ref=alloutdooradventures&ref=alloutdooradventures&bookable-only=yes&full-items=yes&marketplace=yes&flow=no""></script>",https://fareharbor.com/embeds/book/whanganuirivercanoes/items/380517/?asn=fhdn-nzd&asn-ref=alloutdooradventures&ref=alloutdooradventures&bookable-only=yes&full-items=yes&marketplace=yes&flow=no,https://cdn.filestackcontent.com/TTowulUnQTCw7S2Iuqhu
Marlow Boating,marlowboating,hello@marlowboating.com,01628 566290,United Kingdom/England/Bisham,,,542725,Marlow Canoe Hire,Canoe,1,59,1271,https://fareharbor.com/embeds/calendar/marlowboating/items/542725/?asn=fhdn-gbp&asn-ref=alloutdooradventures&ref=alloutdooradventures&bookable-only=yes&full-items=yes&marketplace=yes&flow=no,"<script src=""https://fareharbor.com/embeds/script/calendar/marlowboating/items/542725/?asn=fhdn-gbp&asn-ref=alloutdooradventures&ref=alloutdooradventures&bookable-only=yes&full-items=yes&marketplace=yes&flow=no""></script>",https://fareharbor.com/embeds/book/marlowboating/items/542725/?asn=fhdn-gbp&asn-ref=alloutdooradventures&ref=alloutdooradventures&bookable-only=yes&full-items=yes&marketplace=yes&flow=no,https://cdn.filestackcontent.com/Ff6th9R7TLiZVZ1sFyMW
River & Earth Adventures,raftcavehike,info@raftcavehike.com,1 (866) 411-7238,United States/North Carolina/Boone,,,556050,Canoes,Canoe,1,59,0,https://fareharbor.com/embeds/calendar/raftcavehike/items/556050/?asn=fhdn&asn-ref=alloutdooradventures&ref=alloutdooradventures&bookable-only=yes&full-items=yes&marketplace=yes&flow=no,"<script src=""https://fareharbor.com/embeds/script/calendar/raftcavehike/items/556050/?asn=fhdn&asn-ref=alloutdooradventures&ref=alloutdooradventures&bookable-only=yes&full-items=yes&marketplace=yes&flow=no""></script>",https://fareharbor.com/embeds/book/raftcavehike/items/556050/?asn=fhdn&asn-ref=alloutdooradventures&ref=alloutdooradventures&bookable-only=yes&full-items=yes&marketplace=yes&flow=no,https://cdn.filestackcontent.com/AvpoIdaaRrWYkEiRliE4
Kiruna Guidetur,kirunaguidetur,info@kirunaguidetur.com,46 980 81110,Sweden/Norrbottens län/Kiruna,,,563324,Canoe Day Tour,Canoe,1,59,0,https://fareharbor.com/embeds/calendar/kirunaguidetur/items/563324/?asn=fhdn-sek&asn-ref=alloutdooradventures&ref=alloutdooradventures&bookable-only=yes&full-items=yes&marketplace=yes&flow=no,"<script src=""https://fareharbor.com/embeds/script/calendar/kirunaguidetur/items/563324/?asn=fhdn-sek&asn-ref=alloutdooradventures&ref=alloutdooradventures&bookable-only=yes&full-items=yes&marketplace=yes&flow=no""></script>",https://fareharbor.com/embeds/book/kirunaguidetur/items/563324/?asn=fhdn-sek&asn-ref=alloutdooradventures&ref=alloutdooradventures&bookable-only=yes&full-items=yes&marketplace=yes&flow=no,https://cdn.filestackcontent.com/mZK2rLhSRMC52TRJzkt3
Kiruna Guidetur,kirunaguidetur,info@kirunaguidetur.com,46 980 81110,Sweden/Norrbottens län/Kiruna,,,563328,Canoe/Kayak Rental,Canoe-Kayak,1,59,0,https://fareharbor.com/embeds/calendar/kirunaguidetur/items/563328/?asn=fhdn-sek&asn-ref=alloutdooradventures&ref=alloutdooradventures&bookable-only=yes&full-items=yes&marketplace=yes&flow=no,"<script src=""https://fareharbor.com/embeds/script/calendar/kirunaguidetur/items/563328/?asn=fhdn-sek&asn-ref=alloutdooradventures&ref=alloutdooradventures&bookable-only=yes&full-items=yes&marketplace=yes&flow=no""></script>",https://fareharbor.com/embeds/book/kirunaguidetur/items/563328/?asn=fhdn-sek&asn-ref=alloutdooradventures&ref=alloutdooradventures&bookable-only=yes&full-items=yes&marketplace=yes&flow=no,https://cdn.filestackcontent.com/IYEytHpnQGmhlhm4mUdl
Scottish Adventure School,scottishadventureschool,info@scottishadventureschool.co.uk,+441764653112,United Kingdom/Scotland/Crieff,-4.159134,56.384831,578172,Canoeing,Canoe,1,59,0,https://fareharbor.com/embeds/calendar/scottishadventureschool/items/578172/?asn=fhdn-gbp&asn-ref=alloutdooradventures&ref=alloutdooradventures&bookable-only=yes&full-items=yes&marketplace=yes&flow=no,"<script src=""https://fareharbor.com/embeds/script/calendar/scottishadventureschool/items/578172/?asn=fhdn-gbp&asn-ref=alloutdooradventures&ref=alloutdooradventures&bookable-only=yes&full-items=yes&marketplace=yes&flow=no""></script>",https://fareharbor.com/embeds/book/scottishadventureschool/items/578172/?asn=fhdn-gbp&asn-ref=alloutdooradventures&ref=alloutdooradventures&bookable-only=yes&full-items=yes&marketplace=yes&flow=no,https://cdn.filestackcontent.com/UU0V9KWRcCxXDbOTZ5ye
Wildwood Resort and Marina,wildwoodresorttn,info@WildwoodResortTN.com,931-653-4360,United States/Tennessee/Granville,,,603612,Kayaks and Paddle Boards,Canoe-Kayak-SUP,1,59,0,https://fareharbor.com/embeds/calendar/wildwoodresorttn/items/603612/?asn=fhdn&asn-ref=alloutdooradventures&ref=alloutdooradventures&bookable-only=yes&full-items=yes&marketplace=yes&flow=no,"<script src=""https://fareharbor.com/embeds/script/calendar/wildwoodresorttn/items/603612/?asn=fhdn&asn-ref=alloutdooradventures&ref=alloutdooradventures&bookable-only=yes&full-items=yes&marketplace=yes&flow=no""></script>",https://fareharbor.com/embeds/book/wildwoodresorttn/items/603612/?asn=fhdn&asn-ref=alloutdooradventures&ref=alloutdooradventures&bookable-only=yes&full-items=yes&marketplace=yes&flow=no,https://cdn.filestackcontent.com/SjVPQEwQUqozffeEaKuj
Kjenndalstova,kjenndalstova,post@kjenndalstova.no,+47 905 34 087,Norway/Vestland/Loen,,,623999,Canoe 4 person,Canoe,7,59,609,https://fareharbor.com/embeds/calendar/kjenndalstova/items/623999/?asn=fhdn-nok&asn-ref=alloutdooradventures&ref=alloutdooradventures&bookable-only=yes&full-items=yes&marketplace=yes&flow=no,"<script src=""https://fareharbor.com/embeds/script/calendar/kjenndalstova/items/623999/?asn=fhdn-nok&asn-ref=alloutdooradventures&ref=alloutdooradventures&bookable-only=yes&full-items=yes&marketplace=yes&flow=no""></script>",https://fareharbor.com/embeds/book/kjenndalstova/items/623999/?asn=fhdn-nok&asn-ref=alloutdooradventures&ref=alloutdooradventures&bookable-only=yes&full-items=yes&marketplace=yes&flow=no,https://cdn.filestackcontent.com/gkhRiOcUQWGDgMk6vB2Y
Wikkelboat,wikkelboat,info@wikkelboat.nl,3188-8887000,Netherlands/Zuid-Holland/Rotterdam,4.488789,51.904802,630130,Huur een kano in Rijnhaven,Canoe,1,59,1914,https://fareharbor.com/embeds/calendar/wikkelboat/items/630130/?asn=fhdn-eur&asn-ref=alloutdooradventures&ref=alloutdooradventures&bookable-only=yes&full-items=yes&marketplace=yes&flow=no,"<script src=""https://fareharbor.com/embeds/script/calendar/wikkelboat/items/630130/?asn=fhdn-eur&asn-ref=alloutdooradventures&ref=alloutdooradventures&bookable-only=yes&full-items=yes&marketplace=yes&flow=no""></script>",https://fareharbor.com/embeds/book/wikkelboat/items/630130/?asn=fhdn-eur&asn-ref=alloutdooradventures&ref=alloutdooradventures&bookable-only=yes&full-items=yes&marketplace=yes&flow=no,https://cdn.filestackcontent.com/dV3RQXnxTaOJPC9HHPJ9
Kona Boys,konaboys,info@konaboys.com,808-328-1234,United States/Hawaii/Kailua-Kona,-155.997479,19.640138,6980,Wa’a (Hawaiian Outrigger Canoe) Rides,Canoe,1,58,900,https://fareharbor.com/embeds/calendar/konaboys/items/6980/?asn=fhdn&asn-ref=alloutdooradventures&ref=alloutdooradventures&bookable-only=yes&full-items=yes&marketplace=yes&flow=no,"<script src=""https://fareharbor.com/embeds/script/calendar/konaboys/items/6980/?asn=fhdn&asn-ref=alloutdooradventures&ref=alloutdooradventures&bookable-only=yes&full-items=yes&marketplace=yes&flow=no""></script>",https://fareharbor.com/embeds/book/konaboys/items/6980/?asn=fhdn&asn-ref=alloutdooradventures&ref=alloutdooradventures&bookable-only=yes&full-items=yes&marketplace=yes&flow=no,https://www.filepicker.io/api/file/m9MtBxwwQ0ug608NqiMN
1097 Watersports,1097watersports,info@1097watersports.com,936-217-4155,United States/Texas/Montgomery,,,335952,Canoe Rental,Boat Rental-Canoe-Water Activities,1,58,3448,https://fareharbor.com/embeds/calendar/1097watersports/items/335952/?asn=fhdn&asn-ref=alloutdooradventures&ref=alloutdooradventures&bookable-only=yes&full-items=yes&marketplace=yes&flow=no,"<script src=""https://fareharbor.com/embeds/script/calendar/1097watersports/items/335952/?asn=fhdn&asn-ref=alloutdooradventures&ref=alloutdooradventures&bookable-only=yes&full-items=yes&marketplace=yes&flow=no""></script>",https://fareharbor.com/embeds/book/1097watersports/items/335952/?asn=fhdn&asn-ref=alloutdooradventures&ref=alloutdooradventures&bookable-only=yes&full-items=yes&marketplace=yes&flow=no,https://cdn.filestackcontent.com/0FeXpOGjSGgGs6g1qAkw
Aloha Sunshine Tours,alohasunshinetours,reservations@alohasunshinetours.com,(808) 824-3995,United States/Florida/Temple Terrace,,,340205,"11M- Pearl Harbor, Dole Plantation, and Polynesian Cultural Center Tour Departing from Maui",Attraction-Boat Tour-Canoe-Events-Farm-History Tour-Museum-Surf-Transportation,1,58,387,https://fareharbor.com/embeds/calendar/alohasunshinetours/items/340205/?asn=fhdn&asn-ref=alloutdooradventures&ref=alloutdooradventures&bookable-only=yes&full-items=yes&marketplace=yes&flow=no,"<script src=""https://fareharbor.com/embeds/script/calendar/alohasunshinetours/items/340205/?asn=fhdn&asn-ref=alloutdooradventures&ref=alloutdooradventures&bookable-only=yes&full-items=yes&marketplace=yes&flow=no""></script>",https://fareharbor.com/embeds/book/alohasunshinetours/items/340205/?asn=fhdn&asn-ref=alloutdooradventures&ref=alloutdooradventures&bookable-only=yes&full-items=yes&marketplace=yes&flow=no,https://cdn.filestackcontent.com/hz8WFZ0eRVWOYD0JBQPi
Aloha Sunshine Tours,alohasunshinetours,reservations@alohasunshinetours.com,(808) 824-3995,United States/Florida/Temple Terrace,,,340362,"11H - Pearl Harbor, Dole Plantation, and Polynesian Cultural Center Tour Departing from the Big Island",Attraction-Boat Tour-Canoe-Events-Farm-History Tour-Museum-Surf-Transportation,1,58,129,https://fareharbor.com/embeds/calendar/alohasunshinetours/items/340362/?asn=fhdn&asn-ref=alloutdooradventures&ref=alloutdooradventures&bookable-only=yes&full-items=yes&marketplace=yes&flow=no,"<script src=""https://fareharbor.com/embeds/script/calendar/alohasunshinetours/items/340362/?asn=fhdn&asn-ref=alloutdooradventures&ref=alloutdooradventures&bookable-only=yes&full-items=yes&marketplace=yes&flow=no""></script>",https://fareharbor.com/embeds/book/alohasunshinetours/items/340362/?asn=fhdn&asn-ref=alloutdooradventures&ref=alloutdooradventures&bookable-only=yes&full-items=yes&marketplace=yes&flow=no,https://cdn.filestackcontent.com/PNSZ0ub2QsO2id9rtMYW
Aloha Sunshine Tours,alohasunshinetours,reservations@alohasunshinetours.com,(808) 824-3995,United States/Florida/Temple Terrace,,,340732,"11K- Pearl Harbor, Dole Plantation, and Polynesian Cultural Center Tour Departing from Kauai",Attraction-Boat Tour-Canoe-Events-Farm-History Tour-Museum-Surf-Transportation,1,58,129,https://fareharbor.com/embeds/calendar/alohasunshinetours/items/340732/?asn=fhdn&asn-ref=alloutdooradventures&ref=alloutdooradventures&bookable-only=yes&full-items=yes&marketplace=yes&flow=no,"<script src=""https://fareharbor.com/embeds/script/calendar/alohasunshinetours/items/340732/?asn=fhdn&asn-ref=alloutdooradventures&ref=alloutdooradventures&bookable-only=yes&full-items=yes&marketplace=yes&flow=no""></script>",https://fareharbor.com/embeds/book/alohasunshinetours/items/340732/?asn=fhdn&asn-ref=alloutdooradventures&ref=alloutdooradventures&bookable-only=yes&full-items=yes&marketplace=yes&flow=no,https://cdn.filestackcontent.com/Lrd65WhPSEC4tBQk7jV0
Kangaroo Valley Safaris,kangaroovalleycanoes,info@kangaroovalleycanoes.com.au,0418221169,Australia/New South Wales/Kangaroo Valley,,,343469,Bushranger Canoe Hire,Canoe,1,58,0,https://fareharbor.com/embeds/calendar/kangaroovalleycanoes/items/343469/?asn=fhdn-aud&asn-ref=alloutdooradventures&ref=alloutdooradventures&bookable-only=yes&full-items=yes&marketplace=yes&flow=no,"<script src=""https://fareharbor.com/embeds/script/calendar/kangaroovalleycanoes/items/343469/?asn=fhdn-aud&asn-ref=alloutdooradventures&ref=alloutdooradventures&bookable-only=yes&full-items=yes&marketplace=yes&flow=no""></script>",https://fareharbor.com/embeds/book/kangaroovalleycanoes/items/343469/?asn=fhdn-aud&asn-ref=alloutdooradventures&ref=alloutdooradventures&bookable-only=yes&full-items=yes&marketplace=yes&flow=no,https://cdn.filestackcontent.com/cqA4K46SzeGCnv2gYS7k
Taumarunui Canoe Hire and Jet Boat Tours,taumarunuicanoehire,tmncanoehire@gmail.com,0800 226 6348,New Zealand/Manawatū-Whanganui/Taumarunui,,,360646,Jetboat Trip - Taumarunui/Ohinepane to Posh Pioneers Return,Canoe,1,58,0,https://fareharbor.com/embeds/calendar/taumarunuicanoehire/items/360646/?asn=fhdn-nzd&asn-ref=alloutdooradventures&ref=alloutdooradventures&bookable-only=yes&full-items=yes&marketplace=yes&flow=no,"<script src=""https://fareharbor.com/embeds/script/calendar/taumarunuicanoehire/items/360646/?asn=fhdn-nzd&asn-ref=alloutdooradventures&ref=alloutdooradventures&bookable-only=yes&full-items=yes&marketplace=yes&flow=no""></script>",https://fareharbor.com/embeds/book/taumarunuicanoehire/items/360646/?asn=fhdn-nzd&asn-ref=alloutdooradventures&ref=alloutdooradventures&bookable-only=yes&full-items=yes&marketplace=yes&flow=no,https://cdn.filestackcontent.com/QQRL4eBMQs207DpZp68N
Manatee & Fanning Springs State Parks,manateefanning,arden@lakelouisastatepark.com,352-663-9960,United States/Florida/Chiefland,,,401471,Canoe Rentals,Canoe-Rentals-Water Activities,1,58,540,https://fareharbor.com/embeds/calendar/manateefanning/items/401471/?asn=fhdn&asn-ref=alloutdooradventures&ref=alloutdooradventures&bookable-only=yes&full-items=yes&marketplace=yes&flow=no,"<script src=""https://fareharbor.com/embeds/script/calendar/manateefanning/items/401471/?asn=fhdn&asn-ref=alloutdooradventures&ref=alloutdooradventures&bookable-only=yes&full-items=yes&marketplace=yes&flow=no""></script>",https://fareharbor.com/embeds/book/manateefanning/items/401471/?asn=fhdn&asn-ref=alloutdooradventures&ref=alloutdooradventures&bookable-only=yes&full-items=yes&marketplace=yes&flow=no,https://cdn.filestackcontent.com/PLho1ecmQ1SfxBqjMbPp
Whanganui River Adventures,whanganuiriveradventures,info@whanganuiriveradventures.co.nz,0800862743,New Zealand/Manawatū-Whanganui/Pipiriki,,,421391,The Overnighter Tour,Canoe,1,58,69,https://fareharbor.com/embeds/calendar/whanganuiriveradventures/items/421391/?asn=fhdn-nzd&asn-ref=alloutdooradventures&ref=alloutdooradventures&bookable-only=yes&full-items=yes&marketplace=yes&flow=no,"<script src=""https://fareharbor.com/embeds/script/calendar/whanganuiriveradventures/items/421391/?asn=fhdn-nzd&asn-ref=alloutdooradventures&ref=alloutdooradventures&bookable-only=yes&full-items=yes&marketplace=yes&flow=no""></script>",https://fareharbor.com/embeds/book/whanganuiriveradventures/items/421391/?asn=fhdn-nzd&asn-ref=alloutdooradventures&ref=alloutdooradventures&bookable-only=yes&full-items=yes&marketplace=yes&flow=no,https://cdn.filestackcontent.com/sazVbEHjT9qAlnrjlVJm
Rondvaart Middelburg,rondvaartmiddelburg,info@rondvaartmiddelburg.nl,0031 118 643272,Netherlands/Zeeland/Middelburg,,,535858,Kano Verhuur,Canoe,1,58,1924,https://fareharbor.com/embeds/calendar/rondvaartmiddelburg/items/535858/?asn=fhdn-eur&asn-ref=alloutdooradventures&ref=alloutdooradventures&bookable-only=yes&full-items=yes&marketplace=yes&flow=no,"<script src=""https://fareharbor.com/embeds/script/calendar/rondvaartmiddelburg/items/535858/?asn=fhdn-eur&asn-ref=alloutdooradventures&ref=alloutdooradventures&bookable-only=yes&full-items=yes&marketplace=yes&flow=no""></script>",https://fareharbor.com/embeds/book/rondvaartmiddelburg/items/535858/?asn=fhdn-eur&asn-ref=alloutdooradventures&ref=alloutdooradventures&bookable-only=yes&full-items=yes&marketplace=yes&flow=no,https://cdn.filestackcontent.com/tjKWYBb5TVexxhlWaBKU
Boat Rentals and Rides on Flathead Lake,boatrentalsandrides,rentals@boatrentalsandrides.com,406.260.5090,United States/Montana/Big Arm,,,553615,Canoes,Canoe,1,58,498,https://fareharbor.com/embeds/calendar/boatrentalsandrides/items/553615/?asn=fhdn&asn-ref=alloutdooradventures&ref=alloutdooradventures&bookable-only=yes&full-items=yes&marketplace=yes&flow=no,"<script src=""https://fareharbor.com/embeds/script/calendar/boatrentalsandrides/items/553615/?asn=fhdn&asn-ref=alloutdooradventures&ref=alloutdooradventures&bookable-only=yes&full-items=yes&marketplace=yes&flow=no""></script>",https://fareharbor.com/embeds/book/boatrentalsandrides/items/553615/?asn=fhdn&asn-ref=alloutdooradventures&ref=alloutdooradventures&bookable-only=yes&full-items=yes&marketplace=yes&flow=no,https://cdn.filestackcontent.com/7PpHxrGAQGmFOiZWL5DF
The Boathouse on Mogadore Reservoir,boathouseonmogadore,,330-594-7006,United States/Ohio/Mogadore,,,607882,Canoe,Canoe,2,58,0,https://fareharbor.com/embeds/calendar/boathouseonmogadore/items/607882/?asn=fhdn&asn-ref=alloutdooradventures&ref=alloutdooradventures&bookable-only=yes&full-items=yes&marketplace=yes&flow=no,"<script src=""https://fareharbor.com/embeds/script/calendar/boathouseonmogadore/items/607882/?asn=fhdn&asn-ref=alloutdooradventures&ref=alloutdooradventures&bookable-only=yes&full-items=yes&marketplace=yes&flow=no""></script>",https://fareharbor.com/embeds/book/boathouseonmogadore/items/607882/?asn=fhdn&asn-ref=alloutdooradventures&ref=alloutdooradventures&bookable-only=yes&full-items=yes&marketplace=yes&flow=no,https://cdn.filestackcontent.com/G1xpyGovRqGtdqCbbplr
Hetta Huskies,hettahuskies,info@hettahuskies.com,+358 40 353 2076,Finland/Lappi/Enontekiö,,,249236,Highly Recommended 2 to-4 hour Paddle Trip: Suonttajoki River & Lake Ounasjärvi,Boat Rental-Boat Tour-Canoe-Rentals,4,57,0,https://fareharbor.com/embeds/calendar/hettahuskies/items/249236/?asn=fhdn-eur&asn-ref=alloutdooradventures&ref=alloutdooradventures&bookable-only=yes&full-items=yes&marketplace=yes&flow=no,"<script src=""https://fareharbor.com/embeds/script/calendar/hettahuskies/items/249236/?asn=fhdn-eur&asn-ref=alloutdooradventures&ref=alloutdooradventures&bookable-only=yes&full-items=yes&marketplace=yes&flow=no""></script>",https://fareharbor.com/embeds/book/hettahuskies/items/249236/?asn=fhdn-eur&asn-ref=alloutdooradventures&ref=alloutdooradventures&bookable-only=yes&full-items=yes&marketplace=yes&flow=no,https://cdn.filestackcontent.com/wg0o3pZnTgiE4LoZ3Zcy
Zoar Outdoor,zoaroutdoor,info@zoaroutdoor.com,413-339-4010,United States/Massachusetts/Charlemont,,,349778,Swiftwater Rescue 2 Day Skills Course,Boat Tour-Canoe-Lodging-Transportation,3,56,3,https://fareharbor.com/embeds/calendar/zoaroutdoor/items/349778/?asn=fhdn&asn-ref=alloutdooradventures&ref=alloutdooradventures&bookable-only=yes&full-items=yes&marketplace=yes&flow=no,"<script src=""https://fareharbor.com/embeds/script/calendar/zoaroutdoor/items/349778/?asn=fhdn&asn-ref=alloutdooradventures&ref=alloutdooradventures&bookable-only=yes&full-items=yes&marketplace=yes&flow=no""></script>",https://fareharbor.com/embeds/book/zoaroutdoor/items/349778/?asn=fhdn&asn-ref=alloutdooradventures&ref=alloutdooradventures&bookable-only=yes&full-items=yes&marketplace=yes&flow=no,https://cdn.filestackcontent.com/BlJtmhtXQuyzTQgJ1Aaj
Kanuuh,kanuuh,info@kanuuh.de,+49 08421 /2110,Germany/Bayern/Solnhofen,10.991021,48.89335,631668,2 Tagestour Solnhofen-Eichstätt,Boat Rental-Boat Tour-Canoe-Self-Guided Tour-Water Activities,1,56,615,https://fareharbor.com/embeds/calendar/kanuuh/items/631668/?asn=fhdn-eur&asn-ref=alloutdooradventures&ref=alloutdooradventures&bookable-only=yes&full-items=yes&marketplace=yes&flow=no,"<script src=""https://fareharbor.com/embeds/script/calendar/kanuuh/items/631668/?asn=fhdn-eur&asn-ref=alloutdooradventures&ref=alloutdooradventures&bookable-only=yes&full-items=yes&marketplace=yes&flow=no""></script>",https://fareharbor.com/embeds/book/kanuuh/items/631668/?asn=fhdn-eur&asn-ref=alloutdooradventures&ref=alloutdooradventures&bookable-only=yes&full-items=yes&marketplace=yes&flow=no,https://cdn.filestackcontent.com/SENVyeCbTPSQikAlUZEM
Caribbean Paddling,caribbeanpaddling,hello@caribbeanpaddling.com,+590690220322,Saint Martin/Cul-de-Sac,,,668336,Morning Paddleboard Rental,Canoe-Eco Tour-Kayak-Rentals-Self-Guided Tour-Sports-Water Activities,1,56,73,https://fareharbor.com/embeds/calendar/caribbeanpaddling/items/668336/?asn=fhdn-eur&asn-ref=alloutdooradventures&ref=alloutdooradventures&bookable-only=yes&full-items=yes&marketplace=yes&flow=no,"<script src=""https://fareharbor.com/embeds/script/calendar/caribbeanpaddling/items/668336/?asn=fhdn-eur&asn-ref=alloutdooradventures&ref=alloutdooradventures&bookable-only=yes&full-items=yes&marketplace=yes&flow=no""></script>",https://fareharbor.com/embeds/book/caribbeanpaddling/items/668336/?asn=fhdn-eur&asn-ref=alloutdooradventures&ref=alloutdooradventures&bookable-only=yes&full-items=yes&marketplace=yes&flow=no,https://cdn.filestackcontent.com/Wypi82fT7yEqFMUwFEF9
Lek Mer,lekmer,info@lekmer.nu,46(0) 8-32 00 61,Sweden/Stockholms län/Solna,18.004338,59.343558,682838,"All Inclusive, Kajakpaket (3 dagar, 2 nätter)",Boat Rental-Canoe-Kayak-Rentals-Self-Guided Tour-Water Activities,3,56,108,https://fareharbor.com/embeds/calendar/lekmer/items/682838/?asn=fhdn-sek&asn-ref=alloutdooradventures&ref=alloutdooradventures&bookable-only=yes&full-items=yes&marketplace=yes&flow=no,"<script src=""https://fareharbor.com/embeds/script/calendar/lekmer/items/682838/?asn=fhdn-sek&asn-ref=alloutdooradventures&ref=alloutdooradventures&bookable-only=yes&full-items=yes&marketplace=yes&flow=no""></script>",https://fareharbor.com/embeds/book/lekmer/items/682838/?asn=fhdn-sek&asn-ref=alloutdooradventures&ref=alloutdooradventures&bookable-only=yes&full-items=yes&marketplace=yes&flow=no,https://cdn.filestackcontent.com/WWwLaJAeQZSYdysLMwyF
Zoar Outdoor,zoaroutdoor,info@zoaroutdoor.com,413-339-4010,United States/Massachusetts/Charlemont,,,362192,Swiftwater Rescue 2-Day Course Led By Guest Instructor Mike Mather,Boat Tour-Canoe-Lodging-Transportation,3,55,1,https://fareharbor.com/embeds/calendar/zoaroutdoor/items/362192/?asn=fhdn&asn-ref=alloutdooradventures&ref=alloutdooradventures&bookable-only=yes&full-items=yes&marketplace=yes&flow=no,"<script src=""https://fareharbor.com/embeds/script/calendar/zoaroutdoor/items/362192/?asn=fhdn&asn-ref=alloutdooradventures&ref=alloutdooradventures&bookable-only=yes&full-items=yes&marketplace=yes&flow=no""></script>",https://fareharbor.com/embeds/book/zoaroutdoor/items/362192/?asn=fhdn&asn-ref=alloutdooradventures&ref=alloutdooradventures&bookable-only=yes&full-items=yes&marketplace=yes&flow=no,https://cdn.filestackcontent.com/eZhwbHEJQDy64hwaLnLQ
Whanganui River Canoes,whanganuirivercanoes,becmead.benadam@gmail.com,06 385 4176,New Zealand/Manawatū-Whanganui/Raetihi,,,380508,Ohinepane to Pipiriki - 4 Days,Canoe,7,55,0,https://fareharbor.com/embeds/calendar/whanganuirivercanoes/items/380508/?asn=fhdn-nzd&asn-ref=alloutdooradventures&ref=alloutdooradventures&bookable-only=yes&full-items=yes&marketplace=yes&flow=no,"<script src=""https://fareharbor.com/embeds/script/calendar/whanganuirivercanoes/items/380508/?asn=fhdn-nzd&asn-ref=alloutdooradventures&ref=alloutdooradventures&bookable-only=yes&full-items=yes&marketplace=yes&flow=no""></script>",https://fareharbor.com/embeds/book/whanganuirivercanoes/items/380508/?asn=fhdn-nzd&asn-ref=alloutdooradventures&ref=alloutdooradventures&bookable-only=yes&full-items=yes&marketplace=yes&flow=no,https://cdn.filestackcontent.com/It883NVYSAybRUWfO3hK
Whanganui River Canoes,whanganuirivercanoes,becmead.benadam@gmail.com,06 385 4176,New Zealand/Manawatū-Whanganui/Raetihi,,,380509,Cherry Grove to Pipiriki - 5 Days,Canoe,5,55,0,https://fareharbor.com/embeds/calendar/whanganuirivercanoes/items/380509/?asn=fhdn-nzd&asn-ref=alloutdooradventures&ref=alloutdooradventures&bookable-only=yes&full-items=yes&marketplace=yes&flow=no,"<script src=""https://fareharbor.com/embeds/script/calendar/whanganuirivercanoes/items/380509/?asn=fhdn-nzd&asn-ref=alloutdooradventures&ref=alloutdooradventures&bookable-only=yes&full-items=yes&marketplace=yes&flow=no""></script>",https://fareharbor.com/embeds/book/whanganuirivercanoes/items/380509/?asn=fhdn-nzd&asn-ref=alloutdooradventures&ref=alloutdooradventures&bookable-only=yes&full-items=yes&marketplace=yes&flow=no,https://cdn.filestackcontent.com/glj2LkKTlCJYwxpudXrk
KANU-CENTER KREBS KG,kanu-center,info@kanu-center.de,+494501412,Germany/Schleswig-Holstein/Klein Wesenberg,,,468372,Premiumtour Untere Trave Klein Wesenberg 14.5 km mit Personentransfer,Boat Rental-Canoe-Eco Tour-Environmental Attraction-Kayak-Water Activities,7,55,181,https://fareharbor.com/embeds/calendar/kanu-center/items/468372/?asn=fhdn-eur&asn-ref=alloutdooradventures&ref=alloutdooradventures&bookable-only=yes&full-items=yes&marketplace=yes&flow=no,"<script src=""https://fareharbor.com/embeds/script/calendar/kanu-center/items/468372/?asn=fhdn-eur&asn-ref=alloutdooradventures&ref=alloutdooradventures&bookable-only=yes&full-items=yes&marketplace=yes&flow=no""></script>",https://fareharbor.com/embeds/book/kanu-center/items/468372/?asn=fhdn-eur&asn-ref=alloutdooradventures&ref=alloutdooradventures&bookable-only=yes&full-items=yes&marketplace=yes&flow=no,https://cdn.filestackcontent.com/3COZvGeYQH2bd56aJ9wP
Ohio Party Bus,ohiopartybus,sales@ohiopartybus.com,(740) 527-0275,United States/Ohio/Hebron,,,498028,20-Pax ElDorado Mini Fun Bus,Boat Rental-Boat Tour-Brewery-Bus Tour-Canoe-City Tour-Distillery-Events-Fishing-Food Tour-Ghost Tour-Guided Tour-History Tour-Hop On Hop Off-Kayak-Other-Photography Tour-Transfer-Private-Pub Crawl-Rentals-Self-Guided Tour-Shuttle-Sightseeing Tour-SUP-Transportation-Walking Tour-Water Activities-Winery-Wine-Workshop,15,55,7922,https://fareharbor.com/embeds/calendar/ohiopartybus/items/498028/?asn=fhdn&asn-ref=alloutdooradventures&ref=alloutdooradventures&bookable-only=yes&full-items=yes&marketplace=yes&flow=no,"<script src=""https://fareharbor.com/embeds/script/calendar/ohiopartybus/items/498028/?asn=fhdn&asn-ref=alloutdooradventures&ref=alloutdooradventures&bookable-only=yes&full-items=yes&marketplace=yes&flow=no""></script>",https://fareharbor.com/embeds/book/ohiopartybus/items/498028/?asn=fhdn&asn-ref=alloutdooradventures&ref=alloutdooradventures&bookable-only=yes&full-items=yes&marketplace=yes&flow=no,https://cdn.filestackcontent.com/6VK18DVLR2KbBLAIE3ME
Ohio Party Bus,ohiopartybus,sales@ohiopartybus.com,(740) 527-0275,United States/Ohio/Hebron,,,498032,40-Pax Coliseum Party Bus,Boat Rental-Boat Tour-Brewery-Bus Tour-Canoe-City Tour-Distillery-Events-Fishing-Food Tour-Ghost Tour-Guided Tour-History Tour-Hop On Hop Off-Kayak-Other-Photography Tour-Transfer-Private-Pub Crawl-Rentals-Self-Guided Tour-Shuttle-Sightseeing Tour-SUP-Transportation-Walking Tour-Water Activities-Winery-Wine-Workshop,24,55,7970,https://fareharbor.com/embeds/calendar/ohiopartybus/items/498032/?asn=fhdn&asn-ref=alloutdooradventures&ref=alloutdooradventures&bookable-only=yes&full-items=yes&marketplace=yes&flow=no,"<script src=""https://fareharbor.com/embeds/script/calendar/ohiopartybus/items/498032/?asn=fhdn&asn-ref=alloutdooradventures&ref=alloutdooradventures&bookable-only=yes&full-items=yes&marketplace=yes&flow=no""></script>",https://fareharbor.com/embeds/book/ohiopartybus/items/498032/?asn=fhdn&asn-ref=alloutdooradventures&ref=alloutdooradventures&bookable-only=yes&full-items=yes&marketplace=yes&flow=no,https://cdn.filestackcontent.com/i6Zsens9REGuFZAvyyeo
Marlow Boating,marlowboating,hello@marlowboating.com,01628 566290,United Kingdom/England/Henley-on-Thames,-0.890131,51.559977,543108,Embers Campsite Hire,Canoe-Kayak-SUP,3,55,0,https://fareharbor.com/embeds/calendar/marlowboating/items/543108/?asn=fhdn-gbp&asn-ref=alloutdooradventures&ref=alloutdooradventures&bookable-only=yes&full-items=yes&marketplace=yes&flow=no,"<script src=""https://fareharbor.com/embeds/script/calendar/marlowboating/items/543108/?asn=fhdn-gbp&asn-ref=alloutdooradventures&ref=alloutdooradventures&bookable-only=yes&full-items=yes&marketplace=yes&flow=no""></script>",https://fareharbor.com/embeds/book/marlowboating/items/543108/?asn=fhdn-gbp&asn-ref=alloutdooradventures&ref=alloutdooradventures&bookable-only=yes&full-items=yes&marketplace=yes&flow=no,https://cdn.filestackcontent.com/YRLnz74sS0etii4O6Ctu
Portage River Paddling Company LLC,portageriverpaddlingco,info@portageriverpaddlingco.com,14197072285,United States/Ohio/Port Clinton,-82.992617,41.519031,612416,Canoe Rental!,Canoe,1,55,0,https://fareharbor.com/embeds/calendar/portageriverpaddlingco/items/612416/?asn=fhdn&asn-ref=alloutdooradventures&ref=alloutdooradventures&bookable-only=yes&full-items=yes&marketplace=yes&flow=no,"<script src=""https://fareharbor.com/embeds/script/calendar/portageriverpaddlingco/items/612416/?asn=fhdn&asn-ref=alloutdooradventures&ref=alloutdooradventures&bookable-only=yes&full-items=yes&marketplace=yes&flow=no""></script>",https://fareharbor.com/embeds/book/portageriverpaddlingco/items/612416/?asn=fhdn&asn-ref=alloutdooradventures&ref=alloutdooradventures&bookable-only=yes&full-items=yes&marketplace=yes&flow=no,https://cdn.filestackcontent.com/mtVExmF5RZiXKzG7s3Md
Portage River Paddling Company LLC,portageriverpaddlingco,info@portageriverpaddlingco.com,14197072285,United States/Ohio/Oak Harbor,-83.147009,41.507171,612464,Canoe Rental!,Canoe,1,55,0,https://fareharbor.com/embeds/calendar/portageriverpaddlingco/items/612464/?asn=fhdn&asn-ref=alloutdooradventures&ref=alloutdooradventures&bookable-only=yes&full-items=yes&marketplace=yes&flow=no,"<script src=""https://fareharbor.com/embeds/script/calendar/portageriverpaddlingco/items/612464/?asn=fhdn&asn-ref=alloutdooradventures&ref=alloutdooradventures&bookable-only=yes&full-items=yes&marketplace=yes&flow=no""></script>",https://fareharbor.com/embeds/book/portageriverpaddlingco/items/612464/?asn=fhdn&asn-ref=alloutdooradventures&ref=alloutdooradventures&bookable-only=yes&full-items=yes&marketplace=yes&flow=no,https://cdn.filestackcontent.com/CdCOmnM1SduvVbwvIgKN
"Black Forest Magic - Schneesportschule, Kanu & Rafting & Outdoorschule",blackforestmagic,info@blackforestmagic.de,+49 7664 6137700,Germany/Baden-Württemberg/Bad Bellingen,7.549946,47.731662,628413,"Kanu, Kajak, SUP Verleih am Altrhein (Bad Bellingen-Grissheim)",Canoe,5,55,0,https://fareharbor.com/embeds/calendar/blackforestmagic/items/628413/?asn=fhdn-eur&asn-ref=alloutdooradventures&ref=alloutdooradventures&bookable-only=yes&full-items=yes&marketplace=yes&flow=no,"<script src=""https://fareharbor.com/embeds/script/calendar/blackforestmagic/items/628413/?asn=fhdn-eur&asn-ref=alloutdooradventures&ref=alloutdooradventures&bookable-only=yes&full-items=yes&marketplace=yes&flow=no""></script>",https://fareharbor.com/embeds/book/blackforestmagic/items/628413/?asn=fhdn-eur&asn-ref=alloutdooradventures&ref=alloutdooradventures&bookable-only=yes&full-items=yes&marketplace=yes&flow=no,https://cdn.filestackcontent.com/1rbo7bm9R32Vy2EHPFkA
KANU-CENTER KREBS KG,kanu-center,info@kanu-center.de,+494501412,Germany/Schleswig-Holstein/Siebenbäumen,,,645460,Premiumtour Hamberge bis Lübeck 12 km,Boat Tour-Canoe-Eco Tour-Kayak-Water Activities,5,55,180,https://fareharbor.com/embeds/calendar/kanu-center/items/645460/?asn=fhdn-eur&asn-ref=alloutdooradventures&ref=alloutdooradventures&bookable-only=yes&full-items=yes&marketplace=yes&flow=no,"<script src=""https://fareharbor.com/embeds/script/calendar/kanu-center/items/645460/?asn=fhdn-eur&asn-ref=alloutdooradventures&ref=alloutdooradventures&bookable-only=yes&full-items=yes&marketplace=yes&flow=no""></script>",https://fareharbor.com/embeds/book/kanu-center/items/645460/?asn=fhdn-eur&asn-ref=alloutdooradventures&ref=alloutdooradventures&bookable-only=yes&full-items=yes&marketplace=yes&flow=no,https://cdn.filestackcontent.com/ZZUCXXXVQMyVBQUYMT4h
Kailua Ocean Adventures,kailuaoceanadventures,aloha@koacanoes.com,808-518-1284,United States/Hawaii/Kailua,,,8149,Huaka'i Waʻa Pe’a (Hawaiian Sailing Canoe),Canoe-History Tour-Sailing,5,54,0,https://fareharbor.com/embeds/calendar/kailuaoceanadventures/items/8149/?asn=fhdn&asn-ref=alloutdooradventures&ref=alloutdooradventures&bookable-only=yes&full-items=yes&marketplace=yes&flow=no,"<script src=""https://fareharbor.com/embeds/script/calendar/kailuaoceanadventures/items/8149/?asn=fhdn&asn-ref=alloutdooradventures&ref=alloutdooradventures&bookable-only=yes&full-items=yes&marketplace=yes&flow=no""></script>",https://fareharbor.com/embeds/book/kailuaoceanadventures/items/8149/?asn=fhdn&asn-ref=alloutdooradventures&ref=alloutdooradventures&bookable-only=yes&full-items=yes&marketplace=yes&flow=no,https://cdn.filestackcontent.com/BsgfZsUFR0RIfFyCgAJ7
Ohio Party Bus,ohiopartybus,sales@ohiopartybus.com,(740) 527-0275,United States/Ohio/Hebron,,,498030,32-Pax Champion of Fun Limo Party Bus,Boat Rental-Boat Tour-Brewery-Bus Tour-Canoe-City Tour-Distillery-Events-Fishing-Food Tour-Ghost Tour-Guided Tour-History Tour-Hop On Hop Off-Kayak-Other-Photography Tour-Transfer-Private-Pub Crawl-Rentals-Self-Guided Tour-Shuttle-Sightseeing Tour-SUP-Transportation-Walking Tour-Water Activities-Winery-Wine-Workshop,15,54,8643,https://fareharbor.com/embeds/calendar/ohiopartybus/items/498030/?asn=fhdn&asn-ref=alloutdooradventures&ref=alloutdooradventures&bookable-only=yes&full-items=yes&marketplace=yes&flow=no,"<script src=""https://fareharbor.com/embeds/script/calendar/ohiopartybus/items/498030/?asn=fhdn&asn-ref=alloutdooradventures&ref=alloutdooradventures&bookable-only=yes&full-items=yes&marketplace=yes&flow=no""></script>",https://fareharbor.com/embeds/book/ohiopartybus/items/498030/?asn=fhdn&asn-ref=alloutdooradventures&ref=alloutdooradventures&bookable-only=yes&full-items=yes&marketplace=yes&flow=no,https://cdn.filestackcontent.com/TkRKO4aeQWOwqUSOf3kA
Lek Mer,lekmer,info@lekmer.nu,46(0) 8-32 00 61,Sweden/Stockholms län/Stockholm,18.024097,59.325482,540230,Kajakpaddling 2 timmar - Eden Kajak & SUP,Boat Rental-Canoe-Kayak-Rentals-Water Activities,1,54,2856,https://fareharbor.com/embeds/calendar/lekmer/items/540230/?asn=fhdn-sek&asn-ref=alloutdooradventures&ref=alloutdooradventures&bookable-only=yes&full-items=yes&marketplace=yes&flow=no,"<script src=""https://fareharbor.com/embeds/script/calendar/lekmer/items/540230/?asn=fhdn-sek&asn-ref=alloutdooradventures&ref=alloutdooradventures&bookable-only=yes&full-items=yes&marketplace=yes&flow=no""></script>",https://fareharbor.com/embeds/book/lekmer/items/540230/?asn=fhdn-sek&asn-ref=alloutdooradventures&ref=alloutdooradventures&bookable-only=yes&full-items=yes&marketplace=yes&flow=no,https://cdn.filestackcontent.com/qCB6ISGFQgIinPQBwA0u
Chadillac Adventures,chadillacadventures,chadillacadventures@gmail.com,813-272-3353,United States/Florida/Clearwater,-82.719274,27.932185,668728,Cove Cay Rentals,Canoe-Kayak-Rentals-SUP,1,54,3420,https://fareharbor.com/embeds/calendar/chadillacadventures/items/668728/?asn=fhdn&asn-ref=alloutdooradventures&ref=alloutdooradventures&bookable-only=yes&full-items=yes&marketplace=yes&flow=no,"<script src=""https://fareharbor.com/embeds/script/calendar/chadillacadventures/items/668728/?asn=fhdn&asn-ref=alloutdooradventures&ref=alloutdooradventures&bookable-only=yes&full-items=yes&marketplace=yes&flow=no""></script>",https://fareharbor.com/embeds/book/chadillacadventures/items/668728/?asn=fhdn&asn-ref=alloutdooradventures&ref=alloutdooradventures&bookable-only=yes&full-items=yes&marketplace=yes&flow=no,https://cdn.filestackcontent.com/igpy8dNeSGi6Efwts3Nw
Assateague Outfitters,assateagueoutfitters,assateagueoutfitters@gmail.com,410-656-9453,United States/Maryland/Berlin,-75.217689,38.322615,84756,Full Day Watersports Rental - Bayside Stand,Canoe-SUP,1,53,636,https://fareharbor.com/embeds/calendar/assateagueoutfitters/items/84756/?asn=fhdn&asn-ref=alloutdooradventures&ref=alloutdooradventures&bookable-only=yes&full-items=yes&marketplace=yes&flow=no,"<script src=""https://fareharbor.com/embeds/script/calendar/assateagueoutfitters/items/84756/?asn=fhdn&asn-ref=alloutdooradventures&ref=alloutdooradventures&bookable-only=yes&full-items=yes&marketplace=yes&flow=no""></script>",https://fareharbor.com/embeds/book/assateagueoutfitters/items/84756/?asn=fhdn&asn-ref=alloutdooradventures&ref=alloutdooradventures&bookable-only=yes&full-items=yes&marketplace=yes&flow=no,https://cdn.filestackcontent.com/wzhGZ9GRzS4KCrZ0Tfyg
Natick Boathouse,boatinginboston-natick,BostonBoatinginfo@guestservices.com,,United States/Massachusetts/Natick,,,251687,Canoe Rentals at Natick,Canoe-Rentals-Water Activities,2,53,969,https://fareharbor.com/embeds/calendar/boatinginboston-natick/items/251687/?asn=fhdn&asn-ref=alloutdooradventures&ref=alloutdooradventures&bookable-only=yes&full-items=yes&marketplace=yes&flow=no,"<script src=""https://fareharbor.com/embeds/script/calendar/boatinginboston-natick/items/251687/?asn=fhdn&asn-ref=alloutdooradventures&ref=alloutdooradventures&bookable-only=yes&full-items=yes&marketplace=yes&flow=no""></script>",https://fareharbor.com/embeds/book/boatinginboston-natick/items/251687/?asn=fhdn&asn-ref=alloutdooradventures&ref=alloutdooradventures&bookable-only=yes&full-items=yes&marketplace=yes&flow=no,https://cdn.filestackcontent.com/Yb63VkGtTs2gqIGZURNm
Kangaroo Valley Safaris,kangaroovalleycanoes,info@kangaroovalleycanoes.com.au,0418221169,Australia/New South Wales/Kangaroo Valley,,,343453,Bike Hire,Canoe,1,53,0,https://fareharbor.com/embeds/calendar/kangaroovalleycanoes/items/343453/?asn=fhdn-aud&asn-ref=alloutdooradventures&ref=alloutdooradventures&bookable-only=yes&full-items=yes&marketplace=yes&flow=no,"<script src=""https://fareharbor.com/embeds/script/calendar/kangaroovalleycanoes/items/343453/?asn=fhdn-aud&asn-ref=alloutdooradventures&ref=alloutdooradventures&bookable-only=yes&full-items=yes&marketplace=yes&flow=no""></script>",https://fareharbor.com/embeds/book/kangaroovalleycanoes/items/343453/?asn=fhdn-aud&asn-ref=alloutdooradventures&ref=alloutdooradventures&bookable-only=yes&full-items=yes&marketplace=yes&flow=no,https://cdn.filestackcontent.com/4B87gR0mRRdnosuPrwkE
Taumarunui Canoe Hire and Jet Boat Tours,taumarunuicanoehire,tmncanoehire@gmail.com,0800 226 6348,New Zealand/Manawatū-Whanganui/Taumarunui,,,345791,Jetboat Trip - Taumarunui to Ohinepane Return,Canoe,1,53,0,https://fareharbor.com/embeds/calendar/taumarunuicanoehire/items/345791/?asn=fhdn-nzd&asn-ref=alloutdooradventures&ref=alloutdooradventures&bookable-only=yes&full-items=yes&marketplace=yes&flow=no,"<script src=""https://fareharbor.com/embeds/script/calendar/taumarunuicanoehire/items/345791/?asn=fhdn-nzd&asn-ref=alloutdooradventures&ref=alloutdooradventures&bookable-only=yes&full-items=yes&marketplace=yes&flow=no""></script>",https://fareharbor.com/embeds/book/taumarunuicanoehire/items/345791/?asn=fhdn-nzd&asn-ref=alloutdooradventures&ref=alloutdooradventures&bookable-only=yes&full-items=yes&marketplace=yes&flow=no,https://cdn.filestackcontent.com/b21x6L2NSfWhgJhhMiwE
Whanganui River Canoes,whanganuirivercanoes,becmead.benadam@gmail.com,06 385 4176,New Zealand/Manawatū-Whanganui/Raetihi,,,380135,Whakahoro 2 Day Canoe & Jet Boat,Canoe,5,53,0,https://fareharbor.com/embeds/calendar/whanganuirivercanoes/items/380135/?asn=fhdn-nzd&asn-ref=alloutdooradventures&ref=alloutdooradventures&bookable-only=yes&full-items=yes&marketplace=yes&flow=no,"<script src=""https://fareharbor.com/embeds/script/calendar/whanganuirivercanoes/items/380135/?asn=fhdn-nzd&asn-ref=alloutdooradventures&ref=alloutdooradventures&bookable-only=yes&full-items=yes&marketplace=yes&flow=no""></script>",https://fareharbor.com/embeds/book/whanganuirivercanoes/items/380135/?asn=fhdn-nzd&asn-ref=alloutdooradventures&ref=alloutdooradventures&bookable-only=yes&full-items=yes&marketplace=yes&flow=no,https://cdn.filestackcontent.com/BnOPedlFQJuJ3uZ9tRvw
Biggar Adventure,biggaradventure,craig@biggaradventure.co.uk,+447834871575,United Kingdom/Scotland/Selkirk,-3.189521,55.492975,384409,Canoe St Mary's Loch (30 min from Peebles),Canoe,2,53,454,https://fareharbor.com/embeds/calendar/biggaradventure/items/384409/?asn=fhdn-gbp&asn-ref=alloutdooradventures&ref=alloutdooradventures&bookable-only=yes&full-items=yes&marketplace=yes&flow=no,"<script src=""https://fareharbor.com/embeds/script/calendar/biggaradventure/items/384409/?asn=fhdn-gbp&asn-ref=alloutdooradventures&ref=alloutdooradventures&bookable-only=yes&full-items=yes&marketplace=yes&flow=no""></script>",https://fareharbor.com/embeds/book/biggaradventure/items/384409/?asn=fhdn-gbp&asn-ref=alloutdooradventures&ref=alloutdooradventures&bookable-only=yes&full-items=yes&marketplace=yes&flow=no,https://cdn.filestackcontent.com/UfyFf564RYuaLxNP8fBs
Marlow Boating,marlowboating,hello@marlowboating.com,01628 566290,United Kingdom/England/Hurley,-0.824361,51.547276,543112,Hurley Campsite Hire,Canoe-Kayak-SUP,2,53,0,https://fareharbor.com/embeds/calendar/marlowboating/items/543112/?asn=fhdn-gbp&asn-ref=alloutdooradventures&ref=alloutdooradventures&bookable-only=yes&full-items=yes&marketplace=yes&flow=no,"<script src=""https://fareharbor.com/embeds/script/calendar/marlowboating/items/543112/?asn=fhdn-gbp&asn-ref=alloutdooradventures&ref=alloutdooradventures&bookable-only=yes&full-items=yes&marketplace=yes&flow=no""></script>",https://fareharbor.com/embeds/book/marlowboating/items/543112/?asn=fhdn-gbp&asn-ref=alloutdooradventures&ref=alloutdooradventures&bookable-only=yes&full-items=yes&marketplace=yes&flow=no,https://cdn.filestackcontent.com/d6nWZ5GRdqAfsepslgih
Northern Outdoor,northernoutdooruk,dan@northernoutdoor.co.uk,7966451148,United Kingdom/England/Scremerston,-1.990536,55.737916,614750,Half Day Canoe Trip,Canoe,1,53,7,https://fareharbor.com/embeds/calendar/northernoutdooruk/items/614750/?asn=fhdn-gbp&asn-ref=alloutdooradventures&ref=alloutdooradventures&bookable-only=yes&full-items=yes&marketplace=yes&flow=no,"<script src=""https://fareharbor.com/embeds/script/calendar/northernoutdooruk/items/614750/?asn=fhdn-gbp&asn-ref=alloutdooradventures&ref=alloutdooradventures&bookable-only=yes&full-items=yes&marketplace=yes&flow=no""></script>",https://fareharbor.com/embeds/book/northernoutdooruk/items/614750/?asn=fhdn-gbp&asn-ref=alloutdooradventures&ref=alloutdooradventures&bookable-only=yes&full-items=yes&marketplace=yes&flow=no,https://cdn.filestackcontent.com/sEWMR6HUQFGxAHD3ZdJA
Northern Outdoor,northernoutdooruk,dan@northernoutdoor.co.uk,7966451148,United Kingdom/England/Scremerston,-1.990536,55.737916,614751,Full Day Canoe Trip,Canoe,1,53,0,https://fareharbor.com/embeds/calendar/northernoutdooruk/items/614751/?asn=fhdn-gbp&asn-ref=alloutdooradventures&ref=alloutdooradventures&bookable-only=yes&full-items=yes&marketplace=yes&flow=no,"<script src=""https://fareharbor.com/embeds/script/calendar/northernoutdooruk/items/614751/?asn=fhdn-gbp&asn-ref=alloutdooradventures&ref=alloutdooradventures&bookable-only=yes&full-items=yes&marketplace=yes&flow=no""></script>",https://fareharbor.com/embeds/book/northernoutdooruk/items/614751/?asn=fhdn-gbp&asn-ref=alloutdooradventures&ref=alloutdooradventures&bookable-only=yes&full-items=yes&marketplace=yes&flow=no,https://cdn.filestackcontent.com/afiVpxiLQ8OQtuxQ3mH4
Lek Mer,lekmer,info@lekmer.nu,46(0) 8-32 00 61,Sweden/Stockholms län/Solna,18.004338,59.343558,682843,"All Inclusive, Kajakpaket (5 dagar, 4 nätter)",Boat Rental-Canoe-Kayak-Rentals-Self-Guided Tour-Water Activities,2,52,108,https://fareharbor.com/embeds/calendar/lekmer/items/682843/?asn=fhdn-sek&asn-ref=alloutdooradventures&ref=alloutdooradventures&bookable-only=yes&full-items=yes&marketplace=yes&flow=no,"<script src=""https://fareharbor.com/embeds/script/calendar/lekmer/items/682843/?asn=fhdn-sek&asn-ref=alloutdooradventures&ref=alloutdooradventures&bookable-only=yes&full-items=yes&marketplace=yes&flow=no""></script>",https://fareharbor.com/embeds/book/lekmer/items/682843/?asn=fhdn-sek&asn-ref=alloutdooradventures&ref=alloutdooradventures&bookable-only=yes&full-items=yes&marketplace=yes&flow=no,https://cdn.filestackcontent.com/amVBcaYHRgm5bkjzdnjG
Kailua Ocean Adventures,kailuaoceanadventures,aloha@koacanoes.com,808-518-1284,United States/Hawaii/Kailua,,,7430,Hoe Wa'a (Hawaiian Canoe Paddle),Canoe-History Tour-Surf,6,51,0,https://fareharbor.com/embeds/calendar/kailuaoceanadventures/items/7430/?asn=fhdn&asn-ref=alloutdooradventures&ref=alloutdooradventures&bookable-only=yes&full-items=yes&marketplace=yes&flow=no,"<script src=""https://fareharbor.com/embeds/script/calendar/kailuaoceanadventures/items/7430/?asn=fhdn&asn-ref=alloutdooradventures&ref=alloutdooradventures&bookable-only=yes&full-items=yes&marketplace=yes&flow=no""></script>",https://fareharbor.com/embeds/book/kailuaoceanadventures/items/7430/?asn=fhdn&asn-ref=alloutdooradventures&ref=alloutdooradventures&bookable-only=yes&full-items=yes&marketplace=yes&flow=no,https://cdn.filestackcontent.com/KuvhSgYvRMeT7zdzxUt0
Lett's Go Watersports,lettsgowatersport,info@lettsgowatersports.com,984-833-8855,United States/North Carolina/Chapel Hill,-79.014474,35.802898,247743,Jordan Lake Canoe Rentals,Boat Tour-Canoe,2,51,0,https://fareharbor.com/embeds/calendar/lettsgowatersport/items/247743/?asn=fhdn&asn-ref=alloutdooradventures&ref=alloutdooradventures&bookable-only=yes&full-items=yes&marketplace=yes&flow=no,"<script src=""https://fareharbor.com/embeds/script/calendar/lettsgowatersport/items/247743/?asn=fhdn&asn-ref=alloutdooradventures&ref=alloutdooradventures&bookable-only=yes&full-items=yes&marketplace=yes&flow=no""></script>",https://fareharbor.com/embeds/book/lettsgowatersport/items/247743/?asn=fhdn&asn-ref=alloutdooradventures&ref=alloutdooradventures&bookable-only=yes&full-items=yes&marketplace=yes&flow=no,https://cdn.filestackcontent.com/JcNFYqb1TTKGkjQFQoaV
Zoar Outdoor,zoaroutdoor,info@zoaroutdoor.com,413-339-4010,United States/Massachusetts/Charlemont,,,349802,Canoe L1 ACA Current Instructor Update 1-day,Canoe-Transportation,2,51,0,https://fareharbor.com/embeds/calendar/zoaroutdoor/items/349802/?asn=fhdn&asn-ref=alloutdooradventures&ref=alloutdooradventures&bookable-only=yes&full-items=yes&marketplace=yes&flow=no,"<script src=""https://fareharbor.com/embeds/script/calendar/zoaroutdoor/items/349802/?asn=fhdn&asn-ref=alloutdooradventures&ref=alloutdooradventures&bookable-only=yes&full-items=yes&marketplace=yes&flow=no""></script>",https://fareharbor.com/embeds/book/zoaroutdoor/items/349802/?asn=fhdn&asn-ref=alloutdooradventures&ref=alloutdooradventures&bookable-only=yes&full-items=yes&marketplace=yes&flow=no,https://cdn.filestackcontent.com/fZuwh3CCS42txtjvfNiT
Zoar Outdoor,zoaroutdoor,info@zoaroutdoor.com,413-339-4010,United States/Massachusetts/Charlemont,,,349855,Canoe L1 ACA Instructor Certification Workshop 2-Day,Boat Tour-Canoe-SUP-Transportation-Workshop,2,51,0,https://fareharbor.com/embeds/calendar/zoaroutdoor/items/349855/?asn=fhdn&asn-ref=alloutdooradventures&ref=alloutdooradventures&bookable-only=yes&full-items=yes&marketplace=yes&flow=no,"<script src=""https://fareharbor.com/embeds/script/calendar/zoaroutdoor/items/349855/?asn=fhdn&asn-ref=alloutdooradventures&ref=alloutdooradventures&bookable-only=yes&full-items=yes&marketplace=yes&flow=no""></script>",https://fareharbor.com/embeds/book/zoaroutdoor/items/349855/?asn=fhdn&asn-ref=alloutdooradventures&ref=alloutdooradventures&bookable-only=yes&full-items=yes&marketplace=yes&flow=no,https://cdn.filestackcontent.com/xaoWkwDScCG6JdjZbA3f
Bright Side Tours,gruppenspass,info@gruppenspass.de,+49 5447 997073,Germany/Niedersachsen/Damme,,,593751,Die Natürliche,Canoe-SUP,2,51,40,https://fareharbor.com/embeds/calendar/gruppenspass/items/593751/?asn=fhdn-eur&asn-ref=alloutdooradventures&ref=alloutdooradventures&bookable-only=yes&full-items=yes&marketplace=yes&flow=no,"<script src=""https://fareharbor.com/embeds/script/calendar/gruppenspass/items/593751/?asn=fhdn-eur&asn-ref=alloutdooradventures&ref=alloutdooradventures&bookable-only=yes&full-items=yes&marketplace=yes&flow=no""></script>",https://fareharbor.com/embeds/book/gruppenspass/items/593751/?asn=fhdn-eur&asn-ref=alloutdooradventures&ref=alloutdooradventures&bookable-only=yes&full-items=yes&marketplace=yes&flow=no,https://cdn.filestackcontent.com/gMJFQru5QXSzM1yp9I9p
BergerTours,bergertours,bergertours@web.de,+49339312042,Germany/Brandenburg/Neuruppin,,,688475,Lindower Rhin - Kurztour,Canoe,1,51,138,https://fareharbor.com/embeds/calendar/bergertours/items/688475/?asn=fhdn-eur&asn-ref=alloutdooradventures&ref=alloutdooradventures&bookable-only=yes&full-items=yes&marketplace=yes&flow=no,"<script src=""https://fareharbor.com/embeds/script/calendar/bergertours/items/688475/?asn=fhdn-eur&asn-ref=alloutdooradventures&ref=alloutdooradventures&bookable-only=yes&full-items=yes&marketplace=yes&flow=no""></script>",https://fareharbor.com/embeds/book/bergertours/items/688475/?asn=fhdn-eur&asn-ref=alloutdooradventures&ref=alloutdooradventures&bookable-only=yes&full-items=yes&marketplace=yes&flow=no,https://cdn.filestackcontent.com/bHCPsl62T1SPMRATxsDO
"Black Forest Magic - Schneesportschule, Kanu & Rafting & Outdoorschule",blackforestmagic,info@blackforestmagic.de,+49 7664 6137700,Germany/Baden-Württemberg/Riegel am Kaiserstuhl,7.756062,48.154438,628485,"Kanu-, Kajakverleih an der Alten Elz (Riegel)",Canoe,4,50,0,https://fareharbor.com/embeds/calendar/blackforestmagic/items/628485/?asn=fhdn-eur&asn-ref=alloutdooradventures&ref=alloutdooradventures&bookable-only=yes&full-items=yes&marketplace=yes&flow=no,"<script src=""https://fareharbor.com/embeds/script/calendar/blackforestmagic/items/628485/?asn=fhdn-eur&asn-ref=alloutdooradventures&ref=alloutdooradventures&bookable-only=yes&full-items=yes&marketplace=yes&flow=no""></script>",https://fareharbor.com/embeds/book/blackforestmagic/items/628485/?asn=fhdn-eur&asn-ref=alloutdooradventures&ref=alloutdooradventures&bookable-only=yes&full-items=yes&marketplace=yes&flow=no,https://cdn.filestackcontent.com/vxrOaSPHRcCe1APxDig7
JK Adventure Guides,jkadventureguides,JKAdventureGuides@gmail.com,803-397-0000,United States/South Carolina/Gadsden,-80.787885,33.819352,146313,Guided Congaree National Park Kayak Tour,Canoe,1,49,357,https://fareharbor.com/embeds/calendar/jkadventureguides/items/146313/?asn=fhdn&asn-ref=alloutdooradventures&ref=alloutdooradventures&bookable-only=yes&full-items=yes&marketplace=yes&flow=no,"<script src=""https://fareharbor.com/embeds/script/calendar/jkadventureguides/items/146313/?asn=fhdn&asn-ref=alloutdooradventures&ref=alloutdooradventures&bookable-only=yes&full-items=yes&marketplace=yes&flow=no""></script>",https://fareharbor.com/embeds/book/jkadventureguides/items/146313/?asn=fhdn&asn-ref=alloutdooradventures&ref=alloutdooradventures&bookable-only=yes&full-items=yes&marketplace=yes&flow=no,https://cdn.filestackcontent.com/4PiAjsNtRdC66mlVuMOZ
JK Adventure Guides,jkadventureguides,JKAdventureGuides@gmail.com,803-397-0000,United States/South Carolina/Cayce,-81.029289,33.949137,156363,Guided Kayaking River Trip,Canoe-Shuttle,1,49,167,https://fareharbor.com/embeds/calendar/jkadventureguides/items/156363/?asn=fhdn&asn-ref=alloutdooradventures&ref=alloutdooradventures&bookable-only=yes&full-items=yes&marketplace=yes&flow=no,"<script src=""https://fareharbor.com/embeds/script/calendar/jkadventureguides/items/156363/?asn=fhdn&asn-ref=alloutdooradventures&ref=alloutdooradventures&bookable-only=yes&full-items=yes&marketplace=yes&flow=no""></script>",https://fareharbor.com/embeds/book/jkadventureguides/items/156363/?asn=fhdn&asn-ref=alloutdooradventures&ref=alloutdooradventures&bookable-only=yes&full-items=yes&marketplace=yes&flow=no,https://cdn.filestackcontent.com/XJMvebdlSvyPhogUJLtK
Clear Canoeing,clearcanoeing,rebecca@clearcanoeing.com,352-816-9072,United States/Florida/Silver Springs,,,353608,Clear Canoe Rental,Canoe,5,49,992,https://fareharbor.com/embeds/calendar/clearcanoeing/items/353608/?asn=fhdn&asn-ref=alloutdooradventures&ref=alloutdooradventures&bookable-only=yes&full-items=yes&marketplace=yes&flow=no,"<script src=""https://fareharbor.com/embeds/script/calendar/clearcanoeing/items/353608/?asn=fhdn&asn-ref=alloutdooradventures&ref=alloutdooradventures&bookable-only=yes&full-items=yes&marketplace=yes&flow=no""></script>",https://fareharbor.com/embeds/book/clearcanoeing/items/353608/?asn=fhdn&asn-ref=alloutdooradventures&ref=alloutdooradventures&bookable-only=yes&full-items=yes&marketplace=yes&flow=no,https://cdn.filestackcontent.com/SZ7dz6zmT028SwCMzSzL
Wildsport Tours,wildsporttours,info@wildsport-tours.de,+49 7631 7932877,Germany/Baden-Württemberg/Riegel am Kaiserstuhl,,,371380,Kanumiete Alte Elz ab Riegel,,1,49,66,https://fareharbor.com/embeds/calendar/wildsporttours/items/371380/?asn=fhdn-eur&asn-ref=alloutdooradventures&ref=alloutdooradventures&bookable-only=yes&full-items=yes&marketplace=yes&flow=no,"<script src=""https://fareharbor.com/embeds/script/calendar/wildsporttours/items/371380/?asn=fhdn-eur&asn-ref=alloutdooradventures&ref=alloutdooradventures&bookable-only=yes&full-items=yes&marketplace=yes&flow=no""></script>",https://fareharbor.com/embeds/book/wildsporttours/items/371380/?asn=fhdn-eur&asn-ref=alloutdooradventures&ref=alloutdooradventures&bookable-only=yes&full-items=yes&marketplace=yes&flow=no,https://cdn.filestackcontent.com/OdAB8zbtStXGQCzfA43F
Adventures by True North Ak,adventurealaska,reservations@adventurealaska.net,907 691 8909,United States/Alaska/Wasilla,-149.314928,61.601994,510212,Seven Mile Canoe Trail,Canoe-Guided Tour-Water Activities,1,49,182,https://fareharbor.com/embeds/calendar/adventurealaska/items/510212/?asn=fhdn&asn-ref=alloutdooradventures&ref=alloutdooradventures&bookable-only=yes&full-items=yes&marketplace=yes&flow=no,"<script src=""https://fareharbor.com/embeds/script/calendar/adventurealaska/items/510212/?asn=fhdn&asn-ref=alloutdooradventures&ref=alloutdooradventures&bookable-only=yes&full-items=yes&marketplace=yes&flow=no""></script>",https://fareharbor.com/embeds/book/adventurealaska/items/510212/?asn=fhdn&asn-ref=alloutdooradventures&ref=alloutdooradventures&bookable-only=yes&full-items=yes&marketplace=yes&flow=no,https://cdn.filestackcontent.com/jnpjtUfXQYSkYAioDcVk
Rapid Horizons Adventures,rapidhorizons,info@rapidhorizons.com,+44 1629 700334,United Kingdom/England/Cromford,-1.553846,53.109512,535873,Cromford Canal Safari,Canoe,4,49,235,https://fareharbor.com/embeds/calendar/rapidhorizons/items/535873/?asn=fhdn-gbp&asn-ref=alloutdooradventures&ref=alloutdooradventures&bookable-only=yes&full-items=yes&marketplace=yes&flow=no,"<script src=""https://fareharbor.com/embeds/script/calendar/rapidhorizons/items/535873/?asn=fhdn-gbp&asn-ref=alloutdooradventures&ref=alloutdooradventures&bookable-only=yes&full-items=yes&marketplace=yes&flow=no""></script>",https://fareharbor.com/embeds/book/rapidhorizons/items/535873/?asn=fhdn-gbp&asn-ref=alloutdooradventures&ref=alloutdooradventures&bookable-only=yes&full-items=yes&marketplace=yes&flow=no,https://cdn.filestackcontent.com/mOAJJ2w9TYGh7KEBpna7
Share Discovery Village,sharevillage,info@sharevillage.org,+44 28 677 22122,United Kingdom/Northern Ireland/Enniskillen,-7.47773,54.212674,565356,"Canoe, Kayak & SUP Hire",Canoe-Kayak-Rentals-SUP-Water Activities,1,49,0,https://fareharbor.com/embeds/calendar/sharevillage/items/565356/?asn=fhdn-gbp&asn-ref=alloutdooradventures&ref=alloutdooradventures&bookable-only=yes&full-items=yes&marketplace=yes&flow=no,"<script src=""https://fareharbor.com/embeds/script/calendar/sharevillage/items/565356/?asn=fhdn-gbp&asn-ref=alloutdooradventures&ref=alloutdooradventures&bookable-only=yes&full-items=yes&marketplace=yes&flow=no""></script>",https://fareharbor.com/embeds/book/sharevillage/items/565356/?asn=fhdn-gbp&asn-ref=alloutdooradventures&ref=alloutdooradventures&bookable-only=yes&full-items=yes&marketplace=yes&flow=no,https://cdn.filestackcontent.com/wwPQlGDfSt6eckcAgAb3
Memorial Beach Boathouse,boatinginboston-memorialbeach,bostonboatinginfo@guestservices.com,617-299-3392,United States/Massachusetts/Sharon,,,605684,Canoe Rental,Boat Rental-Canoe-Rentals-Water Activities,1,49,204,https://fareharbor.com/embeds/calendar/boatinginboston-memorialbeach/items/605684/?asn=fhdn&asn-ref=alloutdooradventures&ref=alloutdooradventures&bookable-only=yes&full-items=yes&marketplace=yes&flow=no,"<script src=""https://fareharbor.com/embeds/script/calendar/boatinginboston-memorialbeach/items/605684/?asn=fhdn&asn-ref=alloutdooradventures&ref=alloutdooradventures&bookable-only=yes&full-items=yes&marketplace=yes&flow=no""></script>",https://fareharbor.com/embeds/book/boatinginboston-memorialbeach/items/605684/?asn=fhdn&asn-ref=alloutdooradventures&ref=alloutdooradventures&bookable-only=yes&full-items=yes&marketplace=yes&flow=no,https://cdn.filestackcontent.com/Z8e0mTZsSTiM4577b1yK
Kjenndalstova,kjenndalstova,post@kjenndalstova.no,+47 905 34 087,Norway/Vestland/Loen,,,624014,Canoe 3 person,Canoe,7,49,609,https://fareharbor.com/embeds/calendar/kjenndalstova/items/624014/?asn=fhdn-nok&asn-ref=alloutdooradventures&ref=alloutdooradventures&bookable-only=yes&full-items=yes&marketplace=yes&flow=no,"<script src=""https://fareharbor.com/embeds/script/calendar/kjenndalstova/items/624014/?asn=fhdn-nok&asn-ref=alloutdooradventures&ref=alloutdooradventures&bookable-only=yes&full-items=yes&marketplace=yes&flow=no""></script>",https://fareharbor.com/embeds/book/kjenndalstova/items/624014/?asn=fhdn-nok&asn-ref=alloutdooradventures&ref=alloutdooradventures&bookable-only=yes&full-items=yes&marketplace=yes&flow=no,https://cdn.filestackcontent.com/BkMuemQySe0gGGnbcnNg
Dania Beach Adventures,daniabeachadventures,matt.smith@guestservices.com,,United States/Florida/Dania Beach,,,650805,Canoe Rental (2-Person),Canoe-Rentals-Water Activities,1,49,1215,https://fareharbor.com/embeds/calendar/daniabeachadventures/items/650805/?asn=fhdn&asn-ref=alloutdooradventures&ref=alloutdooradventures&bookable-only=yes&full-items=yes&marketplace=yes&flow=no,"<script src=""https://fareharbor.com/embeds/script/calendar/daniabeachadventures/items/650805/?asn=fhdn&asn-ref=alloutdooradventures&ref=alloutdooradventures&bookable-only=yes&full-items=yes&marketplace=yes&flow=no""></script>",https://fareharbor.com/embeds/book/daniabeachadventures/items/650805/?asn=fhdn&asn-ref=alloutdooradventures&ref=alloutdooradventures&bookable-only=yes&full-items=yes&marketplace=yes&flow=no,https://cdn.filestackcontent.com/fSL5IaSAS1WiyZDj62Yq
Lek Mer,lekmer,info@lekmer.nu,46(0) 8-32 00 61,Sweden/Stockholms län/Stockholm,18.024097,59.325482,670857,Stockholm by night - Guidad kajaktur,Canoe-Guided Tour-Kayak-Water Activities-Winter Activities,2,49,8,https://fareharbor.com/embeds/calendar/lekmer/items/670857/?asn=fhdn-sek&asn-ref=alloutdooradventures&ref=alloutdooradventures&bookable-only=yes&full-items=yes&marketplace=yes&flow=no,"<script src=""https://fareharbor.com/embeds/script/calendar/lekmer/items/670857/?asn=fhdn-sek&asn-ref=alloutdooradventures&ref=alloutdooradventures&bookable-only=yes&full-items=yes&marketplace=yes&flow=no""></script>",https://fareharbor.com/embeds/book/lekmer/items/670857/?asn=fhdn-sek&asn-ref=alloutdooradventures&ref=alloutdooradventures&bookable-only=yes&full-items=yes&marketplace=yes&flow=no,https://cdn.filestackcontent.com/7spVgXxTxCJDokhSwHgi
Grand Experiences Outdoor Adventures,grand-experiences,info@grand-experiences.com,(226) 240-8315,Canada/Ontario/Cambridge,,,674950,The Voyageur Experience: Unite Your Team on the River,Canoe,1,49,214,https://fareharbor.com/embeds/calendar/grand-experiences/items/674950/?asn=fhdn-cad&asn-ref=alloutdooradventures&ref=alloutdooradventures&bookable-only=yes&full-items=yes&marketplace=yes&flow=no,"<script src=""https://fareharbor.com/embeds/script/calendar/grand-experiences/items/674950/?asn=fhdn-cad&asn-ref=alloutdooradventures&ref=alloutdooradventures&bookable-only=yes&full-items=yes&marketplace=yes&flow=no""></script>",https://fareharbor.com/embeds/book/grand-experiences/items/674950/?asn=fhdn-cad&asn-ref=alloutdooradventures&ref=alloutdooradventures&bookable-only=yes&full-items=yes&marketplace=yes&flow=no,https://cdn.filestackcontent.com/0pj2TfxgTp6H374tI2BC
Hetta Huskies,hettahuskies,info@hettahuskies.com,+358 40 353 2076,Finland/Lappi/Enontekiö,,,117378,Palojoki Wilderness Snowmobile Tour (40km),Canoe-Dogsled-Kayak-Snowmobile-Winter Activities,1,48,1,https://fareharbor.com/embeds/calendar/hettahuskies/items/117378/?asn=fhdn-eur&asn-ref=alloutdooradventures&ref=alloutdooradventures&bookable-only=yes&full-items=yes&marketplace=yes&flow=no,"<script src=""https://fareharbor.com/embeds/script/calendar/hettahuskies/items/117378/?asn=fhdn-eur&asn-ref=alloutdooradventures&ref=alloutdooradventures&bookable-only=yes&full-items=yes&marketplace=yes&flow=no""></script>",https://fareharbor.com/embeds/book/hettahuskies/items/117378/?asn=fhdn-eur&asn-ref=alloutdooradventures&ref=alloutdooradventures&bookable-only=yes&full-items=yes&marketplace=yes&flow=no,https://cdn.filestackcontent.com/XnjJMmsRcq3VBo5qhbyw
Sky Lakes Wilderness Adventures,skylakeswild,skylakeswild@gmail.com,(541) 891 0435,United States/Oregon/Chiloquin,-121.862257,42.576486,301670,Shuttle Service,Bike Rental-Canoe-Shuttle,1,48,0,https://fareharbor.com/embeds/calendar/skylakeswild/items/301670/?asn=fhdn&asn-ref=alloutdooradventures&ref=alloutdooradventures&bookable-only=yes&full-items=yes&marketplace=yes&flow=no,"<script src=""https://fareharbor.com/embeds/script/calendar/skylakeswild/items/301670/?asn=fhdn&asn-ref=alloutdooradventures&ref=alloutdooradventures&bookable-only=yes&full-items=yes&marketplace=yes&flow=no""></script>",https://fareharbor.com/embeds/book/skylakeswild/items/301670/?asn=fhdn&asn-ref=alloutdooradventures&ref=alloutdooradventures&bookable-only=yes&full-items=yes&marketplace=yes&flow=no,https://cdn.filestackcontent.com/HHLI5ixRjOBfj3wmLaYA
Zoar Outdoor,zoaroutdoor,info@zoaroutdoor.com,413-339-4010,United States/Massachusetts/Charlemont,,,349819,Canoe L2-L3 ACA Current Instructor Update 2-day,Canoe-Transportation,1,48,0,https://fareharbor.com/embeds/calendar/zoaroutdoor/items/349819/?asn=fhdn&asn-ref=alloutdooradventures&ref=alloutdooradventures&bookable-only=yes&full-items=yes&marketplace=yes&flow=no,"<script src=""https://fareharbor.com/embeds/script/calendar/zoaroutdoor/items/349819/?asn=fhdn&asn-ref=alloutdooradventures&ref=alloutdooradventures&bookable-only=yes&full-items=yes&marketplace=yes&flow=no""></script>",https://fareharbor.com/embeds/book/zoaroutdoor/items/349819/?asn=fhdn&asn-ref=alloutdooradventures&ref=alloutdooradventures&bookable-only=yes&full-items=yes&marketplace=yes&flow=no,https://cdn.filestackcontent.com/MimPOJxQTG18CTI8Fo49
Zoar Outdoor,zoaroutdoor,info@zoaroutdoor.com,413-339-4010,United States/Massachusetts/Charlemont,,,349823,Kayak L1 ACA Instructor Certification Workshop 2-day,Boat Tour-Canoe-SUP-Transportation-Workshop,1,48,0,https://fareharbor.com/embeds/calendar/zoaroutdoor/items/349823/?asn=fhdn&asn-ref=alloutdooradventures&ref=alloutdooradventures&bookable-only=yes&full-items=yes&marketplace=yes&flow=no,"<script src=""https://fareharbor.com/embeds/script/calendar/zoaroutdoor/items/349823/?asn=fhdn&asn-ref=alloutdooradventures&ref=alloutdooradventures&bookable-only=yes&full-items=yes&marketplace=yes&flow=no""></script>",https://fareharbor.com/embeds/book/zoaroutdoor/items/349823/?asn=fhdn&asn-ref=alloutdooradventures&ref=alloutdooradventures&bookable-only=yes&full-items=yes&marketplace=yes&flow=no,https://cdn.filestackcontent.com/8GEAW6u8TYOZkPi4ujOU
Zoar Outdoor,zoaroutdoor,info@zoaroutdoor.com,413-339-4010,United States/Massachusetts/Charlemont,,,349856,Kayak L3-L4 ACA instructor certification workshop 5-day,Boat Tour-Canoe-SUP-Transportation-Workshop,1,48,1,https://fareharbor.com/embeds/calendar/zoaroutdoor/items/349856/?asn=fhdn&asn-ref=alloutdooradventures&ref=alloutdooradventures&bookable-only=yes&full-items=yes&marketplace=yes&flow=no,"<script src=""https://fareharbor.com/embeds/script/calendar/zoaroutdoor/items/349856/?asn=fhdn&asn-ref=alloutdooradventures&ref=alloutdooradventures&bookable-only=yes&full-items=yes&marketplace=yes&flow=no""></script>",https://fareharbor.com/embeds/book/zoaroutdoor/items/349856/?asn=fhdn&asn-ref=alloutdooradventures&ref=alloutdooradventures&bookable-only=yes&full-items=yes&marketplace=yes&flow=no,https://cdn.filestackcontent.com/vbrRPSQtRaeWOWBTrS4t
Biggar Adventure,biggaradventure,craig@biggaradventure.co.uk,+447834871575,United Kingdom/Scotland/Biggar,-3.677703,55.522538,384419,River Clyde  Canoe Biggar,Boat Tour-Canoe,1,48,82,https://fareharbor.com/embeds/calendar/biggaradventure/items/384419/?asn=fhdn-gbp&asn-ref=alloutdooradventures&ref=alloutdooradventures&bookable-only=yes&full-items=yes&marketplace=yes&flow=no,"<script src=""https://fareharbor.com/embeds/script/calendar/biggaradventure/items/384419/?asn=fhdn-gbp&asn-ref=alloutdooradventures&ref=alloutdooradventures&bookable-only=yes&full-items=yes&marketplace=yes&flow=no""></script>",https://fareharbor.com/embeds/book/biggaradventure/items/384419/?asn=fhdn-gbp&asn-ref=alloutdooradventures&ref=alloutdooradventures&bookable-only=yes&full-items=yes&marketplace=yes&flow=no,https://cdn.filestackcontent.com/hQMj5NFJQ7hu4fFHFzMr
Zoar Outdoor,zoaroutdoor,info@zoaroutdoor.com,413-339-4010,United States/Massachusetts/Charlemont,,,516857,Canoe L3 ACA Skills Assessment 1 Day Course,Canoe,1,48,0,https://fareharbor.com/embeds/calendar/zoaroutdoor/items/516857/?asn=fhdn&asn-ref=alloutdooradventures&ref=alloutdooradventures&bookable-only=yes&full-items=yes&marketplace=yes&flow=no,"<script src=""https://fareharbor.com/embeds/script/calendar/zoaroutdoor/items/516857/?asn=fhdn&asn-ref=alloutdooradventures&ref=alloutdooradventures&bookable-only=yes&full-items=yes&marketplace=yes&flow=no""></script>",https://fareharbor.com/embeds/book/zoaroutdoor/items/516857/?asn=fhdn&asn-ref=alloutdooradventures&ref=alloutdooradventures&bookable-only=yes&full-items=yes&marketplace=yes&flow=no,https://cdn.filestackcontent.com/qK4Z0issT6w9Z63q3AK2
Zoar Outdoor,zoaroutdoor,info@zoaroutdoor.com,413-339-4010,United States/Massachusetts/Charlemont,,,517008,Canoe L2-L3 ACA Instructor Certification Workshop 4-Day,Canoe-Water Activities-Workshop,1,48,0,https://fareharbor.com/embeds/calendar/zoaroutdoor/items/517008/?asn=fhdn&asn-ref=alloutdooradventures&ref=alloutdooradventures&bookable-only=yes&full-items=yes&marketplace=yes&flow=no,"<script src=""https://fareharbor.com/embeds/script/calendar/zoaroutdoor/items/517008/?asn=fhdn&asn-ref=alloutdooradventures&ref=alloutdooradventures&bookable-only=yes&full-items=yes&marketplace=yes&flow=no""></script>",https://fareharbor.com/embeds/book/zoaroutdoor/items/517008/?asn=fhdn&asn-ref=alloutdooradventures&ref=alloutdooradventures&bookable-only=yes&full-items=yes&marketplace=yes&flow=no,https://cdn.filestackcontent.com/Tnf7iCodTJv1xGsxYSm5
Stand up Paddling Spreewald,sup-spree,sup-spreewald@gmx.de,+49 1723708075,Germany/Brandenburg/Burg (Spreewald),,,602130,Kanu/Kanadier,Canoe-SUP,2,48,720,https://fareharbor.com/embeds/calendar/sup-spree/items/602130/?asn=fhdn-eur&asn-ref=alloutdooradventures&ref=alloutdooradventures&bookable-only=yes&full-items=yes&marketplace=yes&flow=no,"<script src=""https://fareharbor.com/embeds/script/calendar/sup-spree/items/602130/?asn=fhdn-eur&asn-ref=alloutdooradventures&ref=alloutdooradventures&bookable-only=yes&full-items=yes&marketplace=yes&flow=no""></script>",https://fareharbor.com/embeds/book/sup-spree/items/602130/?asn=fhdn-eur&asn-ref=alloutdooradventures&ref=alloutdooradventures&bookable-only=yes&full-items=yes&marketplace=yes&flow=no,https://cdn.filestackcontent.com/bkC73szTShdFVriXGbUw
"Black Forest Magic - Schneesportschule, Kanu & Rafting & Outdoorschule",blackforestmagic,info@blackforestmagic.de,+49 7664 6137700,Germany/Baden-Württemberg/Bad Bellingen,7.549946,47.731662,628077,geführte Kanutour am Altrhein (Bad Bellingen bis Grissheim),Canoe,4,48,0,https://fareharbor.com/embeds/calendar/blackforestmagic/items/628077/?asn=fhdn-eur&asn-ref=alloutdooradventures&ref=alloutdooradventures&bookable-only=yes&full-items=yes&marketplace=yes&flow=no,"<script src=""https://fareharbor.com/embeds/script/calendar/blackforestmagic/items/628077/?asn=fhdn-eur&asn-ref=alloutdooradventures&ref=alloutdooradventures&bookable-only=yes&full-items=yes&marketplace=yes&flow=no""></script>",https://fareharbor.com/embeds/book/blackforestmagic/items/628077/?asn=fhdn-eur&asn-ref=alloutdooradventures&ref=alloutdooradventures&bookable-only=yes&full-items=yes&marketplace=yes&flow=no,https://cdn.filestackcontent.com/K6Ojj4qvSe6mgqMwNhmM
BergerTours,bergertours,bergertours@web.de,+49339312042,Germany/Brandenburg/Rheinsberg,,,688478,Mehrtagestour -  mit Transport,Canoe,1,48,414,https://fareharbor.com/embeds/calendar/bergertours/items/688478/?asn=fhdn-eur&asn-ref=alloutdooradventures&ref=alloutdooradventures&bookable-only=yes&full-items=yes&marketplace=yes&flow=no,"<script src=""https://fareharbor.com/embeds/script/calendar/bergertours/items/688478/?asn=fhdn-eur&asn-ref=alloutdooradventures&ref=alloutdooradventures&bookable-only=yes&full-items=yes&marketplace=yes&flow=no""></script>",https://fareharbor.com/embeds/book/bergertours/items/688478/?asn=fhdn-eur&asn-ref=alloutdooradventures&ref=alloutdooradventures&bookable-only=yes&full-items=yes&marketplace=yes&flow=no,https://cdn.filestackcontent.com/d0LFNdKSb2oUmVsJX7WQ
Blue Spring Adventures,bluespringadventures,bluespring.info@guestservices.com,833-953-2583,United States/Florida/Orange City,,,246745,4 Hr Kayak/Canoe Rental,Canoe-Kayak-Rentals-Water Activities,1,47,360,https://fareharbor.com/embeds/calendar/bluespringadventures/items/246745/?asn=fhdn&asn-ref=alloutdooradventures&ref=alloutdooradventures&bookable-only=yes&full-items=yes&marketplace=yes&flow=no,"<script src=""https://fareharbor.com/embeds/script/calendar/bluespringadventures/items/246745/?asn=fhdn&asn-ref=alloutdooradventures&ref=alloutdooradventures&bookable-only=yes&full-items=yes&marketplace=yes&flow=no""></script>",https://fareharbor.com/embeds/book/bluespringadventures/items/246745/?asn=fhdn&asn-ref=alloutdooradventures&ref=alloutdooradventures&bookable-only=yes&full-items=yes&marketplace=yes&flow=no,https://cdn.filestackcontent.com/q8Qspd7DScuCVraRI4Yv
Willow Beach Marina,willowbeachharbor,info@willowbeachharbor.com,(855) 918 - 5253,United States/Arizona/Willow Beach,,,275122,Canoes,Canoe-Rentals-Water Activities,4,47,180,https://fareharbor.com/embeds/calendar/willowbeachharbor/items/275122/?asn=fhdn&asn-ref=alloutdooradventures&ref=alloutdooradventures&bookable-only=yes&full-items=yes&marketplace=yes&flow=no,"<script src=""https://fareharbor.com/embeds/script/calendar/willowbeachharbor/items/275122/?asn=fhdn&asn-ref=alloutdooradventures&ref=alloutdooradventures&bookable-only=yes&full-items=yes&marketplace=yes&flow=no""></script>",https://fareharbor.com/embeds/book/willowbeachharbor/items/275122/?asn=fhdn&asn-ref=alloutdooradventures&ref=alloutdooradventures&bookable-only=yes&full-items=yes&marketplace=yes&flow=no,https://cdn.filestackcontent.com/LdPy2Z4Rj2nq5JD3W4ro
TejoConvida,tejoconvida,passeiosmaritimostejo@gmail.com,351966562399,Portugal/Setúbal/São Simão,,,363097,Rotas a Sul - Cais da Moita - Reserva  Exclusiva,Canoe,4,47,0,https://fareharbor.com/embeds/calendar/tejoconvida/items/363097/?asn=fhdn-eur&asn-ref=alloutdooradventures&ref=alloutdooradventures&bookable-only=yes&full-items=yes&marketplace=yes&flow=no,"<script src=""https://fareharbor.com/embeds/script/calendar/tejoconvida/items/363097/?asn=fhdn-eur&asn-ref=alloutdooradventures&ref=alloutdooradventures&bookable-only=yes&full-items=yes&marketplace=yes&flow=no""></script>",https://fareharbor.com/embeds/book/tejoconvida/items/363097/?asn=fhdn-eur&asn-ref=alloutdooradventures&ref=alloutdooradventures&bookable-only=yes&full-items=yes&marketplace=yes&flow=no,https://cdn.filestackcontent.com/I0aAJyifQw2U7rWp25x1
Wekiwa Springs,wekiwasprings,skylar.hornbuckle@guestservices.com,888-893-5492,United States/Florida/Apopka,,,550857,Canoe Rental,Canoe-Rentals-Wildlife-Winter Activities,1,47,2520,https://fareharbor.com/embeds/calendar/wekiwasprings/items/550857/?asn=fhdn&asn-ref=alloutdooradventures&ref=alloutdooradventures&bookable-only=yes&full-items=yes&marketplace=yes&flow=no,"<script src=""https://fareharbor.com/embeds/script/calendar/wekiwasprings/items/550857/?asn=fhdn&asn-ref=alloutdooradventures&ref=alloutdooradventures&bookable-only=yes&full-items=yes&marketplace=yes&flow=no""></script>",https://fareharbor.com/embeds/book/wekiwasprings/items/550857/?asn=fhdn&asn-ref=alloutdooradventures&ref=alloutdooradventures&bookable-only=yes&full-items=yes&marketplace=yes&flow=no,https://cdn.filestackcontent.com/3NW2v9fsQlqQLidqVHvB
Madeira Radical,madeiraradical,madeiradicall@gmail.com,+351 925 871 571,Portugal/Madeira/Funchal,,,600310,Kayak Tour,Canoe-Sailing,1,47,297,https://fareharbor.com/embeds/calendar/madeiraradical/items/600310/?asn=fhdn-eur&asn-ref=alloutdooradventures&ref=alloutdooradventures&bookable-only=yes&full-items=yes&marketplace=yes&flow=no,"<script src=""https://fareharbor.com/embeds/script/calendar/madeiraradical/items/600310/?asn=fhdn-eur&asn-ref=alloutdooradventures&ref=alloutdooradventures&bookable-only=yes&full-items=yes&marketplace=yes&flow=no""></script>",https://fareharbor.com/embeds/book/madeiraradical/items/600310/?asn=fhdn-eur&asn-ref=alloutdooradventures&ref=alloutdooradventures&bookable-only=yes&full-items=yes&marketplace=yes&flow=no,https://cdn.filestackcontent.com/mVrbQ7ilSRCiXxuAiN1u
KANU-CENTER KREBS KG,kanu-center,info@kanu-center.de,+494501412,Germany/Schleswig-Holstein/Siebenbäumen,,,645655,Premiumtour mit Personentransfer Hamberge bis Lübeck 12 km,Boat Rental-Boat Tour-Canoe-Eco Tour-Kayak-Water Activities,3,47,180,https://fareharbor.com/embeds/calendar/kanu-center/items/645655/?asn=fhdn-eur&asn-ref=alloutdooradventures&ref=alloutdooradventures&bookable-only=yes&full-items=yes&marketplace=yes&flow=no,"<script src=""https://fareharbor.com/embeds/script/calendar/kanu-center/items/645655/?asn=fhdn-eur&asn-ref=alloutdooradventures&ref=alloutdooradventures&bookable-only=yes&full-items=yes&marketplace=yes&flow=no""></script>",https://fareharbor.com/embeds/book/kanu-center/items/645655/?asn=fhdn-eur&asn-ref=alloutdooradventures&ref=alloutdooradventures&bookable-only=yes&full-items=yes&marketplace=yes&flow=no,https://cdn.filestackcontent.com/uNm3l5aSWujTJFqnRMex
BergerTours,bergertours,bergertours@web.de,+49339312042,Germany/Brandenburg/Rheinsberg,,,688477,Mehrtagestour -  ab Zippelsförde,Canoe,1,47,414,https://fareharbor.com/embeds/calendar/bergertours/items/688477/?asn=fhdn-eur&asn-ref=alloutdooradventures&ref=alloutdooradventures&bookable-only=yes&full-items=yes&marketplace=yes&flow=no,"<script src=""https://fareharbor.com/embeds/script/calendar/bergertours/items/688477/?asn=fhdn-eur&asn-ref=alloutdooradventures&ref=alloutdooradventures&bookable-only=yes&full-items=yes&marketplace=yes&flow=no""></script>",https://fareharbor.com/embeds/book/bergertours/items/688477/?asn=fhdn-eur&asn-ref=alloutdooradventures&ref=alloutdooradventures&bookable-only=yes&full-items=yes&marketplace=yes&flow=no,https://cdn.filestackcontent.com/CZYpi0ZvRYCv2Kn3nZoX
Venture Outdoors / Kayak Pittsburgh,ventureoutdoors,kayakpittsburgh@ventureoutdoors.org,412.255.0564,United States/Pennsylvania/Allison Park,-80.00728,40.604841,430438,Rental - Canoe - North Park,Boat Rental-Canoe,1,46,663,https://fareharbor.com/embeds/calendar/ventureoutdoors/items/430438/?asn=fhdn&asn-ref=alloutdooradventures&ref=alloutdooradventures&bookable-only=yes&full-items=yes&marketplace=yes&flow=no,"<script src=""https://fareharbor.com/embeds/script/calendar/ventureoutdoors/items/430438/?asn=fhdn&asn-ref=alloutdooradventures&ref=alloutdooradventures&bookable-only=yes&full-items=yes&marketplace=yes&flow=no""></script>",https://fareharbor.com/embeds/book/ventureoutdoors/items/430438/?asn=fhdn&asn-ref=alloutdooradventures&ref=alloutdooradventures&bookable-only=yes&full-items=yes&marketplace=yes&flow=no,https://cdn.filestackcontent.com/ge2uaooPT7Ch3DmyvU9w
Kalbarri Adventure Tours,kalbarriadventuretours,kalbarriadventure@outlook.com,0408797130,Australia/Western Australia/Kalbarri,,,590326,CANOE THE GORGES HALF DAY,Canoe,1,46,166,https://fareharbor.com/embeds/calendar/kalbarriadventuretours/items/590326/?asn=fhdn-aud&asn-ref=alloutdooradventures&ref=alloutdooradventures&bookable-only=yes&full-items=yes&marketplace=yes&flow=no,"<script src=""https://fareharbor.com/embeds/script/calendar/kalbarriadventuretours/items/590326/?asn=fhdn-aud&asn-ref=alloutdooradventures&ref=alloutdooradventures&bookable-only=yes&full-items=yes&marketplace=yes&flow=no""></script>",https://fareharbor.com/embeds/book/kalbarriadventuretours/items/590326/?asn=fhdn-aud&asn-ref=alloutdooradventures&ref=alloutdooradventures&bookable-only=yes&full-items=yes&marketplace=yes&flow=no,https://cdn.filestackcontent.com/RAXcpUAtQmOkfES4LgtQ
Leie Adventures,deinzekajakt,info@leie-adventures.be,+32 9 496 89 66,Belgium/Vlaams Gewest/Deinze,,,592541,Kano huur,Canoe,1,46,0,https://fareharbor.com/embeds/calendar/deinzekajakt/items/592541/?asn=fhdn-eur&asn-ref=alloutdooradventures&ref=alloutdooradventures&bookable-only=yes&full-items=yes&marketplace=yes&flow=no,"<script src=""https://fareharbor.com/embeds/script/calendar/deinzekajakt/items/592541/?asn=fhdn-eur&asn-ref=alloutdooradventures&ref=alloutdooradventures&bookable-only=yes&full-items=yes&marketplace=yes&flow=no""></script>",https://fareharbor.com/embeds/book/deinzekajakt/items/592541/?asn=fhdn-eur&asn-ref=alloutdooradventures&ref=alloutdooradventures&bookable-only=yes&full-items=yes&marketplace=yes&flow=no,https://cdn.filestackcontent.com/pZNO6JwQCGXlRsSjnQDq
OUTTOUR Aktivreisen,outtour,info@outtour.de,0049 34462601951,Germany/Sachsen-Anhalt/Laucha an der Unstrut,,,626698,3 Tage Jena - Naumburg,Canoe-Kayak,1,46,0,https://fareharbor.com/embeds/calendar/outtour/items/626698/?asn=fhdn-eur&asn-ref=alloutdooradventures&ref=alloutdooradventures&bookable-only=yes&full-items=yes&marketplace=yes&flow=no,"<script src=""https://fareharbor.com/embeds/script/calendar/outtour/items/626698/?asn=fhdn-eur&asn-ref=alloutdooradventures&ref=alloutdooradventures&bookable-only=yes&full-items=yes&marketplace=yes&flow=no""></script>",https://fareharbor.com/embeds/book/outtour/items/626698/?asn=fhdn-eur&asn-ref=alloutdooradventures&ref=alloutdooradventures&bookable-only=yes&full-items=yes&marketplace=yes&flow=no,https://cdn.filestackcontent.com/w6uBzbgQa6kjiG9wf4Wx
Kanuuh,kanuuh,info@kanuuh.de,+49 08421 /2110,Germany/Bayern/Solnhofen,10.974497,48.929226,631653,"1,5 Tagestour Pappenheim-Dollnstein",Boat Rental-Boat Tour-Canoe-Self-Guided Tour-Water Activities,1,46,123,https://fareharbor.com/embeds/calendar/kanuuh/items/631653/?asn=fhdn-eur&asn-ref=alloutdooradventures&ref=alloutdooradventures&bookable-only=yes&full-items=yes&marketplace=yes&flow=no,"<script src=""https://fareharbor.com/embeds/script/calendar/kanuuh/items/631653/?asn=fhdn-eur&asn-ref=alloutdooradventures&ref=alloutdooradventures&bookable-only=yes&full-items=yes&marketplace=yes&flow=no""></script>",https://fareharbor.com/embeds/book/kanuuh/items/631653/?asn=fhdn-eur&asn-ref=alloutdooradventures&ref=alloutdooradventures&bookable-only=yes&full-items=yes&marketplace=yes&flow=no,https://cdn.filestackcontent.com/4AMjfRNSA6j5L4B9Kwn0
Kanuuh,kanuuh,info@kanuuh.de,+49 08421 /2110,Germany/Bavaria/Treuchtlingen,10.911973,48.952059,631664,2 Tagestour Treuchtlingen-Eichstätt,Boat Rental-Boat Tour-Canoe-Self-Guided Tour-Water Activities,1,46,123,https://fareharbor.com/embeds/calendar/kanuuh/items/631664/?asn=fhdn-eur&asn-ref=alloutdooradventures&ref=alloutdooradventures&bookable-only=yes&full-items=yes&marketplace=yes&flow=no,"<script src=""https://fareharbor.com/embeds/script/calendar/kanuuh/items/631664/?asn=fhdn-eur&asn-ref=alloutdooradventures&ref=alloutdooradventures&bookable-only=yes&full-items=yes&marketplace=yes&flow=no""></script>",https://fareharbor.com/embeds/book/kanuuh/items/631664/?asn=fhdn-eur&asn-ref=alloutdooradventures&ref=alloutdooradventures&bookable-only=yes&full-items=yes&marketplace=yes&flow=no,https://cdn.filestackcontent.com/72EQXp7UTXq06CnjrnYJ
Kanuuh,kanuuh,info@kanuuh.de,+49 08421 /2110,Germany/Bayern/Solnhofen,10.974497,48.929226,631667,2 Tagestour Pappenheim-Eichstätt,Boat Rental-Boat Tour-Canoe-Self-Guided Tour-Water Activities,1,46,123,https://fareharbor.com/embeds/calendar/kanuuh/items/631667/?asn=fhdn-eur&asn-ref=alloutdooradventures&ref=alloutdooradventures&bookable-only=yes&full-items=yes&marketplace=yes&flow=no,"<script src=""https://fareharbor.com/embeds/script/calendar/kanuuh/items/631667/?asn=fhdn-eur&asn-ref=alloutdooradventures&ref=alloutdooradventures&bookable-only=yes&full-items=yes&marketplace=yes&flow=no""></script>",https://fareharbor.com/embeds/book/kanuuh/items/631667/?asn=fhdn-eur&asn-ref=alloutdooradventures&ref=alloutdooradventures&bookable-only=yes&full-items=yes&marketplace=yes&flow=no,https://cdn.filestackcontent.com/PrdcYXmT8CFt3lzwutV0
Hocking Hills Adventures,hockinghillscanoeing,info@hockinghillscanoeing.com,740-385-8685,United States/Ohio/Logan,,,635656,Romantic Moonlight Canoe Trip,Canoe,2,46,2,https://fareharbor.com/embeds/calendar/hockinghillscanoeing/items/635656/?asn=fhdn&asn-ref=alloutdooradventures&ref=alloutdooradventures&bookable-only=yes&full-items=yes&marketplace=yes&flow=no,"<script src=""https://fareharbor.com/embeds/script/calendar/hockinghillscanoeing/items/635656/?asn=fhdn&asn-ref=alloutdooradventures&ref=alloutdooradventures&bookable-only=yes&full-items=yes&marketplace=yes&flow=no""></script>",https://fareharbor.com/embeds/book/hockinghillscanoeing/items/635656/?asn=fhdn&asn-ref=alloutdooradventures&ref=alloutdooradventures&bookable-only=yes&full-items=yes&marketplace=yes&flow=no,https://cdn.filestackcontent.com/AR3CEB4TwtwrzXZlAgow
Wolastoq Cycling,wolastoqcycling,jamie@wolastoqcycling.repair,(506) 962 9255,Canada/New Brunswick/Woodstock First Nation,,,672787,One Hour Rentals,Bike Rental-Canoe-E-Bike-Kayak,1,46,837,https://fareharbor.com/embeds/calendar/wolastoqcycling/items/672787/?asn=fhdn-cad&asn-ref=alloutdooradventures&ref=alloutdooradventures&bookable-only=yes&full-items=yes&marketplace=yes&flow=no,"<script src=""https://fareharbor.com/embeds/script/calendar/wolastoqcycling/items/672787/?asn=fhdn-cad&asn-ref=alloutdooradventures&ref=alloutdooradventures&bookable-only=yes&full-items=yes&marketplace=yes&flow=no""></script>",https://fareharbor.com/embeds/book/wolastoqcycling/items/672787/?asn=fhdn-cad&asn-ref=alloutdooradventures&ref=alloutdooradventures&bookable-only=yes&full-items=yes&marketplace=yes&flow=no,https://cdn.filestackcontent.com/hlacQt0TiuaXfBi0WV4u
JK Adventure Guides,jkadventureguides,JKAdventureGuides@gmail.com,803-397-0000,United States/South Carolina/Cayce,-81.029289,33.949137,156881,After Work Guided Kayak Trip,Canoe-Shuttle,0,45,167,https://fareharbor.com/embeds/calendar/jkadventureguides/items/156881/?asn=fhdn&asn-ref=alloutdooradventures&ref=alloutdooradventures&bookable-only=yes&full-items=yes&marketplace=yes&flow=no,"<script src=""https://fareharbor.com/embeds/script/calendar/jkadventureguides/items/156881/?asn=fhdn&asn-ref=alloutdooradventures&ref=alloutdooradventures&bookable-only=yes&full-items=yes&marketplace=yes&flow=no""></script>",https://fareharbor.com/embeds/book/jkadventureguides/items/156881/?asn=fhdn&asn-ref=alloutdooradventures&ref=alloutdooradventures&bookable-only=yes&full-items=yes&marketplace=yes&flow=no,https://cdn.filestackcontent.com/XJMvebdlSvyPhogUJLtK
Biggar Adventure,biggaradventure,craig@biggaradventure.co.uk,+447834871575,United Kingdom/Scotland/Peebles,-3.191746,55.649555,384415,River Tweed Canoeing trip Peebles-Innerleithen,Boat Tour-Canoe,3,45,91,https://fareharbor.com/embeds/calendar/biggaradventure/items/384415/?asn=fhdn-gbp&asn-ref=alloutdooradventures&ref=alloutdooradventures&bookable-only=yes&full-items=yes&marketplace=yes&flow=no,"<script src=""https://fareharbor.com/embeds/script/calendar/biggaradventure/items/384415/?asn=fhdn-gbp&asn-ref=alloutdooradventures&ref=alloutdooradventures&bookable-only=yes&full-items=yes&marketplace=yes&flow=no""></script>",https://fareharbor.com/embeds/book/biggaradventure/items/384415/?asn=fhdn-gbp&asn-ref=alloutdooradventures&ref=alloutdooradventures&bookable-only=yes&full-items=yes&marketplace=yes&flow=no,https://cdn.filestackcontent.com/m2ddylLLSIWlLzdIR4JT
KANU-CENTER KREBS KG,kanu-center,info@kanu-center.de,+494501412,Germany/Schleswig-Holstein/Lübeck,,,468202,Premiumtour Untere Trave bis Lübeck 28 km,Boat Tour-Canoe-Environmental Attraction-Kayak-Self-Guided Tour-Water Activities,9,45,180,https://fareharbor.com/embeds/calendar/kanu-center/items/468202/?asn=fhdn-eur&asn-ref=alloutdooradventures&ref=alloutdooradventures&bookable-only=yes&full-items=yes&marketplace=yes&flow=no,"<script src=""https://fareharbor.com/embeds/script/calendar/kanu-center/items/468202/?asn=fhdn-eur&asn-ref=alloutdooradventures&ref=alloutdooradventures&bookable-only=yes&full-items=yes&marketplace=yes&flow=no""></script>",https://fareharbor.com/embeds/book/kanu-center/items/468202/?asn=fhdn-eur&asn-ref=alloutdooradventures&ref=alloutdooradventures&bookable-only=yes&full-items=yes&marketplace=yes&flow=no,https://cdn.filestackcontent.com/arJITh04Q1VGQZB9mCOC
Donautal Touristik,donautaltouristik,info@donautal-touristik.de,+4975799219725,Germany/Baden-Württemberg/Beuron,,,586839,Befahrungsscheine,Canoe,1,45,656,https://fareharbor.com/embeds/calendar/donautaltouristik/items/586839/?asn=fhdn-eur&asn-ref=alloutdooradventures&ref=alloutdooradventures&bookable-only=yes&full-items=yes&marketplace=yes&flow=no,"<script src=""https://fareharbor.com/embeds/script/calendar/donautaltouristik/items/586839/?asn=fhdn-eur&asn-ref=alloutdooradventures&ref=alloutdooradventures&bookable-only=yes&full-items=yes&marketplace=yes&flow=no""></script>",https://fareharbor.com/embeds/book/donautaltouristik/items/586839/?asn=fhdn-eur&asn-ref=alloutdooradventures&ref=alloutdooradventures&bookable-only=yes&full-items=yes&marketplace=yes&flow=no,https://cdn.filestackcontent.com/XQluKOcqQJSAk5EHywZw
Kayantics,kayantics,info@kayantics.co.uk,(44) 01683 22136,United Kingdom/Scotland/Moffat,,,609711,Canoe Half Day Session,Canoe,1,45,0,https://fareharbor.com/embeds/calendar/kayantics/items/609711/?asn=fhdn-gbp&asn-ref=alloutdooradventures&ref=alloutdooradventures&bookable-only=yes&full-items=yes&marketplace=yes&flow=no,"<script src=""https://fareharbor.com/embeds/script/calendar/kayantics/items/609711/?asn=fhdn-gbp&asn-ref=alloutdooradventures&ref=alloutdooradventures&bookable-only=yes&full-items=yes&marketplace=yes&flow=no""></script>",https://fareharbor.com/embeds/book/kayantics/items/609711/?asn=fhdn-gbp&asn-ref=alloutdooradventures&ref=alloutdooradventures&bookable-only=yes&full-items=yes&marketplace=yes&flow=no,https://cdn.filestackcontent.com/DNnbrmTTySC0EpLBtxgs
OUTTOUR Aktivreisen,outtour,info@outtour.de,0049 34462601951,Germany/Sachsen-Anhalt/Laucha an der Unstrut,,,626694,5 Tage Straußfurt - Freyburg,Canoe-Kayak,1,45,0,https://fareharbor.com/embeds/calendar/outtour/items/626694/?asn=fhdn-eur&asn-ref=alloutdooradventures&ref=alloutdooradventures&bookable-only=yes&full-items=yes&marketplace=yes&flow=no,"<script src=""https://fareharbor.com/embeds/script/calendar/outtour/items/626694/?asn=fhdn-eur&asn-ref=alloutdooradventures&ref=alloutdooradventures&bookable-only=yes&full-items=yes&marketplace=yes&flow=no""></script>",https://fareharbor.com/embeds/book/outtour/items/626694/?asn=fhdn-eur&asn-ref=alloutdooradventures&ref=alloutdooradventures&bookable-only=yes&full-items=yes&marketplace=yes&flow=no,https://cdn.filestackcontent.com/lKswN2sR8mowRmF83Hud
OUTTOUR Aktivreisen,outtour,info@outtour.de,0049 34462601951,Germany/Sachsen-Anhalt/Laucha an der Unstrut,,,626700,5 Tage Saalfeld - Naumburg,Canoe-Kayak,1,45,0,https://fareharbor.com/embeds/calendar/outtour/items/626700/?asn=fhdn-eur&asn-ref=alloutdooradventures&ref=alloutdooradventures&bookable-only=yes&full-items=yes&marketplace=yes&flow=no,"<script src=""https://fareharbor.com/embeds/script/calendar/outtour/items/626700/?asn=fhdn-eur&asn-ref=alloutdooradventures&ref=alloutdooradventures&bookable-only=yes&full-items=yes&marketplace=yes&flow=no""></script>",https://fareharbor.com/embeds/book/outtour/items/626700/?asn=fhdn-eur&asn-ref=alloutdooradventures&ref=alloutdooradventures&bookable-only=yes&full-items=yes&marketplace=yes&flow=no,https://cdn.filestackcontent.com/zEINJpGsQ0qg5ycxWMb1
"Black Forest Magic - Schneesportschule, Kanu & Rafting & Outdoorschule",blackforestmagic,info@blackforestmagic.de,+49 7664 6137700,Germany/Baden-Württemberg/Riegel am Kaiserstuhl,7.756062,48.154438,628090,geführte Kanutour an der Alten Elz (Riegel bis Oberhausen),Canoe,4,45,0,https://fareharbor.com/embeds/calendar/blackforestmagic/items/628090/?asn=fhdn-eur&asn-ref=alloutdooradventures&ref=alloutdooradventures&bookable-only=yes&full-items=yes&marketplace=yes&flow=no,"<script src=""https://fareharbor.com/embeds/script/calendar/blackforestmagic/items/628090/?asn=fhdn-eur&asn-ref=alloutdooradventures&ref=alloutdooradventures&bookable-only=yes&full-items=yes&marketplace=yes&flow=no""></script>",https://fareharbor.com/embeds/book/blackforestmagic/items/628090/?asn=fhdn-eur&asn-ref=alloutdooradventures&ref=alloutdooradventures&bookable-only=yes&full-items=yes&marketplace=yes&flow=no,https://cdn.filestackcontent.com/Dwsvc6muQc2iIsNWpyC4
Elk Lake Resort,elklakeresortandmarina,reservations@elklakeresort.com,541-480-7378,United States/Oregon/Bend,,,631415,Canoes,Canoe,1,45,595,https://fareharbor.com/embeds/calendar/elklakeresortandmarina/items/631415/?asn=fhdn&asn-ref=alloutdooradventures&ref=alloutdooradventures&bookable-only=yes&full-items=yes&marketplace=yes&flow=no,"<script src=""https://fareharbor.com/embeds/script/calendar/elklakeresortandmarina/items/631415/?asn=fhdn&asn-ref=alloutdooradventures&ref=alloutdooradventures&bookable-only=yes&full-items=yes&marketplace=yes&flow=no""></script>",https://fareharbor.com/embeds/book/elklakeresortandmarina/items/631415/?asn=fhdn&asn-ref=alloutdooradventures&ref=alloutdooradventures&bookable-only=yes&full-items=yes&marketplace=yes&flow=no,https://cdn.filestackcontent.com/KO4kgjFMQrKngAagmvwT
Kanuuh,kanuuh,info@kanuuh.de,+49 08421 /2110,Germany/Bavaria/Treuchtlingen,10.911973,48.952059,631660,2 Tagestour Treuchtlingen-Dollnstein,Boat Rental-Boat Tour-Canoe-Self-Guided Tour-Water Activities,1,45,123,https://fareharbor.com/embeds/calendar/kanuuh/items/631660/?asn=fhdn-eur&asn-ref=alloutdooradventures&ref=alloutdooradventures&bookable-only=yes&full-items=yes&marketplace=yes&flow=no,"<script src=""https://fareharbor.com/embeds/script/calendar/kanuuh/items/631660/?asn=fhdn-eur&asn-ref=alloutdooradventures&ref=alloutdooradventures&bookable-only=yes&full-items=yes&marketplace=yes&flow=no""></script>",https://fareharbor.com/embeds/book/kanuuh/items/631660/?asn=fhdn-eur&asn-ref=alloutdooradventures&ref=alloutdooradventures&bookable-only=yes&full-items=yes&marketplace=yes&flow=no,https://cdn.filestackcontent.com/zfyn19SiSiisPUxNQMW9
Kanuuh,kanuuh,info@kanuuh.de,+49 08421 /2110,Germany/Bavaria/Treuchtlingen,10.911973,48.952059,631671,3 Tagestour Treuchtlingen-Eichstätt,Boat Rental-Boat Tour-Canoe-Self-Guided Tour-Water Activities,1,45,123,https://fareharbor.com/embeds/calendar/kanuuh/items/631671/?asn=fhdn-eur&asn-ref=alloutdooradventures&ref=alloutdooradventures&bookable-only=yes&full-items=yes&marketplace=yes&flow=no,"<script src=""https://fareharbor.com/embeds/script/calendar/kanuuh/items/631671/?asn=fhdn-eur&asn-ref=alloutdooradventures&ref=alloutdooradventures&bookable-only=yes&full-items=yes&marketplace=yes&flow=no""></script>",https://fareharbor.com/embeds/book/kanuuh/items/631671/?asn=fhdn-eur&asn-ref=alloutdooradventures&ref=alloutdooradventures&bookable-only=yes&full-items=yes&marketplace=yes&flow=no,https://cdn.filestackcontent.com/4nrcHiciScqfQ67to9Yj
Hetta Huskies,hettahuskies,info@hettahuskies.com,+358 40 353 2076,Finland/Lappi/Enontekiö,,,168003,Canoe Hire,Canoe,3,44,0,https://fareharbor.com/embeds/calendar/hettahuskies/items/168003/?asn=fhdn-eur&asn-ref=alloutdooradventures&ref=alloutdooradventures&bookable-only=yes&full-items=yes&marketplace=yes&flow=no,"<script src=""https://fareharbor.com/embeds/script/calendar/hettahuskies/items/168003/?asn=fhdn-eur&asn-ref=alloutdooradventures&ref=alloutdooradventures&bookable-only=yes&full-items=yes&marketplace=yes&flow=no""></script>",https://fareharbor.com/embeds/book/hettahuskies/items/168003/?asn=fhdn-eur&asn-ref=alloutdooradventures&ref=alloutdooradventures&bookable-only=yes&full-items=yes&marketplace=yes&flow=no,https://cdn.filestackcontent.com/gJXzKMOqTQCel7x0AdYy
Hetta Huskies,hettahuskies,info@hettahuskies.com,+358 40 353 2076,Finland/Lappi/Enontekiö,,,249245,Palojoki River,Boat Rental-Boat Tour-Canoe-Fishing-Transfer-Private-Transportation,3,44,0,https://fareharbor.com/embeds/calendar/hettahuskies/items/249245/?asn=fhdn-eur&asn-ref=alloutdooradventures&ref=alloutdooradventures&bookable-only=yes&full-items=yes&marketplace=yes&flow=no,"<script src=""https://fareharbor.com/embeds/script/calendar/hettahuskies/items/249245/?asn=fhdn-eur&asn-ref=alloutdooradventures&ref=alloutdooradventures&bookable-only=yes&full-items=yes&marketplace=yes&flow=no""></script>",https://fareharbor.com/embeds/book/hettahuskies/items/249245/?asn=fhdn-eur&asn-ref=alloutdooradventures&ref=alloutdooradventures&bookable-only=yes&full-items=yes&marketplace=yes&flow=no,https://cdn.filestackcontent.com/XfCBpRsS0qRXNjpEE0lA
Adventures by True North Ak,adventurealaska,reservations@adventurealaska.net,907 691 8909,United States/Alaska/Wasilla,-149.264477,61.620277,547928,"Kayak, Canoe, and SUP Rentals",Canoe-Kayak-SUP-Water Activities,1,44,0,https://fareharbor.com/embeds/calendar/adventurealaska/items/547928/?asn=fhdn&asn-ref=alloutdooradventures&ref=alloutdooradventures&bookable-only=yes&full-items=yes&marketplace=yes&flow=no,"<script src=""https://fareharbor.com/embeds/script/calendar/adventurealaska/items/547928/?asn=fhdn&asn-ref=alloutdooradventures&ref=alloutdooradventures&bookable-only=yes&full-items=yes&marketplace=yes&flow=no""></script>",https://fareharbor.com/embeds/book/adventurealaska/items/547928/?asn=fhdn&asn-ref=alloutdooradventures&ref=alloutdooradventures&bookable-only=yes&full-items=yes&marketplace=yes&flow=no,https://cdn.filestackcontent.com/TECVGECHQKNCAUh15YCa
Stand up Paddling Spreewald,sup-spree,sup-spreewald@gmx.de,+49 1723708075,Germany/Brandenburg/Burg (Spreewald),,,602129,Zweier Paddelboot,Canoe-SUP,1,44,720,https://fareharbor.com/embeds/calendar/sup-spree/items/602129/?asn=fhdn-eur&asn-ref=alloutdooradventures&ref=alloutdooradventures&bookable-only=yes&full-items=yes&marketplace=yes&flow=no,"<script src=""https://fareharbor.com/embeds/script/calendar/sup-spree/items/602129/?asn=fhdn-eur&asn-ref=alloutdooradventures&ref=alloutdooradventures&bookable-only=yes&full-items=yes&marketplace=yes&flow=no""></script>",https://fareharbor.com/embeds/book/sup-spree/items/602129/?asn=fhdn-eur&asn-ref=alloutdooradventures&ref=alloutdooradventures&bookable-only=yes&full-items=yes&marketplace=yes&flow=no,https://cdn.filestackcontent.com/Yxwn5JhmTx6J3875PVet
Finz Resort,finzresort,Manager@finzresort.com,(250) 675-3222,Canada/British Columbia/Blind Bay,,,614182,Canoe,Canoe,1,44,360,https://fareharbor.com/embeds/calendar/finzresort/items/614182/?asn=fhdn-cad&asn-ref=alloutdooradventures&ref=alloutdooradventures&bookable-only=yes&full-items=yes&marketplace=yes&flow=no,"<script src=""https://fareharbor.com/embeds/script/calendar/finzresort/items/614182/?asn=fhdn-cad&asn-ref=alloutdooradventures&ref=alloutdooradventures&bookable-only=yes&full-items=yes&marketplace=yes&flow=no""></script>",https://fareharbor.com/embeds/book/finzresort/items/614182/?asn=fhdn-cad&asn-ref=alloutdooradventures&ref=alloutdooradventures&bookable-only=yes&full-items=yes&marketplace=yes&flow=no,https://cdn.filestackcontent.com/oMRZvjbSnmkVykfsCJSr
Blackwater Joe's,blackwaterjoescanoes,blackwaterjoescanoes@gmail.com,850-803-2267,United States/Florida/Holt,,,626504,Canoe Rentals,Canoe,1,44,1440,https://fareharbor.com/embeds/calendar/blackwaterjoescanoes/items/626504/?asn=fhdn&asn-ref=alloutdooradventures&ref=alloutdooradventures&bookable-only=yes&full-items=yes&marketplace=yes&flow=no,"<script src=""https://fareharbor.com/embeds/script/calendar/blackwaterjoescanoes/items/626504/?asn=fhdn&asn-ref=alloutdooradventures&ref=alloutdooradventures&bookable-only=yes&full-items=yes&marketplace=yes&flow=no""></script>",https://fareharbor.com/embeds/book/blackwaterjoescanoes/items/626504/?asn=fhdn&asn-ref=alloutdooradventures&ref=alloutdooradventures&bookable-only=yes&full-items=yes&marketplace=yes&flow=no,https://cdn.filestackcontent.com/vhSMk4KVRmcrwvpRWcvK
Loopy's,723loop,loopykleich@gmail.com,715-723-5667,United States/Wisconsin/Chippewa Falls,,,637226,Canoe Rentals,Canoe,1,44,548,https://fareharbor.com/embeds/calendar/723loop/items/637226/?asn=fhdn&asn-ref=alloutdooradventures&ref=alloutdooradventures&bookable-only=yes&full-items=yes&marketplace=yes&flow=no,"<script src=""https://fareharbor.com/embeds/script/calendar/723loop/items/637226/?asn=fhdn&asn-ref=alloutdooradventures&ref=alloutdooradventures&bookable-only=yes&full-items=yes&marketplace=yes&flow=no""></script>",https://fareharbor.com/embeds/book/723loop/items/637226/?asn=fhdn&asn-ref=alloutdooradventures&ref=alloutdooradventures&bookable-only=yes&full-items=yes&marketplace=yes&flow=no,https://cdn.filestackcontent.com/gNIjqJbpTeCZ6ox5nhV0
Anderson's Outdoor Adventures,aoafun,adventure@aoafun.com,352 507 0059,United States/Florida/High Springs,-82.681201,29.827584,646230,Clear Kayak Tours at Gilchrist Blue,Canoe-Eco Tour-Guided Tour-Kayak-Snorkel-Water Activities-Wildlife,1,44,0,https://fareharbor.com/embeds/calendar/aoafun/items/646230/?asn=fhdn&asn-ref=alloutdooradventures&ref=alloutdooradventures&bookable-only=yes&full-items=yes&marketplace=yes&flow=no,"<script src=""https://fareharbor.com/embeds/script/calendar/aoafun/items/646230/?asn=fhdn&asn-ref=alloutdooradventures&ref=alloutdooradventures&bookable-only=yes&full-items=yes&marketplace=yes&flow=no""></script>",https://fareharbor.com/embeds/book/aoafun/items/646230/?asn=fhdn&asn-ref=alloutdooradventures&ref=alloutdooradventures&bookable-only=yes&full-items=yes&marketplace=yes&flow=no,https://cdn.filestackcontent.com/txErU4lHSuhm7FZo1cTA
Manistee Adventures,manisteeadventures,funk48@aol.com,231-233-3265,United States/Michigan/Manistee,,,678904,Canoe Rentals on Big Manistee River,Canoe-Water Activities,1,44,930,https://fareharbor.com/embeds/calendar/manisteeadventures/items/678904/?asn=fhdn&asn-ref=alloutdooradventures&ref=alloutdooradventures&bookable-only=yes&full-items=yes&marketplace=yes&flow=no,"<script src=""https://fareharbor.com/embeds/script/calendar/manisteeadventures/items/678904/?asn=fhdn&asn-ref=alloutdooradventures&ref=alloutdooradventures&bookable-only=yes&full-items=yes&marketplace=yes&flow=no""></script>",https://fareharbor.com/embeds/book/manisteeadventures/items/678904/?asn=fhdn&asn-ref=alloutdooradventures&ref=alloutdooradventures&bookable-only=yes&full-items=yes&marketplace=yes&flow=no,https://cdn.filestackcontent.com/gSVLa4CQiGdW00dujDkJ
Manistee Adventures,manisteeadventures,funk48@aol.com,231-233-3265,United States/Michigan/Manistee,,,679123,Canoe Rentals on Little Manistee River,Canoe-Rentals,1,44,651,https://fareharbor.com/embeds/calendar/manisteeadventures/items/679123/?asn=fhdn&asn-ref=alloutdooradventures&ref=alloutdooradventures&bookable-only=yes&full-items=yes&marketplace=yes&flow=no,"<script src=""https://fareharbor.com/embeds/script/calendar/manisteeadventures/items/679123/?asn=fhdn&asn-ref=alloutdooradventures&ref=alloutdooradventures&bookable-only=yes&full-items=yes&marketplace=yes&flow=no""></script>",https://fareharbor.com/embeds/book/manisteeadventures/items/679123/?asn=fhdn&asn-ref=alloutdooradventures&ref=alloutdooradventures&bookable-only=yes&full-items=yes&marketplace=yes&flow=no,https://cdn.filestackcontent.com/nX7LuhWSCfPr5ypoATMw
Manistee Adventures,manisteeadventures,funk48@aol.com,231-233-3265,United States/Michigan/Manistee,,,679195,Canoe Short & Long Term Rentals,Canoe-Rentals,1,44,744,https://fareharbor.com/embeds/calendar/manisteeadventures/items/679195/?asn=fhdn&asn-ref=alloutdooradventures&ref=alloutdooradventures&bookable-only=yes&full-items=yes&marketplace=yes&flow=no,"<script src=""https://fareharbor.com/embeds/script/calendar/manisteeadventures/items/679195/?asn=fhdn&asn-ref=alloutdooradventures&ref=alloutdooradventures&bookable-only=yes&full-items=yes&marketplace=yes&flow=no""></script>",https://fareharbor.com/embeds/book/manisteeadventures/items/679195/?asn=fhdn&asn-ref=alloutdooradventures&ref=alloutdooradventures&bookable-only=yes&full-items=yes&marketplace=yes&flow=no,https://cdn.filestackcontent.com/CB6Mtwj7QwKTb5wK10RF
Wilderness Inquiry,wildernessinquiry,registrations@wildernessinquiry.org,612-676-9400,United States/Minnesota/Ely,,,700158,Eric Test Yosemite Trip,Attraction-Axe Throwing-Boat Tour-Canoe-Cooking Class-Dolphin-Escape Room-Food Tour-Laser Tag-Northern Lights Tour-Photography Tour-Roller Skating-Sightseeing Tour-Snowmobile-SUP-Water Activities-Wildlife-Winery-Wine-Winter Activities,1,44,3,https://fareharbor.com/embeds/calendar/wildernessinquiry/items/700158/?asn=fhdn&asn-ref=alloutdooradventures&ref=alloutdooradventures&bookable-only=yes&full-items=yes&marketplace=yes&flow=no,"<script src=""https://fareharbor.com/embeds/script/calendar/wildernessinquiry/items/700158/?asn=fhdn&asn-ref=alloutdooradventures&ref=alloutdooradventures&bookable-only=yes&full-items=yes&marketplace=yes&flow=no""></script>",https://fareharbor.com/embeds/book/wildernessinquiry/items/700158/?asn=fhdn&asn-ref=alloutdooradventures&ref=alloutdooradventures&bookable-only=yes&full-items=yes&marketplace=yes&flow=no,https://cdn.filestackcontent.com/0CNbFa1LRkGcCdtOhkAy
The Murchison Experience,themurchisonexperience,themurchisonexperience@gmail.com,439929141,Australia/Western Australia/Kalbarri,,,246503,Afternoon Glow,Canoe,2,43,92,https://fareharbor.com/embeds/calendar/themurchisonexperience/items/246503/?asn=fhdn-aud&asn-ref=alloutdooradventures&ref=alloutdooradventures&bookable-only=yes&full-items=yes&marketplace=yes&flow=no,"<script src=""https://fareharbor.com/embeds/script/calendar/themurchisonexperience/items/246503/?asn=fhdn-aud&asn-ref=alloutdooradventures&ref=alloutdooradventures&bookable-only=yes&full-items=yes&marketplace=yes&flow=no""></script>",https://fareharbor.com/embeds/book/themurchisonexperience/items/246503/?asn=fhdn-aud&asn-ref=alloutdooradventures&ref=alloutdooradventures&bookable-only=yes&full-items=yes&marketplace=yes&flow=no,https://cdn.filestackcontent.com/dmmuSR8QPGIivwewDTPK
Hetta Huskies,hettahuskies,info@hettahuskies.com,+358 40 353 2076,Finland/Lappi/Enontekiö,,,319120,Guided Suonttajoki River & Lake Ounasjärvi Openwater Paddle,Boat Tour-Canoe-Farm-Kayak,2,43,0,https://fareharbor.com/embeds/calendar/hettahuskies/items/319120/?asn=fhdn-eur&asn-ref=alloutdooradventures&ref=alloutdooradventures&bookable-only=yes&full-items=yes&marketplace=yes&flow=no,"<script src=""https://fareharbor.com/embeds/script/calendar/hettahuskies/items/319120/?asn=fhdn-eur&asn-ref=alloutdooradventures&ref=alloutdooradventures&bookable-only=yes&full-items=yes&marketplace=yes&flow=no""></script>",https://fareharbor.com/embeds/book/hettahuskies/items/319120/?asn=fhdn-eur&asn-ref=alloutdooradventures&ref=alloutdooradventures&bookable-only=yes&full-items=yes&marketplace=yes&flow=no,https://cdn.filestackcontent.com/7CGyFaF7QpWlly3vwcBw
Lakeshore Kayak Rental,lakeshorekayakrental,lakeshorekayak@gmail.com,16165661325,United States/Michigan/Spring Lake,,,616226,Canoe - 3 Person,Canoe,1,43,1683,https://fareharbor.com/embeds/calendar/lakeshorekayakrental/items/616226/?asn=fhdn&asn-ref=alloutdooradventures&ref=alloutdooradventures&bookable-only=yes&full-items=yes&marketplace=yes&flow=no,"<script src=""https://fareharbor.com/embeds/script/calendar/lakeshorekayakrental/items/616226/?asn=fhdn&asn-ref=alloutdooradventures&ref=alloutdooradventures&bookable-only=yes&full-items=yes&marketplace=yes&flow=no""></script>",https://fareharbor.com/embeds/book/lakeshorekayakrental/items/616226/?asn=fhdn&asn-ref=alloutdooradventures&ref=alloutdooradventures&bookable-only=yes&full-items=yes&marketplace=yes&flow=no,https://cdn.filestackcontent.com/DmWUGCfXRxysq8f0S7xY
National Harbor,boatingindc-nationalharbor,dcboatinginfo@guestservices.com,202-337-9642,United States/Maryland/Oxon Hill,,,617105,Rental - Canoe at National Harbor,Boat Rental-Canoe-Kayak-Rentals-Water Activities-Wildlife,1,43,1625,https://fareharbor.com/embeds/calendar/boatingindc-nationalharbor/items/617105/?asn=fhdn&asn-ref=alloutdooradventures&ref=alloutdooradventures&bookable-only=yes&full-items=yes&marketplace=yes&flow=no,"<script src=""https://fareharbor.com/embeds/script/calendar/boatingindc-nationalharbor/items/617105/?asn=fhdn&asn-ref=alloutdooradventures&ref=alloutdooradventures&bookable-only=yes&full-items=yes&marketplace=yes&flow=no""></script>",https://fareharbor.com/embeds/book/boatingindc-nationalharbor/items/617105/?asn=fhdn&asn-ref=alloutdooradventures&ref=alloutdooradventures&bookable-only=yes&full-items=yes&marketplace=yes&flow=no,https://cdn.filestackcontent.com/vWGWZL1RTKcXoIJM4KfZ
Wanderer Kanu Rad & Reisen,naturdorf-eickhof,naturdorf-eickhof@email.de,+49 3846220419,Germany/Mecklenburg-Vorpommern/Warnow,,,625829,Kanutour im Durchbruchstal - Wilde Warnow,Canoe,1,43,540,https://fareharbor.com/embeds/calendar/naturdorf-eickhof/items/625829/?asn=fhdn-eur&asn-ref=alloutdooradventures&ref=alloutdooradventures&bookable-only=yes&full-items=yes&marketplace=yes&flow=no,"<script src=""https://fareharbor.com/embeds/script/calendar/naturdorf-eickhof/items/625829/?asn=fhdn-eur&asn-ref=alloutdooradventures&ref=alloutdooradventures&bookable-only=yes&full-items=yes&marketplace=yes&flow=no""></script>",https://fareharbor.com/embeds/book/naturdorf-eickhof/items/625829/?asn=fhdn-eur&asn-ref=alloutdooradventures&ref=alloutdooradventures&bookable-only=yes&full-items=yes&marketplace=yes&flow=no,https://cdn.filestackcontent.com/Z7xBZFPVTBudmZ6R1AdO
Centennial Canoe Outfitters,centennialcanoe,Info@centennialcanoe.com,7202830553,United States/Colorado,,,677559,1 Day Rentals,Canoe,1,43,180,https://fareharbor.com/embeds/calendar/centennialcanoe/items/677559/?asn=fhdn&asn-ref=alloutdooradventures&ref=alloutdooradventures&bookable-only=yes&full-items=yes&marketplace=yes&flow=no,"<script src=""https://fareharbor.com/embeds/script/calendar/centennialcanoe/items/677559/?asn=fhdn&asn-ref=alloutdooradventures&ref=alloutdooradventures&bookable-only=yes&full-items=yes&marketplace=yes&flow=no""></script>",https://fareharbor.com/embeds/book/centennialcanoe/items/677559/?asn=fhdn&asn-ref=alloutdooradventures&ref=alloutdooradventures&bookable-only=yes&full-items=yes&marketplace=yes&flow=no,https://cdn.filestackcontent.com/VQySmRsBQhGhkYlIHP7I
Centennial Canoe Outfitters,centennialcanoe,Info@centennialcanoe.com,7202830553,United States/Colorado,,,678134,2 Day Rentals,Canoe,1,43,180,https://fareharbor.com/embeds/calendar/centennialcanoe/items/678134/?asn=fhdn&asn-ref=alloutdooradventures&ref=alloutdooradventures&bookable-only=yes&full-items=yes&marketplace=yes&flow=no,"<script src=""https://fareharbor.com/embeds/script/calendar/centennialcanoe/items/678134/?asn=fhdn&asn-ref=alloutdooradventures&ref=alloutdooradventures&bookable-only=yes&full-items=yes&marketplace=yes&flow=no""></script>",https://fareharbor.com/embeds/book/centennialcanoe/items/678134/?asn=fhdn&asn-ref=alloutdooradventures&ref=alloutdooradventures&bookable-only=yes&full-items=yes&marketplace=yes&flow=no,https://cdn.filestackcontent.com/AZ1qd5B3SFqYNPV5sm7m
Centennial Canoe Outfitters,centennialcanoe,Info@centennialcanoe.com,7202830553,United States/Colorado,,,678136,3 Day Rentals,Canoe,1,43,180,https://fareharbor.com/embeds/calendar/centennialcanoe/items/678136/?asn=fhdn&asn-ref=alloutdooradventures&ref=alloutdooradventures&bookable-only=yes&full-items=yes&marketplace=yes&flow=no,"<script src=""https://fareharbor.com/embeds/script/calendar/centennialcanoe/items/678136/?asn=fhdn&asn-ref=alloutdooradventures&ref=alloutdooradventures&bookable-only=yes&full-items=yes&marketplace=yes&flow=no""></script>",https://fareharbor.com/embeds/book/centennialcanoe/items/678136/?asn=fhdn&asn-ref=alloutdooradventures&ref=alloutdooradventures&bookable-only=yes&full-items=yes&marketplace=yes&flow=no,https://cdn.filestackcontent.com/brodhMRcSZ6IoZ8fz5fx
Centennial Canoe Outfitters,centennialcanoe,Info@centennialcanoe.com,7202830553,United States/Colorado,,,678137,4 Day Rentals,Canoe,1,43,180,https://fareharbor.com/embeds/calendar/centennialcanoe/items/678137/?asn=fhdn&asn-ref=alloutdooradventures&ref=alloutdooradventures&bookable-only=yes&full-items=yes&marketplace=yes&flow=no,"<script src=""https://fareharbor.com/embeds/script/calendar/centennialcanoe/items/678137/?asn=fhdn&asn-ref=alloutdooradventures&ref=alloutdooradventures&bookable-only=yes&full-items=yes&marketplace=yes&flow=no""></script>",https://fareharbor.com/embeds/book/centennialcanoe/items/678137/?asn=fhdn&asn-ref=alloutdooradventures&ref=alloutdooradventures&bookable-only=yes&full-items=yes&marketplace=yes&flow=no,https://cdn.filestackcontent.com/7Cp3JSrbQmG5cKvL3Eyl
Centennial Canoe Outfitters,centennialcanoe,Info@centennialcanoe.com,7202830553,United States/Colorado,,,678140,5 Day Rentals,Canoe,1,43,180,https://fareharbor.com/embeds/calendar/centennialcanoe/items/678140/?asn=fhdn&asn-ref=alloutdooradventures&ref=alloutdooradventures&bookable-only=yes&full-items=yes&marketplace=yes&flow=no,"<script src=""https://fareharbor.com/embeds/script/calendar/centennialcanoe/items/678140/?asn=fhdn&asn-ref=alloutdooradventures&ref=alloutdooradventures&bookable-only=yes&full-items=yes&marketplace=yes&flow=no""></script>",https://fareharbor.com/embeds/book/centennialcanoe/items/678140/?asn=fhdn&asn-ref=alloutdooradventures&ref=alloutdooradventures&bookable-only=yes&full-items=yes&marketplace=yes&flow=no,https://cdn.filestackcontent.com/H7e2ztFNQCySWTz2Ak7a
Lek Mer,lekmer,info@lekmer.nu,46(0) 8-32 00 61,Sweden/Stockholms län/Solna,18.004338,59.343558,693976,Paddling 8 timmar – Välj Kajak eller SUP (Pampas),Canoe-Kayak-Rentals-Self-Guided Tour-SUP-Water Activities,1,43,749,https://fareharbor.com/embeds/calendar/lekmer/items/693976/?asn=fhdn-sek&asn-ref=alloutdooradventures&ref=alloutdooradventures&bookable-only=yes&full-items=yes&marketplace=yes&flow=no,"<script src=""https://fareharbor.com/embeds/script/calendar/lekmer/items/693976/?asn=fhdn-sek&asn-ref=alloutdooradventures&ref=alloutdooradventures&bookable-only=yes&full-items=yes&marketplace=yes&flow=no""></script>",https://fareharbor.com/embeds/book/lekmer/items/693976/?asn=fhdn-sek&asn-ref=alloutdooradventures&ref=alloutdooradventures&bookable-only=yes&full-items=yes&marketplace=yes&flow=no,https://cdn.filestackcontent.com/toz0IoZQkGP2ivN6g8JQ
Hawaiian Ocean Sports,hawaiianoceansports,ashley@hawaiianoceansports.com,808-633-2800,United States/Hawaii/Wailea-Makena,,,18870,Hawaiian Outrigger Canoe Cultural and Turtle Tour,Canoe,2,42,900,https://fareharbor.com/embeds/calendar/hawaiianoceansports/items/18870/?asn=fhdn&asn-ref=alloutdooradventures&ref=alloutdooradventures&bookable-only=yes&full-items=yes&marketplace=yes&flow=no,"<script src=""https://fareharbor.com/embeds/script/calendar/hawaiianoceansports/items/18870/?asn=fhdn&asn-ref=alloutdooradventures&ref=alloutdooradventures&bookable-only=yes&full-items=yes&marketplace=yes&flow=no""></script>",https://fareharbor.com/embeds/book/hawaiianoceansports/items/18870/?asn=fhdn&asn-ref=alloutdooradventures&ref=alloutdooradventures&bookable-only=yes&full-items=yes&marketplace=yes&flow=no,https://www.filepicker.io/api/file/tkvz1uANRlacLo6L0WYk
Granta Moorings,puntingincambridge,hello@paddle.co,(+44)01223301845,United Kingdom/England/Cambridge,,,168443,Canoe Rental - ALL SEASONS,Canoe,2,42,2482,https://fareharbor.com/embeds/calendar/puntingincambridge/items/168443/?asn=fhdn-gbp&asn-ref=alloutdooradventures&ref=alloutdooradventures&bookable-only=yes&full-items=yes&marketplace=yes&flow=no,"<script src=""https://fareharbor.com/embeds/script/calendar/puntingincambridge/items/168443/?asn=fhdn-gbp&asn-ref=alloutdooradventures&ref=alloutdooradventures&bookable-only=yes&full-items=yes&marketplace=yes&flow=no""></script>",https://fareharbor.com/embeds/book/puntingincambridge/items/168443/?asn=fhdn-gbp&asn-ref=alloutdooradventures&ref=alloutdooradventures&bookable-only=yes&full-items=yes&marketplace=yes&flow=no,https://cdn.filestackcontent.com/KyJAML5QrqfWqR2opdtN
Narooma Marina,naroomamarina,info@naroomamarina.com.au,0448773414,Australia/New South Wales/Narooma,,,274033,Canoe Hire,Canoe,2,42,998,https://fareharbor.com/embeds/calendar/naroomamarina/items/274033/?asn=fhdn-aud&asn-ref=alloutdooradventures&ref=alloutdooradventures&bookable-only=yes&full-items=yes&marketplace=yes&flow=no,"<script src=""https://fareharbor.com/embeds/script/calendar/naroomamarina/items/274033/?asn=fhdn-aud&asn-ref=alloutdooradventures&ref=alloutdooradventures&bookable-only=yes&full-items=yes&marketplace=yes&flow=no""></script>",https://fareharbor.com/embeds/book/naroomamarina/items/274033/?asn=fhdn-aud&asn-ref=alloutdooradventures&ref=alloutdooradventures&bookable-only=yes&full-items=yes&marketplace=yes&flow=no,https://cdn.filestackcontent.com/bSm98e5URxCTNtLAJlcr
Beyond Adventure,beyondadventure,email@beyondadventure.co.uk,01887 829 202,United Kingdom/Scotland/Riverside,,,613609,Canoe Half Day Discover Tour,Canoe,1,42,53,https://fareharbor.com/embeds/calendar/beyondadventure/items/613609/?asn=fhdn-gbp&asn-ref=alloutdooradventures&ref=alloutdooradventures&bookable-only=yes&full-items=yes&marketplace=yes&flow=no,"<script src=""https://fareharbor.com/embeds/script/calendar/beyondadventure/items/613609/?asn=fhdn-gbp&asn-ref=alloutdooradventures&ref=alloutdooradventures&bookable-only=yes&full-items=yes&marketplace=yes&flow=no""></script>",https://fareharbor.com/embeds/book/beyondadventure/items/613609/?asn=fhdn-gbp&asn-ref=alloutdooradventures&ref=alloutdooradventures&bookable-only=yes&full-items=yes&marketplace=yes&flow=no,https://cdn.filestackcontent.com/VZRoqoDiRZyIgHvGOWfd
Beyond Adventure,beyondadventure,email@beyondadventure.co.uk,01887 829 202,United Kingdom/Scotland/Banavie,-5.096889,56.845538,614005,Great Glen Way Expedition,Canoe,1,42,0,https://fareharbor.com/embeds/calendar/beyondadventure/items/614005/?asn=fhdn-gbp&asn-ref=alloutdooradventures&ref=alloutdooradventures&bookable-only=yes&full-items=yes&marketplace=yes&flow=no,"<script src=""https://fareharbor.com/embeds/script/calendar/beyondadventure/items/614005/?asn=fhdn-gbp&asn-ref=alloutdooradventures&ref=alloutdooradventures&bookable-only=yes&full-items=yes&marketplace=yes&flow=no""></script>",https://fareharbor.com/embeds/book/beyondadventure/items/614005/?asn=fhdn-gbp&asn-ref=alloutdooradventures&ref=alloutdooradventures&bookable-only=yes&full-items=yes&marketplace=yes&flow=no,https://cdn.filestackcontent.com/b2msPyYRMusZytI4xYZM
Beyond Adventure,beyondadventure,email@beyondadventure.co.uk,01887 829 202,United Kingdom/Scotland/Aviemore,-3.829187,57.187622,614010,The Spey Descent Expedition,Canoe,1,42,0,https://fareharbor.com/embeds/calendar/beyondadventure/items/614010/?asn=fhdn-gbp&asn-ref=alloutdooradventures&ref=alloutdooradventures&bookable-only=yes&full-items=yes&marketplace=yes&flow=no,"<script src=""https://fareharbor.com/embeds/script/calendar/beyondadventure/items/614010/?asn=fhdn-gbp&asn-ref=alloutdooradventures&ref=alloutdooradventures&bookable-only=yes&full-items=yes&marketplace=yes&flow=no""></script>",https://fareharbor.com/embeds/book/beyondadventure/items/614010/?asn=fhdn-gbp&asn-ref=alloutdooradventures&ref=alloutdooradventures&bookable-only=yes&full-items=yes&marketplace=yes&flow=no,https://cdn.filestackcontent.com/6Na4BqbRT6aMf9uJvZRc
"Black Forest Magic - Schneesportschule, Kanu & Rafting & Outdoorschule",blackforestmagic,info@blackforestmagic.de,+49 7664 6137700,Germany/Baden-Württemberg/Bad Bellingen,7.549946,47.731662,628392,geführte Kajaktour am Altrhein (Bad Bellingen bis Grissheim),Canoe,3,42,0,https://fareharbor.com/embeds/calendar/blackforestmagic/items/628392/?asn=fhdn-eur&asn-ref=alloutdooradventures&ref=alloutdooradventures&bookable-only=yes&full-items=yes&marketplace=yes&flow=no,"<script src=""https://fareharbor.com/embeds/script/calendar/blackforestmagic/items/628392/?asn=fhdn-eur&asn-ref=alloutdooradventures&ref=alloutdooradventures&bookable-only=yes&full-items=yes&marketplace=yes&flow=no""></script>",https://fareharbor.com/embeds/book/blackforestmagic/items/628392/?asn=fhdn-eur&asn-ref=alloutdooradventures&ref=alloutdooradventures&bookable-only=yes&full-items=yes&marketplace=yes&flow=no,https://cdn.filestackcontent.com/Eb3vlY9CS4uATvRasBNz
Songhees Tours Inc.,songheestours,message@songheestours.com,778-584-4748,Canada/British Columbia/Victoria,-123.368938,48.422866,640677,Pəlat̓ᶱəs Tour - Canoe Tour,Canoe,1,42,43,https://fareharbor.com/embeds/calendar/songheestours/items/640677/?asn=fhdn-cad&asn-ref=alloutdooradventures&ref=alloutdooradventures&bookable-only=yes&full-items=yes&marketplace=yes&flow=no,"<script src=""https://fareharbor.com/embeds/script/calendar/songheestours/items/640677/?asn=fhdn-cad&asn-ref=alloutdooradventures&ref=alloutdooradventures&bookable-only=yes&full-items=yes&marketplace=yes&flow=no""></script>",https://fareharbor.com/embeds/book/songheestours/items/640677/?asn=fhdn-cad&asn-ref=alloutdooradventures&ref=alloutdooradventures&bookable-only=yes&full-items=yes&marketplace=yes&flow=no,https://cdn.filestackcontent.com/pAQrkilTuy31ghkmbYHC
Hetta Huskies,hettahuskies,info@hettahuskies.com,+358 40 353 2076,Finland/Lappi/Enontekiö,,,249240,Guided Lake Muotkajärvi - Lake Ounasjärvi Paddle,Canoe,2,41,0,https://fareharbor.com/embeds/calendar/hettahuskies/items/249240/?asn=fhdn-eur&asn-ref=alloutdooradventures&ref=alloutdooradventures&bookable-only=yes&full-items=yes&marketplace=yes&flow=no,"<script src=""https://fareharbor.com/embeds/script/calendar/hettahuskies/items/249240/?asn=fhdn-eur&asn-ref=alloutdooradventures&ref=alloutdooradventures&bookable-only=yes&full-items=yes&marketplace=yes&flow=no""></script>",https://fareharbor.com/embeds/book/hettahuskies/items/249240/?asn=fhdn-eur&asn-ref=alloutdooradventures&ref=alloutdooradventures&bookable-only=yes&full-items=yes&marketplace=yes&flow=no,https://cdn.filestackcontent.com/u95uDmL0Qd6gVGJLpOA7
Hawaiian Ocean Sports,hawaiianoceansports,ashley@hawaiianoceansports.com,808-633-2800,United States/Hawaii/Wailea-Makena,,,404127,Tommy Bahama Beach Chair,Canoe,2,41,180,https://fareharbor.com/embeds/calendar/hawaiianoceansports/items/404127/?asn=fhdn&asn-ref=alloutdooradventures&ref=alloutdooradventures&bookable-only=yes&full-items=yes&marketplace=yes&flow=no,"<script src=""https://fareharbor.com/embeds/script/calendar/hawaiianoceansports/items/404127/?asn=fhdn&asn-ref=alloutdooradventures&ref=alloutdooradventures&bookable-only=yes&full-items=yes&marketplace=yes&flow=no""></script>",https://fareharbor.com/embeds/book/hawaiianoceansports/items/404127/?asn=fhdn&asn-ref=alloutdooradventures&ref=alloutdooradventures&bookable-only=yes&full-items=yes&marketplace=yes&flow=no,https://cdn.filestackcontent.com/wqdQ5nSuTXJeXhBs6MCQ
Biggar Adventure,biggaradventure,craig@biggaradventure.co.uk,+447834871575,United Kingdom/Scotland/Peebles,,,502749,River Tweed Canoe Dawyck - Peebles,Canoe,1,41,83,https://fareharbor.com/embeds/calendar/biggaradventure/items/502749/?asn=fhdn-gbp&asn-ref=alloutdooradventures&ref=alloutdooradventures&bookable-only=yes&full-items=yes&marketplace=yes&flow=no,"<script src=""https://fareharbor.com/embeds/script/calendar/biggaradventure/items/502749/?asn=fhdn-gbp&asn-ref=alloutdooradventures&ref=alloutdooradventures&bookable-only=yes&full-items=yes&marketplace=yes&flow=no""></script>",https://fareharbor.com/embeds/book/biggaradventure/items/502749/?asn=fhdn-gbp&asn-ref=alloutdooradventures&ref=alloutdooradventures&bookable-only=yes&full-items=yes&marketplace=yes&flow=no,https://cdn.filestackcontent.com/ukYwNqSRla8wjOH7kXJ7
Wolastoq Cycling,wolastoqcycling,jamie@wolastoqcycling.repair,(506) 962 9255,Canada/New Brunswick/Woodstock First Nation,,,672796,3 Hour Rentals,Bike Rental-Canoe-E-Bike-Kayak,1,41,279,https://fareharbor.com/embeds/calendar/wolastoqcycling/items/672796/?asn=fhdn-cad&asn-ref=alloutdooradventures&ref=alloutdooradventures&bookable-only=yes&full-items=yes&marketplace=yes&flow=no,"<script src=""https://fareharbor.com/embeds/script/calendar/wolastoqcycling/items/672796/?asn=fhdn-cad&asn-ref=alloutdooradventures&ref=alloutdooradventures&bookable-only=yes&full-items=yes&marketplace=yes&flow=no""></script>",https://fareharbor.com/embeds/book/wolastoqcycling/items/672796/?asn=fhdn-cad&asn-ref=alloutdooradventures&ref=alloutdooradventures&bookable-only=yes&full-items=yes&marketplace=yes&flow=no,https://cdn.filestackcontent.com/57RhCRkaTN2izsrbmAtw
Assateague Outfitters,assateagueoutfitters,assateagueoutfitters@gmail.com,410-656-9453,United States/Maryland/Berlin,-75.217689,38.322615,238739,After 4 Rental,Canoe-SUP,0,40,0,https://fareharbor.com/embeds/calendar/assateagueoutfitters/items/238739/?asn=fhdn&asn-ref=alloutdooradventures&ref=alloutdooradventures&bookable-only=yes&full-items=yes&marketplace=yes&flow=no,"<script src=""https://fareharbor.com/embeds/script/calendar/assateagueoutfitters/items/238739/?asn=fhdn&asn-ref=alloutdooradventures&ref=alloutdooradventures&bookable-only=yes&full-items=yes&marketplace=yes&flow=no""></script>",https://fareharbor.com/embeds/book/assateagueoutfitters/items/238739/?asn=fhdn&asn-ref=alloutdooradventures&ref=alloutdooradventures&bookable-only=yes&full-items=yes&marketplace=yes&flow=no,
Adventure Explorations,adventureexplorations,info@adventureexplorations.com,888-238-3975,United States/Pennsylvania/Hershey,,,389693,Kayaking Float Trip,Canoe,4,40,0,https://fareharbor.com/embeds/calendar/adventureexplorations/items/389693/?asn=fhdn&asn-ref=alloutdooradventures&ref=alloutdooradventures&bookable-only=yes&full-items=yes&marketplace=yes&flow=no,"<script src=""https://fareharbor.com/embeds/script/calendar/adventureexplorations/items/389693/?asn=fhdn&asn-ref=alloutdooradventures&ref=alloutdooradventures&bookable-only=yes&full-items=yes&marketplace=yes&flow=no""></script>",https://fareharbor.com/embeds/book/adventureexplorations/items/389693/?asn=fhdn&asn-ref=alloutdooradventures&ref=alloutdooradventures&bookable-only=yes&full-items=yes&marketplace=yes&flow=no,https://cdn.filestackcontent.com/ALRi2TEOTdLuZvj30oA8
Alaska & Yukon Tours,alaskayukontours,info@bookayt.net,+1 907-531-9140,United States/Alaska/Skagway,-135.318691,59.453462,393719,Glacier Point Wilderness Safari,Boat Tour-Canoe-Hiking-Shuttle-Transportation,5,40,0,https://fareharbor.com/embeds/calendar/alaskayukontours/items/393719/?asn=fhdn&asn-ref=alloutdooradventures&ref=alloutdooradventures&bookable-only=yes&full-items=yes&marketplace=yes&flow=no,"<script src=""https://fareharbor.com/embeds/script/calendar/alaskayukontours/items/393719/?asn=fhdn&asn-ref=alloutdooradventures&ref=alloutdooradventures&bookable-only=yes&full-items=yes&marketplace=yes&flow=no""></script>",https://fareharbor.com/embeds/book/alaskayukontours/items/393719/?asn=fhdn&asn-ref=alloutdooradventures&ref=alloutdooradventures&bookable-only=yes&full-items=yes&marketplace=yes&flow=no,https://cdn.filestackcontent.com/OvvqzsplTf6JpTJ92cPf
Liquid Logistics,liquidlogistics,steve@liquidlogistics.co.uk,07391 022714,United Kingdom/England/Beaulieu,-1.441056,50.810026,603627,Sea Kayaking Introduction,Canoe,1,40,12,https://fareharbor.com/embeds/calendar/liquidlogistics/items/603627/?asn=fhdn-gbp&asn-ref=alloutdooradventures&ref=alloutdooradventures&bookable-only=yes&full-items=yes&marketplace=yes&flow=no,"<script src=""https://fareharbor.com/embeds/script/calendar/liquidlogistics/items/603627/?asn=fhdn-gbp&asn-ref=alloutdooradventures&ref=alloutdooradventures&bookable-only=yes&full-items=yes&marketplace=yes&flow=no""></script>",https://fareharbor.com/embeds/book/liquidlogistics/items/603627/?asn=fhdn-gbp&asn-ref=alloutdooradventures&ref=alloutdooradventures&bookable-only=yes&full-items=yes&marketplace=yes&flow=no,https://cdn.filestackcontent.com/q88smWZERKWG9ZERcrtL
Hawaiian Ocean Sports,hawaiianoceansports,ashley@hawaiianoceansports.com,808-633-2800,United States/Hawaii/Wailea-Makena,,,18953,Hawaiian Outrigger Canoe Snorkel Tour,Canoe-Snorkel,1,39,720,https://fareharbor.com/embeds/calendar/hawaiianoceansports/items/18953/?asn=fhdn&asn-ref=alloutdooradventures&ref=alloutdooradventures&bookable-only=yes&full-items=yes&marketplace=yes&flow=no,"<script src=""https://fareharbor.com/embeds/script/calendar/hawaiianoceansports/items/18953/?asn=fhdn&asn-ref=alloutdooradventures&ref=alloutdooradventures&bookable-only=yes&full-items=yes&marketplace=yes&flow=no""></script>",https://fareharbor.com/embeds/book/hawaiianoceansports/items/18953/?asn=fhdn&asn-ref=alloutdooradventures&ref=alloutdooradventures&bookable-only=yes&full-items=yes&marketplace=yes&flow=no,https://www.filepicker.io/api/file/IG3Wf6sTAGgrJjx9uWhC
SoHa Surf Shop,sohasurfshop,info@sohakayakrentals.com,(269) 872-3044,United States/Michigan/South Haven,-86.271431,42.409495,89469,2 Hour Rental - Black River Park,Boat Rental-Canoe-Kayak-Rentals-SUP-Water Activities,1,39,0,https://fareharbor.com/embeds/calendar/sohasurfshop/items/89469/?asn=fhdn&asn-ref=alloutdooradventures&ref=alloutdooradventures&bookable-only=yes&full-items=yes&marketplace=yes&flow=no,"<script src=""https://fareharbor.com/embeds/script/calendar/sohasurfshop/items/89469/?asn=fhdn&asn-ref=alloutdooradventures&ref=alloutdooradventures&bookable-only=yes&full-items=yes&marketplace=yes&flow=no""></script>",https://fareharbor.com/embeds/book/sohasurfshop/items/89469/?asn=fhdn&asn-ref=alloutdooradventures&ref=alloutdooradventures&bookable-only=yes&full-items=yes&marketplace=yes&flow=no,https://cdn.filestackcontent.com/gxjBeBHSaYJoy5dZGNpQ
Canoe Safaris,canoesafaris,info@canoesafaris.co.nz,0800 272 335,New Zealand/Manawatū-Whanganui/Ohakune,,,175608,Three-Day Whanganui National Park Canoe Hire,Canoe,1,39,3,https://fareharbor.com/embeds/calendar/canoesafaris/items/175608/?asn=fhdn-nzd&asn-ref=alloutdooradventures&ref=alloutdooradventures&bookable-only=yes&full-items=yes&marketplace=yes&flow=no,"<script src=""https://fareharbor.com/embeds/script/calendar/canoesafaris/items/175608/?asn=fhdn-nzd&asn-ref=alloutdooradventures&ref=alloutdooradventures&bookable-only=yes&full-items=yes&marketplace=yes&flow=no""></script>",https://fareharbor.com/embeds/book/canoesafaris/items/175608/?asn=fhdn-nzd&asn-ref=alloutdooradventures&ref=alloutdooradventures&bookable-only=yes&full-items=yes&marketplace=yes&flow=no,https://cdn.filestackcontent.com/a2wRzwvnRIelfYLXM20a
Canoe Safaris,canoesafaris,info@canoesafaris.co.nz,0800 272 335,New Zealand/Manawatū-Whanganui/Ohakune,,,183859,Two- Day Upper Whanganui River Canoe,Canoe,1,39,0,https://fareharbor.com/embeds/calendar/canoesafaris/items/183859/?asn=fhdn-nzd&asn-ref=alloutdooradventures&ref=alloutdooradventures&bookable-only=yes&full-items=yes&marketplace=yes&flow=no,"<script src=""https://fareharbor.com/embeds/script/calendar/canoesafaris/items/183859/?asn=fhdn-nzd&asn-ref=alloutdooradventures&ref=alloutdooradventures&bookable-only=yes&full-items=yes&marketplace=yes&flow=no""></script>",https://fareharbor.com/embeds/book/canoesafaris/items/183859/?asn=fhdn-nzd&asn-ref=alloutdooradventures&ref=alloutdooradventures&bookable-only=yes&full-items=yes&marketplace=yes&flow=no,https://cdn.filestackcontent.com/XuzwIX2lTn25Cl8Qb9Ye
Everglades Florida Adventures,evergladesfloridaadventures,Nichole.Fielding@guestservices.com,855-793-5542,United States/Florida/Everglades City,,,197944,Canoe Rentals- 2 person,Canoe-Rentals-Water Activities,1,39,444,https://fareharbor.com/embeds/calendar/evergladesfloridaadventures/items/197944/?asn=fhdn&asn-ref=alloutdooradventures&ref=alloutdooradventures&bookable-only=yes&full-items=yes&marketplace=yes&flow=no,"<script src=""https://fareharbor.com/embeds/script/calendar/evergladesfloridaadventures/items/197944/?asn=fhdn&asn-ref=alloutdooradventures&ref=alloutdooradventures&bookable-only=yes&full-items=yes&marketplace=yes&flow=no""></script>",https://fareharbor.com/embeds/book/evergladesfloridaadventures/items/197944/?asn=fhdn&asn-ref=alloutdooradventures&ref=alloutdooradventures&bookable-only=yes&full-items=yes&marketplace=yes&flow=no,https://cdn.filestackcontent.com/rXnw0I06RRWDfPgyvQ4Q
Everglades Florida Adventures,evergladesfloridaadventures,Nichole.Fielding@guestservices.com,855-793-5542,United States/Florida/Everglades City,,,200625,Multi Day Canoe Rentals- 2 person,Canoe-Rentals-Water Activities,1,39,888,https://fareharbor.com/embeds/calendar/evergladesfloridaadventures/items/200625/?asn=fhdn&asn-ref=alloutdooradventures&ref=alloutdooradventures&bookable-only=yes&full-items=yes&marketplace=yes&flow=no,"<script src=""https://fareharbor.com/embeds/script/calendar/evergladesfloridaadventures/items/200625/?asn=fhdn&asn-ref=alloutdooradventures&ref=alloutdooradventures&bookable-only=yes&full-items=yes&marketplace=yes&flow=no""></script>",https://fareharbor.com/embeds/book/evergladesfloridaadventures/items/200625/?asn=fhdn&asn-ref=alloutdooradventures&ref=alloutdooradventures&bookable-only=yes&full-items=yes&marketplace=yes&flow=no,https://cdn.filestackcontent.com/5RYvSN3QaqKB5tMWuplA
The Murchison Experience,themurchisonexperience,themurchisonexperience@gmail.com,439929141,Australia/Western Australia/Kalbarri,,,246502,Champagne Brunch,Canoe,1,39,75,https://fareharbor.com/embeds/calendar/themurchisonexperience/items/246502/?asn=fhdn-aud&asn-ref=alloutdooradventures&ref=alloutdooradventures&bookable-only=yes&full-items=yes&marketplace=yes&flow=no,"<script src=""https://fareharbor.com/embeds/script/calendar/themurchisonexperience/items/246502/?asn=fhdn-aud&asn-ref=alloutdooradventures&ref=alloutdooradventures&bookable-only=yes&full-items=yes&marketplace=yes&flow=no""></script>",https://fareharbor.com/embeds/book/themurchisonexperience/items/246502/?asn=fhdn-aud&asn-ref=alloutdooradventures&ref=alloutdooradventures&bookable-only=yes&full-items=yes&marketplace=yes&flow=no,https://cdn.filestackcontent.com/W5qXrOZgS9KCEh7DlAtj
Lake Mary Country Store,lakemarycountrystore,LakeMaryCountryStore@gmail.com,(928) 774-1742,United States/Arizona/Flagstaff,,,289816,Half Day Rental,Boat Rental-Canoe-Fishing-Rentals-SUP,1,39,0,https://fareharbor.com/embeds/calendar/lakemarycountrystore/items/289816/?asn=fhdn&asn-ref=alloutdooradventures&ref=alloutdooradventures&bookable-only=yes&full-items=yes&marketplace=yes&flow=no,"<script src=""https://fareharbor.com/embeds/script/calendar/lakemarycountrystore/items/289816/?asn=fhdn&asn-ref=alloutdooradventures&ref=alloutdooradventures&bookable-only=yes&full-items=yes&marketplace=yes&flow=no""></script>",https://fareharbor.com/embeds/book/lakemarycountrystore/items/289816/?asn=fhdn&asn-ref=alloutdooradventures&ref=alloutdooradventures&bookable-only=yes&full-items=yes&marketplace=yes&flow=no,https://cdn.filestackcontent.com/NSS9NHRoioiw5EYC7hdw
Lake Mary Country Store,lakemarycountrystore,LakeMaryCountryStore@gmail.com,(928) 774-1742,United States/Arizona/Flagstaff,,,289822,Twenty-Four Hour Rentals,Boat Rental-Canoe-Fishing-Rentals-SUP,1,39,0,https://fareharbor.com/embeds/calendar/lakemarycountrystore/items/289822/?asn=fhdn&asn-ref=alloutdooradventures&ref=alloutdooradventures&bookable-only=yes&full-items=yes&marketplace=yes&flow=no,"<script src=""https://fareharbor.com/embeds/script/calendar/lakemarycountrystore/items/289822/?asn=fhdn&asn-ref=alloutdooradventures&ref=alloutdooradventures&bookable-only=yes&full-items=yes&marketplace=yes&flow=no""></script>",https://fareharbor.com/embeds/book/lakemarycountrystore/items/289822/?asn=fhdn&asn-ref=alloutdooradventures&ref=alloutdooradventures&bookable-only=yes&full-items=yes&marketplace=yes&flow=no,https://cdn.filestackcontent.com/OOYMg95TLukiv3ZVOk4z
Blue Run Cart Master & River Rat Rentals LLC,rainbowriverratrentals,rainbowriverratrentals@gmail.com,352-895-7990,United States/Florida/Dunnellon,,,342137,Single Sit-on Kayak,Boat Rental-Boat Tour-Canoe-Rentals-SUP,1,39,2289,https://fareharbor.com/embeds/calendar/rainbowriverratrentals/items/342137/?asn=fhdn&asn-ref=alloutdooradventures&ref=alloutdooradventures&bookable-only=yes&full-items=yes&marketplace=yes&flow=no,"<script src=""https://fareharbor.com/embeds/script/calendar/rainbowriverratrentals/items/342137/?asn=fhdn&asn-ref=alloutdooradventures&ref=alloutdooradventures&bookable-only=yes&full-items=yes&marketplace=yes&flow=no""></script>",https://fareharbor.com/embeds/book/rainbowriverratrentals/items/342137/?asn=fhdn&asn-ref=alloutdooradventures&ref=alloutdooradventures&bookable-only=yes&full-items=yes&marketplace=yes&flow=no,https://cdn.filestackcontent.com/2Je9ksJhQ1uwTDIFjEQP
Blue Run Cart Master & River Rat Rentals LLC,rainbowriverratrentals,rainbowriverratrentals@gmail.com,352-895-7990,United States/Florida/Dunnellon,,,342149,Double Sit-on Kayak,Boat Rental-Boat Tour-Canoe-Rentals-SUP,1,39,2883,https://fareharbor.com/embeds/calendar/rainbowriverratrentals/items/342149/?asn=fhdn&asn-ref=alloutdooradventures&ref=alloutdooradventures&bookable-only=yes&full-items=yes&marketplace=yes&flow=no,"<script src=""https://fareharbor.com/embeds/script/calendar/rainbowriverratrentals/items/342149/?asn=fhdn&asn-ref=alloutdooradventures&ref=alloutdooradventures&bookable-only=yes&full-items=yes&marketplace=yes&flow=no""></script>",https://fareharbor.com/embeds/book/rainbowriverratrentals/items/342149/?asn=fhdn&asn-ref=alloutdooradventures&ref=alloutdooradventures&bookable-only=yes&full-items=yes&marketplace=yes&flow=no,https://cdn.filestackcontent.com/SSREq40TS9Sxa06sYfqC
Hawaiian Ocean Sports,hawaiianoceansports,ashley@hawaiianoceansports.com,808-633-2800,United States/Hawaii/Wailea-Makena,,,403882,Body Boards,Canoe,3,39,180,https://fareharbor.com/embeds/calendar/hawaiianoceansports/items/403882/?asn=fhdn&asn-ref=alloutdooradventures&ref=alloutdooradventures&bookable-only=yes&full-items=yes&marketplace=yes&flow=no,"<script src=""https://fareharbor.com/embeds/script/calendar/hawaiianoceansports/items/403882/?asn=fhdn&asn-ref=alloutdooradventures&ref=alloutdooradventures&bookable-only=yes&full-items=yes&marketplace=yes&flow=no""></script>",https://fareharbor.com/embeds/book/hawaiianoceansports/items/403882/?asn=fhdn&asn-ref=alloutdooradventures&ref=alloutdooradventures&bookable-only=yes&full-items=yes&marketplace=yes&flow=no,https://cdn.filestackcontent.com/90CF794STGTdMuCzBmZX
Anyone Can LLP,anyonecan,info@anyonecan.uk,441539310041,United Kingdom/England/Newby Bridge,,,552229,Canoe Bushcraft,Canoe,1,39,0,https://fareharbor.com/embeds/calendar/anyonecan/items/552229/?asn=fhdn-gbp&asn-ref=alloutdooradventures&ref=alloutdooradventures&bookable-only=yes&full-items=yes&marketplace=yes&flow=no,"<script src=""https://fareharbor.com/embeds/script/calendar/anyonecan/items/552229/?asn=fhdn-gbp&asn-ref=alloutdooradventures&ref=alloutdooradventures&bookable-only=yes&full-items=yes&marketplace=yes&flow=no""></script>",https://fareharbor.com/embeds/book/anyonecan/items/552229/?asn=fhdn-gbp&asn-ref=alloutdooradventures&ref=alloutdooradventures&bookable-only=yes&full-items=yes&marketplace=yes&flow=no,https://cdn.filestackcontent.com/Ui9KZL8zSpGsg6cQY2us
Sea Kayak Torbay,seakayaktorbay,info@seakayaktorbay.com,01803 912963,United Kingdom/England/Torquay,,,561828,Canoe Hire,Canoe,1,39,684,https://fareharbor.com/embeds/calendar/seakayaktorbay/items/561828/?asn=fhdn-gbp&asn-ref=alloutdooradventures&ref=alloutdooradventures&bookable-only=yes&full-items=yes&marketplace=yes&flow=no,"<script src=""https://fareharbor.com/embeds/script/calendar/seakayaktorbay/items/561828/?asn=fhdn-gbp&asn-ref=alloutdooradventures&ref=alloutdooradventures&bookable-only=yes&full-items=yes&marketplace=yes&flow=no""></script>",https://fareharbor.com/embeds/book/seakayaktorbay/items/561828/?asn=fhdn-gbp&asn-ref=alloutdooradventures&ref=alloutdooradventures&bookable-only=yes&full-items=yes&marketplace=yes&flow=no,https://cdn.filestackcontent.com/k8Qv01kkRgi7ZbOLv7Sk
Grizzly Adventurer,grizzlyadventurer,grizzlysupplies@hotmail.com,+447794508801,United Kingdom/Wales/Froncysyllte,,,573707,Pontcysyllte Aqueduct Tour,Canoe-Guided Tour,1,39,298,https://fareharbor.com/embeds/calendar/grizzlyadventurer/items/573707/?asn=fhdn-gbp&asn-ref=alloutdooradventures&ref=alloutdooradventures&bookable-only=yes&full-items=yes&marketplace=yes&flow=no,"<script src=""https://fareharbor.com/embeds/script/calendar/grizzlyadventurer/items/573707/?asn=fhdn-gbp&asn-ref=alloutdooradventures&ref=alloutdooradventures&bookable-only=yes&full-items=yes&marketplace=yes&flow=no""></script>",https://fareharbor.com/embeds/book/grizzlyadventurer/items/573707/?asn=fhdn-gbp&asn-ref=alloutdooradventures&ref=alloutdooradventures&bookable-only=yes&full-items=yes&marketplace=yes&flow=no,https://cdn.filestackcontent.com/26F9G31oRtaPuOxWxTTG
Liquid Logistics,liquidlogistics,steve@liquidlogistics.co.uk,07391 022714,United Kingdom/England/Sherfield English,-1.615847,50.999548,603583,Kayak Rolling,Canoe,1,39,6,https://fareharbor.com/embeds/calendar/liquidlogistics/items/603583/?asn=fhdn-gbp&asn-ref=alloutdooradventures&ref=alloutdooradventures&bookable-only=yes&full-items=yes&marketplace=yes&flow=no,"<script src=""https://fareharbor.com/embeds/script/calendar/liquidlogistics/items/603583/?asn=fhdn-gbp&asn-ref=alloutdooradventures&ref=alloutdooradventures&bookable-only=yes&full-items=yes&marketplace=yes&flow=no""></script>",https://fareharbor.com/embeds/book/liquidlogistics/items/603583/?asn=fhdn-gbp&asn-ref=alloutdooradventures&ref=alloutdooradventures&bookable-only=yes&full-items=yes&marketplace=yes&flow=no,https://cdn.filestackcontent.com/kib5blBNR50ymPihiNwV
"Black Forest Magic - Schneesportschule, Kanu & Rafting & Outdoorschule",blackforestmagic,info@blackforestmagic.de,+49 7664 6137700,Germany/Baden-Württemberg/Efringen-Kirchen,7.528062,47.658187,628096,Raftingtour am Altrhein (Istein bis Bad Bellingen),Canoe,1,39,0,https://fareharbor.com/embeds/calendar/blackforestmagic/items/628096/?asn=fhdn-eur&asn-ref=alloutdooradventures&ref=alloutdooradventures&bookable-only=yes&full-items=yes&marketplace=yes&flow=no,"<script src=""https://fareharbor.com/embeds/script/calendar/blackforestmagic/items/628096/?asn=fhdn-eur&asn-ref=alloutdooradventures&ref=alloutdooradventures&bookable-only=yes&full-items=yes&marketplace=yes&flow=no""></script>",https://fareharbor.com/embeds/book/blackforestmagic/items/628096/?asn=fhdn-eur&asn-ref=alloutdooradventures&ref=alloutdooradventures&bookable-only=yes&full-items=yes&marketplace=yes&flow=no,https://cdn.filestackcontent.com/4bmeFutSTW6h2M1rgsvr
Wilderness Inquiry,wildernessinquiry,registrations@wildernessinquiry.org,612-676-9400,United States/Minnesota/Ely,,,695839,Boundary Waters Lodge-Based Reader’s Retreat with William Kent Krueger,Water Activities,1,39,1,https://fareharbor.com/embeds/calendar/wildernessinquiry/items/695839/?asn=fhdn&asn-ref=alloutdooradventures&ref=alloutdooradventures&bookable-only=yes&full-items=yes&marketplace=yes&flow=no,"<script src=""https://fareharbor.com/embeds/script/calendar/wildernessinquiry/items/695839/?asn=fhdn&asn-ref=alloutdooradventures&ref=alloutdooradventures&bookable-only=yes&full-items=yes&marketplace=yes&flow=no""></script>",https://fareharbor.com/embeds/book/wildernessinquiry/items/695839/?asn=fhdn&asn-ref=alloutdooradventures&ref=alloutdooradventures&bookable-only=yes&full-items=yes&marketplace=yes&flow=no,https://cdn.filestackcontent.com/WdDjY4OFS6C9mP5N9wro
Canoe Safaris,canoesafaris,info@canoesafaris.co.nz,0800 272 335,New Zealand/Manawatū-Whanganui/Ohakune,,,175585,Three-Day Guided Rangitikei River Canoe,Canoe,1,38,2,https://fareharbor.com/embeds/calendar/canoesafaris/items/175585/?asn=fhdn-nzd&asn-ref=alloutdooradventures&ref=alloutdooradventures&bookable-only=yes&full-items=yes&marketplace=yes&flow=no,"<script src=""https://fareharbor.com/embeds/script/calendar/canoesafaris/items/175585/?asn=fhdn-nzd&asn-ref=alloutdooradventures&ref=alloutdooradventures&bookable-only=yes&full-items=yes&marketplace=yes&flow=no""></script>",https://fareharbor.com/embeds/book/canoesafaris/items/175585/?asn=fhdn-nzd&asn-ref=alloutdooradventures&ref=alloutdooradventures&bookable-only=yes&full-items=yes&marketplace=yes&flow=no,https://cdn.filestackcontent.com/pDd5Q5BSSYyvEt1qlWsc
Canoe Safaris,canoesafaris,info@canoesafaris.co.nz,0800 272 335,New Zealand/Manawatū-Whanganui/Ohakune,,,183857,Four-Day Guided Rangitikei River Canoe,Canoe,1,38,0,https://fareharbor.com/embeds/calendar/canoesafaris/items/183857/?asn=fhdn-nzd&asn-ref=alloutdooradventures&ref=alloutdooradventures&bookable-only=yes&full-items=yes&marketplace=yes&flow=no,"<script src=""https://fareharbor.com/embeds/script/calendar/canoesafaris/items/183857/?asn=fhdn-nzd&asn-ref=alloutdooradventures&ref=alloutdooradventures&bookable-only=yes&full-items=yes&marketplace=yes&flow=no""></script>",https://fareharbor.com/embeds/book/canoesafaris/items/183857/?asn=fhdn-nzd&asn-ref=alloutdooradventures&ref=alloutdooradventures&bookable-only=yes&full-items=yes&marketplace=yes&flow=no,https://cdn.filestackcontent.com/FePahzo7QGuwf5Ovc6B3
Blue Run Cart Master & River Rat Rentals LLC,rainbowriverratrentals,rainbowriverratrentals@gmail.com,352-895-7990,United States/Florida/Dunnellon,,,342148,Single Sit-in Kayak,Boat Rental-Boat Tour-Canoe-Rentals-SUP,1,38,2160,https://fareharbor.com/embeds/calendar/rainbowriverratrentals/items/342148/?asn=fhdn&asn-ref=alloutdooradventures&ref=alloutdooradventures&bookable-only=yes&full-items=yes&marketplace=yes&flow=no,"<script src=""https://fareharbor.com/embeds/script/calendar/rainbowriverratrentals/items/342148/?asn=fhdn&asn-ref=alloutdooradventures&ref=alloutdooradventures&bookable-only=yes&full-items=yes&marketplace=yes&flow=no""></script>",https://fareharbor.com/embeds/book/rainbowriverratrentals/items/342148/?asn=fhdn&asn-ref=alloutdooradventures&ref=alloutdooradventures&bookable-only=yes&full-items=yes&marketplace=yes&flow=no,https://cdn.filestackcontent.com/Hr0sS6IXSM60dahAIgul
Blue Run Cart Master & River Rat Rentals LLC,rainbowriverratrentals,rainbowriverratrentals@gmail.com,352-895-7990,United States/Florida/Dunnellon,,,342443,Clear Kayak,Canoe-Rentals-Shuttle,1,38,1980,https://fareharbor.com/embeds/calendar/rainbowriverratrentals/items/342443/?asn=fhdn&asn-ref=alloutdooradventures&ref=alloutdooradventures&bookable-only=yes&full-items=yes&marketplace=yes&flow=no,"<script src=""https://fareharbor.com/embeds/script/calendar/rainbowriverratrentals/items/342443/?asn=fhdn&asn-ref=alloutdooradventures&ref=alloutdooradventures&bookable-only=yes&full-items=yes&marketplace=yes&flow=no""></script>",https://fareharbor.com/embeds/book/rainbowriverratrentals/items/342443/?asn=fhdn&asn-ref=alloutdooradventures&ref=alloutdooradventures&bookable-only=yes&full-items=yes&marketplace=yes&flow=no,https://cdn.filestackcontent.com/AEnejLlGQ7ikBCufAvSV
DIG Paddlesports,digpaddlesports,digpaddlesports@gmail.com,(435) 467-9988,United States/Utah/Hurricane,,,358050,Poker Paddle,Canoe-Events,1,38,0,https://fareharbor.com/embeds/calendar/digpaddlesports/items/358050/?asn=fhdn&asn-ref=alloutdooradventures&ref=alloutdooradventures&bookable-only=yes&full-items=yes&marketplace=yes&flow=no,"<script src=""https://fareharbor.com/embeds/script/calendar/digpaddlesports/items/358050/?asn=fhdn&asn-ref=alloutdooradventures&ref=alloutdooradventures&bookable-only=yes&full-items=yes&marketplace=yes&flow=no""></script>",https://fareharbor.com/embeds/book/digpaddlesports/items/358050/?asn=fhdn&asn-ref=alloutdooradventures&ref=alloutdooradventures&bookable-only=yes&full-items=yes&marketplace=yes&flow=no,https://cdn.filestackcontent.com/Vldu1OdR7W0hSwCIQmmg
Hawaiian Ocean Sports,hawaiianoceansports,ashley@hawaiianoceansports.com,808-633-2800,United States/Hawaii/Wailea-Makena,,,492438,Umbrella & 2 Beach Chairs,Canoe,1,38,180,https://fareharbor.com/embeds/calendar/hawaiianoceansports/items/492438/?asn=fhdn&asn-ref=alloutdooradventures&ref=alloutdooradventures&bookable-only=yes&full-items=yes&marketplace=yes&flow=no,"<script src=""https://fareharbor.com/embeds/script/calendar/hawaiianoceansports/items/492438/?asn=fhdn&asn-ref=alloutdooradventures&ref=alloutdooradventures&bookable-only=yes&full-items=yes&marketplace=yes&flow=no""></script>",https://fareharbor.com/embeds/book/hawaiianoceansports/items/492438/?asn=fhdn&asn-ref=alloutdooradventures&ref=alloutdooradventures&bookable-only=yes&full-items=yes&marketplace=yes&flow=no,https://cdn.filestackcontent.com/ZZ6k8uQ0S2aFNvvfgQUo
Anyone Can LLP,anyonecan,info@anyonecan.uk,441539310041,United Kingdom/England/Newby Bridge,,,552222,Canoeing (Public),Canoe,1,38,0,https://fareharbor.com/embeds/calendar/anyonecan/items/552222/?asn=fhdn-gbp&asn-ref=alloutdooradventures&ref=alloutdooradventures&bookable-only=yes&full-items=yes&marketplace=yes&flow=no,"<script src=""https://fareharbor.com/embeds/script/calendar/anyonecan/items/552222/?asn=fhdn-gbp&asn-ref=alloutdooradventures&ref=alloutdooradventures&bookable-only=yes&full-items=yes&marketplace=yes&flow=no""></script>",https://fareharbor.com/embeds/book/anyonecan/items/552222/?asn=fhdn-gbp&asn-ref=alloutdooradventures&ref=alloutdooradventures&bookable-only=yes&full-items=yes&marketplace=yes&flow=no,https://cdn.filestackcontent.com/9vCoyJz9T1iqIimy0HWQ
Anyone Can LLP,anyonecan,info@anyonecan.uk,441539310041,United Kingdom/England/Newby Bridge,,,552223,Canoeing (Private),Canoe,1,38,0,https://fareharbor.com/embeds/calendar/anyonecan/items/552223/?asn=fhdn-gbp&asn-ref=alloutdooradventures&ref=alloutdooradventures&bookable-only=yes&full-items=yes&marketplace=yes&flow=no,"<script src=""https://fareharbor.com/embeds/script/calendar/anyonecan/items/552223/?asn=fhdn-gbp&asn-ref=alloutdooradventures&ref=alloutdooradventures&bookable-only=yes&full-items=yes&marketplace=yes&flow=no""></script>",https://fareharbor.com/embeds/book/anyonecan/items/552223/?asn=fhdn-gbp&asn-ref=alloutdooradventures&ref=alloutdooradventures&bookable-only=yes&full-items=yes&marketplace=yes&flow=no,https://cdn.filestackcontent.com/TEqMOeLZRvWaXWDBgh0w
Cotswold Canoe Hire Ltd,cotswoldcanoehire,cotswoldcanoehire@gmail.com,+441367 252303,United Kingdom/England/Lechlade-On-Thames,,,552283,Kelmscott Manor Paddle,Canoe,1,38,40,https://fareharbor.com/embeds/calendar/cotswoldcanoehire/items/552283/?asn=fhdn-gbp&asn-ref=alloutdooradventures&ref=alloutdooradventures&bookable-only=yes&full-items=yes&marketplace=yes&flow=no,"<script src=""https://fareharbor.com/embeds/script/calendar/cotswoldcanoehire/items/552283/?asn=fhdn-gbp&asn-ref=alloutdooradventures&ref=alloutdooradventures&bookable-only=yes&full-items=yes&marketplace=yes&flow=no""></script>",https://fareharbor.com/embeds/book/cotswoldcanoehire/items/552283/?asn=fhdn-gbp&asn-ref=alloutdooradventures&ref=alloutdooradventures&bookable-only=yes&full-items=yes&marketplace=yes&flow=no,https://cdn.filestackcontent.com/jSVOB7MVQvGsU1iXuoWI
Grizzly Adventurer,grizzlyadventurer,grizzlysupplies@hotmail.com,+447794508801,United Kingdom/Wales/Froncysyllte,,,573708,Chirk Aqueduct & tunnel Tour,Canoe-Guided Tour,1,38,324,https://fareharbor.com/embeds/calendar/grizzlyadventurer/items/573708/?asn=fhdn-gbp&asn-ref=alloutdooradventures&ref=alloutdooradventures&bookable-only=yes&full-items=yes&marketplace=yes&flow=no,"<script src=""https://fareharbor.com/embeds/script/calendar/grizzlyadventurer/items/573708/?asn=fhdn-gbp&asn-ref=alloutdooradventures&ref=alloutdooradventures&bookable-only=yes&full-items=yes&marketplace=yes&flow=no""></script>",https://fareharbor.com/embeds/book/grizzlyadventurer/items/573708/?asn=fhdn-gbp&asn-ref=alloutdooradventures&ref=alloutdooradventures&bookable-only=yes&full-items=yes&marketplace=yes&flow=no,https://cdn.filestackcontent.com/jUeQSWSbRyqzKXKeLTq1
Liquid Logistics,liquidlogistics,steve@liquidlogistics.co.uk,07391 022714,United Kingdom/England/Jumpers,-1.811374,50.748824,603613,White Water Kayaking Introduction,Canoe,1,38,0,https://fareharbor.com/embeds/calendar/liquidlogistics/items/603613/?asn=fhdn-gbp&asn-ref=alloutdooradventures&ref=alloutdooradventures&bookable-only=yes&full-items=yes&marketplace=yes&flow=no,"<script src=""https://fareharbor.com/embeds/script/calendar/liquidlogistics/items/603613/?asn=fhdn-gbp&asn-ref=alloutdooradventures&ref=alloutdooradventures&bookable-only=yes&full-items=yes&marketplace=yes&flow=no""></script>",https://fareharbor.com/embeds/book/liquidlogistics/items/603613/?asn=fhdn-gbp&asn-ref=alloutdooradventures&ref=alloutdooradventures&bookable-only=yes&full-items=yes&marketplace=yes&flow=no,https://cdn.filestackcontent.com/5fzOVTt8S9i7BqmglSwB
Liquid Logistics,liquidlogistics,steve@liquidlogistics.co.uk,07391 022714,United Kingdom/England/Milford on Sea,-1.570086,50.722688,603619,British Canoeing Personal Performance Awards,Canoe,1,38,3,https://fareharbor.com/embeds/calendar/liquidlogistics/items/603619/?asn=fhdn-gbp&asn-ref=alloutdooradventures&ref=alloutdooradventures&bookable-only=yes&full-items=yes&marketplace=yes&flow=no,"<script src=""https://fareharbor.com/embeds/script/calendar/liquidlogistics/items/603619/?asn=fhdn-gbp&asn-ref=alloutdooradventures&ref=alloutdooradventures&bookable-only=yes&full-items=yes&marketplace=yes&flow=no""></script>",https://fareharbor.com/embeds/book/liquidlogistics/items/603619/?asn=fhdn-gbp&asn-ref=alloutdooradventures&ref=alloutdooradventures&bookable-only=yes&full-items=yes&marketplace=yes&flow=no,https://cdn.filestackcontent.com/km6mhXbbS9mj8IcEB3BE
Rangeley Adventure Co,rangeleyadventureco,rangeleyadventureco@gmail.com,12078642771,United States/Maine/Rangeley,,,612555,Canoe Rentals,Canoe,1,38,0,https://fareharbor.com/embeds/calendar/rangeleyadventureco/items/612555/?asn=fhdn&asn-ref=alloutdooradventures&ref=alloutdooradventures&bookable-only=yes&full-items=yes&marketplace=yes&flow=no,"<script src=""https://fareharbor.com/embeds/script/calendar/rangeleyadventureco/items/612555/?asn=fhdn&asn-ref=alloutdooradventures&ref=alloutdooradventures&bookable-only=yes&full-items=yes&marketplace=yes&flow=no""></script>",https://fareharbor.com/embeds/book/rangeleyadventureco/items/612555/?asn=fhdn&asn-ref=alloutdooradventures&ref=alloutdooradventures&bookable-only=yes&full-items=yes&marketplace=yes&flow=no,https://cdn.filestackcontent.com/JIvhLot2TEuST0eJqoHs
Wanderer Kanu Rad & Reisen,naturdorf-eickhof,naturdorf-eickhof@email.de,+49 3846220419,Germany/Mecklenburg-Vorpommern/Warnow,,,625827,Kloster-Kanutour nach Rühn oder Bützow,Canoe,1,38,1176,https://fareharbor.com/embeds/calendar/naturdorf-eickhof/items/625827/?asn=fhdn-eur&asn-ref=alloutdooradventures&ref=alloutdooradventures&bookable-only=yes&full-items=yes&marketplace=yes&flow=no,"<script src=""https://fareharbor.com/embeds/script/calendar/naturdorf-eickhof/items/625827/?asn=fhdn-eur&asn-ref=alloutdooradventures&ref=alloutdooradventures&bookable-only=yes&full-items=yes&marketplace=yes&flow=no""></script>",https://fareharbor.com/embeds/book/naturdorf-eickhof/items/625827/?asn=fhdn-eur&asn-ref=alloutdooradventures&ref=alloutdooradventures&bookable-only=yes&full-items=yes&marketplace=yes&flow=no,https://cdn.filestackcontent.com/UrGoEs8cToqu1W0uNk8I
"Black Forest Magic - Schneesportschule, Kanu & Rafting & Outdoorschule",blackforestmagic,info@blackforestmagic.de,+49 7664 6137700,Germany/Baden-Württemberg/Bad Bellingen,7.549946,47.731662,637491,"Kanu, Kajak, SUP Verleih am Rhein (Istein - Bad Bellingen)",Canoe-Kayak-SUP,1,38,0,https://fareharbor.com/embeds/calendar/blackforestmagic/items/637491/?asn=fhdn-eur&asn-ref=alloutdooradventures&ref=alloutdooradventures&bookable-only=yes&full-items=yes&marketplace=yes&flow=no,"<script src=""https://fareharbor.com/embeds/script/calendar/blackforestmagic/items/637491/?asn=fhdn-eur&asn-ref=alloutdooradventures&ref=alloutdooradventures&bookable-only=yes&full-items=yes&marketplace=yes&flow=no""></script>",https://fareharbor.com/embeds/book/blackforestmagic/items/637491/?asn=fhdn-eur&asn-ref=alloutdooradventures&ref=alloutdooradventures&bookable-only=yes&full-items=yes&marketplace=yes&flow=no,https://cdn.filestackcontent.com/JlTqYXvSR6SC9LCCMSeG
South Florida National Park Service,soflnps,info@evernpi.org,305-242-7700,United States/Florida/Homestead,,,648246,Journey Through Nine Mile Pond: NPS Ranger-Guided Canoe Adventure,Canoe,1,38,0,https://fareharbor.com/embeds/calendar/soflnps/items/648246/?asn=fhdn&asn-ref=alloutdooradventures&ref=alloutdooradventures&bookable-only=yes&full-items=yes&marketplace=yes&flow=no,"<script src=""https://fareharbor.com/embeds/script/calendar/soflnps/items/648246/?asn=fhdn&asn-ref=alloutdooradventures&ref=alloutdooradventures&bookable-only=yes&full-items=yes&marketplace=yes&flow=no""></script>",https://fareharbor.com/embeds/book/soflnps/items/648246/?asn=fhdn&asn-ref=alloutdooradventures&ref=alloutdooradventures&bookable-only=yes&full-items=yes&marketplace=yes&flow=no,https://cdn.filestackcontent.com/XSSKY4YERRGnPCmKwrDO
City Utilities,cityutilitiesfellowslake,,417-840-2965,United States/Missouri/Springfield,,,691864,Canoes,Canoe,1,38,0,https://fareharbor.com/embeds/calendar/cityutilitiesfellowslake/items/691864/?asn=fhdn&asn-ref=alloutdooradventures&ref=alloutdooradventures&bookable-only=yes&full-items=yes&marketplace=yes&flow=no,"<script src=""https://fareharbor.com/embeds/script/calendar/cityutilitiesfellowslake/items/691864/?asn=fhdn&asn-ref=alloutdooradventures&ref=alloutdooradventures&bookable-only=yes&full-items=yes&marketplace=yes&flow=no""></script>",https://fareharbor.com/embeds/book/cityutilitiesfellowslake/items/691864/?asn=fhdn&asn-ref=alloutdooradventures&ref=alloutdooradventures&bookable-only=yes&full-items=yes&marketplace=yes&flow=no,https://cdn.filestackcontent.com/mFbpjaPZRQyMteRzcpQD
Go Kayaking Tours,gokayakingtours,tom@gokayakingtours.com,321-209-5927,United States/Florida/Melbourne Beach,,,313379,Wekiva Lower from Katie’s Landing,Canoe,3,37,0,https://fareharbor.com/embeds/calendar/gokayakingtours/items/313379/?asn=fhdn&asn-ref=alloutdooradventures&ref=alloutdooradventures&bookable-only=yes&full-items=yes&marketplace=yes&flow=no,"<script src=""https://fareharbor.com/embeds/script/calendar/gokayakingtours/items/313379/?asn=fhdn&asn-ref=alloutdooradventures&ref=alloutdooradventures&bookable-only=yes&full-items=yes&marketplace=yes&flow=no""></script>",https://fareharbor.com/embeds/book/gokayakingtours/items/313379/?asn=fhdn&asn-ref=alloutdooradventures&ref=alloutdooradventures&bookable-only=yes&full-items=yes&marketplace=yes&flow=no,https://cdn.filestackcontent.com/ueEvhPiwRF6Qnkf6pPIJ
Loch Ard Adventure Ltd,operationplayoutdoors,info@lochardadventure.co.uk,+4401877387266,United Kingdom/Scotland/Kinlochard,,,442784,Paddle & Plunge (Cliff Jumping),Canoe,1,37,0,https://fareharbor.com/embeds/calendar/operationplayoutdoors/items/442784/?asn=fhdn-gbp&asn-ref=alloutdooradventures&ref=alloutdooradventures&bookable-only=yes&full-items=yes&marketplace=yes&flow=no,"<script src=""https://fareharbor.com/embeds/script/calendar/operationplayoutdoors/items/442784/?asn=fhdn-gbp&asn-ref=alloutdooradventures&ref=alloutdooradventures&bookable-only=yes&full-items=yes&marketplace=yes&flow=no""></script>",https://fareharbor.com/embeds/book/operationplayoutdoors/items/442784/?asn=fhdn-gbp&asn-ref=alloutdooradventures&ref=alloutdooradventures&bookable-only=yes&full-items=yes&marketplace=yes&flow=no,https://cdn.filestackcontent.com/YU6V10iJSj6LXHdzd7aH
Liquid Logistics,liquidlogistics,steve@liquidlogistics.co.uk,07391 022714,United Kingdom/England/Beaulieu,,,603597,Discover Paddlesports Award,Canoe,1,37,4,https://fareharbor.com/embeds/calendar/liquidlogistics/items/603597/?asn=fhdn-gbp&asn-ref=alloutdooradventures&ref=alloutdooradventures&bookable-only=yes&full-items=yes&marketplace=yes&flow=no,"<script src=""https://fareharbor.com/embeds/script/calendar/liquidlogistics/items/603597/?asn=fhdn-gbp&asn-ref=alloutdooradventures&ref=alloutdooradventures&bookable-only=yes&full-items=yes&marketplace=yes&flow=no""></script>",https://fareharbor.com/embeds/book/liquidlogistics/items/603597/?asn=fhdn-gbp&asn-ref=alloutdooradventures&ref=alloutdooradventures&bookable-only=yes&full-items=yes&marketplace=yes&flow=no,https://cdn.filestackcontent.com/tL6aWXHOTuEJk1BZ3VDx
Liquid Logistics,liquidlogistics,steve@liquidlogistics.co.uk,07391 022714,United Kingdom/England/Poole,-2.024903,50.713712,603636,Canoeing Introduction,Canoe,1,37,0,https://fareharbor.com/embeds/calendar/liquidlogistics/items/603636/?asn=fhdn-gbp&asn-ref=alloutdooradventures&ref=alloutdooradventures&bookable-only=yes&full-items=yes&marketplace=yes&flow=no,"<script src=""https://fareharbor.com/embeds/script/calendar/liquidlogistics/items/603636/?asn=fhdn-gbp&asn-ref=alloutdooradventures&ref=alloutdooradventures&bookable-only=yes&full-items=yes&marketplace=yes&flow=no""></script>",https://fareharbor.com/embeds/book/liquidlogistics/items/603636/?asn=fhdn-gbp&asn-ref=alloutdooradventures&ref=alloutdooradventures&bookable-only=yes&full-items=yes&marketplace=yes&flow=no,https://cdn.filestackcontent.com/GzQoRwDTfiC8LG8e1pgv
Sunshine Paddle Adventures,sunshinepaddleadventures,sunshinepaddleadventures@gmail.com,254-230-7878,United States/Texas/Waco,-97.152376,31.592401,666585,Season End Party,Boat Rental-Boat Tour-Canoe-Guided Tour-Kayak-SUP-Water Activities,1,37,0,https://fareharbor.com/embeds/calendar/sunshinepaddleadventures/items/666585/?asn=fhdn&asn-ref=alloutdooradventures&ref=alloutdooradventures&bookable-only=yes&full-items=yes&marketplace=yes&flow=no,"<script src=""https://fareharbor.com/embeds/script/calendar/sunshinepaddleadventures/items/666585/?asn=fhdn&asn-ref=alloutdooradventures&ref=alloutdooradventures&bookable-only=yes&full-items=yes&marketplace=yes&flow=no""></script>",https://fareharbor.com/embeds/book/sunshinepaddleadventures/items/666585/?asn=fhdn&asn-ref=alloutdooradventures&ref=alloutdooradventures&bookable-only=yes&full-items=yes&marketplace=yes&flow=no,https://cdn.filestackcontent.com/VBhYjaMQSyWbwPuc0q25
Wilderness Inquiry,wildernessinquiry,registrations@wildernessinquiry.org,612-676-9400,United States/Minnesota/Orr,,,695864,Voyageurs National Park Paddle Adventure,Canoe,1,37,0,https://fareharbor.com/embeds/calendar/wildernessinquiry/items/695864/?asn=fhdn&asn-ref=alloutdooradventures&ref=alloutdooradventures&bookable-only=yes&full-items=yes&marketplace=yes&flow=no,"<script src=""https://fareharbor.com/embeds/script/calendar/wildernessinquiry/items/695864/?asn=fhdn&asn-ref=alloutdooradventures&ref=alloutdooradventures&bookable-only=yes&full-items=yes&marketplace=yes&flow=no""></script>",https://fareharbor.com/embeds/book/wildernessinquiry/items/695864/?asn=fhdn&asn-ref=alloutdooradventures&ref=alloutdooradventures&bookable-only=yes&full-items=yes&marketplace=yes&flow=no,https://cdn.filestackcontent.com/c74bXFAbQIyYIO47N677
Donautal Kanuverleih,donautal-kanuverleih,info@donautal-kanuverleih.de,0049 75702929995,Germany/Baden-Württemberg/Sigmaringen,9.121399,48.07963,538472,Tour 2 Gutenstein - Sigmaringendorf,Canoe,3,36,126,https://fareharbor.com/embeds/calendar/donautal-kanuverleih/items/538472/?asn=fhdn-eur&asn-ref=alloutdooradventures&ref=alloutdooradventures&bookable-only=yes&full-items=yes&marketplace=yes&flow=no,"<script src=""https://fareharbor.com/embeds/script/calendar/donautal-kanuverleih/items/538472/?asn=fhdn-eur&asn-ref=alloutdooradventures&ref=alloutdooradventures&bookable-only=yes&full-items=yes&marketplace=yes&flow=no""></script>",https://fareharbor.com/embeds/book/donautal-kanuverleih/items/538472/?asn=fhdn-eur&asn-ref=alloutdooradventures&ref=alloutdooradventures&bookable-only=yes&full-items=yes&marketplace=yes&flow=no,https://cdn.filestackcontent.com/YkmxM3rEREWbkssOufnQ
Kanuuh,kanuuh,info@kanuuh.de,+49 08421 /2110,Germany/Bayern/Solnhofen,10.974497,48.929226,631674,"2,5 Tagestour Pappenheim-Eichstätt",Boat Rental-Boat Tour-Canoe-Self-Guided Tour-Water Activities,1,36,0,https://fareharbor.com/embeds/calendar/kanuuh/items/631674/?asn=fhdn-eur&asn-ref=alloutdooradventures&ref=alloutdooradventures&bookable-only=yes&full-items=yes&marketplace=yes&flow=no,"<script src=""https://fareharbor.com/embeds/script/calendar/kanuuh/items/631674/?asn=fhdn-eur&asn-ref=alloutdooradventures&ref=alloutdooradventures&bookable-only=yes&full-items=yes&marketplace=yes&flow=no""></script>",https://fareharbor.com/embeds/book/kanuuh/items/631674/?asn=fhdn-eur&asn-ref=alloutdooradventures&ref=alloutdooradventures&bookable-only=yes&full-items=yes&marketplace=yes&flow=no,https://cdn.filestackcontent.com/v9HYX6JnQ6a5DuR9Plcx
Exodus Adventures,exodusadventures,admin@exodusadventures.com.au,0410404078,Australia/New South Wales/Buccarumbi,152.590098,-29.834287,668414,Whitewater Skills & Rescue Training - 2 DAYS,Canoe-Kayak-Rafting-Sports,1,36,1,https://fareharbor.com/embeds/calendar/exodusadventures/items/668414/?asn=fhdn-aud&asn-ref=alloutdooradventures&ref=alloutdooradventures&bookable-only=yes&full-items=yes&marketplace=yes&flow=no,"<script src=""https://fareharbor.com/embeds/script/calendar/exodusadventures/items/668414/?asn=fhdn-aud&asn-ref=alloutdooradventures&ref=alloutdooradventures&bookable-only=yes&full-items=yes&marketplace=yes&flow=no""></script>",https://fareharbor.com/embeds/book/exodusadventures/items/668414/?asn=fhdn-aud&asn-ref=alloutdooradventures&ref=alloutdooradventures&bookable-only=yes&full-items=yes&marketplace=yes&flow=no,https://cdn.filestackcontent.com/oaJfVxSUQ3Kl4GPAUDwj
SUP Tropic Adventures,suptropicadventures,justin@suptropicadventures.com,727-543-2972,United States/Florida/Parrish,,,380972,Upper River Paddle Adventure,Canoe-Hiking-Kayak,8,35,0,https://fareharbor.com/embeds/calendar/suptropicadventures/items/380972/?asn=fhdn&asn-ref=alloutdooradventures&ref=alloutdooradventures&bookable-only=yes&full-items=yes&marketplace=yes&flow=no,"<script src=""https://fareharbor.com/embeds/script/calendar/suptropicadventures/items/380972/?asn=fhdn&asn-ref=alloutdooradventures&ref=alloutdooradventures&bookable-only=yes&full-items=yes&marketplace=yes&flow=no""></script>",https://fareharbor.com/embeds/book/suptropicadventures/items/380972/?asn=fhdn&asn-ref=alloutdooradventures&ref=alloutdooradventures&bookable-only=yes&full-items=yes&marketplace=yes&flow=no,https://cdn.filestackcontent.com/wjiIxuTRGSaBLdSQHEVw
Venture Outdoors / Kayak Pittsburgh,ventureoutdoors,kayakpittsburgh@ventureoutdoors.org,412.255.0564,United States/Pennsylvania/Allison Park,-80.00728,40.604841,430532,Rental - Canoe Catamaran - North Park,Boat Rental-Canoe,3,35,663,https://fareharbor.com/embeds/calendar/ventureoutdoors/items/430532/?asn=fhdn&asn-ref=alloutdooradventures&ref=alloutdooradventures&bookable-only=yes&full-items=yes&marketplace=yes&flow=no,"<script src=""https://fareharbor.com/embeds/script/calendar/ventureoutdoors/items/430532/?asn=fhdn&asn-ref=alloutdooradventures&ref=alloutdooradventures&bookable-only=yes&full-items=yes&marketplace=yes&flow=no""></script>",https://fareharbor.com/embeds/book/ventureoutdoors/items/430532/?asn=fhdn&asn-ref=alloutdooradventures&ref=alloutdooradventures&bookable-only=yes&full-items=yes&marketplace=yes&flow=no,https://cdn.filestackcontent.com/0pPPIoUTQg6I1c2xvrog
Kayantics,kayantics,info@kayantics.co.uk,(44) 01683 22136,United Kingdom/Scotland/Peebles,-3.191746,55.649555,609719,Canoe River Trip Experience,Canoe,1,35,0,https://fareharbor.com/embeds/calendar/kayantics/items/609719/?asn=fhdn-gbp&asn-ref=alloutdooradventures&ref=alloutdooradventures&bookable-only=yes&full-items=yes&marketplace=yes&flow=no,"<script src=""https://fareharbor.com/embeds/script/calendar/kayantics/items/609719/?asn=fhdn-gbp&asn-ref=alloutdooradventures&ref=alloutdooradventures&bookable-only=yes&full-items=yes&marketplace=yes&flow=no""></script>",https://fareharbor.com/embeds/book/kayantics/items/609719/?asn=fhdn-gbp&asn-ref=alloutdooradventures&ref=alloutdooradventures&bookable-only=yes&full-items=yes&marketplace=yes&flow=no,https://cdn.filestackcontent.com/KojGQco2RjmzA7MjbEYH
Kanuuh,kanuuh,info@kanuuh.de,+49 08421 /2110,Germany/Bavaria/Treuchtlingen,10.911973,48.952059,631641,Halbtagestour Treuchtlingen-Pappenheim,Boat Rental-Boat Tour-Canoe-Self-Guided Tour-Water Activities,1,35,137,https://fareharbor.com/embeds/calendar/kanuuh/items/631641/?asn=fhdn-eur&asn-ref=alloutdooradventures&ref=alloutdooradventures&bookable-only=yes&full-items=yes&marketplace=yes&flow=no,"<script src=""https://fareharbor.com/embeds/script/calendar/kanuuh/items/631641/?asn=fhdn-eur&asn-ref=alloutdooradventures&ref=alloutdooradventures&bookable-only=yes&full-items=yes&marketplace=yes&flow=no""></script>",https://fareharbor.com/embeds/book/kanuuh/items/631641/?asn=fhdn-eur&asn-ref=alloutdooradventures&ref=alloutdooradventures&bookable-only=yes&full-items=yes&marketplace=yes&flow=no,https://cdn.filestackcontent.com/mNpedi2MQkOO53CeOyeS
Kanuuh,kanuuh,info@kanuuh.de,+49 08421 /2110,Germany/Bavaria/Treuchtlingen,,,631649,Tagestour Treuchtlingen- Solnhofen,Boat Rental-Boat Tour-Canoe-Self-Guided Tour-Water Activities,1,35,0,https://fareharbor.com/embeds/calendar/kanuuh/items/631649/?asn=fhdn-eur&asn-ref=alloutdooradventures&ref=alloutdooradventures&bookable-only=yes&full-items=yes&marketplace=yes&flow=no,"<script src=""https://fareharbor.com/embeds/script/calendar/kanuuh/items/631649/?asn=fhdn-eur&asn-ref=alloutdooradventures&ref=alloutdooradventures&bookable-only=yes&full-items=yes&marketplace=yes&flow=no""></script>",https://fareharbor.com/embeds/book/kanuuh/items/631649/?asn=fhdn-eur&asn-ref=alloutdooradventures&ref=alloutdooradventures&bookable-only=yes&full-items=yes&marketplace=yes&flow=no,https://cdn.filestackcontent.com/qKcdqdJ6QiQOGBmvz3mY
Kanuuh,kanuuh,info@kanuuh.de,+49 08421 /2110,Germany/Bayern/Solnhofen,,,631656,Tagestour Solnhofen-Dollnstein,Boat Rental-Boat Tour-Canoe-Self-Guided Tour-Water Activities,1,35,0,https://fareharbor.com/embeds/calendar/kanuuh/items/631656/?asn=fhdn-eur&asn-ref=alloutdooradventures&ref=alloutdooradventures&bookable-only=yes&full-items=yes&marketplace=yes&flow=no,"<script src=""https://fareharbor.com/embeds/script/calendar/kanuuh/items/631656/?asn=fhdn-eur&asn-ref=alloutdooradventures&ref=alloutdooradventures&bookable-only=yes&full-items=yes&marketplace=yes&flow=no""></script>",https://fareharbor.com/embeds/book/kanuuh/items/631656/?asn=fhdn-eur&asn-ref=alloutdooradventures&ref=alloutdooradventures&bookable-only=yes&full-items=yes&marketplace=yes&flow=no,https://cdn.filestackcontent.com/heIlx9HR86sRZ7hEdxel
Kanuuh,kanuuh,info@kanuuh.de,+49 08421 /2110,Germany/Bayern/Solnhofen,10.974497,48.929226,631661,Tagestour Pappenheim-Dollnstein,Boat Rental-Boat Tour-Canoe-Self-Guided Tour-Water Activities,1,35,0,https://fareharbor.com/embeds/calendar/kanuuh/items/631661/?asn=fhdn-eur&asn-ref=alloutdooradventures&ref=alloutdooradventures&bookable-only=yes&full-items=yes&marketplace=yes&flow=no,"<script src=""https://fareharbor.com/embeds/script/calendar/kanuuh/items/631661/?asn=fhdn-eur&asn-ref=alloutdooradventures&ref=alloutdooradventures&bookable-only=yes&full-items=yes&marketplace=yes&flow=no""></script>",https://fareharbor.com/embeds/book/kanuuh/items/631661/?asn=fhdn-eur&asn-ref=alloutdooradventures&ref=alloutdooradventures&bookable-only=yes&full-items=yes&marketplace=yes&flow=no,https://cdn.filestackcontent.com/IXHXSwHRAGklYFxRoJXB
Wilderness Inquiry,wildernessinquiry,registrations@wildernessinquiry.org,612-676-9400,United States/Minnesota/Orr,,,695863,Voyageurs National Park Family Canoe,Canoe,1,35,1,https://fareharbor.com/embeds/calendar/wildernessinquiry/items/695863/?asn=fhdn&asn-ref=alloutdooradventures&ref=alloutdooradventures&bookable-only=yes&full-items=yes&marketplace=yes&flow=no,"<script src=""https://fareharbor.com/embeds/script/calendar/wildernessinquiry/items/695863/?asn=fhdn&asn-ref=alloutdooradventures&ref=alloutdooradventures&bookable-only=yes&full-items=yes&marketplace=yes&flow=no""></script>",https://fareharbor.com/embeds/book/wildernessinquiry/items/695863/?asn=fhdn&asn-ref=alloutdooradventures&ref=alloutdooradventures&bookable-only=yes&full-items=yes&marketplace=yes&flow=no,https://cdn.filestackcontent.com/RuyHdHZmRFahiuwqgIYd
Outdoor Escapes,outdoorescapesnh,naturenut@outdoorescapesnewhampshire.com,603-528-0136,United States/New Hampshire/Freedom,,,245623,7-Day Great North Woods Inn-to-Inn Paddle Tour,Canoe-History Tour-Kayak-Rentals-Shuttle,7,34,0,https://fareharbor.com/embeds/calendar/outdoorescapesnh/items/245623/?asn=fhdn&asn-ref=alloutdooradventures&ref=alloutdooradventures&bookable-only=yes&full-items=yes&marketplace=yes&flow=no,"<script src=""https://fareharbor.com/embeds/script/calendar/outdoorescapesnh/items/245623/?asn=fhdn&asn-ref=alloutdooradventures&ref=alloutdooradventures&bookable-only=yes&full-items=yes&marketplace=yes&flow=no""></script>",https://fareharbor.com/embeds/book/outdoorescapesnh/items/245623/?asn=fhdn&asn-ref=alloutdooradventures&ref=alloutdooradventures&bookable-only=yes&full-items=yes&marketplace=yes&flow=no,https://cdn.filestackcontent.com/S3uw02HDTESgbOLReeVa
"Bellingham Beach, LLC",bellinghambeach,sales@pacificnorthsports.com,360 794 1688,United States/Washington/Bellingham,,,550468,Canoe Lesson,Canoe,1,34,0,https://fareharbor.com/embeds/calendar/bellinghambeach/items/550468/?asn=fhdn&asn-ref=alloutdooradventures&ref=alloutdooradventures&bookable-only=yes&full-items=yes&marketplace=yes&flow=no,"<script src=""https://fareharbor.com/embeds/script/calendar/bellinghambeach/items/550468/?asn=fhdn&asn-ref=alloutdooradventures&ref=alloutdooradventures&bookable-only=yes&full-items=yes&marketplace=yes&flow=no""></script>",https://fareharbor.com/embeds/book/bellinghambeach/items/550468/?asn=fhdn&asn-ref=alloutdooradventures&ref=alloutdooradventures&bookable-only=yes&full-items=yes&marketplace=yes&flow=no,https://cdn.filestackcontent.com/cHajIuDXRBWAJaVUTn5B
Northern Outdoor,northernoutdooruk,dan@northernoutdoor.co.uk,7966451148,United Kingdom/England/Scremerston,-1.990536,55.737916,614753,2 Days River Tweed Canoe Expedition,Canoe,1,34,4,https://fareharbor.com/embeds/calendar/northernoutdooruk/items/614753/?asn=fhdn-gbp&asn-ref=alloutdooradventures&ref=alloutdooradventures&bookable-only=yes&full-items=yes&marketplace=yes&flow=no,"<script src=""https://fareharbor.com/embeds/script/calendar/northernoutdooruk/items/614753/?asn=fhdn-gbp&asn-ref=alloutdooradventures&ref=alloutdooradventures&bookable-only=yes&full-items=yes&marketplace=yes&flow=no""></script>",https://fareharbor.com/embeds/book/northernoutdooruk/items/614753/?asn=fhdn-gbp&asn-ref=alloutdooradventures&ref=alloutdooradventures&bookable-only=yes&full-items=yes&marketplace=yes&flow=no,https://cdn.filestackcontent.com/aLs0cLv8SSqo3b9rvLsD
Wanderer Kanu Rad & Reisen,naturdorf-eickhof,naturdorf-eickhof@email.de,+49 3846220419,Germany/Mecklenburg-Vorpommern/Warnow,,,625825,Kanu-Kurztour im Durchbruchstal,Canoe,1,34,672,https://fareharbor.com/embeds/calendar/naturdorf-eickhof/items/625825/?asn=fhdn-eur&asn-ref=alloutdooradventures&ref=alloutdooradventures&bookable-only=yes&full-items=yes&marketplace=yes&flow=no,"<script src=""https://fareharbor.com/embeds/script/calendar/naturdorf-eickhof/items/625825/?asn=fhdn-eur&asn-ref=alloutdooradventures&ref=alloutdooradventures&bookable-only=yes&full-items=yes&marketplace=yes&flow=no""></script>",https://fareharbor.com/embeds/book/naturdorf-eickhof/items/625825/?asn=fhdn-eur&asn-ref=alloutdooradventures&ref=alloutdooradventures&bookable-only=yes&full-items=yes&marketplace=yes&flow=no,https://cdn.filestackcontent.com/QaGwOQCoQxqNvCHlbRoM
Hawaiian Ocean Sports,hawaiianoceansports,ashley@hawaiianoceansports.com,808-633-2800,United States/Hawaii/Wailea-Makena,,,403630,Lounge Chair,Canoe,1,33,180,https://fareharbor.com/embeds/calendar/hawaiianoceansports/items/403630/?asn=fhdn&asn-ref=alloutdooradventures&ref=alloutdooradventures&bookable-only=yes&full-items=yes&marketplace=yes&flow=no,"<script src=""https://fareharbor.com/embeds/script/calendar/hawaiianoceansports/items/403630/?asn=fhdn&asn-ref=alloutdooradventures&ref=alloutdooradventures&bookable-only=yes&full-items=yes&marketplace=yes&flow=no""></script>",https://fareharbor.com/embeds/book/hawaiianoceansports/items/403630/?asn=fhdn&asn-ref=alloutdooradventures&ref=alloutdooradventures&bookable-only=yes&full-items=yes&marketplace=yes&flow=no,https://cdn.filestackcontent.com/xvrb9RjETPiZlmFEt2K8
Hawaiian Ocean Sports,hawaiianoceansports,ashley@hawaiianoceansports.com,808-633-2800,United States/Hawaii/Wailea-Makena,,,403647,Resort Umbrella,Canoe,1,33,180,https://fareharbor.com/embeds/calendar/hawaiianoceansports/items/403647/?asn=fhdn&asn-ref=alloutdooradventures&ref=alloutdooradventures&bookable-only=yes&full-items=yes&marketplace=yes&flow=no,"<script src=""https://fareharbor.com/embeds/script/calendar/hawaiianoceansports/items/403647/?asn=fhdn&asn-ref=alloutdooradventures&ref=alloutdooradventures&bookable-only=yes&full-items=yes&marketplace=yes&flow=no""></script>",https://fareharbor.com/embeds/book/hawaiianoceansports/items/403647/?asn=fhdn&asn-ref=alloutdooradventures&ref=alloutdooradventures&bookable-only=yes&full-items=yes&marketplace=yes&flow=no,https://cdn.filestackcontent.com/vBaPv4rRLqbGZnYKtBEQ
Loch Ard Adventure Ltd,operationplayoutdoors,info@lochardadventure.co.uk,+4401877387266,United Kingdom/Scotland/Kinlochard,,,442792,Loch Ard Canoe Tours Full Day,Canoe,2,33,0,https://fareharbor.com/embeds/calendar/operationplayoutdoors/items/442792/?asn=fhdn-gbp&asn-ref=alloutdooradventures&ref=alloutdooradventures&bookable-only=yes&full-items=yes&marketplace=yes&flow=no,"<script src=""https://fareharbor.com/embeds/script/calendar/operationplayoutdoors/items/442792/?asn=fhdn-gbp&asn-ref=alloutdooradventures&ref=alloutdooradventures&bookable-only=yes&full-items=yes&marketplace=yes&flow=no""></script>",https://fareharbor.com/embeds/book/operationplayoutdoors/items/442792/?asn=fhdn-gbp&asn-ref=alloutdooradventures&ref=alloutdooradventures&bookable-only=yes&full-items=yes&marketplace=yes&flow=no,https://cdn.filestackcontent.com/1IMDV6sCSbS3xwG3b2DQ
E-Bikes & Boards,e-bikesandboards,bridgerproperties621@gmail.com,251-505-2925,United States/Alabama/Gulf Shores,,,452942,HALF DAY SUP/KAYAK Rentals,Attraction-Boat Rental-Boat Tour-Canoe-Eco Tour-Environmental Attraction-Guided Tour-Kayak-Photography Tour-Rentals-Self-Guided Tour-Sightseeing Tour-SUP-Water Activities-Wildlife-Winter Activities,2,33,1602,https://fareharbor.com/embeds/calendar/e-bikesandboards/items/452942/?asn=fhdn&asn-ref=alloutdooradventures&ref=alloutdooradventures&bookable-only=yes&full-items=yes&marketplace=yes&flow=no,"<script src=""https://fareharbor.com/embeds/script/calendar/e-bikesandboards/items/452942/?asn=fhdn&asn-ref=alloutdooradventures&ref=alloutdooradventures&bookable-only=yes&full-items=yes&marketplace=yes&flow=no""></script>",https://fareharbor.com/embeds/book/e-bikesandboards/items/452942/?asn=fhdn&asn-ref=alloutdooradventures&ref=alloutdooradventures&bookable-only=yes&full-items=yes&marketplace=yes&flow=no,https://cdn.filestackcontent.com/k2CNsjnIQiO1dL6ycDe6
E-Bikes & Boards,e-bikesandboards,bridgerproperties621@gmail.com,251-505-2925,United States/Alabama/Gulf Shores,,,452964,FULL DAY   SUP/KAYAK Rentals,Attraction-Boat Rental-Boat Tour-Canoe-Eco Tour-Environmental Attraction-Guided Tour-Kayak-Photography Tour-Rentals-Self-Guided Tour-Sightseeing Tour-SUP-Water Activities-Wildlife-Winter Activities,2,33,178,https://fareharbor.com/embeds/calendar/e-bikesandboards/items/452964/?asn=fhdn&asn-ref=alloutdooradventures&ref=alloutdooradventures&bookable-only=yes&full-items=yes&marketplace=yes&flow=no,"<script src=""https://fareharbor.com/embeds/script/calendar/e-bikesandboards/items/452964/?asn=fhdn&asn-ref=alloutdooradventures&ref=alloutdooradventures&bookable-only=yes&full-items=yes&marketplace=yes&flow=no""></script>",https://fareharbor.com/embeds/book/e-bikesandboards/items/452964/?asn=fhdn&asn-ref=alloutdooradventures&ref=alloutdooradventures&bookable-only=yes&full-items=yes&marketplace=yes&flow=no,https://cdn.filestackcontent.com/3wjhpdddQ36QyXzXyQ2s
Heide Kanu,heide-kanu,info@heide-kanu.de,+49 4132 933933,Germany/Niedersachsen/Salzhausen,10.162619,53.226708,627776,Kanutour auf der Luhe von Luhmühlen bis Garstedt,Canoe,1,33,412,https://fareharbor.com/embeds/calendar/heide-kanu/items/627776/?asn=fhdn-eur&asn-ref=alloutdooradventures&ref=alloutdooradventures&bookable-only=yes&full-items=yes&marketplace=yes&flow=no,"<script src=""https://fareharbor.com/embeds/script/calendar/heide-kanu/items/627776/?asn=fhdn-eur&asn-ref=alloutdooradventures&ref=alloutdooradventures&bookable-only=yes&full-items=yes&marketplace=yes&flow=no""></script>",https://fareharbor.com/embeds/book/heide-kanu/items/627776/?asn=fhdn-eur&asn-ref=alloutdooradventures&ref=alloutdooradventures&bookable-only=yes&full-items=yes&marketplace=yes&flow=no,https://cdn.filestackcontent.com/J2mYL1kQTDOTNUGGdvmH
Heide Kanu,heide-kanu,info@heide-kanu.de,+49 4132 933933,Germany/Niedersachsen/Oldendorf (Luhe),10.21929,53.17552,627788,Kanutour auf der Luhe von Wetzen bis Garstedt,Canoe,1,33,412,https://fareharbor.com/embeds/calendar/heide-kanu/items/627788/?asn=fhdn-eur&asn-ref=alloutdooradventures&ref=alloutdooradventures&bookable-only=yes&full-items=yes&marketplace=yes&flow=no,"<script src=""https://fareharbor.com/embeds/script/calendar/heide-kanu/items/627788/?asn=fhdn-eur&asn-ref=alloutdooradventures&ref=alloutdooradventures&bookable-only=yes&full-items=yes&marketplace=yes&flow=no""></script>",https://fareharbor.com/embeds/book/heide-kanu/items/627788/?asn=fhdn-eur&asn-ref=alloutdooradventures&ref=alloutdooradventures&bookable-only=yes&full-items=yes&marketplace=yes&flow=no,https://cdn.filestackcontent.com/NQidxJ6Rji15nPBaHu1e
Heide Kanu,heide-kanu,info@heide-kanu.de,+49 4132 933933,Germany/Niedersachsen/Salzhausen,10.162619,53.226708,627792,Kanutour auf der Luhe von Luhmühlen bis Bahlburg,Canoe,1,33,618,https://fareharbor.com/embeds/calendar/heide-kanu/items/627792/?asn=fhdn-eur&asn-ref=alloutdooradventures&ref=alloutdooradventures&bookable-only=yes&full-items=yes&marketplace=yes&flow=no,"<script src=""https://fareharbor.com/embeds/script/calendar/heide-kanu/items/627792/?asn=fhdn-eur&asn-ref=alloutdooradventures&ref=alloutdooradventures&bookable-only=yes&full-items=yes&marketplace=yes&flow=no""></script>",https://fareharbor.com/embeds/book/heide-kanu/items/627792/?asn=fhdn-eur&asn-ref=alloutdooradventures&ref=alloutdooradventures&bookable-only=yes&full-items=yes&marketplace=yes&flow=no,https://cdn.filestackcontent.com/jFE3ZFPSZuGRVhhPpEuw
Heide Kanu,heide-kanu,info@heide-kanu.de,+49 4132 933933,Germany/Niedersachsen/Salzhausen,10.162619,53.226708,627798,Kanutour auf der Luhe von Luhmühlen bis Luhdorf,Canoe,1,33,515,https://fareharbor.com/embeds/calendar/heide-kanu/items/627798/?asn=fhdn-eur&asn-ref=alloutdooradventures&ref=alloutdooradventures&bookable-only=yes&full-items=yes&marketplace=yes&flow=no,"<script src=""https://fareharbor.com/embeds/script/calendar/heide-kanu/items/627798/?asn=fhdn-eur&asn-ref=alloutdooradventures&ref=alloutdooradventures&bookable-only=yes&full-items=yes&marketplace=yes&flow=no""></script>",https://fareharbor.com/embeds/book/heide-kanu/items/627798/?asn=fhdn-eur&asn-ref=alloutdooradventures&ref=alloutdooradventures&bookable-only=yes&full-items=yes&marketplace=yes&flow=no,https://cdn.filestackcontent.com/v3WfqC5zTqim9SJmlxVA
Heide Kanu,heide-kanu,info@heide-kanu.de,+49 4132 933933,Germany/Niedersachsen/Bienenbüttel,,,627836,Paddeln auf der Ilmenau von Bienenbüttel bis Lüneburg,Canoe,1,33,1030,https://fareharbor.com/embeds/calendar/heide-kanu/items/627836/?asn=fhdn-eur&asn-ref=alloutdooradventures&ref=alloutdooradventures&bookable-only=yes&full-items=yes&marketplace=yes&flow=no,"<script src=""https://fareharbor.com/embeds/script/calendar/heide-kanu/items/627836/?asn=fhdn-eur&asn-ref=alloutdooradventures&ref=alloutdooradventures&bookable-only=yes&full-items=yes&marketplace=yes&flow=no""></script>",https://fareharbor.com/embeds/book/heide-kanu/items/627836/?asn=fhdn-eur&asn-ref=alloutdooradventures&ref=alloutdooradventures&bookable-only=yes&full-items=yes&marketplace=yes&flow=no,https://cdn.filestackcontent.com/dApESqrrQ5ernRNXYcIL
Heide Kanu,heide-kanu,info@heide-kanu.de,+49 4132 933933,Germany/Niedersachsen/Deutsch Evern,,,627838,Paddeln auf der Ilmenau von Deutsch Evern bis Lüneburg,Canoe,1,33,721,https://fareharbor.com/embeds/calendar/heide-kanu/items/627838/?asn=fhdn-eur&asn-ref=alloutdooradventures&ref=alloutdooradventures&bookable-only=yes&full-items=yes&marketplace=yes&flow=no,"<script src=""https://fareharbor.com/embeds/script/calendar/heide-kanu/items/627838/?asn=fhdn-eur&asn-ref=alloutdooradventures&ref=alloutdooradventures&bookable-only=yes&full-items=yes&marketplace=yes&flow=no""></script>",https://fareharbor.com/embeds/book/heide-kanu/items/627838/?asn=fhdn-eur&asn-ref=alloutdooradventures&ref=alloutdooradventures&bookable-only=yes&full-items=yes&marketplace=yes&flow=no,https://cdn.filestackcontent.com/6UvGufjwQROZKRayuHLm
Heide Kanu,heide-kanu,info@heide-kanu.de,+49 4132 933933,Germany/Niedersachsen/Bienenbüttel,10.491106,53.142736,627845,Paddeln auf der Ilmenau von Bienenbüttel bis Rote Schleuse,Canoe,1,33,515,https://fareharbor.com/embeds/calendar/heide-kanu/items/627845/?asn=fhdn-eur&asn-ref=alloutdooradventures&ref=alloutdooradventures&bookable-only=yes&full-items=yes&marketplace=yes&flow=no,"<script src=""https://fareharbor.com/embeds/script/calendar/heide-kanu/items/627845/?asn=fhdn-eur&asn-ref=alloutdooradventures&ref=alloutdooradventures&bookable-only=yes&full-items=yes&marketplace=yes&flow=no""></script>",https://fareharbor.com/embeds/book/heide-kanu/items/627845/?asn=fhdn-eur&asn-ref=alloutdooradventures&ref=alloutdooradventures&bookable-only=yes&full-items=yes&marketplace=yes&flow=no,https://cdn.filestackcontent.com/SvU3wSuERy2J6aujjpV9
Heide Kanu,heide-kanu,info@heide-kanu.de,+49 4132 933933,Germany/Niedersachsen/Asendorf,,,627849,Kanutour auf der Seeve von Jesteburg bis zur Horster Mühle,Canoe,1,33,749,https://fareharbor.com/embeds/calendar/heide-kanu/items/627849/?asn=fhdn-eur&asn-ref=alloutdooradventures&ref=alloutdooradventures&bookable-only=yes&full-items=yes&marketplace=yes&flow=no,"<script src=""https://fareharbor.com/embeds/script/calendar/heide-kanu/items/627849/?asn=fhdn-eur&asn-ref=alloutdooradventures&ref=alloutdooradventures&bookable-only=yes&full-items=yes&marketplace=yes&flow=no""></script>",https://fareharbor.com/embeds/book/heide-kanu/items/627849/?asn=fhdn-eur&asn-ref=alloutdooradventures&ref=alloutdooradventures&bookable-only=yes&full-items=yes&marketplace=yes&flow=no,https://cdn.filestackcontent.com/2cOiDF2CS5C0MWE2yVsV
JK Adventure Guides,jkadventureguides,JKAdventureGuides@gmail.com,803-397-0000,United States/South Carolina/Cayce,-81.029289,33.949137,370123,Kayak Guide Training,Canoe,2,32,0,https://fareharbor.com/embeds/calendar/jkadventureguides/items/370123/?asn=fhdn&asn-ref=alloutdooradventures&ref=alloutdooradventures&bookable-only=yes&full-items=yes&marketplace=yes&flow=no,"<script src=""https://fareharbor.com/embeds/script/calendar/jkadventureguides/items/370123/?asn=fhdn&asn-ref=alloutdooradventures&ref=alloutdooradventures&bookable-only=yes&full-items=yes&marketplace=yes&flow=no""></script>",https://fareharbor.com/embeds/book/jkadventureguides/items/370123/?asn=fhdn&asn-ref=alloutdooradventures&ref=alloutdooradventures&bookable-only=yes&full-items=yes&marketplace=yes&flow=no,https://cdn.filestackcontent.com/STDR7nATRq9IXSf09qXw
Biggar Adventure,biggaradventure,craig@biggaradventure.co.uk,+447834871575,United Kingdom/Scotland/Peebles,-3.193376,55.656488,387483,STAG BREAKS,Canoe-Events-Pub Crawl,2,32,0,https://fareharbor.com/embeds/calendar/biggaradventure/items/387483/?asn=fhdn-gbp&asn-ref=alloutdooradventures&ref=alloutdooradventures&bookable-only=yes&full-items=yes&marketplace=yes&flow=no,"<script src=""https://fareharbor.com/embeds/script/calendar/biggaradventure/items/387483/?asn=fhdn-gbp&asn-ref=alloutdooradventures&ref=alloutdooradventures&bookable-only=yes&full-items=yes&marketplace=yes&flow=no""></script>",https://fareharbor.com/embeds/book/biggaradventure/items/387483/?asn=fhdn-gbp&asn-ref=alloutdooradventures&ref=alloutdooradventures&bookable-only=yes&full-items=yes&marketplace=yes&flow=no,https://cdn.filestackcontent.com/pmLgmHWEQMqs0ghjChtA
Donautal Kanuverleih,donautal-kanuverleih,info@donautal-kanuverleih.de,0049 75702929995,Germany/Baden-Württemberg/Lichtenstein,9.254877,48.431847,538501,Tour 3 Sigmaringen - Sigmaringendorf,Canoe,2,32,31,https://fareharbor.com/embeds/calendar/donautal-kanuverleih/items/538501/?asn=fhdn-eur&asn-ref=alloutdooradventures&ref=alloutdooradventures&bookable-only=yes&full-items=yes&marketplace=yes&flow=no,"<script src=""https://fareharbor.com/embeds/script/calendar/donautal-kanuverleih/items/538501/?asn=fhdn-eur&asn-ref=alloutdooradventures&ref=alloutdooradventures&bookable-only=yes&full-items=yes&marketplace=yes&flow=no""></script>",https://fareharbor.com/embeds/book/donautal-kanuverleih/items/538501/?asn=fhdn-eur&asn-ref=alloutdooradventures&ref=alloutdooradventures&bookable-only=yes&full-items=yes&marketplace=yes&flow=no,https://cdn.filestackcontent.com/O76zazeyRyOvjLWjFuZo
Wasserwerk Rastplatz & Kanucamp an der Saale UG,saalerastplatz,kontakt@saalerastplatz-wasserwerk.de,+49 15560 579440,Germany/Thüringen/Dornburg-Camburg,,,596602,Kanutour Wasserwerk Naturcamp - Bad Kösen,Canoe,3,32,48,https://fareharbor.com/embeds/calendar/saalerastplatz/items/596602/?asn=fhdn-eur&asn-ref=alloutdooradventures&ref=alloutdooradventures&bookable-only=yes&full-items=yes&marketplace=yes&flow=no,"<script src=""https://fareharbor.com/embeds/script/calendar/saalerastplatz/items/596602/?asn=fhdn-eur&asn-ref=alloutdooradventures&ref=alloutdooradventures&bookable-only=yes&full-items=yes&marketplace=yes&flow=no""></script>",https://fareharbor.com/embeds/book/saalerastplatz/items/596602/?asn=fhdn-eur&asn-ref=alloutdooradventures&ref=alloutdooradventures&bookable-only=yes&full-items=yes&marketplace=yes&flow=no,https://cdn.filestackcontent.com/eaVyvyZfT3ekSAY0SHzZ
Beyond Adventure,beyondadventure,email@beyondadventure.co.uk,01887 829 202,United Kingdom/Scotland/Riverside,,,614015,The River Tay Expedition,Canoe,1,32,0,https://fareharbor.com/embeds/calendar/beyondadventure/items/614015/?asn=fhdn-gbp&asn-ref=alloutdooradventures&ref=alloutdooradventures&bookable-only=yes&full-items=yes&marketplace=yes&flow=no,"<script src=""https://fareharbor.com/embeds/script/calendar/beyondadventure/items/614015/?asn=fhdn-gbp&asn-ref=alloutdooradventures&ref=alloutdooradventures&bookable-only=yes&full-items=yes&marketplace=yes&flow=no""></script>",https://fareharbor.com/embeds/book/beyondadventure/items/614015/?asn=fhdn-gbp&asn-ref=alloutdooradventures&ref=alloutdooradventures&bookable-only=yes&full-items=yes&marketplace=yes&flow=no,https://cdn.filestackcontent.com/hiDLxG9ToiFjfqoiyXah
Scamper Island Camping Water Taxi,whitsundaycamping,info@whitsundaycamping.com.au,0487 226 737,Australia/Queensland/Shute Harbour,,,680947,Ngaro Track - Transfer (Departure),Canoe-Eco Tour-Environmental Attraction-Guided Tour-Hiking-Hop On Hop Off-Transfer-Self-Guided Tour-Shuttle-Transportation-Walking Tour-Water Activities-Wildlife-Winter Activities,1,32,32,https://fareharbor.com/embeds/calendar/whitsundaycamping/items/680947/?asn=fhdn-aud&asn-ref=alloutdooradventures&ref=alloutdooradventures&bookable-only=yes&full-items=yes&marketplace=yes&flow=no,"<script src=""https://fareharbor.com/embeds/script/calendar/whitsundaycamping/items/680947/?asn=fhdn-aud&asn-ref=alloutdooradventures&ref=alloutdooradventures&bookable-only=yes&full-items=yes&marketplace=yes&flow=no""></script>",https://fareharbor.com/embeds/book/whitsundaycamping/items/680947/?asn=fhdn-aud&asn-ref=alloutdooradventures&ref=alloutdooradventures&bookable-only=yes&full-items=yes&marketplace=yes&flow=no,https://cdn.filestackcontent.com/nOaYFBsT2u3LqDWdMfGs
Norfolk Outdoor Adventures,norfolkoutdooradventures,info@norfolkoutdoor.co.uk,07498 206465,United Kingdom/England/Norwich,,,389846,"Outrigger Canoeing - ""A Taste of Tahiti in Norfolk!",Boat Tour-Canoe-Surf,4,31,0,https://fareharbor.com/embeds/calendar/norfolkoutdooradventures/items/389846/?asn=fhdn-gbp&asn-ref=alloutdooradventures&ref=alloutdooradventures&bookable-only=yes&full-items=yes&marketplace=yes&flow=no,"<script src=""https://fareharbor.com/embeds/script/calendar/norfolkoutdooradventures/items/389846/?asn=fhdn-gbp&asn-ref=alloutdooradventures&ref=alloutdooradventures&bookable-only=yes&full-items=yes&marketplace=yes&flow=no""></script>",https://fareharbor.com/embeds/book/norfolkoutdooradventures/items/389846/?asn=fhdn-gbp&asn-ref=alloutdooradventures&ref=alloutdooradventures&bookable-only=yes&full-items=yes&marketplace=yes&flow=no,https://cdn.filestackcontent.com/Uh7KXjMjRIW7L96C8VCF
Out Active,out-active,info@out-active.de,0049 7124 354 99,Germany/Baden-Württemberg/Sigmaringen,9.114621,48.077987,567766,Yoga & Kanu,Canoe-Wellness,2,31,0,https://fareharbor.com/embeds/calendar/out-active/items/567766/?asn=fhdn-eur&asn-ref=alloutdooradventures&ref=alloutdooradventures&bookable-only=yes&full-items=yes&marketplace=yes&flow=no,"<script src=""https://fareharbor.com/embeds/script/calendar/out-active/items/567766/?asn=fhdn-eur&asn-ref=alloutdooradventures&ref=alloutdooradventures&bookable-only=yes&full-items=yes&marketplace=yes&flow=no""></script>",https://fareharbor.com/embeds/book/out-active/items/567766/?asn=fhdn-eur&asn-ref=alloutdooradventures&ref=alloutdooradventures&bookable-only=yes&full-items=yes&marketplace=yes&flow=no,https://cdn.filestackcontent.com/EnwyCc8XQWK2bkBGfC2x
Beyond Adventure,beyondadventure,email@beyondadventure.co.uk,01887 829 202,United Kingdom/Scotland/Riverside,,,613994,Beaver Safari,Canoe,1,31,7,https://fareharbor.com/embeds/calendar/beyondadventure/items/613994/?asn=fhdn-gbp&asn-ref=alloutdooradventures&ref=alloutdooradventures&bookable-only=yes&full-items=yes&marketplace=yes&flow=no,"<script src=""https://fareharbor.com/embeds/script/calendar/beyondadventure/items/613994/?asn=fhdn-gbp&asn-ref=alloutdooradventures&ref=alloutdooradventures&bookable-only=yes&full-items=yes&marketplace=yes&flow=no""></script>",https://fareharbor.com/embeds/book/beyondadventure/items/613994/?asn=fhdn-gbp&asn-ref=alloutdooradventures&ref=alloutdooradventures&bookable-only=yes&full-items=yes&marketplace=yes&flow=no,https://cdn.filestackcontent.com/vhIsITWQTuK1XZL8gstN
Wolastoq Cycling,wolastoqcycling,jamie@wolastoqcycling.repair,(506) 962 9255,Canada/New Brunswick/Woodstock First Nation,,,672798,Full Day Rentals,Bike Rental-Canoe-E-Bike-Kayak,1,31,93,https://fareharbor.com/embeds/calendar/wolastoqcycling/items/672798/?asn=fhdn-cad&asn-ref=alloutdooradventures&ref=alloutdooradventures&bookable-only=yes&full-items=yes&marketplace=yes&flow=no,"<script src=""https://fareharbor.com/embeds/script/calendar/wolastoqcycling/items/672798/?asn=fhdn-cad&asn-ref=alloutdooradventures&ref=alloutdooradventures&bookable-only=yes&full-items=yes&marketplace=yes&flow=no""></script>",https://fareharbor.com/embeds/book/wolastoqcycling/items/672798/?asn=fhdn-cad&asn-ref=alloutdooradventures&ref=alloutdooradventures&bookable-only=yes&full-items=yes&marketplace=yes&flow=no,https://cdn.filestackcontent.com/X6qgsf7oS3Ctk7Bs761p
Wilderness Adventures with Mush Maine,wildernessadventures-mushmaine,jonathannathanielhayes@gmail.com,1-207-728-5997,United States/Maine/Saint Francis,-68.909847,47.168582,674069,Allagash Wilderness Canoe Adventure,Canoe-Winter Activities,1,31,11,https://fareharbor.com/embeds/calendar/wildernessadventures-mushmaine/items/674069/?asn=fhdn&asn-ref=alloutdooradventures&ref=alloutdooradventures&bookable-only=yes&full-items=yes&marketplace=yes&flow=no,"<script src=""https://fareharbor.com/embeds/script/calendar/wildernessadventures-mushmaine/items/674069/?asn=fhdn&asn-ref=alloutdooradventures&ref=alloutdooradventures&bookable-only=yes&full-items=yes&marketplace=yes&flow=no""></script>",https://fareharbor.com/embeds/book/wildernessadventures-mushmaine/items/674069/?asn=fhdn&asn-ref=alloutdooradventures&ref=alloutdooradventures&bookable-only=yes&full-items=yes&marketplace=yes&flow=no,https://cdn.filestackcontent.com/FX3wdeV0Q1avnM00JAJs
Wilderness Adventures with Mush Maine,wildernessadventures-mushmaine,jonathannathanielhayes@gmail.com,1-207-728-5997,United States/Maine/Saint Francis,-68.909847,47.168582,674079,Eagle Lake Canoe Adventure,Canoe,1,31,8,https://fareharbor.com/embeds/calendar/wildernessadventures-mushmaine/items/674079/?asn=fhdn&asn-ref=alloutdooradventures&ref=alloutdooradventures&bookable-only=yes&full-items=yes&marketplace=yes&flow=no,"<script src=""https://fareharbor.com/embeds/script/calendar/wildernessadventures-mushmaine/items/674079/?asn=fhdn&asn-ref=alloutdooradventures&ref=alloutdooradventures&bookable-only=yes&full-items=yes&marketplace=yes&flow=no""></script>",https://fareharbor.com/embeds/book/wildernessadventures-mushmaine/items/674079/?asn=fhdn&asn-ref=alloutdooradventures&ref=alloutdooradventures&bookable-only=yes&full-items=yes&marketplace=yes&flow=no,https://cdn.filestackcontent.com/Acy5TZsQryj8OAmKJzOQ
Adventures Unlimited,adventures-unlimited,getwet@adventuresunlimited.net,423-338-4325,United States/Tennessee/Ocoee,,,72536,Full Ocoee River Deluxe Trip,Canoe-Events-Rafting-Rentals,1,30,25,https://fareharbor.com/embeds/calendar/adventures-unlimited/items/72536/?asn=fhdn&asn-ref=alloutdooradventures&ref=alloutdooradventures&bookable-only=yes&full-items=yes&marketplace=yes&flow=no,"<script src=""https://fareharbor.com/embeds/script/calendar/adventures-unlimited/items/72536/?asn=fhdn&asn-ref=alloutdooradventures&ref=alloutdooradventures&bookable-only=yes&full-items=yes&marketplace=yes&flow=no""></script>",https://fareharbor.com/embeds/book/adventures-unlimited/items/72536/?asn=fhdn&asn-ref=alloutdooradventures&ref=alloutdooradventures&bookable-only=yes&full-items=yes&marketplace=yes&flow=no,https://cdn.filestackcontent.com/kpyWAWDHSTCZK7gw9Ts0
Norfolk Outdoor Adventures,norfolkoutdooradventures,info@norfolkoutdoor.co.uk,07498 206465,United Kingdom/England/Norwich,,,354301,Outrigger Canoeing Experience Day,Boat Tour-Canoe-Surf,4,30,0,https://fareharbor.com/embeds/calendar/norfolkoutdooradventures/items/354301/?asn=fhdn-gbp&asn-ref=alloutdooradventures&ref=alloutdooradventures&bookable-only=yes&full-items=yes&marketplace=yes&flow=no,"<script src=""https://fareharbor.com/embeds/script/calendar/norfolkoutdooradventures/items/354301/?asn=fhdn-gbp&asn-ref=alloutdooradventures&ref=alloutdooradventures&bookable-only=yes&full-items=yes&marketplace=yes&flow=no""></script>",https://fareharbor.com/embeds/book/norfolkoutdooradventures/items/354301/?asn=fhdn-gbp&asn-ref=alloutdooradventures&ref=alloutdooradventures&bookable-only=yes&full-items=yes&marketplace=yes&flow=no,https://cdn.filestackcontent.com/hjFuYTRRgaT3ASwx1blg
Lake Mary Country Store,lakemarycountrystore,LakeMaryCountryStore@gmail.com,(928) 774-1742,United States/Arizona/Flagstaff,,,289821,Full Day Rental,Boat Rental-Canoe-Fishing-Rentals-SUP,1,29,0,https://fareharbor.com/embeds/calendar/lakemarycountrystore/items/289821/?asn=fhdn&asn-ref=alloutdooradventures&ref=alloutdooradventures&bookable-only=yes&full-items=yes&marketplace=yes&flow=no,"<script src=""https://fareharbor.com/embeds/script/calendar/lakemarycountrystore/items/289821/?asn=fhdn&asn-ref=alloutdooradventures&ref=alloutdooradventures&bookable-only=yes&full-items=yes&marketplace=yes&flow=no""></script>",https://fareharbor.com/embeds/book/lakemarycountrystore/items/289821/?asn=fhdn&asn-ref=alloutdooradventures&ref=alloutdooradventures&bookable-only=yes&full-items=yes&marketplace=yes&flow=no,https://cdn.filestackcontent.com/pHXp18dfTK2CqM4IoKhP
Loch Ard Adventure Ltd,operationplayoutdoors,info@lochardadventure.co.uk,+4401877387266,United Kingdom/Scotland/Kinlochard,,,492777,Canoe & Bushcraft,Canoe,4,29,0,https://fareharbor.com/embeds/calendar/operationplayoutdoors/items/492777/?asn=fhdn-gbp&asn-ref=alloutdooradventures&ref=alloutdooradventures&bookable-only=yes&full-items=yes&marketplace=yes&flow=no,"<script src=""https://fareharbor.com/embeds/script/calendar/operationplayoutdoors/items/492777/?asn=fhdn-gbp&asn-ref=alloutdooradventures&ref=alloutdooradventures&bookable-only=yes&full-items=yes&marketplace=yes&flow=no""></script>",https://fareharbor.com/embeds/book/operationplayoutdoors/items/492777/?asn=fhdn-gbp&asn-ref=alloutdooradventures&ref=alloutdooradventures&bookable-only=yes&full-items=yes&marketplace=yes&flow=no,https://cdn.filestackcontent.com/LCyQB4YNQz6Lx4oA7TZd
Biggar Adventure,biggaradventure,craig@biggaradventure.co.uk,+447834871575,United Kingdom/Scotland/Clovenfords,,,509866,River Tweed Canoe Glenkinnon-Abbotsford,Canoe,1,29,81,https://fareharbor.com/embeds/calendar/biggaradventure/items/509866/?asn=fhdn-gbp&asn-ref=alloutdooradventures&ref=alloutdooradventures&bookable-only=yes&full-items=yes&marketplace=yes&flow=no,"<script src=""https://fareharbor.com/embeds/script/calendar/biggaradventure/items/509866/?asn=fhdn-gbp&asn-ref=alloutdooradventures&ref=alloutdooradventures&bookable-only=yes&full-items=yes&marketplace=yes&flow=no""></script>",https://fareharbor.com/embeds/book/biggaradventure/items/509866/?asn=fhdn-gbp&asn-ref=alloutdooradventures&ref=alloutdooradventures&bookable-only=yes&full-items=yes&marketplace=yes&flow=no,https://cdn.filestackcontent.com/v2PARCSQ3W48t9DRqoTQ
Biggar Adventure,biggaradventure,craig@biggaradventure.co.uk,+447834871575,United Kingdom/Scotland/Galashiels,,,548774,Canoe Yair-Waverly Road Melrose,Canoe,1,29,81,https://fareharbor.com/embeds/calendar/biggaradventure/items/548774/?asn=fhdn-gbp&asn-ref=alloutdooradventures&ref=alloutdooradventures&bookable-only=yes&full-items=yes&marketplace=yes&flow=no,"<script src=""https://fareharbor.com/embeds/script/calendar/biggaradventure/items/548774/?asn=fhdn-gbp&asn-ref=alloutdooradventures&ref=alloutdooradventures&bookable-only=yes&full-items=yes&marketplace=yes&flow=no""></script>",https://fareharbor.com/embeds/book/biggaradventure/items/548774/?asn=fhdn-gbp&asn-ref=alloutdooradventures&ref=alloutdooradventures&bookable-only=yes&full-items=yes&marketplace=yes&flow=no,https://cdn.filestackcontent.com/NfsVYmB7SA2xSjHx0L55
Out Active,out-active,info@out-active.de,0049 7124 354 99,Germany/Bavaria/Sulzberg,10.337884,47.679068,567771,Tourguide Ausbildung bei Out Active (nach der Richtlinien der Bundesverband Kanu e.V.) / Iller,Canoe,1,29,0,https://fareharbor.com/embeds/calendar/out-active/items/567771/?asn=fhdn-eur&asn-ref=alloutdooradventures&ref=alloutdooradventures&bookable-only=yes&full-items=yes&marketplace=yes&flow=no,"<script src=""https://fareharbor.com/embeds/script/calendar/out-active/items/567771/?asn=fhdn-eur&asn-ref=alloutdooradventures&ref=alloutdooradventures&bookable-only=yes&full-items=yes&marketplace=yes&flow=no""></script>",https://fareharbor.com/embeds/book/out-active/items/567771/?asn=fhdn-eur&asn-ref=alloutdooradventures&ref=alloutdooradventures&bookable-only=yes&full-items=yes&marketplace=yes&flow=no,https://cdn.filestackcontent.com/9HcKFGOTkuSVduU8E7CA
Whitewater Canoe Rental,whitewatercanoerental,whitewaterbrookville@gmail.com,7656475434,United States/Indiana/Brookville,,,663729,Canoe Rental,Canoe,1,29,0,https://fareharbor.com/embeds/calendar/whitewatercanoerental/items/663729/?asn=fhdn&asn-ref=alloutdooradventures&ref=alloutdooradventures&bookable-only=yes&full-items=yes&marketplace=yes&flow=no,"<script src=""https://fareharbor.com/embeds/script/calendar/whitewatercanoerental/items/663729/?asn=fhdn&asn-ref=alloutdooradventures&ref=alloutdooradventures&bookable-only=yes&full-items=yes&marketplace=yes&flow=no""></script>",https://fareharbor.com/embeds/book/whitewatercanoerental/items/663729/?asn=fhdn&asn-ref=alloutdooradventures&ref=alloutdooradventures&bookable-only=yes&full-items=yes&marketplace=yes&flow=no,https://cdn.filestackcontent.com/sTEc4iIrRQ6Fy330bpDV
BergerTours,bergertours,bergertours@web.de,+49339312042,Germany/Brandenburg/Rheinsberg,,,688474,Rhin Tour,Canoe,1,29,63,https://fareharbor.com/embeds/calendar/bergertours/items/688474/?asn=fhdn-eur&asn-ref=alloutdooradventures&ref=alloutdooradventures&bookable-only=yes&full-items=yes&marketplace=yes&flow=no,"<script src=""https://fareharbor.com/embeds/script/calendar/bergertours/items/688474/?asn=fhdn-eur&asn-ref=alloutdooradventures&ref=alloutdooradventures&bookable-only=yes&full-items=yes&marketplace=yes&flow=no""></script>",https://fareharbor.com/embeds/book/bergertours/items/688474/?asn=fhdn-eur&asn-ref=alloutdooradventures&ref=alloutdooradventures&bookable-only=yes&full-items=yes&marketplace=yes&flow=no,https://cdn.filestackcontent.com/Kwg1Qw0RWWXJ1t7Erg2A
Wilderness Inquiry,wildernessinquiry,registrations@wildernessinquiry.org,612-676-9400,United States/Minnesota/Bloomington,,,695838,Boundary Waters Family Canoe and Hike,Canoe,1,29,3,https://fareharbor.com/embeds/calendar/wildernessinquiry/items/695838/?asn=fhdn&asn-ref=alloutdooradventures&ref=alloutdooradventures&bookable-only=yes&full-items=yes&marketplace=yes&flow=no,"<script src=""https://fareharbor.com/embeds/script/calendar/wildernessinquiry/items/695838/?asn=fhdn&asn-ref=alloutdooradventures&ref=alloutdooradventures&bookable-only=yes&full-items=yes&marketplace=yes&flow=no""></script>",https://fareharbor.com/embeds/book/wildernessinquiry/items/695838/?asn=fhdn&asn-ref=alloutdooradventures&ref=alloutdooradventures&bookable-only=yes&full-items=yes&marketplace=yes&flow=no,https://cdn.filestackcontent.com/oYTw8JsBQlWJW79YicGn
Nature Adventures Outfitters,natureadventureoutfitters,naoadventurecenter@gmail.com,+1 843-697-2075,United States/South Carolina/McClellanville,-79.56177989999999,33.0393944,178289,Awendaw Creek Paddle and Hike,Canoe-Dolphin-Hiking-History Tour,1,28,0,https://fareharbor.com/embeds/calendar/natureadventureoutfitters/items/178289/?asn=fhdn&asn-ref=alloutdooradventures&ref=alloutdooradventures&bookable-only=yes&full-items=yes&marketplace=yes&flow=no,"<script src=""https://fareharbor.com/embeds/script/calendar/natureadventureoutfitters/items/178289/?asn=fhdn&asn-ref=alloutdooradventures&ref=alloutdooradventures&bookable-only=yes&full-items=yes&marketplace=yes&flow=no""></script>",https://fareharbor.com/embeds/book/natureadventureoutfitters/items/178289/?asn=fhdn&asn-ref=alloutdooradventures&ref=alloutdooradventures&bookable-only=yes&full-items=yes&marketplace=yes&flow=no,https://cdn.filestackcontent.com/i9v3IjlVQ9GcQz9Ta17U
Temple Bar Marina,templebarlakemead,reservations@templebarlakemead.com,1 928-767-3211,United States/Arizona/Temple Bar Marina,,,219764,Canoe,Canoe-Rentals-Water Activities,1,28,2340,https://fareharbor.com/embeds/calendar/templebarlakemead/items/219764/?asn=fhdn&asn-ref=alloutdooradventures&ref=alloutdooradventures&bookable-only=yes&full-items=yes&marketplace=yes&flow=no,"<script src=""https://fareharbor.com/embeds/script/calendar/templebarlakemead/items/219764/?asn=fhdn&asn-ref=alloutdooradventures&ref=alloutdooradventures&bookable-only=yes&full-items=yes&marketplace=yes&flow=no""></script>",https://fareharbor.com/embeds/book/templebarlakemead/items/219764/?asn=fhdn&asn-ref=alloutdooradventures&ref=alloutdooradventures&bookable-only=yes&full-items=yes&marketplace=yes&flow=no,https://cdn.filestackcontent.com/ArYp30VdTve4F59ZU9Sr
River Recreation,riverrecreation,office@riverrecreation.com,(206) 276-8774,United States/Washington/Monitor,-120.41608,47.487621,274062,BSA Whitewater Merit Badge Workshop,Boat Tour-Canoe-Rafting-Shuttle-Workshop,1,28,0,https://fareharbor.com/embeds/calendar/riverrecreation/items/274062/?asn=fhdn&asn-ref=alloutdooradventures&ref=alloutdooradventures&bookable-only=yes&full-items=yes&marketplace=yes&flow=no,"<script src=""https://fareharbor.com/embeds/script/calendar/riverrecreation/items/274062/?asn=fhdn&asn-ref=alloutdooradventures&ref=alloutdooradventures&bookable-only=yes&full-items=yes&marketplace=yes&flow=no""></script>",https://fareharbor.com/embeds/book/riverrecreation/items/274062/?asn=fhdn&asn-ref=alloutdooradventures&ref=alloutdooradventures&bookable-only=yes&full-items=yes&marketplace=yes&flow=no,https://cdn.filestackcontent.com/e57U48IRNevNsirq4oc2
River Recreation,riverrecreation,office@riverrecreation.com,(206) 276-8774,United States/Washington/Monitor,-120.41608,47.487621,274063,BSA Kayaking Merit Badge Workshop,Boat Tour-Canoe-Rafting-Shuttle-Workshop,1,28,0,https://fareharbor.com/embeds/calendar/riverrecreation/items/274063/?asn=fhdn&asn-ref=alloutdooradventures&ref=alloutdooradventures&bookable-only=yes&full-items=yes&marketplace=yes&flow=no,"<script src=""https://fareharbor.com/embeds/script/calendar/riverrecreation/items/274063/?asn=fhdn&asn-ref=alloutdooradventures&ref=alloutdooradventures&bookable-only=yes&full-items=yes&marketplace=yes&flow=no""></script>",https://fareharbor.com/embeds/book/riverrecreation/items/274063/?asn=fhdn&asn-ref=alloutdooradventures&ref=alloutdooradventures&bookable-only=yes&full-items=yes&marketplace=yes&flow=no,https://cdn.filestackcontent.com/9FuI4IlYRMeVmHL2xCxB
"Dessau International, Inc.",dessauinternational,louis@dessauinternational.com,(803) 319-0706,United States/South Carolina/Columbia,-81.035147,34.000832,382093,South Carolina History Immersion,Canoe-History Tour-Lodging,1,28,0,https://fareharbor.com/embeds/calendar/dessauinternational/items/382093/?asn=fhdn&asn-ref=alloutdooradventures&ref=alloutdooradventures&bookable-only=yes&full-items=yes&marketplace=yes&flow=no,"<script src=""https://fareharbor.com/embeds/script/calendar/dessauinternational/items/382093/?asn=fhdn&asn-ref=alloutdooradventures&ref=alloutdooradventures&bookable-only=yes&full-items=yes&marketplace=yes&flow=no""></script>",https://fareharbor.com/embeds/book/dessauinternational/items/382093/?asn=fhdn&asn-ref=alloutdooradventures&ref=alloutdooradventures&bookable-only=yes&full-items=yes&marketplace=yes&flow=no,https://cdn.filestackcontent.com/nYWevraT92YOXYaiiQ2A
Biggar Adventure,biggaradventure,craig@biggaradventure.co.uk,+447834871575,United Kingdom/Scotland/Peebles,-3.299234,55.623087,384420,River Tweed Canoe Day trip,Boat Tour-Canoe,1,28,82,https://fareharbor.com/embeds/calendar/biggaradventure/items/384420/?asn=fhdn-gbp&asn-ref=alloutdooradventures&ref=alloutdooradventures&bookable-only=yes&full-items=yes&marketplace=yes&flow=no,"<script src=""https://fareharbor.com/embeds/script/calendar/biggaradventure/items/384420/?asn=fhdn-gbp&asn-ref=alloutdooradventures&ref=alloutdooradventures&bookable-only=yes&full-items=yes&marketplace=yes&flow=no""></script>",https://fareharbor.com/embeds/book/biggaradventure/items/384420/?asn=fhdn-gbp&asn-ref=alloutdooradventures&ref=alloutdooradventures&bookable-only=yes&full-items=yes&marketplace=yes&flow=no,https://cdn.filestackcontent.com/41BG6pW8QhmfbpLRNlL4
Coldwater Outfitters,coldwateroutfitters,info@coldwateroutfitters.com,850 866 1485,United States/Florida/Vernon,-85.718963,30.608899,404304,Canoe All-Day Rental (Cypress Springs),Canoe,1,28,0,https://fareharbor.com/embeds/calendar/coldwateroutfitters/items/404304/?asn=fhdn&asn-ref=alloutdooradventures&ref=alloutdooradventures&bookable-only=yes&full-items=yes&marketplace=yes&flow=no,"<script src=""https://fareharbor.com/embeds/script/calendar/coldwateroutfitters/items/404304/?asn=fhdn&asn-ref=alloutdooradventures&ref=alloutdooradventures&bookable-only=yes&full-items=yes&marketplace=yes&flow=no""></script>",https://fareharbor.com/embeds/book/coldwateroutfitters/items/404304/?asn=fhdn&asn-ref=alloutdooradventures&ref=alloutdooradventures&bookable-only=yes&full-items=yes&marketplace=yes&flow=no,https://cdn.filestackcontent.com/WwZXzDZmSjO7YNtzCwnF
Tahoe Waterman's Landing,watermanslanding,booking@watermanslanding.com,+1 530-412-3613,United States/California/Carnelian Bay,-120.079861,39.226419,498344,4-Hours Rental Performance Craft,Canoe,1,28,0,https://fareharbor.com/embeds/calendar/watermanslanding/items/498344/?asn=fhdn&asn-ref=alloutdooradventures&ref=alloutdooradventures&bookable-only=yes&full-items=yes&marketplace=yes&flow=no,"<script src=""https://fareharbor.com/embeds/script/calendar/watermanslanding/items/498344/?asn=fhdn&asn-ref=alloutdooradventures&ref=alloutdooradventures&bookable-only=yes&full-items=yes&marketplace=yes&flow=no""></script>",https://fareharbor.com/embeds/book/watermanslanding/items/498344/?asn=fhdn&asn-ref=alloutdooradventures&ref=alloutdooradventures&bookable-only=yes&full-items=yes&marketplace=yes&flow=no,https://cdn.filestackcontent.com/3JqvnnWAROihR15MwjfG
Biggar Adventure,biggaradventure,craig@biggaradventure.co.uk,+447834871575,United Kingdom/Scotland/Innerleithen,,,509808,River Tweed Canoe Innerleithen-Glenkinnon,Canoe,1,28,81,https://fareharbor.com/embeds/calendar/biggaradventure/items/509808/?asn=fhdn-gbp&asn-ref=alloutdooradventures&ref=alloutdooradventures&bookable-only=yes&full-items=yes&marketplace=yes&flow=no,"<script src=""https://fareharbor.com/embeds/script/calendar/biggaradventure/items/509808/?asn=fhdn-gbp&asn-ref=alloutdooradventures&ref=alloutdooradventures&bookable-only=yes&full-items=yes&marketplace=yes&flow=no""></script>",https://fareharbor.com/embeds/book/biggaradventure/items/509808/?asn=fhdn-gbp&asn-ref=alloutdooradventures&ref=alloutdooradventures&bookable-only=yes&full-items=yes&marketplace=yes&flow=no,https://cdn.filestackcontent.com/URkkOPkFRd2kvHwkMBsw
Out Active,out-active,info@out-active.de,0049 7124 354 99,Czechia/South Bohemian Region/Vyšší Brod,14.316667,48.566667,567765,Kanutour auf der Moldau – Family & Friends Kanu Moldau,Canoe,1,28,0,https://fareharbor.com/embeds/calendar/out-active/items/567765/?asn=fhdn-eur&asn-ref=alloutdooradventures&ref=alloutdooradventures&bookable-only=yes&full-items=yes&marketplace=yes&flow=no,"<script src=""https://fareharbor.com/embeds/script/calendar/out-active/items/567765/?asn=fhdn-eur&asn-ref=alloutdooradventures&ref=alloutdooradventures&bookable-only=yes&full-items=yes&marketplace=yes&flow=no""></script>",https://fareharbor.com/embeds/book/out-active/items/567765/?asn=fhdn-eur&asn-ref=alloutdooradventures&ref=alloutdooradventures&bookable-only=yes&full-items=yes&marketplace=yes&flow=no,https://cdn.filestackcontent.com/sFmP4sw3SImRY4Ry2JA8
Out Active,out-active,info@out-active.de,0049 7124 354 99,Germany/Bavaria/Sulzberg,10.337884,47.679068,567770,Fortgeschrittener Kurs Open Kanu INTENSIV (Solo) / Iller,Canoe,1,28,0,https://fareharbor.com/embeds/calendar/out-active/items/567770/?asn=fhdn-eur&asn-ref=alloutdooradventures&ref=alloutdooradventures&bookable-only=yes&full-items=yes&marketplace=yes&flow=no,"<script src=""https://fareharbor.com/embeds/script/calendar/out-active/items/567770/?asn=fhdn-eur&asn-ref=alloutdooradventures&ref=alloutdooradventures&bookable-only=yes&full-items=yes&marketplace=yes&flow=no""></script>",https://fareharbor.com/embeds/book/out-active/items/567770/?asn=fhdn-eur&asn-ref=alloutdooradventures&ref=alloutdooradventures&bookable-only=yes&full-items=yes&marketplace=yes&flow=no,https://cdn.filestackcontent.com/COXeC5tzRy6eVRQeg41B
Out Active,out-active,info@out-active.de,0049 7124 354 99,Slovenia,14.995463,46.151241,567774,Wildwasser Kurs Open Kanu (Solo) / Soča,Canoe,1,28,0,https://fareharbor.com/embeds/calendar/out-active/items/567774/?asn=fhdn-eur&asn-ref=alloutdooradventures&ref=alloutdooradventures&bookable-only=yes&full-items=yes&marketplace=yes&flow=no,"<script src=""https://fareharbor.com/embeds/script/calendar/out-active/items/567774/?asn=fhdn-eur&asn-ref=alloutdooradventures&ref=alloutdooradventures&bookable-only=yes&full-items=yes&marketplace=yes&flow=no""></script>",https://fareharbor.com/embeds/book/out-active/items/567774/?asn=fhdn-eur&asn-ref=alloutdooradventures&ref=alloutdooradventures&bookable-only=yes&full-items=yes&marketplace=yes&flow=no,https://cdn.filestackcontent.com/e2DKeEKTOG7n9SE7foRy
Knee Deep Adventures,kneedeepadventures,kneedeepoutdooradventures@gmail.com,(252) 714-5836,United States/North Carolina/Greenville,,,596757,Rentals,Canoe-Kayak-Rentals-SUP,2,28,0,https://fareharbor.com/embeds/calendar/kneedeepadventures/items/596757/?asn=fhdn&asn-ref=alloutdooradventures&ref=alloutdooradventures&bookable-only=yes&full-items=yes&marketplace=yes&flow=no,"<script src=""https://fareharbor.com/embeds/script/calendar/kneedeepadventures/items/596757/?asn=fhdn&asn-ref=alloutdooradventures&ref=alloutdooradventures&bookable-only=yes&full-items=yes&marketplace=yes&flow=no""></script>",https://fareharbor.com/embeds/book/kneedeepadventures/items/596757/?asn=fhdn&asn-ref=alloutdooradventures&ref=alloutdooradventures&bookable-only=yes&full-items=yes&marketplace=yes&flow=no,https://cdn.filestackcontent.com/n5N3NJSyKupr9LNopQ7A
De Leon Adventures,deleonadventures,,855-980-2665,United States/Florida/De Leon Springs,,,602277,Rentals,Canoe-Kayak-SUP-Water Activities,1,28,228,https://fareharbor.com/embeds/calendar/deleonadventures/items/602277/?asn=fhdn&asn-ref=alloutdooradventures&ref=alloutdooradventures&bookable-only=yes&full-items=yes&marketplace=yes&flow=no,"<script src=""https://fareharbor.com/embeds/script/calendar/deleonadventures/items/602277/?asn=fhdn&asn-ref=alloutdooradventures&ref=alloutdooradventures&bookable-only=yes&full-items=yes&marketplace=yes&flow=no""></script>",https://fareharbor.com/embeds/book/deleonadventures/items/602277/?asn=fhdn&asn-ref=alloutdooradventures&ref=alloutdooradventures&bookable-only=yes&full-items=yes&marketplace=yes&flow=no,https://cdn.filestackcontent.com/o1Gx2CfoQLK1KahjDxCQ
Liquid Logistics,liquidlogistics,steve@liquidlogistics.co.uk,07391 022714,United Kingdom/England/Beaulieu,,,603641,Sea Kayaking in Dorset,Canoe,1,28,6,https://fareharbor.com/embeds/calendar/liquidlogistics/items/603641/?asn=fhdn-gbp&asn-ref=alloutdooradventures&ref=alloutdooradventures&bookable-only=yes&full-items=yes&marketplace=yes&flow=no,"<script src=""https://fareharbor.com/embeds/script/calendar/liquidlogistics/items/603641/?asn=fhdn-gbp&asn-ref=alloutdooradventures&ref=alloutdooradventures&bookable-only=yes&full-items=yes&marketplace=yes&flow=no""></script>",https://fareharbor.com/embeds/book/liquidlogistics/items/603641/?asn=fhdn-gbp&asn-ref=alloutdooradventures&ref=alloutdooradventures&bookable-only=yes&full-items=yes&marketplace=yes&flow=no,https://cdn.filestackcontent.com/rLjOWAySLeUCDo4ISRgt
Cannon Falls Canoe and Bike Rentals,cannonfallscanoeandbike,sales@cannonfallscanoeandbike.com,5074074111,United States/Minnesota/Cannon Falls,,,659823,2 Person River Canoe Rental,Canoe,2,28,0,https://fareharbor.com/embeds/calendar/cannonfallscanoeandbike/items/659823/?asn=fhdn&asn-ref=alloutdooradventures&ref=alloutdooradventures&bookable-only=yes&full-items=yes&marketplace=yes&flow=no,"<script src=""https://fareharbor.com/embeds/script/calendar/cannonfallscanoeandbike/items/659823/?asn=fhdn&asn-ref=alloutdooradventures&ref=alloutdooradventures&bookable-only=yes&full-items=yes&marketplace=yes&flow=no""></script>",https://fareharbor.com/embeds/book/cannonfallscanoeandbike/items/659823/?asn=fhdn&asn-ref=alloutdooradventures&ref=alloutdooradventures&bookable-only=yes&full-items=yes&marketplace=yes&flow=no,https://cdn.filestackcontent.com/6Ocs4ATERi28bbfX33Ud
Wilderness Inquiry,wildernessinquiry,registrations@wildernessinquiry.org,612-676-9400,United States/Minnesota/Bloomington,,,695816,Boundary Waters Canoe Area Expedition,Canoe,1,28,1,https://fareharbor.com/embeds/calendar/wildernessinquiry/items/695816/?asn=fhdn&asn-ref=alloutdooradventures&ref=alloutdooradventures&bookable-only=yes&full-items=yes&marketplace=yes&flow=no,"<script src=""https://fareharbor.com/embeds/script/calendar/wildernessinquiry/items/695816/?asn=fhdn&asn-ref=alloutdooradventures&ref=alloutdooradventures&bookable-only=yes&full-items=yes&marketplace=yes&flow=no""></script>",https://fareharbor.com/embeds/book/wildernessinquiry/items/695816/?asn=fhdn&asn-ref=alloutdooradventures&ref=alloutdooradventures&bookable-only=yes&full-items=yes&marketplace=yes&flow=no,https://cdn.filestackcontent.com/Au6JSO8QrGet6YUNySwJ
Liquid Logistics,liquidlogistics,steve@liquidlogistics.co.uk,07391 022714,United Kingdom/England/Beaulieu,,,603629,Learn to Sea Kayak - Full Day,Canoe,1,27,3,https://fareharbor.com/embeds/calendar/liquidlogistics/items/603629/?asn=fhdn-gbp&asn-ref=alloutdooradventures&ref=alloutdooradventures&bookable-only=yes&full-items=yes&marketplace=yes&flow=no,"<script src=""https://fareharbor.com/embeds/script/calendar/liquidlogistics/items/603629/?asn=fhdn-gbp&asn-ref=alloutdooradventures&ref=alloutdooradventures&bookable-only=yes&full-items=yes&marketplace=yes&flow=no""></script>",https://fareharbor.com/embeds/book/liquidlogistics/items/603629/?asn=fhdn-gbp&asn-ref=alloutdooradventures&ref=alloutdooradventures&bookable-only=yes&full-items=yes&marketplace=yes&flow=no,https://cdn.filestackcontent.com/U09L3zx1TEeakLHJenXy
Liquid Logistics,liquidlogistics,steve@liquidlogistics.co.uk,07391 022714,United Kingdom/England/Beaulieu,,,603639,Guided Needles Trip,Canoe,1,27,0,https://fareharbor.com/embeds/calendar/liquidlogistics/items/603639/?asn=fhdn-gbp&asn-ref=alloutdooradventures&ref=alloutdooradventures&bookable-only=yes&full-items=yes&marketplace=yes&flow=no,"<script src=""https://fareharbor.com/embeds/script/calendar/liquidlogistics/items/603639/?asn=fhdn-gbp&asn-ref=alloutdooradventures&ref=alloutdooradventures&bookable-only=yes&full-items=yes&marketplace=yes&flow=no""></script>",https://fareharbor.com/embeds/book/liquidlogistics/items/603639/?asn=fhdn-gbp&asn-ref=alloutdooradventures&ref=alloutdooradventures&bookable-only=yes&full-items=yes&marketplace=yes&flow=no,https://cdn.filestackcontent.com/XQ4TXAQdRyWlFJ5glHba
Liquid Logistics,liquidlogistics,steve@liquidlogistics.co.uk,07391 022714,United Kingdom/England/Beaulieu,,,603643,Scotland's West Coast Wonders,Canoe,1,27,2,https://fareharbor.com/embeds/calendar/liquidlogistics/items/603643/?asn=fhdn-gbp&asn-ref=alloutdooradventures&ref=alloutdooradventures&bookable-only=yes&full-items=yes&marketplace=yes&flow=no,"<script src=""https://fareharbor.com/embeds/script/calendar/liquidlogistics/items/603643/?asn=fhdn-gbp&asn-ref=alloutdooradventures&ref=alloutdooradventures&bookable-only=yes&full-items=yes&marketplace=yes&flow=no""></script>",https://fareharbor.com/embeds/book/liquidlogistics/items/603643/?asn=fhdn-gbp&asn-ref=alloutdooradventures&ref=alloutdooradventures&bookable-only=yes&full-items=yes&marketplace=yes&flow=no,https://cdn.filestackcontent.com/zFVKmSLSqKv1OeEmjB2o
Wilderness Inquiry,wildernessinquiry,registrations@wildernessinquiry.org,612-676-9400,United States/Minnesota/Bloomington,,,695853,Mississippi River Day Canoe Trip,Canoe,1,27,0,https://fareharbor.com/embeds/calendar/wildernessinquiry/items/695853/?asn=fhdn&asn-ref=alloutdooradventures&ref=alloutdooradventures&bookable-only=yes&full-items=yes&marketplace=yes&flow=no,"<script src=""https://fareharbor.com/embeds/script/calendar/wildernessinquiry/items/695853/?asn=fhdn&asn-ref=alloutdooradventures&ref=alloutdooradventures&bookable-only=yes&full-items=yes&marketplace=yes&flow=no""></script>",https://fareharbor.com/embeds/book/wildernessinquiry/items/695853/?asn=fhdn&asn-ref=alloutdooradventures&ref=alloutdooradventures&bookable-only=yes&full-items=yes&marketplace=yes&flow=no,https://cdn.filestackcontent.com/uSXz7zFmSL5AtQcgXhlo
Wilderness Inquiry,wildernessinquiry,registrations@wildernessinquiry.org,612-676-9400,United States/Minnesota/Marine on Saint Croix,,,695861,St. Croix River Paddle Family Adventure,Canoe,1,26,0,https://fareharbor.com/embeds/calendar/wildernessinquiry/items/695861/?asn=fhdn&asn-ref=alloutdooradventures&ref=alloutdooradventures&bookable-only=yes&full-items=yes&marketplace=yes&flow=no,"<script src=""https://fareharbor.com/embeds/script/calendar/wildernessinquiry/items/695861/?asn=fhdn&asn-ref=alloutdooradventures&ref=alloutdooradventures&bookable-only=yes&full-items=yes&marketplace=yes&flow=no""></script>",https://fareharbor.com/embeds/book/wildernessinquiry/items/695861/?asn=fhdn&asn-ref=alloutdooradventures&ref=alloutdooradventures&bookable-only=yes&full-items=yes&marketplace=yes&flow=no,https://cdn.filestackcontent.com/mYtyhdEIThaVmm62Maiq
Nahanton Park Boathouse,boatinginboston-nahanton,BostonBoatinginfo@guestservices.com,617-299-3392,United States/Massachusetts/Newton,,,532159,Canoe Rentals,Canoe-Rentals-Water Activities,2,25,408,https://fareharbor.com/embeds/calendar/boatinginboston-nahanton/items/532159/?asn=fhdn&asn-ref=alloutdooradventures&ref=alloutdooradventures&bookable-only=yes&full-items=yes&marketplace=yes&flow=no,"<script src=""https://fareharbor.com/embeds/script/calendar/boatinginboston-nahanton/items/532159/?asn=fhdn&asn-ref=alloutdooradventures&ref=alloutdooradventures&bookable-only=yes&full-items=yes&marketplace=yes&flow=no""></script>",https://fareharbor.com/embeds/book/boatinginboston-nahanton/items/532159/?asn=fhdn&asn-ref=alloutdooradventures&ref=alloutdooradventures&bookable-only=yes&full-items=yes&marketplace=yes&flow=no,https://cdn.filestackcontent.com/JOrtO0jAQEqkJvD2ftWI
Eric's Canoe and Kayak Rental,ericscanoerental,eric@ericscanoe.com,651-270-1561,United States/Minnesota/Taylors Falls,,,631030,Sunrise River Landing to Taylors Falls Dam,Canoe-Kayak,1,25,0,https://fareharbor.com/embeds/calendar/ericscanoerental/items/631030/?asn=fhdn&asn-ref=alloutdooradventures&ref=alloutdooradventures&bookable-only=yes&full-items=yes&marketplace=yes&flow=no,"<script src=""https://fareharbor.com/embeds/script/calendar/ericscanoerental/items/631030/?asn=fhdn&asn-ref=alloutdooradventures&ref=alloutdooradventures&bookable-only=yes&full-items=yes&marketplace=yes&flow=no""></script>",https://fareharbor.com/embeds/book/ericscanoerental/items/631030/?asn=fhdn&asn-ref=alloutdooradventures&ref=alloutdooradventures&bookable-only=yes&full-items=yes&marketplace=yes&flow=no,https://cdn.filestackcontent.com/NJLHF0PXST2lF2rPazqT
Eric's Canoe and Kayak Rental,ericscanoerental,eric@ericscanoe.com,651-270-1561,United States/Minnesota/Taylors Falls,,,631044,Full-Day Rental ~ No Shuttle,Canoe-Kayak,1,25,0,https://fareharbor.com/embeds/calendar/ericscanoerental/items/631044/?asn=fhdn&asn-ref=alloutdooradventures&ref=alloutdooradventures&bookable-only=yes&full-items=yes&marketplace=yes&flow=no,"<script src=""https://fareharbor.com/embeds/script/calendar/ericscanoerental/items/631044/?asn=fhdn&asn-ref=alloutdooradventures&ref=alloutdooradventures&bookable-only=yes&full-items=yes&marketplace=yes&flow=no""></script>",https://fareharbor.com/embeds/book/ericscanoerental/items/631044/?asn=fhdn&asn-ref=alloutdooradventures&ref=alloutdooradventures&bookable-only=yes&full-items=yes&marketplace=yes&flow=no,https://cdn.filestackcontent.com/OeH6dGSOavJcVHIkiJiA
Eric's Canoe and Kayak Rental,ericscanoerental,eric@ericscanoe.com,651-270-1561,United States/Minnesota/Taylors Falls,,,631067,Sunrise River Landing to Taylors Falls Dam (Overnight Camping),Canoe-Kayak,1,25,0,https://fareharbor.com/embeds/calendar/ericscanoerental/items/631067/?asn=fhdn&asn-ref=alloutdooradventures&ref=alloutdooradventures&bookable-only=yes&full-items=yes&marketplace=yes&flow=no,"<script src=""https://fareharbor.com/embeds/script/calendar/ericscanoerental/items/631067/?asn=fhdn&asn-ref=alloutdooradventures&ref=alloutdooradventures&bookable-only=yes&full-items=yes&marketplace=yes&flow=no""></script>",https://fareharbor.com/embeds/book/ericscanoerental/items/631067/?asn=fhdn&asn-ref=alloutdooradventures&ref=alloutdooradventures&bookable-only=yes&full-items=yes&marketplace=yes&flow=no,https://cdn.filestackcontent.com/v20d8U1kSMOeizubwaFX
Eric's Canoe and Kayak Rental,ericscanoerental,eric@ericscanoe.com,651-270-1561,United States/Minnesota/Taylors Falls,,,631377,Grantsburg Landing to Taylors Fall Dam (Overnight Camping),Canoe-Kayak,1,25,0,https://fareharbor.com/embeds/calendar/ericscanoerental/items/631377/?asn=fhdn&asn-ref=alloutdooradventures&ref=alloutdooradventures&bookable-only=yes&full-items=yes&marketplace=yes&flow=no,"<script src=""https://fareharbor.com/embeds/script/calendar/ericscanoerental/items/631377/?asn=fhdn&asn-ref=alloutdooradventures&ref=alloutdooradventures&bookable-only=yes&full-items=yes&marketplace=yes&flow=no""></script>",https://fareharbor.com/embeds/book/ericscanoerental/items/631377/?asn=fhdn&asn-ref=alloutdooradventures&ref=alloutdooradventures&bookable-only=yes&full-items=yes&marketplace=yes&flow=no,https://cdn.filestackcontent.com/mDFV7nUKRCqBcmKCceJ0
Kanuuh,kanuuh,info@kanuuh.de,+49 08421 /2110,Germany/Bayern/Solnhofen,,,631646,Halbtagestour Pappenheim-Solnhofen,Boat Rental-Boat Tour-Canoe-Self-Guided Tour-Water Activities,1,25,0,https://fareharbor.com/embeds/calendar/kanuuh/items/631646/?asn=fhdn-eur&asn-ref=alloutdooradventures&ref=alloutdooradventures&bookable-only=yes&full-items=yes&marketplace=yes&flow=no,"<script src=""https://fareharbor.com/embeds/script/calendar/kanuuh/items/631646/?asn=fhdn-eur&asn-ref=alloutdooradventures&ref=alloutdooradventures&bookable-only=yes&full-items=yes&marketplace=yes&flow=no""></script>",https://fareharbor.com/embeds/book/kanuuh/items/631646/?asn=fhdn-eur&asn-ref=alloutdooradventures&ref=alloutdooradventures&bookable-only=yes&full-items=yes&marketplace=yes&flow=no,https://cdn.filestackcontent.com/IEjN2jQxQQS099KesPwL
Falcon Lake Marina,falconlakemarina,info@falconlakemarina.net,1-204-349-8923,Canada/Manitoba/Whiteshell,,,635698,Canoe Rental,Canoe,1,25,0,https://fareharbor.com/embeds/calendar/falconlakemarina/items/635698/?asn=fhdn-cad&asn-ref=alloutdooradventures&ref=alloutdooradventures&bookable-only=yes&full-items=yes&marketplace=yes&flow=no,"<script src=""https://fareharbor.com/embeds/script/calendar/falconlakemarina/items/635698/?asn=fhdn-cad&asn-ref=alloutdooradventures&ref=alloutdooradventures&bookable-only=yes&full-items=yes&marketplace=yes&flow=no""></script>",https://fareharbor.com/embeds/book/falconlakemarina/items/635698/?asn=fhdn-cad&asn-ref=alloutdooradventures&ref=alloutdooradventures&bookable-only=yes&full-items=yes&marketplace=yes&flow=no,https://cdn.filestackcontent.com/pzTDCD9xQXSMuMPpwNhC
Northern Waters Outfitters,beoutside,northernwatersoutfitters@gmail.com,16034823817,United States/New Hampshire/Errol,,,643860,Canoe Rentals,Canoe,1,25,0,https://fareharbor.com/embeds/calendar/beoutside/items/643860/?asn=fhdn&asn-ref=alloutdooradventures&ref=alloutdooradventures&bookable-only=yes&full-items=yes&marketplace=yes&flow=no,"<script src=""https://fareharbor.com/embeds/script/calendar/beoutside/items/643860/?asn=fhdn&asn-ref=alloutdooradventures&ref=alloutdooradventures&bookable-only=yes&full-items=yes&marketplace=yes&flow=no""></script>",https://fareharbor.com/embeds/book/beoutside/items/643860/?asn=fhdn&asn-ref=alloutdooradventures&ref=alloutdooradventures&bookable-only=yes&full-items=yes&marketplace=yes&flow=no,https://cdn.filestackcontent.com/1IyDeBhGQL6WoHKZV9CE
Eric's Canoe and Kayak Rental,ericscanoerental,eric@ericscanoe.com,651-270-1561,United States/Minnesota/Taylors Falls,,,631027,Wild River Landing to Taylors Falls Dam,Canoe-Kayak,1,24,0,https://fareharbor.com/embeds/calendar/ericscanoerental/items/631027/?asn=fhdn&asn-ref=alloutdooradventures&ref=alloutdooradventures&bookable-only=yes&full-items=yes&marketplace=yes&flow=no,"<script src=""https://fareharbor.com/embeds/script/calendar/ericscanoerental/items/631027/?asn=fhdn&asn-ref=alloutdooradventures&ref=alloutdooradventures&bookable-only=yes&full-items=yes&marketplace=yes&flow=no""></script>",https://fareharbor.com/embeds/book/ericscanoerental/items/631027/?asn=fhdn&asn-ref=alloutdooradventures&ref=alloutdooradventures&bookable-only=yes&full-items=yes&marketplace=yes&flow=no,https://cdn.filestackcontent.com/FhfrrwsQ2FvfJJUd3kGg
Burney Falls Marina,burneyfallsmarina,blum-tsmith@goexplorus.com,530-335-5713,United States/California/Burney,,,644915,Canoe Rentals,Canoe,1,24,0,https://fareharbor.com/embeds/calendar/burneyfallsmarina/items/644915/?asn=fhdn&asn-ref=alloutdooradventures&ref=alloutdooradventures&bookable-only=yes&full-items=yes&marketplace=yes&flow=no,"<script src=""https://fareharbor.com/embeds/script/calendar/burneyfallsmarina/items/644915/?asn=fhdn&asn-ref=alloutdooradventures&ref=alloutdooradventures&bookable-only=yes&full-items=yes&marketplace=yes&flow=no""></script>",https://fareharbor.com/embeds/book/burneyfallsmarina/items/644915/?asn=fhdn&asn-ref=alloutdooradventures&ref=alloutdooradventures&bookable-only=yes&full-items=yes&marketplace=yes&flow=no,https://cdn.filestackcontent.com/ASXbOwKSam3yiyJFbrFQ
Loch Ard Adventure Ltd,operationplayoutdoors,info@lochardadventure.co.uk,+4401877387266,United Kingdom/Scotland/Kinlochard,,,442790,Loch Ard Canoe Tours Half Day,Canoe,2,23,0,https://fareharbor.com/embeds/calendar/operationplayoutdoors/items/442790/?asn=fhdn-gbp&asn-ref=alloutdooradventures&ref=alloutdooradventures&bookable-only=yes&full-items=yes&marketplace=yes&flow=no,"<script src=""https://fareharbor.com/embeds/script/calendar/operationplayoutdoors/items/442790/?asn=fhdn-gbp&asn-ref=alloutdooradventures&ref=alloutdooradventures&bookable-only=yes&full-items=yes&marketplace=yes&flow=no""></script>",https://fareharbor.com/embeds/book/operationplayoutdoors/items/442790/?asn=fhdn-gbp&asn-ref=alloutdooradventures&ref=alloutdooradventures&bookable-only=yes&full-items=yes&marketplace=yes&flow=no,https://cdn.filestackcontent.com/KxeWW2LQS6OEovcxS06S
Donautal Kanuverleih,donautal-kanuverleih,info@donautal-kanuverleih.de,0049 75702929995,Germany/Baden-Württemberg/Sigmaringen,,,538459,Tour 1 Gutenstein - Sigmaringen,Canoe,2,22,237,https://fareharbor.com/embeds/calendar/donautal-kanuverleih/items/538459/?asn=fhdn-eur&asn-ref=alloutdooradventures&ref=alloutdooradventures&bookable-only=yes&full-items=yes&marketplace=yes&flow=no,"<script src=""https://fareharbor.com/embeds/script/calendar/donautal-kanuverleih/items/538459/?asn=fhdn-eur&asn-ref=alloutdooradventures&ref=alloutdooradventures&bookable-only=yes&full-items=yes&marketplace=yes&flow=no""></script>",https://fareharbor.com/embeds/book/donautal-kanuverleih/items/538459/?asn=fhdn-eur&asn-ref=alloutdooradventures&ref=alloutdooradventures&bookable-only=yes&full-items=yes&marketplace=yes&flow=no,https://cdn.filestackcontent.com/HKuiYEsKQ7mB0PHC8FBd
Three Creek Lake Store and Marina,threecreeklake,threecreekslake@gmail.com,541-318-0123,United States/Oregon/Sisters,,,317160,Stand Up Paddleboards,Canoe-Fishing-Hiking,1,19,0,https://fareharbor.com/embeds/calendar/threecreeklake/items/317160/?asn=fhdn&asn-ref=alloutdooradventures&ref=alloutdooradventures&bookable-only=yes&full-items=yes&marketplace=yes&flow=no,"<script src=""https://fareharbor.com/embeds/script/calendar/threecreeklake/items/317160/?asn=fhdn&asn-ref=alloutdooradventures&ref=alloutdooradventures&bookable-only=yes&full-items=yes&marketplace=yes&flow=no""></script>",https://fareharbor.com/embeds/book/threecreeklake/items/317160/?asn=fhdn&asn-ref=alloutdooradventures&ref=alloutdooradventures&bookable-only=yes&full-items=yes&marketplace=yes&flow=no,https://cdn.filestackcontent.com/N232fMdSHOV2kmAH3wp9
Donautal Kanuverleih,donautal-kanuverleih,info@donautal-kanuverleih.de,0049 75702929995,Germany/Baden-Württemberg/Sigmaringen,,,538510,Tour 1 Schulklassen: Gutenstein - Sigmaringen,Canoe,1,19,0,https://fareharbor.com/embeds/calendar/donautal-kanuverleih/items/538510/?asn=fhdn-eur&asn-ref=alloutdooradventures&ref=alloutdooradventures&bookable-only=yes&full-items=yes&marketplace=yes&flow=no,"<script src=""https://fareharbor.com/embeds/script/calendar/donautal-kanuverleih/items/538510/?asn=fhdn-eur&asn-ref=alloutdooradventures&ref=alloutdooradventures&bookable-only=yes&full-items=yes&marketplace=yes&flow=no""></script>",https://fareharbor.com/embeds/book/donautal-kanuverleih/items/538510/?asn=fhdn-eur&asn-ref=alloutdooradventures&ref=alloutdooradventures&bookable-only=yes&full-items=yes&marketplace=yes&flow=no,https://cdn.filestackcontent.com/3JcluE6Qqm7g4rwvZd62
E-Bikes & Boards,e-bikesandboards,bridgerproperties621@gmail.com,251-505-2925,United States/Alabama/Gulf Shores,,,553749,Guided Kayak/SUP Tour,Attraction-Boat Rental-Boat Tour-Canoe-Eco Tour-Environmental Attraction-Guided Tour-Kayak-Photography Tour-Rentals-Self-Guided Tour-Sightseeing Tour-SUP-Water Activities-Wildlife,1,19,150,https://fareharbor.com/embeds/calendar/e-bikesandboards/items/553749/?asn=fhdn&asn-ref=alloutdooradventures&ref=alloutdooradventures&bookable-only=yes&full-items=yes&marketplace=yes&flow=no,"<script src=""https://fareharbor.com/embeds/script/calendar/e-bikesandboards/items/553749/?asn=fhdn&asn-ref=alloutdooradventures&ref=alloutdooradventures&bookable-only=yes&full-items=yes&marketplace=yes&flow=no""></script>",https://fareharbor.com/embeds/book/e-bikesandboards/items/553749/?asn=fhdn&asn-ref=alloutdooradventures&ref=alloutdooradventures&bookable-only=yes&full-items=yes&marketplace=yes&flow=no,https://cdn.filestackcontent.com/FgmnFiJuTF2US2ClLXzv
Whitewater Canoe Rental,whitewatercanoerental,whitewaterbrookville@gmail.com,7656475434,United States/Indiana/Brookville,,,666153,Transportation of Personal Kayak or Canoe,Canoe,1,19,0,https://fareharbor.com/embeds/calendar/whitewatercanoerental/items/666153/?asn=fhdn&asn-ref=alloutdooradventures&ref=alloutdooradventures&bookable-only=yes&full-items=yes&marketplace=yes&flow=no,"<script src=""https://fareharbor.com/embeds/script/calendar/whitewatercanoerental/items/666153/?asn=fhdn&asn-ref=alloutdooradventures&ref=alloutdooradventures&bookable-only=yes&full-items=yes&marketplace=yes&flow=no""></script>",https://fareharbor.com/embeds/book/whitewatercanoerental/items/666153/?asn=fhdn&asn-ref=alloutdooradventures&ref=alloutdooradventures&bookable-only=yes&full-items=yes&marketplace=yes&flow=no,https://cdn.filestackcontent.com/gJJeImXgQCK8GtTriaEx
Outdoor Escapes,outdoorescapesnh,naturenut@outdoorescapesnewhampshire.com,603-528-0136,United States/New Hampshire/Freedom,,,215972,2-Day River Canoe Camping 101,Canoe,1,18,0,https://fareharbor.com/embeds/calendar/outdoorescapesnh/items/215972/?asn=fhdn&asn-ref=alloutdooradventures&ref=alloutdooradventures&bookable-only=yes&full-items=yes&marketplace=yes&flow=no,"<script src=""https://fareharbor.com/embeds/script/calendar/outdoorescapesnh/items/215972/?asn=fhdn&asn-ref=alloutdooradventures&ref=alloutdooradventures&bookable-only=yes&full-items=yes&marketplace=yes&flow=no""></script>",https://fareharbor.com/embeds/book/outdoorescapesnh/items/215972/?asn=fhdn&asn-ref=alloutdooradventures&ref=alloutdooradventures&bookable-only=yes&full-items=yes&marketplace=yes&flow=no,https://cdn.filestackcontent.com/e3sowVBVRLeqCeyNzjuo
National Rescue & Response Institute,northeastmountainguiding,nrrieducation@gmail.com,(800) 718-1597,United States/New Jersey/Middletown Township,,,255038,Whitewater Summer Experience,Canoe-Climbing-Ferry-Water Activities,1,18,0,https://fareharbor.com/embeds/calendar/northeastmountainguiding/items/255038/?asn=fhdn&asn-ref=alloutdooradventures&ref=alloutdooradventures&bookable-only=yes&full-items=yes&marketplace=yes&flow=no,"<script src=""https://fareharbor.com/embeds/script/calendar/northeastmountainguiding/items/255038/?asn=fhdn&asn-ref=alloutdooradventures&ref=alloutdooradventures&bookable-only=yes&full-items=yes&marketplace=yes&flow=no""></script>",https://fareharbor.com/embeds/book/northeastmountainguiding/items/255038/?asn=fhdn&asn-ref=alloutdooradventures&ref=alloutdooradventures&bookable-only=yes&full-items=yes&marketplace=yes&flow=no,https://cdn.filestackcontent.com/fByOwYLIT3OVeXWBdmhI
Genung's Fish Camp,genungsfishcamp,genungsfc@gmail.com,904-907-5742,United States/Florida/St. Augustine,,,262334,Canoe Rentals,Canoe-Rentals,1,18,0,https://fareharbor.com/embeds/calendar/genungsfishcamp/items/262334/?asn=fhdn&asn-ref=alloutdooradventures&ref=alloutdooradventures&bookable-only=yes&full-items=yes&marketplace=yes&flow=no,"<script src=""https://fareharbor.com/embeds/script/calendar/genungsfishcamp/items/262334/?asn=fhdn&asn-ref=alloutdooradventures&ref=alloutdooradventures&bookable-only=yes&full-items=yes&marketplace=yes&flow=no""></script>",https://fareharbor.com/embeds/book/genungsfishcamp/items/262334/?asn=fhdn&asn-ref=alloutdooradventures&ref=alloutdooradventures&bookable-only=yes&full-items=yes&marketplace=yes&flow=no,https://cdn.filestackcontent.com/QsKlmmWbR0JvKKyB6Jkq
Three Creek Lake Store and Marina,threecreeklake,threecreekslake@gmail.com,541-318-0123,United States/Oregon/Sisters,,,317154,Canoes,Canoe-Fishing-Hiking,1,18,0,https://fareharbor.com/embeds/calendar/threecreeklake/items/317154/?asn=fhdn&asn-ref=alloutdooradventures&ref=alloutdooradventures&bookable-only=yes&full-items=yes&marketplace=yes&flow=no,"<script src=""https://fareharbor.com/embeds/script/calendar/threecreeklake/items/317154/?asn=fhdn&asn-ref=alloutdooradventures&ref=alloutdooradventures&bookable-only=yes&full-items=yes&marketplace=yes&flow=no""></script>",https://fareharbor.com/embeds/book/threecreeklake/items/317154/?asn=fhdn&asn-ref=alloutdooradventures&ref=alloutdooradventures&bookable-only=yes&full-items=yes&marketplace=yes&flow=no,https://cdn.filestackcontent.com/JEfsrIUToM6Dk2VLoPVA
Athene North Shore Recreation Area,athenenorthshorerecreationarea,NorthShoreRecArea@polkcountyiowa.gov,515-875-5630,United States/Iowa/Des Moines,,,546068,Canoe Rentals,Canoe,1,18,0,https://fareharbor.com/embeds/calendar/athenenorthshorerecreationarea/items/546068/?asn=fhdn&asn-ref=alloutdooradventures&ref=alloutdooradventures&bookable-only=yes&full-items=yes&marketplace=yes&flow=no,"<script src=""https://fareharbor.com/embeds/script/calendar/athenenorthshorerecreationarea/items/546068/?asn=fhdn&asn-ref=alloutdooradventures&ref=alloutdooradventures&bookable-only=yes&full-items=yes&marketplace=yes&flow=no""></script>",https://fareharbor.com/embeds/book/athenenorthshorerecreationarea/items/546068/?asn=fhdn&asn-ref=alloutdooradventures&ref=alloutdooradventures&bookable-only=yes&full-items=yes&marketplace=yes&flow=no,https://cdn.filestackcontent.com/pIajoPBBRBOdbe61TOJU
KANU-CENTER KREBS KG,kanu-center,info@kanu-center.de,+494501412,Germany/Schleswig-Holstein/Lübeck,,,670228,Lichterglanz & Paddelschlag – Die Wintertour am Hafenglühen,Boat Tour-Canoe-City Tour-Eco Tour-Guided Tour-Water Activities-Winter Activities,6,15,0,https://fareharbor.com/embeds/calendar/kanu-center/items/670228/?asn=fhdn-eur&asn-ref=alloutdooradventures&ref=alloutdooradventures&bookable-only=yes&full-items=yes&marketplace=yes&flow=no,"<script src=""https://fareharbor.com/embeds/script/calendar/kanu-center/items/670228/?asn=fhdn-eur&asn-ref=alloutdooradventures&ref=alloutdooradventures&bookable-only=yes&full-items=yes&marketplace=yes&flow=no""></script>",https://fareharbor.com/embeds/book/kanu-center/items/670228/?asn=fhdn-eur&asn-ref=alloutdooradventures&ref=alloutdooradventures&bookable-only=yes&full-items=yes&marketplace=yes&flow=no,https://cdn.filestackcontent.com/ik6DRUQpQIqifyc38cVq
Biggar Adventure,biggaradventure,craig@biggaradventure.co.uk,+447834871575,United Kingdom/Scotland/Peebles,,,388903,Canoe Hire,Canoe,1,14,0,https://fareharbor.com/embeds/calendar/biggaradventure/items/388903/?asn=fhdn-gbp&asn-ref=alloutdooradventures&ref=alloutdooradventures&bookable-only=yes&full-items=yes&marketplace=yes&flow=no,"<script src=""https://fareharbor.com/embeds/script/calendar/biggaradventure/items/388903/?asn=fhdn-gbp&asn-ref=alloutdooradventures&ref=alloutdooradventures&bookable-only=yes&full-items=yes&marketplace=yes&flow=no""></script>",https://fareharbor.com/embeds/book/biggaradventure/items/388903/?asn=fhdn-gbp&asn-ref=alloutdooradventures&ref=alloutdooradventures&bookable-only=yes&full-items=yes&marketplace=yes&flow=no,https://cdn.filestackcontent.com/NrRPyFZcTd2WGlGzAaVH
Blue Mountain Lake Boat Livery,blueboatlivery,info@BoatLivery.com,(518) 352-7351,United States/New York/Blue Mountain Lake,,,548222,Canoe Rentals,Canoe,1,13,0,https://fareharbor.com/embeds/calendar/blueboatlivery/items/548222/?asn=fhdn&asn-ref=alloutdooradventures&ref=alloutdooradventures&bookable-only=yes&full-items=yes&marketplace=yes&flow=no,"<script src=""https://fareharbor.com/embeds/script/calendar/blueboatlivery/items/548222/?asn=fhdn&asn-ref=alloutdooradventures&ref=alloutdooradventures&bookable-only=yes&full-items=yes&marketplace=yes&flow=no""></script>",https://fareharbor.com/embeds/book/blueboatlivery/items/548222/?asn=fhdn&asn-ref=alloutdooradventures&ref=alloutdooradventures&bookable-only=yes&full-items=yes&marketplace=yes&flow=no,https://cdn.filestackcontent.com/YAMnNnNTqWtuN2LweAE4
The Kayak Foundation,brooklynkayakguides,info@bkguides.com,,United States/New York/Brooklyn,,,53335,SUP American Canoe Association Classes,Canoe-SUP,0,10,0,https://fareharbor.com/embeds/calendar/brooklynkayakguides/items/53335/?asn=fhdn&asn-ref=alloutdooradventures&ref=alloutdooradventures&bookable-only=yes&full-items=yes&marketplace=yes&flow=no,"<script src=""https://fareharbor.com/embeds/script/calendar/brooklynkayakguides/items/53335/?asn=fhdn&asn-ref=alloutdooradventures&ref=alloutdooradventures&bookable-only=yes&full-items=yes&marketplace=yes&flow=no""></script>",https://fareharbor.com/embeds/book/brooklynkayakguides/items/53335/?asn=fhdn&asn-ref=alloutdooradventures&ref=alloutdooradventures&bookable-only=yes&full-items=yes&marketplace=yes&flow=no,https://cdn.filestackcontent.com/23LFsH0TzFvjXAGvJDIw
OAC Tours,oactours,oactours@gmail.com,6028345034,United States/Arizona/Cottonwood,,,669733,River to Ribeye Kayaking Package,Boat Tour-Canoe-Guided Tour-Kayak-Other-Private-Shuttle-Water Activities-Wine,6,10,334,https://fareharbor.com/embeds/calendar/oactours/items/669733/?asn=fhdn&asn-ref=alloutdooradventures&ref=alloutdooradventures&bookable-only=yes&full-items=yes&marketplace=yes&flow=no,"<script src=""https://fareharbor.com/embeds/script/calendar/oactours/items/669733/?asn=fhdn&asn-ref=alloutdooradventures&ref=alloutdooradventures&bookable-only=yes&full-items=yes&marketplace=yes&flow=no""></script>",https://fareharbor.com/embeds/book/oactours/items/669733/?asn=fhdn&asn-ref=alloutdooradventures&ref=alloutdooradventures&bookable-only=yes&full-items=yes&marketplace=yes&flow=no,https://cdn.filestackcontent.com/93wS3RpR3u0sw6juF9tO
Adventures in Florida,adventuresinflorida,info@adventuresinflorida.com,(407) 924-3375,United States/Florida/Orlando,,,694070,Expeditions,Canoe,1,8,0,https://fareharbor.com/embeds/calendar/adventuresinflorida/items/694070/?asn=fhdn&asn-ref=alloutdooradventures&ref=alloutdooradventures&bookable-only=yes&full-items=yes&marketplace=yes&flow=no,"<script src=""https://fareharbor.com/embeds/script/calendar/adventuresinflorida/items/694070/?asn=fhdn&asn-ref=alloutdooradventures&ref=alloutdooradventures&bookable-only=yes&full-items=yes&marketplace=yes&flow=no""></script>",https://fareharbor.com/embeds/book/adventuresinflorida/items/694070/?asn=fhdn&asn-ref=alloutdooradventures&ref=alloutdooradventures&bookable-only=yes&full-items=yes&marketplace=yes&flow=no,https://cdn.filestackcontent.com/uDZratxFStKtnnN4f3yP
"White Barn Inn, Auberge Resorts Collection",aubergeresorts,wbi.concierge@aubergeresorts.com,(833) 242-8847,United States/Maine/Kennebunk,,,563526,Canoe Trip: Saco River,Canoe,1,0,0,https://fareharbor.com/embeds/calendar/aubergeresorts/items/563526/?asn=fhdn&asn-ref=alloutdooradventures&ref=alloutdooradventures&bookable-only=yes&full-items=yes&marketplace=yes&flow=no,"<script src=""https://fareharbor.com/embeds/script/calendar/aubergeresorts/items/563526/?asn=fhdn&asn-ref=alloutdooradventures&ref=alloutdooradventures&bookable-only=yes&full-items=yes&marketplace=yes&flow=no""></script>",https://fareharbor.com/embeds/book/aubergeresorts/items/563526/?asn=fhdn&asn-ref=alloutdooradventures&ref=alloutdooradventures&bookable-only=yes&full-items=yes&marketplace=yes&flow=no,https://cdn.filestackcontent.com/grfOiYOgTy2YYx3z4R1x
