company_name,company_shortname,company_email,company_phone,location,location_lat,location_long,item_id,item_name,tags,image_count,quality_score,availability_count,calendar_link,calendar_script,regular_link,image_url
Walks in Europe,walksineurope,support@walksineurope.com,+1(332) 242-2284,France/Île-de-France/Paris,,,366462,Paris: Louvre Masterpieces Tour with Pre-Reserved Tickets,Attraction-Museum-Rafting,27,100,807,https://fareharbor.com/embeds/calendar/walksineurope/items/366462/?asn=fhdn-eur&asn-ref=alloutdooradventures&ref=alloutdooradventures&bookable-only=yes&full-items=yes&marketplace=yes&flow=no,"<script src=""https://fareharbor.com/embeds/script/calendar/walksineurope/items/366462/?asn=fhdn-eur&asn-ref=alloutdooradventures&ref=alloutdooradventures&bookable-only=yes&full-items=yes&marketplace=yes&flow=no""></script>",https://fareharbor.com/embeds/book/walksineurope/items/366462/?asn=fhdn-eur&asn-ref=alloutdooradventures&ref=alloutdooradventures&bookable-only=yes&full-items=yes&marketplace=yes&flow=no,https://cdn.filestackcontent.com/JTn66BhIQBG33XlebQDA
Walks in Europe,walksineurope,support@walksineurope.com,+1(332) 242-2284,Italy/Lombardia/Milano,,,522302,Milan: Cathedral and Terraces Guided Tour with Tickets,Guided Tour-Horse,5,100,774,https://fareharbor.com/embeds/calendar/walksineurope/items/522302/?asn=fhdn-eur&asn-ref=alloutdooradventures&ref=alloutdooradventures&bookable-only=yes&full-items=yes&marketplace=yes&flow=no,"<script src=""https://fareharbor.com/embeds/script/calendar/walksineurope/items/522302/?asn=fhdn-eur&asn-ref=alloutdooradventures&ref=alloutdooradventures&bookable-only=yes&full-items=yes&marketplace=yes&flow=no""></script>",https://fareharbor.com/embeds/book/walksineurope/items/522302/?asn=fhdn-eur&asn-ref=alloutdooradventures&ref=alloutdooradventures&bookable-only=yes&full-items=yes&marketplace=yes&flow=no,https://cdn.filestackcontent.com/ki6nlSkjRv2gu9KivMZN
Out of the Box Florence,outoftheboxflorence,outoftheboxflorence@gmail.com,+39 347 080 9904,Italy/Toscana/Firenze,,,297256,The Unexpected Cinque Terre Adventure ® - Hiking day,Hiking-Walking Tour,16,99,180,https://fareharbor.com/embeds/calendar/outoftheboxflorence/items/297256/?asn=fhdn-eur&asn-ref=alloutdooradventures&ref=alloutdooradventures&bookable-only=yes&full-items=yes&marketplace=yes&flow=no,"<script src=""https://fareharbor.com/embeds/script/calendar/outoftheboxflorence/items/297256/?asn=fhdn-eur&asn-ref=alloutdooradventures&ref=alloutdooradventures&bookable-only=yes&full-items=yes&marketplace=yes&flow=no""></script>",https://fareharbor.com/embeds/book/outoftheboxflorence/items/297256/?asn=fhdn-eur&asn-ref=alloutdooradventures&ref=alloutdooradventures&bookable-only=yes&full-items=yes&marketplace=yes&flow=no,https://cdn.filestackcontent.com/s5WTx2IPREyhIUVZRsVQ
Go Local San Sebastián,golocalsansebastian,kaixo@golocalsansebastian.com,+34 943048328,Spain/Euskadi/Donostia,,,183031,Classic E-Bike Tour (Tour in English),Bike Rental-Bike Tour-E-Bike-Guided Tour,5,98,358,https://fareharbor.com/embeds/calendar/golocalsansebastian/items/183031/?asn=fhdn-eur&asn-ref=alloutdooradventures&ref=alloutdooradventures&bookable-only=yes&full-items=yes&marketplace=yes&flow=no,"<script src=""https://fareharbor.com/embeds/script/calendar/golocalsansebastian/items/183031/?asn=fhdn-eur&asn-ref=alloutdooradventures&ref=alloutdooradventures&bookable-only=yes&full-items=yes&marketplace=yes&flow=no""></script>",https://fareharbor.com/embeds/book/golocalsansebastian/items/183031/?asn=fhdn-eur&asn-ref=alloutdooradventures&ref=alloutdooradventures&bookable-only=yes&full-items=yes&marketplace=yes&flow=no,https://cdn.filestackcontent.com/smCcFhbhR9Cf4DPT7OhF
Walks in Europe,walksineurope,support@walksineurope.com,+1(332) 242-2284,Italy/Tuscany/Siena,11.330581,43.318474,236270,"Siena Private Walking Tour: Traditions, Streets & Cathedral",History Tour-Horse-Private-Walking Tour,10,98,963,https://fareharbor.com/embeds/calendar/walksineurope/items/236270/?asn=fhdn-eur&asn-ref=alloutdooradventures&ref=alloutdooradventures&bookable-only=yes&full-items=yes&marketplace=yes&flow=no,"<script src=""https://fareharbor.com/embeds/script/calendar/walksineurope/items/236270/?asn=fhdn-eur&asn-ref=alloutdooradventures&ref=alloutdooradventures&bookable-only=yes&full-items=yes&marketplace=yes&flow=no""></script>",https://fareharbor.com/embeds/book/walksineurope/items/236270/?asn=fhdn-eur&asn-ref=alloutdooradventures&ref=alloutdooradventures&bookable-only=yes&full-items=yes&marketplace=yes&flow=no,https://cdn.filestackcontent.com/YoQiJKIRRxv3BZBvdIlg
Berggeheimnis,berggeheimnis,info@berggeheimnis.com,+4976619893790,Germany/Baden-Württemberg/Ihringen,7.647102,48.037529,290948,Outdoor Escape Erlebnis: Auf den Spuren von König Otto (E-Bike) | Kaiserstuhl,Bike Tour-E-Bike,6,97,1004,https://fareharbor.com/embeds/calendar/berggeheimnis/items/290948/?asn=fhdn-eur&asn-ref=alloutdooradventures&ref=alloutdooradventures&bookable-only=yes&full-items=yes&marketplace=yes&flow=no,"<script src=""https://fareharbor.com/embeds/script/calendar/berggeheimnis/items/290948/?asn=fhdn-eur&asn-ref=alloutdooradventures&ref=alloutdooradventures&bookable-only=yes&full-items=yes&marketplace=yes&flow=no""></script>",https://fareharbor.com/embeds/book/berggeheimnis/items/290948/?asn=fhdn-eur&asn-ref=alloutdooradventures&ref=alloutdooradventures&bookable-only=yes&full-items=yes&marketplace=yes&flow=no,https://cdn.filestackcontent.com/vD6fXnURRKvCB6tuZowt
Berggeheimnis,berggeheimnis,info@berggeheimnis.com,+4976619893790,Germany/Baden-Württemberg/Kirchzarten,7.953213,47.964178,538465,RadRätsel: Der Brautzug der Marie Antoinette | Dreisamtal,Bike Tour-Self-Guided Tour,6,95,1260,https://fareharbor.com/embeds/calendar/berggeheimnis/items/538465/?asn=fhdn-eur&asn-ref=alloutdooradventures&ref=alloutdooradventures&bookable-only=yes&full-items=yes&marketplace=yes&flow=no,"<script src=""https://fareharbor.com/embeds/script/calendar/berggeheimnis/items/538465/?asn=fhdn-eur&asn-ref=alloutdooradventures&ref=alloutdooradventures&bookable-only=yes&full-items=yes&marketplace=yes&flow=no""></script>",https://fareharbor.com/embeds/book/berggeheimnis/items/538465/?asn=fhdn-eur&asn-ref=alloutdooradventures&ref=alloutdooradventures&bookable-only=yes&full-items=yes&marketplace=yes&flow=no,https://cdn.filestackcontent.com/YX3uAr3fTOuixSpFcJbK
Berggeheimnis,berggeheimnis,info@berggeheimnis.com,+4976619893790,Germany/Baden-Württemberg/Bernau im Schwarzwald,8.035363,47.801785,674780,RadRätsel: Das verborgene Portrait des großen Winterhalters | Bernauer Hochtal,Bike Tour-Self-Guided Tour,7,95,987,https://fareharbor.com/embeds/calendar/berggeheimnis/items/674780/?asn=fhdn-eur&asn-ref=alloutdooradventures&ref=alloutdooradventures&bookable-only=yes&full-items=yes&marketplace=yes&flow=no,"<script src=""https://fareharbor.com/embeds/script/calendar/berggeheimnis/items/674780/?asn=fhdn-eur&asn-ref=alloutdooradventures&ref=alloutdooradventures&bookable-only=yes&full-items=yes&marketplace=yes&flow=no""></script>",https://fareharbor.com/embeds/book/berggeheimnis/items/674780/?asn=fhdn-eur&asn-ref=alloutdooradventures&ref=alloutdooradventures&bookable-only=yes&full-items=yes&marketplace=yes&flow=no,https://cdn.filestackcontent.com/LTXdNA5lTEC4nDquQ0hU
World Experience,webarcelona,booking@worldexperience.com,+34 935950869,Spain/Comunidad de Madrid/Madrid,-3.684946,40.470249,477539,Segovia Private Guided Visit & Alcazar with High-Speed train from Madrid,City Tour-Guided Tour-Hiking-Train-Walking Tour,10,94,130,https://fareharbor.com/embeds/calendar/webarcelona/items/477539/?asn=fhdn-eur&asn-ref=alloutdooradventures&ref=alloutdooradventures&bookable-only=yes&full-items=yes&marketplace=yes&flow=no,"<script src=""https://fareharbor.com/embeds/script/calendar/webarcelona/items/477539/?asn=fhdn-eur&asn-ref=alloutdooradventures&ref=alloutdooradventures&bookable-only=yes&full-items=yes&marketplace=yes&flow=no""></script>",https://fareharbor.com/embeds/book/webarcelona/items/477539/?asn=fhdn-eur&asn-ref=alloutdooradventures&ref=alloutdooradventures&bookable-only=yes&full-items=yes&marketplace=yes&flow=no,https://cdn.filestackcontent.com/95Hc4dAZRGg7gqsiGnQQ
Tourne,tournebilbao,info@tournebilbao.com,+34 688 749 372,Spain/Euskadi/Bilbo,,,159053,Highlights E-bike Tour,Attraction-Bike Rental-Bike Tour-City Tour-Museum,5,93,533,https://fareharbor.com/embeds/calendar/tournebilbao/items/159053/?asn=fhdn-eur&asn-ref=alloutdooradventures&ref=alloutdooradventures&bookable-only=yes&full-items=yes&marketplace=yes&flow=no,"<script src=""https://fareharbor.com/embeds/script/calendar/tournebilbao/items/159053/?asn=fhdn-eur&asn-ref=alloutdooradventures&ref=alloutdooradventures&bookable-only=yes&full-items=yes&marketplace=yes&flow=no""></script>",https://fareharbor.com/embeds/book/tournebilbao/items/159053/?asn=fhdn-eur&asn-ref=alloutdooradventures&ref=alloutdooradventures&bookable-only=yes&full-items=yes&marketplace=yes&flow=no,https://cdn.filestackcontent.com/6Y1IEficRoWjTdoNH6nd
Tourne,tournebilbao,info@tournebilbao.com,+34 688 749 372,Spain/Euskadi/Bilbo,,,159057,Highlights Private E-bike Tour,Bike Rental-Bike Tour,1,92,1075,https://fareharbor.com/embeds/calendar/tournebilbao/items/159057/?asn=fhdn-eur&asn-ref=alloutdooradventures&ref=alloutdooradventures&bookable-only=yes&full-items=yes&marketplace=yes&flow=no,"<script src=""https://fareharbor.com/embeds/script/calendar/tournebilbao/items/159057/?asn=fhdn-eur&asn-ref=alloutdooradventures&ref=alloutdooradventures&bookable-only=yes&full-items=yes&marketplace=yes&flow=no""></script>",https://fareharbor.com/embeds/book/tournebilbao/items/159057/?asn=fhdn-eur&asn-ref=alloutdooradventures&ref=alloutdooradventures&bookable-only=yes&full-items=yes&marketplace=yes&flow=no,https://cdn.filestackcontent.com/8n6ZF9zTouW3N5P7jpnb
We Like Tuscany s.a.s.,weliketuscany,info@weliketuscany.it,+39 342 9352395,Italy/Toscana/Firenze,,,74453,Florence & Taste of Tuscany - Half Day Tour,Bike Tour-E-Bike-Wine,4,90,299,https://fareharbor.com/embeds/calendar/weliketuscany/items/74453/?asn=fhdn-eur&asn-ref=alloutdooradventures&ref=alloutdooradventures&bookable-only=yes&full-items=yes&marketplace=yes&flow=no,"<script src=""https://fareharbor.com/embeds/script/calendar/weliketuscany/items/74453/?asn=fhdn-eur&asn-ref=alloutdooradventures&ref=alloutdooradventures&bookable-only=yes&full-items=yes&marketplace=yes&flow=no""></script>",https://fareharbor.com/embeds/book/weliketuscany/items/74453/?asn=fhdn-eur&asn-ref=alloutdooradventures&ref=alloutdooradventures&bookable-only=yes&full-items=yes&marketplace=yes&flow=no,https://cdn.filestackcontent.com/22qMKLVKS0aNh0yl5X8Q
Bilke Bilbao S.L.,bilkebilbao,info@bilkebilbao.com,+34613060548,Spain/Euskadi/Bilbo,-2.935008,43.266039,527145,Lo Mejor de Bilbao,Bike Tour,7,90,0,https://fareharbor.com/embeds/calendar/bilkebilbao/items/527145/?asn=fhdn-eur&asn-ref=alloutdooradventures&ref=alloutdooradventures&bookable-only=yes&full-items=yes&marketplace=yes&flow=no,"<script src=""https://fareharbor.com/embeds/script/calendar/bilkebilbao/items/527145/?asn=fhdn-eur&asn-ref=alloutdooradventures&ref=alloutdooradventures&bookable-only=yes&full-items=yes&marketplace=yes&flow=no""></script>",https://fareharbor.com/embeds/book/bilkebilbao/items/527145/?asn=fhdn-eur&asn-ref=alloutdooradventures&ref=alloutdooradventures&bookable-only=yes&full-items=yes&marketplace=yes&flow=no,https://cdn.filestackcontent.com/I0quMKWxRjqTK7ajwOEw
Bilke Bilbao S.L.,bilkebilbao,info@bilkebilbao.com,+34613060548,Spain/Euskadi/Bilbo,-2.935008,43.266039,527147,Lo Mejor de Bilbao en Privado. Bicicleta Clásica,Bike Tour,5,88,0,https://fareharbor.com/embeds/calendar/bilkebilbao/items/527147/?asn=fhdn-eur&asn-ref=alloutdooradventures&ref=alloutdooradventures&bookable-only=yes&full-items=yes&marketplace=yes&flow=no,"<script src=""https://fareharbor.com/embeds/script/calendar/bilkebilbao/items/527147/?asn=fhdn-eur&asn-ref=alloutdooradventures&ref=alloutdooradventures&bookable-only=yes&full-items=yes&marketplace=yes&flow=no""></script>",https://fareharbor.com/embeds/book/bilkebilbao/items/527147/?asn=fhdn-eur&asn-ref=alloutdooradventures&ref=alloutdooradventures&bookable-only=yes&full-items=yes&marketplace=yes&flow=no,https://cdn.filestackcontent.com/9rG6uEFQtGwq3NZoPh1T
Le Haras des Ouches,harasdesouches,contactcemedicis@gmail.com,+33671466357,France/Nouvelle-Aquitaine/Roiffé,0.045789,47.160655,211976,Balades touristiques,Horse,4,86,209,https://fareharbor.com/embeds/calendar/harasdesouches/items/211976/?asn=fhdn-eur&asn-ref=alloutdooradventures&ref=alloutdooradventures&bookable-only=yes&full-items=yes&marketplace=yes&flow=no,"<script src=""https://fareharbor.com/embeds/script/calendar/harasdesouches/items/211976/?asn=fhdn-eur&asn-ref=alloutdooradventures&ref=alloutdooradventures&bookable-only=yes&full-items=yes&marketplace=yes&flow=no""></script>",https://fareharbor.com/embeds/book/harasdesouches/items/211976/?asn=fhdn-eur&asn-ref=alloutdooradventures&ref=alloutdooradventures&bookable-only=yes&full-items=yes&marketplace=yes&flow=no,https://cdn.filestackcontent.com/SyobiCpOSiSa4li17sKh
Maverick Boat Adventures,maverickboatadventures,info@maverickboatadventures.com,+44 7411 563849,United Kingdom/England/Seaford,0.092502,50.775,374948,E-Bike Hire,Bike Tour-E-Bike,4,86,0,https://fareharbor.com/embeds/calendar/maverickboatadventures/items/374948/?asn=fhdn-gbp&asn-ref=alloutdooradventures&ref=alloutdooradventures&bookable-only=yes&full-items=yes&marketplace=yes&flow=no,"<script src=""https://fareharbor.com/embeds/script/calendar/maverickboatadventures/items/374948/?asn=fhdn-gbp&asn-ref=alloutdooradventures&ref=alloutdooradventures&bookable-only=yes&full-items=yes&marketplace=yes&flow=no""></script>",https://fareharbor.com/embeds/book/maverickboatadventures/items/374948/?asn=fhdn-gbp&asn-ref=alloutdooradventures&ref=alloutdooradventures&bookable-only=yes&full-items=yes&marketplace=yes&flow=no,https://cdn.filestackcontent.com/HJWzmMEeQeqWJBtYyzAf
Make Antwerp Great Again - City Tours,makeantwerpgreatagain,info@antwerpgids.be,0032 478 84 9112,Belgium/Vlaams Gewest/Antwerpen,4.412139,51.22152,398426,Antwerp ECO-Tour op de fiets,Eco Tour,4,86,644,https://fareharbor.com/embeds/calendar/makeantwerpgreatagain/items/398426/?asn=fhdn-eur&asn-ref=alloutdooradventures&ref=alloutdooradventures&bookable-only=yes&full-items=yes&marketplace=yes&flow=no,"<script src=""https://fareharbor.com/embeds/script/calendar/makeantwerpgreatagain/items/398426/?asn=fhdn-eur&asn-ref=alloutdooradventures&ref=alloutdooradventures&bookable-only=yes&full-items=yes&marketplace=yes&flow=no""></script>",https://fareharbor.com/embeds/book/makeantwerpgreatagain/items/398426/?asn=fhdn-eur&asn-ref=alloutdooradventures&ref=alloutdooradventures&bookable-only=yes&full-items=yes&marketplace=yes&flow=no,https://cdn.filestackcontent.com/uLsFca09RUuJl26ITh0y
Bologna Tour,bolognatour,info@bolognatour.eu,+39 3920060314,Italy/Veneto/Venezia,,,420697,Ferrari Full Day from Venice,Factory Tour-Guided Tour-History Tour-Horse,3,86,180,https://fareharbor.com/embeds/calendar/bolognatour/items/420697/?asn=fhdn-eur&asn-ref=alloutdooradventures&ref=alloutdooradventures&bookable-only=yes&full-items=yes&marketplace=yes&flow=no,"<script src=""https://fareharbor.com/embeds/script/calendar/bolognatour/items/420697/?asn=fhdn-eur&asn-ref=alloutdooradventures&ref=alloutdooradventures&bookable-only=yes&full-items=yes&marketplace=yes&flow=no""></script>",https://fareharbor.com/embeds/book/bolognatour/items/420697/?asn=fhdn-eur&asn-ref=alloutdooradventures&ref=alloutdooradventures&bookable-only=yes&full-items=yes&marketplace=yes&flow=no,https://cdn.filestackcontent.com/spQZe13PRtavncmuhsBd
Arbaspaa,arbaspaa,info@arbaspaa.com,+39 0187 760083,Italy/Liguria/Monterosso al Mare,,,156113,E-Bike tour: From Monterosso to Soviore sanctuary,Bike Rental-Bike Tour-E-Bike-History Tour-Wine,5,85,180,https://fareharbor.com/embeds/calendar/arbaspaa/items/156113/?asn=fhdn-eur&asn-ref=alloutdooradventures&ref=alloutdooradventures&bookable-only=yes&full-items=yes&marketplace=yes&flow=no,"<script src=""https://fareharbor.com/embeds/script/calendar/arbaspaa/items/156113/?asn=fhdn-eur&asn-ref=alloutdooradventures&ref=alloutdooradventures&bookable-only=yes&full-items=yes&marketplace=yes&flow=no""></script>",https://fareharbor.com/embeds/book/arbaspaa/items/156113/?asn=fhdn-eur&asn-ref=alloutdooradventures&ref=alloutdooradventures&bookable-only=yes&full-items=yes&marketplace=yes&flow=no,https://cdn.filestackcontent.com/pgEQFMy2TgyN1Ku6NB5I
Bologna Tour,bolognatour,info@bolognatour.eu,+39 3920060314,Italy/Emilia-Romagna/Bologna,,,200344,Lamborghini & Ferrari Day Tour,History Tour-Horse-Museum-Transfer-Private-Shuttle,6,85,360,https://fareharbor.com/embeds/calendar/bolognatour/items/200344/?asn=fhdn-eur&asn-ref=alloutdooradventures&ref=alloutdooradventures&bookable-only=yes&full-items=yes&marketplace=yes&flow=no,"<script src=""https://fareharbor.com/embeds/script/calendar/bolognatour/items/200344/?asn=fhdn-eur&asn-ref=alloutdooradventures&ref=alloutdooradventures&bookable-only=yes&full-items=yes&marketplace=yes&flow=no""></script>",https://fareharbor.com/embeds/book/bolognatour/items/200344/?asn=fhdn-eur&asn-ref=alloutdooradventures&ref=alloutdooradventures&bookable-only=yes&full-items=yes&marketplace=yes&flow=no,https://cdn.filestackcontent.com/zS7lCISvSIKTd0vViGgn
Special Private Tours,specialprivatetours,info@specialprivatetours.com,0049 15215875864,Germany/Bavaria/Füssen,10.700433,47.569648,265824,Fairy-tale Castles Private Tour From Füssen,Bus Tour-Carriage-Castle-History Tour-Horse-Private-Shuttle-Transportation,8,85,0,https://fareharbor.com/embeds/calendar/specialprivatetours/items/265824/?asn=fhdn-eur&asn-ref=alloutdooradventures&ref=alloutdooradventures&bookable-only=yes&full-items=yes&marketplace=yes&flow=no,"<script src=""https://fareharbor.com/embeds/script/calendar/specialprivatetours/items/265824/?asn=fhdn-eur&asn-ref=alloutdooradventures&ref=alloutdooradventures&bookable-only=yes&full-items=yes&marketplace=yes&flow=no""></script>",https://fareharbor.com/embeds/book/specialprivatetours/items/265824/?asn=fhdn-eur&asn-ref=alloutdooradventures&ref=alloutdooradventures&bookable-only=yes&full-items=yes&marketplace=yes&flow=no,https://cdn.filestackcontent.com/Lqg6W73PQOeD9AT44NWz
Special Private Tours,specialprivatetours,info@specialprivatetours.com,0049 15215875864,Germany/Bavaria/Munich,11.581981,48.135125,265835,Neuschwanstein Castle and More Private Tour,Bus Tour-Carriage-Castle-Food Tour-History Tour-Horse-Private-Shuttle-Transportation,6,85,0,https://fareharbor.com/embeds/calendar/specialprivatetours/items/265835/?asn=fhdn-eur&asn-ref=alloutdooradventures&ref=alloutdooradventures&bookable-only=yes&full-items=yes&marketplace=yes&flow=no,"<script src=""https://fareharbor.com/embeds/script/calendar/specialprivatetours/items/265835/?asn=fhdn-eur&asn-ref=alloutdooradventures&ref=alloutdooradventures&bookable-only=yes&full-items=yes&marketplace=yes&flow=no""></script>",https://fareharbor.com/embeds/book/specialprivatetours/items/265835/?asn=fhdn-eur&asn-ref=alloutdooradventures&ref=alloutdooradventures&bookable-only=yes&full-items=yes&marketplace=yes&flow=no,https://cdn.filestackcontent.com/FiR1lRUR6PqWwmBLN5Q6
Special Private Tours,specialprivatetours,info@specialprivatetours.com,0049 15215875864,Germany/Bavaria/Munich,11.581981,48.135125,265860,3-Day Private Tour Best of Bavaria and Tyrol,Attraction-Carriage-Castle-City Tour-Horse-Private-Shuttle-Transportation,8,85,0,https://fareharbor.com/embeds/calendar/specialprivatetours/items/265860/?asn=fhdn-eur&asn-ref=alloutdooradventures&ref=alloutdooradventures&bookable-only=yes&full-items=yes&marketplace=yes&flow=no,"<script src=""https://fareharbor.com/embeds/script/calendar/specialprivatetours/items/265860/?asn=fhdn-eur&asn-ref=alloutdooradventures&ref=alloutdooradventures&bookable-only=yes&full-items=yes&marketplace=yes&flow=no""></script>",https://fareharbor.com/embeds/book/specialprivatetours/items/265860/?asn=fhdn-eur&asn-ref=alloutdooradventures&ref=alloutdooradventures&bookable-only=yes&full-items=yes&marketplace=yes&flow=no,https://cdn.filestackcontent.com/YykP5SQiQeGkCjKQWqQQ
Special Private Tours,specialprivatetours,info@specialprivatetours.com,0049 15215875864,Germany/Bavaria/Munich,11.581981,48.135125,265861,3 Day Royal Tour (Ludwig II from the beginning to the end),Boat Tour-Carriage-Castle-Dinner Boat-History Tour-Horse-Museum-Shuttle-Sightseeing Tour-Transportation-Walking Tour,11,85,0,https://fareharbor.com/embeds/calendar/specialprivatetours/items/265861/?asn=fhdn-eur&asn-ref=alloutdooradventures&ref=alloutdooradventures&bookable-only=yes&full-items=yes&marketplace=yes&flow=no,"<script src=""https://fareharbor.com/embeds/script/calendar/specialprivatetours/items/265861/?asn=fhdn-eur&asn-ref=alloutdooradventures&ref=alloutdooradventures&bookable-only=yes&full-items=yes&marketplace=yes&flow=no""></script>",https://fareharbor.com/embeds/book/specialprivatetours/items/265861/?asn=fhdn-eur&asn-ref=alloutdooradventures&ref=alloutdooradventures&bookable-only=yes&full-items=yes&marketplace=yes&flow=no,https://cdn.filestackcontent.com/V2Z5JuNRP7EO43JSKwzw
Special Private Tours,specialprivatetours,info@specialprivatetours.com,0049 15215875864,Germany/Bavaria/Füssen,10.700433,47.569648,265873,Neuschwanstein Castle Half-Day Private Tour from Füssen Or Hohenschwangau,Bus Tour-Carriage-Castle-History Tour-Horse-Private-Shuttle-Sightseeing Tour-Transportation,6,85,0,https://fareharbor.com/embeds/calendar/specialprivatetours/items/265873/?asn=fhdn-eur&asn-ref=alloutdooradventures&ref=alloutdooradventures&bookable-only=yes&full-items=yes&marketplace=yes&flow=no,"<script src=""https://fareharbor.com/embeds/script/calendar/specialprivatetours/items/265873/?asn=fhdn-eur&asn-ref=alloutdooradventures&ref=alloutdooradventures&bookable-only=yes&full-items=yes&marketplace=yes&flow=no""></script>",https://fareharbor.com/embeds/book/specialprivatetours/items/265873/?asn=fhdn-eur&asn-ref=alloutdooradventures&ref=alloutdooradventures&bookable-only=yes&full-items=yes&marketplace=yes&flow=no,https://cdn.filestackcontent.com/HVlKEJAXQxaU5rlbaaG6
Cycling Tour Barcelona,cyclingtourbarcelona,cyclingtourbarcelona@gmail.com,+44 7463 680099,Spain/Catalunya/Barcelona,2.177287,41.380484,403406,Sightseeing by Bike Photo-Shooting & Tapas,Bike Tour,14,85,179,https://fareharbor.com/embeds/calendar/cyclingtourbarcelona/items/403406/?asn=fhdn-eur&asn-ref=alloutdooradventures&ref=alloutdooradventures&bookable-only=yes&full-items=yes&marketplace=yes&flow=no,"<script src=""https://fareharbor.com/embeds/script/calendar/cyclingtourbarcelona/items/403406/?asn=fhdn-eur&asn-ref=alloutdooradventures&ref=alloutdooradventures&bookable-only=yes&full-items=yes&marketplace=yes&flow=no""></script>",https://fareharbor.com/embeds/book/cyclingtourbarcelona/items/403406/?asn=fhdn-eur&asn-ref=alloutdooradventures&ref=alloutdooradventures&bookable-only=yes&full-items=yes&marketplace=yes&flow=no,https://cdn.filestackcontent.com/AQFojyeTRoubjNLP7Gyp
Cycling Tour Barcelona,cyclingtourbarcelona,cyclingtourbarcelona@gmail.com,+44 7463 680099,Spain/Catalunya/Barcelona,2.177287,41.380484,403412,Sightseeing by Bike Photo-Shooting,Bike Tour,10,85,357,https://fareharbor.com/embeds/calendar/cyclingtourbarcelona/items/403412/?asn=fhdn-eur&asn-ref=alloutdooradventures&ref=alloutdooradventures&bookable-only=yes&full-items=yes&marketplace=yes&flow=no,"<script src=""https://fareharbor.com/embeds/script/calendar/cyclingtourbarcelona/items/403412/?asn=fhdn-eur&asn-ref=alloutdooradventures&ref=alloutdooradventures&bookable-only=yes&full-items=yes&marketplace=yes&flow=no""></script>",https://fareharbor.com/embeds/book/cyclingtourbarcelona/items/403412/?asn=fhdn-eur&asn-ref=alloutdooradventures&ref=alloutdooradventures&bookable-only=yes&full-items=yes&marketplace=yes&flow=no,https://cdn.filestackcontent.com/a0PEosUZSlu8uFypaXwd
World Experience,webarcelona,booking@worldexperience.com,+34 935950869,Portugal/Lisboa/Lisboa,-9.151154,38.724996,464857,"Sintra with Pena Palace, Cabo da Roca & Praia da Adraga Hiking from Lisbon (AM)",Guided Tour-Hiking-History Tour-Walking Tour,7,85,180,https://fareharbor.com/embeds/calendar/webarcelona/items/464857/?asn=fhdn-eur&asn-ref=alloutdooradventures&ref=alloutdooradventures&bookable-only=yes&full-items=yes&marketplace=yes&flow=no,"<script src=""https://fareharbor.com/embeds/script/calendar/webarcelona/items/464857/?asn=fhdn-eur&asn-ref=alloutdooradventures&ref=alloutdooradventures&bookable-only=yes&full-items=yes&marketplace=yes&flow=no""></script>",https://fareharbor.com/embeds/book/webarcelona/items/464857/?asn=fhdn-eur&asn-ref=alloutdooradventures&ref=alloutdooradventures&bookable-only=yes&full-items=yes&marketplace=yes&flow=no,https://cdn.filestackcontent.com/5hdp8mcbTNyBpfvWnH3A
Special Private Tours,specialprivatetours,info@specialprivatetours.com,0049 15215875864,Germany/Bavaria/Munich,11.581981,48.135125,265859,2 Day Tour (All in one),Attraction-Bus Tour-Carriage-Castle-City Tour-History Tour-Horse-Private-Shuttle-Transportation,6,84,0,https://fareharbor.com/embeds/calendar/specialprivatetours/items/265859/?asn=fhdn-eur&asn-ref=alloutdooradventures&ref=alloutdooradventures&bookable-only=yes&full-items=yes&marketplace=yes&flow=no,"<script src=""https://fareharbor.com/embeds/script/calendar/specialprivatetours/items/265859/?asn=fhdn-eur&asn-ref=alloutdooradventures&ref=alloutdooradventures&bookable-only=yes&full-items=yes&marketplace=yes&flow=no""></script>",https://fareharbor.com/embeds/book/specialprivatetours/items/265859/?asn=fhdn-eur&asn-ref=alloutdooradventures&ref=alloutdooradventures&bookable-only=yes&full-items=yes&marketplace=yes&flow=no,https://cdn.filestackcontent.com/YU2Y3sHkTUmubTlnFDOS
Special Private Tours,specialprivatetours,info@specialprivatetours.com,0049 15215875864,Germany/Bavaria/Füssen,10.700433,47.569648,265876,Neuschwanstein and Hohenschwangau Castle Private Tour,Bus Tour-Carriage-Castle-History Tour-Horse-Private-Shuttle-Sightseeing Tour-Transportation,5,84,0,https://fareharbor.com/embeds/calendar/specialprivatetours/items/265876/?asn=fhdn-eur&asn-ref=alloutdooradventures&ref=alloutdooradventures&bookable-only=yes&full-items=yes&marketplace=yes&flow=no,"<script src=""https://fareharbor.com/embeds/script/calendar/specialprivatetours/items/265876/?asn=fhdn-eur&asn-ref=alloutdooradventures&ref=alloutdooradventures&bookable-only=yes&full-items=yes&marketplace=yes&flow=no""></script>",https://fareharbor.com/embeds/book/specialprivatetours/items/265876/?asn=fhdn-eur&asn-ref=alloutdooradventures&ref=alloutdooradventures&bookable-only=yes&full-items=yes&marketplace=yes&flow=no,https://cdn.filestackcontent.com/i850OWM7QNqKuTDkvLqn
Special Private Tours,specialprivatetours,info@specialprivatetours.com,0049 15215875864,Germany/Bavaria/Munich,11.581981,48.135125,360753,Neuschwanstein Castle and Highline 179 From Munich,Bus Tour-Carriage-Castle-Food Tour-History Tour-Horse-Private-Shuttle-Transportation,6,84,0,https://fareharbor.com/embeds/calendar/specialprivatetours/items/360753/?asn=fhdn-eur&asn-ref=alloutdooradventures&ref=alloutdooradventures&bookable-only=yes&full-items=yes&marketplace=yes&flow=no,"<script src=""https://fareharbor.com/embeds/script/calendar/specialprivatetours/items/360753/?asn=fhdn-eur&asn-ref=alloutdooradventures&ref=alloutdooradventures&bookable-only=yes&full-items=yes&marketplace=yes&flow=no""></script>",https://fareharbor.com/embeds/book/specialprivatetours/items/360753/?asn=fhdn-eur&asn-ref=alloutdooradventures&ref=alloutdooradventures&bookable-only=yes&full-items=yes&marketplace=yes&flow=no,https://cdn.filestackcontent.com/pakVafBdQyirXgABhWK3
Maverick Boat Adventures,maverickboatadventures,info@maverickboatadventures.com,+44 7411 563849,United Kingdom/England/Newhaven,,,374939,Mediterranean Rib Private Charter Boat Tour,Boat Tour-Food Tour-Snorkel,9,84,748,https://fareharbor.com/embeds/calendar/maverickboatadventures/items/374939/?asn=fhdn-gbp&asn-ref=alloutdooradventures&ref=alloutdooradventures&bookable-only=yes&full-items=yes&marketplace=yes&flow=no,"<script src=""https://fareharbor.com/embeds/script/calendar/maverickboatadventures/items/374939/?asn=fhdn-gbp&asn-ref=alloutdooradventures&ref=alloutdooradventures&bookable-only=yes&full-items=yes&marketplace=yes&flow=no""></script>",https://fareharbor.com/embeds/book/maverickboatadventures/items/374939/?asn=fhdn-gbp&asn-ref=alloutdooradventures&ref=alloutdooradventures&bookable-only=yes&full-items=yes&marketplace=yes&flow=no,https://cdn.filestackcontent.com/wMnPTYKuS76MVF8MIyUb
El Ciclo,elciclobcn,ramiro@elciclobcn.com,34607824860,Spain/Catalunya/Barcelona,,,540801,Best of Barcelona Bicycle Tour - group,Bike Tour,5,84,634,https://fareharbor.com/embeds/calendar/elciclobcn/items/540801/?asn=fhdn-eur&asn-ref=alloutdooradventures&ref=alloutdooradventures&bookable-only=yes&full-items=yes&marketplace=yes&flow=no,"<script src=""https://fareharbor.com/embeds/script/calendar/elciclobcn/items/540801/?asn=fhdn-eur&asn-ref=alloutdooradventures&ref=alloutdooradventures&bookable-only=yes&full-items=yes&marketplace=yes&flow=no""></script>",https://fareharbor.com/embeds/book/elciclobcn/items/540801/?asn=fhdn-eur&asn-ref=alloutdooradventures&ref=alloutdooradventures&bookable-only=yes&full-items=yes&marketplace=yes&flow=no,https://cdn.filestackcontent.com/6XJO6hcbQDGWBXznD80S
Arbaspaa,arbaspaa,info@arbaspaa.com,+39 0187 760083,Italy/Liguria/La Spezia,,,119344,Mountain E-Bike Private tour: La Spezia - Cinque Terre,Bike Tour-E-Bike-Train,5,83,0,https://fareharbor.com/embeds/calendar/arbaspaa/items/119344/?asn=fhdn-eur&asn-ref=alloutdooradventures&ref=alloutdooradventures&bookable-only=yes&full-items=yes&marketplace=yes&flow=no,"<script src=""https://fareharbor.com/embeds/script/calendar/arbaspaa/items/119344/?asn=fhdn-eur&asn-ref=alloutdooradventures&ref=alloutdooradventures&bookable-only=yes&full-items=yes&marketplace=yes&flow=no""></script>",https://fareharbor.com/embeds/book/arbaspaa/items/119344/?asn=fhdn-eur&asn-ref=alloutdooradventures&ref=alloutdooradventures&bookable-only=yes&full-items=yes&marketplace=yes&flow=no,https://cdn.filestackcontent.com/dMQQ1xKTRiY2cOpIYZED
Tourne,tournebilbao,info@tournebilbao.com,+34 688 749 372,Spain/Euskadi/Getxo,,,159056,Getxo Seaside E-bike Tour,Bike Rental-Bike Tour-E-Bike-History Tour-Museum,8,83,152,https://fareharbor.com/embeds/calendar/tournebilbao/items/159056/?asn=fhdn-eur&asn-ref=alloutdooradventures&ref=alloutdooradventures&bookable-only=yes&full-items=yes&marketplace=yes&flow=no,"<script src=""https://fareharbor.com/embeds/script/calendar/tournebilbao/items/159056/?asn=fhdn-eur&asn-ref=alloutdooradventures&ref=alloutdooradventures&bookable-only=yes&full-items=yes&marketplace=yes&flow=no""></script>",https://fareharbor.com/embeds/book/tournebilbao/items/159056/?asn=fhdn-eur&asn-ref=alloutdooradventures&ref=alloutdooradventures&bookable-only=yes&full-items=yes&marketplace=yes&flow=no,https://cdn.filestackcontent.com/KMXE7kFJRQkpJ9F8fjOg
We Like Tuscany s.a.s.,weliketuscany,info@weliketuscany.it,+39 342 9352395,Italy/Toscana/Firenze,11.243185,43.76613,74460,Active Full Day Tuscan Bike Tour,Bike Tour-E-Bike-Museum-Shuttle-Winery-Wine,4,82,180,https://fareharbor.com/embeds/calendar/weliketuscany/items/74460/?asn=fhdn-eur&asn-ref=alloutdooradventures&ref=alloutdooradventures&bookable-only=yes&full-items=yes&marketplace=yes&flow=no,"<script src=""https://fareharbor.com/embeds/script/calendar/weliketuscany/items/74460/?asn=fhdn-eur&asn-ref=alloutdooradventures&ref=alloutdooradventures&bookable-only=yes&full-items=yes&marketplace=yes&flow=no""></script>",https://fareharbor.com/embeds/book/weliketuscany/items/74460/?asn=fhdn-eur&asn-ref=alloutdooradventures&ref=alloutdooradventures&bookable-only=yes&full-items=yes&marketplace=yes&flow=no,https://cdn.filestackcontent.com/Q1YxKb0QcKrPxwHHgqX1
World Experience,webarcelona,booking@worldexperience.com,+34 935950869,Spain/Catalunya/Barcelona,,,83798,"Montserrat Experience, Monastery & Horseback Adventure",Horse-Private,2,82,155,https://fareharbor.com/embeds/calendar/webarcelona/items/83798/?asn=fhdn-eur&asn-ref=alloutdooradventures&ref=alloutdooradventures&bookable-only=yes&full-items=yes&marketplace=yes&flow=no,"<script src=""https://fareharbor.com/embeds/script/calendar/webarcelona/items/83798/?asn=fhdn-eur&asn-ref=alloutdooradventures&ref=alloutdooradventures&bookable-only=yes&full-items=yes&marketplace=yes&flow=no""></script>",https://fareharbor.com/embeds/book/webarcelona/items/83798/?asn=fhdn-eur&asn-ref=alloutdooradventures&ref=alloutdooradventures&bookable-only=yes&full-items=yes&marketplace=yes&flow=no,https://cdn.filestackcontent.com/rtkyjckRoyS7ARnY1mAf
Arbaspaa,arbaspaa,info@arbaspaa.com,+39 0187 760083,Italy/Liguria/Porto Venere,,,119357,Rock Climbing with stunning views - Portovenere,Climbing-Hiking-Private-Rentals,6,82,180,https://fareharbor.com/embeds/calendar/arbaspaa/items/119357/?asn=fhdn-eur&asn-ref=alloutdooradventures&ref=alloutdooradventures&bookable-only=yes&full-items=yes&marketplace=yes&flow=no,"<script src=""https://fareharbor.com/embeds/script/calendar/arbaspaa/items/119357/?asn=fhdn-eur&asn-ref=alloutdooradventures&ref=alloutdooradventures&bookable-only=yes&full-items=yes&marketplace=yes&flow=no""></script>",https://fareharbor.com/embeds/book/arbaspaa/items/119357/?asn=fhdn-eur&asn-ref=alloutdooradventures&ref=alloutdooradventures&bookable-only=yes&full-items=yes&marketplace=yes&flow=no,https://cdn.filestackcontent.com/jIMH3y7cRIeee4T5w2j8
Holland Bikes Tours and Rentals,hollandbikestoursandrentalsparis,,,France/Auvergne-Rhône-Alpes/Lyon,4.839815,45.756512,539390,Lyon Highlights Tour,Bike Tour,8,82,319,https://fareharbor.com/embeds/calendar/hollandbikestoursandrentalsparis/items/539390/?asn=fhdn-eur&asn-ref=alloutdooradventures&ref=alloutdooradventures&bookable-only=yes&full-items=yes&marketplace=yes&flow=no,"<script src=""https://fareharbor.com/embeds/script/calendar/hollandbikestoursandrentalsparis/items/539390/?asn=fhdn-eur&asn-ref=alloutdooradventures&ref=alloutdooradventures&bookable-only=yes&full-items=yes&marketplace=yes&flow=no""></script>",https://fareharbor.com/embeds/book/hollandbikestoursandrentalsparis/items/539390/?asn=fhdn-eur&asn-ref=alloutdooradventures&ref=alloutdooradventures&bookable-only=yes&full-items=yes&marketplace=yes&flow=no,https://cdn.filestackcontent.com/QH3hKtgQkmDEgwrSJNFy
Salamanca Visit,salamancavisit,martoke@salamancavisit.com,34608705178,Spain/Castilla y León/Salamanca,-5.667719,40.962106,607436,Bike tour,Bike Tour,1,82,480,https://fareharbor.com/embeds/calendar/salamancavisit/items/607436/?asn=fhdn-eur&asn-ref=alloutdooradventures&ref=alloutdooradventures&bookable-only=yes&full-items=yes&marketplace=yes&flow=no,"<script src=""https://fareharbor.com/embeds/script/calendar/salamancavisit/items/607436/?asn=fhdn-eur&asn-ref=alloutdooradventures&ref=alloutdooradventures&bookable-only=yes&full-items=yes&marketplace=yes&flow=no""></script>",https://fareharbor.com/embeds/book/salamancavisit/items/607436/?asn=fhdn-eur&asn-ref=alloutdooradventures&ref=alloutdooradventures&bookable-only=yes&full-items=yes&marketplace=yes&flow=no,https://cdn.filestackcontent.com/Fz6jZ0PpQokfq6mZ8p6k
We Like Tuscany s.a.s.,weliketuscany,info@weliketuscany.it,+39 342 9352395,Italy/Toscana/Firenze,11.243185,43.76613,74454,E-bike Chianti Classico & Tuscany - Full Day Tour,Bike Tour-Castle-E-Bike-Shuttle-Wine,5,81,180,https://fareharbor.com/embeds/calendar/weliketuscany/items/74454/?asn=fhdn-eur&asn-ref=alloutdooradventures&ref=alloutdooradventures&bookable-only=yes&full-items=yes&marketplace=yes&flow=no,"<script src=""https://fareharbor.com/embeds/script/calendar/weliketuscany/items/74454/?asn=fhdn-eur&asn-ref=alloutdooradventures&ref=alloutdooradventures&bookable-only=yes&full-items=yes&marketplace=yes&flow=no""></script>",https://fareharbor.com/embeds/book/weliketuscany/items/74454/?asn=fhdn-eur&asn-ref=alloutdooradventures&ref=alloutdooradventures&bookable-only=yes&full-items=yes&marketplace=yes&flow=no,https://cdn.filestackcontent.com/LwfHxuxR1OS86XP2BofL
Special Private Tours,specialprivatetours,info@specialprivatetours.com,0049 15215875864,Germany/Bayern/Schwangau,10.741066,47.55654,265821,Neuschwanstein Castle Small Group From Hohenschwangau,Bus Tour-Carriage-Castle-Food Tour-History Tour-Horse-Shuttle,4,81,0,https://fareharbor.com/embeds/calendar/specialprivatetours/items/265821/?asn=fhdn-eur&asn-ref=alloutdooradventures&ref=alloutdooradventures&bookable-only=yes&full-items=yes&marketplace=yes&flow=no,"<script src=""https://fareharbor.com/embeds/script/calendar/specialprivatetours/items/265821/?asn=fhdn-eur&asn-ref=alloutdooradventures&ref=alloutdooradventures&bookable-only=yes&full-items=yes&marketplace=yes&flow=no""></script>",https://fareharbor.com/embeds/book/specialprivatetours/items/265821/?asn=fhdn-eur&asn-ref=alloutdooradventures&ref=alloutdooradventures&bookable-only=yes&full-items=yes&marketplace=yes&flow=no,https://cdn.filestackcontent.com/r3fm4ayjRBaYsfvWSEFd
Arbaspaa,arbaspaa,info@arbaspaa.com,+39 0187 760083,Italy/Liguria/Porto Venere,,,429648,Snorkeling and Sea Watching experience in the Marine Protected Area of Porto Venere,Snorkel,4,81,184,https://fareharbor.com/embeds/calendar/arbaspaa/items/429648/?asn=fhdn-eur&asn-ref=alloutdooradventures&ref=alloutdooradventures&bookable-only=yes&full-items=yes&marketplace=yes&flow=no,"<script src=""https://fareharbor.com/embeds/script/calendar/arbaspaa/items/429648/?asn=fhdn-eur&asn-ref=alloutdooradventures&ref=alloutdooradventures&bookable-only=yes&full-items=yes&marketplace=yes&flow=no""></script>",https://fareharbor.com/embeds/book/arbaspaa/items/429648/?asn=fhdn-eur&asn-ref=alloutdooradventures&ref=alloutdooradventures&bookable-only=yes&full-items=yes&marketplace=yes&flow=no,https://cdn.filestackcontent.com/83rHAJ3QieDm4UCczGDw
Go Local San Sebastián,golocalsansebastian,kaixo@golocalsansebastian.com,+34 943048328,Spain/Euskadi/Donostia,,,183055,Senderismo Camino de Santiago en San Sebastián,Hiking,4,80,181,https://fareharbor.com/embeds/calendar/golocalsansebastian/items/183055/?asn=fhdn-eur&asn-ref=alloutdooradventures&ref=alloutdooradventures&bookable-only=yes&full-items=yes&marketplace=yes&flow=no,"<script src=""https://fareharbor.com/embeds/script/calendar/golocalsansebastian/items/183055/?asn=fhdn-eur&asn-ref=alloutdooradventures&ref=alloutdooradventures&bookable-only=yes&full-items=yes&marketplace=yes&flow=no""></script>",https://fareharbor.com/embeds/book/golocalsansebastian/items/183055/?asn=fhdn-eur&asn-ref=alloutdooradventures&ref=alloutdooradventures&bookable-only=yes&full-items=yes&marketplace=yes&flow=no,https://cdn.filestackcontent.com/f7MfJfMTSvGJSzKAvoJ6
Bologna Tour,bolognatour,info@bolognatour.eu,+39 3920060314,Italy/Toscana/Siena,,,280559,Siena: Private walking tour,City Tour-Food Tour-Horse-Museum-Private-Walking Tour,4,80,1068,https://fareharbor.com/embeds/calendar/bolognatour/items/280559/?asn=fhdn-eur&asn-ref=alloutdooradventures&ref=alloutdooradventures&bookable-only=yes&full-items=yes&marketplace=yes&flow=no,"<script src=""https://fareharbor.com/embeds/script/calendar/bolognatour/items/280559/?asn=fhdn-eur&asn-ref=alloutdooradventures&ref=alloutdooradventures&bookable-only=yes&full-items=yes&marketplace=yes&flow=no""></script>",https://fareharbor.com/embeds/book/bolognatour/items/280559/?asn=fhdn-eur&asn-ref=alloutdooradventures&ref=alloutdooradventures&bookable-only=yes&full-items=yes&marketplace=yes&flow=no,https://cdn.filestackcontent.com/InmvkPfTS8SktkIudjsS
Cognac Tasting Tour,cognac-tasting-tour,contact@cognac-tasting-tour.fr,+33 770 44 31 89,France/Nouvelle-Aquitaine/Saint-Preuil,-0.170835,45.595811,592787,Balade VAE guidée dans le vignoble de Cognac - Demi-journée,Bike Tour,5,79,0,https://fareharbor.com/embeds/calendar/cognac-tasting-tour/items/592787/?asn=fhdn-eur&asn-ref=alloutdooradventures&ref=alloutdooradventures&bookable-only=yes&full-items=yes&marketplace=yes&flow=no,"<script src=""https://fareharbor.com/embeds/script/calendar/cognac-tasting-tour/items/592787/?asn=fhdn-eur&asn-ref=alloutdooradventures&ref=alloutdooradventures&bookable-only=yes&full-items=yes&marketplace=yes&flow=no""></script>",https://fareharbor.com/embeds/book/cognac-tasting-tour/items/592787/?asn=fhdn-eur&asn-ref=alloutdooradventures&ref=alloutdooradventures&bookable-only=yes&full-items=yes&marketplace=yes&flow=no,https://cdn.filestackcontent.com/w1w2i3ZbQZiSRMbHVNFB
See Event GmbH,see-event-gmbh,laserbase@action-forest.de,,Germany/Baden-Württemberg/Titisee-Neustadt,,,703502,Tickets für Schulklassen,Climbing,2,79,702,https://fareharbor.com/embeds/calendar/see-event-gmbh/items/703502/?asn=fhdn-eur&asn-ref=alloutdooradventures&ref=alloutdooradventures&bookable-only=yes&full-items=yes&marketplace=yes&flow=no,"<script src=""https://fareharbor.com/embeds/script/calendar/see-event-gmbh/items/703502/?asn=fhdn-eur&asn-ref=alloutdooradventures&ref=alloutdooradventures&bookable-only=yes&full-items=yes&marketplace=yes&flow=no""></script>",https://fareharbor.com/embeds/book/see-event-gmbh/items/703502/?asn=fhdn-eur&asn-ref=alloutdooradventures&ref=alloutdooradventures&bookable-only=yes&full-items=yes&marketplace=yes&flow=no,https://cdn.filestackcontent.com/lEv3r5R2S1aqKVGToPch
World Experience,webarcelona,booking@worldexperience.com,+34 935950869,Spain/Catalunya/Barcelona,,,83681,Montserrat Monastery & Hiking Experience Premium Small Group from Barcelona,Guided Tour-Hiking-Walking Tour,8,78,0,https://fareharbor.com/embeds/calendar/webarcelona/items/83681/?asn=fhdn-eur&asn-ref=alloutdooradventures&ref=alloutdooradventures&bookable-only=yes&full-items=yes&marketplace=yes&flow=no,"<script src=""https://fareharbor.com/embeds/script/calendar/webarcelona/items/83681/?asn=fhdn-eur&asn-ref=alloutdooradventures&ref=alloutdooradventures&bookable-only=yes&full-items=yes&marketplace=yes&flow=no""></script>",https://fareharbor.com/embeds/book/webarcelona/items/83681/?asn=fhdn-eur&asn-ref=alloutdooradventures&ref=alloutdooradventures&bookable-only=yes&full-items=yes&marketplace=yes&flow=no,https://cdn.filestackcontent.com/mgdRSVqYRESjrShz4ICI
Garmisch Alpine Paradise,garmisch-alpine-paradise,garmisch.alpine@gmail.com,+49 152 0393 38,Germany/Bayern/Garmisch-Partenkirchen,11.106693,47.503892,663093,Hiking to Wank Mountain – The Balcony of Garmisch,Hiking,2,78,163,https://fareharbor.com/embeds/calendar/garmisch-alpine-paradise/items/663093/?asn=fhdn-eur&asn-ref=alloutdooradventures&ref=alloutdooradventures&bookable-only=yes&full-items=yes&marketplace=yes&flow=no,"<script src=""https://fareharbor.com/embeds/script/calendar/garmisch-alpine-paradise/items/663093/?asn=fhdn-eur&asn-ref=alloutdooradventures&ref=alloutdooradventures&bookable-only=yes&full-items=yes&marketplace=yes&flow=no""></script>",https://fareharbor.com/embeds/book/garmisch-alpine-paradise/items/663093/?asn=fhdn-eur&asn-ref=alloutdooradventures&ref=alloutdooradventures&bookable-only=yes&full-items=yes&marketplace=yes&flow=no,https://cdn.filestackcontent.com/bGtbYBdkSkOArBLPPoAB
Arbaspaa,arbaspaa,info@arbaspaa.com,+39 0187 760083,Italy/Liguria/Manarola,9.728488,44.106843,146505,Ligurian  Motorboat Gozzo: Blue Sky- Monterosso,Boat Tour-Snorkel,3,77,0,https://fareharbor.com/embeds/calendar/arbaspaa/items/146505/?asn=fhdn-eur&asn-ref=alloutdooradventures&ref=alloutdooradventures&bookable-only=yes&full-items=yes&marketplace=yes&flow=no,"<script src=""https://fareharbor.com/embeds/script/calendar/arbaspaa/items/146505/?asn=fhdn-eur&asn-ref=alloutdooradventures&ref=alloutdooradventures&bookable-only=yes&full-items=yes&marketplace=yes&flow=no""></script>",https://fareharbor.com/embeds/book/arbaspaa/items/146505/?asn=fhdn-eur&asn-ref=alloutdooradventures&ref=alloutdooradventures&bookable-only=yes&full-items=yes&marketplace=yes&flow=no,https://cdn.filestackcontent.com/nwEcKCfcQ0mlZg7e0QWS
Arbaspaa,arbaspaa,info@arbaspaa.com,+39 0187 760083,Italy/Liguria/Vernazza,9.682796,44.13535,146532,Modern Motorboat Gozzo DIDI MAJOR: Lerici/La Spezia,Boat Tour-Private-Snorkel,2,77,0,https://fareharbor.com/embeds/calendar/arbaspaa/items/146532/?asn=fhdn-eur&asn-ref=alloutdooradventures&ref=alloutdooradventures&bookable-only=yes&full-items=yes&marketplace=yes&flow=no,"<script src=""https://fareharbor.com/embeds/script/calendar/arbaspaa/items/146532/?asn=fhdn-eur&asn-ref=alloutdooradventures&ref=alloutdooradventures&bookable-only=yes&full-items=yes&marketplace=yes&flow=no""></script>",https://fareharbor.com/embeds/book/arbaspaa/items/146532/?asn=fhdn-eur&asn-ref=alloutdooradventures&ref=alloutdooradventures&bookable-only=yes&full-items=yes&marketplace=yes&flow=no,https://cdn.filestackcontent.com/64noZYwySYGc2t3X1Ilk
Medaqua,medaqua,info@medaqua.com,(+34) 972 752043,Spain/Catalunya/L'Estartit,3.20576,42.054548,310684,Eco-Snorkel en las Islas Medes,Snorkel,4,77,444,https://fareharbor.com/embeds/calendar/medaqua/items/310684/?asn=fhdn-eur&asn-ref=alloutdooradventures&ref=alloutdooradventures&bookable-only=yes&full-items=yes&marketplace=yes&flow=no,"<script src=""https://fareharbor.com/embeds/script/calendar/medaqua/items/310684/?asn=fhdn-eur&asn-ref=alloutdooradventures&ref=alloutdooradventures&bookable-only=yes&full-items=yes&marketplace=yes&flow=no""></script>",https://fareharbor.com/embeds/book/medaqua/items/310684/?asn=fhdn-eur&asn-ref=alloutdooradventures&ref=alloutdooradventures&bookable-only=yes&full-items=yes&marketplace=yes&flow=no,https://cdn.filestackcontent.com/K5BXgFDRpZDYhx6AhL6A
Medaqua,medaqua,info@medaqua.com,(+34) 972 752043,Spain/Catalunya/L'Estartit,3.20576,42.054548,310690,Bautizo de buceo,Scuba,3,77,311,https://fareharbor.com/embeds/calendar/medaqua/items/310690/?asn=fhdn-eur&asn-ref=alloutdooradventures&ref=alloutdooradventures&bookable-only=yes&full-items=yes&marketplace=yes&flow=no,"<script src=""https://fareharbor.com/embeds/script/calendar/medaqua/items/310690/?asn=fhdn-eur&asn-ref=alloutdooradventures&ref=alloutdooradventures&bookable-only=yes&full-items=yes&marketplace=yes&flow=no""></script>",https://fareharbor.com/embeds/book/medaqua/items/310690/?asn=fhdn-eur&asn-ref=alloutdooradventures&ref=alloutdooradventures&bookable-only=yes&full-items=yes&marketplace=yes&flow=no,https://cdn.filestackcontent.com/IPGoyKK4TpeSLzTZhIzI
Unisub Estartit SL,unisub,info@unisub.es,+34972751768,Spain/Catalunya/L'Estartit,,,588279,Bautizo de buceo en la Costa del Montgrí,Scuba-Water Activities,2,77,0,https://fareharbor.com/embeds/calendar/unisub/items/588279/?asn=fhdn-eur&asn-ref=alloutdooradventures&ref=alloutdooradventures&bookable-only=yes&full-items=yes&marketplace=yes&flow=no,"<script src=""https://fareharbor.com/embeds/script/calendar/unisub/items/588279/?asn=fhdn-eur&asn-ref=alloutdooradventures&ref=alloutdooradventures&bookable-only=yes&full-items=yes&marketplace=yes&flow=no""></script>",https://fareharbor.com/embeds/book/unisub/items/588279/?asn=fhdn-eur&asn-ref=alloutdooradventures&ref=alloutdooradventures&bookable-only=yes&full-items=yes&marketplace=yes&flow=no,https://cdn.filestackcontent.com/xxVtw8oLR2GQ6TAXvrnV
Basque Country Cycling,basquecountrycycling,info@basquecountrycycling.com,+34 943 53 71 34,Spain/País Vasco/San Sebastián,,,618740,Caressing the sea,Bike Tour,5,77,360,https://fareharbor.com/embeds/calendar/basquecountrycycling/items/618740/?asn=fhdn-eur&asn-ref=alloutdooradventures&ref=alloutdooradventures&bookable-only=yes&full-items=yes&marketplace=yes&flow=no,"<script src=""https://fareharbor.com/embeds/script/calendar/basquecountrycycling/items/618740/?asn=fhdn-eur&asn-ref=alloutdooradventures&ref=alloutdooradventures&bookable-only=yes&full-items=yes&marketplace=yes&flow=no""></script>",https://fareharbor.com/embeds/book/basquecountrycycling/items/618740/?asn=fhdn-eur&asn-ref=alloutdooradventures&ref=alloutdooradventures&bookable-only=yes&full-items=yes&marketplace=yes&flow=no,https://cdn.filestackcontent.com/gxw5vygxTgmqrhttIp4j
Basque Country Cycling,basquecountrycycling,info@basquecountrycycling.com,+34 943 53 71 34,Spain/País Vasco/San Sebastián,,,618750,Exclusive Private E-bike City Tour,Bike Tour,6,77,360,https://fareharbor.com/embeds/calendar/basquecountrycycling/items/618750/?asn=fhdn-eur&asn-ref=alloutdooradventures&ref=alloutdooradventures&bookable-only=yes&full-items=yes&marketplace=yes&flow=no,"<script src=""https://fareharbor.com/embeds/script/calendar/basquecountrycycling/items/618750/?asn=fhdn-eur&asn-ref=alloutdooradventures&ref=alloutdooradventures&bookable-only=yes&full-items=yes&marketplace=yes&flow=no""></script>",https://fareharbor.com/embeds/book/basquecountrycycling/items/618750/?asn=fhdn-eur&asn-ref=alloutdooradventures&ref=alloutdooradventures&bookable-only=yes&full-items=yes&marketplace=yes&flow=no,https://cdn.filestackcontent.com/zQDQp0coQjyTwqKa3eUs
Basque Country Cycling,basquecountrycycling,info@basquecountrycycling.com,+34 943 53 71 34,Spain/País Vasco/San Sebastián,,,618756,"Culture, tradition, gastronomy and fun!",Bike Tour,5,77,180,https://fareharbor.com/embeds/calendar/basquecountrycycling/items/618756/?asn=fhdn-eur&asn-ref=alloutdooradventures&ref=alloutdooradventures&bookable-only=yes&full-items=yes&marketplace=yes&flow=no,"<script src=""https://fareharbor.com/embeds/script/calendar/basquecountrycycling/items/618756/?asn=fhdn-eur&asn-ref=alloutdooradventures&ref=alloutdooradventures&bookable-only=yes&full-items=yes&marketplace=yes&flow=no""></script>",https://fareharbor.com/embeds/book/basquecountrycycling/items/618756/?asn=fhdn-eur&asn-ref=alloutdooradventures&ref=alloutdooradventures&bookable-only=yes&full-items=yes&marketplace=yes&flow=no,https://cdn.filestackcontent.com/xD6I0lRLuMZwpvcRfDwP
World Experience,webarcelona,booking@worldexperience.com,+34 935950869,Spain/Catalunya/Barcelona,,,83795,Montserrat Monastery & Hiking Experience,Hiking-Transfer-Private-Walking Tour,1,76,352,https://fareharbor.com/embeds/calendar/webarcelona/items/83795/?asn=fhdn-eur&asn-ref=alloutdooradventures&ref=alloutdooradventures&bookable-only=yes&full-items=yes&marketplace=yes&flow=no,"<script src=""https://fareharbor.com/embeds/script/calendar/webarcelona/items/83795/?asn=fhdn-eur&asn-ref=alloutdooradventures&ref=alloutdooradventures&bookable-only=yes&full-items=yes&marketplace=yes&flow=no""></script>",https://fareharbor.com/embeds/book/webarcelona/items/83795/?asn=fhdn-eur&asn-ref=alloutdooradventures&ref=alloutdooradventures&bookable-only=yes&full-items=yes&marketplace=yes&flow=no,https://cdn.filestackcontent.com/BkPuSu6TSiyFvKuv2Azz
Go Local San Sebastián,golocalsansebastian,kaixo@golocalsansebastian.com,+34 943048328,Spain/Euskadi/Donostia,,,183076,Tour San Sebastián en Guerra,Bike Tour,4,76,360,https://fareharbor.com/embeds/calendar/golocalsansebastian/items/183076/?asn=fhdn-eur&asn-ref=alloutdooradventures&ref=alloutdooradventures&bookable-only=yes&full-items=yes&marketplace=yes&flow=no,"<script src=""https://fareharbor.com/embeds/script/calendar/golocalsansebastian/items/183076/?asn=fhdn-eur&asn-ref=alloutdooradventures&ref=alloutdooradventures&bookable-only=yes&full-items=yes&marketplace=yes&flow=no""></script>",https://fareharbor.com/embeds/book/golocalsansebastian/items/183076/?asn=fhdn-eur&asn-ref=alloutdooradventures&ref=alloutdooradventures&bookable-only=yes&full-items=yes&marketplace=yes&flow=no,https://cdn.filestackcontent.com/MFB74STTOovotp8neY3Q
leitzaran bisitarien etxea,leitzaranandoain,info@leitzaran-andoain.com,+34943300929,Spain/Euskadi/Andoain,,,611007,S • BTT Adultos,Bike Rental-Bike Tour,2,76,0,https://fareharbor.com/embeds/calendar/leitzaranandoain/items/611007/?asn=fhdn-eur&asn-ref=alloutdooradventures&ref=alloutdooradventures&bookable-only=yes&full-items=yes&marketplace=yes&flow=no,"<script src=""https://fareharbor.com/embeds/script/calendar/leitzaranandoain/items/611007/?asn=fhdn-eur&asn-ref=alloutdooradventures&ref=alloutdooradventures&bookable-only=yes&full-items=yes&marketplace=yes&flow=no""></script>",https://fareharbor.com/embeds/book/leitzaranandoain/items/611007/?asn=fhdn-eur&asn-ref=alloutdooradventures&ref=alloutdooradventures&bookable-only=yes&full-items=yes&marketplace=yes&flow=no,https://cdn.filestackcontent.com/0MZcmm4TfG6n66dXd4tg
We Like Tuscany s.a.s.,weliketuscany,info@weliketuscany.it,+39 342 9352395,Italy/Toscana/Firenze,11.243185,43.76613,74470,3-Day E-bike Tuscany & Via Francigena from Florence to Siena,Bike Tour-E-Bike-Food Tour-Lodging-Train-Wine,7,75,25,https://fareharbor.com/embeds/calendar/weliketuscany/items/74470/?asn=fhdn-eur&asn-ref=alloutdooradventures&ref=alloutdooradventures&bookable-only=yes&full-items=yes&marketplace=yes&flow=no,"<script src=""https://fareharbor.com/embeds/script/calendar/weliketuscany/items/74470/?asn=fhdn-eur&asn-ref=alloutdooradventures&ref=alloutdooradventures&bookable-only=yes&full-items=yes&marketplace=yes&flow=no""></script>",https://fareharbor.com/embeds/book/weliketuscany/items/74470/?asn=fhdn-eur&asn-ref=alloutdooradventures&ref=alloutdooradventures&bookable-only=yes&full-items=yes&marketplace=yes&flow=no,https://cdn.filestackcontent.com/SyUIwTfXR4k0SxzEiw41
World Experience,webarcelona,booking@worldexperience.com,+34 935950869,Spain/Catalunya/Barcelona,,,83693,Montserrat Monastery & Horse Riding Experience,Guided Tour-Horse-Transfer-Private,7,75,0,https://fareharbor.com/embeds/calendar/webarcelona/items/83693/?asn=fhdn-eur&asn-ref=alloutdooradventures&ref=alloutdooradventures&bookable-only=yes&full-items=yes&marketplace=yes&flow=no,"<script src=""https://fareharbor.com/embeds/script/calendar/webarcelona/items/83693/?asn=fhdn-eur&asn-ref=alloutdooradventures&ref=alloutdooradventures&bookable-only=yes&full-items=yes&marketplace=yes&flow=no""></script>",https://fareharbor.com/embeds/book/webarcelona/items/83693/?asn=fhdn-eur&asn-ref=alloutdooradventures&ref=alloutdooradventures&bookable-only=yes&full-items=yes&marketplace=yes&flow=no,https://cdn.filestackcontent.com/VVslfhYdSSt497cEUVJg
Smile & Ride,smileandride,info@smileandride.com,+39 375 5617631,Italy/Toscana/Pisa,,,147224,Gravel Bike tour con App + Itinerario,Bike Tour,7,75,469,https://fareharbor.com/embeds/calendar/smileandride/items/147224/?asn=fhdn-eur&asn-ref=alloutdooradventures&ref=alloutdooradventures&bookable-only=yes&full-items=yes&marketplace=yes&flow=no,"<script src=""https://fareharbor.com/embeds/script/calendar/smileandride/items/147224/?asn=fhdn-eur&asn-ref=alloutdooradventures&ref=alloutdooradventures&bookable-only=yes&full-items=yes&marketplace=yes&flow=no""></script>",https://fareharbor.com/embeds/book/smileandride/items/147224/?asn=fhdn-eur&asn-ref=alloutdooradventures&ref=alloutdooradventures&bookable-only=yes&full-items=yes&marketplace=yes&flow=no,https://cdn.filestackcontent.com/OtrxqwQ4SdiwbM0YKG31
Smile & Ride,smileandride,info@smileandride.com,+39 375 5617631,Italy/Toscana/Pisa,,,152310,Gravel Bike  - 5 Giorni,Bike Tour,5,75,166,https://fareharbor.com/embeds/calendar/smileandride/items/152310/?asn=fhdn-eur&asn-ref=alloutdooradventures&ref=alloutdooradventures&bookable-only=yes&full-items=yes&marketplace=yes&flow=no,"<script src=""https://fareharbor.com/embeds/script/calendar/smileandride/items/152310/?asn=fhdn-eur&asn-ref=alloutdooradventures&ref=alloutdooradventures&bookable-only=yes&full-items=yes&marketplace=yes&flow=no""></script>",https://fareharbor.com/embeds/book/smileandride/items/152310/?asn=fhdn-eur&asn-ref=alloutdooradventures&ref=alloutdooradventures&bookable-only=yes&full-items=yes&marketplace=yes&flow=no,https://cdn.filestackcontent.com/0faOxTDrTS3tb5A3JXrj
Smile & Ride,smileandride,info@smileandride.com,+39 375 5617631,Italy/Toscana/Pisa,,,152312,Gravel Bike - 6 Giorni,Bike Tour,5,75,166,https://fareharbor.com/embeds/calendar/smileandride/items/152312/?asn=fhdn-eur&asn-ref=alloutdooradventures&ref=alloutdooradventures&bookable-only=yes&full-items=yes&marketplace=yes&flow=no,"<script src=""https://fareharbor.com/embeds/script/calendar/smileandride/items/152312/?asn=fhdn-eur&asn-ref=alloutdooradventures&ref=alloutdooradventures&bookable-only=yes&full-items=yes&marketplace=yes&flow=no""></script>",https://fareharbor.com/embeds/book/smileandride/items/152312/?asn=fhdn-eur&asn-ref=alloutdooradventures&ref=alloutdooradventures&bookable-only=yes&full-items=yes&marketplace=yes&flow=no,https://cdn.filestackcontent.com/CUPmlBkRSBa4xFaOw4K4
Smile & Ride,smileandride,info@smileandride.com,+39 375 5617631,Italy/Toscana/Pisa,,,152313,Gravel Bike - 7 Giorni,Bike Tour,5,75,166,https://fareharbor.com/embeds/calendar/smileandride/items/152313/?asn=fhdn-eur&asn-ref=alloutdooradventures&ref=alloutdooradventures&bookable-only=yes&full-items=yes&marketplace=yes&flow=no,"<script src=""https://fareharbor.com/embeds/script/calendar/smileandride/items/152313/?asn=fhdn-eur&asn-ref=alloutdooradventures&ref=alloutdooradventures&bookable-only=yes&full-items=yes&marketplace=yes&flow=no""></script>",https://fareharbor.com/embeds/book/smileandride/items/152313/?asn=fhdn-eur&asn-ref=alloutdooradventures&ref=alloutdooradventures&bookable-only=yes&full-items=yes&marketplace=yes&flow=no,https://cdn.filestackcontent.com/riTZ7HoRU6am6bj9vkog
Cycling Tour Barcelona,cyclingtourbarcelona,cyclingtourbarcelona@gmail.com,+44 7463 680099,Spain/Catalunya/Barcelona,,,411161,Private Sightseeing by Bike & Photo Shooting,Bike Tour,13,75,180,https://fareharbor.com/embeds/calendar/cyclingtourbarcelona/items/411161/?asn=fhdn-eur&asn-ref=alloutdooradventures&ref=alloutdooradventures&bookable-only=yes&full-items=yes&marketplace=yes&flow=no,"<script src=""https://fareharbor.com/embeds/script/calendar/cyclingtourbarcelona/items/411161/?asn=fhdn-eur&asn-ref=alloutdooradventures&ref=alloutdooradventures&bookable-only=yes&full-items=yes&marketplace=yes&flow=no""></script>",https://fareharbor.com/embeds/book/cyclingtourbarcelona/items/411161/?asn=fhdn-eur&asn-ref=alloutdooradventures&ref=alloutdooradventures&bookable-only=yes&full-items=yes&marketplace=yes&flow=no,https://cdn.filestackcontent.com/l5pI4xTSSyiOWAwvlA3f
We Like Tuscany s.a.s.,weliketuscany,info@weliketuscany.it,+39 342 9352395,Italy/Toscana/Firenze,,,476572,Private Florence & Taste of Tuscany - Half Day bike Tour,Bike Tour-Private,3,75,180,https://fareharbor.com/embeds/calendar/weliketuscany/items/476572/?asn=fhdn-eur&asn-ref=alloutdooradventures&ref=alloutdooradventures&bookable-only=yes&full-items=yes&marketplace=yes&flow=no,"<script src=""https://fareharbor.com/embeds/script/calendar/weliketuscany/items/476572/?asn=fhdn-eur&asn-ref=alloutdooradventures&ref=alloutdooradventures&bookable-only=yes&full-items=yes&marketplace=yes&flow=no""></script>",https://fareharbor.com/embeds/book/weliketuscany/items/476572/?asn=fhdn-eur&asn-ref=alloutdooradventures&ref=alloutdooradventures&bookable-only=yes&full-items=yes&marketplace=yes&flow=no,https://cdn.filestackcontent.com/xdJ34OQGiCZAE512MldA
Minicrociere Toscana,minicrocieretoscana,crociere@maregiglio.it,390564809309,Italy/Toscana/Porto Santo Stefano,11.122679,42.43428,589087,Tour in E-Bike Isola del Giglio da Porto Santo Stefano,Bike Tour,2,75,0,https://fareharbor.com/embeds/calendar/minicrocieretoscana/items/589087/?asn=fhdn-eur&asn-ref=alloutdooradventures&ref=alloutdooradventures&bookable-only=yes&full-items=yes&marketplace=yes&flow=no,"<script src=""https://fareharbor.com/embeds/script/calendar/minicrocieretoscana/items/589087/?asn=fhdn-eur&asn-ref=alloutdooradventures&ref=alloutdooradventures&bookable-only=yes&full-items=yes&marketplace=yes&flow=no""></script>",https://fareharbor.com/embeds/book/minicrocieretoscana/items/589087/?asn=fhdn-eur&asn-ref=alloutdooradventures&ref=alloutdooradventures&bookable-only=yes&full-items=yes&marketplace=yes&flow=no,https://cdn.filestackcontent.com/iT6I9Xf9ThmiQD0Z6aGR
Minicrociere Toscana,minicrocieretoscana,crociere@maregiglio.it,390564809309,Italy/Toscana/Giglio Porto,10.920757,42.359298,589114,Tour in E-Bike Isola del Giglio da Giglio Porto,Bike Tour,2,75,0,https://fareharbor.com/embeds/calendar/minicrocieretoscana/items/589114/?asn=fhdn-eur&asn-ref=alloutdooradventures&ref=alloutdooradventures&bookable-only=yes&full-items=yes&marketplace=yes&flow=no,"<script src=""https://fareharbor.com/embeds/script/calendar/minicrocieretoscana/items/589114/?asn=fhdn-eur&asn-ref=alloutdooradventures&ref=alloutdooradventures&bookable-only=yes&full-items=yes&marketplace=yes&flow=no""></script>",https://fareharbor.com/embeds/book/minicrocieretoscana/items/589114/?asn=fhdn-eur&asn-ref=alloutdooradventures&ref=alloutdooradventures&bookable-only=yes&full-items=yes&marketplace=yes&flow=no,https://cdn.filestackcontent.com/q9myKa2bSPcxLGPOUqkQ
Smile & Ride,smileandride,info@smileandride.com,+39 375 5617631,Italy/Toscana/Pisa,,,147037,Bici da corsa in carbonio  - 1 Giorno,Bike Tour,5,74,166,https://fareharbor.com/embeds/calendar/smileandride/items/147037/?asn=fhdn-eur&asn-ref=alloutdooradventures&ref=alloutdooradventures&bookable-only=yes&full-items=yes&marketplace=yes&flow=no,"<script src=""https://fareharbor.com/embeds/script/calendar/smileandride/items/147037/?asn=fhdn-eur&asn-ref=alloutdooradventures&ref=alloutdooradventures&bookable-only=yes&full-items=yes&marketplace=yes&flow=no""></script>",https://fareharbor.com/embeds/book/smileandride/items/147037/?asn=fhdn-eur&asn-ref=alloutdooradventures&ref=alloutdooradventures&bookable-only=yes&full-items=yes&marketplace=yes&flow=no,https://cdn.filestackcontent.com/MbCZv0lR566o0hQZVjW4
Smile & Ride,smileandride,info@smileandride.com,+39 375 5617631,Italy/Toscana/Pisa,,,160980,Bici da corsa in carbonio - 2 Giorni,Bike Tour,5,74,166,https://fareharbor.com/embeds/calendar/smileandride/items/160980/?asn=fhdn-eur&asn-ref=alloutdooradventures&ref=alloutdooradventures&bookable-only=yes&full-items=yes&marketplace=yes&flow=no,"<script src=""https://fareharbor.com/embeds/script/calendar/smileandride/items/160980/?asn=fhdn-eur&asn-ref=alloutdooradventures&ref=alloutdooradventures&bookable-only=yes&full-items=yes&marketplace=yes&flow=no""></script>",https://fareharbor.com/embeds/book/smileandride/items/160980/?asn=fhdn-eur&asn-ref=alloutdooradventures&ref=alloutdooradventures&bookable-only=yes&full-items=yes&marketplace=yes&flow=no,https://cdn.filestackcontent.com/rc7SNIpQqGiiUs38NUYu
Unisub Estartit SL,unisub,info@unisub.es,+34972751768,Spain/Catalunya/L'Estartit,,,588297,Curso PADI Deep Diver (Buceo Profundo),Scuba-Water Activities,1,74,0,https://fareharbor.com/embeds/calendar/unisub/items/588297/?asn=fhdn-eur&asn-ref=alloutdooradventures&ref=alloutdooradventures&bookable-only=yes&full-items=yes&marketplace=yes&flow=no,"<script src=""https://fareharbor.com/embeds/script/calendar/unisub/items/588297/?asn=fhdn-eur&asn-ref=alloutdooradventures&ref=alloutdooradventures&bookable-only=yes&full-items=yes&marketplace=yes&flow=no""></script>",https://fareharbor.com/embeds/book/unisub/items/588297/?asn=fhdn-eur&asn-ref=alloutdooradventures&ref=alloutdooradventures&bookable-only=yes&full-items=yes&marketplace=yes&flow=no,https://cdn.filestackcontent.com/K4yOAQtSvKEC87IXMopF
Montefusco Cycling,roadcycling,claudio@roadcycling.barcelona,+34 607 51 57 82,Spain/Catalonia/Girona,2.821426,41.9794,75164,The Best Road in Catalonia - Tour of Costa Brava by Road Bike,Bike Tour,10,73,163,https://fareharbor.com/embeds/calendar/roadcycling/items/75164/?asn=fhdn-eur&asn-ref=alloutdooradventures&ref=alloutdooradventures&bookable-only=yes&full-items=yes&marketplace=yes&flow=no,"<script src=""https://fareharbor.com/embeds/script/calendar/roadcycling/items/75164/?asn=fhdn-eur&asn-ref=alloutdooradventures&ref=alloutdooradventures&bookable-only=yes&full-items=yes&marketplace=yes&flow=no""></script>",https://fareharbor.com/embeds/book/roadcycling/items/75164/?asn=fhdn-eur&asn-ref=alloutdooradventures&ref=alloutdooradventures&bookable-only=yes&full-items=yes&marketplace=yes&flow=no,https://cdn.filestackcontent.com/rH3Qu5XYQMmJW9tKEcuX
Bologna Tour,bolognatour,info@bolognatour.eu,+39 3920060314,Italy/Toscana/Firenze,,,448059,Ferrari Full Day VIP from Florence,Factory Tour-Guided Tour-History Tour-Horse,2,73,358,https://fareharbor.com/embeds/calendar/bolognatour/items/448059/?asn=fhdn-eur&asn-ref=alloutdooradventures&ref=alloutdooradventures&bookable-only=yes&full-items=yes&marketplace=yes&flow=no,"<script src=""https://fareharbor.com/embeds/script/calendar/bolognatour/items/448059/?asn=fhdn-eur&asn-ref=alloutdooradventures&ref=alloutdooradventures&bookable-only=yes&full-items=yes&marketplace=yes&flow=no""></script>",https://fareharbor.com/embeds/book/bolognatour/items/448059/?asn=fhdn-eur&asn-ref=alloutdooradventures&ref=alloutdooradventures&bookable-only=yes&full-items=yes&marketplace=yes&flow=no,https://cdn.filestackcontent.com/sXAvMtQsqmbYz7vnWqQ7
Bologna Tour,bolognatour,info@bolognatour.eu,+39 3920060314,Italy/Lombardia/Milano,,,448074,Ferrari Full Day VIP from Milan,Factory Tour-Guided Tour-History Tour-Horse,2,73,358,https://fareharbor.com/embeds/calendar/bolognatour/items/448074/?asn=fhdn-eur&asn-ref=alloutdooradventures&ref=alloutdooradventures&bookable-only=yes&full-items=yes&marketplace=yes&flow=no,"<script src=""https://fareharbor.com/embeds/script/calendar/bolognatour/items/448074/?asn=fhdn-eur&asn-ref=alloutdooradventures&ref=alloutdooradventures&bookable-only=yes&full-items=yes&marketplace=yes&flow=no""></script>",https://fareharbor.com/embeds/book/bolognatour/items/448074/?asn=fhdn-eur&asn-ref=alloutdooradventures&ref=alloutdooradventures&bookable-only=yes&full-items=yes&marketplace=yes&flow=no,https://cdn.filestackcontent.com/UXbI7HUXSZmsZcaCDl7w
Bologna Tour,bolognatour,info@bolognatour.eu,+39 3920060314,Italy/Veneto/Venezia,,,448395,Ferrari Full Day VIP from Venice,Factory Tour-Guided Tour-History Tour-Horse,2,73,360,https://fareharbor.com/embeds/calendar/bolognatour/items/448395/?asn=fhdn-eur&asn-ref=alloutdooradventures&ref=alloutdooradventures&bookable-only=yes&full-items=yes&marketplace=yes&flow=no,"<script src=""https://fareharbor.com/embeds/script/calendar/bolognatour/items/448395/?asn=fhdn-eur&asn-ref=alloutdooradventures&ref=alloutdooradventures&bookable-only=yes&full-items=yes&marketplace=yes&flow=no""></script>",https://fareharbor.com/embeds/book/bolognatour/items/448395/?asn=fhdn-eur&asn-ref=alloutdooradventures&ref=alloutdooradventures&bookable-only=yes&full-items=yes&marketplace=yes&flow=no,https://cdn.filestackcontent.com/jgAv4Aq5Q0u10BoTm6dx
Unisub Estartit SL,unisub,info@unisub.es,+34972751768,Spain/Catalunya/L'Estartit,,,588249,Inmersión en las Islas Medas con guía,Scuba-Water Activities,1,73,0,https://fareharbor.com/embeds/calendar/unisub/items/588249/?asn=fhdn-eur&asn-ref=alloutdooradventures&ref=alloutdooradventures&bookable-only=yes&full-items=yes&marketplace=yes&flow=no,"<script src=""https://fareharbor.com/embeds/script/calendar/unisub/items/588249/?asn=fhdn-eur&asn-ref=alloutdooradventures&ref=alloutdooradventures&bookable-only=yes&full-items=yes&marketplace=yes&flow=no""></script>",https://fareharbor.com/embeds/book/unisub/items/588249/?asn=fhdn-eur&asn-ref=alloutdooradventures&ref=alloutdooradventures&bookable-only=yes&full-items=yes&marketplace=yes&flow=no,https://cdn.filestackcontent.com/e5JKbivuQISUQCKSAKns
We Like Tuscany s.a.s.,weliketuscany,info@weliketuscany.it,+39 342 9352395,Italy/Toscana/Firenze,11.243185,43.76613,74466,2-Day Chianti Electric bike adventure,Bike Tour-E-Bike,4,72,77,https://fareharbor.com/embeds/calendar/weliketuscany/items/74466/?asn=fhdn-eur&asn-ref=alloutdooradventures&ref=alloutdooradventures&bookable-only=yes&full-items=yes&marketplace=yes&flow=no,"<script src=""https://fareharbor.com/embeds/script/calendar/weliketuscany/items/74466/?asn=fhdn-eur&asn-ref=alloutdooradventures&ref=alloutdooradventures&bookable-only=yes&full-items=yes&marketplace=yes&flow=no""></script>",https://fareharbor.com/embeds/book/weliketuscany/items/74466/?asn=fhdn-eur&asn-ref=alloutdooradventures&ref=alloutdooradventures&bookable-only=yes&full-items=yes&marketplace=yes&flow=no,https://cdn.filestackcontent.com/gfj067aCTymWwWZ5sMFw
Rock Solid Coasteering,rocksolidcoasteering,p.austin@mail.com,+447723088292,United Kingdom/England/Maidencombe,,,546996,Coasteering Geopark 5* Grand Tour Circular- Maidencombe,Climbing,6,72,534,https://fareharbor.com/embeds/calendar/rocksolidcoasteering/items/546996/?asn=fhdn-gbp&asn-ref=alloutdooradventures&ref=alloutdooradventures&bookable-only=yes&full-items=yes&marketplace=yes&flow=no,"<script src=""https://fareharbor.com/embeds/script/calendar/rocksolidcoasteering/items/546996/?asn=fhdn-gbp&asn-ref=alloutdooradventures&ref=alloutdooradventures&bookable-only=yes&full-items=yes&marketplace=yes&flow=no""></script>",https://fareharbor.com/embeds/book/rocksolidcoasteering/items/546996/?asn=fhdn-gbp&asn-ref=alloutdooradventures&ref=alloutdooradventures&bookable-only=yes&full-items=yes&marketplace=yes&flow=no,https://cdn.filestackcontent.com/IjKgtmFCQNSJ9qNRFNnO
Unisub Estartit SL,unisub,info@unisub.es,+34972751768,Spain/Catalunya/L'Estartit,,,588244,Inmersión en las Islas Medas sin guía,Scuba-Water Activities,1,72,275,https://fareharbor.com/embeds/calendar/unisub/items/588244/?asn=fhdn-eur&asn-ref=alloutdooradventures&ref=alloutdooradventures&bookable-only=yes&full-items=yes&marketplace=yes&flow=no,"<script src=""https://fareharbor.com/embeds/script/calendar/unisub/items/588244/?asn=fhdn-eur&asn-ref=alloutdooradventures&ref=alloutdooradventures&bookable-only=yes&full-items=yes&marketplace=yes&flow=no""></script>",https://fareharbor.com/embeds/book/unisub/items/588244/?asn=fhdn-eur&asn-ref=alloutdooradventures&ref=alloutdooradventures&bookable-only=yes&full-items=yes&marketplace=yes&flow=no,https://cdn.filestackcontent.com/MjcWqgDVQv22GaseEd8q
Unisub Estartit SL,unisub,info@unisub.es,+34972751768,Spain/Catalunya/L'Estartit,,,588263,Inmersión en la Costa del Montgrí sin guía,Scuba-Water Activities,1,72,0,https://fareharbor.com/embeds/calendar/unisub/items/588263/?asn=fhdn-eur&asn-ref=alloutdooradventures&ref=alloutdooradventures&bookable-only=yes&full-items=yes&marketplace=yes&flow=no,"<script src=""https://fareharbor.com/embeds/script/calendar/unisub/items/588263/?asn=fhdn-eur&asn-ref=alloutdooradventures&ref=alloutdooradventures&bookable-only=yes&full-items=yes&marketplace=yes&flow=no""></script>",https://fareharbor.com/embeds/book/unisub/items/588263/?asn=fhdn-eur&asn-ref=alloutdooradventures&ref=alloutdooradventures&bookable-only=yes&full-items=yes&marketplace=yes&flow=no,https://cdn.filestackcontent.com/ivgHNRb9R9K6MCCEEKOA
Unisub Estartit SL,unisub,info@unisub.es,+34972751768,Spain/Catalunya/L'Estartit,,,588275,Refresh (inmersión recordatorio con guía),Scuba-Water Activities,1,72,0,https://fareharbor.com/embeds/calendar/unisub/items/588275/?asn=fhdn-eur&asn-ref=alloutdooradventures&ref=alloutdooradventures&bookable-only=yes&full-items=yes&marketplace=yes&flow=no,"<script src=""https://fareharbor.com/embeds/script/calendar/unisub/items/588275/?asn=fhdn-eur&asn-ref=alloutdooradventures&ref=alloutdooradventures&bookable-only=yes&full-items=yes&marketplace=yes&flow=no""></script>",https://fareharbor.com/embeds/book/unisub/items/588275/?asn=fhdn-eur&asn-ref=alloutdooradventures&ref=alloutdooradventures&bookable-only=yes&full-items=yes&marketplace=yes&flow=no,https://cdn.filestackcontent.com/MYElKfDSckfjylANjCwk
Unisub Estartit SL,unisub,info@unisub.es,+34972751768,Spain/Catalunya/L'Estartit,,,588347,Curso PADI Divemaster (nivel profesional),Scuba-Water Activities,1,72,0,https://fareharbor.com/embeds/calendar/unisub/items/588347/?asn=fhdn-eur&asn-ref=alloutdooradventures&ref=alloutdooradventures&bookable-only=yes&full-items=yes&marketplace=yes&flow=no,"<script src=""https://fareharbor.com/embeds/script/calendar/unisub/items/588347/?asn=fhdn-eur&asn-ref=alloutdooradventures&ref=alloutdooradventures&bookable-only=yes&full-items=yes&marketplace=yes&flow=no""></script>",https://fareharbor.com/embeds/book/unisub/items/588347/?asn=fhdn-eur&asn-ref=alloutdooradventures&ref=alloutdooradventures&bookable-only=yes&full-items=yes&marketplace=yes&flow=no,https://cdn.filestackcontent.com/4kuWA2SGQn2FqjrgJjCR
leitzaran bisitarien etxea,leitzaranandoain,info@leitzaran-andoain.com,+34943300929,Spain/Euskadi/Andoain,,,610999,XS • BTT Infantil,Bike Rental-Bike Tour,1,72,0,https://fareharbor.com/embeds/calendar/leitzaranandoain/items/610999/?asn=fhdn-eur&asn-ref=alloutdooradventures&ref=alloutdooradventures&bookable-only=yes&full-items=yes&marketplace=yes&flow=no,"<script src=""https://fareharbor.com/embeds/script/calendar/leitzaranandoain/items/610999/?asn=fhdn-eur&asn-ref=alloutdooradventures&ref=alloutdooradventures&bookable-only=yes&full-items=yes&marketplace=yes&flow=no""></script>",https://fareharbor.com/embeds/book/leitzaranandoain/items/610999/?asn=fhdn-eur&asn-ref=alloutdooradventures&ref=alloutdooradventures&bookable-only=yes&full-items=yes&marketplace=yes&flow=no,https://cdn.filestackcontent.com/CUwDDcnqQZGSKwPMTYYC
leitzaran bisitarien etxea,leitzaranandoain,info@leitzaran-andoain.com,+34943300929,Spain/Euskadi/Andoain,,,611005,XS • BTT Adultos,Bike Rental-Bike Tour,1,72,0,https://fareharbor.com/embeds/calendar/leitzaranandoain/items/611005/?asn=fhdn-eur&asn-ref=alloutdooradventures&ref=alloutdooradventures&bookable-only=yes&full-items=yes&marketplace=yes&flow=no,"<script src=""https://fareharbor.com/embeds/script/calendar/leitzaranandoain/items/611005/?asn=fhdn-eur&asn-ref=alloutdooradventures&ref=alloutdooradventures&bookable-only=yes&full-items=yes&marketplace=yes&flow=no""></script>",https://fareharbor.com/embeds/book/leitzaranandoain/items/611005/?asn=fhdn-eur&asn-ref=alloutdooradventures&ref=alloutdooradventures&bookable-only=yes&full-items=yes&marketplace=yes&flow=no,https://cdn.filestackcontent.com/4wV5CEjZQr2zyAHHFGiB
leitzaran bisitarien etxea,leitzaranandoain,info@leitzaran-andoain.com,+34943300929,Spain/Euskadi/Andoain,,,611012,L • BTT Adultos,Bike Rental-Bike Tour,1,72,0,https://fareharbor.com/embeds/calendar/leitzaranandoain/items/611012/?asn=fhdn-eur&asn-ref=alloutdooradventures&ref=alloutdooradventures&bookable-only=yes&full-items=yes&marketplace=yes&flow=no,"<script src=""https://fareharbor.com/embeds/script/calendar/leitzaranandoain/items/611012/?asn=fhdn-eur&asn-ref=alloutdooradventures&ref=alloutdooradventures&bookable-only=yes&full-items=yes&marketplace=yes&flow=no""></script>",https://fareharbor.com/embeds/book/leitzaranandoain/items/611012/?asn=fhdn-eur&asn-ref=alloutdooradventures&ref=alloutdooradventures&bookable-only=yes&full-items=yes&marketplace=yes&flow=no,https://cdn.filestackcontent.com/3N9y4NyYT2vi2oxCIv17
leitzaran bisitarien etxea,leitzaranandoain,info@leitzaran-andoain.com,+34943300929,Spain/Euskadi/Andoain,,,611013,S - BTT Eléctrica,Bike Rental-Bike Tour,1,72,0,https://fareharbor.com/embeds/calendar/leitzaranandoain/items/611013/?asn=fhdn-eur&asn-ref=alloutdooradventures&ref=alloutdooradventures&bookable-only=yes&full-items=yes&marketplace=yes&flow=no,"<script src=""https://fareharbor.com/embeds/script/calendar/leitzaranandoain/items/611013/?asn=fhdn-eur&asn-ref=alloutdooradventures&ref=alloutdooradventures&bookable-only=yes&full-items=yes&marketplace=yes&flow=no""></script>",https://fareharbor.com/embeds/book/leitzaranandoain/items/611013/?asn=fhdn-eur&asn-ref=alloutdooradventures&ref=alloutdooradventures&bookable-only=yes&full-items=yes&marketplace=yes&flow=no,https://cdn.filestackcontent.com/I51INIKpQUSyjApYEWN3
leitzaran bisitarien etxea,leitzaranandoain,info@leitzaran-andoain.com,+34943300929,Spain/Euskadi/Andoain,,,611017,L- BTT Eléctrica,Bike Rental-Bike Tour,1,72,0,https://fareharbor.com/embeds/calendar/leitzaranandoain/items/611017/?asn=fhdn-eur&asn-ref=alloutdooradventures&ref=alloutdooradventures&bookable-only=yes&full-items=yes&marketplace=yes&flow=no,"<script src=""https://fareharbor.com/embeds/script/calendar/leitzaranandoain/items/611017/?asn=fhdn-eur&asn-ref=alloutdooradventures&ref=alloutdooradventures&bookable-only=yes&full-items=yes&marketplace=yes&flow=no""></script>",https://fareharbor.com/embeds/book/leitzaranandoain/items/611017/?asn=fhdn-eur&asn-ref=alloutdooradventures&ref=alloutdooradventures&bookable-only=yes&full-items=yes&marketplace=yes&flow=no,https://cdn.filestackcontent.com/x8mMYYfnSC7XZlbb20tO
Nausika Group Srl,nausika,boat.rental@nausika.it,+390341940542,Italy/Lombardia/Colico,,,623969,Eden 22,Bike Rental-Bike Tour,1,72,2192,https://fareharbor.com/embeds/calendar/nausika/items/623969/?asn=fhdn-eur&asn-ref=alloutdooradventures&ref=alloutdooradventures&bookable-only=yes&full-items=yes&marketplace=yes&flow=no,"<script src=""https://fareharbor.com/embeds/script/calendar/nausika/items/623969/?asn=fhdn-eur&asn-ref=alloutdooradventures&ref=alloutdooradventures&bookable-only=yes&full-items=yes&marketplace=yes&flow=no""></script>",https://fareharbor.com/embeds/book/nausika/items/623969/?asn=fhdn-eur&asn-ref=alloutdooradventures&ref=alloutdooradventures&bookable-only=yes&full-items=yes&marketplace=yes&flow=no,https://cdn.filestackcontent.com/D4QDWG2wTVmFXB50tyJS
Honfleur tours,honfleurtours,contact@honfleurtours.com,+33 967 331 930,France/Normandie/Honfleur,0.231169,49.422792,627784,PÉDAL & PORT | HONFLEUR – VISITE 2H EN VÉLO ÉLECTRIQUE,Bike Tour,2,72,120,https://fareharbor.com/embeds/calendar/honfleurtours/items/627784/?asn=fhdn-eur&asn-ref=alloutdooradventures&ref=alloutdooradventures&bookable-only=yes&full-items=yes&marketplace=yes&flow=no,"<script src=""https://fareharbor.com/embeds/script/calendar/honfleurtours/items/627784/?asn=fhdn-eur&asn-ref=alloutdooradventures&ref=alloutdooradventures&bookable-only=yes&full-items=yes&marketplace=yes&flow=no""></script>",https://fareharbor.com/embeds/book/honfleurtours/items/627784/?asn=fhdn-eur&asn-ref=alloutdooradventures&ref=alloutdooradventures&bookable-only=yes&full-items=yes&marketplace=yes&flow=no,https://cdn.filestackcontent.com/WRFUbimQnCSKsVopfUR1
Montefusco Cycling,roadcycling,claudio@roadcycling.barcelona,+34 607 51 57 82,Spain/Catalonia/Barcelona,2.168568,41.387397,75162,The Hills Around the City - Tour of Barcelona by Road Bike,Bike Tour,10,71,164,https://fareharbor.com/embeds/calendar/roadcycling/items/75162/?asn=fhdn-eur&asn-ref=alloutdooradventures&ref=alloutdooradventures&bookable-only=yes&full-items=yes&marketplace=yes&flow=no,"<script src=""https://fareharbor.com/embeds/script/calendar/roadcycling/items/75162/?asn=fhdn-eur&asn-ref=alloutdooradventures&ref=alloutdooradventures&bookable-only=yes&full-items=yes&marketplace=yes&flow=no""></script>",https://fareharbor.com/embeds/book/roadcycling/items/75162/?asn=fhdn-eur&asn-ref=alloutdooradventures&ref=alloutdooradventures&bookable-only=yes&full-items=yes&marketplace=yes&flow=no,https://cdn.filestackcontent.com/VPDN7OIQhKtTdw09QSrW
Montefusco Cycling,roadcycling,claudio@roadcycling.barcelona,+34 607 51 57 82,Spain/Catalonia/Girona,2.821426,41.9794,75183,Girona Medieval Villages Tour,Bike Tour,7,71,163,https://fareharbor.com/embeds/calendar/roadcycling/items/75183/?asn=fhdn-eur&asn-ref=alloutdooradventures&ref=alloutdooradventures&bookable-only=yes&full-items=yes&marketplace=yes&flow=no,"<script src=""https://fareharbor.com/embeds/script/calendar/roadcycling/items/75183/?asn=fhdn-eur&asn-ref=alloutdooradventures&ref=alloutdooradventures&bookable-only=yes&full-items=yes&marketplace=yes&flow=no""></script>",https://fareharbor.com/embeds/book/roadcycling/items/75183/?asn=fhdn-eur&asn-ref=alloutdooradventures&ref=alloutdooradventures&bookable-only=yes&full-items=yes&marketplace=yes&flow=no,https://cdn.filestackcontent.com/MN3GqxwzSiWw7QexHRIc
Smile & Ride,smileandride,info@smileandride.com,+39 375 5617631,Italy/Toscana/Pisa,,,147171,City Bike 3 marce- 7 Giorni,Bike Tour,4,71,166,https://fareharbor.com/embeds/calendar/smileandride/items/147171/?asn=fhdn-eur&asn-ref=alloutdooradventures&ref=alloutdooradventures&bookable-only=yes&full-items=yes&marketplace=yes&flow=no,"<script src=""https://fareharbor.com/embeds/script/calendar/smileandride/items/147171/?asn=fhdn-eur&asn-ref=alloutdooradventures&ref=alloutdooradventures&bookable-only=yes&full-items=yes&marketplace=yes&flow=no""></script>",https://fareharbor.com/embeds/book/smileandride/items/147171/?asn=fhdn-eur&asn-ref=alloutdooradventures&ref=alloutdooradventures&bookable-only=yes&full-items=yes&marketplace=yes&flow=no,https://cdn.filestackcontent.com/47hRvobPQGcjOhuQk9Ig
Smile & Ride,smileandride,info@smileandride.com,+39 375 5617631,Italy/Toscana/Pisa,,,152303,Gravel Bike  - 2 Giorni,Bike Tour,4,71,166,https://fareharbor.com/embeds/calendar/smileandride/items/152303/?asn=fhdn-eur&asn-ref=alloutdooradventures&ref=alloutdooradventures&bookable-only=yes&full-items=yes&marketplace=yes&flow=no,"<script src=""https://fareharbor.com/embeds/script/calendar/smileandride/items/152303/?asn=fhdn-eur&asn-ref=alloutdooradventures&ref=alloutdooradventures&bookable-only=yes&full-items=yes&marketplace=yes&flow=no""></script>",https://fareharbor.com/embeds/book/smileandride/items/152303/?asn=fhdn-eur&asn-ref=alloutdooradventures&ref=alloutdooradventures&bookable-only=yes&full-items=yes&marketplace=yes&flow=no,https://cdn.filestackcontent.com/6BUTrxFzROms6Zlf6HDq
Smile & Ride,smileandride,info@smileandride.com,+39 375 5617631,Italy/Toscana/Pisa,,,152305,Gravel Bike - 3 Giorni,Bike Tour,4,71,166,https://fareharbor.com/embeds/calendar/smileandride/items/152305/?asn=fhdn-eur&asn-ref=alloutdooradventures&ref=alloutdooradventures&bookable-only=yes&full-items=yes&marketplace=yes&flow=no,"<script src=""https://fareharbor.com/embeds/script/calendar/smileandride/items/152305/?asn=fhdn-eur&asn-ref=alloutdooradventures&ref=alloutdooradventures&bookable-only=yes&full-items=yes&marketplace=yes&flow=no""></script>",https://fareharbor.com/embeds/book/smileandride/items/152305/?asn=fhdn-eur&asn-ref=alloutdooradventures&ref=alloutdooradventures&bookable-only=yes&full-items=yes&marketplace=yes&flow=no,https://cdn.filestackcontent.com/YjVU3uoNTv29LK1yvIdC
Smile & Ride,smileandride,info@smileandride.com,+39 375 5617631,Italy/Toscana/Pisa,,,152309,Gravel Bike - 4 Giorni,Bike Tour,4,71,166,https://fareharbor.com/embeds/calendar/smileandride/items/152309/?asn=fhdn-eur&asn-ref=alloutdooradventures&ref=alloutdooradventures&bookable-only=yes&full-items=yes&marketplace=yes&flow=no,"<script src=""https://fareharbor.com/embeds/script/calendar/smileandride/items/152309/?asn=fhdn-eur&asn-ref=alloutdooradventures&ref=alloutdooradventures&bookable-only=yes&full-items=yes&marketplace=yes&flow=no""></script>",https://fareharbor.com/embeds/book/smileandride/items/152309/?asn=fhdn-eur&asn-ref=alloutdooradventures&ref=alloutdooradventures&bookable-only=yes&full-items=yes&marketplace=yes&flow=no,https://cdn.filestackcontent.com/fveLKP2uTkCuNsv8HblH
Smile & Ride,smileandride,info@smileandride.com,+39 375 5617631,Italy/Toscana/Pisa,,,165006,Gravel Bike  - 1 Giorno,Bike Tour,4,71,166,https://fareharbor.com/embeds/calendar/smileandride/items/165006/?asn=fhdn-eur&asn-ref=alloutdooradventures&ref=alloutdooradventures&bookable-only=yes&full-items=yes&marketplace=yes&flow=no,"<script src=""https://fareharbor.com/embeds/script/calendar/smileandride/items/165006/?asn=fhdn-eur&asn-ref=alloutdooradventures&ref=alloutdooradventures&bookable-only=yes&full-items=yes&marketplace=yes&flow=no""></script>",https://fareharbor.com/embeds/book/smileandride/items/165006/?asn=fhdn-eur&asn-ref=alloutdooradventures&ref=alloutdooradventures&bookable-only=yes&full-items=yes&marketplace=yes&flow=no,https://cdn.filestackcontent.com/sXeLAaGlQgSM9rcvxCNl
Smile & Ride,smileandride,info@smileandride.com,+39 375 5617631,Italy/Toscana/Pisa,,,212659,City Bike - 1 ora- 3 ore - 24 ore,Bike Tour,4,71,166,https://fareharbor.com/embeds/calendar/smileandride/items/212659/?asn=fhdn-eur&asn-ref=alloutdooradventures&ref=alloutdooradventures&bookable-only=yes&full-items=yes&marketplace=yes&flow=no,"<script src=""https://fareharbor.com/embeds/script/calendar/smileandride/items/212659/?asn=fhdn-eur&asn-ref=alloutdooradventures&ref=alloutdooradventures&bookable-only=yes&full-items=yes&marketplace=yes&flow=no""></script>",https://fareharbor.com/embeds/book/smileandride/items/212659/?asn=fhdn-eur&asn-ref=alloutdooradventures&ref=alloutdooradventures&bookable-only=yes&full-items=yes&marketplace=yes&flow=no,https://cdn.filestackcontent.com/nYiGhpDSfSbWnwSH3BFJ
Rock Solid Coasteering,rocksolidcoasteering,p.austin@mail.com,+447723088292,United Kingdom/England/Maidencombe,,,547001,Bespoke Private Tour,Climbing,4,71,535,https://fareharbor.com/embeds/calendar/rocksolidcoasteering/items/547001/?asn=fhdn-gbp&asn-ref=alloutdooradventures&ref=alloutdooradventures&bookable-only=yes&full-items=yes&marketplace=yes&flow=no,"<script src=""https://fareharbor.com/embeds/script/calendar/rocksolidcoasteering/items/547001/?asn=fhdn-gbp&asn-ref=alloutdooradventures&ref=alloutdooradventures&bookable-only=yes&full-items=yes&marketplace=yes&flow=no""></script>",https://fareharbor.com/embeds/book/rocksolidcoasteering/items/547001/?asn=fhdn-gbp&asn-ref=alloutdooradventures&ref=alloutdooradventures&bookable-only=yes&full-items=yes&marketplace=yes&flow=no,https://cdn.filestackcontent.com/SuKLY0yURQSw24UIZ4CL
Unisub Estartit SL,unisub,info@unisub.es,+34972751768,Spain/Catalunya/L'Estartit,,,588282,Snorkel en las Islas Medas,Snorkel-Water Activities,1,71,0,https://fareharbor.com/embeds/calendar/unisub/items/588282/?asn=fhdn-eur&asn-ref=alloutdooradventures&ref=alloutdooradventures&bookable-only=yes&full-items=yes&marketplace=yes&flow=no,"<script src=""https://fareharbor.com/embeds/script/calendar/unisub/items/588282/?asn=fhdn-eur&asn-ref=alloutdooradventures&ref=alloutdooradventures&bookable-only=yes&full-items=yes&marketplace=yes&flow=no""></script>",https://fareharbor.com/embeds/book/unisub/items/588282/?asn=fhdn-eur&asn-ref=alloutdooradventures&ref=alloutdooradventures&bookable-only=yes&full-items=yes&marketplace=yes&flow=no,https://cdn.filestackcontent.com/WsImqsPSSRmGWYb4WchK
Unisub Estartit SL,unisub,info@unisub.es,+34972751768,Spain/Catalunya/L'Estartit,,,588288,Curso Nitrox (Enriched Air),Scuba-Water Activities,1,71,0,https://fareharbor.com/embeds/calendar/unisub/items/588288/?asn=fhdn-eur&asn-ref=alloutdooradventures&ref=alloutdooradventures&bookable-only=yes&full-items=yes&marketplace=yes&flow=no,"<script src=""https://fareharbor.com/embeds/script/calendar/unisub/items/588288/?asn=fhdn-eur&asn-ref=alloutdooradventures&ref=alloutdooradventures&bookable-only=yes&full-items=yes&marketplace=yes&flow=no""></script>",https://fareharbor.com/embeds/book/unisub/items/588288/?asn=fhdn-eur&asn-ref=alloutdooradventures&ref=alloutdooradventures&bookable-only=yes&full-items=yes&marketplace=yes&flow=no,https://cdn.filestackcontent.com/FbcCvMlQQaMkg6FKacw5
leitzaran bisitarien etxea,leitzaranandoain,info@leitzaran-andoain.com,+34943300929,Spain/Euskadi/Andoain,,,611003,S • BTT Infantil,Bike Tour-Boat Rental,1,71,0,https://fareharbor.com/embeds/calendar/leitzaranandoain/items/611003/?asn=fhdn-eur&asn-ref=alloutdooradventures&ref=alloutdooradventures&bookable-only=yes&full-items=yes&marketplace=yes&flow=no,"<script src=""https://fareharbor.com/embeds/script/calendar/leitzaranandoain/items/611003/?asn=fhdn-eur&asn-ref=alloutdooradventures&ref=alloutdooradventures&bookable-only=yes&full-items=yes&marketplace=yes&flow=no""></script>",https://fareharbor.com/embeds/book/leitzaranandoain/items/611003/?asn=fhdn-eur&asn-ref=alloutdooradventures&ref=alloutdooradventures&bookable-only=yes&full-items=yes&marketplace=yes&flow=no,https://cdn.filestackcontent.com/XfBEYgGiTVmFlKwNAJZ2
leitzaran bisitarien etxea,leitzaranandoain,info@leitzaran-andoain.com,+34943300929,Spain/Euskadi/Andoain,,,611015,M - BTT Eléctrica,Bike Rental-Bike Tour,1,71,0,https://fareharbor.com/embeds/calendar/leitzaranandoain/items/611015/?asn=fhdn-eur&asn-ref=alloutdooradventures&ref=alloutdooradventures&bookable-only=yes&full-items=yes&marketplace=yes&flow=no,"<script src=""https://fareharbor.com/embeds/script/calendar/leitzaranandoain/items/611015/?asn=fhdn-eur&asn-ref=alloutdooradventures&ref=alloutdooradventures&bookable-only=yes&full-items=yes&marketplace=yes&flow=no""></script>",https://fareharbor.com/embeds/book/leitzaranandoain/items/611015/?asn=fhdn-eur&asn-ref=alloutdooradventures&ref=alloutdooradventures&bookable-only=yes&full-items=yes&marketplace=yes&flow=no,https://cdn.filestackcontent.com/0yv8XKcLQW22Z1AtuXHD
Smile & Ride,smileandride,info@smileandride.com,+39 375 5617631,Italy/Toscana/Pisa,,,147039,Bici da corsa carbonio - 3 Giorni,Bike Tour,4,70,166,https://fareharbor.com/embeds/calendar/smileandride/items/147039/?asn=fhdn-eur&asn-ref=alloutdooradventures&ref=alloutdooradventures&bookable-only=yes&full-items=yes&marketplace=yes&flow=no,"<script src=""https://fareharbor.com/embeds/script/calendar/smileandride/items/147039/?asn=fhdn-eur&asn-ref=alloutdooradventures&ref=alloutdooradventures&bookable-only=yes&full-items=yes&marketplace=yes&flow=no""></script>",https://fareharbor.com/embeds/book/smileandride/items/147039/?asn=fhdn-eur&asn-ref=alloutdooradventures&ref=alloutdooradventures&bookable-only=yes&full-items=yes&marketplace=yes&flow=no,https://cdn.filestackcontent.com/nQxQ4zgPTxuM3SCpcosb
Smile & Ride,smileandride,info@smileandride.com,+39 375 5617631,Italy/Toscana/Pisa,,,147040,Bici da corsa in carbonio - 5 Giorni,Bike Tour,4,70,166,https://fareharbor.com/embeds/calendar/smileandride/items/147040/?asn=fhdn-eur&asn-ref=alloutdooradventures&ref=alloutdooradventures&bookable-only=yes&full-items=yes&marketplace=yes&flow=no,"<script src=""https://fareharbor.com/embeds/script/calendar/smileandride/items/147040/?asn=fhdn-eur&asn-ref=alloutdooradventures&ref=alloutdooradventures&bookable-only=yes&full-items=yes&marketplace=yes&flow=no""></script>",https://fareharbor.com/embeds/book/smileandride/items/147040/?asn=fhdn-eur&asn-ref=alloutdooradventures&ref=alloutdooradventures&bookable-only=yes&full-items=yes&marketplace=yes&flow=no,https://cdn.filestackcontent.com/JBIBh0u1S7qxUK5kYBLq
Smile & Ride,smileandride,info@smileandride.com,+39 375 5617631,Italy/Toscana/Pisa,,,147041,Bici da Corsa in Carbonio - 7 Giorni,Bike Tour,4,70,166,https://fareharbor.com/embeds/calendar/smileandride/items/147041/?asn=fhdn-eur&asn-ref=alloutdooradventures&ref=alloutdooradventures&bookable-only=yes&full-items=yes&marketplace=yes&flow=no,"<script src=""https://fareharbor.com/embeds/script/calendar/smileandride/items/147041/?asn=fhdn-eur&asn-ref=alloutdooradventures&ref=alloutdooradventures&bookable-only=yes&full-items=yes&marketplace=yes&flow=no""></script>",https://fareharbor.com/embeds/book/smileandride/items/147041/?asn=fhdn-eur&asn-ref=alloutdooradventures&ref=alloutdooradventures&bookable-only=yes&full-items=yes&marketplace=yes&flow=no,https://cdn.filestackcontent.com/mkbkDNA0TaGqhlUPidCQ
Smile & Ride,smileandride,info@smileandride.com,+39 375 5617631,Italy/Toscana/Pisa,,,160452,City Bike 3 marce- 2 Giorni,Bike Tour,4,70,166,https://fareharbor.com/embeds/calendar/smileandride/items/160452/?asn=fhdn-eur&asn-ref=alloutdooradventures&ref=alloutdooradventures&bookable-only=yes&full-items=yes&marketplace=yes&flow=no,"<script src=""https://fareharbor.com/embeds/script/calendar/smileandride/items/160452/?asn=fhdn-eur&asn-ref=alloutdooradventures&ref=alloutdooradventures&bookable-only=yes&full-items=yes&marketplace=yes&flow=no""></script>",https://fareharbor.com/embeds/book/smileandride/items/160452/?asn=fhdn-eur&asn-ref=alloutdooradventures&ref=alloutdooradventures&bookable-only=yes&full-items=yes&marketplace=yes&flow=no,https://cdn.filestackcontent.com/o0EKU2erQnaiDZZ9RVGy
Smile & Ride,smileandride,info@smileandride.com,+39 375 5617631,Italy/Toscana/Pisa,,,160981,Bici da corsa in carbonio - 4 Giorni,Bike Tour,4,70,166,https://fareharbor.com/embeds/calendar/smileandride/items/160981/?asn=fhdn-eur&asn-ref=alloutdooradventures&ref=alloutdooradventures&bookable-only=yes&full-items=yes&marketplace=yes&flow=no,"<script src=""https://fareharbor.com/embeds/script/calendar/smileandride/items/160981/?asn=fhdn-eur&asn-ref=alloutdooradventures&ref=alloutdooradventures&bookable-only=yes&full-items=yes&marketplace=yes&flow=no""></script>",https://fareharbor.com/embeds/book/smileandride/items/160981/?asn=fhdn-eur&asn-ref=alloutdooradventures&ref=alloutdooradventures&bookable-only=yes&full-items=yes&marketplace=yes&flow=no,https://cdn.filestackcontent.com/eXpkOpVXSxuhHAWEG7DD
Smile & Ride,smileandride,info@smileandride.com,+39 375 5617631,Italy/Toscana/Pisa,,,160984,Bici da Corsa in Carbonio - 6 Giorni,Bike Tour,4,70,166,https://fareharbor.com/embeds/calendar/smileandride/items/160984/?asn=fhdn-eur&asn-ref=alloutdooradventures&ref=alloutdooradventures&bookable-only=yes&full-items=yes&marketplace=yes&flow=no,"<script src=""https://fareharbor.com/embeds/script/calendar/smileandride/items/160984/?asn=fhdn-eur&asn-ref=alloutdooradventures&ref=alloutdooradventures&bookable-only=yes&full-items=yes&marketplace=yes&flow=no""></script>",https://fareharbor.com/embeds/book/smileandride/items/160984/?asn=fhdn-eur&asn-ref=alloutdooradventures&ref=alloutdooradventures&bookable-only=yes&full-items=yes&marketplace=yes&flow=no,https://cdn.filestackcontent.com/4r7iAHBTK2IBeFESRgaF
Donautal Touristik,donautaltouristik,info@donautal-touristik.de,+4975799219725,Germany/Baden-Württemberg/Beuron,9.034471,48.07977,586837,Kanutour im Oberen Donautal -10% Early Bird Verkauf bis 28.02.2026,Canoe,6,70,107,https://fareharbor.com/embeds/calendar/donautaltouristik/items/586837/?asn=fhdn-eur&asn-ref=alloutdooradventures&ref=alloutdooradventures&bookable-only=yes&full-items=yes&marketplace=yes&flow=no,"<script src=""https://fareharbor.com/embeds/script/calendar/donautaltouristik/items/586837/?asn=fhdn-eur&asn-ref=alloutdooradventures&ref=alloutdooradventures&bookable-only=yes&full-items=yes&marketplace=yes&flow=no""></script>",https://fareharbor.com/embeds/book/donautaltouristik/items/586837/?asn=fhdn-eur&asn-ref=alloutdooradventures&ref=alloutdooradventures&bookable-only=yes&full-items=yes&marketplace=yes&flow=no,https://cdn.filestackcontent.com/RqebvZBMQeSufYGpKVK4
Le Haras des Ouches,harasdesouches,contactcemedicis@gmail.com,+33671466357,France/Nouvelle-Aquitaine/Roiffé,,,211986,Balade en calèche privative,Horse,1,69,9,https://fareharbor.com/embeds/calendar/harasdesouches/items/211986/?asn=fhdn-eur&asn-ref=alloutdooradventures&ref=alloutdooradventures&bookable-only=yes&full-items=yes&marketplace=yes&flow=no,"<script src=""https://fareharbor.com/embeds/script/calendar/harasdesouches/items/211986/?asn=fhdn-eur&asn-ref=alloutdooradventures&ref=alloutdooradventures&bookable-only=yes&full-items=yes&marketplace=yes&flow=no""></script>",https://fareharbor.com/embeds/book/harasdesouches/items/211986/?asn=fhdn-eur&asn-ref=alloutdooradventures&ref=alloutdooradventures&bookable-only=yes&full-items=yes&marketplace=yes&flow=no,https://cdn.filestackcontent.com/3HyCw0tiTPSApssaj8dj
Happymoov Nice Vélotaxis,nicecitytour,,+33672320589,France/Provence-Alpes-Côte d'Azur/Nice,,,223953,Le French Riviera Tour - 45 min. - 16 monuments,Bike Tour,1,69,0,https://fareharbor.com/embeds/calendar/nicecitytour/items/223953/?asn=fhdn-eur&asn-ref=alloutdooradventures&ref=alloutdooradventures&bookable-only=yes&full-items=yes&marketplace=yes&flow=no,"<script src=""https://fareharbor.com/embeds/script/calendar/nicecitytour/items/223953/?asn=fhdn-eur&asn-ref=alloutdooradventures&ref=alloutdooradventures&bookable-only=yes&full-items=yes&marketplace=yes&flow=no""></script>",https://fareharbor.com/embeds/book/nicecitytour/items/223953/?asn=fhdn-eur&asn-ref=alloutdooradventures&ref=alloutdooradventures&bookable-only=yes&full-items=yes&marketplace=yes&flow=no,https://cdn.filestackcontent.com/hH6TcqrfT5WLXs6NQDSo
Happymoov Nice Vélotaxis,nicecitytour,,+33672320589,France/Provence-Alpes-Côte d'Azur/Nice,,,223962,Le Tour Prestige - 2h - 28 monuments,Bike Tour,1,69,0,https://fareharbor.com/embeds/calendar/nicecitytour/items/223962/?asn=fhdn-eur&asn-ref=alloutdooradventures&ref=alloutdooradventures&bookable-only=yes&full-items=yes&marketplace=yes&flow=no,"<script src=""https://fareharbor.com/embeds/script/calendar/nicecitytour/items/223962/?asn=fhdn-eur&asn-ref=alloutdooradventures&ref=alloutdooradventures&bookable-only=yes&full-items=yes&marketplace=yes&flow=no""></script>",https://fareharbor.com/embeds/book/nicecitytour/items/223962/?asn=fhdn-eur&asn-ref=alloutdooradventures&ref=alloutdooradventures&bookable-only=yes&full-items=yes&marketplace=yes&flow=no,https://cdn.filestackcontent.com/qDIRHc2TTBSTobK1274x
Happymoov Nice Vélotaxis,nicecitytour,,+33672320589,France/Provence-Alpes-Côte d'Azur/Nice,,,223964,Le Grand Tour - 1h15 - 22 monuments,Bike Tour,2,69,0,https://fareharbor.com/embeds/calendar/nicecitytour/items/223964/?asn=fhdn-eur&asn-ref=alloutdooradventures&ref=alloutdooradventures&bookable-only=yes&full-items=yes&marketplace=yes&flow=no,"<script src=""https://fareharbor.com/embeds/script/calendar/nicecitytour/items/223964/?asn=fhdn-eur&asn-ref=alloutdooradventures&ref=alloutdooradventures&bookable-only=yes&full-items=yes&marketplace=yes&flow=no""></script>",https://fareharbor.com/embeds/book/nicecitytour/items/223964/?asn=fhdn-eur&asn-ref=alloutdooradventures&ref=alloutdooradventures&bookable-only=yes&full-items=yes&marketplace=yes&flow=no,https://cdn.filestackcontent.com/ACepF3tQkP0KBV4ihsLw
Bologna Tour,bolognatour,info@bolognatour.eu,+39 3920060314,Italy/Emilia-Romagna/Ravenna,,,428081,Ferrari Full Day from Ravenna port,Factory Tour-Guided Tour-History Tour-Horse,1,69,358,https://fareharbor.com/embeds/calendar/bolognatour/items/428081/?asn=fhdn-eur&asn-ref=alloutdooradventures&ref=alloutdooradventures&bookable-only=yes&full-items=yes&marketplace=yes&flow=no,"<script src=""https://fareharbor.com/embeds/script/calendar/bolognatour/items/428081/?asn=fhdn-eur&asn-ref=alloutdooradventures&ref=alloutdooradventures&bookable-only=yes&full-items=yes&marketplace=yes&flow=no""></script>",https://fareharbor.com/embeds/book/bolognatour/items/428081/?asn=fhdn-eur&asn-ref=alloutdooradventures&ref=alloutdooradventures&bookable-only=yes&full-items=yes&marketplace=yes&flow=no,https://cdn.filestackcontent.com/6V2Fq1QlTtesA1hjuV8U
Colonia Aktiv,colonia-aktiv,info@colonia-aktiv.de,0049 22134669557,Germany/Nordrhein-Westfalen/Köln,6.95579,50.9492,450600,"E-Bike Tour Köln ""Panorama"" - Privat (Deutsch)",Bike Tour-City Tour-E-Bike-Private,1,69,900,https://fareharbor.com/embeds/calendar/colonia-aktiv/items/450600/?asn=fhdn-eur&asn-ref=alloutdooradventures&ref=alloutdooradventures&bookable-only=yes&full-items=yes&marketplace=yes&flow=no,"<script src=""https://fareharbor.com/embeds/script/calendar/colonia-aktiv/items/450600/?asn=fhdn-eur&asn-ref=alloutdooradventures&ref=alloutdooradventures&bookable-only=yes&full-items=yes&marketplace=yes&flow=no""></script>",https://fareharbor.com/embeds/book/colonia-aktiv/items/450600/?asn=fhdn-eur&asn-ref=alloutdooradventures&ref=alloutdooradventures&bookable-only=yes&full-items=yes&marketplace=yes&flow=no,https://cdn.filestackcontent.com/03cmFDnT2qFEWnoJsM6Y
Colonia Aktiv,colonia-aktiv,info@colonia-aktiv.de,0049 22134669557,Germany/Nordrhein-Westfalen/Köln,6.95579,50.9492,450650,"E-Bike Tour Köln ""Panorama"" - Privat (Englisch)",Bike Tour-City Tour-E-Bike-Private,1,69,900,https://fareharbor.com/embeds/calendar/colonia-aktiv/items/450650/?asn=fhdn-eur&asn-ref=alloutdooradventures&ref=alloutdooradventures&bookable-only=yes&full-items=yes&marketplace=yes&flow=no,"<script src=""https://fareharbor.com/embeds/script/calendar/colonia-aktiv/items/450650/?asn=fhdn-eur&asn-ref=alloutdooradventures&ref=alloutdooradventures&bookable-only=yes&full-items=yes&marketplace=yes&flow=no""></script>",https://fareharbor.com/embeds/book/colonia-aktiv/items/450650/?asn=fhdn-eur&asn-ref=alloutdooradventures&ref=alloutdooradventures&bookable-only=yes&full-items=yes&marketplace=yes&flow=no,https://cdn.filestackcontent.com/ZAD26APSgiPseU8qWxiH
El Ciclo,elciclobcn,ramiro@elciclobcn.com,34607824860,Spain/Catalunya/Barcelona,,,540551,Private Bicycle Tour,Bike Tour,1,69,810,https://fareharbor.com/embeds/calendar/elciclobcn/items/540551/?asn=fhdn-eur&asn-ref=alloutdooradventures&ref=alloutdooradventures&bookable-only=yes&full-items=yes&marketplace=yes&flow=no,"<script src=""https://fareharbor.com/embeds/script/calendar/elciclobcn/items/540551/?asn=fhdn-eur&asn-ref=alloutdooradventures&ref=alloutdooradventures&bookable-only=yes&full-items=yes&marketplace=yes&flow=no""></script>",https://fareharbor.com/embeds/book/elciclobcn/items/540551/?asn=fhdn-eur&asn-ref=alloutdooradventures&ref=alloutdooradventures&bookable-only=yes&full-items=yes&marketplace=yes&flow=no,https://cdn.filestackcontent.com/jGnuKrF8SRKE2h2KF7gK
Quasimundo Bike Tours,quasimundo,info@quasimundo.com,+3250330775,Belgium/Vlaams Gewest/Brugge,,,545249,Brugge op de fiets • Gedeelde tour,Bike Tour,1,69,247,https://fareharbor.com/embeds/calendar/quasimundo/items/545249/?asn=fhdn-eur&asn-ref=alloutdooradventures&ref=alloutdooradventures&bookable-only=yes&full-items=yes&marketplace=yes&flow=no,"<script src=""https://fareharbor.com/embeds/script/calendar/quasimundo/items/545249/?asn=fhdn-eur&asn-ref=alloutdooradventures&ref=alloutdooradventures&bookable-only=yes&full-items=yes&marketplace=yes&flow=no""></script>",https://fareharbor.com/embeds/book/quasimundo/items/545249/?asn=fhdn-eur&asn-ref=alloutdooradventures&ref=alloutdooradventures&bookable-only=yes&full-items=yes&marketplace=yes&flow=no,https://cdn.filestackcontent.com/vTJSKRDCQhKAWCjV4T7r
Quasimundo Bike Tours,quasimundo,info@quasimundo.com,+3250330775,Belgium/Vlaams Gewest/Brugge,,,545266,Brugge op de fiets • Privé tour,Bike Tour,1,69,644,https://fareharbor.com/embeds/calendar/quasimundo/items/545266/?asn=fhdn-eur&asn-ref=alloutdooradventures&ref=alloutdooradventures&bookable-only=yes&full-items=yes&marketplace=yes&flow=no,"<script src=""https://fareharbor.com/embeds/script/calendar/quasimundo/items/545266/?asn=fhdn-eur&asn-ref=alloutdooradventures&ref=alloutdooradventures&bookable-only=yes&full-items=yes&marketplace=yes&flow=no""></script>",https://fareharbor.com/embeds/book/quasimundo/items/545266/?asn=fhdn-eur&asn-ref=alloutdooradventures&ref=alloutdooradventures&bookable-only=yes&full-items=yes&marketplace=yes&flow=no,https://cdn.filestackcontent.com/EX6jIVDSjL90mGysbR1A
Quasimundo Bike Tours,quasimundo,info@quasimundo.com,+3250330775,Belgium/Vlaams Gewest/Brugge,,,545533,Brugge by Bike • Shared tour,Bike Tour,1,69,228,https://fareharbor.com/embeds/calendar/quasimundo/items/545533/?asn=fhdn-eur&asn-ref=alloutdooradventures&ref=alloutdooradventures&bookable-only=yes&full-items=yes&marketplace=yes&flow=no,"<script src=""https://fareharbor.com/embeds/script/calendar/quasimundo/items/545533/?asn=fhdn-eur&asn-ref=alloutdooradventures&ref=alloutdooradventures&bookable-only=yes&full-items=yes&marketplace=yes&flow=no""></script>",https://fareharbor.com/embeds/book/quasimundo/items/545533/?asn=fhdn-eur&asn-ref=alloutdooradventures&ref=alloutdooradventures&bookable-only=yes&full-items=yes&marketplace=yes&flow=no,https://cdn.filestackcontent.com/v6NC5kzQvaCw1mRivZAA
Quasimundo Bike Tours,quasimundo,info@quasimundo.com,+3250330775,Belgium/Vlaams Gewest/Brugge,,,545543,Brugge by Bike • Private Tour,Bike Tour,1,69,645,https://fareharbor.com/embeds/calendar/quasimundo/items/545543/?asn=fhdn-eur&asn-ref=alloutdooradventures&ref=alloutdooradventures&bookable-only=yes&full-items=yes&marketplace=yes&flow=no,"<script src=""https://fareharbor.com/embeds/script/calendar/quasimundo/items/545543/?asn=fhdn-eur&asn-ref=alloutdooradventures&ref=alloutdooradventures&bookable-only=yes&full-items=yes&marketplace=yes&flow=no""></script>",https://fareharbor.com/embeds/book/quasimundo/items/545543/?asn=fhdn-eur&asn-ref=alloutdooradventures&ref=alloutdooradventures&bookable-only=yes&full-items=yes&marketplace=yes&flow=no,https://cdn.filestackcontent.com/O0rfFKWRMygNrxmTdDna
Quasimundo Bike Tours,quasimundo,info@quasimundo.com,+3250330775,Belgium/Vlaams Gewest/Brugge,,,545545,Family-friendly Border by Bike • Private Tour,Bike Tour,1,69,129,https://fareharbor.com/embeds/calendar/quasimundo/items/545545/?asn=fhdn-eur&asn-ref=alloutdooradventures&ref=alloutdooradventures&bookable-only=yes&full-items=yes&marketplace=yes&flow=no,"<script src=""https://fareharbor.com/embeds/script/calendar/quasimundo/items/545545/?asn=fhdn-eur&asn-ref=alloutdooradventures&ref=alloutdooradventures&bookable-only=yes&full-items=yes&marketplace=yes&flow=no""></script>",https://fareharbor.com/embeds/book/quasimundo/items/545545/?asn=fhdn-eur&asn-ref=alloutdooradventures&ref=alloutdooradventures&bookable-only=yes&full-items=yes&marketplace=yes&flow=no,https://cdn.filestackcontent.com/4nhegknRXmQwcRc68I1P
Garmisch Alpine Paradise,garmisch-alpine-paradise,garmisch.alpine@gmail.com,+49 152 0393 38,Germany/Bayern/Garmisch-Partenkirchen,11.061359,47.470743,663097,Hiking in the High Alpine Region – Kreuzeck & Alpspitze Area,Hiking,2,69,0,https://fareharbor.com/embeds/calendar/garmisch-alpine-paradise/items/663097/?asn=fhdn-eur&asn-ref=alloutdooradventures&ref=alloutdooradventures&bookable-only=yes&full-items=yes&marketplace=yes&flow=no,"<script src=""https://fareharbor.com/embeds/script/calendar/garmisch-alpine-paradise/items/663097/?asn=fhdn-eur&asn-ref=alloutdooradventures&ref=alloutdooradventures&bookable-only=yes&full-items=yes&marketplace=yes&flow=no""></script>",https://fareharbor.com/embeds/book/garmisch-alpine-paradise/items/663097/?asn=fhdn-eur&asn-ref=alloutdooradventures&ref=alloutdooradventures&bookable-only=yes&full-items=yes&marketplace=yes&flow=no,https://cdn.filestackcontent.com/a9v3ujmDRoaJO0Xx5END
Garmisch Alpine Paradise,garmisch-alpine-paradise,garmisch.alpine@gmail.com,+49 152 0393 38,Germany/Bayern/Garmisch-Partenkirchen,11.072881,47.488971,663102,From Munich by Tesla: Zugspitze&Eibsee by e-bike from Garmisch,Hiking,2,69,137,https://fareharbor.com/embeds/calendar/garmisch-alpine-paradise/items/663102/?asn=fhdn-eur&asn-ref=alloutdooradventures&ref=alloutdooradventures&bookable-only=yes&full-items=yes&marketplace=yes&flow=no,"<script src=""https://fareharbor.com/embeds/script/calendar/garmisch-alpine-paradise/items/663102/?asn=fhdn-eur&asn-ref=alloutdooradventures&ref=alloutdooradventures&bookable-only=yes&full-items=yes&marketplace=yes&flow=no""></script>",https://fareharbor.com/embeds/book/garmisch-alpine-paradise/items/663102/?asn=fhdn-eur&asn-ref=alloutdooradventures&ref=alloutdooradventures&bookable-only=yes&full-items=yes&marketplace=yes&flow=no,https://cdn.filestackcontent.com/nJWeyPapQgyowmJtDthz
Catalan Trails,catalantrails,info@catalantrails.com,+34604175927,Spain/Catalunya/Barcelona,,,117188,Costa Brava Coast Path Hiking & Tossa de Mar,Hiking,1,68,72,https://fareharbor.com/embeds/calendar/catalantrails/items/117188/?asn=fhdn-eur&asn-ref=alloutdooradventures&ref=alloutdooradventures&bookable-only=yes&full-items=yes&marketplace=yes&flow=no,"<script src=""https://fareharbor.com/embeds/script/calendar/catalantrails/items/117188/?asn=fhdn-eur&asn-ref=alloutdooradventures&ref=alloutdooradventures&bookable-only=yes&full-items=yes&marketplace=yes&flow=no""></script>",https://fareharbor.com/embeds/book/catalantrails/items/117188/?asn=fhdn-eur&asn-ref=alloutdooradventures&ref=alloutdooradventures&bookable-only=yes&full-items=yes&marketplace=yes&flow=no,https://cdn.filestackcontent.com/LWODIwhRuGBxe21mBGxH
Arbaspaa,arbaspaa,info@arbaspaa.com,+39 0187 760083,Italy/Liguria/Porto Venere,,,120910,Diving in the Cinque Terre Marine Protected Area: The Sea Baptism,Scuba,1,68,118,https://fareharbor.com/embeds/calendar/arbaspaa/items/120910/?asn=fhdn-eur&asn-ref=alloutdooradventures&ref=alloutdooradventures&bookable-only=yes&full-items=yes&marketplace=yes&flow=no,"<script src=""https://fareharbor.com/embeds/script/calendar/arbaspaa/items/120910/?asn=fhdn-eur&asn-ref=alloutdooradventures&ref=alloutdooradventures&bookable-only=yes&full-items=yes&marketplace=yes&flow=no""></script>",https://fareharbor.com/embeds/book/arbaspaa/items/120910/?asn=fhdn-eur&asn-ref=alloutdooradventures&ref=alloutdooradventures&bookable-only=yes&full-items=yes&marketplace=yes&flow=no,https://cdn.filestackcontent.com/7ooogCVPQH6LLsNAngq1
Arbaspaa,arbaspaa,info@arbaspaa.com,+39 0187 760083,Italy/Provincia della Spezia/Monterosso al Mare,,,133254,Dinner boat tour Cinque Terre from Monterosso,Boat Tour-Dinner Boat-Food Tour-Sailing-Snorkel,4,68,120,https://fareharbor.com/embeds/calendar/arbaspaa/items/133254/?asn=fhdn-eur&asn-ref=alloutdooradventures&ref=alloutdooradventures&bookable-only=yes&full-items=yes&marketplace=yes&flow=no,"<script src=""https://fareharbor.com/embeds/script/calendar/arbaspaa/items/133254/?asn=fhdn-eur&asn-ref=alloutdooradventures&ref=alloutdooradventures&bookable-only=yes&full-items=yes&marketplace=yes&flow=no""></script>",https://fareharbor.com/embeds/book/arbaspaa/items/133254/?asn=fhdn-eur&asn-ref=alloutdooradventures&ref=alloutdooradventures&bookable-only=yes&full-items=yes&marketplace=yes&flow=no,https://cdn.filestackcontent.com/McbBuTYTEi4wiUUwk9XP
Arbaspaa,arbaspaa,info@arbaspaa.com,+39 0187 760083,Italy/Liguria/Manarola,9.728488,44.106843,157346,Walking tour in Portofino and Pesto Course in Rapallo,Boat Tour-Castle-City Tour-Hiking-Transfer-Private-Walking Tour,1,68,0,https://fareharbor.com/embeds/calendar/arbaspaa/items/157346/?asn=fhdn-eur&asn-ref=alloutdooradventures&ref=alloutdooradventures&bookable-only=yes&full-items=yes&marketplace=yes&flow=no,"<script src=""https://fareharbor.com/embeds/script/calendar/arbaspaa/items/157346/?asn=fhdn-eur&asn-ref=alloutdooradventures&ref=alloutdooradventures&bookable-only=yes&full-items=yes&marketplace=yes&flow=no""></script>",https://fareharbor.com/embeds/book/arbaspaa/items/157346/?asn=fhdn-eur&asn-ref=alloutdooradventures&ref=alloutdooradventures&bookable-only=yes&full-items=yes&marketplace=yes&flow=no,https://cdn.filestackcontent.com/MiAybxbRNax4RYcUVAgD
All Things Garmisch,allthingsgarmisch,info@allthingsgarmisch.com,+49 8821 9260053,Germany/Bayern/Garmisch-Partenkirchen,,,196042,Chocolatier for a Day,Attraction-Carriage-History Tour-Horse-Wine,2,68,79,https://fareharbor.com/embeds/calendar/allthingsgarmisch/items/196042/?asn=fhdn-eur&asn-ref=alloutdooradventures&ref=alloutdooradventures&bookable-only=yes&full-items=yes&marketplace=yes&flow=no,"<script src=""https://fareharbor.com/embeds/script/calendar/allthingsgarmisch/items/196042/?asn=fhdn-eur&asn-ref=alloutdooradventures&ref=alloutdooradventures&bookable-only=yes&full-items=yes&marketplace=yes&flow=no""></script>",https://fareharbor.com/embeds/book/allthingsgarmisch/items/196042/?asn=fhdn-eur&asn-ref=alloutdooradventures&ref=alloutdooradventures&bookable-only=yes&full-items=yes&marketplace=yes&flow=no,https://cdn.filestackcontent.com/IPdZ2ce4QW2VEjgn42UB
London Country Tours,londoncountrytours,londoncountrytours@gmail.com,+4477-75888534,United Kingdom/England/London,-0.127586,51.507218,218979,"Avebury Circle, West Kennet, Silbury Hill",Attraction-Food Tour-History Tour-Horse-Private,1,68,180,https://fareharbor.com/embeds/calendar/londoncountrytours/items/218979/?asn=fhdn-gbp&asn-ref=alloutdooradventures&ref=alloutdooradventures&bookable-only=yes&full-items=yes&marketplace=yes&flow=no,"<script src=""https://fareharbor.com/embeds/script/calendar/londoncountrytours/items/218979/?asn=fhdn-gbp&asn-ref=alloutdooradventures&ref=alloutdooradventures&bookable-only=yes&full-items=yes&marketplace=yes&flow=no""></script>",https://fareharbor.com/embeds/book/londoncountrytours/items/218979/?asn=fhdn-gbp&asn-ref=alloutdooradventures&ref=alloutdooradventures&bookable-only=yes&full-items=yes&marketplace=yes&flow=no,https://cdn.filestackcontent.com/ddwZzpROCbOsmpGAWo5g
Bologna Tour,bolognatour,info@bolognatour.eu,+39 3920060314,Italy/Emilia-Romagna/Bologna,,,505047,Ferrari & Balsamic,History Tour-Horse,1,68,358,https://fareharbor.com/embeds/calendar/bolognatour/items/505047/?asn=fhdn-eur&asn-ref=alloutdooradventures&ref=alloutdooradventures&bookable-only=yes&full-items=yes&marketplace=yes&flow=no,"<script src=""https://fareharbor.com/embeds/script/calendar/bolognatour/items/505047/?asn=fhdn-eur&asn-ref=alloutdooradventures&ref=alloutdooradventures&bookable-only=yes&full-items=yes&marketplace=yes&flow=no""></script>",https://fareharbor.com/embeds/book/bolognatour/items/505047/?asn=fhdn-eur&asn-ref=alloutdooradventures&ref=alloutdooradventures&bookable-only=yes&full-items=yes&marketplace=yes&flow=no,https://cdn.filestackcontent.com/mxE9tO23SvmYmvrg8boc
El Ciclo,elciclobcn,ramiro@elciclobcn.com,34607824860,Spain/Catalunya/Barcelona,,,541825,Private E-Bike Tour,Bike Tour,1,68,812,https://fareharbor.com/embeds/calendar/elciclobcn/items/541825/?asn=fhdn-eur&asn-ref=alloutdooradventures&ref=alloutdooradventures&bookable-only=yes&full-items=yes&marketplace=yes&flow=no,"<script src=""https://fareharbor.com/embeds/script/calendar/elciclobcn/items/541825/?asn=fhdn-eur&asn-ref=alloutdooradventures&ref=alloutdooradventures&bookable-only=yes&full-items=yes&marketplace=yes&flow=no""></script>",https://fareharbor.com/embeds/book/elciclobcn/items/541825/?asn=fhdn-eur&asn-ref=alloutdooradventures&ref=alloutdooradventures&bookable-only=yes&full-items=yes&marketplace=yes&flow=no,https://cdn.filestackcontent.com/p91zAzdHSRegKM1PDpzi
Garmisch Alpine Paradise,garmisch-alpine-paradise,garmisch.alpine@gmail.com,+49 152 0393 38,Germany/Bayern/Garmisch-Partenkirchen,11.072881,47.488971,663108,Private E-Bike Trips – Tailored Routes in Garmisch,Hiking,2,68,0,https://fareharbor.com/embeds/calendar/garmisch-alpine-paradise/items/663108/?asn=fhdn-eur&asn-ref=alloutdooradventures&ref=alloutdooradventures&bookable-only=yes&full-items=yes&marketplace=yes&flow=no,"<script src=""https://fareharbor.com/embeds/script/calendar/garmisch-alpine-paradise/items/663108/?asn=fhdn-eur&asn-ref=alloutdooradventures&ref=alloutdooradventures&bookable-only=yes&full-items=yes&marketplace=yes&flow=no""></script>",https://fareharbor.com/embeds/book/garmisch-alpine-paradise/items/663108/?asn=fhdn-eur&asn-ref=alloutdooradventures&ref=alloutdooradventures&bookable-only=yes&full-items=yes&marketplace=yes&flow=no,https://cdn.filestackcontent.com/vp6fiQCZSxeYHpqnKWAQ
Smile & Ride,smileandride,info@smileandride.com,+39 375 5617631,Italy/Toscana/Pisa,,,147170,City Bike 3 marce - 5 Giorni,Bike Tour,3,67,166,https://fareharbor.com/embeds/calendar/smileandride/items/147170/?asn=fhdn-eur&asn-ref=alloutdooradventures&ref=alloutdooradventures&bookable-only=yes&full-items=yes&marketplace=yes&flow=no,"<script src=""https://fareharbor.com/embeds/script/calendar/smileandride/items/147170/?asn=fhdn-eur&asn-ref=alloutdooradventures&ref=alloutdooradventures&bookable-only=yes&full-items=yes&marketplace=yes&flow=no""></script>",https://fareharbor.com/embeds/book/smileandride/items/147170/?asn=fhdn-eur&asn-ref=alloutdooradventures&ref=alloutdooradventures&bookable-only=yes&full-items=yes&marketplace=yes&flow=no,https://cdn.filestackcontent.com/95u4p9dQACDnZiThrclt
Smile & Ride,smileandride,info@smileandride.com,+39 375 5617631,Italy/Toscana/Pisa,,,160454,City Bike 3 marce - 4 Giorni,Bike Tour,3,67,166,https://fareharbor.com/embeds/calendar/smileandride/items/160454/?asn=fhdn-eur&asn-ref=alloutdooradventures&ref=alloutdooradventures&bookable-only=yes&full-items=yes&marketplace=yes&flow=no,"<script src=""https://fareharbor.com/embeds/script/calendar/smileandride/items/160454/?asn=fhdn-eur&asn-ref=alloutdooradventures&ref=alloutdooradventures&bookable-only=yes&full-items=yes&marketplace=yes&flow=no""></script>",https://fareharbor.com/embeds/book/smileandride/items/160454/?asn=fhdn-eur&asn-ref=alloutdooradventures&ref=alloutdooradventures&bookable-only=yes&full-items=yes&marketplace=yes&flow=no,https://cdn.filestackcontent.com/irfwssnySnajhJlnIdw2
Smile & Ride,smileandride,info@smileandride.com,+39 375 5617631,Italy/Toscana/Pisa,,,160455,City Bike 3 marce - 6 Giorni,Bike Tour,3,67,166,https://fareharbor.com/embeds/calendar/smileandride/items/160455/?asn=fhdn-eur&asn-ref=alloutdooradventures&ref=alloutdooradventures&bookable-only=yes&full-items=yes&marketplace=yes&flow=no,"<script src=""https://fareharbor.com/embeds/script/calendar/smileandride/items/160455/?asn=fhdn-eur&asn-ref=alloutdooradventures&ref=alloutdooradventures&bookable-only=yes&full-items=yes&marketplace=yes&flow=no""></script>",https://fareharbor.com/embeds/book/smileandride/items/160455/?asn=fhdn-eur&asn-ref=alloutdooradventures&ref=alloutdooradventures&bookable-only=yes&full-items=yes&marketplace=yes&flow=no,https://cdn.filestackcontent.com/rRPK01yDQzaumNBAIhX7
Green Bikes Barcelona,greenbikesbarcelona,greenbikesbcn@gmail.com,+34933013612,Spain/Catalunya/Barcelona,,,547402,City Tour,Bike Tour,4,67,679,https://fareharbor.com/embeds/calendar/greenbikesbarcelona/items/547402/?asn=fhdn-eur&asn-ref=alloutdooradventures&ref=alloutdooradventures&bookable-only=yes&full-items=yes&marketplace=yes&flow=no,"<script src=""https://fareharbor.com/embeds/script/calendar/greenbikesbarcelona/items/547402/?asn=fhdn-eur&asn-ref=alloutdooradventures&ref=alloutdooradventures&bookable-only=yes&full-items=yes&marketplace=yes&flow=no""></script>",https://fareharbor.com/embeds/book/greenbikesbarcelona/items/547402/?asn=fhdn-eur&asn-ref=alloutdooradventures&ref=alloutdooradventures&bookable-only=yes&full-items=yes&marketplace=yes&flow=no,https://cdn.filestackcontent.com/RwMlFyplR5qKeobA0Y3p
Green Bikes Barcelona,greenbikesbarcelona,greenbikesbcn@gmail.com,+34933013612,Spain/Catalunya/Barcelona,,,547414,Montjuic Tour,Bike Tour,4,67,208,https://fareharbor.com/embeds/calendar/greenbikesbarcelona/items/547414/?asn=fhdn-eur&asn-ref=alloutdooradventures&ref=alloutdooradventures&bookable-only=yes&full-items=yes&marketplace=yes&flow=no,"<script src=""https://fareharbor.com/embeds/script/calendar/greenbikesbarcelona/items/547414/?asn=fhdn-eur&asn-ref=alloutdooradventures&ref=alloutdooradventures&bookable-only=yes&full-items=yes&marketplace=yes&flow=no""></script>",https://fareharbor.com/embeds/book/greenbikesbarcelona/items/547414/?asn=fhdn-eur&asn-ref=alloutdooradventures&ref=alloutdooradventures&bookable-only=yes&full-items=yes&marketplace=yes&flow=no,https://cdn.filestackcontent.com/9sQTe0IQSEqcH9As7dps
Aleks Rent,aleksrent,aleksrent1@gmail.com,641459907,Spain/Catalunya/Lloret de Mar,,,609768,Excursión en quads por Lloret de Mar,Bike Tour,1,67,564,https://fareharbor.com/embeds/calendar/aleksrent/items/609768/?asn=fhdn-eur&asn-ref=alloutdooradventures&ref=alloutdooradventures&bookable-only=yes&full-items=yes&marketplace=yes&flow=no,"<script src=""https://fareharbor.com/embeds/script/calendar/aleksrent/items/609768/?asn=fhdn-eur&asn-ref=alloutdooradventures&ref=alloutdooradventures&bookable-only=yes&full-items=yes&marketplace=yes&flow=no""></script>",https://fareharbor.com/embeds/book/aleksrent/items/609768/?asn=fhdn-eur&asn-ref=alloutdooradventures&ref=alloutdooradventures&bookable-only=yes&full-items=yes&marketplace=yes&flow=no,https://cdn.filestackcontent.com/mwYDSrmATe2PHxF2wMpu
Smile & Ride,smileandride,info@smileandride.com,+39 375 5617631,Italy/Toscana/Pisa,,,147168,City Bike 3 marce - 3 Giorni,Bike Tour,3,66,166,https://fareharbor.com/embeds/calendar/smileandride/items/147168/?asn=fhdn-eur&asn-ref=alloutdooradventures&ref=alloutdooradventures&bookable-only=yes&full-items=yes&marketplace=yes&flow=no,"<script src=""https://fareharbor.com/embeds/script/calendar/smileandride/items/147168/?asn=fhdn-eur&asn-ref=alloutdooradventures&ref=alloutdooradventures&bookable-only=yes&full-items=yes&marketplace=yes&flow=no""></script>",https://fareharbor.com/embeds/book/smileandride/items/147168/?asn=fhdn-eur&asn-ref=alloutdooradventures&ref=alloutdooradventures&bookable-only=yes&full-items=yes&marketplace=yes&flow=no,https://cdn.filestackcontent.com/3b43Ob9sRsikHn1Y1Q1Q
Medaqua,medaqua,info@medaqua.com,(+34) 972 752043,Spain/Catalunya/L'Estartit,3.20576,42.054548,310685,Tour Islas Medas + Baño,Snorkel,3,66,13,https://fareharbor.com/embeds/calendar/medaqua/items/310685/?asn=fhdn-eur&asn-ref=alloutdooradventures&ref=alloutdooradventures&bookable-only=yes&full-items=yes&marketplace=yes&flow=no,"<script src=""https://fareharbor.com/embeds/script/calendar/medaqua/items/310685/?asn=fhdn-eur&asn-ref=alloutdooradventures&ref=alloutdooradventures&bookable-only=yes&full-items=yes&marketplace=yes&flow=no""></script>",https://fareharbor.com/embeds/book/medaqua/items/310685/?asn=fhdn-eur&asn-ref=alloutdooradventures&ref=alloutdooradventures&bookable-only=yes&full-items=yes&marketplace=yes&flow=no,https://cdn.filestackcontent.com/62TT8JeSCSByDoiVo0dQ
Garmisch Alpine Paradise,garmisch-alpine-paradise,garmisch.alpine@gmail.com,+49 152 0393 38,Germany/Bayern/Garmisch-Partenkirchen,11.072881,47.488971,663106,"E-Bike Tour: Garmisch, Oberammergau & Around",Hiking,2,66,0,https://fareharbor.com/embeds/calendar/garmisch-alpine-paradise/items/663106/?asn=fhdn-eur&asn-ref=alloutdooradventures&ref=alloutdooradventures&bookable-only=yes&full-items=yes&marketplace=yes&flow=no,"<script src=""https://fareharbor.com/embeds/script/calendar/garmisch-alpine-paradise/items/663106/?asn=fhdn-eur&asn-ref=alloutdooradventures&ref=alloutdooradventures&bookable-only=yes&full-items=yes&marketplace=yes&flow=no""></script>",https://fareharbor.com/embeds/book/garmisch-alpine-paradise/items/663106/?asn=fhdn-eur&asn-ref=alloutdooradventures&ref=alloutdooradventures&bookable-only=yes&full-items=yes&marketplace=yes&flow=no,https://cdn.filestackcontent.com/BbaIqSGiRgiBhhPChNMQ
Montefusco Cycling,roadcycling,claudio@roadcycling.barcelona,+34 607 51 57 82,Spain/Catalonia/Barcelona,2.168568,41.387397,75173,The Amazing Cycling Tour of the Montseny Mountains,Bike Tour,7,65,124,https://fareharbor.com/embeds/calendar/roadcycling/items/75173/?asn=fhdn-eur&asn-ref=alloutdooradventures&ref=alloutdooradventures&bookable-only=yes&full-items=yes&marketplace=yes&flow=no,"<script src=""https://fareharbor.com/embeds/script/calendar/roadcycling/items/75173/?asn=fhdn-eur&asn-ref=alloutdooradventures&ref=alloutdooradventures&bookable-only=yes&full-items=yes&marketplace=yes&flow=no""></script>",https://fareharbor.com/embeds/book/roadcycling/items/75173/?asn=fhdn-eur&asn-ref=alloutdooradventures&ref=alloutdooradventures&bookable-only=yes&full-items=yes&marketplace=yes&flow=no,https://cdn.filestackcontent.com/Hp94lQoQUaWWPpeSYxkw
Montefusco Cycling,roadcycling,claudio@roadcycling.barcelona,+34 607 51 57 82,Spain/Catalonia/Barcelona,2.168568,41.387397,75174,The Magic Mountain Tour of Montserrat by Road Bike,Bike Tour,9,65,124,https://fareharbor.com/embeds/calendar/roadcycling/items/75174/?asn=fhdn-eur&asn-ref=alloutdooradventures&ref=alloutdooradventures&bookable-only=yes&full-items=yes&marketplace=yes&flow=no,"<script src=""https://fareharbor.com/embeds/script/calendar/roadcycling/items/75174/?asn=fhdn-eur&asn-ref=alloutdooradventures&ref=alloutdooradventures&bookable-only=yes&full-items=yes&marketplace=yes&flow=no""></script>",https://fareharbor.com/embeds/book/roadcycling/items/75174/?asn=fhdn-eur&asn-ref=alloutdooradventures&ref=alloutdooradventures&bookable-only=yes&full-items=yes&marketplace=yes&flow=no,https://cdn.filestackcontent.com/m9EDL1y5SRqUd6887CEX
Montefusco Cycling,roadcycling,claudio@roadcycling.barcelona,+34 607 51 57 82,Spain/Catalonia/Girona,2.821426,41.9794,75177,Girona Cycling Tour,Bike Tour,6,65,177,https://fareharbor.com/embeds/calendar/roadcycling/items/75177/?asn=fhdn-eur&asn-ref=alloutdooradventures&ref=alloutdooradventures&bookable-only=yes&full-items=yes&marketplace=yes&flow=no,"<script src=""https://fareharbor.com/embeds/script/calendar/roadcycling/items/75177/?asn=fhdn-eur&asn-ref=alloutdooradventures&ref=alloutdooradventures&bookable-only=yes&full-items=yes&marketplace=yes&flow=no""></script>",https://fareharbor.com/embeds/book/roadcycling/items/75177/?asn=fhdn-eur&asn-ref=alloutdooradventures&ref=alloutdooradventures&bookable-only=yes&full-items=yes&marketplace=yes&flow=no,https://cdn.filestackcontent.com/dXaBhP2LTVWmnUAxxv9v
Arbaspaa,arbaspaa,info@arbaspaa.com,+39 0187 760083,Italy/Liguria/Manarola,9.728488,44.106843,146523,Elegant Motorboat Gozzo: Aphrodite - Manarola,Boat Tour-Snorkel-Wine,0,65,0,https://fareharbor.com/embeds/calendar/arbaspaa/items/146523/?asn=fhdn-eur&asn-ref=alloutdooradventures&ref=alloutdooradventures&bookable-only=yes&full-items=yes&marketplace=yes&flow=no,"<script src=""https://fareharbor.com/embeds/script/calendar/arbaspaa/items/146523/?asn=fhdn-eur&asn-ref=alloutdooradventures&ref=alloutdooradventures&bookable-only=yes&full-items=yes&marketplace=yes&flow=no""></script>",https://fareharbor.com/embeds/book/arbaspaa/items/146523/?asn=fhdn-eur&asn-ref=alloutdooradventures&ref=alloutdooradventures&bookable-only=yes&full-items=yes&marketplace=yes&flow=no,https://cdn.filestackcontent.com/MsBbuDZISmSPkv6fFh61
Arbaspaa,arbaspaa,info@arbaspaa.com,+39 0187 760083,Italy/Liguria/La Spezia,9.824083,44.10245,146816,Luxury and Modern Motorboat La Spezia,Boat Tour-Snorkel,0,65,0,https://fareharbor.com/embeds/calendar/arbaspaa/items/146816/?asn=fhdn-eur&asn-ref=alloutdooradventures&ref=alloutdooradventures&bookable-only=yes&full-items=yes&marketplace=yes&flow=no,"<script src=""https://fareharbor.com/embeds/script/calendar/arbaspaa/items/146816/?asn=fhdn-eur&asn-ref=alloutdooradventures&ref=alloutdooradventures&bookable-only=yes&full-items=yes&marketplace=yes&flow=no""></script>",https://fareharbor.com/embeds/book/arbaspaa/items/146816/?asn=fhdn-eur&asn-ref=alloutdooradventures&ref=alloutdooradventures&bookable-only=yes&full-items=yes&marketplace=yes&flow=no,https://cdn.filestackcontent.com/IVbUwvl1SUC8OMbefJrN
Unique Tours,uniquetours,hello@uniquetours.com,+34 699 393 249,Spain/Catalunya/Barcelona,2.166073,41.390721,154259,Montserrat Monastery & Hiking Experience,Hiking-Walking Tour,7,65,177,https://fareharbor.com/embeds/calendar/uniquetours/items/154259/?asn=fhdn-eur&asn-ref=alloutdooradventures&ref=alloutdooradventures&bookable-only=yes&full-items=yes&marketplace=yes&flow=no,"<script src=""https://fareharbor.com/embeds/script/calendar/uniquetours/items/154259/?asn=fhdn-eur&asn-ref=alloutdooradventures&ref=alloutdooradventures&bookable-only=yes&full-items=yes&marketplace=yes&flow=no""></script>",https://fareharbor.com/embeds/book/uniquetours/items/154259/?asn=fhdn-eur&asn-ref=alloutdooradventures&ref=alloutdooradventures&bookable-only=yes&full-items=yes&marketplace=yes&flow=no,https://cdn.filestackcontent.com/7pbjbB5fQO81ZtZNzbfS
Unique Tours,uniquetours,hello@uniquetours.com,+34 699 393 249,Spain/Catalunya/Barcelona,2.166073,41.390721,154262,Private Tour - Montserrat Monastery & Hiking Experience,Hiking-Private-Walking Tour,9,65,180,https://fareharbor.com/embeds/calendar/uniquetours/items/154262/?asn=fhdn-eur&asn-ref=alloutdooradventures&ref=alloutdooradventures&bookable-only=yes&full-items=yes&marketplace=yes&flow=no,"<script src=""https://fareharbor.com/embeds/script/calendar/uniquetours/items/154262/?asn=fhdn-eur&asn-ref=alloutdooradventures&ref=alloutdooradventures&bookable-only=yes&full-items=yes&marketplace=yes&flow=no""></script>",https://fareharbor.com/embeds/book/uniquetours/items/154262/?asn=fhdn-eur&asn-ref=alloutdooradventures&ref=alloutdooradventures&bookable-only=yes&full-items=yes&marketplace=yes&flow=no,https://cdn.filestackcontent.com/DdM8YAiQuOE0YK4PknEF
"One Life, Hike it",jkerr,jamie@jkerr.net,+34 612 562 545,Spain/Catalunya/Caldes de Malavella,2.801056,41.840767,261555,"Hiking Costa Brava Coves and Beaches, Catalan Mediterranean",Hiking-Walking Tour,5,65,180,https://fareharbor.com/embeds/calendar/jkerr/items/261555/?asn=fhdn-eur&asn-ref=alloutdooradventures&ref=alloutdooradventures&bookable-only=yes&full-items=yes&marketplace=yes&flow=no,"<script src=""https://fareharbor.com/embeds/script/calendar/jkerr/items/261555/?asn=fhdn-eur&asn-ref=alloutdooradventures&ref=alloutdooradventures&bookable-only=yes&full-items=yes&marketplace=yes&flow=no""></script>",https://fareharbor.com/embeds/book/jkerr/items/261555/?asn=fhdn-eur&asn-ref=alloutdooradventures&ref=alloutdooradventures&bookable-only=yes&full-items=yes&marketplace=yes&flow=no,https://cdn.filestackcontent.com/1VcOVDtS5iDfs09iTP2x
Unique Tours,uniquetours,hello@uniquetours.com,+34 699 393 249,Spain/Catalunya/Barcelona,2.166073,41.390721,436877,Montserrat Monastery & Hiking Experience - Full Day,Hiking-Walking Tour,11,65,180,https://fareharbor.com/embeds/calendar/uniquetours/items/436877/?asn=fhdn-eur&asn-ref=alloutdooradventures&ref=alloutdooradventures&bookable-only=yes&full-items=yes&marketplace=yes&flow=no,"<script src=""https://fareharbor.com/embeds/script/calendar/uniquetours/items/436877/?asn=fhdn-eur&asn-ref=alloutdooradventures&ref=alloutdooradventures&bookable-only=yes&full-items=yes&marketplace=yes&flow=no""></script>",https://fareharbor.com/embeds/book/uniquetours/items/436877/?asn=fhdn-eur&asn-ref=alloutdooradventures&ref=alloutdooradventures&bookable-only=yes&full-items=yes&marketplace=yes&flow=no,https://cdn.filestackcontent.com/PCO8b6hYTvO0zFQoMuc3
Unique Tours,uniquetours,hello@uniquetours.com,+34 699 393 249,Spain/Catalunya/Barcelona,2.166073,41.390721,436878,Private Tour - Montserrat Monastery & Hiking Experience - Full Day,Hiking-Private-Walking Tour,11,65,180,https://fareharbor.com/embeds/calendar/uniquetours/items/436878/?asn=fhdn-eur&asn-ref=alloutdooradventures&ref=alloutdooradventures&bookable-only=yes&full-items=yes&marketplace=yes&flow=no,"<script src=""https://fareharbor.com/embeds/script/calendar/uniquetours/items/436878/?asn=fhdn-eur&asn-ref=alloutdooradventures&ref=alloutdooradventures&bookable-only=yes&full-items=yes&marketplace=yes&flow=no""></script>",https://fareharbor.com/embeds/book/uniquetours/items/436878/?asn=fhdn-eur&asn-ref=alloutdooradventures&ref=alloutdooradventures&bookable-only=yes&full-items=yes&marketplace=yes&flow=no,https://cdn.filestackcontent.com/CREJTfiRRJWXu4VMWVoy
Unisub Estartit SL,unisub,info@unisub.es,+34972751768,Spain/Catalunya/L'Estartit,,,588371,Dry Suit,Scuba-Water Activities,1,65,0,https://fareharbor.com/embeds/calendar/unisub/items/588371/?asn=fhdn-eur&asn-ref=alloutdooradventures&ref=alloutdooradventures&bookable-only=yes&full-items=yes&marketplace=yes&flow=no,"<script src=""https://fareharbor.com/embeds/script/calendar/unisub/items/588371/?asn=fhdn-eur&asn-ref=alloutdooradventures&ref=alloutdooradventures&bookable-only=yes&full-items=yes&marketplace=yes&flow=no""></script>",https://fareharbor.com/embeds/book/unisub/items/588371/?asn=fhdn-eur&asn-ref=alloutdooradventures&ref=alloutdooradventures&bookable-only=yes&full-items=yes&marketplace=yes&flow=no,https://cdn.filestackcontent.com/LqtlM5hvQ4X5CCnIGD9x
We Like Tuscany s.a.s.,weliketuscany,info@weliketuscany.it,+39 342 9352395,Italy/Toscana/Firenze,,,402105,E-bike 2.5 hours Florentine hills tour with olive oil and fresh bread,Bike Tour-E-Bike-Farm,1,64,499,https://fareharbor.com/embeds/calendar/weliketuscany/items/402105/?asn=fhdn-eur&asn-ref=alloutdooradventures&ref=alloutdooradventures&bookable-only=yes&full-items=yes&marketplace=yes&flow=no,"<script src=""https://fareharbor.com/embeds/script/calendar/weliketuscany/items/402105/?asn=fhdn-eur&asn-ref=alloutdooradventures&ref=alloutdooradventures&bookable-only=yes&full-items=yes&marketplace=yes&flow=no""></script>",https://fareharbor.com/embeds/book/weliketuscany/items/402105/?asn=fhdn-eur&asn-ref=alloutdooradventures&ref=alloutdooradventures&bookable-only=yes&full-items=yes&marketplace=yes&flow=no,https://cdn.filestackcontent.com/L7LBRu2lQ9numYuU5mUa
We Like Tuscany s.a.s.,weliketuscany,info@weliketuscany.it,+39 342 9352395,Italy/Toscana/Firenze,11.243185,43.76613,499954,Florence to Siena through Chianti 2-day bike tour,Bike Tour,1,64,77,https://fareharbor.com/embeds/calendar/weliketuscany/items/499954/?asn=fhdn-eur&asn-ref=alloutdooradventures&ref=alloutdooradventures&bookable-only=yes&full-items=yes&marketplace=yes&flow=no,"<script src=""https://fareharbor.com/embeds/script/calendar/weliketuscany/items/499954/?asn=fhdn-eur&asn-ref=alloutdooradventures&ref=alloutdooradventures&bookable-only=yes&full-items=yes&marketplace=yes&flow=no""></script>",https://fareharbor.com/embeds/book/weliketuscany/items/499954/?asn=fhdn-eur&asn-ref=alloutdooradventures&ref=alloutdooradventures&bookable-only=yes&full-items=yes&marketplace=yes&flow=no,https://cdn.filestackcontent.com/Pv11GBB8RDyE4HSgaw7G
Unisub Estartit SL,unisub,info@unisub.es,+34972751768,Spain/Catalunya/L'Estartit,,,588344,Curso PADI Rescue (Nivel 3),Scuba-Water Activities,1,64,0,https://fareharbor.com/embeds/calendar/unisub/items/588344/?asn=fhdn-eur&asn-ref=alloutdooradventures&ref=alloutdooradventures&bookable-only=yes&full-items=yes&marketplace=yes&flow=no,"<script src=""https://fareharbor.com/embeds/script/calendar/unisub/items/588344/?asn=fhdn-eur&asn-ref=alloutdooradventures&ref=alloutdooradventures&bookable-only=yes&full-items=yes&marketplace=yes&flow=no""></script>",https://fareharbor.com/embeds/book/unisub/items/588344/?asn=fhdn-eur&asn-ref=alloutdooradventures&ref=alloutdooradventures&bookable-only=yes&full-items=yes&marketplace=yes&flow=no,https://cdn.filestackcontent.com/Q4fTfWlhTteDtBGXUIiY
Toursen,toursen,info@toursen.com,+39 351 857 8428,Italy/Lazio/Roma,11.264788,43.768099,632075,FLORENCIA - Tour en bici eléctrica por las colinas de Florencia,Bike Tour,1,64,720,https://fareharbor.com/embeds/calendar/toursen/items/632075/?asn=fhdn-eur&asn-ref=alloutdooradventures&ref=alloutdooradventures&bookable-only=yes&full-items=yes&marketplace=yes&flow=no,"<script src=""https://fareharbor.com/embeds/script/calendar/toursen/items/632075/?asn=fhdn-eur&asn-ref=alloutdooradventures&ref=alloutdooradventures&bookable-only=yes&full-items=yes&marketplace=yes&flow=no""></script>",https://fareharbor.com/embeds/book/toursen/items/632075/?asn=fhdn-eur&asn-ref=alloutdooradventures&ref=alloutdooradventures&bookable-only=yes&full-items=yes&marketplace=yes&flow=no,https://cdn.filestackcontent.com/vv45vOUQpu1EdEKLsYew
Smile & Ride,smileandride,info@smileandride.com,+39 375 5617631,Italy/Toscana/Pisa,,,147214,Parco di san Rossore - Tour con App + Itinerario,Bike Tour,2,63,815,https://fareharbor.com/embeds/calendar/smileandride/items/147214/?asn=fhdn-eur&asn-ref=alloutdooradventures&ref=alloutdooradventures&bookable-only=yes&full-items=yes&marketplace=yes&flow=no,"<script src=""https://fareharbor.com/embeds/script/calendar/smileandride/items/147214/?asn=fhdn-eur&asn-ref=alloutdooradventures&ref=alloutdooradventures&bookable-only=yes&full-items=yes&marketplace=yes&flow=no""></script>",https://fareharbor.com/embeds/book/smileandride/items/147214/?asn=fhdn-eur&asn-ref=alloutdooradventures&ref=alloutdooradventures&bookable-only=yes&full-items=yes&marketplace=yes&flow=no,https://cdn.filestackcontent.com/rJ5jfGDgQNmXCxOE6Hul
Unisub Estartit SL,unisub,info@unisub.es,+34972751768,Spain/Catalunya/L'Estartit,,,588292,Curso PADI Advanced Open Water (Nivel 2 ),Scuba-Water Activities,1,63,0,https://fareharbor.com/embeds/calendar/unisub/items/588292/?asn=fhdn-eur&asn-ref=alloutdooradventures&ref=alloutdooradventures&bookable-only=yes&full-items=yes&marketplace=yes&flow=no,"<script src=""https://fareharbor.com/embeds/script/calendar/unisub/items/588292/?asn=fhdn-eur&asn-ref=alloutdooradventures&ref=alloutdooradventures&bookable-only=yes&full-items=yes&marketplace=yes&flow=no""></script>",https://fareharbor.com/embeds/book/unisub/items/588292/?asn=fhdn-eur&asn-ref=alloutdooradventures&ref=alloutdooradventures&bookable-only=yes&full-items=yes&marketplace=yes&flow=no,https://cdn.filestackcontent.com/Xiv2DRMFSKisH4IAqxPt
Ecotour Experiences,ecotourexperiences,info@ecotourexperiences.com,+34 644592104,Spain/Cataluña/Bossòst,0.690676,42.781109,666282,Raquetas de nieve en el Bosque Nordico Còth de Baretja,Hiking,1,63,41,https://fareharbor.com/embeds/calendar/ecotourexperiences/items/666282/?asn=fhdn-eur&asn-ref=alloutdooradventures&ref=alloutdooradventures&bookable-only=yes&full-items=yes&marketplace=yes&flow=no,"<script src=""https://fareharbor.com/embeds/script/calendar/ecotourexperiences/items/666282/?asn=fhdn-eur&asn-ref=alloutdooradventures&ref=alloutdooradventures&bookable-only=yes&full-items=yes&marketplace=yes&flow=no""></script>",https://fareharbor.com/embeds/book/ecotourexperiences/items/666282/?asn=fhdn-eur&asn-ref=alloutdooradventures&ref=alloutdooradventures&bookable-only=yes&full-items=yes&marketplace=yes&flow=no,https://cdn.filestackcontent.com/7mUC6NKoS2a6YkSqOYi3
Ecotour Experiences,ecotourexperiences,info@ecotourexperiences.com,+34 644592104,Spain/Aragón/Montanuy,0.747684,42.552157,666284,Raquetas de Nieve a los Ibones de Anglios,Hiking,1,63,41,https://fareharbor.com/embeds/calendar/ecotourexperiences/items/666284/?asn=fhdn-eur&asn-ref=alloutdooradventures&ref=alloutdooradventures&bookable-only=yes&full-items=yes&marketplace=yes&flow=no,"<script src=""https://fareharbor.com/embeds/script/calendar/ecotourexperiences/items/666284/?asn=fhdn-eur&asn-ref=alloutdooradventures&ref=alloutdooradventures&bookable-only=yes&full-items=yes&marketplace=yes&flow=no""></script>",https://fareharbor.com/embeds/book/ecotourexperiences/items/666284/?asn=fhdn-eur&asn-ref=alloutdooradventures&ref=alloutdooradventures&bookable-only=yes&full-items=yes&marketplace=yes&flow=no,https://cdn.filestackcontent.com/5Qat7JDcSLep64VUpWfI
Montefusco Cycling,roadcycling,claudio@roadcycling.barcelona,+34 607 51 57 82,Spain/Catalonia/Barcelona,2.168568,41.387397,75179,Hills and More Hills - Leading North Barcelona,Bike Tour,5,62,177,https://fareharbor.com/embeds/calendar/roadcycling/items/75179/?asn=fhdn-eur&asn-ref=alloutdooradventures&ref=alloutdooradventures&bookable-only=yes&full-items=yes&marketplace=yes&flow=no,"<script src=""https://fareharbor.com/embeds/script/calendar/roadcycling/items/75179/?asn=fhdn-eur&asn-ref=alloutdooradventures&ref=alloutdooradventures&bookable-only=yes&full-items=yes&marketplace=yes&flow=no""></script>",https://fareharbor.com/embeds/book/roadcycling/items/75179/?asn=fhdn-eur&asn-ref=alloutdooradventures&ref=alloutdooradventures&bookable-only=yes&full-items=yes&marketplace=yes&flow=no,https://cdn.filestackcontent.com/PTZM82W9Qg6JS2uYR2oJ
Smile & Ride,smileandride,info@smileandride.com,+39 375 5617631,Italy/Toscana/Pisa,,,147206,La via dell'acquedotto Tour con App + Itinerario,Bike Tour,2,62,815,https://fareharbor.com/embeds/calendar/smileandride/items/147206/?asn=fhdn-eur&asn-ref=alloutdooradventures&ref=alloutdooradventures&bookable-only=yes&full-items=yes&marketplace=yes&flow=no,"<script src=""https://fareharbor.com/embeds/script/calendar/smileandride/items/147206/?asn=fhdn-eur&asn-ref=alloutdooradventures&ref=alloutdooradventures&bookable-only=yes&full-items=yes&marketplace=yes&flow=no""></script>",https://fareharbor.com/embeds/book/smileandride/items/147206/?asn=fhdn-eur&asn-ref=alloutdooradventures&ref=alloutdooradventures&bookable-only=yes&full-items=yes&marketplace=yes&flow=no,https://cdn.filestackcontent.com/IgAZUjRdRdSVeur8vMdR
Smile & Ride,smileandride,info@smileandride.com,+39 375 5617631,Italy/Toscana/Pisa,,,147217,Tandem Experience - Tour con App+Itinerario,Bike Tour,2,62,489,https://fareharbor.com/embeds/calendar/smileandride/items/147217/?asn=fhdn-eur&asn-ref=alloutdooradventures&ref=alloutdooradventures&bookable-only=yes&full-items=yes&marketplace=yes&flow=no,"<script src=""https://fareharbor.com/embeds/script/calendar/smileandride/items/147217/?asn=fhdn-eur&asn-ref=alloutdooradventures&ref=alloutdooradventures&bookable-only=yes&full-items=yes&marketplace=yes&flow=no""></script>",https://fareharbor.com/embeds/book/smileandride/items/147217/?asn=fhdn-eur&asn-ref=alloutdooradventures&ref=alloutdooradventures&bookable-only=yes&full-items=yes&marketplace=yes&flow=no,https://cdn.filestackcontent.com/kWVSu7wgSNyjN9BQsFU0
Smile & Ride,smileandride,info@smileandride.com,+39 375 5617631,Italy/Toscana/Pisa,,,147222,Monte Serra in bici da corsa - Tour con App + Itinerario,Bike Tour,2,62,489,https://fareharbor.com/embeds/calendar/smileandride/items/147222/?asn=fhdn-eur&asn-ref=alloutdooradventures&ref=alloutdooradventures&bookable-only=yes&full-items=yes&marketplace=yes&flow=no,"<script src=""https://fareharbor.com/embeds/script/calendar/smileandride/items/147222/?asn=fhdn-eur&asn-ref=alloutdooradventures&ref=alloutdooradventures&bookable-only=yes&full-items=yes&marketplace=yes&flow=no""></script>",https://fareharbor.com/embeds/book/smileandride/items/147222/?asn=fhdn-eur&asn-ref=alloutdooradventures&ref=alloutdooradventures&bookable-only=yes&full-items=yes&marketplace=yes&flow=no,https://cdn.filestackcontent.com/T4cVfAfcTjWEt8m1rJSE
Unisub Estartit SL,unisub,info@unisub.es,+34972751768,Spain/Catalunya/L'Estartit,,,588266,Inmersión en la Costa del Montgrí con guía,Scuba-Water Activities,1,62,0,https://fareharbor.com/embeds/calendar/unisub/items/588266/?asn=fhdn-eur&asn-ref=alloutdooradventures&ref=alloutdooradventures&bookable-only=yes&full-items=yes&marketplace=yes&flow=no,"<script src=""https://fareharbor.com/embeds/script/calendar/unisub/items/588266/?asn=fhdn-eur&asn-ref=alloutdooradventures&ref=alloutdooradventures&bookable-only=yes&full-items=yes&marketplace=yes&flow=no""></script>",https://fareharbor.com/embeds/book/unisub/items/588266/?asn=fhdn-eur&asn-ref=alloutdooradventures&ref=alloutdooradventures&bookable-only=yes&full-items=yes&marketplace=yes&flow=no,https://cdn.filestackcontent.com/Sv3XbQNhTgeh4RvqJnPD
"One Life, Hike it",jkerr,jamie@jkerr.net,+34 612 562 545,Spain/Catalunya/Caldes de Malavella,2.801056,41.840767,261556,Hiking Day Tour Pyrenees Mountains,Hiking-Walking Tour,4,61,180,https://fareharbor.com/embeds/calendar/jkerr/items/261556/?asn=fhdn-eur&asn-ref=alloutdooradventures&ref=alloutdooradventures&bookable-only=yes&full-items=yes&marketplace=yes&flow=no,"<script src=""https://fareharbor.com/embeds/script/calendar/jkerr/items/261556/?asn=fhdn-eur&asn-ref=alloutdooradventures&ref=alloutdooradventures&bookable-only=yes&full-items=yes&marketplace=yes&flow=no""></script>",https://fareharbor.com/embeds/book/jkerr/items/261556/?asn=fhdn-eur&asn-ref=alloutdooradventures&ref=alloutdooradventures&bookable-only=yes&full-items=yes&marketplace=yes&flow=no,https://cdn.filestackcontent.com/2d7Ua6uDRVOPerPvSKdP
TurmX,turmx,info@turmx.de,+49172 585 00 55,Germany/Nordrhein-Westfalen/Brühl,6.903199,50.838444,414092,House Running,Climbing,2,61,395,https://fareharbor.com/embeds/calendar/turmx/items/414092/?asn=fhdn-eur&asn-ref=alloutdooradventures&ref=alloutdooradventures&bookable-only=yes&full-items=yes&marketplace=yes&flow=no,"<script src=""https://fareharbor.com/embeds/script/calendar/turmx/items/414092/?asn=fhdn-eur&asn-ref=alloutdooradventures&ref=alloutdooradventures&bookable-only=yes&full-items=yes&marketplace=yes&flow=no""></script>",https://fareharbor.com/embeds/book/turmx/items/414092/?asn=fhdn-eur&asn-ref=alloutdooradventures&ref=alloutdooradventures&bookable-only=yes&full-items=yes&marketplace=yes&flow=no,https://cdn.filestackcontent.com/N2W7tjZRlyReoPj8Yghe
Unisub Estartit SL,unisub,info@unisub.es,+34972751768,Spain/Catalunya/L'Estartit,,,588289,Curso PADI Open Water (Nivel 1),Scuba-Water Activities,1,61,0,https://fareharbor.com/embeds/calendar/unisub/items/588289/?asn=fhdn-eur&asn-ref=alloutdooradventures&ref=alloutdooradventures&bookable-only=yes&full-items=yes&marketplace=yes&flow=no,"<script src=""https://fareharbor.com/embeds/script/calendar/unisub/items/588289/?asn=fhdn-eur&asn-ref=alloutdooradventures&ref=alloutdooradventures&bookable-only=yes&full-items=yes&marketplace=yes&flow=no""></script>",https://fareharbor.com/embeds/book/unisub/items/588289/?asn=fhdn-eur&asn-ref=alloutdooradventures&ref=alloutdooradventures&bookable-only=yes&full-items=yes&marketplace=yes&flow=no,https://cdn.filestackcontent.com/jbSYeTqaRNmJJISetZgo
Unisub Estartit SL,unisub,info@unisub.es,+34972751768,Spain/Catalunya/L'Estartit,,,588364,Curso PADI Freediver Basic (Nivel 1),Scuba-Water Activities,1,61,0,https://fareharbor.com/embeds/calendar/unisub/items/588364/?asn=fhdn-eur&asn-ref=alloutdooradventures&ref=alloutdooradventures&bookable-only=yes&full-items=yes&marketplace=yes&flow=no,"<script src=""https://fareharbor.com/embeds/script/calendar/unisub/items/588364/?asn=fhdn-eur&asn-ref=alloutdooradventures&ref=alloutdooradventures&bookable-only=yes&full-items=yes&marketplace=yes&flow=no""></script>",https://fareharbor.com/embeds/book/unisub/items/588364/?asn=fhdn-eur&asn-ref=alloutdooradventures&ref=alloutdooradventures&bookable-only=yes&full-items=yes&marketplace=yes&flow=no,https://cdn.filestackcontent.com/hGqpFASp2T8spSsYGzvQ
Arbaspaa,arbaspaa,info@arbaspaa.com,+39 0187 760083,Italy/Liguria/Manarola,9.728488,44.106843,131251,Self guided hiking package,Hiking-Walking Tour,0,60,0,https://fareharbor.com/embeds/calendar/arbaspaa/items/131251/?asn=fhdn-eur&asn-ref=alloutdooradventures&ref=alloutdooradventures&bookable-only=yes&full-items=yes&marketplace=yes&flow=no,"<script src=""https://fareharbor.com/embeds/script/calendar/arbaspaa/items/131251/?asn=fhdn-eur&asn-ref=alloutdooradventures&ref=alloutdooradventures&bookable-only=yes&full-items=yes&marketplace=yes&flow=no""></script>",https://fareharbor.com/embeds/book/arbaspaa/items/131251/?asn=fhdn-eur&asn-ref=alloutdooradventures&ref=alloutdooradventures&bookable-only=yes&full-items=yes&marketplace=yes&flow=no,https://cdn.filestackcontent.com/DOlxOftRQAuWgIQcHhaJ
Epicureo.it,epicureo-it,info@epicureo.it,+39 3384270608,Italy/Campania/Pianillo,14.540178,40.6301,550705,Escursione privata al Sentiero degli Dei,Hiking,5,60,0,https://fareharbor.com/embeds/calendar/epicureo-it/items/550705/?asn=fhdn-eur&asn-ref=alloutdooradventures&ref=alloutdooradventures&bookable-only=yes&full-items=yes&marketplace=yes&flow=no,"<script src=""https://fareharbor.com/embeds/script/calendar/epicureo-it/items/550705/?asn=fhdn-eur&asn-ref=alloutdooradventures&ref=alloutdooradventures&bookable-only=yes&full-items=yes&marketplace=yes&flow=no""></script>",https://fareharbor.com/embeds/book/epicureo-it/items/550705/?asn=fhdn-eur&asn-ref=alloutdooradventures&ref=alloutdooradventures&bookable-only=yes&full-items=yes&marketplace=yes&flow=no,https://cdn.filestackcontent.com/aFtLi5vJRIWAghRf5ven
Epicureo.it,epicureo-it,info@epicureo.it,+39 3384270608,Italy/Campania/Sorrento,14.375302,40.628921,550712,Escursione privata a Capri,Hiking,4,60,0,https://fareharbor.com/embeds/calendar/epicureo-it/items/550712/?asn=fhdn-eur&asn-ref=alloutdooradventures&ref=alloutdooradventures&bookable-only=yes&full-items=yes&marketplace=yes&flow=no,"<script src=""https://fareharbor.com/embeds/script/calendar/epicureo-it/items/550712/?asn=fhdn-eur&asn-ref=alloutdooradventures&ref=alloutdooradventures&bookable-only=yes&full-items=yes&marketplace=yes&flow=no""></script>",https://fareharbor.com/embeds/book/epicureo-it/items/550712/?asn=fhdn-eur&asn-ref=alloutdooradventures&ref=alloutdooradventures&bookable-only=yes&full-items=yes&marketplace=yes&flow=no,https://cdn.filestackcontent.com/zSxfH51LQAfr54ozDUyW
Epicureo.it,epicureo-it,info@epicureo.it,+39 3384270608,Italy/Campania/Pontone,14.603612,40.642749,550715,Escursione privata alla Valle delle Ferriere di Amalfi,Hiking,6,60,0,https://fareharbor.com/embeds/calendar/epicureo-it/items/550715/?asn=fhdn-eur&asn-ref=alloutdooradventures&ref=alloutdooradventures&bookable-only=yes&full-items=yes&marketplace=yes&flow=no,"<script src=""https://fareharbor.com/embeds/script/calendar/epicureo-it/items/550715/?asn=fhdn-eur&asn-ref=alloutdooradventures&ref=alloutdooradventures&bookable-only=yes&full-items=yes&marketplace=yes&flow=no""></script>",https://fareharbor.com/embeds/book/epicureo-it/items/550715/?asn=fhdn-eur&asn-ref=alloutdooradventures&ref=alloutdooradventures&bookable-only=yes&full-items=yes&marketplace=yes&flow=no,https://cdn.filestackcontent.com/MNWgpgK1SEG16Fr0v8h2
Minicrociere Toscana,minicrocieretoscana,crociere@maregiglio.it,390564809309,Italy/Toscana/Porto Santo Stefano,,,589081,Giro dell'Isola del Giglio con snorkeling,Boat Tour-Snorkel-Water Activities,1,60,0,https://fareharbor.com/embeds/calendar/minicrocieretoscana/items/589081/?asn=fhdn-eur&asn-ref=alloutdooradventures&ref=alloutdooradventures&bookable-only=yes&full-items=yes&marketplace=yes&flow=no,"<script src=""https://fareharbor.com/embeds/script/calendar/minicrocieretoscana/items/589081/?asn=fhdn-eur&asn-ref=alloutdooradventures&ref=alloutdooradventures&bookable-only=yes&full-items=yes&marketplace=yes&flow=no""></script>",https://fareharbor.com/embeds/book/minicrocieretoscana/items/589081/?asn=fhdn-eur&asn-ref=alloutdooradventures&ref=alloutdooradventures&bookable-only=yes&full-items=yes&marketplace=yes&flow=no,https://cdn.filestackcontent.com/oPwMUTP8T1yDp0IOQJmU
Le Haras des Ouches,harasdesouches,contactcemedicis@gmail.com,+33671466357,France/Nouvelle-Aquitaine/Roiffé,,,236833,Stage d'équitation Enfants et Ados,Horse,1,59,128,https://fareharbor.com/embeds/calendar/harasdesouches/items/236833/?asn=fhdn-eur&asn-ref=alloutdooradventures&ref=alloutdooradventures&bookable-only=yes&full-items=yes&marketplace=yes&flow=no,"<script src=""https://fareharbor.com/embeds/script/calendar/harasdesouches/items/236833/?asn=fhdn-eur&asn-ref=alloutdooradventures&ref=alloutdooradventures&bookable-only=yes&full-items=yes&marketplace=yes&flow=no""></script>",https://fareharbor.com/embeds/book/harasdesouches/items/236833/?asn=fhdn-eur&asn-ref=alloutdooradventures&ref=alloutdooradventures&bookable-only=yes&full-items=yes&marketplace=yes&flow=no,https://cdn.filestackcontent.com/5ilgwjq0S6NYai8vuNCi
Colonia Aktiv,colonia-aktiv,info@colonia-aktiv.de,0049 22134669557,Germany/Nordrhein-Westfalen/Köln,6.95579,50.9492,437304,"E-Bike Tour Köln ""Panorama"" (Englisch)",Bike Tour-City Tour-E-Bike,1,59,36,https://fareharbor.com/embeds/calendar/colonia-aktiv/items/437304/?asn=fhdn-eur&asn-ref=alloutdooradventures&ref=alloutdooradventures&bookable-only=yes&full-items=yes&marketplace=yes&flow=no,"<script src=""https://fareharbor.com/embeds/script/calendar/colonia-aktiv/items/437304/?asn=fhdn-eur&asn-ref=alloutdooradventures&ref=alloutdooradventures&bookable-only=yes&full-items=yes&marketplace=yes&flow=no""></script>",https://fareharbor.com/embeds/book/colonia-aktiv/items/437304/?asn=fhdn-eur&asn-ref=alloutdooradventures&ref=alloutdooradventures&bookable-only=yes&full-items=yes&marketplace=yes&flow=no,https://cdn.filestackcontent.com/RLYUyRs0SF6Uek05kSPl
Viladellops Vinicola S.L.,viladellops,info@viladellops.com,+34 938 188 371,Spain/Catalunya/Viladellops,,,551838,Vineyard Safari in 4×4,Jeep-Winery,1,59,384,https://fareharbor.com/embeds/calendar/viladellops/items/551838/?asn=fhdn-eur&asn-ref=alloutdooradventures&ref=alloutdooradventures&bookable-only=yes&full-items=yes&marketplace=yes&flow=no,"<script src=""https://fareharbor.com/embeds/script/calendar/viladellops/items/551838/?asn=fhdn-eur&asn-ref=alloutdooradventures&ref=alloutdooradventures&bookable-only=yes&full-items=yes&marketplace=yes&flow=no""></script>",https://fareharbor.com/embeds/book/viladellops/items/551838/?asn=fhdn-eur&asn-ref=alloutdooradventures&ref=alloutdooradventures&bookable-only=yes&full-items=yes&marketplace=yes&flow=no,https://cdn.filestackcontent.com/b2fnEa4OSBezAz49BkIY
Keys of Italy,keysofitaly,tours@keysofitaly.com,+39 342 382 5787,Italy/Toscana/Firenze,,,557818,Etna Adventure with typical lunch: 4x4 tour to discover old craters and caves at 1900mt,Jeep,1,59,180,https://fareharbor.com/embeds/calendar/keysofitaly/items/557818/?asn=fhdn-eur&asn-ref=alloutdooradventures&ref=alloutdooradventures&bookable-only=yes&full-items=yes&marketplace=yes&flow=no,"<script src=""https://fareharbor.com/embeds/script/calendar/keysofitaly/items/557818/?asn=fhdn-eur&asn-ref=alloutdooradventures&ref=alloutdooradventures&bookable-only=yes&full-items=yes&marketplace=yes&flow=no""></script>",https://fareharbor.com/embeds/book/keysofitaly/items/557818/?asn=fhdn-eur&asn-ref=alloutdooradventures&ref=alloutdooradventures&bookable-only=yes&full-items=yes&marketplace=yes&flow=no,https://cdn.filestackcontent.com/t8F5cY3S6qj8m1Ms3Qpt
Karleyth Diving,karleythdiving,info@karleythdiving.co.uk,07375 931692,United Kingdom/England/Ruan High Lanes,-4.919991,50.241492,611415,Guided Shore Dives,Scuba,1,59,179,https://fareharbor.com/embeds/calendar/karleythdiving/items/611415/?asn=fhdn-gbp&asn-ref=alloutdooradventures&ref=alloutdooradventures&bookable-only=yes&full-items=yes&marketplace=yes&flow=no,"<script src=""https://fareharbor.com/embeds/script/calendar/karleythdiving/items/611415/?asn=fhdn-gbp&asn-ref=alloutdooradventures&ref=alloutdooradventures&bookable-only=yes&full-items=yes&marketplace=yes&flow=no""></script>",https://fareharbor.com/embeds/book/karleythdiving/items/611415/?asn=fhdn-gbp&asn-ref=alloutdooradventures&ref=alloutdooradventures&bookable-only=yes&full-items=yes&marketplace=yes&flow=no,https://cdn.filestackcontent.com/FoxkNTZLRdS3tFDbLxRO
Garmisch Alpine Paradise,garmisch-alpine-paradise,garmisch.alpine@gmail.com,+49 152 0393 38,Germany/Bayern/Garmisch-Partenkirchen,,,663089,Hiking in Höllentalklamm & Höllental Upper Valley,Hiking,2,59,0,https://fareharbor.com/embeds/calendar/garmisch-alpine-paradise/items/663089/?asn=fhdn-eur&asn-ref=alloutdooradventures&ref=alloutdooradventures&bookable-only=yes&full-items=yes&marketplace=yes&flow=no,"<script src=""https://fareharbor.com/embeds/script/calendar/garmisch-alpine-paradise/items/663089/?asn=fhdn-eur&asn-ref=alloutdooradventures&ref=alloutdooradventures&bookable-only=yes&full-items=yes&marketplace=yes&flow=no""></script>",https://fareharbor.com/embeds/book/garmisch-alpine-paradise/items/663089/?asn=fhdn-eur&asn-ref=alloutdooradventures&ref=alloutdooradventures&bookable-only=yes&full-items=yes&marketplace=yes&flow=no,https://cdn.filestackcontent.com/Xza3oWm2TjW9yIdoA3MR
Catalan Trails,catalantrails,info@catalantrails.com,+34604175927,Spain/Catalunya/Barcelona,,,117199,Rural Catalonia Hiking Experience & Rupit medieval town,Hiking,1,58,77,https://fareharbor.com/embeds/calendar/catalantrails/items/117199/?asn=fhdn-eur&asn-ref=alloutdooradventures&ref=alloutdooradventures&bookable-only=yes&full-items=yes&marketplace=yes&flow=no,"<script src=""https://fareharbor.com/embeds/script/calendar/catalantrails/items/117199/?asn=fhdn-eur&asn-ref=alloutdooradventures&ref=alloutdooradventures&bookable-only=yes&full-items=yes&marketplace=yes&flow=no""></script>",https://fareharbor.com/embeds/book/catalantrails/items/117199/?asn=fhdn-eur&asn-ref=alloutdooradventures&ref=alloutdooradventures&bookable-only=yes&full-items=yes&marketplace=yes&flow=no,https://cdn.filestackcontent.com/zfniA0d6SjOPcL9CdB5C
All Things Garmisch,allthingsgarmisch,info@allthingsgarmisch.com,+49 8821 9260053,Germany/Bayern/Garmisch-Partenkirchen,,,196056,Horse Carriage Ride and Tour,Carriage-City Tour-Food Tour-History Tour-Horse-Private-Transportation,1,58,180,https://fareharbor.com/embeds/calendar/allthingsgarmisch/items/196056/?asn=fhdn-eur&asn-ref=alloutdooradventures&ref=alloutdooradventures&bookable-only=yes&full-items=yes&marketplace=yes&flow=no,"<script src=""https://fareharbor.com/embeds/script/calendar/allthingsgarmisch/items/196056/?asn=fhdn-eur&asn-ref=alloutdooradventures&ref=alloutdooradventures&bookable-only=yes&full-items=yes&marketplace=yes&flow=no""></script>",https://fareharbor.com/embeds/book/allthingsgarmisch/items/196056/?asn=fhdn-eur&asn-ref=alloutdooradventures&ref=alloutdooradventures&bookable-only=yes&full-items=yes&marketplace=yes&flow=no,https://cdn.filestackcontent.com/tZ0u6lOtQXKG7M7OC8W3
Smile & Ride,smileandride,info@smileandride.com,+39 375 5617631,Italy/Tuscany/Pisa,,,317360,Monopattino Elettrico,Bike Tour,1,58,0,https://fareharbor.com/embeds/calendar/smileandride/items/317360/?asn=fhdn-eur&asn-ref=alloutdooradventures&ref=alloutdooradventures&bookable-only=yes&full-items=yes&marketplace=yes&flow=no,"<script src=""https://fareharbor.com/embeds/script/calendar/smileandride/items/317360/?asn=fhdn-eur&asn-ref=alloutdooradventures&ref=alloutdooradventures&bookable-only=yes&full-items=yes&marketplace=yes&flow=no""></script>",https://fareharbor.com/embeds/book/smileandride/items/317360/?asn=fhdn-eur&asn-ref=alloutdooradventures&ref=alloutdooradventures&bookable-only=yes&full-items=yes&marketplace=yes&flow=no,https://cdn.filestackcontent.com/wrICsZDASDijH1S3Hpv3
Colonia Aktiv,colonia-aktiv,info@colonia-aktiv.de,0049 22134669557,Germany/Nordrhein-Westfalen/Köln,6.95579,50.9492,352819,Streetart Fahrradtour Köln (Englisch),Bike Tour,1,58,24,https://fareharbor.com/embeds/calendar/colonia-aktiv/items/352819/?asn=fhdn-eur&asn-ref=alloutdooradventures&ref=alloutdooradventures&bookable-only=yes&full-items=yes&marketplace=yes&flow=no,"<script src=""https://fareharbor.com/embeds/script/calendar/colonia-aktiv/items/352819/?asn=fhdn-eur&asn-ref=alloutdooradventures&ref=alloutdooradventures&bookable-only=yes&full-items=yes&marketplace=yes&flow=no""></script>",https://fareharbor.com/embeds/book/colonia-aktiv/items/352819/?asn=fhdn-eur&asn-ref=alloutdooradventures&ref=alloutdooradventures&bookable-only=yes&full-items=yes&marketplace=yes&flow=no,https://cdn.filestackcontent.com/PlhtmOM7TPy9dgELUBOv
Rock Solid Coasteering,rocksolidcoasteering,p.austin@mail.com,+447723088292,United Kingdom/England/Maidencombe,,,547004,Small Group Private Tour,Climbing,1,58,535,https://fareharbor.com/embeds/calendar/rocksolidcoasteering/items/547004/?asn=fhdn-gbp&asn-ref=alloutdooradventures&ref=alloutdooradventures&bookable-only=yes&full-items=yes&marketplace=yes&flow=no,"<script src=""https://fareharbor.com/embeds/script/calendar/rocksolidcoasteering/items/547004/?asn=fhdn-gbp&asn-ref=alloutdooradventures&ref=alloutdooradventures&bookable-only=yes&full-items=yes&marketplace=yes&flow=no""></script>",https://fareharbor.com/embeds/book/rocksolidcoasteering/items/547004/?asn=fhdn-gbp&asn-ref=alloutdooradventures&ref=alloutdooradventures&bookable-only=yes&full-items=yes&marketplace=yes&flow=no,https://cdn.filestackcontent.com/mnP42sMxQuP2sjNsz0w6
Smile & Ride,smileandride,info@smileandride.com,+39 375 5617631,Italy/Toscana/Pisa,,,561078,E-Road Bike - 1 Giorno,Bike Tour,1,58,166,https://fareharbor.com/embeds/calendar/smileandride/items/561078/?asn=fhdn-eur&asn-ref=alloutdooradventures&ref=alloutdooradventures&bookable-only=yes&full-items=yes&marketplace=yes&flow=no,"<script src=""https://fareharbor.com/embeds/script/calendar/smileandride/items/561078/?asn=fhdn-eur&asn-ref=alloutdooradventures&ref=alloutdooradventures&bookable-only=yes&full-items=yes&marketplace=yes&flow=no""></script>",https://fareharbor.com/embeds/book/smileandride/items/561078/?asn=fhdn-eur&asn-ref=alloutdooradventures&ref=alloutdooradventures&bookable-only=yes&full-items=yes&marketplace=yes&flow=no,https://cdn.filestackcontent.com/7yULABVFTOKVTyCe193n
Garmisch Alpine Paradise,garmisch-alpine-paradise,garmisch.alpine@gmail.com,+49 152 0393 38,Germany/Bayern/Garmisch-Partenkirchen,,,663101,Customized Alpine Hiking Adventure,Hiking,2,58,0,https://fareharbor.com/embeds/calendar/garmisch-alpine-paradise/items/663101/?asn=fhdn-eur&asn-ref=alloutdooradventures&ref=alloutdooradventures&bookable-only=yes&full-items=yes&marketplace=yes&flow=no,"<script src=""https://fareharbor.com/embeds/script/calendar/garmisch-alpine-paradise/items/663101/?asn=fhdn-eur&asn-ref=alloutdooradventures&ref=alloutdooradventures&bookable-only=yes&full-items=yes&marketplace=yes&flow=no""></script>",https://fareharbor.com/embeds/book/garmisch-alpine-paradise/items/663101/?asn=fhdn-eur&asn-ref=alloutdooradventures&ref=alloutdooradventures&bookable-only=yes&full-items=yes&marketplace=yes&flow=no,https://cdn.filestackcontent.com/04ovj3RmQtWbadRWymCz
Arbaspaa,arbaspaa,info@arbaspaa.com,+39 0187 760083,Italy/Provincia della Spezia/Monterosso al Mare,,,132174,Lunch Boat Tour Cinque Terre from Monterosso,Boat Tour-Food Tour-Sailing-Snorkel,4,57,121,https://fareharbor.com/embeds/calendar/arbaspaa/items/132174/?asn=fhdn-eur&asn-ref=alloutdooradventures&ref=alloutdooradventures&bookable-only=yes&full-items=yes&marketplace=yes&flow=no,"<script src=""https://fareharbor.com/embeds/script/calendar/arbaspaa/items/132174/?asn=fhdn-eur&asn-ref=alloutdooradventures&ref=alloutdooradventures&bookable-only=yes&full-items=yes&marketplace=yes&flow=no""></script>",https://fareharbor.com/embeds/book/arbaspaa/items/132174/?asn=fhdn-eur&asn-ref=alloutdooradventures&ref=alloutdooradventures&bookable-only=yes&full-items=yes&marketplace=yes&flow=no,https://cdn.filestackcontent.com/J8sFV2B5SN4hEU4tVxIo
Tourne,tournebilbao,info@tournebilbao.com,+34 688 749 372,Spain/Euskadi/Bilbo,,,159058,Street-Art Private E-bike Tour,Bike Rental-Bike Tour-City Tour-Events-Private,1,57,0,https://fareharbor.com/embeds/calendar/tournebilbao/items/159058/?asn=fhdn-eur&asn-ref=alloutdooradventures&ref=alloutdooradventures&bookable-only=yes&full-items=yes&marketplace=yes&flow=no,"<script src=""https://fareharbor.com/embeds/script/calendar/tournebilbao/items/159058/?asn=fhdn-eur&asn-ref=alloutdooradventures&ref=alloutdooradventures&bookable-only=yes&full-items=yes&marketplace=yes&flow=no""></script>",https://fareharbor.com/embeds/book/tournebilbao/items/159058/?asn=fhdn-eur&asn-ref=alloutdooradventures&ref=alloutdooradventures&bookable-only=yes&full-items=yes&marketplace=yes&flow=no,https://cdn.filestackcontent.com/kp7kKbUaQxCfH9uFGQNB
Go Local San Sebastián,golocalsansebastian,kaixo@golocalsansebastian.com,+34 943048328,Spain/Euskadi/Donostia,,,183077,Tour Fuerte de San Marcos,Bike Tour,4,57,0,https://fareharbor.com/embeds/calendar/golocalsansebastian/items/183077/?asn=fhdn-eur&asn-ref=alloutdooradventures&ref=alloutdooradventures&bookable-only=yes&full-items=yes&marketplace=yes&flow=no,"<script src=""https://fareharbor.com/embeds/script/calendar/golocalsansebastian/items/183077/?asn=fhdn-eur&asn-ref=alloutdooradventures&ref=alloutdooradventures&bookable-only=yes&full-items=yes&marketplace=yes&flow=no""></script>",https://fareharbor.com/embeds/book/golocalsansebastian/items/183077/?asn=fhdn-eur&asn-ref=alloutdooradventures&ref=alloutdooradventures&bookable-only=yes&full-items=yes&marketplace=yes&flow=no,https://cdn.filestackcontent.com/BVZsyiHZS3WRWO9rI61g
Pollo Diving,pollodiving,stefanotedesco26@gmail.com,+39 348 525 8167,Italy/Sardegna/Porto Pollo,9.328596,41.186022,223653,La Maddalena tour : Escursione Snorkeling Pomeridiana da Porto Pollo,Boat Tour-Dolphin-Free Diving-Photography Tour-Scuba-Snorkel-Water Activities-Wildlife,6,57,92,https://fareharbor.com/embeds/calendar/pollodiving/items/223653/?asn=fhdn-eur&asn-ref=alloutdooradventures&ref=alloutdooradventures&bookable-only=yes&full-items=yes&marketplace=yes&flow=no,"<script src=""https://fareharbor.com/embeds/script/calendar/pollodiving/items/223653/?asn=fhdn-eur&asn-ref=alloutdooradventures&ref=alloutdooradventures&bookable-only=yes&full-items=yes&marketplace=yes&flow=no""></script>",https://fareharbor.com/embeds/book/pollodiving/items/223653/?asn=fhdn-eur&asn-ref=alloutdooradventures&ref=alloutdooradventures&bookable-only=yes&full-items=yes&marketplace=yes&flow=no,https://cdn.filestackcontent.com/m3AmUvgRfyKiLXvFZsXF
Travel & Bike,travelandbike,info@travelandbike.it,+39 335 365 365,Italy/Veneto/Soave,,,523950,Discovering Soave Wine Bike Tour from Venice,Bike Tour-Wine,3,57,0,https://fareharbor.com/embeds/calendar/travelandbike/items/523950/?asn=fhdn-eur&asn-ref=alloutdooradventures&ref=alloutdooradventures&bookable-only=yes&full-items=yes&marketplace=yes&flow=no,"<script src=""https://fareharbor.com/embeds/script/calendar/travelandbike/items/523950/?asn=fhdn-eur&asn-ref=alloutdooradventures&ref=alloutdooradventures&bookable-only=yes&full-items=yes&marketplace=yes&flow=no""></script>",https://fareharbor.com/embeds/book/travelandbike/items/523950/?asn=fhdn-eur&asn-ref=alloutdooradventures&ref=alloutdooradventures&bookable-only=yes&full-items=yes&marketplace=yes&flow=no,https://cdn.filestackcontent.com/bJahDOzS7kr7s6Uux9fw
Toscana Adventure Team,tateam,info@tateam.it,0039 347 8974708,Italy/Toscana/Vaiano,11.126955,43.959552,540492,Rio Buti Inferiore,Climbing,4,57,183,https://fareharbor.com/embeds/calendar/tateam/items/540492/?asn=fhdn-eur&asn-ref=alloutdooradventures&ref=alloutdooradventures&bookable-only=yes&full-items=yes&marketplace=yes&flow=no,"<script src=""https://fareharbor.com/embeds/script/calendar/tateam/items/540492/?asn=fhdn-eur&asn-ref=alloutdooradventures&ref=alloutdooradventures&bookable-only=yes&full-items=yes&marketplace=yes&flow=no""></script>",https://fareharbor.com/embeds/book/tateam/items/540492/?asn=fhdn-eur&asn-ref=alloutdooradventures&ref=alloutdooradventures&bookable-only=yes&full-items=yes&marketplace=yes&flow=no,https://cdn.filestackcontent.com/2YDmYhM7Rvur0BrlH6wu
Epicureo.it,epicureo-it,info@epicureo.it,+39 3384270608,Italy/Campania/Termini,14.340143,40.5904,550689,Escursione privata a Punta Campanella,Hiking,4,57,0,https://fareharbor.com/embeds/calendar/epicureo-it/items/550689/?asn=fhdn-eur&asn-ref=alloutdooradventures&ref=alloutdooradventures&bookable-only=yes&full-items=yes&marketplace=yes&flow=no,"<script src=""https://fareharbor.com/embeds/script/calendar/epicureo-it/items/550689/?asn=fhdn-eur&asn-ref=alloutdooradventures&ref=alloutdooradventures&bookable-only=yes&full-items=yes&marketplace=yes&flow=no""></script>",https://fareharbor.com/embeds/book/epicureo-it/items/550689/?asn=fhdn-eur&asn-ref=alloutdooradventures&ref=alloutdooradventures&bookable-only=yes&full-items=yes&marketplace=yes&flow=no,https://cdn.filestackcontent.com/1aH92nsWTLeQRQMF5Qm5
Epicureo.it,epicureo-it,info@epicureo.it,+39 3384270608,Italy/Campania/Ravello,14.611648,40.649182,550691,Escursione privata al Sentiero dei Limoni,Hiking,4,57,0,https://fareharbor.com/embeds/calendar/epicureo-it/items/550691/?asn=fhdn-eur&asn-ref=alloutdooradventures&ref=alloutdooradventures&bookable-only=yes&full-items=yes&marketplace=yes&flow=no,"<script src=""https://fareharbor.com/embeds/script/calendar/epicureo-it/items/550691/?asn=fhdn-eur&asn-ref=alloutdooradventures&ref=alloutdooradventures&bookable-only=yes&full-items=yes&marketplace=yes&flow=no""></script>",https://fareharbor.com/embeds/book/epicureo-it/items/550691/?asn=fhdn-eur&asn-ref=alloutdooradventures&ref=alloutdooradventures&bookable-only=yes&full-items=yes&marketplace=yes&flow=no,https://cdn.filestackcontent.com/og5bxrEETHuBQmyXGixG
Epicureo.it,epicureo-it,info@epicureo.it,+39 3384270608,Italy/Campania/Nerano,14.347482,40.586235,550707,Escursione privata alla Baia di Ieranto,Hiking,4,57,0,https://fareharbor.com/embeds/calendar/epicureo-it/items/550707/?asn=fhdn-eur&asn-ref=alloutdooradventures&ref=alloutdooradventures&bookable-only=yes&full-items=yes&marketplace=yes&flow=no,"<script src=""https://fareharbor.com/embeds/script/calendar/epicureo-it/items/550707/?asn=fhdn-eur&asn-ref=alloutdooradventures&ref=alloutdooradventures&bookable-only=yes&full-items=yes&marketplace=yes&flow=no""></script>",https://fareharbor.com/embeds/book/epicureo-it/items/550707/?asn=fhdn-eur&asn-ref=alloutdooradventures&ref=alloutdooradventures&bookable-only=yes&full-items=yes&marketplace=yes&flow=no,https://cdn.filestackcontent.com/dZ8luORXjMOsTcxKsvgX
Arbaspaa,arbaspaa,info@arbaspaa.com,+39 0187 760083,Italy/Liguria/Manarola,9.728488,44.106843,166574,Night hiking: from Corniglia to Manarola- Private experience,Hiking-Water Activities,3,56,0,https://fareharbor.com/embeds/calendar/arbaspaa/items/166574/?asn=fhdn-eur&asn-ref=alloutdooradventures&ref=alloutdooradventures&bookable-only=yes&full-items=yes&marketplace=yes&flow=no,"<script src=""https://fareharbor.com/embeds/script/calendar/arbaspaa/items/166574/?asn=fhdn-eur&asn-ref=alloutdooradventures&ref=alloutdooradventures&bookable-only=yes&full-items=yes&marketplace=yes&flow=no""></script>",https://fareharbor.com/embeds/book/arbaspaa/items/166574/?asn=fhdn-eur&asn-ref=alloutdooradventures&ref=alloutdooradventures&bookable-only=yes&full-items=yes&marketplace=yes&flow=no,https://cdn.filestackcontent.com/1yZtLZDTxGCm6yrwyCKH
Bologna Tour,bolognatour,info@bolognatour.eu,+39 3920060314,Italy/Campania/Marina Grande,14.242205,40.555702,230757,Positano and Amalfi Coast Private Boat Tour,Boat Tour-Food Tour-Private-Sailing-Snorkel,3,56,0,https://fareharbor.com/embeds/calendar/bolognatour/items/230757/?asn=fhdn-eur&asn-ref=alloutdooradventures&ref=alloutdooradventures&bookable-only=yes&full-items=yes&marketplace=yes&flow=no,"<script src=""https://fareharbor.com/embeds/script/calendar/bolognatour/items/230757/?asn=fhdn-eur&asn-ref=alloutdooradventures&ref=alloutdooradventures&bookable-only=yes&full-items=yes&marketplace=yes&flow=no""></script>",https://fareharbor.com/embeds/book/bolognatour/items/230757/?asn=fhdn-eur&asn-ref=alloutdooradventures&ref=alloutdooradventures&bookable-only=yes&full-items=yes&marketplace=yes&flow=no,https://cdn.filestackcontent.com/P5b3ByFaTpi2Kcy84r05
Barcelone à vélo,barcelonavelo,info@barcelonavelo.com,+34 666 531 536,Spain/Catalonia/Barcelona,,,261987,Visite SUR-MESURE,Bike Tour,3,56,0,https://fareharbor.com/embeds/calendar/barcelonavelo/items/261987/?asn=fhdn-eur&asn-ref=alloutdooradventures&ref=alloutdooradventures&bookable-only=yes&full-items=yes&marketplace=yes&flow=no,"<script src=""https://fareharbor.com/embeds/script/calendar/barcelonavelo/items/261987/?asn=fhdn-eur&asn-ref=alloutdooradventures&ref=alloutdooradventures&bookable-only=yes&full-items=yes&marketplace=yes&flow=no""></script>",https://fareharbor.com/embeds/book/barcelonavelo/items/261987/?asn=fhdn-eur&asn-ref=alloutdooradventures&ref=alloutdooradventures&bookable-only=yes&full-items=yes&marketplace=yes&flow=no,https://cdn.filestackcontent.com/L2bhrjsTAW6AKNB7HS6A
Maverick Boat Adventures,maverickboatadventures,info@maverickboatadventures.com,+44 7411 563849,United Kingdom/England/Seaford,0.092502,50.775,416474,River Ouse To Lewes E-bike Tour 3 Hours,Bike Tour-Brewery-E-Bike,1,56,0,https://fareharbor.com/embeds/calendar/maverickboatadventures/items/416474/?asn=fhdn-gbp&asn-ref=alloutdooradventures&ref=alloutdooradventures&bookable-only=yes&full-items=yes&marketplace=yes&flow=no,"<script src=""https://fareharbor.com/embeds/script/calendar/maverickboatadventures/items/416474/?asn=fhdn-gbp&asn-ref=alloutdooradventures&ref=alloutdooradventures&bookable-only=yes&full-items=yes&marketplace=yes&flow=no""></script>",https://fareharbor.com/embeds/book/maverickboatadventures/items/416474/?asn=fhdn-gbp&asn-ref=alloutdooradventures&ref=alloutdooradventures&bookable-only=yes&full-items=yes&marketplace=yes&flow=no,https://cdn.filestackcontent.com/7pz12CfSGytQbjAZ49IQ
Kanuuh,kanuuh,info@kanuuh.de,+49 08421 /2110,Germany/Bayern/Solnhofen,10.991021,48.89335,631668,2 Tagestour Solnhofen-Eichstätt,Boat Rental-Boat Tour-Canoe-Self-Guided Tour-Water Activities,1,56,625,https://fareharbor.com/embeds/calendar/kanuuh/items/631668/?asn=fhdn-eur&asn-ref=alloutdooradventures&ref=alloutdooradventures&bookable-only=yes&full-items=yes&marketplace=yes&flow=no,"<script src=""https://fareharbor.com/embeds/script/calendar/kanuuh/items/631668/?asn=fhdn-eur&asn-ref=alloutdooradventures&ref=alloutdooradventures&bookable-only=yes&full-items=yes&marketplace=yes&flow=no""></script>",https://fareharbor.com/embeds/book/kanuuh/items/631668/?asn=fhdn-eur&asn-ref=alloutdooradventures&ref=alloutdooradventures&bookable-only=yes&full-items=yes&marketplace=yes&flow=no,https://cdn.filestackcontent.com/SENVyeCbTPSQikAlUZEM
While in Como Srls,whileincomo,ruggero.fondi@gmail.com,+393337524438,Italy/Lombardia/Albese Con Cassano,9.167012,45.795779,652282,Lake Como Hiking Tour - One Night Camp,Hiking,1,56,180,https://fareharbor.com/embeds/calendar/whileincomo/items/652282/?asn=fhdn-eur&asn-ref=alloutdooradventures&ref=alloutdooradventures&bookable-only=yes&full-items=yes&marketplace=yes&flow=no,"<script src=""https://fareharbor.com/embeds/script/calendar/whileincomo/items/652282/?asn=fhdn-eur&asn-ref=alloutdooradventures&ref=alloutdooradventures&bookable-only=yes&full-items=yes&marketplace=yes&flow=no""></script>",https://fareharbor.com/embeds/book/whileincomo/items/652282/?asn=fhdn-eur&asn-ref=alloutdooradventures&ref=alloutdooradventures&bookable-only=yes&full-items=yes&marketplace=yes&flow=no,https://cdn.filestackcontent.com/jPslCjKZR2SkCZrerSzY
Rock And Rapid Adventures,rockandrapidadventures,info@rockandrapidadventures.co.uk,01769 309003,United Kingdom/England/South Molton,,,671358,4 Week NICAS Bouldering Level 1 Course,Climbing-Workshop,1,56,0,https://fareharbor.com/embeds/calendar/rockandrapidadventures/items/671358/?asn=fhdn-gbp&asn-ref=alloutdooradventures&ref=alloutdooradventures&bookable-only=yes&full-items=yes&marketplace=yes&flow=no,"<script src=""https://fareharbor.com/embeds/script/calendar/rockandrapidadventures/items/671358/?asn=fhdn-gbp&asn-ref=alloutdooradventures&ref=alloutdooradventures&bookable-only=yes&full-items=yes&marketplace=yes&flow=no""></script>",https://fareharbor.com/embeds/book/rockandrapidadventures/items/671358/?asn=fhdn-gbp&asn-ref=alloutdooradventures&ref=alloutdooradventures&bookable-only=yes&full-items=yes&marketplace=yes&flow=no,https://cdn.filestackcontent.com/qR65NQ3TAK9yxIMfi8TQ
Montefusco Cycling,roadcycling,claudio@roadcycling.barcelona,+34 607 51 57 82,Spain/Catalunya/Barcelona,,,75166,The Vineyards and Wineries Tour of Penedes - Barcelona,Bike Tour,11,55,163,https://fareharbor.com/embeds/calendar/roadcycling/items/75166/?asn=fhdn-eur&asn-ref=alloutdooradventures&ref=alloutdooradventures&bookable-only=yes&full-items=yes&marketplace=yes&flow=no,"<script src=""https://fareharbor.com/embeds/script/calendar/roadcycling/items/75166/?asn=fhdn-eur&asn-ref=alloutdooradventures&ref=alloutdooradventures&bookable-only=yes&full-items=yes&marketplace=yes&flow=no""></script>",https://fareharbor.com/embeds/book/roadcycling/items/75166/?asn=fhdn-eur&asn-ref=alloutdooradventures&ref=alloutdooradventures&bookable-only=yes&full-items=yes&marketplace=yes&flow=no,https://cdn.filestackcontent.com/auJh0c59TyOxHsiWioMV
Montefusco Cycling,roadcycling,claudio@roadcycling.barcelona,+34 607 51 57 82,Spain/Catalunya/Barcelona,,,75175,The Solitaire Roads Tour of Sitges - Barcelona,Bike Tour,9,55,167,https://fareharbor.com/embeds/calendar/roadcycling/items/75175/?asn=fhdn-eur&asn-ref=alloutdooradventures&ref=alloutdooradventures&bookable-only=yes&full-items=yes&marketplace=yes&flow=no,"<script src=""https://fareharbor.com/embeds/script/calendar/roadcycling/items/75175/?asn=fhdn-eur&asn-ref=alloutdooradventures&ref=alloutdooradventures&bookable-only=yes&full-items=yes&marketplace=yes&flow=no""></script>",https://fareharbor.com/embeds/book/roadcycling/items/75175/?asn=fhdn-eur&asn-ref=alloutdooradventures&ref=alloutdooradventures&bookable-only=yes&full-items=yes&marketplace=yes&flow=no,https://cdn.filestackcontent.com/pih904tfQgaLB5fLkd6v
Catalan Trails,catalantrails,info@catalantrails.com,+34604175927,Spain/Catalunya/Barcelona,,,117194,Medieval Villages & La Garrotxa Volcanic Zone Hiking,Hiking,0,55,74,https://fareharbor.com/embeds/calendar/catalantrails/items/117194/?asn=fhdn-eur&asn-ref=alloutdooradventures&ref=alloutdooradventures&bookable-only=yes&full-items=yes&marketplace=yes&flow=no,"<script src=""https://fareharbor.com/embeds/script/calendar/catalantrails/items/117194/?asn=fhdn-eur&asn-ref=alloutdooradventures&ref=alloutdooradventures&bookable-only=yes&full-items=yes&marketplace=yes&flow=no""></script>",https://fareharbor.com/embeds/book/catalantrails/items/117194/?asn=fhdn-eur&asn-ref=alloutdooradventures&ref=alloutdooradventures&bookable-only=yes&full-items=yes&marketplace=yes&flow=no,https://cdn.filestackcontent.com/jPXOxlORQzyEpdfx35PA
Tour Me Out,tourme-out,info@tmo.com.es,+34 691 69 88 84,Spain/Catalunya/Barcelona,2.175274,41.380052,135871,Private Tour to Montserrat,Hiking-History Tour-Private,1,55,0,https://fareharbor.com/embeds/calendar/tourme-out/items/135871/?asn=fhdn-eur&asn-ref=alloutdooradventures&ref=alloutdooradventures&bookable-only=yes&full-items=yes&marketplace=yes&flow=no,"<script src=""https://fareharbor.com/embeds/script/calendar/tourme-out/items/135871/?asn=fhdn-eur&asn-ref=alloutdooradventures&ref=alloutdooradventures&bookable-only=yes&full-items=yes&marketplace=yes&flow=no""></script>",https://fareharbor.com/embeds/book/tourme-out/items/135871/?asn=fhdn-eur&asn-ref=alloutdooradventures&ref=alloutdooradventures&bookable-only=yes&full-items=yes&marketplace=yes&flow=no,https://cdn.filestackcontent.com/F2jIaMjrQimlZUL4Ruw8
Arbaspaa,arbaspaa,info@arbaspaa.com,+39 0187 760083,Italy/Liguria/Manarola,,,143348,"Hiking Tour to San Fruttuoso, Full day Private Experience",Boat Tour-Ferry-Wellness-Hiking-Transfer-Private-Wine,0,55,0,https://fareharbor.com/embeds/calendar/arbaspaa/items/143348/?asn=fhdn-eur&asn-ref=alloutdooradventures&ref=alloutdooradventures&bookable-only=yes&full-items=yes&marketplace=yes&flow=no,"<script src=""https://fareharbor.com/embeds/script/calendar/arbaspaa/items/143348/?asn=fhdn-eur&asn-ref=alloutdooradventures&ref=alloutdooradventures&bookable-only=yes&full-items=yes&marketplace=yes&flow=no""></script>",https://fareharbor.com/embeds/book/arbaspaa/items/143348/?asn=fhdn-eur&asn-ref=alloutdooradventures&ref=alloutdooradventures&bookable-only=yes&full-items=yes&marketplace=yes&flow=no,https://cdn.filestackcontent.com/QIkhOQ7aRsi76Z0L3jQb
Unique Tours,uniquetours,hello@uniquetours.com,+34 699 393 249,Spain/Catalunya/Barcelona,,,246005,From Barcelona: Montserrat Monastery & Scenic Mountain Hike,Guided Tour-Hiking-Walking Tour,9,55,177,https://fareharbor.com/embeds/calendar/uniquetours/items/246005/?asn=fhdn-eur&asn-ref=alloutdooradventures&ref=alloutdooradventures&bookable-only=yes&full-items=yes&marketplace=yes&flow=no,"<script src=""https://fareharbor.com/embeds/script/calendar/uniquetours/items/246005/?asn=fhdn-eur&asn-ref=alloutdooradventures&ref=alloutdooradventures&bookable-only=yes&full-items=yes&marketplace=yes&flow=no""></script>",https://fareharbor.com/embeds/book/uniquetours/items/246005/?asn=fhdn-eur&asn-ref=alloutdooradventures&ref=alloutdooradventures&bookable-only=yes&full-items=yes&marketplace=yes&flow=no,https://cdn.filestackcontent.com/sUVTcHx5TjiBfJHuFhJQ
Catalan Trails,catalantrails,info@catalantrails.com,+34604175927,Spain/Catalunya/Barcelona,,,350539,Rural Catalonia Hiking Experience & Rupit medieval town - Private Tour,Hiking,0,55,179,https://fareharbor.com/embeds/calendar/catalantrails/items/350539/?asn=fhdn-eur&asn-ref=alloutdooradventures&ref=alloutdooradventures&bookable-only=yes&full-items=yes&marketplace=yes&flow=no,"<script src=""https://fareharbor.com/embeds/script/calendar/catalantrails/items/350539/?asn=fhdn-eur&asn-ref=alloutdooradventures&ref=alloutdooradventures&bookable-only=yes&full-items=yes&marketplace=yes&flow=no""></script>",https://fareharbor.com/embeds/book/catalantrails/items/350539/?asn=fhdn-eur&asn-ref=alloutdooradventures&ref=alloutdooradventures&bookable-only=yes&full-items=yes&marketplace=yes&flow=no,https://cdn.filestackcontent.com/zfniA0d6SjOPcL9CdB5C
Catalan Trails,catalantrails,info@catalantrails.com,+34604175927,Spain/Catalunya/Barcelona,,,350556,Medieval Villages & La Garrotxa Volcanic Zone Hiking - Private Tour,Hiking,0,55,179,https://fareharbor.com/embeds/calendar/catalantrails/items/350556/?asn=fhdn-eur&asn-ref=alloutdooradventures&ref=alloutdooradventures&bookable-only=yes&full-items=yes&marketplace=yes&flow=no,"<script src=""https://fareharbor.com/embeds/script/calendar/catalantrails/items/350556/?asn=fhdn-eur&asn-ref=alloutdooradventures&ref=alloutdooradventures&bookable-only=yes&full-items=yes&marketplace=yes&flow=no""></script>",https://fareharbor.com/embeds/book/catalantrails/items/350556/?asn=fhdn-eur&asn-ref=alloutdooradventures&ref=alloutdooradventures&bookable-only=yes&full-items=yes&marketplace=yes&flow=no,https://cdn.filestackcontent.com/jPXOxlORQzyEpdfx35PA
Catalan Trails,catalantrails,info@catalantrails.com,+34604175927,Spain/Catalunya/Barcelona,,,350560,Costa Brava Coast Path Hiking & Tossa de Mar Private Tour,Hiking,0,55,179,https://fareharbor.com/embeds/calendar/catalantrails/items/350560/?asn=fhdn-eur&asn-ref=alloutdooradventures&ref=alloutdooradventures&bookable-only=yes&full-items=yes&marketplace=yes&flow=no,"<script src=""https://fareharbor.com/embeds/script/calendar/catalantrails/items/350560/?asn=fhdn-eur&asn-ref=alloutdooradventures&ref=alloutdooradventures&bookable-only=yes&full-items=yes&marketplace=yes&flow=no""></script>",https://fareharbor.com/embeds/book/catalantrails/items/350560/?asn=fhdn-eur&asn-ref=alloutdooradventures&ref=alloutdooradventures&bookable-only=yes&full-items=yes&marketplace=yes&flow=no,https://cdn.filestackcontent.com/LWODIwhRuGBxe21mBGxH
Catalan Trails,catalantrails,info@catalantrails.com,+34604175927,Spain/Catalunya/Barcelona,,,350563,"Montserrat Monastery, Cable Car & Viewpoints Private Tour",Hiking,0,55,358,https://fareharbor.com/embeds/calendar/catalantrails/items/350563/?asn=fhdn-eur&asn-ref=alloutdooradventures&ref=alloutdooradventures&bookable-only=yes&full-items=yes&marketplace=yes&flow=no,"<script src=""https://fareharbor.com/embeds/script/calendar/catalantrails/items/350563/?asn=fhdn-eur&asn-ref=alloutdooradventures&ref=alloutdooradventures&bookable-only=yes&full-items=yes&marketplace=yes&flow=no""></script>",https://fareharbor.com/embeds/book/catalantrails/items/350563/?asn=fhdn-eur&asn-ref=alloutdooradventures&ref=alloutdooradventures&bookable-only=yes&full-items=yes&marketplace=yes&flow=no,https://cdn.filestackcontent.com/lBCFCxzSDefTOvvvyUdd
Catalan Trails,catalantrails,info@catalantrails.com,+34604175927,Spain/Catalunya/Barcelona,,,351600,Pyrenees Hiking Experience Vall del Freser - Private Tour,Hiking,0,55,179,https://fareharbor.com/embeds/calendar/catalantrails/items/351600/?asn=fhdn-eur&asn-ref=alloutdooradventures&ref=alloutdooradventures&bookable-only=yes&full-items=yes&marketplace=yes&flow=no,"<script src=""https://fareharbor.com/embeds/script/calendar/catalantrails/items/351600/?asn=fhdn-eur&asn-ref=alloutdooradventures&ref=alloutdooradventures&bookable-only=yes&full-items=yes&marketplace=yes&flow=no""></script>",https://fareharbor.com/embeds/book/catalantrails/items/351600/?asn=fhdn-eur&asn-ref=alloutdooradventures&ref=alloutdooradventures&bookable-only=yes&full-items=yes&marketplace=yes&flow=no,https://cdn.filestackcontent.com/bVb9JrVvQXadugaKNDRV
Unique Tours,uniquetours,hello@uniquetours.com,+34 699 393 249,Spain/Catalunya/Barcelona,,,359800,Barcelona: Walking and Horse Riding Trip in Montserrat,Hiking-Walking Tour,6,55,171,https://fareharbor.com/embeds/calendar/uniquetours/items/359800/?asn=fhdn-eur&asn-ref=alloutdooradventures&ref=alloutdooradventures&bookable-only=yes&full-items=yes&marketplace=yes&flow=no,"<script src=""https://fareharbor.com/embeds/script/calendar/uniquetours/items/359800/?asn=fhdn-eur&asn-ref=alloutdooradventures&ref=alloutdooradventures&bookable-only=yes&full-items=yes&marketplace=yes&flow=no""></script>",https://fareharbor.com/embeds/book/uniquetours/items/359800/?asn=fhdn-eur&asn-ref=alloutdooradventures&ref=alloutdooradventures&bookable-only=yes&full-items=yes&marketplace=yes&flow=no,https://cdn.filestackcontent.com/k771hpouSWK1YGviTxrx
Smile & Ride,smileandride,info@smileandride.com,+39 375 5617631,Italy/Toscana/Pisa,,,384424,MTB - 1 Giorno,Bike Tour,0,55,166,https://fareharbor.com/embeds/calendar/smileandride/items/384424/?asn=fhdn-eur&asn-ref=alloutdooradventures&ref=alloutdooradventures&bookable-only=yes&full-items=yes&marketplace=yes&flow=no,"<script src=""https://fareharbor.com/embeds/script/calendar/smileandride/items/384424/?asn=fhdn-eur&asn-ref=alloutdooradventures&ref=alloutdooradventures&bookable-only=yes&full-items=yes&marketplace=yes&flow=no""></script>",https://fareharbor.com/embeds/book/smileandride/items/384424/?asn=fhdn-eur&asn-ref=alloutdooradventures&ref=alloutdooradventures&bookable-only=yes&full-items=yes&marketplace=yes&flow=no,https://cdn.filestackcontent.com/9juAIE3QTgKUbyb2AXLs
Smile & Ride,smileandride,info@smileandride.com,+39 375 5617631,Italy/Toscana/Pisa,,,384438,MTB - 2 giorni,Bike Tour,0,55,166,https://fareharbor.com/embeds/calendar/smileandride/items/384438/?asn=fhdn-eur&asn-ref=alloutdooradventures&ref=alloutdooradventures&bookable-only=yes&full-items=yes&marketplace=yes&flow=no,"<script src=""https://fareharbor.com/embeds/script/calendar/smileandride/items/384438/?asn=fhdn-eur&asn-ref=alloutdooradventures&ref=alloutdooradventures&bookable-only=yes&full-items=yes&marketplace=yes&flow=no""></script>",https://fareharbor.com/embeds/book/smileandride/items/384438/?asn=fhdn-eur&asn-ref=alloutdooradventures&ref=alloutdooradventures&bookable-only=yes&full-items=yes&marketplace=yes&flow=no,https://cdn.filestackcontent.com/9juAIE3QTgKUbyb2AXLs
Smile & Ride,smileandride,info@smileandride.com,+39 375 5617631,Italy/Toscana/Pisa,,,384440,MTB - 3 giorni,Bike Tour,0,55,166,https://fareharbor.com/embeds/calendar/smileandride/items/384440/?asn=fhdn-eur&asn-ref=alloutdooradventures&ref=alloutdooradventures&bookable-only=yes&full-items=yes&marketplace=yes&flow=no,"<script src=""https://fareharbor.com/embeds/script/calendar/smileandride/items/384440/?asn=fhdn-eur&asn-ref=alloutdooradventures&ref=alloutdooradventures&bookable-only=yes&full-items=yes&marketplace=yes&flow=no""></script>",https://fareharbor.com/embeds/book/smileandride/items/384440/?asn=fhdn-eur&asn-ref=alloutdooradventures&ref=alloutdooradventures&bookable-only=yes&full-items=yes&marketplace=yes&flow=no,https://cdn.filestackcontent.com/9juAIE3QTgKUbyb2AXLs
Smile & Ride,smileandride,info@smileandride.com,+39 375 5617631,Italy/Toscana/Pisa,,,384442,MTB - 4 giorni,Bike Tour,0,55,166,https://fareharbor.com/embeds/calendar/smileandride/items/384442/?asn=fhdn-eur&asn-ref=alloutdooradventures&ref=alloutdooradventures&bookable-only=yes&full-items=yes&marketplace=yes&flow=no,"<script src=""https://fareharbor.com/embeds/script/calendar/smileandride/items/384442/?asn=fhdn-eur&asn-ref=alloutdooradventures&ref=alloutdooradventures&bookable-only=yes&full-items=yes&marketplace=yes&flow=no""></script>",https://fareharbor.com/embeds/book/smileandride/items/384442/?asn=fhdn-eur&asn-ref=alloutdooradventures&ref=alloutdooradventures&bookable-only=yes&full-items=yes&marketplace=yes&flow=no,https://cdn.filestackcontent.com/9juAIE3QTgKUbyb2AXLs
Smile & Ride,smileandride,info@smileandride.com,+39 375 5617631,Italy/Toscana/Pisa,,,384445,MTB - 5 giorni,Bike Tour,0,55,166,https://fareharbor.com/embeds/calendar/smileandride/items/384445/?asn=fhdn-eur&asn-ref=alloutdooradventures&ref=alloutdooradventures&bookable-only=yes&full-items=yes&marketplace=yes&flow=no,"<script src=""https://fareharbor.com/embeds/script/calendar/smileandride/items/384445/?asn=fhdn-eur&asn-ref=alloutdooradventures&ref=alloutdooradventures&bookable-only=yes&full-items=yes&marketplace=yes&flow=no""></script>",https://fareharbor.com/embeds/book/smileandride/items/384445/?asn=fhdn-eur&asn-ref=alloutdooradventures&ref=alloutdooradventures&bookable-only=yes&full-items=yes&marketplace=yes&flow=no,https://cdn.filestackcontent.com/9juAIE3QTgKUbyb2AXLs
Smile & Ride,smileandride,info@smileandride.com,+39 375 5617631,Italy/Toscana/Pisa,,,384447,MTB - 6 giorni,Bike Tour,0,55,166,https://fareharbor.com/embeds/calendar/smileandride/items/384447/?asn=fhdn-eur&asn-ref=alloutdooradventures&ref=alloutdooradventures&bookable-only=yes&full-items=yes&marketplace=yes&flow=no,"<script src=""https://fareharbor.com/embeds/script/calendar/smileandride/items/384447/?asn=fhdn-eur&asn-ref=alloutdooradventures&ref=alloutdooradventures&bookable-only=yes&full-items=yes&marketplace=yes&flow=no""></script>",https://fareharbor.com/embeds/book/smileandride/items/384447/?asn=fhdn-eur&asn-ref=alloutdooradventures&ref=alloutdooradventures&bookable-only=yes&full-items=yes&marketplace=yes&flow=no,https://cdn.filestackcontent.com/9juAIE3QTgKUbyb2AXLs
Maverick Boat Adventures,maverickboatadventures,info@maverickboatadventures.com,+44 7411 563849,United Kingdom/England/Seaford,0.092502,50.775,416475,Coastal Flat Ground E-bike Cruise Tour 1.5 Hours,Bike Tour-E-Bike,1,55,0,https://fareharbor.com/embeds/calendar/maverickboatadventures/items/416475/?asn=fhdn-gbp&asn-ref=alloutdooradventures&ref=alloutdooradventures&bookable-only=yes&full-items=yes&marketplace=yes&flow=no,"<script src=""https://fareharbor.com/embeds/script/calendar/maverickboatadventures/items/416475/?asn=fhdn-gbp&asn-ref=alloutdooradventures&ref=alloutdooradventures&bookable-only=yes&full-items=yes&marketplace=yes&flow=no""></script>",https://fareharbor.com/embeds/book/maverickboatadventures/items/416475/?asn=fhdn-gbp&asn-ref=alloutdooradventures&ref=alloutdooradventures&bookable-only=yes&full-items=yes&marketplace=yes&flow=no,https://cdn.filestackcontent.com/TGuIwNRiQbqKKkBSIa9P
Maverick Boat Adventures,maverickboatadventures,info@maverickboatadventures.com,+44 7411 563849,United Kingdom/England/Seaford,0.092502,50.775,416478,Seven Sisters Guided E-bike Tour,Bike Tour-E-Bike,1,55,0,https://fareharbor.com/embeds/calendar/maverickboatadventures/items/416478/?asn=fhdn-gbp&asn-ref=alloutdooradventures&ref=alloutdooradventures&bookable-only=yes&full-items=yes&marketplace=yes&flow=no,"<script src=""https://fareharbor.com/embeds/script/calendar/maverickboatadventures/items/416478/?asn=fhdn-gbp&asn-ref=alloutdooradventures&ref=alloutdooradventures&bookable-only=yes&full-items=yes&marketplace=yes&flow=no""></script>",https://fareharbor.com/embeds/book/maverickboatadventures/items/416478/?asn=fhdn-gbp&asn-ref=alloutdooradventures&ref=alloutdooradventures&bookable-only=yes&full-items=yes&marketplace=yes&flow=no,https://cdn.filestackcontent.com/ytaA7yXfS46vStCkbqwX
Maverick Boat Adventures,maverickboatadventures,info@maverickboatadventures.com,+44 7411 563849,United Kingdom/England/Seaford,0.092502,50.775,416485,Friston Forest Downhill E-bike Track Tour,Bike Tour-E-Bike,1,55,0,https://fareharbor.com/embeds/calendar/maverickboatadventures/items/416485/?asn=fhdn-gbp&asn-ref=alloutdooradventures&ref=alloutdooradventures&bookable-only=yes&full-items=yes&marketplace=yes&flow=no,"<script src=""https://fareharbor.com/embeds/script/calendar/maverickboatadventures/items/416485/?asn=fhdn-gbp&asn-ref=alloutdooradventures&ref=alloutdooradventures&bookable-only=yes&full-items=yes&marketplace=yes&flow=no""></script>",https://fareharbor.com/embeds/book/maverickboatadventures/items/416485/?asn=fhdn-gbp&asn-ref=alloutdooradventures&ref=alloutdooradventures&bookable-only=yes&full-items=yes&marketplace=yes&flow=no,https://cdn.filestackcontent.com/Oy0im6raSry1ln1xfi8N
Unique Tours,uniquetours,hello@uniquetours.com,+34 699 393 249,Spain/Catalunya/Barcelona,,,428645,Private tour - From Barcelona: Montserrat Monastery & Scenic Mountain Hike,Guided Tour-Hiking-Private-Walking Tour,11,55,180,https://fareharbor.com/embeds/calendar/uniquetours/items/428645/?asn=fhdn-eur&asn-ref=alloutdooradventures&ref=alloutdooradventures&bookable-only=yes&full-items=yes&marketplace=yes&flow=no,"<script src=""https://fareharbor.com/embeds/script/calendar/uniquetours/items/428645/?asn=fhdn-eur&asn-ref=alloutdooradventures&ref=alloutdooradventures&bookable-only=yes&full-items=yes&marketplace=yes&flow=no""></script>",https://fareharbor.com/embeds/book/uniquetours/items/428645/?asn=fhdn-eur&asn-ref=alloutdooradventures&ref=alloutdooradventures&bookable-only=yes&full-items=yes&marketplace=yes&flow=no,https://cdn.filestackcontent.com/5XZGW3gAQl2sFyUl2wsS
Unique Tours,uniquetours,hello@uniquetours.com,+34 699 393 249,Spain/Catalunya/Barcelona,,,433080,Private Tour - From Barcelona: Horseback Tour in Montserrat National Park,Horse-Private,10,55,180,https://fareharbor.com/embeds/calendar/uniquetours/items/433080/?asn=fhdn-eur&asn-ref=alloutdooradventures&ref=alloutdooradventures&bookable-only=yes&full-items=yes&marketplace=yes&flow=no,"<script src=""https://fareharbor.com/embeds/script/calendar/uniquetours/items/433080/?asn=fhdn-eur&asn-ref=alloutdooradventures&ref=alloutdooradventures&bookable-only=yes&full-items=yes&marketplace=yes&flow=no""></script>",https://fareharbor.com/embeds/book/uniquetours/items/433080/?asn=fhdn-eur&asn-ref=alloutdooradventures&ref=alloutdooradventures&bookable-only=yes&full-items=yes&marketplace=yes&flow=no,https://cdn.filestackcontent.com/hApnPD7yQDuNu9XMXcfQ
"Black Forest Magic - Schneesportschule, Kanu & Rafting & Outdoorschule",blackforestmagic,info@blackforestmagic.de,+49 7664 6137700,Germany/Baden-Württemberg/Bad Bellingen,7.549946,47.731662,628413,"Kanu, Kajak, SUP Verleih am Altrhein (Bad Bellingen-Grissheim)",Canoe,5,55,0,https://fareharbor.com/embeds/calendar/blackforestmagic/items/628413/?asn=fhdn-eur&asn-ref=alloutdooradventures&ref=alloutdooradventures&bookable-only=yes&full-items=yes&marketplace=yes&flow=no,"<script src=""https://fareharbor.com/embeds/script/calendar/blackforestmagic/items/628413/?asn=fhdn-eur&asn-ref=alloutdooradventures&ref=alloutdooradventures&bookable-only=yes&full-items=yes&marketplace=yes&flow=no""></script>",https://fareharbor.com/embeds/book/blackforestmagic/items/628413/?asn=fhdn-eur&asn-ref=alloutdooradventures&ref=alloutdooradventures&bookable-only=yes&full-items=yes&marketplace=yes&flow=no,https://cdn.filestackcontent.com/1rbo7bm9R32Vy2EHPFkA
Unique Tours,uniquetours,hello@uniquetours.com,+34 699 393 249,Spain/Catalunya/Barcelona,,,247313,From Barcelona: Horseback Tour in Montserrat National Park,Horse,6,54,170,https://fareharbor.com/embeds/calendar/uniquetours/items/247313/?asn=fhdn-eur&asn-ref=alloutdooradventures&ref=alloutdooradventures&bookable-only=yes&full-items=yes&marketplace=yes&flow=no,"<script src=""https://fareharbor.com/embeds/script/calendar/uniquetours/items/247313/?asn=fhdn-eur&asn-ref=alloutdooradventures&ref=alloutdooradventures&bookable-only=yes&full-items=yes&marketplace=yes&flow=no""></script>",https://fareharbor.com/embeds/book/uniquetours/items/247313/?asn=fhdn-eur&asn-ref=alloutdooradventures&ref=alloutdooradventures&bookable-only=yes&full-items=yes&marketplace=yes&flow=no,https://cdn.filestackcontent.com/f97uo0MPTPm9lNfeFptr
We Like Tuscany s.a.s.,weliketuscany,info@weliketuscany.it,+39 342 9352395,Italy/Toscana/Firenze,,,358338,Classic Tuscany Hills and Florence,Bike Tour-City Tour-Farm-Wine,1,54,180,https://fareharbor.com/embeds/calendar/weliketuscany/items/358338/?asn=fhdn-eur&asn-ref=alloutdooradventures&ref=alloutdooradventures&bookable-only=yes&full-items=yes&marketplace=yes&flow=no,"<script src=""https://fareharbor.com/embeds/script/calendar/weliketuscany/items/358338/?asn=fhdn-eur&asn-ref=alloutdooradventures&ref=alloutdooradventures&bookable-only=yes&full-items=yes&marketplace=yes&flow=no""></script>",https://fareharbor.com/embeds/book/weliketuscany/items/358338/?asn=fhdn-eur&asn-ref=alloutdooradventures&ref=alloutdooradventures&bookable-only=yes&full-items=yes&marketplace=yes&flow=no,https://cdn.filestackcontent.com/Np0XGML4QrmPEBjjrCdO
Unique Tours,uniquetours,hello@uniquetours.com,+34 699 393 249,Spain/Catalunya/Barcelona,,,433079,Private Tour - Barcelona: Walking and Horse Riding Trip in Montserrat,Hiking-Horse-Private-Walking Tour,8,54,180,https://fareharbor.com/embeds/calendar/uniquetours/items/433079/?asn=fhdn-eur&asn-ref=alloutdooradventures&ref=alloutdooradventures&bookable-only=yes&full-items=yes&marketplace=yes&flow=no,"<script src=""https://fareharbor.com/embeds/script/calendar/uniquetours/items/433079/?asn=fhdn-eur&asn-ref=alloutdooradventures&ref=alloutdooradventures&bookable-only=yes&full-items=yes&marketplace=yes&flow=no""></script>",https://fareharbor.com/embeds/book/uniquetours/items/433079/?asn=fhdn-eur&asn-ref=alloutdooradventures&ref=alloutdooradventures&bookable-only=yes&full-items=yes&marketplace=yes&flow=no,https://cdn.filestackcontent.com/oaYBRryQSBWO7W4YGV6S
Climb Om Experiences,climbom,info@climbom.com,34611283905,Spain/Catalunya/Monistrol de Montserrat,1.843416,41.610778,625875,Montserrat Climbing Experience,Climbing-Sports,1,54,0,https://fareharbor.com/embeds/calendar/climbom/items/625875/?asn=fhdn-eur&asn-ref=alloutdooradventures&ref=alloutdooradventures&bookable-only=yes&full-items=yes&marketplace=yes&flow=no,"<script src=""https://fareharbor.com/embeds/script/calendar/climbom/items/625875/?asn=fhdn-eur&asn-ref=alloutdooradventures&ref=alloutdooradventures&bookable-only=yes&full-items=yes&marketplace=yes&flow=no""></script>",https://fareharbor.com/embeds/book/climbom/items/625875/?asn=fhdn-eur&asn-ref=alloutdooradventures&ref=alloutdooradventures&bookable-only=yes&full-items=yes&marketplace=yes&flow=no,https://cdn.filestackcontent.com/Krvy3YGYRVSHtzDJAER1
Rafting Lombardia,raftinglombardia,inlombardia@gmail.com,+39 0342212123,Italy/Lombardia/Tresenda,,,635053,Rafting Full Wine,Rafting,4,54,219,https://fareharbor.com/embeds/calendar/raftinglombardia/items/635053/?asn=fhdn-eur&asn-ref=alloutdooradventures&ref=alloutdooradventures&bookable-only=yes&full-items=yes&marketplace=yes&flow=no,"<script src=""https://fareharbor.com/embeds/script/calendar/raftinglombardia/items/635053/?asn=fhdn-eur&asn-ref=alloutdooradventures&ref=alloutdooradventures&bookable-only=yes&full-items=yes&marketplace=yes&flow=no""></script>",https://fareharbor.com/embeds/book/raftinglombardia/items/635053/?asn=fhdn-eur&asn-ref=alloutdooradventures&ref=alloutdooradventures&bookable-only=yes&full-items=yes&marketplace=yes&flow=no,https://cdn.filestackcontent.com/Ld74jd2yTFmC2b85swfV
Smile & Ride,smileandride,info@smileandride.com,+39 375 5617631,Italy/Toscana/Pisa,,,147211,Esperienza al Lago - Tour con App + Itinerario,Bike Tour,2,53,0,https://fareharbor.com/embeds/calendar/smileandride/items/147211/?asn=fhdn-eur&asn-ref=alloutdooradventures&ref=alloutdooradventures&bookable-only=yes&full-items=yes&marketplace=yes&flow=no,"<script src=""https://fareharbor.com/embeds/script/calendar/smileandride/items/147211/?asn=fhdn-eur&asn-ref=alloutdooradventures&ref=alloutdooradventures&bookable-only=yes&full-items=yes&marketplace=yes&flow=no""></script>",https://fareharbor.com/embeds/book/smileandride/items/147211/?asn=fhdn-eur&asn-ref=alloutdooradventures&ref=alloutdooradventures&bookable-only=yes&full-items=yes&marketplace=yes&flow=no,https://cdn.filestackcontent.com/P2gQtMcIRGSemC46UVKx
Le Haras des Ouches,harasdesouches,contactcemedicis@gmail.com,+33671466357,France/Nouvelle-Aquitaine/Roiffé,,,236848,Cours collectifs et particuliers avec moniteur ou intervenants extérieurs,Horse,1,53,37,https://fareharbor.com/embeds/calendar/harasdesouches/items/236848/?asn=fhdn-eur&asn-ref=alloutdooradventures&ref=alloutdooradventures&bookable-only=yes&full-items=yes&marketplace=yes&flow=no,"<script src=""https://fareharbor.com/embeds/script/calendar/harasdesouches/items/236848/?asn=fhdn-eur&asn-ref=alloutdooradventures&ref=alloutdooradventures&bookable-only=yes&full-items=yes&marketplace=yes&flow=no""></script>",https://fareharbor.com/embeds/book/harasdesouches/items/236848/?asn=fhdn-eur&asn-ref=alloutdooradventures&ref=alloutdooradventures&bookable-only=yes&full-items=yes&marketplace=yes&flow=no,https://cdn.filestackcontent.com/EgTB8HNBTKuVotcoBO6h
Arbaspaa,arbaspaa,info@arbaspaa.com,+39 0187 760083,Italy/Liguria/Manarola,,,365203,Swimming with mermaids!,Snorkel,5,53,0,https://fareharbor.com/embeds/calendar/arbaspaa/items/365203/?asn=fhdn-eur&asn-ref=alloutdooradventures&ref=alloutdooradventures&bookable-only=yes&full-items=yes&marketplace=yes&flow=no,"<script src=""https://fareharbor.com/embeds/script/calendar/arbaspaa/items/365203/?asn=fhdn-eur&asn-ref=alloutdooradventures&ref=alloutdooradventures&bookable-only=yes&full-items=yes&marketplace=yes&flow=no""></script>",https://fareharbor.com/embeds/book/arbaspaa/items/365203/?asn=fhdn-eur&asn-ref=alloutdooradventures&ref=alloutdooradventures&bookable-only=yes&full-items=yes&marketplace=yes&flow=no,https://cdn.filestackcontent.com/j04iN7vTp2QznEXinJVQ
Minicrociere Toscana,minicrocieretoscana,crociere@maregiglio.it,390564809309,Italy/Toscana/Porto Santo Stefano,,,589071,Un tuffo nel blu- snorkeling all'isola di Giannutri,Snorkel,2,53,8,https://fareharbor.com/embeds/calendar/minicrocieretoscana/items/589071/?asn=fhdn-eur&asn-ref=alloutdooradventures&ref=alloutdooradventures&bookable-only=yes&full-items=yes&marketplace=yes&flow=no,"<script src=""https://fareharbor.com/embeds/script/calendar/minicrocieretoscana/items/589071/?asn=fhdn-eur&asn-ref=alloutdooradventures&ref=alloutdooradventures&bookable-only=yes&full-items=yes&marketplace=yes&flow=no""></script>",https://fareharbor.com/embeds/book/minicrocieretoscana/items/589071/?asn=fhdn-eur&asn-ref=alloutdooradventures&ref=alloutdooradventures&bookable-only=yes&full-items=yes&marketplace=yes&flow=no,https://cdn.filestackcontent.com/Ij3jEMF0TgeLtL8k8cEv
Adventure Pirate,adventurepirate,info@adventurepirate.co.uk,01202 680686,United Kingdom/England/Lytchett Minster,,,613995,Mountain Biking,Bike Tour,1,53,0,https://fareharbor.com/embeds/calendar/adventurepirate/items/613995/?asn=fhdn-gbp&asn-ref=alloutdooradventures&ref=alloutdooradventures&bookable-only=yes&full-items=yes&marketplace=yes&flow=no,"<script src=""https://fareharbor.com/embeds/script/calendar/adventurepirate/items/613995/?asn=fhdn-gbp&asn-ref=alloutdooradventures&ref=alloutdooradventures&bookable-only=yes&full-items=yes&marketplace=yes&flow=no""></script>",https://fareharbor.com/embeds/book/adventurepirate/items/613995/?asn=fhdn-gbp&asn-ref=alloutdooradventures&ref=alloutdooradventures&bookable-only=yes&full-items=yes&marketplace=yes&flow=no,https://cdn.filestackcontent.com/qdPx6sS0TeGxhxOCShJO
Montefusco Cycling,roadcycling,claudio@roadcycling.barcelona,+34 607 51 57 82,Spain/Catalonia/Barcelona,,,107551,Barcelona Girona Gravel Ride,Bike Tour,2,52,163,https://fareharbor.com/embeds/calendar/roadcycling/items/107551/?asn=fhdn-eur&asn-ref=alloutdooradventures&ref=alloutdooradventures&bookable-only=yes&full-items=yes&marketplace=yes&flow=no,"<script src=""https://fareharbor.com/embeds/script/calendar/roadcycling/items/107551/?asn=fhdn-eur&asn-ref=alloutdooradventures&ref=alloutdooradventures&bookable-only=yes&full-items=yes&marketplace=yes&flow=no""></script>",https://fareharbor.com/embeds/book/roadcycling/items/107551/?asn=fhdn-eur&asn-ref=alloutdooradventures&ref=alloutdooradventures&bookable-only=yes&full-items=yes&marketplace=yes&flow=no,https://cdn.filestackcontent.com/HFxOKbjuTKie5XIUAorW
Arbaspaa,arbaspaa,info@arbaspaa.com,+39 0187 760083,Italy/Liguria/Manarola,9.728488,44.106843,146900,Traditional Motorboat Gozzo APHRODITE - La Spezia,Snorkel,2,52,0,https://fareharbor.com/embeds/calendar/arbaspaa/items/146900/?asn=fhdn-eur&asn-ref=alloutdooradventures&ref=alloutdooradventures&bookable-only=yes&full-items=yes&marketplace=yes&flow=no,"<script src=""https://fareharbor.com/embeds/script/calendar/arbaspaa/items/146900/?asn=fhdn-eur&asn-ref=alloutdooradventures&ref=alloutdooradventures&bookable-only=yes&full-items=yes&marketplace=yes&flow=no""></script>",https://fareharbor.com/embeds/book/arbaspaa/items/146900/?asn=fhdn-eur&asn-ref=alloutdooradventures&ref=alloutdooradventures&bookable-only=yes&full-items=yes&marketplace=yes&flow=no,https://cdn.filestackcontent.com/I21uiMBRnCnQnAVqBaLv
Bologna Tour,bolognatour,info@bolognatour.eu,+39 3920060314,Italy/Campania/Marina Grande,,,230765,Capri Private Boat Tour,Boat Tour-Food Tour-Snorkel,2,52,0,https://fareharbor.com/embeds/calendar/bolognatour/items/230765/?asn=fhdn-eur&asn-ref=alloutdooradventures&ref=alloutdooradventures&bookable-only=yes&full-items=yes&marketplace=yes&flow=no,"<script src=""https://fareharbor.com/embeds/script/calendar/bolognatour/items/230765/?asn=fhdn-eur&asn-ref=alloutdooradventures&ref=alloutdooradventures&bookable-only=yes&full-items=yes&marketplace=yes&flow=no""></script>",https://fareharbor.com/embeds/book/bolognatour/items/230765/?asn=fhdn-eur&asn-ref=alloutdooradventures&ref=alloutdooradventures&bookable-only=yes&full-items=yes&marketplace=yes&flow=no,https://cdn.filestackcontent.com/F94jNhoFRQS0OOZxutlf
Marnatura,marnatura,info@marnatura.net,+34 632 595 729,Spain/Cataluña/L'Ametlla de Mar,0.80132,40.881811,265605,Descobreix la Cova del Llop Marí - Hospitalet amb Barca i Snorkel,Snorkel,2,52,0,https://fareharbor.com/embeds/calendar/marnatura/items/265605/?asn=fhdn-eur&asn-ref=alloutdooradventures&ref=alloutdooradventures&bookable-only=yes&full-items=yes&marketplace=yes&flow=no,"<script src=""https://fareharbor.com/embeds/script/calendar/marnatura/items/265605/?asn=fhdn-eur&asn-ref=alloutdooradventures&ref=alloutdooradventures&bookable-only=yes&full-items=yes&marketplace=yes&flow=no""></script>",https://fareharbor.com/embeds/book/marnatura/items/265605/?asn=fhdn-eur&asn-ref=alloutdooradventures&ref=alloutdooradventures&bookable-only=yes&full-items=yes&marketplace=yes&flow=no,https://cdn.filestackcontent.com/kYpovMJROq9szorm0YFQ
Bologna Tour,bolognatour,info@bolognatour.eu,+39 3920060314,Italy/Toscana/Firenze,,,432743,Florence Bike Tour,Bike Rental-Bike Tour-Bus Tour-Guided Tour-History Tour,2,52,0,https://fareharbor.com/embeds/calendar/bolognatour/items/432743/?asn=fhdn-eur&asn-ref=alloutdooradventures&ref=alloutdooradventures&bookable-only=yes&full-items=yes&marketplace=yes&flow=no,"<script src=""https://fareharbor.com/embeds/script/calendar/bolognatour/items/432743/?asn=fhdn-eur&asn-ref=alloutdooradventures&ref=alloutdooradventures&bookable-only=yes&full-items=yes&marketplace=yes&flow=no""></script>",https://fareharbor.com/embeds/book/bolognatour/items/432743/?asn=fhdn-eur&asn-ref=alloutdooradventures&ref=alloutdooradventures&bookable-only=yes&full-items=yes&marketplace=yes&flow=no,https://cdn.filestackcontent.com/X3e3hdhhShCengmVslgb
Medaqua,medaqua,info@medaqua.com,(+34) 972 752043,Spain/Catalunya/L'Estartit,,,556527,Sunset / Golden hour,Bike Tour,5,52,29,https://fareharbor.com/embeds/calendar/medaqua/items/556527/?asn=fhdn-eur&asn-ref=alloutdooradventures&ref=alloutdooradventures&bookable-only=yes&full-items=yes&marketplace=yes&flow=no,"<script src=""https://fareharbor.com/embeds/script/calendar/medaqua/items/556527/?asn=fhdn-eur&asn-ref=alloutdooradventures&ref=alloutdooradventures&bookable-only=yes&full-items=yes&marketplace=yes&flow=no""></script>",https://fareharbor.com/embeds/book/medaqua/items/556527/?asn=fhdn-eur&asn-ref=alloutdooradventures&ref=alloutdooradventures&bookable-only=yes&full-items=yes&marketplace=yes&flow=no,https://cdn.filestackcontent.com/SCbkt9TlmT4tEKdNJ9Qu
Le Haras des Ouches,harasdesouches,contactcemedicis@gmail.com,+33671466357,France/Nouvelle-Aquitaine/Roiffé,0.045789,47.160655,211990,Balade spécial enfant  18 mois/10 ans,Horse,2,51,0,https://fareharbor.com/embeds/calendar/harasdesouches/items/211990/?asn=fhdn-eur&asn-ref=alloutdooradventures&ref=alloutdooradventures&bookable-only=yes&full-items=yes&marketplace=yes&flow=no,"<script src=""https://fareharbor.com/embeds/script/calendar/harasdesouches/items/211990/?asn=fhdn-eur&asn-ref=alloutdooradventures&ref=alloutdooradventures&bookable-only=yes&full-items=yes&marketplace=yes&flow=no""></script>",https://fareharbor.com/embeds/book/harasdesouches/items/211990/?asn=fhdn-eur&asn-ref=alloutdooradventures&ref=alloutdooradventures&bookable-only=yes&full-items=yes&marketplace=yes&flow=no,https://cdn.filestackcontent.com/59hgVm8STv2mWJ8b3UEj
Karleyth Diving,karleythdiving,info@karleythdiving.co.uk,07375 931692,United Kingdom/England/Ruan High Lanes,-4.919991,50.241492,611407,SSI Deep Diving,Scuba,2,51,26,https://fareharbor.com/embeds/calendar/karleythdiving/items/611407/?asn=fhdn-gbp&asn-ref=alloutdooradventures&ref=alloutdooradventures&bookable-only=yes&full-items=yes&marketplace=yes&flow=no,"<script src=""https://fareharbor.com/embeds/script/calendar/karleythdiving/items/611407/?asn=fhdn-gbp&asn-ref=alloutdooradventures&ref=alloutdooradventures&bookable-only=yes&full-items=yes&marketplace=yes&flow=no""></script>",https://fareharbor.com/embeds/book/karleythdiving/items/611407/?asn=fhdn-gbp&asn-ref=alloutdooradventures&ref=alloutdooradventures&bookable-only=yes&full-items=yes&marketplace=yes&flow=no,https://cdn.filestackcontent.com/5xl479HTbqdYsczEV5Pw
AlpinBike Adventures,alpinbikes,info@alpinbikes.com,0041 79 539 3939,Switzerland/Bern/Interlaken,,,617564,Grand Tour of Interlaken,Bike Tour,1,51,0,https://fareharbor.com/embeds/calendar/alpinbikes/items/617564/?asn=fhdn-chf&asn-ref=alloutdooradventures&ref=alloutdooradventures&bookable-only=yes&full-items=yes&marketplace=yes&flow=no,"<script src=""https://fareharbor.com/embeds/script/calendar/alpinbikes/items/617564/?asn=fhdn-chf&asn-ref=alloutdooradventures&ref=alloutdooradventures&bookable-only=yes&full-items=yes&marketplace=yes&flow=no""></script>",https://fareharbor.com/embeds/book/alpinbikes/items/617564/?asn=fhdn-chf&asn-ref=alloutdooradventures&ref=alloutdooradventures&bookable-only=yes&full-items=yes&marketplace=yes&flow=no,https://cdn.filestackcontent.com/18yO7MQtS4Ga9RQ0wHt6
Rivant Rentals,rivantrentals,bateau@rivantrentals.fr,+31653726646,France/Sainte-Maxime,,,627657,Half Day Tour,Boat Rental-Boat Tour-Guided Tour-Snorkel-Water Activities,8,51,115,https://fareharbor.com/embeds/calendar/rivantrentals/items/627657/?asn=fhdn-eur&asn-ref=alloutdooradventures&ref=alloutdooradventures&bookable-only=yes&full-items=yes&marketplace=yes&flow=no,"<script src=""https://fareharbor.com/embeds/script/calendar/rivantrentals/items/627657/?asn=fhdn-eur&asn-ref=alloutdooradventures&ref=alloutdooradventures&bookable-only=yes&full-items=yes&marketplace=yes&flow=no""></script>",https://fareharbor.com/embeds/book/rivantrentals/items/627657/?asn=fhdn-eur&asn-ref=alloutdooradventures&ref=alloutdooradventures&bookable-only=yes&full-items=yes&marketplace=yes&flow=no,https://cdn.filestackcontent.com/GwfRLAyHSI63kz4iOYtg
Rafting Lombardia,raftinglombardia,inlombardia@gmail.com,+39 0342212123,Italy/Lombardia/Tresenda,,,635058,Raft Privèe,Rafting,3,51,693,https://fareharbor.com/embeds/calendar/raftinglombardia/items/635058/?asn=fhdn-eur&asn-ref=alloutdooradventures&ref=alloutdooradventures&bookable-only=yes&full-items=yes&marketplace=yes&flow=no,"<script src=""https://fareharbor.com/embeds/script/calendar/raftinglombardia/items/635058/?asn=fhdn-eur&asn-ref=alloutdooradventures&ref=alloutdooradventures&bookable-only=yes&full-items=yes&marketplace=yes&flow=no""></script>",https://fareharbor.com/embeds/book/raftinglombardia/items/635058/?asn=fhdn-eur&asn-ref=alloutdooradventures&ref=alloutdooradventures&bookable-only=yes&full-items=yes&marketplace=yes&flow=no,https://cdn.filestackcontent.com/KYMosJNgRl2ZqqB1A4Y3
Tourne,tournebilbao,info@tournebilbao.com,+34 688 749 372,Spain/Euskadi/Bilbo,,,159060,Getxo Seaside Private E-bike Tour,Bike Rental-Bike Tour,2,50,0,https://fareharbor.com/embeds/calendar/tournebilbao/items/159060/?asn=fhdn-eur&asn-ref=alloutdooradventures&ref=alloutdooradventures&bookable-only=yes&full-items=yes&marketplace=yes&flow=no,"<script src=""https://fareharbor.com/embeds/script/calendar/tournebilbao/items/159060/?asn=fhdn-eur&asn-ref=alloutdooradventures&ref=alloutdooradventures&bookable-only=yes&full-items=yes&marketplace=yes&flow=no""></script>",https://fareharbor.com/embeds/book/tournebilbao/items/159060/?asn=fhdn-eur&asn-ref=alloutdooradventures&ref=alloutdooradventures&bookable-only=yes&full-items=yes&marketplace=yes&flow=no,https://cdn.filestackcontent.com/as3qGYq7Tp2gvK3cvVcx
Karleyth Diving,karleythdiving,info@karleythdiving.co.uk,07375 931692,United Kingdom/England/Ruan High Lanes,-4.919991,50.241492,611369,SSI Advanced Course,Scuba,1,50,26,https://fareharbor.com/embeds/calendar/karleythdiving/items/611369/?asn=fhdn-gbp&asn-ref=alloutdooradventures&ref=alloutdooradventures&bookable-only=yes&full-items=yes&marketplace=yes&flow=no,"<script src=""https://fareharbor.com/embeds/script/calendar/karleythdiving/items/611369/?asn=fhdn-gbp&asn-ref=alloutdooradventures&ref=alloutdooradventures&bookable-only=yes&full-items=yes&marketplace=yes&flow=no""></script>",https://fareharbor.com/embeds/book/karleythdiving/items/611369/?asn=fhdn-gbp&asn-ref=alloutdooradventures&ref=alloutdooradventures&bookable-only=yes&full-items=yes&marketplace=yes&flow=no,https://cdn.filestackcontent.com/YolCjVO4RRikDNbSmaoc
"Black Forest Magic - Schneesportschule, Kanu & Rafting & Outdoorschule",blackforestmagic,info@blackforestmagic.de,+49 7664 6137700,Germany/Baden-Württemberg/Riegel am Kaiserstuhl,7.756062,48.154438,628485,"Kanu-, Kajakverleih an der Alten Elz (Riegel)",Canoe,4,50,0,https://fareharbor.com/embeds/calendar/blackforestmagic/items/628485/?asn=fhdn-eur&asn-ref=alloutdooradventures&ref=alloutdooradventures&bookable-only=yes&full-items=yes&marketplace=yes&flow=no,"<script src=""https://fareharbor.com/embeds/script/calendar/blackforestmagic/items/628485/?asn=fhdn-eur&asn-ref=alloutdooradventures&ref=alloutdooradventures&bookable-only=yes&full-items=yes&marketplace=yes&flow=no""></script>",https://fareharbor.com/embeds/book/blackforestmagic/items/628485/?asn=fhdn-eur&asn-ref=alloutdooradventures&ref=alloutdooradventures&bookable-only=yes&full-items=yes&marketplace=yes&flow=no,https://cdn.filestackcontent.com/vxrOaSPHRcCe1APxDig7
Domaine Équestre d'Étretat - Le Tilleul,domaine-equestre-etretat,info@domaine-equestre-etretat.fr,+33 660678611,France/Normandie/Le Tilleul,,,669269,Stage baby,Horse,2,50,5,https://fareharbor.com/embeds/calendar/domaine-equestre-etretat/items/669269/?asn=fhdn-eur&asn-ref=alloutdooradventures&ref=alloutdooradventures&bookable-only=yes&full-items=yes&marketplace=yes&flow=no,"<script src=""https://fareharbor.com/embeds/script/calendar/domaine-equestre-etretat/items/669269/?asn=fhdn-eur&asn-ref=alloutdooradventures&ref=alloutdooradventures&bookable-only=yes&full-items=yes&marketplace=yes&flow=no""></script>",https://fareharbor.com/embeds/book/domaine-equestre-etretat/items/669269/?asn=fhdn-eur&asn-ref=alloutdooradventures&ref=alloutdooradventures&bookable-only=yes&full-items=yes&marketplace=yes&flow=no,https://cdn.filestackcontent.com/GwCZibtwRvmv9bfgUcns
Ursus Adventures,ursusadventures,info@ursusadventures.it,+390463636175,Italy/Trentino-Alto Adige/Ossana,10.74111,46.310058,211650,Rafting Family,Rafting-Water Activities,1,49,0,https://fareharbor.com/embeds/calendar/ursusadventures/items/211650/?asn=fhdn-eur&asn-ref=alloutdooradventures&ref=alloutdooradventures&bookable-only=yes&full-items=yes&marketplace=yes&flow=no,"<script src=""https://fareharbor.com/embeds/script/calendar/ursusadventures/items/211650/?asn=fhdn-eur&asn-ref=alloutdooradventures&ref=alloutdooradventures&bookable-only=yes&full-items=yes&marketplace=yes&flow=no""></script>",https://fareharbor.com/embeds/book/ursusadventures/items/211650/?asn=fhdn-eur&asn-ref=alloutdooradventures&ref=alloutdooradventures&bookable-only=yes&full-items=yes&marketplace=yes&flow=no,https://cdn.filestackcontent.com/p9eqIf6QwiWE6puOytdr
Ursus Adventures,ursusadventures,info@ursusadventures.it,+390463636175,Italy/Trentino-Alto Adige/Ossana,10.74111,46.310058,211652,Rafting Extreme,Rafting,1,49,0,https://fareharbor.com/embeds/calendar/ursusadventures/items/211652/?asn=fhdn-eur&asn-ref=alloutdooradventures&ref=alloutdooradventures&bookable-only=yes&full-items=yes&marketplace=yes&flow=no,"<script src=""https://fareharbor.com/embeds/script/calendar/ursusadventures/items/211652/?asn=fhdn-eur&asn-ref=alloutdooradventures&ref=alloutdooradventures&bookable-only=yes&full-items=yes&marketplace=yes&flow=no""></script>",https://fareharbor.com/embeds/book/ursusadventures/items/211652/?asn=fhdn-eur&asn-ref=alloutdooradventures&ref=alloutdooradventures&bookable-only=yes&full-items=yes&marketplace=yes&flow=no,https://cdn.filestackcontent.com/NSd8psdEQA25GCcN2x5Y
Ursus Adventures,ursusadventures,info@ursusadventures.it,+390463636175,Italy/Trentino-Alto Adige/Ossana,10.74111,46.310058,232811,Rafting Exclusive,Rafting,1,49,0,https://fareharbor.com/embeds/calendar/ursusadventures/items/232811/?asn=fhdn-eur&asn-ref=alloutdooradventures&ref=alloutdooradventures&bookable-only=yes&full-items=yes&marketplace=yes&flow=no,"<script src=""https://fareharbor.com/embeds/script/calendar/ursusadventures/items/232811/?asn=fhdn-eur&asn-ref=alloutdooradventures&ref=alloutdooradventures&bookable-only=yes&full-items=yes&marketplace=yes&flow=no""></script>",https://fareharbor.com/embeds/book/ursusadventures/items/232811/?asn=fhdn-eur&asn-ref=alloutdooradventures&ref=alloutdooradventures&bookable-only=yes&full-items=yes&marketplace=yes&flow=no,https://cdn.filestackcontent.com/SipUrdNFSniMJUuHhFjd
Catalan Trails,catalantrails,info@catalantrails.com,+34604175927,Spain/Catalonia,,,265189,Raquetes de Neu,Hiking-Ski,1,49,0,https://fareharbor.com/embeds/calendar/catalantrails/items/265189/?asn=fhdn-eur&asn-ref=alloutdooradventures&ref=alloutdooradventures&bookable-only=yes&full-items=yes&marketplace=yes&flow=no,"<script src=""https://fareharbor.com/embeds/script/calendar/catalantrails/items/265189/?asn=fhdn-eur&asn-ref=alloutdooradventures&ref=alloutdooradventures&bookable-only=yes&full-items=yes&marketplace=yes&flow=no""></script>",https://fareharbor.com/embeds/book/catalantrails/items/265189/?asn=fhdn-eur&asn-ref=alloutdooradventures&ref=alloutdooradventures&bookable-only=yes&full-items=yes&marketplace=yes&flow=no,https://cdn.filestackcontent.com/Zd2386irTTW1h2aumnuq
Wildsport Tours,wildsporttours,info@wildsport-tours.de,+49 7631 7932877,Germany/Baden-Württemberg/Riegel am Kaiserstuhl,,,371380,Kanumiete Alte Elz ab Riegel,,1,49,68,https://fareharbor.com/embeds/calendar/wildsporttours/items/371380/?asn=fhdn-eur&asn-ref=alloutdooradventures&ref=alloutdooradventures&bookable-only=yes&full-items=yes&marketplace=yes&flow=no,"<script src=""https://fareharbor.com/embeds/script/calendar/wildsporttours/items/371380/?asn=fhdn-eur&asn-ref=alloutdooradventures&ref=alloutdooradventures&bookable-only=yes&full-items=yes&marketplace=yes&flow=no""></script>",https://fareharbor.com/embeds/book/wildsporttours/items/371380/?asn=fhdn-eur&asn-ref=alloutdooradventures&ref=alloutdooradventures&bookable-only=yes&full-items=yes&marketplace=yes&flow=no,https://cdn.filestackcontent.com/OdAB8zbtStXGQCzfA43F
Ursus Adventures,ursusadventures,info@ursusadventures.it,+390463636175,Italy/Trentino-Alto Adige/Ossana,10.74111,46.310058,428441,Rafting Power,Rafting,1,49,0,https://fareharbor.com/embeds/calendar/ursusadventures/items/428441/?asn=fhdn-eur&asn-ref=alloutdooradventures&ref=alloutdooradventures&bookable-only=yes&full-items=yes&marketplace=yes&flow=no,"<script src=""https://fareharbor.com/embeds/script/calendar/ursusadventures/items/428441/?asn=fhdn-eur&asn-ref=alloutdooradventures&ref=alloutdooradventures&bookable-only=yes&full-items=yes&marketplace=yes&flow=no""></script>",https://fareharbor.com/embeds/book/ursusadventures/items/428441/?asn=fhdn-eur&asn-ref=alloutdooradventures&ref=alloutdooradventures&bookable-only=yes&full-items=yes&marketplace=yes&flow=no,https://cdn.filestackcontent.com/YWvxnY9DRH2KN85SUUoo
Motor Verde,motorverde,infotienda@motorverde.es,+34946128526,Spain/Euskadi/Bilbo,,,444263,Alquilar bicicleta eléctrica de carretera PREMIUM,Bike Rental-Bike Tour-E-Bike,1,49,1059,https://fareharbor.com/embeds/calendar/motorverde/items/444263/?asn=fhdn-eur&asn-ref=alloutdooradventures&ref=alloutdooradventures&bookable-only=yes&full-items=yes&marketplace=yes&flow=no,"<script src=""https://fareharbor.com/embeds/script/calendar/motorverde/items/444263/?asn=fhdn-eur&asn-ref=alloutdooradventures&ref=alloutdooradventures&bookable-only=yes&full-items=yes&marketplace=yes&flow=no""></script>",https://fareharbor.com/embeds/book/motorverde/items/444263/?asn=fhdn-eur&asn-ref=alloutdooradventures&ref=alloutdooradventures&bookable-only=yes&full-items=yes&marketplace=yes&flow=no,https://cdn.filestackcontent.com/RviWhSDQFqQ3sm1CGNMQ
Quasimundo Bike Tours,quasimundo,info@quasimundo.com,+3250330775,Belgium/Vlaams Gewest/Brugge,,,545540,Family-friendly Border by Bike • Shared tour,Bike Tour,1,49,73,https://fareharbor.com/embeds/calendar/quasimundo/items/545540/?asn=fhdn-eur&asn-ref=alloutdooradventures&ref=alloutdooradventures&bookable-only=yes&full-items=yes&marketplace=yes&flow=no,"<script src=""https://fareharbor.com/embeds/script/calendar/quasimundo/items/545540/?asn=fhdn-eur&asn-ref=alloutdooradventures&ref=alloutdooradventures&bookable-only=yes&full-items=yes&marketplace=yes&flow=no""></script>",https://fareharbor.com/embeds/book/quasimundo/items/545540/?asn=fhdn-eur&asn-ref=alloutdooradventures&ref=alloutdooradventures&bookable-only=yes&full-items=yes&marketplace=yes&flow=no,https://cdn.filestackcontent.com/b0wcYHnhSKGPzyW35SOc
Sailing Sashi,tripbcn,sashiolimpico@gmail.com,0034-663491315,Spain/Catalunya/Barcelona,,,570251,Sail at your taste - 1 hr Sailing Yacht Sashi,Attraction-Boat Rental-Boat Tour-Dinner Boat-Events-Guided Tour-Marina-Private-Sailing-Sightseeing Tour-Snorkel-Water Activities,1,49,1361,https://fareharbor.com/embeds/calendar/tripbcn/items/570251/?asn=fhdn-eur&asn-ref=alloutdooradventures&ref=alloutdooradventures&bookable-only=yes&full-items=yes&marketplace=yes&flow=no,"<script src=""https://fareharbor.com/embeds/script/calendar/tripbcn/items/570251/?asn=fhdn-eur&asn-ref=alloutdooradventures&ref=alloutdooradventures&bookable-only=yes&full-items=yes&marketplace=yes&flow=no""></script>",https://fareharbor.com/embeds/book/tripbcn/items/570251/?asn=fhdn-eur&asn-ref=alloutdooradventures&ref=alloutdooradventures&bookable-only=yes&full-items=yes&marketplace=yes&flow=no,https://cdn.filestackcontent.com/kMa9G5dgS9iopw2WPfz2
Under The Tuscan Sun Tours,underthetuscansun,andrea@underthetuscansun.it,+393483146644,Italy/Tuscany/Florence,11.257671,43.769968,146861,Private VIP - HORSE BACK RIDING & WINE TOUR IN CHIANTI,Castle-Horse-Wine,1,48,180,https://fareharbor.com/embeds/calendar/underthetuscansun/items/146861/?asn=fhdn-eur&asn-ref=alloutdooradventures&ref=alloutdooradventures&bookable-only=yes&full-items=yes&marketplace=yes&flow=no,"<script src=""https://fareharbor.com/embeds/script/calendar/underthetuscansun/items/146861/?asn=fhdn-eur&asn-ref=alloutdooradventures&ref=alloutdooradventures&bookable-only=yes&full-items=yes&marketplace=yes&flow=no""></script>",https://fareharbor.com/embeds/book/underthetuscansun/items/146861/?asn=fhdn-eur&asn-ref=alloutdooradventures&ref=alloutdooradventures&bookable-only=yes&full-items=yes&marketplace=yes&flow=no,https://cdn.filestackcontent.com/nQvTPczwRXKBtjKqxusJ
Under The Tuscan Sun Tours,underthetuscansun,andrea@underthetuscansun.it,+393483146644,Italy/Tuscany/Florence,11.257671,43.769968,154258,ALL TUSCANY IN ONE DAY TOUR -PRIVATE VIP,Attraction-City Tour-Climbing-Farm-Food Tour-History Tour-Museum-Private-Sightseeing Tour-Winery-Wine,1,48,180,https://fareharbor.com/embeds/calendar/underthetuscansun/items/154258/?asn=fhdn-eur&asn-ref=alloutdooradventures&ref=alloutdooradventures&bookable-only=yes&full-items=yes&marketplace=yes&flow=no,"<script src=""https://fareharbor.com/embeds/script/calendar/underthetuscansun/items/154258/?asn=fhdn-eur&asn-ref=alloutdooradventures&ref=alloutdooradventures&bookable-only=yes&full-items=yes&marketplace=yes&flow=no""></script>",https://fareharbor.com/embeds/book/underthetuscansun/items/154258/?asn=fhdn-eur&asn-ref=alloutdooradventures&ref=alloutdooradventures&bookable-only=yes&full-items=yes&marketplace=yes&flow=no,https://cdn.filestackcontent.com/BtmAnu4zRsqRL7RkBH22
Under The Tuscan Sun Tours,underthetuscansun,andrea@underthetuscansun.it,+393483146644,Italy/Tuscany/Florence,11.257671,43.769968,154268,"PRIVATE VIP – Wonderful Tuscany wine tour in Chianti and visit Siena, Monteriggioni and San Gimignano",City Tour-Horse-Private-Wine,1,48,180,https://fareharbor.com/embeds/calendar/underthetuscansun/items/154268/?asn=fhdn-eur&asn-ref=alloutdooradventures&ref=alloutdooradventures&bookable-only=yes&full-items=yes&marketplace=yes&flow=no,"<script src=""https://fareharbor.com/embeds/script/calendar/underthetuscansun/items/154268/?asn=fhdn-eur&asn-ref=alloutdooradventures&ref=alloutdooradventures&bookable-only=yes&full-items=yes&marketplace=yes&flow=no""></script>",https://fareharbor.com/embeds/book/underthetuscansun/items/154268/?asn=fhdn-eur&asn-ref=alloutdooradventures&ref=alloutdooradventures&bookable-only=yes&full-items=yes&marketplace=yes&flow=no,https://cdn.filestackcontent.com/pYKLnAdQQXNF1jDwpHHB
Under The Tuscan Sun Tours,underthetuscansun,andrea@underthetuscansun.it,+393483146644,Italy/Emilia-Romagna/Bologna,11.342616,44.494887,160211,2 Ferrari Museums + Ferrari Test Drive + Traditional Balsamic Vinegar Of Modena + Gourmet Lunch In Typical Italian Trattoria,Events-History Tour-Horse-Museum-Transportation-Wine-Workshop,1,48,180,https://fareharbor.com/embeds/calendar/underthetuscansun/items/160211/?asn=fhdn-eur&asn-ref=alloutdooradventures&ref=alloutdooradventures&bookable-only=yes&full-items=yes&marketplace=yes&flow=no,"<script src=""https://fareharbor.com/embeds/script/calendar/underthetuscansun/items/160211/?asn=fhdn-eur&asn-ref=alloutdooradventures&ref=alloutdooradventures&bookable-only=yes&full-items=yes&marketplace=yes&flow=no""></script>",https://fareharbor.com/embeds/book/underthetuscansun/items/160211/?asn=fhdn-eur&asn-ref=alloutdooradventures&ref=alloutdooradventures&bookable-only=yes&full-items=yes&marketplace=yes&flow=no,https://cdn.filestackcontent.com/L2Gw7TRTtqGt5GriMQnr
Under The Tuscan Sun Tours,underthetuscansun,andrea@underthetuscansun.it,+393483146644,Italy/Tuscany/Florence,11.257671,43.769968,161625,Horse Back Riding In Chianti With Siena And Monteriggioni,Castle-Horse,1,48,180,https://fareharbor.com/embeds/calendar/underthetuscansun/items/161625/?asn=fhdn-eur&asn-ref=alloutdooradventures&ref=alloutdooradventures&bookable-only=yes&full-items=yes&marketplace=yes&flow=no,"<script src=""https://fareharbor.com/embeds/script/calendar/underthetuscansun/items/161625/?asn=fhdn-eur&asn-ref=alloutdooradventures&ref=alloutdooradventures&bookable-only=yes&full-items=yes&marketplace=yes&flow=no""></script>",https://fareharbor.com/embeds/book/underthetuscansun/items/161625/?asn=fhdn-eur&asn-ref=alloutdooradventures&ref=alloutdooradventures&bookable-only=yes&full-items=yes&marketplace=yes&flow=no,https://cdn.filestackcontent.com/fjZL8ReMTRq5goTbyOIJ
Girona Explorers,gironaexplorers,info@gironafreetour.com,+34 672883786,Spain/Catalunya/Girona,2.82378,41.98188,238456,Garrotxa Volcànica,Bus Tour-Hiking,1,48,0,https://fareharbor.com/embeds/calendar/gironaexplorers/items/238456/?asn=fhdn-eur&asn-ref=alloutdooradventures&ref=alloutdooradventures&bookable-only=yes&full-items=yes&marketplace=yes&flow=no,"<script src=""https://fareharbor.com/embeds/script/calendar/gironaexplorers/items/238456/?asn=fhdn-eur&asn-ref=alloutdooradventures&ref=alloutdooradventures&bookable-only=yes&full-items=yes&marketplace=yes&flow=no""></script>",https://fareharbor.com/embeds/book/gironaexplorers/items/238456/?asn=fhdn-eur&asn-ref=alloutdooradventures&ref=alloutdooradventures&bookable-only=yes&full-items=yes&marketplace=yes&flow=no,https://cdn.filestackcontent.com/4y5FYGorS0W9gq3kVk1c
Kletterwald Hoherodskopf,kletterwald-hoherodskopf,info@kletterwald-hoherodskopf.de,06032-869888,Germany/Hessen/Schotten,9.226225,50.510787,344589,Einzeltickets,Climbing,1,48,1332,https://fareharbor.com/embeds/calendar/kletterwald-hoherodskopf/items/344589/?asn=fhdn-eur&asn-ref=alloutdooradventures&ref=alloutdooradventures&bookable-only=yes&full-items=yes&marketplace=yes&flow=no,"<script src=""https://fareharbor.com/embeds/script/calendar/kletterwald-hoherodskopf/items/344589/?asn=fhdn-eur&asn-ref=alloutdooradventures&ref=alloutdooradventures&bookable-only=yes&full-items=yes&marketplace=yes&flow=no""></script>",https://fareharbor.com/embeds/book/kletterwald-hoherodskopf/items/344589/?asn=fhdn-eur&asn-ref=alloutdooradventures&ref=alloutdooradventures&bookable-only=yes&full-items=yes&marketplace=yes&flow=no,https://cdn.filestackcontent.com/AHpnXjVFS12So2yq3DEQ
Kletterwald Hoherodskopf,kletterwald-hoherodskopf,info@kletterwald-hoherodskopf.de,06032-869888,Germany/Hessen/Schotten,9.226225,50.510787,344591,Gruppentickets,Climbing,1,48,1965,https://fareharbor.com/embeds/calendar/kletterwald-hoherodskopf/items/344591/?asn=fhdn-eur&asn-ref=alloutdooradventures&ref=alloutdooradventures&bookable-only=yes&full-items=yes&marketplace=yes&flow=no,"<script src=""https://fareharbor.com/embeds/script/calendar/kletterwald-hoherodskopf/items/344591/?asn=fhdn-eur&asn-ref=alloutdooradventures&ref=alloutdooradventures&bookable-only=yes&full-items=yes&marketplace=yes&flow=no""></script>",https://fareharbor.com/embeds/book/kletterwald-hoherodskopf/items/344591/?asn=fhdn-eur&asn-ref=alloutdooradventures&ref=alloutdooradventures&bookable-only=yes&full-items=yes&marketplace=yes&flow=no,https://cdn.filestackcontent.com/48A1MNowS4SJj9Q6npTo
Medaqua,medaqua,info@medaqua.com,(+34) 972 752043,Spain/Catalunya/L'Estartit,3.20576,42.054548,473428,Eco-Snorkel Premium,Snorkel,1,48,0,https://fareharbor.com/embeds/calendar/medaqua/items/473428/?asn=fhdn-eur&asn-ref=alloutdooradventures&ref=alloutdooradventures&bookable-only=yes&full-items=yes&marketplace=yes&flow=no,"<script src=""https://fareharbor.com/embeds/script/calendar/medaqua/items/473428/?asn=fhdn-eur&asn-ref=alloutdooradventures&ref=alloutdooradventures&bookable-only=yes&full-items=yes&marketplace=yes&flow=no""></script>",https://fareharbor.com/embeds/book/medaqua/items/473428/?asn=fhdn-eur&asn-ref=alloutdooradventures&ref=alloutdooradventures&bookable-only=yes&full-items=yes&marketplace=yes&flow=no,https://cdn.filestackcontent.com/auU0EjuS6mNF7UJ0oQul
Action Forest,action-forest,kletterwald@action-forest.de,+49 7651 9331170,Germany/Baden-Württemberg/Titisee-Neustadt,,,542710,Tickets Kletterwald,Climbing,1,48,0,https://fareharbor.com/embeds/calendar/action-forest/items/542710/?asn=fhdn-eur&asn-ref=alloutdooradventures&ref=alloutdooradventures&bookable-only=yes&full-items=yes&marketplace=yes&flow=no,"<script src=""https://fareharbor.com/embeds/script/calendar/action-forest/items/542710/?asn=fhdn-eur&asn-ref=alloutdooradventures&ref=alloutdooradventures&bookable-only=yes&full-items=yes&marketplace=yes&flow=no""></script>",https://fareharbor.com/embeds/book/action-forest/items/542710/?asn=fhdn-eur&asn-ref=alloutdooradventures&ref=alloutdooradventures&bookable-only=yes&full-items=yes&marketplace=yes&flow=no,https://cdn.filestackcontent.com/SgEHg9GiQ2KKYzVrWR7b
Culebra Snorkel with Locals,snorkelwithlocals,snorkelwithlocals@gmail.com,939 358 4236,Puerto Rico/Culebra/Culebra,,,567588,Coral Reef and Sea Turtle Snorkeling Tour,Snorkel,1,48,180,https://fareharbor.com/embeds/calendar/snorkelwithlocals/items/567588/?asn=fhdn&asn-ref=alloutdooradventures&ref=alloutdooradventures&bookable-only=yes&full-items=yes&marketplace=yes&flow=no,"<script src=""https://fareharbor.com/embeds/script/calendar/snorkelwithlocals/items/567588/?asn=fhdn&asn-ref=alloutdooradventures&ref=alloutdooradventures&bookable-only=yes&full-items=yes&marketplace=yes&flow=no""></script>",https://fareharbor.com/embeds/book/snorkelwithlocals/items/567588/?asn=fhdn&asn-ref=alloutdooradventures&ref=alloutdooradventures&bookable-only=yes&full-items=yes&marketplace=yes&flow=no,https://cdn.filestackcontent.com/3E2g7z5KRbe7c79joOGg
Karleyth Diving,karleythdiving,info@karleythdiving.co.uk,07375 931692,United Kingdom/England/St Mawes,,,611341,SSI Open Water Course,Scuba,1,48,102,https://fareharbor.com/embeds/calendar/karleythdiving/items/611341/?asn=fhdn-gbp&asn-ref=alloutdooradventures&ref=alloutdooradventures&bookable-only=yes&full-items=yes&marketplace=yes&flow=no,"<script src=""https://fareharbor.com/embeds/script/calendar/karleythdiving/items/611341/?asn=fhdn-gbp&asn-ref=alloutdooradventures&ref=alloutdooradventures&bookable-only=yes&full-items=yes&marketplace=yes&flow=no""></script>",https://fareharbor.com/embeds/book/karleythdiving/items/611341/?asn=fhdn-gbp&asn-ref=alloutdooradventures&ref=alloutdooradventures&bookable-only=yes&full-items=yes&marketplace=yes&flow=no,https://cdn.filestackcontent.com/h6dO4HCDSgO5cvat8CBk
"Black Forest Magic - Schneesportschule, Kanu & Rafting & Outdoorschule",blackforestmagic,info@blackforestmagic.de,+49 7664 6137700,Germany/Baden-Württemberg/Bad Bellingen,7.549946,47.731662,628077,geführte Kanutour am Altrhein (Bad Bellingen bis Grissheim),Canoe,4,48,0,https://fareharbor.com/embeds/calendar/blackforestmagic/items/628077/?asn=fhdn-eur&asn-ref=alloutdooradventures&ref=alloutdooradventures&bookable-only=yes&full-items=yes&marketplace=yes&flow=no,"<script src=""https://fareharbor.com/embeds/script/calendar/blackforestmagic/items/628077/?asn=fhdn-eur&asn-ref=alloutdooradventures&ref=alloutdooradventures&bookable-only=yes&full-items=yes&marketplace=yes&flow=no""></script>",https://fareharbor.com/embeds/book/blackforestmagic/items/628077/?asn=fhdn-eur&asn-ref=alloutdooradventures&ref=alloutdooradventures&bookable-only=yes&full-items=yes&marketplace=yes&flow=no,https://cdn.filestackcontent.com/K6Ojj4qvSe6mgqMwNhmM
Ecotour Experiences,ecotourexperiences,info@ecotourexperiences.com,+34 644592104,Spain/Catalunya,0.874014,42.701169,666078,Ascensión al Tuc de Montarto,Hiking,1,48,78,https://fareharbor.com/embeds/calendar/ecotourexperiences/items/666078/?asn=fhdn-eur&asn-ref=alloutdooradventures&ref=alloutdooradventures&bookable-only=yes&full-items=yes&marketplace=yes&flow=no,"<script src=""https://fareharbor.com/embeds/script/calendar/ecotourexperiences/items/666078/?asn=fhdn-eur&asn-ref=alloutdooradventures&ref=alloutdooradventures&bookable-only=yes&full-items=yes&marketplace=yes&flow=no""></script>",https://fareharbor.com/embeds/book/ecotourexperiences/items/666078/?asn=fhdn-eur&asn-ref=alloutdooradventures&ref=alloutdooradventures&bookable-only=yes&full-items=yes&marketplace=yes&flow=no,https://cdn.filestackcontent.com/yNBcGZXuSNmz6qPeCcvQ
Ecotour Experiences,ecotourexperiences,info@ecotourexperiences.com,+34 644592104,Spain/Aragon/Aneto,0.6962,42.58172,666095,Ruta circular al pico de Vallibierna (+3000m),Hiking,1,48,78,https://fareharbor.com/embeds/calendar/ecotourexperiences/items/666095/?asn=fhdn-eur&asn-ref=alloutdooradventures&ref=alloutdooradventures&bookable-only=yes&full-items=yes&marketplace=yes&flow=no,"<script src=""https://fareharbor.com/embeds/script/calendar/ecotourexperiences/items/666095/?asn=fhdn-eur&asn-ref=alloutdooradventures&ref=alloutdooradventures&bookable-only=yes&full-items=yes&marketplace=yes&flow=no""></script>",https://fareharbor.com/embeds/book/ecotourexperiences/items/666095/?asn=fhdn-eur&asn-ref=alloutdooradventures&ref=alloutdooradventures&bookable-only=yes&full-items=yes&marketplace=yes&flow=no,https://cdn.filestackcontent.com/qMv9vXxWQ021UAR0IWUo
Ecotour Experiences,ecotourexperiences,info@ecotourexperiences.com,+34 644592104,Spain/Catalunya,0.843159,42.56263,666098,Ruta Estany de Besiberri,Hiking,1,48,109,https://fareharbor.com/embeds/calendar/ecotourexperiences/items/666098/?asn=fhdn-eur&asn-ref=alloutdooradventures&ref=alloutdooradventures&bookable-only=yes&full-items=yes&marketplace=yes&flow=no,"<script src=""https://fareharbor.com/embeds/script/calendar/ecotourexperiences/items/666098/?asn=fhdn-eur&asn-ref=alloutdooradventures&ref=alloutdooradventures&bookable-only=yes&full-items=yes&marketplace=yes&flow=no""></script>",https://fareharbor.com/embeds/book/ecotourexperiences/items/666098/?asn=fhdn-eur&asn-ref=alloutdooradventures&ref=alloutdooradventures&bookable-only=yes&full-items=yes&marketplace=yes&flow=no,https://cdn.filestackcontent.com/zsvBib0jSzeWKqddNLVz
Ecotour Experiences,ecotourexperiences,info@ecotourexperiences.com,+34 644592104,Spain/Catalunya,0.843159,42.56263,666104,Ruta a los Estanys de Gémena,Hiking,1,48,78,https://fareharbor.com/embeds/calendar/ecotourexperiences/items/666104/?asn=fhdn-eur&asn-ref=alloutdooradventures&ref=alloutdooradventures&bookable-only=yes&full-items=yes&marketplace=yes&flow=no,"<script src=""https://fareharbor.com/embeds/script/calendar/ecotourexperiences/items/666104/?asn=fhdn-eur&asn-ref=alloutdooradventures&ref=alloutdooradventures&bookable-only=yes&full-items=yes&marketplace=yes&flow=no""></script>",https://fareharbor.com/embeds/book/ecotourexperiences/items/666104/?asn=fhdn-eur&asn-ref=alloutdooradventures&ref=alloutdooradventures&bookable-only=yes&full-items=yes&marketplace=yes&flow=no,https://cdn.filestackcontent.com/2c5bvtJzRhOIj2cXzgLa
Ecotour Experiences,ecotourexperiences,info@ecotourexperiences.com,+34 644592104,Spain/Aragon/Aneto,0.6962,42.58172,666115,Ruta Ibones de Anglios (Estival),Hiking,1,48,109,https://fareharbor.com/embeds/calendar/ecotourexperiences/items/666115/?asn=fhdn-eur&asn-ref=alloutdooradventures&ref=alloutdooradventures&bookable-only=yes&full-items=yes&marketplace=yes&flow=no,"<script src=""https://fareharbor.com/embeds/script/calendar/ecotourexperiences/items/666115/?asn=fhdn-eur&asn-ref=alloutdooradventures&ref=alloutdooradventures&bookable-only=yes&full-items=yes&marketplace=yes&flow=no""></script>",https://fareharbor.com/embeds/book/ecotourexperiences/items/666115/?asn=fhdn-eur&asn-ref=alloutdooradventures&ref=alloutdooradventures&bookable-only=yes&full-items=yes&marketplace=yes&flow=no,https://cdn.filestackcontent.com/JFshCtAtRJO8Oreji89C
Ecotour Experiences,ecotourexperiences,info@ecotourexperiences.com,+34 644592104,Spain/Catalunya/Naut Aran,0.963109,42.726899,666386,Santuario de Montgarri (Estival),Hiking,1,48,109,https://fareharbor.com/embeds/calendar/ecotourexperiences/items/666386/?asn=fhdn-eur&asn-ref=alloutdooradventures&ref=alloutdooradventures&bookable-only=yes&full-items=yes&marketplace=yes&flow=no,"<script src=""https://fareharbor.com/embeds/script/calendar/ecotourexperiences/items/666386/?asn=fhdn-eur&asn-ref=alloutdooradventures&ref=alloutdooradventures&bookable-only=yes&full-items=yes&marketplace=yes&flow=no""></script>",https://fareharbor.com/embeds/book/ecotourexperiences/items/666386/?asn=fhdn-eur&asn-ref=alloutdooradventures&ref=alloutdooradventures&bookable-only=yes&full-items=yes&marketplace=yes&flow=no,https://cdn.filestackcontent.com/bip0WTS2u1H8a8rm5fPg
Montefusco Cycling,roadcycling,claudio@roadcycling.barcelona,+34 607 51 57 82,Spain/Catalunya/Barcelona,,,199796,Gravel cycling around Barcelona,Bike Tour,1,47,164,https://fareharbor.com/embeds/calendar/roadcycling/items/199796/?asn=fhdn-eur&asn-ref=alloutdooradventures&ref=alloutdooradventures&bookable-only=yes&full-items=yes&marketplace=yes&flow=no,"<script src=""https://fareharbor.com/embeds/script/calendar/roadcycling/items/199796/?asn=fhdn-eur&asn-ref=alloutdooradventures&ref=alloutdooradventures&bookable-only=yes&full-items=yes&marketplace=yes&flow=no""></script>",https://fareharbor.com/embeds/book/roadcycling/items/199796/?asn=fhdn-eur&asn-ref=alloutdooradventures&ref=alloutdooradventures&bookable-only=yes&full-items=yes&marketplace=yes&flow=no,https://cdn.filestackcontent.com/AggF0GUSBii3sboQW1LV
Catalan Trails,catalantrails,info@catalantrails.com,+34604175927,Spain/Catalunya/El Talladell,,,287398,Caminada Rural del Talladell,Hiking,2,47,0,https://fareharbor.com/embeds/calendar/catalantrails/items/287398/?asn=fhdn-eur&asn-ref=alloutdooradventures&ref=alloutdooradventures&bookable-only=yes&full-items=yes&marketplace=yes&flow=no,"<script src=""https://fareharbor.com/embeds/script/calendar/catalantrails/items/287398/?asn=fhdn-eur&asn-ref=alloutdooradventures&ref=alloutdooradventures&bookable-only=yes&full-items=yes&marketplace=yes&flow=no""></script>",https://fareharbor.com/embeds/book/catalantrails/items/287398/?asn=fhdn-eur&asn-ref=alloutdooradventures&ref=alloutdooradventures&bookable-only=yes&full-items=yes&marketplace=yes&flow=no,https://cdn.filestackcontent.com/md8pQk3SQGf1aNQaNF5m
Bologna Tour,bolognatour,info@bolognatour.eu,+39 3920060314,Italy/Emilia-Romagna/Bologna,,,307518,Sorrento: One Day Private Boat Tour of Capri,Boat Tour-Private-Snorkel-Transportation,4,47,0,https://fareharbor.com/embeds/calendar/bolognatour/items/307518/?asn=fhdn-eur&asn-ref=alloutdooradventures&ref=alloutdooradventures&bookable-only=yes&full-items=yes&marketplace=yes&flow=no,"<script src=""https://fareharbor.com/embeds/script/calendar/bolognatour/items/307518/?asn=fhdn-eur&asn-ref=alloutdooradventures&ref=alloutdooradventures&bookable-only=yes&full-items=yes&marketplace=yes&flow=no""></script>",https://fareharbor.com/embeds/book/bolognatour/items/307518/?asn=fhdn-eur&asn-ref=alloutdooradventures&ref=alloutdooradventures&bookable-only=yes&full-items=yes&marketplace=yes&flow=no,https://cdn.filestackcontent.com/9FWb2Pa8SYeHo4VpNqxw
Leie Adventures,deinzekajakt,info@leie-adventures.be,+32 9 496 89 66,Belgium/Vlaams Gewest/Deinze,,,592541,Kano huur,Canoe,1,46,0,https://fareharbor.com/embeds/calendar/deinzekajakt/items/592541/?asn=fhdn-eur&asn-ref=alloutdooradventures&ref=alloutdooradventures&bookable-only=yes&full-items=yes&marketplace=yes&flow=no,"<script src=""https://fareharbor.com/embeds/script/calendar/deinzekajakt/items/592541/?asn=fhdn-eur&asn-ref=alloutdooradventures&ref=alloutdooradventures&bookable-only=yes&full-items=yes&marketplace=yes&flow=no""></script>",https://fareharbor.com/embeds/book/deinzekajakt/items/592541/?asn=fhdn-eur&asn-ref=alloutdooradventures&ref=alloutdooradventures&bookable-only=yes&full-items=yes&marketplace=yes&flow=no,https://cdn.filestackcontent.com/pZNO6JwQCGXlRsSjnQDq
Kanuuh,kanuuh,info@kanuuh.de,+49 08421 /2110,Germany/Bayern/Solnhofen,10.974497,48.929226,631653,"1,5 Tagestour Pappenheim-Dollnstein",Boat Rental-Boat Tour-Canoe-Self-Guided Tour-Water Activities,1,46,125,https://fareharbor.com/embeds/calendar/kanuuh/items/631653/?asn=fhdn-eur&asn-ref=alloutdooradventures&ref=alloutdooradventures&bookable-only=yes&full-items=yes&marketplace=yes&flow=no,"<script src=""https://fareharbor.com/embeds/script/calendar/kanuuh/items/631653/?asn=fhdn-eur&asn-ref=alloutdooradventures&ref=alloutdooradventures&bookable-only=yes&full-items=yes&marketplace=yes&flow=no""></script>",https://fareharbor.com/embeds/book/kanuuh/items/631653/?asn=fhdn-eur&asn-ref=alloutdooradventures&ref=alloutdooradventures&bookable-only=yes&full-items=yes&marketplace=yes&flow=no,https://cdn.filestackcontent.com/4AMjfRNSA6j5L4B9Kwn0
Kanuuh,kanuuh,info@kanuuh.de,+49 08421 /2110,Germany/Bavaria/Treuchtlingen,10.911973,48.952059,631664,2 Tagestour Treuchtlingen-Eichstätt,Boat Rental-Boat Tour-Canoe-Self-Guided Tour-Water Activities,1,46,125,https://fareharbor.com/embeds/calendar/kanuuh/items/631664/?asn=fhdn-eur&asn-ref=alloutdooradventures&ref=alloutdooradventures&bookable-only=yes&full-items=yes&marketplace=yes&flow=no,"<script src=""https://fareharbor.com/embeds/script/calendar/kanuuh/items/631664/?asn=fhdn-eur&asn-ref=alloutdooradventures&ref=alloutdooradventures&bookable-only=yes&full-items=yes&marketplace=yes&flow=no""></script>",https://fareharbor.com/embeds/book/kanuuh/items/631664/?asn=fhdn-eur&asn-ref=alloutdooradventures&ref=alloutdooradventures&bookable-only=yes&full-items=yes&marketplace=yes&flow=no,https://cdn.filestackcontent.com/72EQXp7UTXq06CnjrnYJ
Kanuuh,kanuuh,info@kanuuh.de,+49 08421 /2110,Germany/Bayern/Solnhofen,10.974497,48.929226,631667,2 Tagestour Pappenheim-Eichstätt,Boat Rental-Boat Tour-Canoe-Self-Guided Tour-Water Activities,1,46,125,https://fareharbor.com/embeds/calendar/kanuuh/items/631667/?asn=fhdn-eur&asn-ref=alloutdooradventures&ref=alloutdooradventures&bookable-only=yes&full-items=yes&marketplace=yes&flow=no,"<script src=""https://fareharbor.com/embeds/script/calendar/kanuuh/items/631667/?asn=fhdn-eur&asn-ref=alloutdooradventures&ref=alloutdooradventures&bookable-only=yes&full-items=yes&marketplace=yes&flow=no""></script>",https://fareharbor.com/embeds/book/kanuuh/items/631667/?asn=fhdn-eur&asn-ref=alloutdooradventures&ref=alloutdooradventures&bookable-only=yes&full-items=yes&marketplace=yes&flow=no,https://cdn.filestackcontent.com/PrdcYXmT8CFt3lzwutV0
Farm Experiences & Tours,portugalfarmexperience,hello@portugalfarmexperiences.com,911701055,Spain/Aragón/La Codoñera,-0.086394,40.934215,674879,Aragon Hike & Olive Oil Tasting Experience,Hiking,4,46,0,https://fareharbor.com/embeds/calendar/portugalfarmexperience/items/674879/?asn=fhdn-eur&asn-ref=alloutdooradventures&ref=alloutdooradventures&bookable-only=yes&full-items=yes&marketplace=yes&flow=no,"<script src=""https://fareharbor.com/embeds/script/calendar/portugalfarmexperience/items/674879/?asn=fhdn-eur&asn-ref=alloutdooradventures&ref=alloutdooradventures&bookable-only=yes&full-items=yes&marketplace=yes&flow=no""></script>",https://fareharbor.com/embeds/book/portugalfarmexperience/items/674879/?asn=fhdn-eur&asn-ref=alloutdooradventures&ref=alloutdooradventures&bookable-only=yes&full-items=yes&marketplace=yes&flow=no,https://cdn.filestackcontent.com/bASPWbLRUCDHa5ewumxe
cult-touren,cult-touren,info@cult-touren.de,0049 163 4948005,Germany/Hessen/Rüdesheim am Rhein,,,130922,Rheingauer E-Bike Tour West,Bike Tour-E-Bike,8,45,2,https://fareharbor.com/embeds/calendar/cult-touren/items/130922/?asn=fhdn-eur&asn-ref=alloutdooradventures&ref=alloutdooradventures&bookable-only=yes&full-items=yes&marketplace=yes&flow=no,"<script src=""https://fareharbor.com/embeds/script/calendar/cult-touren/items/130922/?asn=fhdn-eur&asn-ref=alloutdooradventures&ref=alloutdooradventures&bookable-only=yes&full-items=yes&marketplace=yes&flow=no""></script>",https://fareharbor.com/embeds/book/cult-touren/items/130922/?asn=fhdn-eur&asn-ref=alloutdooradventures&ref=alloutdooradventures&bookable-only=yes&full-items=yes&marketplace=yes&flow=no,https://cdn.filestackcontent.com/rD2pWoxKTeHvJzFELVXC
cult-touren,cult-touren,info@cult-touren.de,0049 163 4948005,Germany/Hessen/Dietzenbach,,,154154,"Familienwanderung mit Islandponys – unerschrocken, mutig und trittsicher",Horse,11,45,0,https://fareharbor.com/embeds/calendar/cult-touren/items/154154/?asn=fhdn-eur&asn-ref=alloutdooradventures&ref=alloutdooradventures&bookable-only=yes&full-items=yes&marketplace=yes&flow=no,"<script src=""https://fareharbor.com/embeds/script/calendar/cult-touren/items/154154/?asn=fhdn-eur&asn-ref=alloutdooradventures&ref=alloutdooradventures&bookable-only=yes&full-items=yes&marketplace=yes&flow=no""></script>",https://fareharbor.com/embeds/book/cult-touren/items/154154/?asn=fhdn-eur&asn-ref=alloutdooradventures&ref=alloutdooradventures&bookable-only=yes&full-items=yes&marketplace=yes&flow=no,https://cdn.filestackcontent.com/Fu6jQ46T7OXpwdTA7kgw
Bologna Tour,bolognatour,info@bolognatour.eu,+39 3920060314,Italy/Emilia-Romagna/Bologna,,,320181,S.Margherita Portofino San Fruttuoso Boat Tour,Boat Tour-Private-Snorkel-Transportation,3,45,0,https://fareharbor.com/embeds/calendar/bolognatour/items/320181/?asn=fhdn-eur&asn-ref=alloutdooradventures&ref=alloutdooradventures&bookable-only=yes&full-items=yes&marketplace=yes&flow=no,"<script src=""https://fareharbor.com/embeds/script/calendar/bolognatour/items/320181/?asn=fhdn-eur&asn-ref=alloutdooradventures&ref=alloutdooradventures&bookable-only=yes&full-items=yes&marketplace=yes&flow=no""></script>",https://fareharbor.com/embeds/book/bolognatour/items/320181/?asn=fhdn-eur&asn-ref=alloutdooradventures&ref=alloutdooradventures&bookable-only=yes&full-items=yes&marketplace=yes&flow=no,https://cdn.filestackcontent.com/qXIDfaEUTJG0EQWhzuTR
Toscana Adventure Team,tateam,info@tateam.it,0039 347 8974708,Italy/Toscana/Fabbriche di Vergemoli,10.448951,44.00471,540482,Rio Selvano Canyoning Experience,Climbing,5,45,278,https://fareharbor.com/embeds/calendar/tateam/items/540482/?asn=fhdn-eur&asn-ref=alloutdooradventures&ref=alloutdooradventures&bookable-only=yes&full-items=yes&marketplace=yes&flow=no,"<script src=""https://fareharbor.com/embeds/script/calendar/tateam/items/540482/?asn=fhdn-eur&asn-ref=alloutdooradventures&ref=alloutdooradventures&bookable-only=yes&full-items=yes&marketplace=yes&flow=no""></script>",https://fareharbor.com/embeds/book/tateam/items/540482/?asn=fhdn-eur&asn-ref=alloutdooradventures&ref=alloutdooradventures&bookable-only=yes&full-items=yes&marketplace=yes&flow=no,https://cdn.filestackcontent.com/ZZ5fQfqWSQaBaccCKtOR
Toscana Adventure Team,tateam,info@tateam.it,0039 347 8974708,Italy/Toscana/Vaiano,11.134072,43.925083,540485,Fonte Buia - Speleo Canyoning experience,Climbing,7,45,340,https://fareharbor.com/embeds/calendar/tateam/items/540485/?asn=fhdn-eur&asn-ref=alloutdooradventures&ref=alloutdooradventures&bookable-only=yes&full-items=yes&marketplace=yes&flow=no,"<script src=""https://fareharbor.com/embeds/script/calendar/tateam/items/540485/?asn=fhdn-eur&asn-ref=alloutdooradventures&ref=alloutdooradventures&bookable-only=yes&full-items=yes&marketplace=yes&flow=no""></script>",https://fareharbor.com/embeds/book/tateam/items/540485/?asn=fhdn-eur&asn-ref=alloutdooradventures&ref=alloutdooradventures&bookable-only=yes&full-items=yes&marketplace=yes&flow=no,https://cdn.filestackcontent.com/iFO6rqRTumzRsArmfKCj
Donautal Touristik,donautaltouristik,info@donautal-touristik.de,+4975799219725,Germany/Baden-Württemberg/Beuron,,,586839,Befahrungsscheine,Canoe,1,45,670,https://fareharbor.com/embeds/calendar/donautaltouristik/items/586839/?asn=fhdn-eur&asn-ref=alloutdooradventures&ref=alloutdooradventures&bookable-only=yes&full-items=yes&marketplace=yes&flow=no,"<script src=""https://fareharbor.com/embeds/script/calendar/donautaltouristik/items/586839/?asn=fhdn-eur&asn-ref=alloutdooradventures&ref=alloutdooradventures&bookable-only=yes&full-items=yes&marketplace=yes&flow=no""></script>",https://fareharbor.com/embeds/book/donautaltouristik/items/586839/?asn=fhdn-eur&asn-ref=alloutdooradventures&ref=alloutdooradventures&bookable-only=yes&full-items=yes&marketplace=yes&flow=no,https://cdn.filestackcontent.com/XQluKOcqQJSAk5EHywZw
Charentes in Flow,charentesinflow,laurette@charentesinflow.fr,+33627960622,France/Nouvelle-Aquitaine/Échallat,,,588250,Food-Pairing,Eco Tour-Food Tour,1,45,0,https://fareharbor.com/embeds/calendar/charentesinflow/items/588250/?asn=fhdn-eur&asn-ref=alloutdooradventures&ref=alloutdooradventures&bookable-only=yes&full-items=yes&marketplace=yes&flow=no,"<script src=""https://fareharbor.com/embeds/script/calendar/charentesinflow/items/588250/?asn=fhdn-eur&asn-ref=alloutdooradventures&ref=alloutdooradventures&bookable-only=yes&full-items=yes&marketplace=yes&flow=no""></script>",https://fareharbor.com/embeds/book/charentesinflow/items/588250/?asn=fhdn-eur&asn-ref=alloutdooradventures&ref=alloutdooradventures&bookable-only=yes&full-items=yes&marketplace=yes&flow=no,https://cdn.filestackcontent.com/qwPlHt5QxufMoPfge2tC
Kayaks Cavall Bernat,kayakscavallbernat,info@kayakscavallbernat.com,+34 637472665,Spain/Catalunya/Platja d'Aro,,,617403,Kayak & Snorkel Experience,Kayak-Scuba,1,45,160,https://fareharbor.com/embeds/calendar/kayakscavallbernat/items/617403/?asn=fhdn-eur&asn-ref=alloutdooradventures&ref=alloutdooradventures&bookable-only=yes&full-items=yes&marketplace=yes&flow=no,"<script src=""https://fareharbor.com/embeds/script/calendar/kayakscavallbernat/items/617403/?asn=fhdn-eur&asn-ref=alloutdooradventures&ref=alloutdooradventures&bookable-only=yes&full-items=yes&marketplace=yes&flow=no""></script>",https://fareharbor.com/embeds/book/kayakscavallbernat/items/617403/?asn=fhdn-eur&asn-ref=alloutdooradventures&ref=alloutdooradventures&bookable-only=yes&full-items=yes&marketplace=yes&flow=no,https://cdn.filestackcontent.com/nOAAYE5ZSoeTMKTRy6Qm
"Black Forest Magic - Schneesportschule, Kanu & Rafting & Outdoorschule",blackforestmagic,info@blackforestmagic.de,+49 7664 6137700,Germany/Baden-Württemberg/Riegel am Kaiserstuhl,7.756062,48.154438,628090,geführte Kanutour an der Alten Elz (Riegel bis Oberhausen),Canoe,4,45,0,https://fareharbor.com/embeds/calendar/blackforestmagic/items/628090/?asn=fhdn-eur&asn-ref=alloutdooradventures&ref=alloutdooradventures&bookable-only=yes&full-items=yes&marketplace=yes&flow=no,"<script src=""https://fareharbor.com/embeds/script/calendar/blackforestmagic/items/628090/?asn=fhdn-eur&asn-ref=alloutdooradventures&ref=alloutdooradventures&bookable-only=yes&full-items=yes&marketplace=yes&flow=no""></script>",https://fareharbor.com/embeds/book/blackforestmagic/items/628090/?asn=fhdn-eur&asn-ref=alloutdooradventures&ref=alloutdooradventures&bookable-only=yes&full-items=yes&marketplace=yes&flow=no,https://cdn.filestackcontent.com/Dwsvc6muQc2iIsNWpyC4
Kanuuh,kanuuh,info@kanuuh.de,+49 08421 /2110,Germany/Bavaria/Treuchtlingen,10.911973,48.952059,631660,2 Tagestour Treuchtlingen-Dollnstein,Boat Rental-Boat Tour-Canoe-Self-Guided Tour-Water Activities,1,45,125,https://fareharbor.com/embeds/calendar/kanuuh/items/631660/?asn=fhdn-eur&asn-ref=alloutdooradventures&ref=alloutdooradventures&bookable-only=yes&full-items=yes&marketplace=yes&flow=no,"<script src=""https://fareharbor.com/embeds/script/calendar/kanuuh/items/631660/?asn=fhdn-eur&asn-ref=alloutdooradventures&ref=alloutdooradventures&bookable-only=yes&full-items=yes&marketplace=yes&flow=no""></script>",https://fareharbor.com/embeds/book/kanuuh/items/631660/?asn=fhdn-eur&asn-ref=alloutdooradventures&ref=alloutdooradventures&bookable-only=yes&full-items=yes&marketplace=yes&flow=no,https://cdn.filestackcontent.com/zfyn19SiSiisPUxNQMW9
Kanuuh,kanuuh,info@kanuuh.de,+49 08421 /2110,Germany/Bavaria/Treuchtlingen,10.911973,48.952059,631671,3 Tagestour Treuchtlingen-Eichstätt,Boat Rental-Boat Tour-Canoe-Self-Guided Tour-Water Activities,1,45,125,https://fareharbor.com/embeds/calendar/kanuuh/items/631671/?asn=fhdn-eur&asn-ref=alloutdooradventures&ref=alloutdooradventures&bookable-only=yes&full-items=yes&marketplace=yes&flow=no,"<script src=""https://fareharbor.com/embeds/script/calendar/kanuuh/items/631671/?asn=fhdn-eur&asn-ref=alloutdooradventures&ref=alloutdooradventures&bookable-only=yes&full-items=yes&marketplace=yes&flow=no""></script>",https://fareharbor.com/embeds/book/kanuuh/items/631671/?asn=fhdn-eur&asn-ref=alloutdooradventures&ref=alloutdooradventures&bookable-only=yes&full-items=yes&marketplace=yes&flow=no,https://cdn.filestackcontent.com/4nrcHiciScqfQ67to9Yj
Rafting Lombardia,raftinglombardia,inlombardia@gmail.com,+39 0342212123,Italy/Lombardia/Tresenda,,,635035,Rafting Full Fun,Rafting,1,45,219,https://fareharbor.com/embeds/calendar/raftinglombardia/items/635035/?asn=fhdn-eur&asn-ref=alloutdooradventures&ref=alloutdooradventures&bookable-only=yes&full-items=yes&marketplace=yes&flow=no,"<script src=""https://fareharbor.com/embeds/script/calendar/raftinglombardia/items/635035/?asn=fhdn-eur&asn-ref=alloutdooradventures&ref=alloutdooradventures&bookable-only=yes&full-items=yes&marketplace=yes&flow=no""></script>",https://fareharbor.com/embeds/book/raftinglombardia/items/635035/?asn=fhdn-eur&asn-ref=alloutdooradventures&ref=alloutdooradventures&bookable-only=yes&full-items=yes&marketplace=yes&flow=no,https://cdn.filestackcontent.com/9Ch22njrQJ6eVxliQDEh
cult-touren,cult-touren,info@cult-touren.de,0049 163 4948005,Germany/Hessen/Walluf,,,130920,Rheingauer E-Bike Tour Ost,Bike Tour-E-Bike,9,44,1,https://fareharbor.com/embeds/calendar/cult-touren/items/130920/?asn=fhdn-eur&asn-ref=alloutdooradventures&ref=alloutdooradventures&bookable-only=yes&full-items=yes&marketplace=yes&flow=no,"<script src=""https://fareharbor.com/embeds/script/calendar/cult-touren/items/130920/?asn=fhdn-eur&asn-ref=alloutdooradventures&ref=alloutdooradventures&bookable-only=yes&full-items=yes&marketplace=yes&flow=no""></script>",https://fareharbor.com/embeds/book/cult-touren/items/130920/?asn=fhdn-eur&asn-ref=alloutdooradventures&ref=alloutdooradventures&bookable-only=yes&full-items=yes&marketplace=yes&flow=no,https://cdn.filestackcontent.com/tReTXAp8Sc7Cvy3qykfF
"One Life, Hike it",jkerr,jamie@jkerr.net,+34 612 562 545,Spain/Catalunya/Barcelona,2.201618,41.391049,261553,Montserrat Mountain Hiking Tour to Sant Jeroni,Hiking-History Tour-Walking Tour,5,44,0,https://fareharbor.com/embeds/calendar/jkerr/items/261553/?asn=fhdn-eur&asn-ref=alloutdooradventures&ref=alloutdooradventures&bookable-only=yes&full-items=yes&marketplace=yes&flow=no,"<script src=""https://fareharbor.com/embeds/script/calendar/jkerr/items/261553/?asn=fhdn-eur&asn-ref=alloutdooradventures&ref=alloutdooradventures&bookable-only=yes&full-items=yes&marketplace=yes&flow=no""></script>",https://fareharbor.com/embeds/book/jkerr/items/261553/?asn=fhdn-eur&asn-ref=alloutdooradventures&ref=alloutdooradventures&bookable-only=yes&full-items=yes&marketplace=yes&flow=no,https://cdn.filestackcontent.com/G9ioNweQbqTysfFdujcw
Abenteuer im Wald,abenteuerimwald,info@abenteuer-im-wald.de,497644927874,Germany/Baden-Württemberg/Kenzingen,,,652223,Geburtstag,Climbing-Other,3,44,861,https://fareharbor.com/embeds/calendar/abenteuerimwald/items/652223/?asn=fhdn-eur&asn-ref=alloutdooradventures&ref=alloutdooradventures&bookable-only=yes&full-items=yes&marketplace=yes&flow=no,"<script src=""https://fareharbor.com/embeds/script/calendar/abenteuerimwald/items/652223/?asn=fhdn-eur&asn-ref=alloutdooradventures&ref=alloutdooradventures&bookable-only=yes&full-items=yes&marketplace=yes&flow=no""></script>",https://fareharbor.com/embeds/book/abenteuerimwald/items/652223/?asn=fhdn-eur&asn-ref=alloutdooradventures&ref=alloutdooradventures&bookable-only=yes&full-items=yes&marketplace=yes&flow=no,https://cdn.filestackcontent.com/kjjhJJE9S22Hb4YE0Ntb
Ohana Diving,ohanadiving,info@ohanadiving.es,+34 605 837 952,Spain/Cataluña/Cambrils,,,657346,Snorkel en la Costa Dorada,Snorkel-Water Activities,1,44,360,https://fareharbor.com/embeds/calendar/ohanadiving/items/657346/?asn=fhdn-eur&asn-ref=alloutdooradventures&ref=alloutdooradventures&bookable-only=yes&full-items=yes&marketplace=yes&flow=no,"<script src=""https://fareharbor.com/embeds/script/calendar/ohanadiving/items/657346/?asn=fhdn-eur&asn-ref=alloutdooradventures&ref=alloutdooradventures&bookable-only=yes&full-items=yes&marketplace=yes&flow=no""></script>",https://fareharbor.com/embeds/book/ohanadiving/items/657346/?asn=fhdn-eur&asn-ref=alloutdooradventures&ref=alloutdooradventures&bookable-only=yes&full-items=yes&marketplace=yes&flow=no,https://cdn.filestackcontent.com/2bXNw3uvRuGj3cQS3tCq
Le Haras des Ouches,harasdesouches,contactcemedicis@gmail.com,+33671466357,France/Nouvelle-Aquitaine/Roiffé,0.045789,47.160655,211987,Cours de Voltige 1 h,Horse,1,43,0,https://fareharbor.com/embeds/calendar/harasdesouches/items/211987/?asn=fhdn-eur&asn-ref=alloutdooradventures&ref=alloutdooradventures&bookable-only=yes&full-items=yes&marketplace=yes&flow=no,"<script src=""https://fareharbor.com/embeds/script/calendar/harasdesouches/items/211987/?asn=fhdn-eur&asn-ref=alloutdooradventures&ref=alloutdooradventures&bookable-only=yes&full-items=yes&marketplace=yes&flow=no""></script>",https://fareharbor.com/embeds/book/harasdesouches/items/211987/?asn=fhdn-eur&asn-ref=alloutdooradventures&ref=alloutdooradventures&bookable-only=yes&full-items=yes&marketplace=yes&flow=no,https://cdn.filestackcontent.com/UHBgVBa7QQ4n3fN13xi4
Catalan Trails,catalantrails,info@catalantrails.com,+34604175927,Spain/Catalonia/Tàrrega,,,365462,Cursa d'Orientació Tàrrega,Hiking,1,43,0,https://fareharbor.com/embeds/calendar/catalantrails/items/365462/?asn=fhdn-eur&asn-ref=alloutdooradventures&ref=alloutdooradventures&bookable-only=yes&full-items=yes&marketplace=yes&flow=no,"<script src=""https://fareharbor.com/embeds/script/calendar/catalantrails/items/365462/?asn=fhdn-eur&asn-ref=alloutdooradventures&ref=alloutdooradventures&bookable-only=yes&full-items=yes&marketplace=yes&flow=no""></script>",https://fareharbor.com/embeds/book/catalantrails/items/365462/?asn=fhdn-eur&asn-ref=alloutdooradventures&ref=alloutdooradventures&bookable-only=yes&full-items=yes&marketplace=yes&flow=no,https://cdn.filestackcontent.com/qLkZZIMzSf6kjI4WK2WQ
Ecotour Experiences,ecotourexperiences,info@ecotourexperiences.com,+34 644592104,Spain/Catalunya,0.765908,42.615015,666094,Ascensión Besiberri Sud y Pic de Comaloforno,Hiking,1,43,0,https://fareharbor.com/embeds/calendar/ecotourexperiences/items/666094/?asn=fhdn-eur&asn-ref=alloutdooradventures&ref=alloutdooradventures&bookable-only=yes&full-items=yes&marketplace=yes&flow=no,"<script src=""https://fareharbor.com/embeds/script/calendar/ecotourexperiences/items/666094/?asn=fhdn-eur&asn-ref=alloutdooradventures&ref=alloutdooradventures&bookable-only=yes&full-items=yes&marketplace=yes&flow=no""></script>",https://fareharbor.com/embeds/book/ecotourexperiences/items/666094/?asn=fhdn-eur&asn-ref=alloutdooradventures&ref=alloutdooradventures&bookable-only=yes&full-items=yes&marketplace=yes&flow=no,https://cdn.filestackcontent.com/0YID2s6CQYKTIYb4BVMH
"Black Forest Magic - Schneesportschule, Kanu & Rafting & Outdoorschule",blackforestmagic,info@blackforestmagic.de,+49 7664 6137700,Germany/Baden-Württemberg/Bad Bellingen,7.549946,47.731662,628392,geführte Kajaktour am Altrhein (Bad Bellingen bis Grissheim),Canoe,3,42,0,https://fareharbor.com/embeds/calendar/blackforestmagic/items/628392/?asn=fhdn-eur&asn-ref=alloutdooradventures&ref=alloutdooradventures&bookable-only=yes&full-items=yes&marketplace=yes&flow=no,"<script src=""https://fareharbor.com/embeds/script/calendar/blackforestmagic/items/628392/?asn=fhdn-eur&asn-ref=alloutdooradventures&ref=alloutdooradventures&bookable-only=yes&full-items=yes&marketplace=yes&flow=no""></script>",https://fareharbor.com/embeds/book/blackforestmagic/items/628392/?asn=fhdn-eur&asn-ref=alloutdooradventures&ref=alloutdooradventures&bookable-only=yes&full-items=yes&marketplace=yes&flow=no,https://cdn.filestackcontent.com/Eb3vlY9CS4uATvRasBNz
Cyclorama Strasbourg,cyclorama-strasbourg,cyclorama.strasbourg@gmail.com,33 (0)6 16 562,France/Grand Est/Strasbourg,,,686965,Strasbourg Insolite : Visite à vélo,Bike Tour,1,42,0,https://fareharbor.com/embeds/calendar/cyclorama-strasbourg/items/686965/?asn=fhdn-eur&asn-ref=alloutdooradventures&ref=alloutdooradventures&bookable-only=yes&full-items=yes&marketplace=yes&flow=no,"<script src=""https://fareharbor.com/embeds/script/calendar/cyclorama-strasbourg/items/686965/?asn=fhdn-eur&asn-ref=alloutdooradventures&ref=alloutdooradventures&bookable-only=yes&full-items=yes&marketplace=yes&flow=no""></script>",https://fareharbor.com/embeds/book/cyclorama-strasbourg/items/686965/?asn=fhdn-eur&asn-ref=alloutdooradventures&ref=alloutdooradventures&bookable-only=yes&full-items=yes&marketplace=yes&flow=no,https://cdn.filestackcontent.com/Aw4i5xcWSjCuCA3DNsZg
Toscana Adventure Team,tateam,info@tateam.it,0039 347 8974708,Italy/Toscana/Fabbriche di Vergemoli,10.428633,43.996896,539105,"Tana Che Urla, Speleo Canyoning Experience",Climbing,4,41,340,https://fareharbor.com/embeds/calendar/tateam/items/539105/?asn=fhdn-eur&asn-ref=alloutdooradventures&ref=alloutdooradventures&bookable-only=yes&full-items=yes&marketplace=yes&flow=no,"<script src=""https://fareharbor.com/embeds/script/calendar/tateam/items/539105/?asn=fhdn-eur&asn-ref=alloutdooradventures&ref=alloutdooradventures&bookable-only=yes&full-items=yes&marketplace=yes&flow=no""></script>",https://fareharbor.com/embeds/book/tateam/items/539105/?asn=fhdn-eur&asn-ref=alloutdooradventures&ref=alloutdooradventures&bookable-only=yes&full-items=yes&marketplace=yes&flow=no,https://cdn.filestackcontent.com/KmlgsKwqTAa4vFrJQDQf
Cyclorama Strasbourg,cyclorama-strasbourg,cyclorama.strasbourg@gmail.com,33 (0)6 16 562,France/Grand Est/Strasbourg,,,686980,Visite à vélo : Parcs et Canaux,Bike Tour,1,41,172,https://fareharbor.com/embeds/calendar/cyclorama-strasbourg/items/686980/?asn=fhdn-eur&asn-ref=alloutdooradventures&ref=alloutdooradventures&bookable-only=yes&full-items=yes&marketplace=yes&flow=no,"<script src=""https://fareharbor.com/embeds/script/calendar/cyclorama-strasbourg/items/686980/?asn=fhdn-eur&asn-ref=alloutdooradventures&ref=alloutdooradventures&bookable-only=yes&full-items=yes&marketplace=yes&flow=no""></script>",https://fareharbor.com/embeds/book/cyclorama-strasbourg/items/686980/?asn=fhdn-eur&asn-ref=alloutdooradventures&ref=alloutdooradventures&bookable-only=yes&full-items=yes&marketplace=yes&flow=no,https://cdn.filestackcontent.com/KgaWo4a5T1gaFWxh2qnA
Liquid Logistics,liquidlogistics,steve@liquidlogistics.co.uk,07391 022714,United Kingdom/England/Beaulieu,-1.441056,50.810026,603627,Sea Kayaking Introduction,Canoe,1,40,13,https://fareharbor.com/embeds/calendar/liquidlogistics/items/603627/?asn=fhdn-gbp&asn-ref=alloutdooradventures&ref=alloutdooradventures&bookable-only=yes&full-items=yes&marketplace=yes&flow=no,"<script src=""https://fareharbor.com/embeds/script/calendar/liquidlogistics/items/603627/?asn=fhdn-gbp&asn-ref=alloutdooradventures&ref=alloutdooradventures&bookable-only=yes&full-items=yes&marketplace=yes&flow=no""></script>",https://fareharbor.com/embeds/book/liquidlogistics/items/603627/?asn=fhdn-gbp&asn-ref=alloutdooradventures&ref=alloutdooradventures&bookable-only=yes&full-items=yes&marketplace=yes&flow=no,https://cdn.filestackcontent.com/q88smWZERKWG9ZERcrtL
Karleyth Diving,karleythdiving,info@karleythdiving.co.uk,07375 931692,United Kingdom/England/Ruan High Lanes,,,611404,SSI Drysuit Course,Scuba,1,40,25,https://fareharbor.com/embeds/calendar/karleythdiving/items/611404/?asn=fhdn-gbp&asn-ref=alloutdooradventures&ref=alloutdooradventures&bookable-only=yes&full-items=yes&marketplace=yes&flow=no,"<script src=""https://fareharbor.com/embeds/script/calendar/karleythdiving/items/611404/?asn=fhdn-gbp&asn-ref=alloutdooradventures&ref=alloutdooradventures&bookable-only=yes&full-items=yes&marketplace=yes&flow=no""></script>",https://fareharbor.com/embeds/book/karleythdiving/items/611404/?asn=fhdn-gbp&asn-ref=alloutdooradventures&ref=alloutdooradventures&bookable-only=yes&full-items=yes&marketplace=yes&flow=no,https://cdn.filestackcontent.com/5G0FcgbiSPug32esj9ZO
Karleyth Diving,karleythdiving,info@karleythdiving.co.uk,07375 931692,United Kingdom/England/Ruan High Lanes,,,611442,SSI Enriched Air Nitrox,Scuba,2,40,102,https://fareharbor.com/embeds/calendar/karleythdiving/items/611442/?asn=fhdn-gbp&asn-ref=alloutdooradventures&ref=alloutdooradventures&bookable-only=yes&full-items=yes&marketplace=yes&flow=no,"<script src=""https://fareharbor.com/embeds/script/calendar/karleythdiving/items/611442/?asn=fhdn-gbp&asn-ref=alloutdooradventures&ref=alloutdooradventures&bookable-only=yes&full-items=yes&marketplace=yes&flow=no""></script>",https://fareharbor.com/embeds/book/karleythdiving/items/611442/?asn=fhdn-gbp&asn-ref=alloutdooradventures&ref=alloutdooradventures&bookable-only=yes&full-items=yes&marketplace=yes&flow=no,https://cdn.filestackcontent.com/U67sT6PoSuW6GLAp0NST
Karleyth Diving,karleythdiving,info@karleythdiving.co.uk,07375 931692,United Kingdom/England/Ruan High Lanes,,,613951,SSI Explorers Kids club weekly session,Scuba,1,40,25,https://fareharbor.com/embeds/calendar/karleythdiving/items/613951/?asn=fhdn-gbp&asn-ref=alloutdooradventures&ref=alloutdooradventures&bookable-only=yes&full-items=yes&marketplace=yes&flow=no,"<script src=""https://fareharbor.com/embeds/script/calendar/karleythdiving/items/613951/?asn=fhdn-gbp&asn-ref=alloutdooradventures&ref=alloutdooradventures&bookable-only=yes&full-items=yes&marketplace=yes&flow=no""></script>",https://fareharbor.com/embeds/book/karleythdiving/items/613951/?asn=fhdn-gbp&asn-ref=alloutdooradventures&ref=alloutdooradventures&bookable-only=yes&full-items=yes&marketplace=yes&flow=no,https://cdn.filestackcontent.com/NUg7VlrTLelUYWIh4krZ
Karleyth Diving,karleythdiving,info@karleythdiving.co.uk,07375 931692,United Kingdom/England/Ruan High Lanes,,,613964,SSI Explorers Kids full-term Club (12 sessions),Scuba,1,40,25,https://fareharbor.com/embeds/calendar/karleythdiving/items/613964/?asn=fhdn-gbp&asn-ref=alloutdooradventures&ref=alloutdooradventures&bookable-only=yes&full-items=yes&marketplace=yes&flow=no,"<script src=""https://fareharbor.com/embeds/script/calendar/karleythdiving/items/613964/?asn=fhdn-gbp&asn-ref=alloutdooradventures&ref=alloutdooradventures&bookable-only=yes&full-items=yes&marketplace=yes&flow=no""></script>",https://fareharbor.com/embeds/book/karleythdiving/items/613964/?asn=fhdn-gbp&asn-ref=alloutdooradventures&ref=alloutdooradventures&bookable-only=yes&full-items=yes&marketplace=yes&flow=no,https://cdn.filestackcontent.com/nFcBwe5tSMKINnAXgaiR
Climb Om Experiences,climbom,info@climbom.com,34611283905,Spain/Catalunya/Camarasa,,,626203,Club de Escalada,Climbing-Sports,1,40,2,https://fareharbor.com/embeds/calendar/climbom/items/626203/?asn=fhdn-eur&asn-ref=alloutdooradventures&ref=alloutdooradventures&bookable-only=yes&full-items=yes&marketplace=yes&flow=no,"<script src=""https://fareharbor.com/embeds/script/calendar/climbom/items/626203/?asn=fhdn-eur&asn-ref=alloutdooradventures&ref=alloutdooradventures&bookable-only=yes&full-items=yes&marketplace=yes&flow=no""></script>",https://fareharbor.com/embeds/book/climbom/items/626203/?asn=fhdn-eur&asn-ref=alloutdooradventures&ref=alloutdooradventures&bookable-only=yes&full-items=yes&marketplace=yes&flow=no,https://cdn.filestackcontent.com/FaxtzXiDTNCB6SnEmEoA
Marnatura,marnatura,info@marnatura.net,+34 632 595 729,Spain/Catalunya/L'Ametlla de Mar,,,265585,Descobreix el litoral de l´Ametlla de mar amb caiac i snorkel,Snorkel,1,39,0,https://fareharbor.com/embeds/calendar/marnatura/items/265585/?asn=fhdn-eur&asn-ref=alloutdooradventures&ref=alloutdooradventures&bookable-only=yes&full-items=yes&marketplace=yes&flow=no,"<script src=""https://fareharbor.com/embeds/script/calendar/marnatura/items/265585/?asn=fhdn-eur&asn-ref=alloutdooradventures&ref=alloutdooradventures&bookable-only=yes&full-items=yes&marketplace=yes&flow=no""></script>",https://fareharbor.com/embeds/book/marnatura/items/265585/?asn=fhdn-eur&asn-ref=alloutdooradventures&ref=alloutdooradventures&bookable-only=yes&full-items=yes&marketplace=yes&flow=no,https://cdn.filestackcontent.com/Sxx6WuSRvaxooP1zTcsT
Catalan Trails,catalantrails,info@catalantrails.com,+34604175927,Spain/Catalunya/Barcelona,,,270323,Raquetes de neu - Nivell mig,Hiking-Ski,1,39,0,https://fareharbor.com/embeds/calendar/catalantrails/items/270323/?asn=fhdn-eur&asn-ref=alloutdooradventures&ref=alloutdooradventures&bookable-only=yes&full-items=yes&marketplace=yes&flow=no,"<script src=""https://fareharbor.com/embeds/script/calendar/catalantrails/items/270323/?asn=fhdn-eur&asn-ref=alloutdooradventures&ref=alloutdooradventures&bookable-only=yes&full-items=yes&marketplace=yes&flow=no""></script>",https://fareharbor.com/embeds/book/catalantrails/items/270323/?asn=fhdn-eur&asn-ref=alloutdooradventures&ref=alloutdooradventures&bookable-only=yes&full-items=yes&marketplace=yes&flow=no,https://cdn.filestackcontent.com/8zV5KbKISi8rwkQBvh6g
Sea Kayak Torbay,seakayaktorbay,info@seakayaktorbay.com,01803 912963,United Kingdom/England/Torquay,,,561828,Canoe Hire,Canoe,1,39,702,https://fareharbor.com/embeds/calendar/seakayaktorbay/items/561828/?asn=fhdn-gbp&asn-ref=alloutdooradventures&ref=alloutdooradventures&bookable-only=yes&full-items=yes&marketplace=yes&flow=no,"<script src=""https://fareharbor.com/embeds/script/calendar/seakayaktorbay/items/561828/?asn=fhdn-gbp&asn-ref=alloutdooradventures&ref=alloutdooradventures&bookable-only=yes&full-items=yes&marketplace=yes&flow=no""></script>",https://fareharbor.com/embeds/book/seakayaktorbay/items/561828/?asn=fhdn-gbp&asn-ref=alloutdooradventures&ref=alloutdooradventures&bookable-only=yes&full-items=yes&marketplace=yes&flow=no,https://cdn.filestackcontent.com/k8Qv01kkRgi7ZbOLv7Sk
Basque land by horse,basquelandbyhorse,basquelandbyhorse@gmail.com,34686808908,Spain/Basque Country/Donostia-San Sebastian,,,566617,Youth Private Experience Basque on Horseback,Horse,1,39,0,https://fareharbor.com/embeds/calendar/basquelandbyhorse/items/566617/?asn=fhdn-eur&asn-ref=alloutdooradventures&ref=alloutdooradventures&bookable-only=yes&full-items=yes&marketplace=yes&flow=no,"<script src=""https://fareharbor.com/embeds/script/calendar/basquelandbyhorse/items/566617/?asn=fhdn-eur&asn-ref=alloutdooradventures&ref=alloutdooradventures&bookable-only=yes&full-items=yes&marketplace=yes&flow=no""></script>",https://fareharbor.com/embeds/book/basquelandbyhorse/items/566617/?asn=fhdn-eur&asn-ref=alloutdooradventures&ref=alloutdooradventures&bookable-only=yes&full-items=yes&marketplace=yes&flow=no,https://cdn.filestackcontent.com/gTb0bIQmSNy17aBl7i12
Liquid Logistics,liquidlogistics,steve@liquidlogistics.co.uk,07391 022714,United Kingdom/England/Sherfield English,-1.615847,50.999548,603583,Kayak Rolling,Canoe,1,39,6,https://fareharbor.com/embeds/calendar/liquidlogistics/items/603583/?asn=fhdn-gbp&asn-ref=alloutdooradventures&ref=alloutdooradventures&bookable-only=yes&full-items=yes&marketplace=yes&flow=no,"<script src=""https://fareharbor.com/embeds/script/calendar/liquidlogistics/items/603583/?asn=fhdn-gbp&asn-ref=alloutdooradventures&ref=alloutdooradventures&bookable-only=yes&full-items=yes&marketplace=yes&flow=no""></script>",https://fareharbor.com/embeds/book/liquidlogistics/items/603583/?asn=fhdn-gbp&asn-ref=alloutdooradventures&ref=alloutdooradventures&bookable-only=yes&full-items=yes&marketplace=yes&flow=no,https://cdn.filestackcontent.com/kib5blBNR50ymPihiNwV
Karleyth Diving,karleythdiving,info@karleythdiving.co.uk,07375 931692,United Kingdom/England/Ruan High Lanes,,,611363,SSI Scuba Skills Update,Scuba,1,39,25,https://fareharbor.com/embeds/calendar/karleythdiving/items/611363/?asn=fhdn-gbp&asn-ref=alloutdooradventures&ref=alloutdooradventures&bookable-only=yes&full-items=yes&marketplace=yes&flow=no,"<script src=""https://fareharbor.com/embeds/script/calendar/karleythdiving/items/611363/?asn=fhdn-gbp&asn-ref=alloutdooradventures&ref=alloutdooradventures&bookable-only=yes&full-items=yes&marketplace=yes&flow=no""></script>",https://fareharbor.com/embeds/book/karleythdiving/items/611363/?asn=fhdn-gbp&asn-ref=alloutdooradventures&ref=alloutdooradventures&bookable-only=yes&full-items=yes&marketplace=yes&flow=no,https://cdn.filestackcontent.com/90uRDnqTAGcu1zsBcFYK
Karleyth Diving,karleythdiving,info@karleythdiving.co.uk,07375 931692,United Kingdom/England/Ruan High Lanes,,,611408,SSI Perfect Buoyancy,Scuba,1,39,25,https://fareharbor.com/embeds/calendar/karleythdiving/items/611408/?asn=fhdn-gbp&asn-ref=alloutdooradventures&ref=alloutdooradventures&bookable-only=yes&full-items=yes&marketplace=yes&flow=no,"<script src=""https://fareharbor.com/embeds/script/calendar/karleythdiving/items/611408/?asn=fhdn-gbp&asn-ref=alloutdooradventures&ref=alloutdooradventures&bookable-only=yes&full-items=yes&marketplace=yes&flow=no""></script>",https://fareharbor.com/embeds/book/karleythdiving/items/611408/?asn=fhdn-gbp&asn-ref=alloutdooradventures&ref=alloutdooradventures&bookable-only=yes&full-items=yes&marketplace=yes&flow=no,https://cdn.filestackcontent.com/xoCihxaNQWSWa4DEXhSS
"Black Forest Magic - Schneesportschule, Kanu & Rafting & Outdoorschule",blackforestmagic,info@blackforestmagic.de,+49 7664 6137700,Germany/Baden-Württemberg/Efringen-Kirchen,7.528062,47.658187,628096,Raftingtour am Altrhein (Istein bis Bad Bellingen),Canoe,1,39,0,https://fareharbor.com/embeds/calendar/blackforestmagic/items/628096/?asn=fhdn-eur&asn-ref=alloutdooradventures&ref=alloutdooradventures&bookable-only=yes&full-items=yes&marketplace=yes&flow=no,"<script src=""https://fareharbor.com/embeds/script/calendar/blackforestmagic/items/628096/?asn=fhdn-eur&asn-ref=alloutdooradventures&ref=alloutdooradventures&bookable-only=yes&full-items=yes&marketplace=yes&flow=no""></script>",https://fareharbor.com/embeds/book/blackforestmagic/items/628096/?asn=fhdn-eur&asn-ref=alloutdooradventures&ref=alloutdooradventures&bookable-only=yes&full-items=yes&marketplace=yes&flow=no,https://cdn.filestackcontent.com/4bmeFutSTW6h2M1rgsvr
Under The Tuscan Sun Tours,underthetuscansun,andrea@underthetuscansun.it,+393483146644,Italy/Tuscany/Florence,,,155400,Cooking with Mama! Cooking Class School with Mama at Tuscany Farm and Wine Tasting in Chianti,Castle-City Tour-Cooking Class-Eco Tour-Environmental Attraction-Farm-Food Tour-Guided Tour-History Tour-Photography Tour-Transfer-Private-Shuttle-Sightseeing Tour-Transportation-Winery-Wine,1,38,180,https://fareharbor.com/embeds/calendar/underthetuscansun/items/155400/?asn=fhdn-eur&asn-ref=alloutdooradventures&ref=alloutdooradventures&bookable-only=yes&full-items=yes&marketplace=yes&flow=no,"<script src=""https://fareharbor.com/embeds/script/calendar/underthetuscansun/items/155400/?asn=fhdn-eur&asn-ref=alloutdooradventures&ref=alloutdooradventures&bookable-only=yes&full-items=yes&marketplace=yes&flow=no""></script>",https://fareharbor.com/embeds/book/underthetuscansun/items/155400/?asn=fhdn-eur&asn-ref=alloutdooradventures&ref=alloutdooradventures&bookable-only=yes&full-items=yes&marketplace=yes&flow=no,https://cdn.filestackcontent.com/b6QMaD5T9iZb8B46kkBA
Under The Tuscan Sun Tours,underthetuscansun,andrea@underthetuscansun.it,+393483146644,Italy/Tuscany/Florence,,,155405,Horse Back Riding In Chianti With San Gimignano And Monteriggioni,Castle-Horse,1,38,180,https://fareharbor.com/embeds/calendar/underthetuscansun/items/155405/?asn=fhdn-eur&asn-ref=alloutdooradventures&ref=alloutdooradventures&bookable-only=yes&full-items=yes&marketplace=yes&flow=no,"<script src=""https://fareharbor.com/embeds/script/calendar/underthetuscansun/items/155405/?asn=fhdn-eur&asn-ref=alloutdooradventures&ref=alloutdooradventures&bookable-only=yes&full-items=yes&marketplace=yes&flow=no""></script>",https://fareharbor.com/embeds/book/underthetuscansun/items/155405/?asn=fhdn-eur&asn-ref=alloutdooradventures&ref=alloutdooradventures&bookable-only=yes&full-items=yes&marketplace=yes&flow=no,https://cdn.filestackcontent.com/fjZL8ReMTRq5goTbyOIJ
Under The Tuscan Sun Tours,underthetuscansun,andrea@underthetuscansun.it,+393483146644,Italy/Tuscany/Florence,,,155406,"Horse Back Riding In Chianti With Siena, San Gimignano And Monteriggioni",Castle-Horse,1,38,180,https://fareharbor.com/embeds/calendar/underthetuscansun/items/155406/?asn=fhdn-eur&asn-ref=alloutdooradventures&ref=alloutdooradventures&bookable-only=yes&full-items=yes&marketplace=yes&flow=no,"<script src=""https://fareharbor.com/embeds/script/calendar/underthetuscansun/items/155406/?asn=fhdn-eur&asn-ref=alloutdooradventures&ref=alloutdooradventures&bookable-only=yes&full-items=yes&marketplace=yes&flow=no""></script>",https://fareharbor.com/embeds/book/underthetuscansun/items/155406/?asn=fhdn-eur&asn-ref=alloutdooradventures&ref=alloutdooradventures&bookable-only=yes&full-items=yes&marketplace=yes&flow=no,https://cdn.filestackcontent.com/qPMGkjplSWK3D5DEOyil
Under The Tuscan Sun Tours,underthetuscansun,andrea@underthetuscansun.it,+393483146644,Italy/Tuscany/Florence,,,155413,CHIANTI HORSEBACK RIDING,Horse-Transportation-Winery-Wine,1,38,180,https://fareharbor.com/embeds/calendar/underthetuscansun/items/155413/?asn=fhdn-eur&asn-ref=alloutdooradventures&ref=alloutdooradventures&bookable-only=yes&full-items=yes&marketplace=yes&flow=no,"<script src=""https://fareharbor.com/embeds/script/calendar/underthetuscansun/items/155413/?asn=fhdn-eur&asn-ref=alloutdooradventures&ref=alloutdooradventures&bookable-only=yes&full-items=yes&marketplace=yes&flow=no""></script>",https://fareharbor.com/embeds/book/underthetuscansun/items/155413/?asn=fhdn-eur&asn-ref=alloutdooradventures&ref=alloutdooradventures&bookable-only=yes&full-items=yes&marketplace=yes&flow=no,https://cdn.filestackcontent.com/KbccfUFQQIadfCYkrmTf
Under The Tuscan Sun Tours,underthetuscansun,andrea@underthetuscansun.it,+393483146644,Italy/Tuscany/Florence,,,157069,BIKE TOUR,Bike Tour-City Tour,1,38,360,https://fareharbor.com/embeds/calendar/underthetuscansun/items/157069/?asn=fhdn-eur&asn-ref=alloutdooradventures&ref=alloutdooradventures&bookable-only=yes&full-items=yes&marketplace=yes&flow=no,"<script src=""https://fareharbor.com/embeds/script/calendar/underthetuscansun/items/157069/?asn=fhdn-eur&asn-ref=alloutdooradventures&ref=alloutdooradventures&bookable-only=yes&full-items=yes&marketplace=yes&flow=no""></script>",https://fareharbor.com/embeds/book/underthetuscansun/items/157069/?asn=fhdn-eur&asn-ref=alloutdooradventures&ref=alloutdooradventures&bookable-only=yes&full-items=yes&marketplace=yes&flow=no,https://cdn.filestackcontent.com/MczrL6H0RSamYgnVcbWM
Under The Tuscan Sun Tours,underthetuscansun,andrea@underthetuscansun.it,+393483146644,Italy/Tuscany/Florence,,,157079,MEDICI VILLAS AND GARDENS,Climbing-Museum-Theater,1,38,1080,https://fareharbor.com/embeds/calendar/underthetuscansun/items/157079/?asn=fhdn-eur&asn-ref=alloutdooradventures&ref=alloutdooradventures&bookable-only=yes&full-items=yes&marketplace=yes&flow=no,"<script src=""https://fareharbor.com/embeds/script/calendar/underthetuscansun/items/157079/?asn=fhdn-eur&asn-ref=alloutdooradventures&ref=alloutdooradventures&bookable-only=yes&full-items=yes&marketplace=yes&flow=no""></script>",https://fareharbor.com/embeds/book/underthetuscansun/items/157079/?asn=fhdn-eur&asn-ref=alloutdooradventures&ref=alloutdooradventures&bookable-only=yes&full-items=yes&marketplace=yes&flow=no,https://cdn.filestackcontent.com/0WAlxHcBSdy6WrMW2MJA
Under The Tuscan Sun Tours,underthetuscansun,andrea@underthetuscansun.it,+393483146644,Italy/Tuscany/Florence,,,159763,POMPEII AND MOUNT VESUVIUS HIKE,City Tour-Hiking-Transportation-Walking Tour-Winery-Wine,1,38,180,https://fareharbor.com/embeds/calendar/underthetuscansun/items/159763/?asn=fhdn-eur&asn-ref=alloutdooradventures&ref=alloutdooradventures&bookable-only=yes&full-items=yes&marketplace=yes&flow=no,"<script src=""https://fareharbor.com/embeds/script/calendar/underthetuscansun/items/159763/?asn=fhdn-eur&asn-ref=alloutdooradventures&ref=alloutdooradventures&bookable-only=yes&full-items=yes&marketplace=yes&flow=no""></script>",https://fareharbor.com/embeds/book/underthetuscansun/items/159763/?asn=fhdn-eur&asn-ref=alloutdooradventures&ref=alloutdooradventures&bookable-only=yes&full-items=yes&marketplace=yes&flow=no,https://cdn.filestackcontent.com/tX4J2vCQHmlZnjmlkaQc
Medaqua,medaqua,info@medaqua.com,(+34) 972 752043,Spain/Catalunya/L'Estartit,,,465806,"Descubre el P.N. del Montgrí, ILLES MEDES + FORADADA.(BAÑO)",Bike Tour,1,38,78,https://fareharbor.com/embeds/calendar/medaqua/items/465806/?asn=fhdn-eur&asn-ref=alloutdooradventures&ref=alloutdooradventures&bookable-only=yes&full-items=yes&marketplace=yes&flow=no,"<script src=""https://fareharbor.com/embeds/script/calendar/medaqua/items/465806/?asn=fhdn-eur&asn-ref=alloutdooradventures&ref=alloutdooradventures&bookable-only=yes&full-items=yes&marketplace=yes&flow=no""></script>",https://fareharbor.com/embeds/book/medaqua/items/465806/?asn=fhdn-eur&asn-ref=alloutdooradventures&ref=alloutdooradventures&bookable-only=yes&full-items=yes&marketplace=yes&flow=no,https://cdn.filestackcontent.com/eP2VCSy2ScS5nYp8LtnW
Medaqua,medaqua,info@medaqua.com,(+34) 972 752043,Spain/Catalunya/L'Estartit,,,532835,Estartit - Medes Islands - Cala Montgó,Bike Tour,1,38,0,https://fareharbor.com/embeds/calendar/medaqua/items/532835/?asn=fhdn-eur&asn-ref=alloutdooradventures&ref=alloutdooradventures&bookable-only=yes&full-items=yes&marketplace=yes&flow=no,"<script src=""https://fareharbor.com/embeds/script/calendar/medaqua/items/532835/?asn=fhdn-eur&asn-ref=alloutdooradventures&ref=alloutdooradventures&bookable-only=yes&full-items=yes&marketplace=yes&flow=no""></script>",https://fareharbor.com/embeds/book/medaqua/items/532835/?asn=fhdn-eur&asn-ref=alloutdooradventures&ref=alloutdooradventures&bookable-only=yes&full-items=yes&marketplace=yes&flow=no,https://cdn.filestackcontent.com/a5nI4cBeSyO3nscpbnGD
Maregiglio Yacht,maregiglioyacht,yacht@maregiglio.it,+393486264314,Italy/Toscana/Porto Santo Stefano,,,544196,Escursione Privata Isola di Giannutri,Bike Tour,1,38,109,https://fareharbor.com/embeds/calendar/maregiglioyacht/items/544196/?asn=fhdn-eur&asn-ref=alloutdooradventures&ref=alloutdooradventures&bookable-only=yes&full-items=yes&marketplace=yes&flow=no,"<script src=""https://fareharbor.com/embeds/script/calendar/maregiglioyacht/items/544196/?asn=fhdn-eur&asn-ref=alloutdooradventures&ref=alloutdooradventures&bookable-only=yes&full-items=yes&marketplace=yes&flow=no""></script>",https://fareharbor.com/embeds/book/maregiglioyacht/items/544196/?asn=fhdn-eur&asn-ref=alloutdooradventures&ref=alloutdooradventures&bookable-only=yes&full-items=yes&marketplace=yes&flow=no,https://cdn.filestackcontent.com/5lPqxrTcS5O75IoDAfeH
Epicureo.it,epicureo-it,info@epicureo.it,+39 3384270608,Italy/Toscana/Firenze,,,550997,Cooking Class Amalfi Coast,Hiking,1,38,0,https://fareharbor.com/embeds/calendar/epicureo-it/items/550997/?asn=fhdn-eur&asn-ref=alloutdooradventures&ref=alloutdooradventures&bookable-only=yes&full-items=yes&marketplace=yes&flow=no,"<script src=""https://fareharbor.com/embeds/script/calendar/epicureo-it/items/550997/?asn=fhdn-eur&asn-ref=alloutdooradventures&ref=alloutdooradventures&bookable-only=yes&full-items=yes&marketplace=yes&flow=no""></script>",https://fareharbor.com/embeds/book/epicureo-it/items/550997/?asn=fhdn-eur&asn-ref=alloutdooradventures&ref=alloutdooradventures&bookable-only=yes&full-items=yes&marketplace=yes&flow=no,https://cdn.filestackcontent.com/14opx1euTQG0N3Diw9zi
Basque land by horse,basquelandbyhorse,basquelandbyhorse@gmail.com,34686808908,Spain/Basque Country/Donostia-San Sebastian,,,566600,Experience Basque on Horseback,Horse,1,38,271,https://fareharbor.com/embeds/calendar/basquelandbyhorse/items/566600/?asn=fhdn-eur&asn-ref=alloutdooradventures&ref=alloutdooradventures&bookable-only=yes&full-items=yes&marketplace=yes&flow=no,"<script src=""https://fareharbor.com/embeds/script/calendar/basquelandbyhorse/items/566600/?asn=fhdn-eur&asn-ref=alloutdooradventures&ref=alloutdooradventures&bookable-only=yes&full-items=yes&marketplace=yes&flow=no""></script>",https://fareharbor.com/embeds/book/basquelandbyhorse/items/566600/?asn=fhdn-eur&asn-ref=alloutdooradventures&ref=alloutdooradventures&bookable-only=yes&full-items=yes&marketplace=yes&flow=no,https://cdn.filestackcontent.com/PFtb2ioJTS2RCBRk3Vpw
Culebra Snorkel with Locals,snorkelwithlocals,snorkelwithlocals@gmail.com,939 358 4236,Puerto Rico/Culebra/Culebra,,,567574,Coral Reef Snorkeling Tour,Snorkel,1,38,900,https://fareharbor.com/embeds/calendar/snorkelwithlocals/items/567574/?asn=fhdn&asn-ref=alloutdooradventures&ref=alloutdooradventures&bookable-only=yes&full-items=yes&marketplace=yes&flow=no,"<script src=""https://fareharbor.com/embeds/script/calendar/snorkelwithlocals/items/567574/?asn=fhdn&asn-ref=alloutdooradventures&ref=alloutdooradventures&bookable-only=yes&full-items=yes&marketplace=yes&flow=no""></script>",https://fareharbor.com/embeds/book/snorkelwithlocals/items/567574/?asn=fhdn&asn-ref=alloutdooradventures&ref=alloutdooradventures&bookable-only=yes&full-items=yes&marketplace=yes&flow=no,https://cdn.filestackcontent.com/wIj4AUqJTIuvydpdVHYk
Culebra Snorkel with Locals,snorkelwithlocals,snorkelwithlocals@gmail.com,939 358 4236,Puerto Rico/Culebra/Culebra,,,567598,Scuba Diving Try Dive Tour,Scuba,1,38,720,https://fareharbor.com/embeds/calendar/snorkelwithlocals/items/567598/?asn=fhdn&asn-ref=alloutdooradventures&ref=alloutdooradventures&bookable-only=yes&full-items=yes&marketplace=yes&flow=no,"<script src=""https://fareharbor.com/embeds/script/calendar/snorkelwithlocals/items/567598/?asn=fhdn&asn-ref=alloutdooradventures&ref=alloutdooradventures&bookable-only=yes&full-items=yes&marketplace=yes&flow=no""></script>",https://fareharbor.com/embeds/book/snorkelwithlocals/items/567598/?asn=fhdn&asn-ref=alloutdooradventures&ref=alloutdooradventures&bookable-only=yes&full-items=yes&marketplace=yes&flow=no,https://cdn.filestackcontent.com/GdtCEIZTTRvDBNbFMffs
Liquid Logistics,liquidlogistics,steve@liquidlogistics.co.uk,07391 022714,United Kingdom/England/Jumpers,-1.811374,50.748824,603613,White Water Kayaking Introduction,Canoe,1,38,0,https://fareharbor.com/embeds/calendar/liquidlogistics/items/603613/?asn=fhdn-gbp&asn-ref=alloutdooradventures&ref=alloutdooradventures&bookable-only=yes&full-items=yes&marketplace=yes&flow=no,"<script src=""https://fareharbor.com/embeds/script/calendar/liquidlogistics/items/603613/?asn=fhdn-gbp&asn-ref=alloutdooradventures&ref=alloutdooradventures&bookable-only=yes&full-items=yes&marketplace=yes&flow=no""></script>",https://fareharbor.com/embeds/book/liquidlogistics/items/603613/?asn=fhdn-gbp&asn-ref=alloutdooradventures&ref=alloutdooradventures&bookable-only=yes&full-items=yes&marketplace=yes&flow=no,https://cdn.filestackcontent.com/5fzOVTt8S9i7BqmglSwB
Liquid Logistics,liquidlogistics,steve@liquidlogistics.co.uk,07391 022714,United Kingdom/England/Milford on Sea,-1.570086,50.722688,603619,British Canoeing Personal Performance Awards,Canoe,1,38,3,https://fareharbor.com/embeds/calendar/liquidlogistics/items/603619/?asn=fhdn-gbp&asn-ref=alloutdooradventures&ref=alloutdooradventures&bookable-only=yes&full-items=yes&marketplace=yes&flow=no,"<script src=""https://fareharbor.com/embeds/script/calendar/liquidlogistics/items/603619/?asn=fhdn-gbp&asn-ref=alloutdooradventures&ref=alloutdooradventures&bookable-only=yes&full-items=yes&marketplace=yes&flow=no""></script>",https://fareharbor.com/embeds/book/liquidlogistics/items/603619/?asn=fhdn-gbp&asn-ref=alloutdooradventures&ref=alloutdooradventures&bookable-only=yes&full-items=yes&marketplace=yes&flow=no,https://cdn.filestackcontent.com/km6mhXbbS9mj8IcEB3BE
360Xplore,360xplore,info@360xplore.cat,+34 622 360 041,Spain/Catalunya/Collbató,1.816827,41.563311,617979,Ruta Singles Senderisme Agulles Montserrat,Hiking-Walking Tour,1,38,0,https://fareharbor.com/embeds/calendar/360xplore/items/617979/?asn=fhdn-eur&asn-ref=alloutdooradventures&ref=alloutdooradventures&bookable-only=yes&full-items=yes&marketplace=yes&flow=no,"<script src=""https://fareharbor.com/embeds/script/calendar/360xplore/items/617979/?asn=fhdn-eur&asn-ref=alloutdooradventures&ref=alloutdooradventures&bookable-only=yes&full-items=yes&marketplace=yes&flow=no""></script>",https://fareharbor.com/embeds/book/360xplore/items/617979/?asn=fhdn-eur&asn-ref=alloutdooradventures&ref=alloutdooradventures&bookable-only=yes&full-items=yes&marketplace=yes&flow=no,https://cdn.filestackcontent.com/mDEjU7ieQNyfpxyUWdIM
Rafting Lombardia,raftinglombardia,inlombardia@gmail.com,+39 0342212123,Italy/Lombardia/Tresenda,,,635057,Weekend Full Nature,Rafting,2,38,120,https://fareharbor.com/embeds/calendar/raftinglombardia/items/635057/?asn=fhdn-eur&asn-ref=alloutdooradventures&ref=alloutdooradventures&bookable-only=yes&full-items=yes&marketplace=yes&flow=no,"<script src=""https://fareharbor.com/embeds/script/calendar/raftinglombardia/items/635057/?asn=fhdn-eur&asn-ref=alloutdooradventures&ref=alloutdooradventures&bookable-only=yes&full-items=yes&marketplace=yes&flow=no""></script>",https://fareharbor.com/embeds/book/raftinglombardia/items/635057/?asn=fhdn-eur&asn-ref=alloutdooradventures&ref=alloutdooradventures&bookable-only=yes&full-items=yes&marketplace=yes&flow=no,https://cdn.filestackcontent.com/z2BFzsnmQZs5wKf3KjXS
"Black Forest Magic - Schneesportschule, Kanu & Rafting & Outdoorschule",blackforestmagic,info@blackforestmagic.de,+49 7664 6137700,Germany/Baden-Württemberg/Bad Bellingen,7.549946,47.731662,637491,"Kanu, Kajak, SUP Verleih am Rhein (Istein - Bad Bellingen)",Canoe-Kayak-SUP,1,38,0,https://fareharbor.com/embeds/calendar/blackforestmagic/items/637491/?asn=fhdn-eur&asn-ref=alloutdooradventures&ref=alloutdooradventures&bookable-only=yes&full-items=yes&marketplace=yes&flow=no,"<script src=""https://fareharbor.com/embeds/script/calendar/blackforestmagic/items/637491/?asn=fhdn-eur&asn-ref=alloutdooradventures&ref=alloutdooradventures&bookable-only=yes&full-items=yes&marketplace=yes&flow=no""></script>",https://fareharbor.com/embeds/book/blackforestmagic/items/637491/?asn=fhdn-eur&asn-ref=alloutdooradventures&ref=alloutdooradventures&bookable-only=yes&full-items=yes&marketplace=yes&flow=no,https://cdn.filestackcontent.com/JlTqYXvSR6SC9LCCMSeG
Cyclorama Strasbourg,cyclorama-strasbourg,cyclorama.strasbourg@gmail.com,33 (0)6 16 562,France/Grand Est/Strasbourg,,,686976,Balade en vélo-calèche: Circuit ABC,Bike Tour,1,38,332,https://fareharbor.com/embeds/calendar/cyclorama-strasbourg/items/686976/?asn=fhdn-eur&asn-ref=alloutdooradventures&ref=alloutdooradventures&bookable-only=yes&full-items=yes&marketplace=yes&flow=no,"<script src=""https://fareharbor.com/embeds/script/calendar/cyclorama-strasbourg/items/686976/?asn=fhdn-eur&asn-ref=alloutdooradventures&ref=alloutdooradventures&bookable-only=yes&full-items=yes&marketplace=yes&flow=no""></script>",https://fareharbor.com/embeds/book/cyclorama-strasbourg/items/686976/?asn=fhdn-eur&asn-ref=alloutdooradventures&ref=alloutdooradventures&bookable-only=yes&full-items=yes&marketplace=yes&flow=no,https://cdn.filestackcontent.com/OzBthrzpS9uFMwjM5wR0
"One Life, Hike it",jkerr,jamie@jkerr.net,+34 612 562 545,Spain/Catalonia/Girona,2.821426,41.9794,522162,"Bespoke Walking, Hiking and Cycling Holidays",Guided Tour-Hiking-Walking Tour,3,37,0,https://fareharbor.com/embeds/calendar/jkerr/items/522162/?asn=fhdn-eur&asn-ref=alloutdooradventures&ref=alloutdooradventures&bookable-only=yes&full-items=yes&marketplace=yes&flow=no,"<script src=""https://fareharbor.com/embeds/script/calendar/jkerr/items/522162/?asn=fhdn-eur&asn-ref=alloutdooradventures&ref=alloutdooradventures&bookable-only=yes&full-items=yes&marketplace=yes&flow=no""></script>",https://fareharbor.com/embeds/book/jkerr/items/522162/?asn=fhdn-eur&asn-ref=alloutdooradventures&ref=alloutdooradventures&bookable-only=yes&full-items=yes&marketplace=yes&flow=no,https://cdn.filestackcontent.com/4nHvZxYQqqIcV2ZxaLwQ
Toscana Adventure Team,tateam,info@tateam.it,0039 347 8974708,Italy/Toscana/Stazzema,10.310414,43.992754,540486,Speleo Experience - Gallerie della neve,Climbing,3,37,0,https://fareharbor.com/embeds/calendar/tateam/items/540486/?asn=fhdn-eur&asn-ref=alloutdooradventures&ref=alloutdooradventures&bookable-only=yes&full-items=yes&marketplace=yes&flow=no,"<script src=""https://fareharbor.com/embeds/script/calendar/tateam/items/540486/?asn=fhdn-eur&asn-ref=alloutdooradventures&ref=alloutdooradventures&bookable-only=yes&full-items=yes&marketplace=yes&flow=no""></script>",https://fareharbor.com/embeds/book/tateam/items/540486/?asn=fhdn-eur&asn-ref=alloutdooradventures&ref=alloutdooradventures&bookable-only=yes&full-items=yes&marketplace=yes&flow=no,https://cdn.filestackcontent.com/fIqzRMjoQVugceWnK0uc
Liquid Logistics,liquidlogistics,steve@liquidlogistics.co.uk,07391 022714,United Kingdom/England/Beaulieu,,,603597,Discover Paddlesports Award,Canoe,1,37,5,https://fareharbor.com/embeds/calendar/liquidlogistics/items/603597/?asn=fhdn-gbp&asn-ref=alloutdooradventures&ref=alloutdooradventures&bookable-only=yes&full-items=yes&marketplace=yes&flow=no,"<script src=""https://fareharbor.com/embeds/script/calendar/liquidlogistics/items/603597/?asn=fhdn-gbp&asn-ref=alloutdooradventures&ref=alloutdooradventures&bookable-only=yes&full-items=yes&marketplace=yes&flow=no""></script>",https://fareharbor.com/embeds/book/liquidlogistics/items/603597/?asn=fhdn-gbp&asn-ref=alloutdooradventures&ref=alloutdooradventures&bookable-only=yes&full-items=yes&marketplace=yes&flow=no,https://cdn.filestackcontent.com/tL6aWXHOTuEJk1BZ3VDx
Liquid Logistics,liquidlogistics,steve@liquidlogistics.co.uk,07391 022714,United Kingdom/England/Poole,-2.024903,50.713712,603636,Canoeing Introduction,Canoe,1,37,0,https://fareharbor.com/embeds/calendar/liquidlogistics/items/603636/?asn=fhdn-gbp&asn-ref=alloutdooradventures&ref=alloutdooradventures&bookable-only=yes&full-items=yes&marketplace=yes&flow=no,"<script src=""https://fareharbor.com/embeds/script/calendar/liquidlogistics/items/603636/?asn=fhdn-gbp&asn-ref=alloutdooradventures&ref=alloutdooradventures&bookable-only=yes&full-items=yes&marketplace=yes&flow=no""></script>",https://fareharbor.com/embeds/book/liquidlogistics/items/603636/?asn=fhdn-gbp&asn-ref=alloutdooradventures&ref=alloutdooradventures&bookable-only=yes&full-items=yes&marketplace=yes&flow=no,https://cdn.filestackcontent.com/GzQoRwDTfiC8LG8e1pgv
360Xplore,360xplore,info@360xplore.cat,+34 622 360 041,Spain/Catalunya/Urús,1.854125,42.3505,617973,Ruta Singles Senderisme Niu de l'Àliga,Hiking-Walking Tour,1,37,0,https://fareharbor.com/embeds/calendar/360xplore/items/617973/?asn=fhdn-eur&asn-ref=alloutdooradventures&ref=alloutdooradventures&bookable-only=yes&full-items=yes&marketplace=yes&flow=no,"<script src=""https://fareharbor.com/embeds/script/calendar/360xplore/items/617973/?asn=fhdn-eur&asn-ref=alloutdooradventures&ref=alloutdooradventures&bookable-only=yes&full-items=yes&marketplace=yes&flow=no""></script>",https://fareharbor.com/embeds/book/360xplore/items/617973/?asn=fhdn-eur&asn-ref=alloutdooradventures&ref=alloutdooradventures&bookable-only=yes&full-items=yes&marketplace=yes&flow=no,https://cdn.filestackcontent.com/OgWQgl6SQLiRg3YM89EQ
360Xplore,360xplore,info@360xplore.cat,+34 622 360 041,Spain/Catalunya/Bagà,1.865925,42.249191,617986,Ruta Singles - 5 Dies - Senderisme Cavalls del Vent,Hiking-Walking Tour,1,37,0,https://fareharbor.com/embeds/calendar/360xplore/items/617986/?asn=fhdn-eur&asn-ref=alloutdooradventures&ref=alloutdooradventures&bookable-only=yes&full-items=yes&marketplace=yes&flow=no,"<script src=""https://fareharbor.com/embeds/script/calendar/360xplore/items/617986/?asn=fhdn-eur&asn-ref=alloutdooradventures&ref=alloutdooradventures&bookable-only=yes&full-items=yes&marketplace=yes&flow=no""></script>",https://fareharbor.com/embeds/book/360xplore/items/617986/?asn=fhdn-eur&asn-ref=alloutdooradventures&ref=alloutdooradventures&bookable-only=yes&full-items=yes&marketplace=yes&flow=no,https://cdn.filestackcontent.com/QVYvccbSYiAPMYkoUtQm
360Xplore,360xplore,info@360xplore.cat,+34 622 360 041,Spain/Catalunya/Bolvir,1.882335,42.418539,617989,Ruta Singles - 2 Dies - Refugio de Malniu,Hiking-Walking Tour,1,37,0,https://fareharbor.com/embeds/calendar/360xplore/items/617989/?asn=fhdn-eur&asn-ref=alloutdooradventures&ref=alloutdooradventures&bookable-only=yes&full-items=yes&marketplace=yes&flow=no,"<script src=""https://fareharbor.com/embeds/script/calendar/360xplore/items/617989/?asn=fhdn-eur&asn-ref=alloutdooradventures&ref=alloutdooradventures&bookable-only=yes&full-items=yes&marketplace=yes&flow=no""></script>",https://fareharbor.com/embeds/book/360xplore/items/617989/?asn=fhdn-eur&asn-ref=alloutdooradventures&ref=alloutdooradventures&bookable-only=yes&full-items=yes&marketplace=yes&flow=no,https://cdn.filestackcontent.com/nhET8GYDR22q2VKBPiGQ
cult-touren,cult-touren,info@cult-touren.de,0049 163 4948005,Germany/Rhineland-Palatinate/Lauschied,,,130916,Hildegard von Bingen - die frühen Jahre - E-Bike Tour,Bike Tour-E-Bike,3,36,1,https://fareharbor.com/embeds/calendar/cult-touren/items/130916/?asn=fhdn-eur&asn-ref=alloutdooradventures&ref=alloutdooradventures&bookable-only=yes&full-items=yes&marketplace=yes&flow=no,"<script src=""https://fareharbor.com/embeds/script/calendar/cult-touren/items/130916/?asn=fhdn-eur&asn-ref=alloutdooradventures&ref=alloutdooradventures&bookable-only=yes&full-items=yes&marketplace=yes&flow=no""></script>",https://fareharbor.com/embeds/book/cult-touren/items/130916/?asn=fhdn-eur&asn-ref=alloutdooradventures&ref=alloutdooradventures&bookable-only=yes&full-items=yes&marketplace=yes&flow=no,https://cdn.filestackcontent.com/mAzjsfXQX22vdu72RSCg
cult-touren,cult-touren,info@cult-touren.de,0049 163 4948005,Germany/Hessen/Bad Schwalbach,,,136727,"E-Bike Tour zu Mooren, römischer Vergangenheit und Heilquellen",Bike Tour-E-Bike,3,36,0,https://fareharbor.com/embeds/calendar/cult-touren/items/136727/?asn=fhdn-eur&asn-ref=alloutdooradventures&ref=alloutdooradventures&bookable-only=yes&full-items=yes&marketplace=yes&flow=no,"<script src=""https://fareharbor.com/embeds/script/calendar/cult-touren/items/136727/?asn=fhdn-eur&asn-ref=alloutdooradventures&ref=alloutdooradventures&bookable-only=yes&full-items=yes&marketplace=yes&flow=no""></script>",https://fareharbor.com/embeds/book/cult-touren/items/136727/?asn=fhdn-eur&asn-ref=alloutdooradventures&ref=alloutdooradventures&bookable-only=yes&full-items=yes&marketplace=yes&flow=no,https://cdn.filestackcontent.com/ItbQot9RL27gWArfZJAw
Donautal Kanuverleih,donautal-kanuverleih,info@donautal-kanuverleih.de,0049 75702929995,Germany/Baden-Württemberg/Sigmaringen,9.121399,48.07963,538472,Tour 2 Gutenstein - Sigmaringendorf,Canoe,3,36,128,https://fareharbor.com/embeds/calendar/donautal-kanuverleih/items/538472/?asn=fhdn-eur&asn-ref=alloutdooradventures&ref=alloutdooradventures&bookable-only=yes&full-items=yes&marketplace=yes&flow=no,"<script src=""https://fareharbor.com/embeds/script/calendar/donautal-kanuverleih/items/538472/?asn=fhdn-eur&asn-ref=alloutdooradventures&ref=alloutdooradventures&bookable-only=yes&full-items=yes&marketplace=yes&flow=no""></script>",https://fareharbor.com/embeds/book/donautal-kanuverleih/items/538472/?asn=fhdn-eur&asn-ref=alloutdooradventures&ref=alloutdooradventures&bookable-only=yes&full-items=yes&marketplace=yes&flow=no,https://cdn.filestackcontent.com/YkmxM3rEREWbkssOufnQ
Toscana Adventure Team,tateam,info@tateam.it,0039 347 8974708,Italy/Toscana/Ponte All'ania,10.487325,44.045086,540489,Torrente Ania Canyoning Experience,Climbing,3,36,0,https://fareharbor.com/embeds/calendar/tateam/items/540489/?asn=fhdn-eur&asn-ref=alloutdooradventures&ref=alloutdooradventures&bookable-only=yes&full-items=yes&marketplace=yes&flow=no,"<script src=""https://fareharbor.com/embeds/script/calendar/tateam/items/540489/?asn=fhdn-eur&asn-ref=alloutdooradventures&ref=alloutdooradventures&bookable-only=yes&full-items=yes&marketplace=yes&flow=no""></script>",https://fareharbor.com/embeds/book/tateam/items/540489/?asn=fhdn-eur&asn-ref=alloutdooradventures&ref=alloutdooradventures&bookable-only=yes&full-items=yes&marketplace=yes&flow=no,https://cdn.filestackcontent.com/wZVqTWbtTJS3o12LZQTi
Kanuuh,kanuuh,info@kanuuh.de,+49 08421 /2110,Germany/Bayern/Solnhofen,10.974497,48.929226,631674,"2,5 Tagestour Pappenheim-Eichstätt",Boat Rental-Boat Tour-Canoe-Self-Guided Tour-Water Activities,1,36,0,https://fareharbor.com/embeds/calendar/kanuuh/items/631674/?asn=fhdn-eur&asn-ref=alloutdooradventures&ref=alloutdooradventures&bookable-only=yes&full-items=yes&marketplace=yes&flow=no,"<script src=""https://fareharbor.com/embeds/script/calendar/kanuuh/items/631674/?asn=fhdn-eur&asn-ref=alloutdooradventures&ref=alloutdooradventures&bookable-only=yes&full-items=yes&marketplace=yes&flow=no""></script>",https://fareharbor.com/embeds/book/kanuuh/items/631674/?asn=fhdn-eur&asn-ref=alloutdooradventures&ref=alloutdooradventures&bookable-only=yes&full-items=yes&marketplace=yes&flow=no,https://cdn.filestackcontent.com/v9HYX6JnQ6a5DuR9Plcx
Arbaspaa,arbaspaa,info@arbaspaa.com,+39 0187 760083,Italy/Liguria/Manarola,,,143337,Private Cinque Terre Hiking & Wine Tour,Wellness-Hiking-Train-Wine,0,35,1,https://fareharbor.com/embeds/calendar/arbaspaa/items/143337/?asn=fhdn-eur&asn-ref=alloutdooradventures&ref=alloutdooradventures&bookable-only=yes&full-items=yes&marketplace=yes&flow=no,"<script src=""https://fareharbor.com/embeds/script/calendar/arbaspaa/items/143337/?asn=fhdn-eur&asn-ref=alloutdooradventures&ref=alloutdooradventures&bookable-only=yes&full-items=yes&marketplace=yes&flow=no""></script>",https://fareharbor.com/embeds/book/arbaspaa/items/143337/?asn=fhdn-eur&asn-ref=alloutdooradventures&ref=alloutdooradventures&bookable-only=yes&full-items=yes&marketplace=yes&flow=no,https://cdn.filestackcontent.com/cKUui6POTPuMhQkTkUQQ
Under The Tuscan Sun Tours,underthetuscansun,andrea@underthetuscansun.it,+393483146644,Italy/Tuscany/Florence,,,154556,PISA AND LUCCA With Bike Tour On The Lucca Wall,Bike Rental-Bike Tour-City Tour-Museum-Transfer-Private-Sailing-Transportation,0,35,540,https://fareharbor.com/embeds/calendar/underthetuscansun/items/154556/?asn=fhdn-eur&asn-ref=alloutdooradventures&ref=alloutdooradventures&bookable-only=yes&full-items=yes&marketplace=yes&flow=no,"<script src=""https://fareharbor.com/embeds/script/calendar/underthetuscansun/items/154556/?asn=fhdn-eur&asn-ref=alloutdooradventures&ref=alloutdooradventures&bookable-only=yes&full-items=yes&marketplace=yes&flow=no""></script>",https://fareharbor.com/embeds/book/underthetuscansun/items/154556/?asn=fhdn-eur&asn-ref=alloutdooradventures&ref=alloutdooradventures&bookable-only=yes&full-items=yes&marketplace=yes&flow=no,https://cdn.filestackcontent.com/pCrSwYQKT12s6PC6pN1h
Catalan Trails,catalantrails,info@catalantrails.com,+34604175927,Spain/Catalunya/Barcelona,,,350534,El Penedès Hike & Wines - Private Tour,Hiking-Wine,0,35,0,https://fareharbor.com/embeds/calendar/catalantrails/items/350534/?asn=fhdn-eur&asn-ref=alloutdooradventures&ref=alloutdooradventures&bookable-only=yes&full-items=yes&marketplace=yes&flow=no,"<script src=""https://fareharbor.com/embeds/script/calendar/catalantrails/items/350534/?asn=fhdn-eur&asn-ref=alloutdooradventures&ref=alloutdooradventures&bookable-only=yes&full-items=yes&marketplace=yes&flow=no""></script>",https://fareharbor.com/embeds/book/catalantrails/items/350534/?asn=fhdn-eur&asn-ref=alloutdooradventures&ref=alloutdooradventures&bookable-only=yes&full-items=yes&marketplace=yes&flow=no,https://cdn.filestackcontent.com/Pg5OOpCDQnCDGUTfomqL
Team Evasion,team-evasion,david@provencevtt.fr,+33695003973,France/Provence-Alpes-Côte d'Azur/Aubagne,,,541537,Trilogie de Provence,Bike Tour,7,35,0,https://fareharbor.com/embeds/calendar/team-evasion/items/541537/?asn=fhdn-eur&asn-ref=alloutdooradventures&ref=alloutdooradventures&bookable-only=yes&full-items=yes&marketplace=yes&flow=no,"<script src=""https://fareharbor.com/embeds/script/calendar/team-evasion/items/541537/?asn=fhdn-eur&asn-ref=alloutdooradventures&ref=alloutdooradventures&bookable-only=yes&full-items=yes&marketplace=yes&flow=no""></script>",https://fareharbor.com/embeds/book/team-evasion/items/541537/?asn=fhdn-eur&asn-ref=alloutdooradventures&ref=alloutdooradventures&bookable-only=yes&full-items=yes&marketplace=yes&flow=no,https://cdn.filestackcontent.com/yjT3M388RhOBfWStD1am
Team Evasion,team-evasion,david@provencevtt.fr,+33695003973,France/Provence-Alpes-Côte d'Azur/Aubagne,,,541562,L'eau de la Sainte Baume,Bike Tour,8,35,0,https://fareharbor.com/embeds/calendar/team-evasion/items/541562/?asn=fhdn-eur&asn-ref=alloutdooradventures&ref=alloutdooradventures&bookable-only=yes&full-items=yes&marketplace=yes&flow=no,"<script src=""https://fareharbor.com/embeds/script/calendar/team-evasion/items/541562/?asn=fhdn-eur&asn-ref=alloutdooradventures&ref=alloutdooradventures&bookable-only=yes&full-items=yes&marketplace=yes&flow=no""></script>",https://fareharbor.com/embeds/book/team-evasion/items/541562/?asn=fhdn-eur&asn-ref=alloutdooradventures&ref=alloutdooradventures&bookable-only=yes&full-items=yes&marketplace=yes&flow=no,https://cdn.filestackcontent.com/0pGCrAzASSqm7kwGR4Gl
Team Evasion,team-evasion,david@provencevtt.fr,+33695003973,France/Provence-Alpes-Côte d'Azur/Aubagne,,,541565,A la découverte de la Sainte Baume,Bike Tour,7,35,0,https://fareharbor.com/embeds/calendar/team-evasion/items/541565/?asn=fhdn-eur&asn-ref=alloutdooradventures&ref=alloutdooradventures&bookable-only=yes&full-items=yes&marketplace=yes&flow=no,"<script src=""https://fareharbor.com/embeds/script/calendar/team-evasion/items/541565/?asn=fhdn-eur&asn-ref=alloutdooradventures&ref=alloutdooradventures&bookable-only=yes&full-items=yes&marketplace=yes&flow=no""></script>",https://fareharbor.com/embeds/book/team-evasion/items/541565/?asn=fhdn-eur&asn-ref=alloutdooradventures&ref=alloutdooradventures&bookable-only=yes&full-items=yes&marketplace=yes&flow=no,https://cdn.filestackcontent.com/bMFYWX6YQ9SGz4whQqki
Epicureo.it,epicureo-it,info@epicureo.it,+39 3384270608,Italy/Campania/Nerano,14.347482,40.586235,550721,Snorkeling alla Baia di Ieranto,Hiking,3,35,0,https://fareharbor.com/embeds/calendar/epicureo-it/items/550721/?asn=fhdn-eur&asn-ref=alloutdooradventures&ref=alloutdooradventures&bookable-only=yes&full-items=yes&marketplace=yes&flow=no,"<script src=""https://fareharbor.com/embeds/script/calendar/epicureo-it/items/550721/?asn=fhdn-eur&asn-ref=alloutdooradventures&ref=alloutdooradventures&bookable-only=yes&full-items=yes&marketplace=yes&flow=no""></script>",https://fareharbor.com/embeds/book/epicureo-it/items/550721/?asn=fhdn-eur&asn-ref=alloutdooradventures&ref=alloutdooradventures&bookable-only=yes&full-items=yes&marketplace=yes&flow=no,https://cdn.filestackcontent.com/gnCTJ1bSZCahfSSyzxwP
Charentes in Flow,charentesinflow,laurette@charentesinflow.fr,+33627960622,France/Nouvelle-Aquitaine/Échallat,,,588245,Le Feu,Eco Tour-Food Tour,1,35,0,https://fareharbor.com/embeds/calendar/charentesinflow/items/588245/?asn=fhdn-eur&asn-ref=alloutdooradventures&ref=alloutdooradventures&bookable-only=yes&full-items=yes&marketplace=yes&flow=no,"<script src=""https://fareharbor.com/embeds/script/calendar/charentesinflow/items/588245/?asn=fhdn-eur&asn-ref=alloutdooradventures&ref=alloutdooradventures&bookable-only=yes&full-items=yes&marketplace=yes&flow=no""></script>",https://fareharbor.com/embeds/book/charentesinflow/items/588245/?asn=fhdn-eur&asn-ref=alloutdooradventures&ref=alloutdooradventures&bookable-only=yes&full-items=yes&marketplace=yes&flow=no,https://cdn.filestackcontent.com/CsmNQBCqQDmMKBa6YOAb
Kanuuh,kanuuh,info@kanuuh.de,+49 08421 /2110,Germany/Bavaria/Treuchtlingen,10.911973,48.952059,631641,Halbtagestour Treuchtlingen-Pappenheim,Boat Rental-Boat Tour-Canoe-Self-Guided Tour-Water Activities,1,35,139,https://fareharbor.com/embeds/calendar/kanuuh/items/631641/?asn=fhdn-eur&asn-ref=alloutdooradventures&ref=alloutdooradventures&bookable-only=yes&full-items=yes&marketplace=yes&flow=no,"<script src=""https://fareharbor.com/embeds/script/calendar/kanuuh/items/631641/?asn=fhdn-eur&asn-ref=alloutdooradventures&ref=alloutdooradventures&bookable-only=yes&full-items=yes&marketplace=yes&flow=no""></script>",https://fareharbor.com/embeds/book/kanuuh/items/631641/?asn=fhdn-eur&asn-ref=alloutdooradventures&ref=alloutdooradventures&bookable-only=yes&full-items=yes&marketplace=yes&flow=no,https://cdn.filestackcontent.com/mNpedi2MQkOO53CeOyeS
Kanuuh,kanuuh,info@kanuuh.de,+49 08421 /2110,Germany/Bavaria/Treuchtlingen,,,631649,Tagestour Treuchtlingen- Solnhofen,Boat Rental-Boat Tour-Canoe-Self-Guided Tour-Water Activities,1,35,0,https://fareharbor.com/embeds/calendar/kanuuh/items/631649/?asn=fhdn-eur&asn-ref=alloutdooradventures&ref=alloutdooradventures&bookable-only=yes&full-items=yes&marketplace=yes&flow=no,"<script src=""https://fareharbor.com/embeds/script/calendar/kanuuh/items/631649/?asn=fhdn-eur&asn-ref=alloutdooradventures&ref=alloutdooradventures&bookable-only=yes&full-items=yes&marketplace=yes&flow=no""></script>",https://fareharbor.com/embeds/book/kanuuh/items/631649/?asn=fhdn-eur&asn-ref=alloutdooradventures&ref=alloutdooradventures&bookable-only=yes&full-items=yes&marketplace=yes&flow=no,https://cdn.filestackcontent.com/qKcdqdJ6QiQOGBmvz3mY
Kanuuh,kanuuh,info@kanuuh.de,+49 08421 /2110,Germany/Bayern/Solnhofen,,,631656,Tagestour Solnhofen-Dollnstein,Boat Rental-Boat Tour-Canoe-Self-Guided Tour-Water Activities,1,35,0,https://fareharbor.com/embeds/calendar/kanuuh/items/631656/?asn=fhdn-eur&asn-ref=alloutdooradventures&ref=alloutdooradventures&bookable-only=yes&full-items=yes&marketplace=yes&flow=no,"<script src=""https://fareharbor.com/embeds/script/calendar/kanuuh/items/631656/?asn=fhdn-eur&asn-ref=alloutdooradventures&ref=alloutdooradventures&bookable-only=yes&full-items=yes&marketplace=yes&flow=no""></script>",https://fareharbor.com/embeds/book/kanuuh/items/631656/?asn=fhdn-eur&asn-ref=alloutdooradventures&ref=alloutdooradventures&bookable-only=yes&full-items=yes&marketplace=yes&flow=no,https://cdn.filestackcontent.com/heIlx9HR86sRZ7hEdxel
Kanuuh,kanuuh,info@kanuuh.de,+49 08421 /2110,Germany/Bayern/Solnhofen,10.974497,48.929226,631661,Tagestour Pappenheim-Dollnstein,Boat Rental-Boat Tour-Canoe-Self-Guided Tour-Water Activities,1,35,0,https://fareharbor.com/embeds/calendar/kanuuh/items/631661/?asn=fhdn-eur&asn-ref=alloutdooradventures&ref=alloutdooradventures&bookable-only=yes&full-items=yes&marketplace=yes&flow=no,"<script src=""https://fareharbor.com/embeds/script/calendar/kanuuh/items/631661/?asn=fhdn-eur&asn-ref=alloutdooradventures&ref=alloutdooradventures&bookable-only=yes&full-items=yes&marketplace=yes&flow=no""></script>",https://fareharbor.com/embeds/book/kanuuh/items/631661/?asn=fhdn-eur&asn-ref=alloutdooradventures&ref=alloutdooradventures&bookable-only=yes&full-items=yes&marketplace=yes&flow=no,https://cdn.filestackcontent.com/IXHXSwHRAGklYFxRoJXB
Italygate,italygate,booking@emiliaromagnatours.it,+39 370 3608751,Italy/Liguria/La Spezia,9.826837,44.104288,112280,Cinque Terre: land and sea tour,Ferry-Hiking-Train-Walking Tour,3,34,0,https://fareharbor.com/embeds/calendar/italygate/items/112280/?asn=fhdn-eur&asn-ref=alloutdooradventures&ref=alloutdooradventures&bookable-only=yes&full-items=yes&marketplace=yes&flow=no,"<script src=""https://fareharbor.com/embeds/script/calendar/italygate/items/112280/?asn=fhdn-eur&asn-ref=alloutdooradventures&ref=alloutdooradventures&bookable-only=yes&full-items=yes&marketplace=yes&flow=no""></script>",https://fareharbor.com/embeds/book/italygate/items/112280/?asn=fhdn-eur&asn-ref=alloutdooradventures&ref=alloutdooradventures&bookable-only=yes&full-items=yes&marketplace=yes&flow=no,https://cdn.filestackcontent.com/JRV8dBLMSeuiNuy6ty4K
Marnatura,marnatura,info@marnatura.net,+34 632 595 729,Spain/Catalunya/L'Ametlla de Mar,,,265606,Lloguer equip Snorkel,Snorkel,1,34,0,https://fareharbor.com/embeds/calendar/marnatura/items/265606/?asn=fhdn-eur&asn-ref=alloutdooradventures&ref=alloutdooradventures&bookable-only=yes&full-items=yes&marketplace=yes&flow=no,"<script src=""https://fareharbor.com/embeds/script/calendar/marnatura/items/265606/?asn=fhdn-eur&asn-ref=alloutdooradventures&ref=alloutdooradventures&bookable-only=yes&full-items=yes&marketplace=yes&flow=no""></script>",https://fareharbor.com/embeds/book/marnatura/items/265606/?asn=fhdn-eur&asn-ref=alloutdooradventures&ref=alloutdooradventures&bookable-only=yes&full-items=yes&marketplace=yes&flow=no,https://cdn.filestackcontent.com/FCWNlB8lTYuot8qoNOvp
Cyclorama Strasbourg,cyclorama-strasbourg,cyclorama.strasbourg@gmail.com,33 (0)6 16 562,France/Grand Est/Strasbourg,,,686959,Strasbourg Secret : Le quartier de la Krutenau,Bike Tour,1,34,0,https://fareharbor.com/embeds/calendar/cyclorama-strasbourg/items/686959/?asn=fhdn-eur&asn-ref=alloutdooradventures&ref=alloutdooradventures&bookable-only=yes&full-items=yes&marketplace=yes&flow=no,"<script src=""https://fareharbor.com/embeds/script/calendar/cyclorama-strasbourg/items/686959/?asn=fhdn-eur&asn-ref=alloutdooradventures&ref=alloutdooradventures&bookable-only=yes&full-items=yes&marketplace=yes&flow=no""></script>",https://fareharbor.com/embeds/book/cyclorama-strasbourg/items/686959/?asn=fhdn-eur&asn-ref=alloutdooradventures&ref=alloutdooradventures&bookable-only=yes&full-items=yes&marketplace=yes&flow=no,https://cdn.filestackcontent.com/N3JbOsVS5irsHGth0m5Q
Cyclorama Strasbourg,cyclorama-strasbourg,cyclorama.strasbourg@gmail.com,33 (0)6 16 562,France/Grand Est/Strasbourg,,,686978,Balade en vélo-calèche: Circuit AB,Bike Tour,1,34,332,https://fareharbor.com/embeds/calendar/cyclorama-strasbourg/items/686978/?asn=fhdn-eur&asn-ref=alloutdooradventures&ref=alloutdooradventures&bookable-only=yes&full-items=yes&marketplace=yes&flow=no,"<script src=""https://fareharbor.com/embeds/script/calendar/cyclorama-strasbourg/items/686978/?asn=fhdn-eur&asn-ref=alloutdooradventures&ref=alloutdooradventures&bookable-only=yes&full-items=yes&marketplace=yes&flow=no""></script>",https://fareharbor.com/embeds/book/cyclorama-strasbourg/items/686978/?asn=fhdn-eur&asn-ref=alloutdooradventures&ref=alloutdooradventures&bookable-only=yes&full-items=yes&marketplace=yes&flow=no,https://cdn.filestackcontent.com/hTHk13QuQdiq6OIFyTqk
Unique Tours,uniquetours,hello@uniquetours.com,+34 699 393 249,Spain/Catalunya/Barcelona,,,401668,Tours by Uni - Booking,Hiking,1,33,180,https://fareharbor.com/embeds/calendar/uniquetours/items/401668/?asn=fhdn-eur&asn-ref=alloutdooradventures&ref=alloutdooradventures&bookable-only=yes&full-items=yes&marketplace=yes&flow=no,"<script src=""https://fareharbor.com/embeds/script/calendar/uniquetours/items/401668/?asn=fhdn-eur&asn-ref=alloutdooradventures&ref=alloutdooradventures&bookable-only=yes&full-items=yes&marketplace=yes&flow=no""></script>",https://fareharbor.com/embeds/book/uniquetours/items/401668/?asn=fhdn-eur&asn-ref=alloutdooradventures&ref=alloutdooradventures&bookable-only=yes&full-items=yes&marketplace=yes&flow=no,https://cdn.filestackcontent.com/w9V98VVR5eaua8kbpMhQ
Cyclorama Strasbourg,cyclorama-strasbourg,cyclorama.strasbourg@gmail.com,33 (0)6 16 562,France/Grand Est/Strasbourg,,,686969,Le Grand Tour : Strasbourg - Kehl (Allemagne),Bike Tour,1,33,332,https://fareharbor.com/embeds/calendar/cyclorama-strasbourg/items/686969/?asn=fhdn-eur&asn-ref=alloutdooradventures&ref=alloutdooradventures&bookable-only=yes&full-items=yes&marketplace=yes&flow=no,"<script src=""https://fareharbor.com/embeds/script/calendar/cyclorama-strasbourg/items/686969/?asn=fhdn-eur&asn-ref=alloutdooradventures&ref=alloutdooradventures&bookable-only=yes&full-items=yes&marketplace=yes&flow=no""></script>",https://fareharbor.com/embeds/book/cyclorama-strasbourg/items/686969/?asn=fhdn-eur&asn-ref=alloutdooradventures&ref=alloutdooradventures&bookable-only=yes&full-items=yes&marketplace=yes&flow=no,https://cdn.filestackcontent.com/2PaqnRJuR7KjIIOfZai6
Donautal Kanuverleih,donautal-kanuverleih,info@donautal-kanuverleih.de,0049 75702929995,Germany/Baden-Württemberg/Lichtenstein,9.254877,48.431847,538501,Tour 3 Sigmaringen - Sigmaringendorf,Canoe,2,32,32,https://fareharbor.com/embeds/calendar/donautal-kanuverleih/items/538501/?asn=fhdn-eur&asn-ref=alloutdooradventures&ref=alloutdooradventures&bookable-only=yes&full-items=yes&marketplace=yes&flow=no,"<script src=""https://fareharbor.com/embeds/script/calendar/donautal-kanuverleih/items/538501/?asn=fhdn-eur&asn-ref=alloutdooradventures&ref=alloutdooradventures&bookable-only=yes&full-items=yes&marketplace=yes&flow=no""></script>",https://fareharbor.com/embeds/book/donautal-kanuverleih/items/538501/?asn=fhdn-eur&asn-ref=alloutdooradventures&ref=alloutdooradventures&bookable-only=yes&full-items=yes&marketplace=yes&flow=no,https://cdn.filestackcontent.com/O76zazeyRyOvjLWjFuZo
Toscana Adventure Team,tateam,info@tateam.it,0039 347 8974708,Italy/Toscana/Seravezza,10.222939,43.989597,540491,Torrente Serra Inferiore,Climbing,2,31,0,https://fareharbor.com/embeds/calendar/tateam/items/540491/?asn=fhdn-eur&asn-ref=alloutdooradventures&ref=alloutdooradventures&bookable-only=yes&full-items=yes&marketplace=yes&flow=no,"<script src=""https://fareharbor.com/embeds/script/calendar/tateam/items/540491/?asn=fhdn-eur&asn-ref=alloutdooradventures&ref=alloutdooradventures&bookable-only=yes&full-items=yes&marketplace=yes&flow=no""></script>",https://fareharbor.com/embeds/book/tateam/items/540491/?asn=fhdn-eur&asn-ref=alloutdooradventures&ref=alloutdooradventures&bookable-only=yes&full-items=yes&marketplace=yes&flow=no,https://cdn.filestackcontent.com/HZr6VhpKRy2guMW9Rq1f
Epicureo.it,epicureo-it,info@epicureo.it,+39 3384270608,Italy/Campania/Pianillo,14.540178,40.6301,550975,Arrampicata in Costiera Amalfitana,Hiking,2,31,0,https://fareharbor.com/embeds/calendar/epicureo-it/items/550975/?asn=fhdn-eur&asn-ref=alloutdooradventures&ref=alloutdooradventures&bookable-only=yes&full-items=yes&marketplace=yes&flow=no,"<script src=""https://fareharbor.com/embeds/script/calendar/epicureo-it/items/550975/?asn=fhdn-eur&asn-ref=alloutdooradventures&ref=alloutdooradventures&bookable-only=yes&full-items=yes&marketplace=yes&flow=no""></script>",https://fareharbor.com/embeds/book/epicureo-it/items/550975/?asn=fhdn-eur&asn-ref=alloutdooradventures&ref=alloutdooradventures&bookable-only=yes&full-items=yes&marketplace=yes&flow=no,https://cdn.filestackcontent.com/uqd8d8W0ReiAafi8tj0B
Taste Girona,tastegirona,info@tastegirona.com,34 602624775,Spain/Catalunya/Girona,,,564286,Girona Evening Food Tour & Tapas Bar Experience,Food Tour-Guided Tour,2,31,119,https://fareharbor.com/embeds/calendar/tastegirona/items/564286/?asn=fhdn-eur&asn-ref=alloutdooradventures&ref=alloutdooradventures&bookable-only=yes&full-items=yes&marketplace=yes&flow=no,"<script src=""https://fareharbor.com/embeds/script/calendar/tastegirona/items/564286/?asn=fhdn-eur&asn-ref=alloutdooradventures&ref=alloutdooradventures&bookable-only=yes&full-items=yes&marketplace=yes&flow=no""></script>",https://fareharbor.com/embeds/book/tastegirona/items/564286/?asn=fhdn-eur&asn-ref=alloutdooradventures&ref=alloutdooradventures&bookable-only=yes&full-items=yes&marketplace=yes&flow=no,https://cdn.filestackcontent.com/0Xmr9C1PQhqqgsWHb6v6
Out Active,out-active,info@out-active.de,0049 7124 354 99,Germany/Baden-Württemberg/Sigmaringen,9.114621,48.077987,567766,Yoga & Kanu,Canoe-Wellness,2,31,0,https://fareharbor.com/embeds/calendar/out-active/items/567766/?asn=fhdn-eur&asn-ref=alloutdooradventures&ref=alloutdooradventures&bookable-only=yes&full-items=yes&marketplace=yes&flow=no,"<script src=""https://fareharbor.com/embeds/script/calendar/out-active/items/567766/?asn=fhdn-eur&asn-ref=alloutdooradventures&ref=alloutdooradventures&bookable-only=yes&full-items=yes&marketplace=yes&flow=no""></script>",https://fareharbor.com/embeds/book/out-active/items/567766/?asn=fhdn-eur&asn-ref=alloutdooradventures&ref=alloutdooradventures&bookable-only=yes&full-items=yes&marketplace=yes&flow=no,https://cdn.filestackcontent.com/EnwyCc8XQWK2bkBGfC2x
Team Evasion,team-evasion,david@provencevtt.fr,+33695003973,France/Provence-Alpes-Côte d'Azur/Aubagne,,,541560,Les Contreforts du Garlaban,Bike Tour,4,30,0,https://fareharbor.com/embeds/calendar/team-evasion/items/541560/?asn=fhdn-eur&asn-ref=alloutdooradventures&ref=alloutdooradventures&bookable-only=yes&full-items=yes&marketplace=yes&flow=no,"<script src=""https://fareharbor.com/embeds/script/calendar/team-evasion/items/541560/?asn=fhdn-eur&asn-ref=alloutdooradventures&ref=alloutdooradventures&bookable-only=yes&full-items=yes&marketplace=yes&flow=no""></script>",https://fareharbor.com/embeds/book/team-evasion/items/541560/?asn=fhdn-eur&asn-ref=alloutdooradventures&ref=alloutdooradventures&bookable-only=yes&full-items=yes&marketplace=yes&flow=no,https://cdn.filestackcontent.com/1IyZRczdRBOLgpxOPL2J
Team Evasion,team-evasion,david@provencevtt.fr,+33695003973,France/Provence-Alpes-Côte d'Azur/Aubagne,,,541568,Location de vélos,Bike Tour,4,30,0,https://fareharbor.com/embeds/calendar/team-evasion/items/541568/?asn=fhdn-eur&asn-ref=alloutdooradventures&ref=alloutdooradventures&bookable-only=yes&full-items=yes&marketplace=yes&flow=no,"<script src=""https://fareharbor.com/embeds/script/calendar/team-evasion/items/541568/?asn=fhdn-eur&asn-ref=alloutdooradventures&ref=alloutdooradventures&bookable-only=yes&full-items=yes&marketplace=yes&flow=no""></script>",https://fareharbor.com/embeds/book/team-evasion/items/541568/?asn=fhdn-eur&asn-ref=alloutdooradventures&ref=alloutdooradventures&bookable-only=yes&full-items=yes&marketplace=yes&flow=no,https://cdn.filestackcontent.com/P2SJsb7yRpKstSoMARy8
Basque land by horse,basquelandbyhorse,basquelandbyhorse@gmail.com,34686808908,Spain/Basque Country/Donostia-San Sebastian,,,566614,Private Experience Basque on Horseback,Horse,1,29,0,https://fareharbor.com/embeds/calendar/basquelandbyhorse/items/566614/?asn=fhdn-eur&asn-ref=alloutdooradventures&ref=alloutdooradventures&bookable-only=yes&full-items=yes&marketplace=yes&flow=no,"<script src=""https://fareharbor.com/embeds/script/calendar/basquelandbyhorse/items/566614/?asn=fhdn-eur&asn-ref=alloutdooradventures&ref=alloutdooradventures&bookable-only=yes&full-items=yes&marketplace=yes&flow=no""></script>",https://fareharbor.com/embeds/book/basquelandbyhorse/items/566614/?asn=fhdn-eur&asn-ref=alloutdooradventures&ref=alloutdooradventures&bookable-only=yes&full-items=yes&marketplace=yes&flow=no,https://cdn.filestackcontent.com/Ul9K0rITFGshBc46C7H2
Out Active,out-active,info@out-active.de,0049 7124 354 99,Germany/Bavaria/Sulzberg,10.337884,47.679068,567771,Tourguide Ausbildung bei Out Active (nach der Richtlinien der Bundesverband Kanu e.V.) / Iller,Canoe,1,29,0,https://fareharbor.com/embeds/calendar/out-active/items/567771/?asn=fhdn-eur&asn-ref=alloutdooradventures&ref=alloutdooradventures&bookable-only=yes&full-items=yes&marketplace=yes&flow=no,"<script src=""https://fareharbor.com/embeds/script/calendar/out-active/items/567771/?asn=fhdn-eur&asn-ref=alloutdooradventures&ref=alloutdooradventures&bookable-only=yes&full-items=yes&marketplace=yes&flow=no""></script>",https://fareharbor.com/embeds/book/out-active/items/567771/?asn=fhdn-eur&asn-ref=alloutdooradventures&ref=alloutdooradventures&bookable-only=yes&full-items=yes&marketplace=yes&flow=no,https://cdn.filestackcontent.com/9HcKFGOTkuSVduU8E7CA
Climb Om Experiences,climbom,info@climbom.com,34611283905,Spain/Catalunya/Camarasa,,,625849,Curso iniciacion a la escalada deportiva en roca,Climbing-Sports,1,29,2,https://fareharbor.com/embeds/calendar/climbom/items/625849/?asn=fhdn-eur&asn-ref=alloutdooradventures&ref=alloutdooradventures&bookable-only=yes&full-items=yes&marketplace=yes&flow=no,"<script src=""https://fareharbor.com/embeds/script/calendar/climbom/items/625849/?asn=fhdn-eur&asn-ref=alloutdooradventures&ref=alloutdooradventures&bookable-only=yes&full-items=yes&marketplace=yes&flow=no""></script>",https://fareharbor.com/embeds/book/climbom/items/625849/?asn=fhdn-eur&asn-ref=alloutdooradventures&ref=alloutdooradventures&bookable-only=yes&full-items=yes&marketplace=yes&flow=no,https://cdn.filestackcontent.com/aR3t3YGQqKNTijkxSiRj
Palau Excursions & Snorkeling,palauexcursions,info@palauexcursions.com,39 3384719563,Italy/Sardegna/Palau,,,539143,Escursione Snorkeling Parco Nazionale di La Maddalena,Snorkel,4,28,120,https://fareharbor.com/embeds/calendar/palauexcursions/items/539143/?asn=fhdn-eur&asn-ref=alloutdooradventures&ref=alloutdooradventures&bookable-only=yes&full-items=yes&marketplace=yes&flow=no,"<script src=""https://fareharbor.com/embeds/script/calendar/palauexcursions/items/539143/?asn=fhdn-eur&asn-ref=alloutdooradventures&ref=alloutdooradventures&bookable-only=yes&full-items=yes&marketplace=yes&flow=no""></script>",https://fareharbor.com/embeds/book/palauexcursions/items/539143/?asn=fhdn-eur&asn-ref=alloutdooradventures&ref=alloutdooradventures&bookable-only=yes&full-items=yes&marketplace=yes&flow=no,https://cdn.filestackcontent.com/S0kut8OMQeOW3twUot8Y
Epicureo.it,epicureo-it,info@epicureo.it,+39 3384270608,Italy/Campania/Salerno,14.769953,40.673798,550982,Escursione in barca in Costiera Amalfitana,Hiking,1,28,0,https://fareharbor.com/embeds/calendar/epicureo-it/items/550982/?asn=fhdn-eur&asn-ref=alloutdooradventures&ref=alloutdooradventures&bookable-only=yes&full-items=yes&marketplace=yes&flow=no,"<script src=""https://fareharbor.com/embeds/script/calendar/epicureo-it/items/550982/?asn=fhdn-eur&asn-ref=alloutdooradventures&ref=alloutdooradventures&bookable-only=yes&full-items=yes&marketplace=yes&flow=no""></script>",https://fareharbor.com/embeds/book/epicureo-it/items/550982/?asn=fhdn-eur&asn-ref=alloutdooradventures&ref=alloutdooradventures&bookable-only=yes&full-items=yes&marketplace=yes&flow=no,https://cdn.filestackcontent.com/O1w5DtvQVOGuLmIa0eN2
Epicureo.it,epicureo-it,info@epicureo.it,+39 3384270608,Italy/Campania/Massa Lubrense,14.336099,40.608831,550985,Escursione in Kayak alla Baia di Ieranto,Hiking,1,28,0,https://fareharbor.com/embeds/calendar/epicureo-it/items/550985/?asn=fhdn-eur&asn-ref=alloutdooradventures&ref=alloutdooradventures&bookable-only=yes&full-items=yes&marketplace=yes&flow=no,"<script src=""https://fareharbor.com/embeds/script/calendar/epicureo-it/items/550985/?asn=fhdn-eur&asn-ref=alloutdooradventures&ref=alloutdooradventures&bookable-only=yes&full-items=yes&marketplace=yes&flow=no""></script>",https://fareharbor.com/embeds/book/epicureo-it/items/550985/?asn=fhdn-eur&asn-ref=alloutdooradventures&ref=alloutdooradventures&bookable-only=yes&full-items=yes&marketplace=yes&flow=no,https://cdn.filestackcontent.com/Kux5TuYqRY6Tgyh5Dqog
Mezzana Marilleva,marilleva,info@marilleva.it,+39 0463757588,Italy/Trentino-Alto Adige/Mezzana,10.796292,46.314848,561374,Baby Rafting by Ursus Adventures (Ritrovo Ossana),Rafting,1,28,0,https://fareharbor.com/embeds/calendar/marilleva/items/561374/?asn=fhdn-eur&asn-ref=alloutdooradventures&ref=alloutdooradventures&bookable-only=yes&full-items=yes&marketplace=yes&flow=no,"<script src=""https://fareharbor.com/embeds/script/calendar/marilleva/items/561374/?asn=fhdn-eur&asn-ref=alloutdooradventures&ref=alloutdooradventures&bookable-only=yes&full-items=yes&marketplace=yes&flow=no""></script>",https://fareharbor.com/embeds/book/marilleva/items/561374/?asn=fhdn-eur&asn-ref=alloutdooradventures&ref=alloutdooradventures&bookable-only=yes&full-items=yes&marketplace=yes&flow=no,https://cdn.filestackcontent.com/itMapLh6S3GQvTCRemPC
Mezzana Marilleva,marilleva,info@marilleva.it,+39 0463757588,Italy/Trentino-Alto Adige/Marilleva 900,10.812574,46.315116,561645,Escursione lungo la pista ciclabile,Bike Tour,1,28,0,https://fareharbor.com/embeds/calendar/marilleva/items/561645/?asn=fhdn-eur&asn-ref=alloutdooradventures&ref=alloutdooradventures&bookable-only=yes&full-items=yes&marketplace=yes&flow=no,"<script src=""https://fareharbor.com/embeds/script/calendar/marilleva/items/561645/?asn=fhdn-eur&asn-ref=alloutdooradventures&ref=alloutdooradventures&bookable-only=yes&full-items=yes&marketplace=yes&flow=no""></script>",https://fareharbor.com/embeds/book/marilleva/items/561645/?asn=fhdn-eur&asn-ref=alloutdooradventures&ref=alloutdooradventures&bookable-only=yes&full-items=yes&marketplace=yes&flow=no,https://cdn.filestackcontent.com/KnUJigYqS8qfMepgAcPR
Mezzana Marilleva,marilleva,info@marilleva.it,+39 0463757588,Italy/Trentino-South Tyrol/Marilleva 1400,10.810622,46.301553,563350,Kids Bike Park,Bike Tour,1,28,0,https://fareharbor.com/embeds/calendar/marilleva/items/563350/?asn=fhdn-eur&asn-ref=alloutdooradventures&ref=alloutdooradventures&bookable-only=yes&full-items=yes&marketplace=yes&flow=no,"<script src=""https://fareharbor.com/embeds/script/calendar/marilleva/items/563350/?asn=fhdn-eur&asn-ref=alloutdooradventures&ref=alloutdooradventures&bookable-only=yes&full-items=yes&marketplace=yes&flow=no""></script>",https://fareharbor.com/embeds/book/marilleva/items/563350/?asn=fhdn-eur&asn-ref=alloutdooradventures&ref=alloutdooradventures&bookable-only=yes&full-items=yes&marketplace=yes&flow=no,https://cdn.filestackcontent.com/5GTexLXNRae829SbcRTD
Out Active,out-active,info@out-active.de,0049 7124 354 99,Czechia/South Bohemian Region/Vyšší Brod,14.316667,48.566667,567765,Kanutour auf der Moldau – Family & Friends Kanu Moldau,Canoe,1,28,0,https://fareharbor.com/embeds/calendar/out-active/items/567765/?asn=fhdn-eur&asn-ref=alloutdooradventures&ref=alloutdooradventures&bookable-only=yes&full-items=yes&marketplace=yes&flow=no,"<script src=""https://fareharbor.com/embeds/script/calendar/out-active/items/567765/?asn=fhdn-eur&asn-ref=alloutdooradventures&ref=alloutdooradventures&bookable-only=yes&full-items=yes&marketplace=yes&flow=no""></script>",https://fareharbor.com/embeds/book/out-active/items/567765/?asn=fhdn-eur&asn-ref=alloutdooradventures&ref=alloutdooradventures&bookable-only=yes&full-items=yes&marketplace=yes&flow=no,https://cdn.filestackcontent.com/sFmP4sw3SImRY4Ry2JA8
Out Active,out-active,info@out-active.de,0049 7124 354 99,Germany/Bavaria/Sulzberg,10.337884,47.679068,567770,Fortgeschrittener Kurs Open Kanu INTENSIV (Solo) / Iller,Canoe,1,28,0,https://fareharbor.com/embeds/calendar/out-active/items/567770/?asn=fhdn-eur&asn-ref=alloutdooradventures&ref=alloutdooradventures&bookable-only=yes&full-items=yes&marketplace=yes&flow=no,"<script src=""https://fareharbor.com/embeds/script/calendar/out-active/items/567770/?asn=fhdn-eur&asn-ref=alloutdooradventures&ref=alloutdooradventures&bookable-only=yes&full-items=yes&marketplace=yes&flow=no""></script>",https://fareharbor.com/embeds/book/out-active/items/567770/?asn=fhdn-eur&asn-ref=alloutdooradventures&ref=alloutdooradventures&bookable-only=yes&full-items=yes&marketplace=yes&flow=no,https://cdn.filestackcontent.com/COXeC5tzRy6eVRQeg41B
Out Active,out-active,info@out-active.de,0049 7124 354 99,Slovenia,14.995463,46.151241,567774,Wildwasser Kurs Open Kanu (Solo) / Soča,Canoe,1,28,0,https://fareharbor.com/embeds/calendar/out-active/items/567774/?asn=fhdn-eur&asn-ref=alloutdooradventures&ref=alloutdooradventures&bookable-only=yes&full-items=yes&marketplace=yes&flow=no,"<script src=""https://fareharbor.com/embeds/script/calendar/out-active/items/567774/?asn=fhdn-eur&asn-ref=alloutdooradventures&ref=alloutdooradventures&bookable-only=yes&full-items=yes&marketplace=yes&flow=no""></script>",https://fareharbor.com/embeds/book/out-active/items/567774/?asn=fhdn-eur&asn-ref=alloutdooradventures&ref=alloutdooradventures&bookable-only=yes&full-items=yes&marketplace=yes&flow=no,https://cdn.filestackcontent.com/e2DKeEKTOG7n9SE7foRy
Liquid Logistics,liquidlogistics,steve@liquidlogistics.co.uk,07391 022714,United Kingdom/England/Beaulieu,,,603641,Sea Kayaking in Dorset,Canoe,1,28,6,https://fareharbor.com/embeds/calendar/liquidlogistics/items/603641/?asn=fhdn-gbp&asn-ref=alloutdooradventures&ref=alloutdooradventures&bookable-only=yes&full-items=yes&marketplace=yes&flow=no,"<script src=""https://fareharbor.com/embeds/script/calendar/liquidlogistics/items/603641/?asn=fhdn-gbp&asn-ref=alloutdooradventures&ref=alloutdooradventures&bookable-only=yes&full-items=yes&marketplace=yes&flow=no""></script>",https://fareharbor.com/embeds/book/liquidlogistics/items/603641/?asn=fhdn-gbp&asn-ref=alloutdooradventures&ref=alloutdooradventures&bookable-only=yes&full-items=yes&marketplace=yes&flow=no,https://cdn.filestackcontent.com/rLjOWAySLeUCDo4ISRgt
Heidelberger Solarschifffahrtsgesellschaft GmbH,neckarsonne,info@neckarsonne.de,+496221169299,Germany/Baden-Württemberg/Heidelberg,,,612303,Schlossbeleuchtung,Bike Tour,2,28,0,https://fareharbor.com/embeds/calendar/neckarsonne/items/612303/?asn=fhdn-eur&asn-ref=alloutdooradventures&ref=alloutdooradventures&bookable-only=yes&full-items=yes&marketplace=yes&flow=no,"<script src=""https://fareharbor.com/embeds/script/calendar/neckarsonne/items/612303/?asn=fhdn-eur&asn-ref=alloutdooradventures&ref=alloutdooradventures&bookable-only=yes&full-items=yes&marketplace=yes&flow=no""></script>",https://fareharbor.com/embeds/book/neckarsonne/items/612303/?asn=fhdn-eur&asn-ref=alloutdooradventures&ref=alloutdooradventures&bookable-only=yes&full-items=yes&marketplace=yes&flow=no,https://cdn.filestackcontent.com/T1kGt5TWQci7t2LL3Prx
Celine Blochberger,celineblochberger,hi@celineblochberger.com,436641147531,Austria/Tirol/Innsbruck,,,653190,Unsponsored Courses - 1 day,Bike Tour,1,28,0,https://fareharbor.com/embeds/calendar/celineblochberger/items/653190/?asn=fhdn-eur&asn-ref=alloutdooradventures&ref=alloutdooradventures&bookable-only=yes&full-items=yes&marketplace=yes&flow=no,"<script src=""https://fareharbor.com/embeds/script/calendar/celineblochberger/items/653190/?asn=fhdn-eur&asn-ref=alloutdooradventures&ref=alloutdooradventures&bookable-only=yes&full-items=yes&marketplace=yes&flow=no""></script>",https://fareharbor.com/embeds/book/celineblochberger/items/653190/?asn=fhdn-eur&asn-ref=alloutdooradventures&ref=alloutdooradventures&bookable-only=yes&full-items=yes&marketplace=yes&flow=no,https://cdn.filestackcontent.com/DigPuC9QQheGw3TfR0iV
Epicureo.it,epicureo-it,info@epicureo.it,+39 3384270608,Italy/Toscana/Firenze,,,552468,Pic-Nic in Cantina,Hiking,3,27,0,https://fareharbor.com/embeds/calendar/epicureo-it/items/552468/?asn=fhdn-eur&asn-ref=alloutdooradventures&ref=alloutdooradventures&bookable-only=yes&full-items=yes&marketplace=yes&flow=no,"<script src=""https://fareharbor.com/embeds/script/calendar/epicureo-it/items/552468/?asn=fhdn-eur&asn-ref=alloutdooradventures&ref=alloutdooradventures&bookable-only=yes&full-items=yes&marketplace=yes&flow=no""></script>",https://fareharbor.com/embeds/book/epicureo-it/items/552468/?asn=fhdn-eur&asn-ref=alloutdooradventures&ref=alloutdooradventures&bookable-only=yes&full-items=yes&marketplace=yes&flow=no,https://cdn.filestackcontent.com/38IBiZ8wTDOwSjGtzREQ
Liquid Logistics,liquidlogistics,steve@liquidlogistics.co.uk,07391 022714,United Kingdom/England/Beaulieu,,,603629,Learn to Sea Kayak - Full Day,Canoe,1,27,3,https://fareharbor.com/embeds/calendar/liquidlogistics/items/603629/?asn=fhdn-gbp&asn-ref=alloutdooradventures&ref=alloutdooradventures&bookable-only=yes&full-items=yes&marketplace=yes&flow=no,"<script src=""https://fareharbor.com/embeds/script/calendar/liquidlogistics/items/603629/?asn=fhdn-gbp&asn-ref=alloutdooradventures&ref=alloutdooradventures&bookable-only=yes&full-items=yes&marketplace=yes&flow=no""></script>",https://fareharbor.com/embeds/book/liquidlogistics/items/603629/?asn=fhdn-gbp&asn-ref=alloutdooradventures&ref=alloutdooradventures&bookable-only=yes&full-items=yes&marketplace=yes&flow=no,https://cdn.filestackcontent.com/U09L3zx1TEeakLHJenXy
Liquid Logistics,liquidlogistics,steve@liquidlogistics.co.uk,07391 022714,United Kingdom/England/Beaulieu,,,603639,Guided Needles Trip,Canoe,1,27,0,https://fareharbor.com/embeds/calendar/liquidlogistics/items/603639/?asn=fhdn-gbp&asn-ref=alloutdooradventures&ref=alloutdooradventures&bookable-only=yes&full-items=yes&marketplace=yes&flow=no,"<script src=""https://fareharbor.com/embeds/script/calendar/liquidlogistics/items/603639/?asn=fhdn-gbp&asn-ref=alloutdooradventures&ref=alloutdooradventures&bookable-only=yes&full-items=yes&marketplace=yes&flow=no""></script>",https://fareharbor.com/embeds/book/liquidlogistics/items/603639/?asn=fhdn-gbp&asn-ref=alloutdooradventures&ref=alloutdooradventures&bookable-only=yes&full-items=yes&marketplace=yes&flow=no,https://cdn.filestackcontent.com/XQ4TXAQdRyWlFJ5glHba
Liquid Logistics,liquidlogistics,steve@liquidlogistics.co.uk,07391 022714,United Kingdom/England/Beaulieu,,,603643,Scotland's West Coast Wonders,Canoe,1,27,2,https://fareharbor.com/embeds/calendar/liquidlogistics/items/603643/?asn=fhdn-gbp&asn-ref=alloutdooradventures&ref=alloutdooradventures&bookable-only=yes&full-items=yes&marketplace=yes&flow=no,"<script src=""https://fareharbor.com/embeds/script/calendar/liquidlogistics/items/603643/?asn=fhdn-gbp&asn-ref=alloutdooradventures&ref=alloutdooradventures&bookable-only=yes&full-items=yes&marketplace=yes&flow=no""></script>",https://fareharbor.com/embeds/book/liquidlogistics/items/603643/?asn=fhdn-gbp&asn-ref=alloutdooradventures&ref=alloutdooradventures&bookable-only=yes&full-items=yes&marketplace=yes&flow=no,https://cdn.filestackcontent.com/zFVKmSLSqKv1OeEmjB2o
Farm Experiences & Tours,portugalfarmexperience,hello@portugalfarmexperiences.com,911701055,Italy/Toscana/Rignano sull'Arno,11.389348,43.724467,640491,Tuscan Hikking Experience,Farm-Hiking,1,27,0,https://fareharbor.com/embeds/calendar/portugalfarmexperience/items/640491/?asn=fhdn-eur&asn-ref=alloutdooradventures&ref=alloutdooradventures&bookable-only=yes&full-items=yes&marketplace=yes&flow=no,"<script src=""https://fareharbor.com/embeds/script/calendar/portugalfarmexperience/items/640491/?asn=fhdn-eur&asn-ref=alloutdooradventures&ref=alloutdooradventures&bookable-only=yes&full-items=yes&marketplace=yes&flow=no""></script>",https://fareharbor.com/embeds/book/portugalfarmexperience/items/640491/?asn=fhdn-eur&asn-ref=alloutdooradventures&ref=alloutdooradventures&bookable-only=yes&full-items=yes&marketplace=yes&flow=no,https://cdn.filestackcontent.com/wRptN1PT2iajw5phySUl
Celine Blochberger,celineblochberger,hi@celineblochberger.com,436641147531,Austria/Tirol/Innsbruck,,,653199,Coaching: MTB Downhill,Bike Tour,1,26,0,https://fareharbor.com/embeds/calendar/celineblochberger/items/653199/?asn=fhdn-eur&asn-ref=alloutdooradventures&ref=alloutdooradventures&bookable-only=yes&full-items=yes&marketplace=yes&flow=no,"<script src=""https://fareharbor.com/embeds/script/calendar/celineblochberger/items/653199/?asn=fhdn-eur&asn-ref=alloutdooradventures&ref=alloutdooradventures&bookable-only=yes&full-items=yes&marketplace=yes&flow=no""></script>",https://fareharbor.com/embeds/book/celineblochberger/items/653199/?asn=fhdn-eur&asn-ref=alloutdooradventures&ref=alloutdooradventures&bookable-only=yes&full-items=yes&marketplace=yes&flow=no,https://cdn.filestackcontent.com/sB3a0JCSZ6dES5QiebwI
Cyclorama Strasbourg,cyclorama-strasbourg,cyclorama.strasbourg@gmail.com,33 (0)6 16 562,France/Grand Est/Strasbourg,,,686961,Vieille Ville : Au cœur de l'histoire de Strasbourg,Bike Tour,1,26,0,https://fareharbor.com/embeds/calendar/cyclorama-strasbourg/items/686961/?asn=fhdn-eur&asn-ref=alloutdooradventures&ref=alloutdooradventures&bookable-only=yes&full-items=yes&marketplace=yes&flow=no,"<script src=""https://fareharbor.com/embeds/script/calendar/cyclorama-strasbourg/items/686961/?asn=fhdn-eur&asn-ref=alloutdooradventures&ref=alloutdooradventures&bookable-only=yes&full-items=yes&marketplace=yes&flow=no""></script>",https://fareharbor.com/embeds/book/cyclorama-strasbourg/items/686961/?asn=fhdn-eur&asn-ref=alloutdooradventures&ref=alloutdooradventures&bookable-only=yes&full-items=yes&marketplace=yes&flow=no,https://cdn.filestackcontent.com/pnMYk4TMmowiTYypCaZA
Kanuuh,kanuuh,info@kanuuh.de,+49 08421 /2110,Germany/Bayern/Solnhofen,,,631646,Halbtagestour Pappenheim-Solnhofen,Boat Rental-Boat Tour-Canoe-Self-Guided Tour-Water Activities,1,25,0,https://fareharbor.com/embeds/calendar/kanuuh/items/631646/?asn=fhdn-eur&asn-ref=alloutdooradventures&ref=alloutdooradventures&bookable-only=yes&full-items=yes&marketplace=yes&flow=no,"<script src=""https://fareharbor.com/embeds/script/calendar/kanuuh/items/631646/?asn=fhdn-eur&asn-ref=alloutdooradventures&ref=alloutdooradventures&bookable-only=yes&full-items=yes&marketplace=yes&flow=no""></script>",https://fareharbor.com/embeds/book/kanuuh/items/631646/?asn=fhdn-eur&asn-ref=alloutdooradventures&ref=alloutdooradventures&bookable-only=yes&full-items=yes&marketplace=yes&flow=no,https://cdn.filestackcontent.com/IEjN2jQxQQS099KesPwL
Epicureo.it,epicureo-it,info@epicureo.it,+39 3384270608,Italy/Toscana/Firenze,,,552477,Lezione di Mozzarella,Hiking,3,24,0,https://fareharbor.com/embeds/calendar/epicureo-it/items/552477/?asn=fhdn-eur&asn-ref=alloutdooradventures&ref=alloutdooradventures&bookable-only=yes&full-items=yes&marketplace=yes&flow=no,"<script src=""https://fareharbor.com/embeds/script/calendar/epicureo-it/items/552477/?asn=fhdn-eur&asn-ref=alloutdooradventures&ref=alloutdooradventures&bookable-only=yes&full-items=yes&marketplace=yes&flow=no""></script>",https://fareharbor.com/embeds/book/epicureo-it/items/552477/?asn=fhdn-eur&asn-ref=alloutdooradventures&ref=alloutdooradventures&bookable-only=yes&full-items=yes&marketplace=yes&flow=no,https://cdn.filestackcontent.com/PD5leE7gSg21sqWtEerh
Epicureo.it,epicureo-it,info@epicureo.it,+39 3384270608,Italy/Toscana/Firenze,,,551001,Wine Tasting Amalfi Coast,Hiking,2,23,0,https://fareharbor.com/embeds/calendar/epicureo-it/items/551001/?asn=fhdn-eur&asn-ref=alloutdooradventures&ref=alloutdooradventures&bookable-only=yes&full-items=yes&marketplace=yes&flow=no,"<script src=""https://fareharbor.com/embeds/script/calendar/epicureo-it/items/551001/?asn=fhdn-eur&asn-ref=alloutdooradventures&ref=alloutdooradventures&bookable-only=yes&full-items=yes&marketplace=yes&flow=no""></script>",https://fareharbor.com/embeds/book/epicureo-it/items/551001/?asn=fhdn-eur&asn-ref=alloutdooradventures&ref=alloutdooradventures&bookable-only=yes&full-items=yes&marketplace=yes&flow=no,https://cdn.filestackcontent.com/D8P1v1zCSUS0K3IFhtAQ
Donautal Kanuverleih,donautal-kanuverleih,info@donautal-kanuverleih.de,0049 75702929995,Germany/Baden-Württemberg/Sigmaringen,,,538459,Tour 1 Gutenstein - Sigmaringen,Canoe,2,22,240,https://fareharbor.com/embeds/calendar/donautal-kanuverleih/items/538459/?asn=fhdn-eur&asn-ref=alloutdooradventures&ref=alloutdooradventures&bookable-only=yes&full-items=yes&marketplace=yes&flow=no,"<script src=""https://fareharbor.com/embeds/script/calendar/donautal-kanuverleih/items/538459/?asn=fhdn-eur&asn-ref=alloutdooradventures&ref=alloutdooradventures&bookable-only=yes&full-items=yes&marketplace=yes&flow=no""></script>",https://fareharbor.com/embeds/book/donautal-kanuverleih/items/538459/?asn=fhdn-eur&asn-ref=alloutdooradventures&ref=alloutdooradventures&bookable-only=yes&full-items=yes&marketplace=yes&flow=no,https://cdn.filestackcontent.com/HKuiYEsKQ7mB0PHC8FBd
TurmX,turmx,info@turmx.de,+49172 585 00 55,Germany/Nordrhein-Westfalen/Brühl,,,634928,JGA – Klettersteig + Houserunning,Climbing,2,20,88,https://fareharbor.com/embeds/calendar/turmx/items/634928/?asn=fhdn-eur&asn-ref=alloutdooradventures&ref=alloutdooradventures&bookable-only=yes&full-items=yes&marketplace=yes&flow=no,"<script src=""https://fareharbor.com/embeds/script/calendar/turmx/items/634928/?asn=fhdn-eur&asn-ref=alloutdooradventures&ref=alloutdooradventures&bookable-only=yes&full-items=yes&marketplace=yes&flow=no""></script>",https://fareharbor.com/embeds/book/turmx/items/634928/?asn=fhdn-eur&asn-ref=alloutdooradventures&ref=alloutdooradventures&bookable-only=yes&full-items=yes&marketplace=yes&flow=no,https://cdn.filestackcontent.com/sWCgq9N5RL6s9RwHzIxw
Quasimundo Bike Tours,quasimundo,info@quasimundo.com,+3250330775,Belgium/Vlaams Gewest/Brugge,,,681146,Wicked Christmas Experience • Shared Tour,Bike Tour,6,20,0,https://fareharbor.com/embeds/calendar/quasimundo/items/681146/?asn=fhdn-eur&asn-ref=alloutdooradventures&ref=alloutdooradventures&bookable-only=yes&full-items=yes&marketplace=yes&flow=no,"<script src=""https://fareharbor.com/embeds/script/calendar/quasimundo/items/681146/?asn=fhdn-eur&asn-ref=alloutdooradventures&ref=alloutdooradventures&bookable-only=yes&full-items=yes&marketplace=yes&flow=no""></script>",https://fareharbor.com/embeds/book/quasimundo/items/681146/?asn=fhdn-eur&asn-ref=alloutdooradventures&ref=alloutdooradventures&bookable-only=yes&full-items=yes&marketplace=yes&flow=no,https://cdn.filestackcontent.com/EMEj5ztQQlLvXqdEq8Va
See Event GmbH,see-event-gmbh,laserbase@action-forest.de,,Germany/Baden-Württemberg/Titisee-Neustadt,,,698508,Kletterwald Tickets,Climbing-Ropes Course-Zipline,4,20,64,https://fareharbor.com/embeds/calendar/see-event-gmbh/items/698508/?asn=fhdn-eur&asn-ref=alloutdooradventures&ref=alloutdooradventures&bookable-only=yes&full-items=yes&marketplace=yes&flow=no,"<script src=""https://fareharbor.com/embeds/script/calendar/see-event-gmbh/items/698508/?asn=fhdn-eur&asn-ref=alloutdooradventures&ref=alloutdooradventures&bookable-only=yes&full-items=yes&marketplace=yes&flow=no""></script>",https://fareharbor.com/embeds/book/see-event-gmbh/items/698508/?asn=fhdn-eur&asn-ref=alloutdooradventures&ref=alloutdooradventures&bookable-only=yes&full-items=yes&marketplace=yes&flow=no,https://cdn.filestackcontent.com/URM1FdQRRA6C5cUmwVtp
Donautal Kanuverleih,donautal-kanuverleih,info@donautal-kanuverleih.de,0049 75702929995,Germany/Baden-Württemberg/Sigmaringen,,,538510,Tour 1 Schulklassen: Gutenstein - Sigmaringen,Canoe,1,19,0,https://fareharbor.com/embeds/calendar/donautal-kanuverleih/items/538510/?asn=fhdn-eur&asn-ref=alloutdooradventures&ref=alloutdooradventures&bookable-only=yes&full-items=yes&marketplace=yes&flow=no,"<script src=""https://fareharbor.com/embeds/script/calendar/donautal-kanuverleih/items/538510/?asn=fhdn-eur&asn-ref=alloutdooradventures&ref=alloutdooradventures&bookable-only=yes&full-items=yes&marketplace=yes&flow=no""></script>",https://fareharbor.com/embeds/book/donautal-kanuverleih/items/538510/?asn=fhdn-eur&asn-ref=alloutdooradventures&ref=alloutdooradventures&bookable-only=yes&full-items=yes&marketplace=yes&flow=no,https://cdn.filestackcontent.com/3JcluE6Qqm7g4rwvZd62
Epicureo.it,epicureo-it,info@epicureo.it,+39 3384270608,Italy/Toscana/Firenze,,,552485,Degustazione di Birra in Costiera Amalfitana,Hiking,1,19,0,https://fareharbor.com/embeds/calendar/epicureo-it/items/552485/?asn=fhdn-eur&asn-ref=alloutdooradventures&ref=alloutdooradventures&bookable-only=yes&full-items=yes&marketplace=yes&flow=no,"<script src=""https://fareharbor.com/embeds/script/calendar/epicureo-it/items/552485/?asn=fhdn-eur&asn-ref=alloutdooradventures&ref=alloutdooradventures&bookable-only=yes&full-items=yes&marketplace=yes&flow=no""></script>",https://fareharbor.com/embeds/book/epicureo-it/items/552485/?asn=fhdn-eur&asn-ref=alloutdooradventures&ref=alloutdooradventures&bookable-only=yes&full-items=yes&marketplace=yes&flow=no,https://cdn.filestackcontent.com/D573Ee9TPSSO4F77MDKw
Epicureo.it,epicureo-it,info@epicureo.it,+39 3384270608,Italy/Toscana/Firenze,,,550977,Bike tour Sorrento,Hiking,1,18,0,https://fareharbor.com/embeds/calendar/epicureo-it/items/550977/?asn=fhdn-eur&asn-ref=alloutdooradventures&ref=alloutdooradventures&bookable-only=yes&full-items=yes&marketplace=yes&flow=no,"<script src=""https://fareharbor.com/embeds/script/calendar/epicureo-it/items/550977/?asn=fhdn-eur&asn-ref=alloutdooradventures&ref=alloutdooradventures&bookable-only=yes&full-items=yes&marketplace=yes&flow=no""></script>",https://fareharbor.com/embeds/book/epicureo-it/items/550977/?asn=fhdn-eur&asn-ref=alloutdooradventures&ref=alloutdooradventures&bookable-only=yes&full-items=yes&marketplace=yes&flow=no,https://cdn.filestackcontent.com/pS72SbKuTHGzRJdxjC3g
Epicureo.it,epicureo-it,info@epicureo.it,+39 3384270608,Italy/Toscana/Firenze,,,550986,Lezione di Yoga Privata,Hiking,1,18,0,https://fareharbor.com/embeds/calendar/epicureo-it/items/550986/?asn=fhdn-eur&asn-ref=alloutdooradventures&ref=alloutdooradventures&bookable-only=yes&full-items=yes&marketplace=yes&flow=no,"<script src=""https://fareharbor.com/embeds/script/calendar/epicureo-it/items/550986/?asn=fhdn-eur&asn-ref=alloutdooradventures&ref=alloutdooradventures&bookable-only=yes&full-items=yes&marketplace=yes&flow=no""></script>",https://fareharbor.com/embeds/book/epicureo-it/items/550986/?asn=fhdn-eur&asn-ref=alloutdooradventures&ref=alloutdooradventures&bookable-only=yes&full-items=yes&marketplace=yes&flow=no,https://cdn.filestackcontent.com/zQYARnyrRjWkAqd044tI
De Fietsgids,defietsgids,info@defietsgids.be,32474930941,Belgium/Vlaanderen/Mechelen,,,448061,Publieke fietstour - Mechelen Classics,Bike Rental-Bike Tour-City Tour-Sightseeing Tour,1,9,25,https://fareharbor.com/embeds/calendar/defietsgids/items/448061/?asn=fhdn-eur&asn-ref=alloutdooradventures&ref=alloutdooradventures&bookable-only=yes&full-items=yes&marketplace=yes&flow=no,"<script src=""https://fareharbor.com/embeds/script/calendar/defietsgids/items/448061/?asn=fhdn-eur&asn-ref=alloutdooradventures&ref=alloutdooradventures&bookable-only=yes&full-items=yes&marketplace=yes&flow=no""></script>",https://fareharbor.com/embeds/book/defietsgids/items/448061/?asn=fhdn-eur&asn-ref=alloutdooradventures&ref=alloutdooradventures&bookable-only=yes&full-items=yes&marketplace=yes&flow=no,https://cdn.filestackcontent.com/TF1Xtyr5QQi0a1LrG1Ay
