company_name,company_shortname,company_email,company_phone,location,location_lat,location_long,item_id,item_name,tags,image_count,quality_score,availability_count,calendar_link,calendar_script,regular_link,image_url
Kona Style,konasnorkelandsail,aloha@konastyle.com,+1 8089361323,United States/Hawaii/Kailua-Kona,,,671,Kealakekua Snorkel and Sail,Dolphin-Sailing-Snorkel,12,100,132,https://fareharbor.com/embeds/calendar/konasnorkelandsail/items/671/?asn=fhdn&asn-ref=alloutdooradventures&ref=alloutdooradventures&bookable-only=yes&full-items=yes&marketplace=yes&flow=no,"<script src=""https://fareharbor.com/embeds/script/calendar/konasnorkelandsail/items/671/?asn=fhdn&asn-ref=alloutdooradventures&ref=alloutdooradventures&bookable-only=yes&full-items=yes&marketplace=yes&flow=no""></script>",https://fareharbor.com/embeds/book/konasnorkelandsail/items/671/?asn=fhdn&asn-ref=alloutdooradventures&ref=alloutdooradventures&bookable-only=yes&full-items=yes&marketplace=yes&flow=no,https://cdn.filestackcontent.com/oroTk75fSlywq5xG2GZq
Kona Honu Divers,konahonudivers,info@konahonudivers.com,8083244668,United States/Hawaii/Kailua-Kona,,,1470,2-Tank Local Morning Dive Charter,Scuba-Water Activities,8,100,172,https://fareharbor.com/embeds/calendar/konahonudivers/items/1470/?asn=fhdn&asn-ref=alloutdooradventures&ref=alloutdooradventures&bookable-only=yes&full-items=yes&marketplace=yes&flow=no,"<script src=""https://fareharbor.com/embeds/script/calendar/konahonudivers/items/1470/?asn=fhdn&asn-ref=alloutdooradventures&ref=alloutdooradventures&bookable-only=yes&full-items=yes&marketplace=yes&flow=no""></script>",https://fareharbor.com/embeds/book/konahonudivers/items/1470/?asn=fhdn&asn-ref=alloutdooradventures&ref=alloutdooradventures&bookable-only=yes&full-items=yes&marketplace=yes&flow=no,https://cdn.filestackcontent.com/SgSAaMS2QXSvsXjPSUBf
Kona Honu Divers,konahonudivers,info@konahonudivers.com,8083244668,United States/Hawaii/Kailua-Kona,,,1482,2 Tank Night Manta Dive Charter,Scuba-Snorkel-Water Activities,6,100,162,https://fareharbor.com/embeds/calendar/konahonudivers/items/1482/?asn=fhdn&asn-ref=alloutdooradventures&ref=alloutdooradventures&bookable-only=yes&full-items=yes&marketplace=yes&flow=no,"<script src=""https://fareharbor.com/embeds/script/calendar/konahonudivers/items/1482/?asn=fhdn&asn-ref=alloutdooradventures&ref=alloutdooradventures&bookable-only=yes&full-items=yes&marketplace=yes&flow=no""></script>",https://fareharbor.com/embeds/book/konahonudivers/items/1482/?asn=fhdn&asn-ref=alloutdooradventures&ref=alloutdooradventures&bookable-only=yes&full-items=yes&marketplace=yes&flow=no,https://cdn.filestackcontent.com/uoa7multR022xrCyagWz
Dive Oahu,diveoahu,aloha@diveoahu.com,808-922-3483,United States/Hawaii/Honolulu,-157.855534,21.293701,9120,Wreck & Reef Tour,Boat Tour-Dolphin-Guided Tour-Scuba-Snorkel-Water Activities-Wildlife,12,100,360,https://fareharbor.com/embeds/calendar/diveoahu/items/9120/?asn=fhdn&asn-ref=alloutdooradventures&ref=alloutdooradventures&bookable-only=yes&full-items=yes&marketplace=yes&flow=no,"<script src=""https://fareharbor.com/embeds/script/calendar/diveoahu/items/9120/?asn=fhdn&asn-ref=alloutdooradventures&ref=alloutdooradventures&bookable-only=yes&full-items=yes&marketplace=yes&flow=no""></script>",https://fareharbor.com/embeds/book/diveoahu/items/9120/?asn=fhdn&asn-ref=alloutdooradventures&ref=alloutdooradventures&bookable-only=yes&full-items=yes&marketplace=yes&flow=no,https://cdn.filestackcontent.com/QGb2pjpCT6CeIKoFIGZO
Kona Honu Divers,konahonudivers,info@konahonudivers.com,8083244668,United States/Hawaii/Kailua-Kona,,,95023,Premium Advanced 2 Tank Long Range Charter,Boat Rental-Dolphin-Rentals-Scuba-Water Activities,8,100,173,https://fareharbor.com/embeds/calendar/konahonudivers/items/95023/?asn=fhdn&asn-ref=alloutdooradventures&ref=alloutdooradventures&bookable-only=yes&full-items=yes&marketplace=yes&flow=no,"<script src=""https://fareharbor.com/embeds/script/calendar/konahonudivers/items/95023/?asn=fhdn&asn-ref=alloutdooradventures&ref=alloutdooradventures&bookable-only=yes&full-items=yes&marketplace=yes&flow=no""></script>",https://fareharbor.com/embeds/book/konahonudivers/items/95023/?asn=fhdn&asn-ref=alloutdooradventures&ref=alloutdooradventures&bookable-only=yes&full-items=yes&marketplace=yes&flow=no,https://cdn.filestackcontent.com/GxM6xFPpRpun59oI9iyV
Kauai Offshore Adventures LLC,napalihawaii,team@napalihawaii.com,(808) 651-4502,United States/Hawaii/Eleele,,,316332,Morning NaPali Coast Snorkel Tour- Super Raft Adventure,Dolphin-Rafting-Snorkel-Whale Watch,10,100,179,https://fareharbor.com/embeds/calendar/napalihawaii/items/316332/?asn=fhdn&asn-ref=alloutdooradventures&ref=alloutdooradventures&bookable-only=yes&full-items=yes&marketplace=yes&flow=no,"<script src=""https://fareharbor.com/embeds/script/calendar/napalihawaii/items/316332/?asn=fhdn&asn-ref=alloutdooradventures&ref=alloutdooradventures&bookable-only=yes&full-items=yes&marketplace=yes&flow=no""></script>",https://fareharbor.com/embeds/book/napalihawaii/items/316332/?asn=fhdn&asn-ref=alloutdooradventures&ref=alloutdooradventures&bookable-only=yes&full-items=yes&marketplace=yes&flow=no,https://cdn.filestackcontent.com/gDpUmbwTVKMwDmPLgl5g
Body Glove Hawaii,bodyglove,reservations@bodyglovehawaii.com,800.551.8911,United States/Hawaii/Kailua-Kona,,,409,Deluxe Snorkel & Dolphin Watch,Dolphin-Snorkel,7,99,173,https://fareharbor.com/embeds/calendar/bodyglove/items/409/?asn=fhdn&asn-ref=alloutdooradventures&ref=alloutdooradventures&bookable-only=yes&full-items=yes&marketplace=yes&flow=no,"<script src=""https://fareharbor.com/embeds/script/calendar/bodyglove/items/409/?asn=fhdn&asn-ref=alloutdooradventures&ref=alloutdooradventures&bookable-only=yes&full-items=yes&marketplace=yes&flow=no""></script>",https://fareharbor.com/embeds/book/bodyglove/items/409/?asn=fhdn&asn-ref=alloutdooradventures&ref=alloutdooradventures&bookable-only=yes&full-items=yes&marketplace=yes&flow=no,https://cdn.filestackcontent.com/D9WDnEUCQ12DtOwCtEmQ
Dive Oahu,diveoahu,aloha@diveoahu.com,808-922-3483,United States/Hawaii/Honolulu,-157.855534,21.293701,8984,Shallow Reefs Tour,Guided Tour-Scuba-Snorkel-Wildlife,11,99,360,https://fareharbor.com/embeds/calendar/diveoahu/items/8984/?asn=fhdn&asn-ref=alloutdooradventures&ref=alloutdooradventures&bookable-only=yes&full-items=yes&marketplace=yes&flow=no,"<script src=""https://fareharbor.com/embeds/script/calendar/diveoahu/items/8984/?asn=fhdn&asn-ref=alloutdooradventures&ref=alloutdooradventures&bookable-only=yes&full-items=yes&marketplace=yes&flow=no""></script>",https://fareharbor.com/embeds/book/diveoahu/items/8984/?asn=fhdn&asn-ref=alloutdooradventures&ref=alloutdooradventures&bookable-only=yes&full-items=yes&marketplace=yes&flow=no,https://cdn.filestackcontent.com/vzudqlKpQOyuuV8myDDX
Waikiki Beach Services,waikikibeachservices,info@waikikibeachservices.com,(808) 388-1510,United States/Hawaii/Honolulu,-157.828755,21.277213,68065,Canoe Surfing,Canoe-Surf,5,99,166,https://fareharbor.com/embeds/calendar/waikikibeachservices/items/68065/?asn=fhdn&asn-ref=alloutdooradventures&ref=alloutdooradventures&bookable-only=yes&full-items=yes&marketplace=yes&flow=no,"<script src=""https://fareharbor.com/embeds/script/calendar/waikikibeachservices/items/68065/?asn=fhdn&asn-ref=alloutdooradventures&ref=alloutdooradventures&bookable-only=yes&full-items=yes&marketplace=yes&flow=no""></script>",https://fareharbor.com/embeds/book/waikikibeachservices/items/68065/?asn=fhdn&asn-ref=alloutdooradventures&ref=alloutdooradventures&bookable-only=yes&full-items=yes&marketplace=yes&flow=no,https://cdn.filestackcontent.com/Rzl3DMG0StG5dCHeGclL
Maui Sunriders Bike Company,mauisunriders,info@mauisunriders.com,+1 808 579 8970,United States/Hawaii/Paia,,,181765,Haleakala Downhill Self-Guided Bike Tour,Bike Tour,5,99,154,https://fareharbor.com/embeds/calendar/mauisunriders/items/181765/?asn=fhdn&asn-ref=alloutdooradventures&ref=alloutdooradventures&bookable-only=yes&full-items=yes&marketplace=yes&flow=no,"<script src=""https://fareharbor.com/embeds/script/calendar/mauisunriders/items/181765/?asn=fhdn&asn-ref=alloutdooradventures&ref=alloutdooradventures&bookable-only=yes&full-items=yes&marketplace=yes&flow=no""></script>",https://fareharbor.com/embeds/book/mauisunriders/items/181765/?asn=fhdn&asn-ref=alloutdooradventures&ref=alloutdooradventures&bookable-only=yes&full-items=yes&marketplace=yes&flow=no,https://cdn.filestackcontent.com/yKJVfFDYQx2y2o1QxkOc
Coral Reef Snorkel Adventures,coralreef,coralreefadventures@gmail.com,808-987-1584,United States/Hawaii/Kailua-Kona,-156.02256,19.670252,204214,Kealakekua Bay / Captain Cook Monument Snorkel,Boat Tour-Dolphin-Events-Fishing-Hiking-Kayak-Snorkel,5,99,328,https://fareharbor.com/embeds/calendar/coralreef/items/204214/?asn=fhdn&asn-ref=alloutdooradventures&ref=alloutdooradventures&bookable-only=yes&full-items=yes&marketplace=yes&flow=no,"<script src=""https://fareharbor.com/embeds/script/calendar/coralreef/items/204214/?asn=fhdn&asn-ref=alloutdooradventures&ref=alloutdooradventures&bookable-only=yes&full-items=yes&marketplace=yes&flow=no""></script>",https://fareharbor.com/embeds/book/coralreef/items/204214/?asn=fhdn&asn-ref=alloutdooradventures&ref=alloutdooradventures&bookable-only=yes&full-items=yes&marketplace=yes&flow=no,https://cdn.filestackcontent.com/3KCyUMJTl2gyIVjdUjw1
Kauai Sea Rider Adventures,kauaiseariders,napali@islandactivitygroup.com,808.742.7422,United States/Hawaii/Kekaha,,,323927,Kauai's Ultimate Na Pali Coast Eco Tour,Boat Tour-Dolphin-Eco Tour-Guided Tour-Snorkel-Water Activities,6,99,128,https://fareharbor.com/embeds/calendar/kauaiseariders/items/323927/?asn=fhdn&asn-ref=alloutdooradventures&ref=alloutdooradventures&bookable-only=yes&full-items=yes&marketplace=yes&flow=no,"<script src=""https://fareharbor.com/embeds/script/calendar/kauaiseariders/items/323927/?asn=fhdn&asn-ref=alloutdooradventures&ref=alloutdooradventures&bookable-only=yes&full-items=yes&marketplace=yes&flow=no""></script>",https://fareharbor.com/embeds/book/kauaiseariders/items/323927/?asn=fhdn&asn-ref=alloutdooradventures&ref=alloutdooradventures&bookable-only=yes&full-items=yes&marketplace=yes&flow=no,https://cdn.filestackcontent.com/NN0I2FKQ9uHgSod2JSOw
And You Creations,andyoucreations,info@andyoucreations.com,808-696-4414,United States/Hawaii/Honolulu,-157.8581021,21.2919685,368817,Turtles and You,Boat Tour-Dolphin,11,99,170,https://fareharbor.com/embeds/calendar/andyoucreations/items/368817/?asn=fhdn&asn-ref=alloutdooradventures&ref=alloutdooradventures&bookable-only=yes&full-items=yes&marketplace=yes&flow=no,"<script src=""https://fareharbor.com/embeds/script/calendar/andyoucreations/items/368817/?asn=fhdn&asn-ref=alloutdooradventures&ref=alloutdooradventures&bookable-only=yes&full-items=yes&marketplace=yes&flow=no""></script>",https://fareharbor.com/embeds/book/andyoucreations/items/368817/?asn=fhdn&asn-ref=alloutdooradventures&ref=alloutdooradventures&bookable-only=yes&full-items=yes&marketplace=yes&flow=no,https://cdn.filestackcontent.com/6FcyxAhyRQqxAx6BjZwn
Kailua Beach Adventures,kailuasailboards,reservation@kailuabeachadventures.com,808-262-2555,United States/Hawaii/Kailua,,,323,2-Hour Guided Kayak + Beach Time,Bike Rental-Hiking-History Tour-Kayak-Private-Snorkel,5,98,603,https://fareharbor.com/embeds/calendar/kailuasailboards/items/323/?asn=fhdn&asn-ref=alloutdooradventures&ref=alloutdooradventures&bookable-only=yes&full-items=yes&marketplace=yes&flow=no,"<script src=""https://fareharbor.com/embeds/script/calendar/kailuasailboards/items/323/?asn=fhdn&asn-ref=alloutdooradventures&ref=alloutdooradventures&bookable-only=yes&full-items=yes&marketplace=yes&flow=no""></script>",https://fareharbor.com/embeds/book/kailuasailboards/items/323/?asn=fhdn&asn-ref=alloutdooradventures&ref=alloutdooradventures&bookable-only=yes&full-items=yes&marketplace=yes&flow=no,https://www.filepicker.io/api/file/L773tzrdTciWGDDGVdne
Kauai Sea Rider Adventures,kauaiseariders,napali@islandactivitygroup.com,808.742.7422,United States/Hawaii/Kekaha,-159.692114,21.959286,11653,Kauai's Ultimate WEST SIDE Whale & Dolphin Zodiac Boat Adventure,Boat Tour-Dolphin-Eco Tour-Guided Tour-Sightseeing Tour-Water Activities-Whale Watch,6,98,4,https://fareharbor.com/embeds/calendar/kauaiseariders/items/11653/?asn=fhdn&asn-ref=alloutdooradventures&ref=alloutdooradventures&bookable-only=yes&full-items=yes&marketplace=yes&flow=no,"<script src=""https://fareharbor.com/embeds/script/calendar/kauaiseariders/items/11653/?asn=fhdn&asn-ref=alloutdooradventures&ref=alloutdooradventures&bookable-only=yes&full-items=yes&marketplace=yes&flow=no""></script>",https://fareharbor.com/embeds/book/kauaiseariders/items/11653/?asn=fhdn&asn-ref=alloutdooradventures&ref=alloutdooradventures&bookable-only=yes&full-items=yes&marketplace=yes&flow=no,https://cdn.filestackcontent.com/TYQxsq5ZQ8yA7Y24oCJP
Wasabi Tours Hawaii,wasabi,info@wasabitourshawaii.com,(808) 238-5222,United States/Hawaii/Kailua-Kona,-155.996226,19.641913,22901,Big Island Waterfalls Adventure,Hiking-Sightseeing Tour,8,98,71,https://fareharbor.com/embeds/calendar/wasabi/items/22901/?asn=fhdn&asn-ref=alloutdooradventures&ref=alloutdooradventures&bookable-only=yes&full-items=yes&marketplace=yes&flow=no,"<script src=""https://fareharbor.com/embeds/script/calendar/wasabi/items/22901/?asn=fhdn&asn-ref=alloutdooradventures&ref=alloutdooradventures&bookable-only=yes&full-items=yes&marketplace=yes&flow=no""></script>",https://fareharbor.com/embeds/book/wasabi/items/22901/?asn=fhdn&asn-ref=alloutdooradventures&ref=alloutdooradventures&bookable-only=yes&full-items=yes&marketplace=yes&flow=no,https://cdn.filestackcontent.com/ImlhAFZaROz0k2zKwtIw
And You Creations,andyoucreations,info@andyoucreations.com,808-696-4414,United States/Hawaii/Waianae,,,141714,Dolphins and You,Dolphin-Events-Kayak-Photography Tour-Snorkel-SUP,10,98,343,https://fareharbor.com/embeds/calendar/andyoucreations/items/141714/?asn=fhdn&asn-ref=alloutdooradventures&ref=alloutdooradventures&bookable-only=yes&full-items=yes&marketplace=yes&flow=no,"<script src=""https://fareharbor.com/embeds/script/calendar/andyoucreations/items/141714/?asn=fhdn&asn-ref=alloutdooradventures&ref=alloutdooradventures&bookable-only=yes&full-items=yes&marketplace=yes&flow=no""></script>",https://fareharbor.com/embeds/book/andyoucreations/items/141714/?asn=fhdn&asn-ref=alloutdooradventures&ref=alloutdooradventures&bookable-only=yes&full-items=yes&marketplace=yes&flow=no,https://cdn.filestackcontent.com/yqoRguPSr6q1U515rQxV
Hawaii Nautical Big Island,hawaiinautical-kona,res@hawaiinautical.com,808-234-7245,United States/Hawaii/Kailua-Kona,-156.023541,19.669678,224702,Kona Luxury Private Yacht Charter,Boat Tour-Dolphin-Sailing-Snorkel-Whale Watch,3,98,721,https://fareharbor.com/embeds/calendar/hawaiinautical-kona/items/224702/?asn=fhdn&asn-ref=alloutdooradventures&ref=alloutdooradventures&bookable-only=yes&full-items=yes&marketplace=yes&flow=no,"<script src=""https://fareharbor.com/embeds/script/calendar/hawaiinautical-kona/items/224702/?asn=fhdn&asn-ref=alloutdooradventures&ref=alloutdooradventures&bookable-only=yes&full-items=yes&marketplace=yes&flow=no""></script>",https://fareharbor.com/embeds/book/hawaiinautical-kona/items/224702/?asn=fhdn&asn-ref=alloutdooradventures&ref=alloutdooradventures&bookable-only=yes&full-items=yes&marketplace=yes&flow=no,https://cdn.filestackcontent.com/kH2kd52TsyvfbLP0Owtj
Aloha Scuba Diving Co.,divealohascuba,info@divealohascuba.com,808.622.3483,United States/Hawaii/Honolulu,-157.839599,21.290005,663537,Divemaster,Scuba,5,98,180,https://fareharbor.com/embeds/calendar/divealohascuba/items/663537/?asn=fhdn&asn-ref=alloutdooradventures&ref=alloutdooradventures&bookable-only=yes&full-items=yes&marketplace=yes&flow=no,"<script src=""https://fareharbor.com/embeds/script/calendar/divealohascuba/items/663537/?asn=fhdn&asn-ref=alloutdooradventures&ref=alloutdooradventures&bookable-only=yes&full-items=yes&marketplace=yes&flow=no""></script>",https://fareharbor.com/embeds/book/divealohascuba/items/663537/?asn=fhdn&asn-ref=alloutdooradventures&ref=alloutdooradventures&bookable-only=yes&full-items=yes&marketplace=yes&flow=no,https://cdn.filestackcontent.com/yZhWAnlmTmqPbEsCAjz2
Body Glove Hawaii,bodyglove,reservations@bodyglovehawaii.com,800.551.8911,United States/Hawaii/Kailua-Kona,,,497,Whale Watch,Dolphin-Whale Watch,5,97,36,https://fareharbor.com/embeds/calendar/bodyglove/items/497/?asn=fhdn&asn-ref=alloutdooradventures&ref=alloutdooradventures&bookable-only=yes&full-items=yes&marketplace=yes&flow=no,"<script src=""https://fareharbor.com/embeds/script/calendar/bodyglove/items/497/?asn=fhdn&asn-ref=alloutdooradventures&ref=alloutdooradventures&bookable-only=yes&full-items=yes&marketplace=yes&flow=no""></script>",https://fareharbor.com/embeds/book/bodyglove/items/497/?asn=fhdn&asn-ref=alloutdooradventures&ref=alloutdooradventures&bookable-only=yes&full-items=yes&marketplace=yes&flow=no,https://www.filepicker.io/api/file/S9nkdSHJTnizZ02LiZtn
Dive Oahu,diveoahu,aloha@diveoahu.com,808-922-3483,United States/Hawaii/Honolulu,-157.855534,21.293701,3108,Night Dives,Scuba,7,97,180,https://fareharbor.com/embeds/calendar/diveoahu/items/3108/?asn=fhdn&asn-ref=alloutdooradventures&ref=alloutdooradventures&bookable-only=yes&full-items=yes&marketplace=yes&flow=no,"<script src=""https://fareharbor.com/embeds/script/calendar/diveoahu/items/3108/?asn=fhdn&asn-ref=alloutdooradventures&ref=alloutdooradventures&bookable-only=yes&full-items=yes&marketplace=yes&flow=no""></script>",https://fareharbor.com/embeds/book/diveoahu/items/3108/?asn=fhdn&asn-ref=alloutdooradventures&ref=alloutdooradventures&bookable-only=yes&full-items=yes&marketplace=yes&flow=no,https://cdn.filestackcontent.com/LnAYJniuRkq7i5aQsKKu
Hawaii Nautical Big Island,hawaiinautical-kona,res@hawaiinautical.com,808-234-7245,United States/Hawaii/Kailua-Kona,-156.023541,19.669678,127660,Kona Luxury Dolphin Snorkel Sail,Boat Tour-Catamaran-Dolphin-Sailing-Snorkel-Whale Watch,1,97,178,https://fareharbor.com/embeds/calendar/hawaiinautical-kona/items/127660/?asn=fhdn&asn-ref=alloutdooradventures&ref=alloutdooradventures&bookable-only=yes&full-items=yes&marketplace=yes&flow=no,"<script src=""https://fareharbor.com/embeds/script/calendar/hawaiinautical-kona/items/127660/?asn=fhdn&asn-ref=alloutdooradventures&ref=alloutdooradventures&bookable-only=yes&full-items=yes&marketplace=yes&flow=no""></script>",https://fareharbor.com/embeds/book/hawaiinautical-kona/items/127660/?asn=fhdn&asn-ref=alloutdooradventures&ref=alloutdooradventures&bookable-only=yes&full-items=yes&marketplace=yes&flow=no,https://cdn.filestackcontent.com/ASLmt5epRsWW82ZIxfV7
Living Ocean Tours,livingoceanscuba,info@livingoceantours.com,808-436-3483,United States/Hawaii/Honolulu,-157.855414,21.292381,284519,Turtle Canyons Snorkel Excursion,Boat Tour-Dolphin-Events-Fishing-Snorkel,5,97,530,https://fareharbor.com/embeds/calendar/livingoceanscuba/items/284519/?asn=fhdn&asn-ref=alloutdooradventures&ref=alloutdooradventures&bookable-only=yes&full-items=yes&marketplace=yes&flow=no,"<script src=""https://fareharbor.com/embeds/script/calendar/livingoceanscuba/items/284519/?asn=fhdn&asn-ref=alloutdooradventures&ref=alloutdooradventures&bookable-only=yes&full-items=yes&marketplace=yes&flow=no""></script>",https://fareharbor.com/embeds/book/livingoceanscuba/items/284519/?asn=fhdn&asn-ref=alloutdooradventures&ref=alloutdooradventures&bookable-only=yes&full-items=yes&marketplace=yes&flow=no,https://cdn.filestackcontent.com/I0sGDrfjQKmfZKhduuxP
In2Scuba Diving Maui,in2scubadivingmaui,In2Scuba@gmail.com,808-264-8198,United States/Hawaii/Lahaina,-156.692224,20.936637,71828,Discover Scuba for Beginners - Kaanapali,Scuba-Snorkel,12,95,358,https://fareharbor.com/embeds/calendar/in2scubadivingmaui/items/71828/?asn=fhdn&asn-ref=alloutdooradventures&ref=alloutdooradventures&bookable-only=yes&full-items=yes&marketplace=yes&flow=no,"<script src=""https://fareharbor.com/embeds/script/calendar/in2scubadivingmaui/items/71828/?asn=fhdn&asn-ref=alloutdooradventures&ref=alloutdooradventures&bookable-only=yes&full-items=yes&marketplace=yes&flow=no""></script>",https://fareharbor.com/embeds/book/in2scubadivingmaui/items/71828/?asn=fhdn&asn-ref=alloutdooradventures&ref=alloutdooradventures&bookable-only=yes&full-items=yes&marketplace=yes&flow=no,https://cdn.filestackcontent.com/8pWz6BBrT2kV1O6sIipQ
Maui Diamond Sea Sports,mauidreamsdiveco,info@mauidiamond.com,808-879-9119,United States/Hawaii/Wailuku,-156.513051,20.791068,95014,Molokini Crater,Scuba,7,95,104,https://fareharbor.com/embeds/calendar/mauidreamsdiveco/items/95014/?asn=fhdn&asn-ref=alloutdooradventures&ref=alloutdooradventures&bookable-only=yes&full-items=yes&marketplace=yes&flow=no,"<script src=""https://fareharbor.com/embeds/script/calendar/mauidreamsdiveco/items/95014/?asn=fhdn&asn-ref=alloutdooradventures&ref=alloutdooradventures&bookable-only=yes&full-items=yes&marketplace=yes&flow=no""></script>",https://fareharbor.com/embeds/book/mauidreamsdiveco/items/95014/?asn=fhdn&asn-ref=alloutdooradventures&ref=alloutdooradventures&bookable-only=yes&full-items=yes&marketplace=yes&flow=no,https://cdn.filestackcontent.com/BcDDD1kwRTiTSAIbTLIu
Kona Honu Divers,konahonudivers,info@konahonudivers.com,8083244668,United States/Hawaii/Kailua-Kona,,,95025,Black Water Night Dive,Scuba-Water Activities,7,95,58,https://fareharbor.com/embeds/calendar/konahonudivers/items/95025/?asn=fhdn&asn-ref=alloutdooradventures&ref=alloutdooradventures&bookable-only=yes&full-items=yes&marketplace=yes&flow=no,"<script src=""https://fareharbor.com/embeds/script/calendar/konahonudivers/items/95025/?asn=fhdn&asn-ref=alloutdooradventures&ref=alloutdooradventures&bookable-only=yes&full-items=yes&marketplace=yes&flow=no""></script>",https://fareharbor.com/embeds/book/konahonudivers/items/95025/?asn=fhdn&asn-ref=alloutdooradventures&ref=alloutdooradventures&bookable-only=yes&full-items=yes&marketplace=yes&flow=no,https://cdn.filestackcontent.com/MdhFZXATTeOAJlm6QwaW
Trident Adventures,tridentadventures,Dive@TridentAdventures.com,808-762-3483,United States/Hawaii/Honolulu,,,686474,Helicopter Diving Certification,Scuba-Water Activities,4,95,66,https://fareharbor.com/embeds/calendar/tridentadventures/items/686474/?asn=fhdn&asn-ref=alloutdooradventures&ref=alloutdooradventures&bookable-only=yes&full-items=yes&marketplace=yes&flow=no,"<script src=""https://fareharbor.com/embeds/script/calendar/tridentadventures/items/686474/?asn=fhdn&asn-ref=alloutdooradventures&ref=alloutdooradventures&bookable-only=yes&full-items=yes&marketplace=yes&flow=no""></script>",https://fareharbor.com/embeds/book/tridentadventures/items/686474/?asn=fhdn&asn-ref=alloutdooradventures&ref=alloutdooradventures&bookable-only=yes&full-items=yes&marketplace=yes&flow=no,https://cdn.filestackcontent.com/hXuVD52lQeGGx8YrL4Gk
Hawaii Nautical - Oahu,hawaiinautical,res@hawaiinautical.com,808-234-7245,United States/Hawaii/Waianae,-158.196938,21.449668,213709,West Oahu Dolphin Watch and Turtle Snorkel Sail w/ Lunch,Catamaran-Dolphin-Sailing-Snorkel,4,94,180,https://fareharbor.com/embeds/calendar/hawaiinautical/items/213709/?asn=fhdn&asn-ref=alloutdooradventures&ref=alloutdooradventures&bookable-only=yes&full-items=yes&marketplace=yes&flow=no,"<script src=""https://fareharbor.com/embeds/script/calendar/hawaiinautical/items/213709/?asn=fhdn&asn-ref=alloutdooradventures&ref=alloutdooradventures&bookable-only=yes&full-items=yes&marketplace=yes&flow=no""></script>",https://fareharbor.com/embeds/book/hawaiinautical/items/213709/?asn=fhdn&asn-ref=alloutdooradventures&ref=alloutdooradventures&bookable-only=yes&full-items=yes&marketplace=yes&flow=no,https://cdn.filestackcontent.com/uLoX7POTStWCAEZNEww4
Hilo Ocean Adventures,hilooceanadventures,reservations@hilooceanadventures.com,1.808.934.8344,United States/Hawaii/Hilo,,,17422,Beach Snorkel - Sea Turtle Lagoon and Black Sand Beach,Scuba,7,93,180,https://fareharbor.com/embeds/calendar/hilooceanadventures/items/17422/?asn=fhdn&asn-ref=alloutdooradventures&ref=alloutdooradventures&bookable-only=yes&full-items=yes&marketplace=yes&flow=no,"<script src=""https://fareharbor.com/embeds/script/calendar/hilooceanadventures/items/17422/?asn=fhdn&asn-ref=alloutdooradventures&ref=alloutdooradventures&bookable-only=yes&full-items=yes&marketplace=yes&flow=no""></script>",https://fareharbor.com/embeds/book/hilooceanadventures/items/17422/?asn=fhdn&asn-ref=alloutdooradventures&ref=alloutdooradventures&bookable-only=yes&full-items=yes&marketplace=yes&flow=no,https://www.filepicker.io/api/file/1BKWdJLTQKRUpy0jp0jO
Sea & Board Sports Hawaii LLC,sbshawaii,reservations@sbshawaiitours.com,808-352-9775,United States/Hawaii/Haleiwa,-158.103411,21.592761,40692,CIRCLE ISLAND JEEP TOUR,Guided Tour-Jeep-Walking Tour-Water Activities,1,92,152,https://fareharbor.com/embeds/calendar/sbshawaii/items/40692/?asn=fhdn&asn-ref=alloutdooradventures&ref=alloutdooradventures&bookable-only=yes&full-items=yes&marketplace=yes&flow=no,"<script src=""https://fareharbor.com/embeds/script/calendar/sbshawaii/items/40692/?asn=fhdn&asn-ref=alloutdooradventures&ref=alloutdooradventures&bookable-only=yes&full-items=yes&marketplace=yes&flow=no""></script>",https://fareharbor.com/embeds/book/sbshawaii/items/40692/?asn=fhdn&asn-ref=alloutdooradventures&ref=alloutdooradventures&bookable-only=yes&full-items=yes&marketplace=yes&flow=no,https://cdn.filestackcontent.com/6ggdNrYqS4ycmdWdYeZM
Waikiki Beach Services,waikikibeachservices,info@waikikibeachservices.com,(808) 388-1510,United States/Hawaii/Honolulu,-157.828755,21.277213,68064,One-on-One Individual Stand-Up Paddle Lesson,Canoe-SUP-Surf,3,92,320,https://fareharbor.com/embeds/calendar/waikikibeachservices/items/68064/?asn=fhdn&asn-ref=alloutdooradventures&ref=alloutdooradventures&bookable-only=yes&full-items=yes&marketplace=yes&flow=no,"<script src=""https://fareharbor.com/embeds/script/calendar/waikikibeachservices/items/68064/?asn=fhdn&asn-ref=alloutdooradventures&ref=alloutdooradventures&bookable-only=yes&full-items=yes&marketplace=yes&flow=no""></script>",https://fareharbor.com/embeds/book/waikikibeachservices/items/68064/?asn=fhdn&asn-ref=alloutdooradventures&ref=alloutdooradventures&bookable-only=yes&full-items=yes&marketplace=yes&flow=no,https://cdn.filestackcontent.com/cNwsjyKhQMCXKofQwVOU
Waikiki Beach Services,waikikibeachservices,info@waikikibeachservices.com,(808) 388-1510,United States/Hawaii/Honolulu,-157.828755,21.277213,94733,Canoe Charter,Canoe-Surf,3,92,42,https://fareharbor.com/embeds/calendar/waikikibeachservices/items/94733/?asn=fhdn&asn-ref=alloutdooradventures&ref=alloutdooradventures&bookable-only=yes&full-items=yes&marketplace=yes&flow=no,"<script src=""https://fareharbor.com/embeds/script/calendar/waikikibeachservices/items/94733/?asn=fhdn&asn-ref=alloutdooradventures&ref=alloutdooradventures&bookable-only=yes&full-items=yes&marketplace=yes&flow=no""></script>",https://fareharbor.com/embeds/book/waikikibeachservices/items/94733/?asn=fhdn&asn-ref=alloutdooradventures&ref=alloutdooradventures&bookable-only=yes&full-items=yes&marketplace=yes&flow=no,https://cdn.filestackcontent.com/ib5xQCTTS2i6apkYUDRw
Hawaii Nautical Big Island,hawaiinautical-kona,res@hawaiinautical.com,808-234-7245,United States/Hawaii/Waikoloa Village,,,127075,Waikoloa Snorkel Sail with Lunch,Boat Tour-Catamaran-Dolphin-Food Tour-Sailing-Snorkel,2,92,180,https://fareharbor.com/embeds/calendar/hawaiinautical-kona/items/127075/?asn=fhdn&asn-ref=alloutdooradventures&ref=alloutdooradventures&bookable-only=yes&full-items=yes&marketplace=yes&flow=no,"<script src=""https://fareharbor.com/embeds/script/calendar/hawaiinautical-kona/items/127075/?asn=fhdn&asn-ref=alloutdooradventures&ref=alloutdooradventures&bookable-only=yes&full-items=yes&marketplace=yes&flow=no""></script>",https://fareharbor.com/embeds/book/hawaiinautical-kona/items/127075/?asn=fhdn&asn-ref=alloutdooradventures&ref=alloutdooradventures&bookable-only=yes&full-items=yes&marketplace=yes&flow=no,https://cdn.filestackcontent.com/Gy3YMOCfSomyPewwbcRi
Hilo Ocean Adventures,hilooceanadventures,reservations@hilooceanadventures.com,1.808.934.8344,United States/Hawaii/Hilo,,,17418,Discover Scuba Diving,Scuba,10,91,165,https://fareharbor.com/embeds/calendar/hilooceanadventures/items/17418/?asn=fhdn&asn-ref=alloutdooradventures&ref=alloutdooradventures&bookable-only=yes&full-items=yes&marketplace=yes&flow=no,"<script src=""https://fareharbor.com/embeds/script/calendar/hilooceanadventures/items/17418/?asn=fhdn&asn-ref=alloutdooradventures&ref=alloutdooradventures&bookable-only=yes&full-items=yes&marketplace=yes&flow=no""></script>",https://fareharbor.com/embeds/book/hilooceanadventures/items/17418/?asn=fhdn&asn-ref=alloutdooradventures&ref=alloutdooradventures&bookable-only=yes&full-items=yes&marketplace=yes&flow=no,https://www.filepicker.io/api/file/rTDmjtUjTEygDRe50WhC
Makana Charters / Liko Kauai Cruises,makanacharters,info@makanacharters.com,(808) 338-9980,United States/Hawaii/Waimea,-155.668883,20.020409,40990,Na Pali Coast Tour on the amazing Na Pali Kai III,Canoe-Catamaran-History Tour-Sailing-Snorkel,11,91,22,https://fareharbor.com/embeds/calendar/makanacharters/items/40990/?asn=fhdn&asn-ref=alloutdooradventures&ref=alloutdooradventures&bookable-only=yes&full-items=yes&marketplace=yes&flow=no,"<script src=""https://fareharbor.com/embeds/script/calendar/makanacharters/items/40990/?asn=fhdn&asn-ref=alloutdooradventures&ref=alloutdooradventures&bookable-only=yes&full-items=yes&marketplace=yes&flow=no""></script>",https://fareharbor.com/embeds/book/makanacharters/items/40990/?asn=fhdn&asn-ref=alloutdooradventures&ref=alloutdooradventures&bookable-only=yes&full-items=yes&marketplace=yes&flow=no,https://cdn.filestackcontent.com/ej1JlgDMQ6uGLcRqlkoL
Coral Crater Adventure Park,coralcrater,reservations@coralcrater.com,(808) 626-5773,United States/Hawaii/Kapolei,-158.064725,21.325373,213100,ATV/Off-Road Adventure,ATV/UTV,5,91,1419,https://fareharbor.com/embeds/calendar/coralcrater/items/213100/?asn=fhdn&asn-ref=alloutdooradventures&ref=alloutdooradventures&bookable-only=yes&full-items=yes&marketplace=yes&flow=no,"<script src=""https://fareharbor.com/embeds/script/calendar/coralcrater/items/213100/?asn=fhdn&asn-ref=alloutdooradventures&ref=alloutdooradventures&bookable-only=yes&full-items=yes&marketplace=yes&flow=no""></script>",https://fareharbor.com/embeds/book/coralcrater/items/213100/?asn=fhdn&asn-ref=alloutdooradventures&ref=alloutdooradventures&bookable-only=yes&full-items=yes&marketplace=yes&flow=no,https://cdn.filestackcontent.com/LL1iXqExQLKEqrEABKC7
Coral Crater Adventure Park,coralcrater,reservations@coralcrater.com,(808) 626-5773,United States/Hawaii/Kapolei,-158.064725,21.325373,515051,Stand Up ATV Adventure,ATV/UTV,3,91,123,https://fareharbor.com/embeds/calendar/coralcrater/items/515051/?asn=fhdn&asn-ref=alloutdooradventures&ref=alloutdooradventures&bookable-only=yes&full-items=yes&marketplace=yes&flow=no,"<script src=""https://fareharbor.com/embeds/script/calendar/coralcrater/items/515051/?asn=fhdn&asn-ref=alloutdooradventures&ref=alloutdooradventures&bookable-only=yes&full-items=yes&marketplace=yes&flow=no""></script>",https://fareharbor.com/embeds/book/coralcrater/items/515051/?asn=fhdn&asn-ref=alloutdooradventures&ref=alloutdooradventures&bookable-only=yes&full-items=yes&marketplace=yes&flow=no,https://cdn.filestackcontent.com/0NHq5LHER5m5jATpVTYI
Sea & Board Sports Hawaii LLC,sbshawaii,reservations@sbshawaiitours.com,808-352-9775,United States/Hawaii/Haleiwa,-158.103411,21.592761,5651,Nature & Turtle Tour,Dolphin-Snorkel-SUP-Surf,4,90,608,https://fareharbor.com/embeds/calendar/sbshawaii/items/5651/?asn=fhdn&asn-ref=alloutdooradventures&ref=alloutdooradventures&bookable-only=yes&full-items=yes&marketplace=yes&flow=no,"<script src=""https://fareharbor.com/embeds/script/calendar/sbshawaii/items/5651/?asn=fhdn&asn-ref=alloutdooradventures&ref=alloutdooradventures&bookable-only=yes&full-items=yes&marketplace=yes&flow=no""></script>",https://fareharbor.com/embeds/book/sbshawaii/items/5651/?asn=fhdn&asn-ref=alloutdooradventures&ref=alloutdooradventures&bookable-only=yes&full-items=yes&marketplace=yes&flow=no,https://cdn.filestackcontent.com/jXYDEi4HQI6Om2feK7xJ
Hawaii Ocean Charters,hawaiioceancharters,sales@hawaiioceancharters.com,(808) 400-1506,United States/Hawaii/Honolulu,,,203422,"Private Sunset Catamaran Cruise & Swim ""Keanuenue""",Boat Tour-Catamaran-Dolphin-Snorkel-Whale Watch,5,90,540,https://fareharbor.com/embeds/calendar/hawaiioceancharters/items/203422/?asn=fhdn&asn-ref=alloutdooradventures&ref=alloutdooradventures&bookable-only=yes&full-items=yes&marketplace=yes&flow=no,"<script src=""https://fareharbor.com/embeds/script/calendar/hawaiioceancharters/items/203422/?asn=fhdn&asn-ref=alloutdooradventures&ref=alloutdooradventures&bookable-only=yes&full-items=yes&marketplace=yes&flow=no""></script>",https://fareharbor.com/embeds/book/hawaiioceancharters/items/203422/?asn=fhdn&asn-ref=alloutdooradventures&ref=alloutdooradventures&bookable-only=yes&full-items=yes&marketplace=yes&flow=no,https://cdn.filestackcontent.com/nfzRzHerQsyDsDPsg09V
North Shore Stables,northshorestables,info@northshorestables.com,(808) 270-5032,United States/Hawaii/Waialua,,,354212,"Beachfront ATV, Farm Animals & Native Hawaiian Plant Experience",ATV/UTV-Farm,25,90,1696,https://fareharbor.com/embeds/calendar/northshorestables/items/354212/?asn=fhdn&asn-ref=alloutdooradventures&ref=alloutdooradventures&bookable-only=yes&full-items=yes&marketplace=yes&flow=no,"<script src=""https://fareharbor.com/embeds/script/calendar/northshorestables/items/354212/?asn=fhdn&asn-ref=alloutdooradventures&ref=alloutdooradventures&bookable-only=yes&full-items=yes&marketplace=yes&flow=no""></script>",https://fareharbor.com/embeds/book/northshorestables/items/354212/?asn=fhdn&asn-ref=alloutdooradventures&ref=alloutdooradventures&bookable-only=yes&full-items=yes&marketplace=yes&flow=no,https://cdn.filestackcontent.com/gZSX2RczRTiikZQ1FS2A
Hawaii Polo Trail Rides,hipolotrailrides,res.hawaiipolo@gmail.com,808-220-5153,United States/Hawaii/Waialua,,,389183,Oceanfront Sunset Private Ride,Horse,2,90,160,https://fareharbor.com/embeds/calendar/hipolotrailrides/items/389183/?asn=fhdn&asn-ref=alloutdooradventures&ref=alloutdooradventures&bookable-only=yes&full-items=yes&marketplace=yes&flow=no,"<script src=""https://fareharbor.com/embeds/script/calendar/hipolotrailrides/items/389183/?asn=fhdn&asn-ref=alloutdooradventures&ref=alloutdooradventures&bookable-only=yes&full-items=yes&marketplace=yes&flow=no""></script>",https://fareharbor.com/embeds/book/hipolotrailrides/items/389183/?asn=fhdn&asn-ref=alloutdooradventures&ref=alloutdooradventures&bookable-only=yes&full-items=yes&marketplace=yes&flow=no,https://cdn.filestackcontent.com/5OQ6R67QTC2IYakNMED0
Iruka Kona,irukakona,info@hawaiidolphin.com,(808) 636-8440,United States/Hawaii/Kailua-Kona,-156.023527,19.669666,542552,Kona: Afternoon Snorkel,Dolphin-Snorkel,7,90,119,https://fareharbor.com/embeds/calendar/irukakona/items/542552/?asn=fhdn&asn-ref=alloutdooradventures&ref=alloutdooradventures&bookable-only=yes&full-items=yes&marketplace=yes&flow=no,"<script src=""https://fareharbor.com/embeds/script/calendar/irukakona/items/542552/?asn=fhdn&asn-ref=alloutdooradventures&ref=alloutdooradventures&bookable-only=yes&full-items=yes&marketplace=yes&flow=no""></script>",https://fareharbor.com/embeds/book/irukakona/items/542552/?asn=fhdn&asn-ref=alloutdooradventures&ref=alloutdooradventures&bookable-only=yes&full-items=yes&marketplace=yes&flow=no,https://cdn.filestackcontent.com/VN2rHMxXTGe58BVsDyQk
Hawaii Polo Trail Rides,hipolotrailrides,res.hawaiipolo@gmail.com,808-220-5153,United States/Hawaii/Waialua,,,67,Oceanfront Sunshine Group Horseback Ride,Horse,6,89,682,https://fareharbor.com/embeds/calendar/hipolotrailrides/items/67/?asn=fhdn&asn-ref=alloutdooradventures&ref=alloutdooradventures&bookable-only=yes&full-items=yes&marketplace=yes&flow=no,"<script src=""https://fareharbor.com/embeds/script/calendar/hipolotrailrides/items/67/?asn=fhdn&asn-ref=alloutdooradventures&ref=alloutdooradventures&bookable-only=yes&full-items=yes&marketplace=yes&flow=no""></script>",https://fareharbor.com/embeds/book/hipolotrailrides/items/67/?asn=fhdn&asn-ref=alloutdooradventures&ref=alloutdooradventures&bookable-only=yes&full-items=yes&marketplace=yes&flow=no,https://cdn.filestackcontent.com/eP349oEGTTGkerRGk2wh
Iruka Kona,irukakona,info@hawaiidolphin.com,(808) 636-8440,United States/Hawaii/Kailua-Kona,-156.023527,19.669666,4205,Manta Ray Night Snorkel,Boat Tour-Dolphin-Marina-Photography Tour-Snorkel-Transportation-Whale Watch,13,89,359,https://fareharbor.com/embeds/calendar/irukakona/items/4205/?asn=fhdn&asn-ref=alloutdooradventures&ref=alloutdooradventures&bookable-only=yes&full-items=yes&marketplace=yes&flow=no,"<script src=""https://fareharbor.com/embeds/script/calendar/irukakona/items/4205/?asn=fhdn&asn-ref=alloutdooradventures&ref=alloutdooradventures&bookable-only=yes&full-items=yes&marketplace=yes&flow=no""></script>",https://fareharbor.com/embeds/book/irukakona/items/4205/?asn=fhdn&asn-ref=alloutdooradventures&ref=alloutdooradventures&bookable-only=yes&full-items=yes&marketplace=yes&flow=no,https://cdn.filestackcontent.com/yzoFzyS4aTs3NHlMcnwj
Kaimana Tours,kaimanatours,kaimanatours@gmail.com,808 392 2223,United States/Hawaii/Honolulu,,,29989,Makapu’u Point Lighthouse Trail Hike & Halona Blowhole,Hiking,1,89,100,https://fareharbor.com/embeds/calendar/kaimanatours/items/29989/?asn=fhdn&asn-ref=alloutdooradventures&ref=alloutdooradventures&bookable-only=yes&full-items=yes&marketplace=yes&flow=no,"<script src=""https://fareharbor.com/embeds/script/calendar/kaimanatours/items/29989/?asn=fhdn&asn-ref=alloutdooradventures&ref=alloutdooradventures&bookable-only=yes&full-items=yes&marketplace=yes&flow=no""></script>",https://fareharbor.com/embeds/book/kaimanatours/items/29989/?asn=fhdn&asn-ref=alloutdooradventures&ref=alloutdooradventures&bookable-only=yes&full-items=yes&marketplace=yes&flow=no,https://cdn.filestackcontent.com/6I4LH5vQ3CnN98rww6mk
And You Creations,andyoucreations,info@andyoucreations.com,808-696-4414,United States/Hawaii/Honolulu,,,141756,Nature and You,Hiking-History Tour,14,89,122,https://fareharbor.com/embeds/calendar/andyoucreations/items/141756/?asn=fhdn&asn-ref=alloutdooradventures&ref=alloutdooradventures&bookable-only=yes&full-items=yes&marketplace=yes&flow=no,"<script src=""https://fareharbor.com/embeds/script/calendar/andyoucreations/items/141756/?asn=fhdn&asn-ref=alloutdooradventures&ref=alloutdooradventures&bookable-only=yes&full-items=yes&marketplace=yes&flow=no""></script>",https://fareharbor.com/embeds/book/andyoucreations/items/141756/?asn=fhdn&asn-ref=alloutdooradventures&ref=alloutdooradventures&bookable-only=yes&full-items=yes&marketplace=yes&flow=no,https://cdn.filestackcontent.com/Tsca5B0qRSetksgMnPw2
Hawaii Nautical Big Island,hawaiinautical-kona,res@hawaiinautical.com,808-234-7245,United States/Hawaii/Kailua-Kona,,,263050,Kona Turtle Snorkel Sail with Lunch,Boat Tour-Catamaran-Dolphin-Sailing-Snorkel,1,89,181,https://fareharbor.com/embeds/calendar/hawaiinautical-kona/items/263050/?asn=fhdn&asn-ref=alloutdooradventures&ref=alloutdooradventures&bookable-only=yes&full-items=yes&marketplace=yes&flow=no,"<script src=""https://fareharbor.com/embeds/script/calendar/hawaiinautical-kona/items/263050/?asn=fhdn&asn-ref=alloutdooradventures&ref=alloutdooradventures&bookable-only=yes&full-items=yes&marketplace=yes&flow=no""></script>",https://fareharbor.com/embeds/book/hawaiinautical-kona/items/263050/?asn=fhdn&asn-ref=alloutdooradventures&ref=alloutdooradventures&bookable-only=yes&full-items=yes&marketplace=yes&flow=no,https://cdn.filestackcontent.com/MMLLEidaQ5qxaNRY7wYc
Quicksilver Maui,quicksilvermaui,quicksilver.reservations@gmail.com,(808) 661-9937,United States/Hawaii/Wailuku,-156.5134143,20.7919193,372622,From Ma'alaea Harbor: Sunset Dinner Cruise Aboard the Quicksilver,Boat Tour-Brewery-Dolphin-Pop Up Attraction-Whale Watch,3,89,180,https://fareharbor.com/embeds/calendar/quicksilvermaui/items/372622/?asn=fhdn&asn-ref=alloutdooradventures&ref=alloutdooradventures&bookable-only=yes&full-items=yes&marketplace=yes&flow=no,"<script src=""https://fareharbor.com/embeds/script/calendar/quicksilvermaui/items/372622/?asn=fhdn&asn-ref=alloutdooradventures&ref=alloutdooradventures&bookable-only=yes&full-items=yes&marketplace=yes&flow=no""></script>",https://fareharbor.com/embeds/book/quicksilvermaui/items/372622/?asn=fhdn&asn-ref=alloutdooradventures&ref=alloutdooradventures&bookable-only=yes&full-items=yes&marketplace=yes&flow=no,https://cdn.filestackcontent.com/2mRJ0kPUR1WeA2mjxGbV
The Adventure Boat,theadventureboat,info@theadventureboat.com,808-358-0255,United States/Hawaii/Honolulu,,,441859,4-Hour Custom Adventure Tour,Boat Tour-Dolphin-Snorkel,6,89,540,https://fareharbor.com/embeds/calendar/theadventureboat/items/441859/?asn=fhdn&asn-ref=alloutdooradventures&ref=alloutdooradventures&bookable-only=yes&full-items=yes&marketplace=yes&flow=no,"<script src=""https://fareharbor.com/embeds/script/calendar/theadventureboat/items/441859/?asn=fhdn&asn-ref=alloutdooradventures&ref=alloutdooradventures&bookable-only=yes&full-items=yes&marketplace=yes&flow=no""></script>",https://fareharbor.com/embeds/book/theadventureboat/items/441859/?asn=fhdn&asn-ref=alloutdooradventures&ref=alloutdooradventures&bookable-only=yes&full-items=yes&marketplace=yes&flow=no,https://cdn.filestackcontent.com/nYlHZhYfQtWMGLGfyny4
Hawaii Polo Trail Rides,hipolotrailrides,res.hawaiipolo@gmail.com,808-220-5153,United States/Hawaii/Waialua,,,64,Oceanfront Sunshine Private Ride,Horse,4,88,682,https://fareharbor.com/embeds/calendar/hipolotrailrides/items/64/?asn=fhdn&asn-ref=alloutdooradventures&ref=alloutdooradventures&bookable-only=yes&full-items=yes&marketplace=yes&flow=no,"<script src=""https://fareharbor.com/embeds/script/calendar/hipolotrailrides/items/64/?asn=fhdn&asn-ref=alloutdooradventures&ref=alloutdooradventures&bookable-only=yes&full-items=yes&marketplace=yes&flow=no""></script>",https://fareharbor.com/embeds/book/hipolotrailrides/items/64/?asn=fhdn&asn-ref=alloutdooradventures&ref=alloutdooradventures&bookable-only=yes&full-items=yes&marketplace=yes&flow=no,https://cdn.filestackcontent.com/5LquWayQQCSMepZz15w3
Hawaii Forest & Trail,hawaiiforestandtrail,info@hawaii-forest.com,808-331-8505,United States/Hawaii/Kailua-Kona,,,18176,"Volcano, Chocolate & Waterfalls",Events-Hiking-History Tour-Private-Transportation-Walking Tour,14,88,72,https://fareharbor.com/embeds/calendar/hawaiiforestandtrail/items/18176/?asn=fhdn&asn-ref=alloutdooradventures&ref=alloutdooradventures&bookable-only=yes&full-items=yes&marketplace=yes&flow=no,"<script src=""https://fareharbor.com/embeds/script/calendar/hawaiiforestandtrail/items/18176/?asn=fhdn&asn-ref=alloutdooradventures&ref=alloutdooradventures&bookable-only=yes&full-items=yes&marketplace=yes&flow=no""></script>",https://fareharbor.com/embeds/book/hawaiiforestandtrail/items/18176/?asn=fhdn&asn-ref=alloutdooradventures&ref=alloutdooradventures&bookable-only=yes&full-items=yes&marketplace=yes&flow=no,https://cdn.filestackcontent.com/g2mempSGGgaVKqiNqrqA
Waikiki Beach Services,waikikibeachservices,info@waikikibeachservices.com,(808) 388-1510,United States/Hawaii/Honolulu,-157.828755,21.277213,68068,Burial At Sea,Canoe-Surf,2,88,160,https://fareharbor.com/embeds/calendar/waikikibeachservices/items/68068/?asn=fhdn&asn-ref=alloutdooradventures&ref=alloutdooradventures&bookable-only=yes&full-items=yes&marketplace=yes&flow=no,"<script src=""https://fareharbor.com/embeds/script/calendar/waikikibeachservices/items/68068/?asn=fhdn&asn-ref=alloutdooradventures&ref=alloutdooradventures&bookable-only=yes&full-items=yes&marketplace=yes&flow=no""></script>",https://fareharbor.com/embeds/book/waikikibeachservices/items/68068/?asn=fhdn&asn-ref=alloutdooradventures&ref=alloutdooradventures&bookable-only=yes&full-items=yes&marketplace=yes&flow=no,https://cdn.filestackcontent.com/P8TCBgUbSWSL5g1PaPEu
Hawaii Nautical Big Island,hawaiinautical-kona,res@hawaiinautical.com,808-234-7245,United States/Hawaii/Waikoloa Village,,,127229,Waikoloa Deluxe Whale Watch,Catamaran-Dolphin-Sailing-Snorkel-Whale Watch,1,88,84,https://fareharbor.com/embeds/calendar/hawaiinautical-kona/items/127229/?asn=fhdn&asn-ref=alloutdooradventures&ref=alloutdooradventures&bookable-only=yes&full-items=yes&marketplace=yes&flow=no,"<script src=""https://fareharbor.com/embeds/script/calendar/hawaiinautical-kona/items/127229/?asn=fhdn&asn-ref=alloutdooradventures&ref=alloutdooradventures&bookable-only=yes&full-items=yes&marketplace=yes&flow=no""></script>",https://fareharbor.com/embeds/book/hawaiinautical-kona/items/127229/?asn=fhdn&asn-ref=alloutdooradventures&ref=alloutdooradventures&bookable-only=yes&full-items=yes&marketplace=yes&flow=no,https://cdn.filestackcontent.com/cFyJHfd7QD26whMQcPBN
Hawaii Ocean Charters,hawaiioceancharters,sales@hawaiioceancharters.com,(808) 400-1506,United States/Hawaii/Honolulu,,,203410,"Private Catamaran Cruise & Snorkeling ""Keanuenue""",Boat Tour-Catamaran-Dolphin-Free Diving-Private-Snorkel-Water Activities-Whale Watch,8,88,720,https://fareharbor.com/embeds/calendar/hawaiioceancharters/items/203410/?asn=fhdn&asn-ref=alloutdooradventures&ref=alloutdooradventures&bookable-only=yes&full-items=yes&marketplace=yes&flow=no,"<script src=""https://fareharbor.com/embeds/script/calendar/hawaiioceancharters/items/203410/?asn=fhdn&asn-ref=alloutdooradventures&ref=alloutdooradventures&bookable-only=yes&full-items=yes&marketplace=yes&flow=no""></script>",https://fareharbor.com/embeds/book/hawaiioceancharters/items/203410/?asn=fhdn&asn-ref=alloutdooradventures&ref=alloutdooradventures&bookable-only=yes&full-items=yes&marketplace=yes&flow=no,https://cdn.filestackcontent.com/L54cACYUR4yPVAoftsUV
Hawaii Nautical Big Island,hawaiinautical-kona,res@hawaiinautical.com,808-234-7245,United States/Hawaii/Kailua-Kona,,,277784,Kona Deluxe Whale Watch Sail,Catamaran-Dolphin-Sailing-Whale Watch,1,88,41,https://fareharbor.com/embeds/calendar/hawaiinautical-kona/items/277784/?asn=fhdn&asn-ref=alloutdooradventures&ref=alloutdooradventures&bookable-only=yes&full-items=yes&marketplace=yes&flow=no,"<script src=""https://fareharbor.com/embeds/script/calendar/hawaiinautical-kona/items/277784/?asn=fhdn&asn-ref=alloutdooradventures&ref=alloutdooradventures&bookable-only=yes&full-items=yes&marketplace=yes&flow=no""></script>",https://fareharbor.com/embeds/book/hawaiinautical-kona/items/277784/?asn=fhdn&asn-ref=alloutdooradventures&ref=alloutdooradventures&bookable-only=yes&full-items=yes&marketplace=yes&flow=no,https://cdn.filestackcontent.com/sz9qCRvhSXuOhyp4hOmH
Hawaii Zipline Tours,ziplinetourshawaii,Hawaiiziplinetours@gmail.com,1 808-963-6353,United States/Hawaii/Honomu,,,372871,Waterfall Hiking Tour,Hiking,6,88,342,https://fareharbor.com/embeds/calendar/ziplinetourshawaii/items/372871/?asn=fhdn&asn-ref=alloutdooradventures&ref=alloutdooradventures&bookable-only=yes&full-items=yes&marketplace=yes&flow=no,"<script src=""https://fareharbor.com/embeds/script/calendar/ziplinetourshawaii/items/372871/?asn=fhdn&asn-ref=alloutdooradventures&ref=alloutdooradventures&bookable-only=yes&full-items=yes&marketplace=yes&flow=no""></script>",https://fareharbor.com/embeds/book/ziplinetourshawaii/items/372871/?asn=fhdn&asn-ref=alloutdooradventures&ref=alloutdooradventures&bookable-only=yes&full-items=yes&marketplace=yes&flow=no,https://cdn.filestackcontent.com/gfAGxXMDQFKlUz2YquwF
Maui Snorkel Charters,mauisnorkelcharters,info@mauisnorkelcharters.com,808-270-8776,United States/Hawaii/Kihei,-156.445103,20.70863,551641,5-Hour Molokini & Turtle Tour,Boat Tour-Dolphin-Eco Tour-Private-Rafting-Snorkel-Whale Watch,5,88,154,https://fareharbor.com/embeds/calendar/mauisnorkelcharters/items/551641/?asn=fhdn&asn-ref=alloutdooradventures&ref=alloutdooradventures&bookable-only=yes&full-items=yes&marketplace=yes&flow=no,"<script src=""https://fareharbor.com/embeds/script/calendar/mauisnorkelcharters/items/551641/?asn=fhdn&asn-ref=alloutdooradventures&ref=alloutdooradventures&bookable-only=yes&full-items=yes&marketplace=yes&flow=no""></script>",https://fareharbor.com/embeds/book/mauisnorkelcharters/items/551641/?asn=fhdn&asn-ref=alloutdooradventures&ref=alloutdooradventures&bookable-only=yes&full-items=yes&marketplace=yes&flow=no,https://cdn.filestackcontent.com/HzgBrPg9S3yhyClu2hFw
Botanical World Adventures - Segway Off Road and Zip Isle Zip Line,bwa,Reservations@BotanicalWorld.com,808-746-8751,United States/Hawaii/Hakalau,,,646556,Dip in the Waterfall Adventure,Hiking-Water Activities,5,88,1620,https://fareharbor.com/embeds/calendar/bwa/items/646556/?asn=fhdn&asn-ref=alloutdooradventures&ref=alloutdooradventures&bookable-only=yes&full-items=yes&marketplace=yes&flow=no,"<script src=""https://fareharbor.com/embeds/script/calendar/bwa/items/646556/?asn=fhdn&asn-ref=alloutdooradventures&ref=alloutdooradventures&bookable-only=yes&full-items=yes&marketplace=yes&flow=no""></script>",https://fareharbor.com/embeds/book/bwa/items/646556/?asn=fhdn&asn-ref=alloutdooradventures&ref=alloutdooradventures&bookable-only=yes&full-items=yes&marketplace=yes&flow=no,https://cdn.filestackcontent.com/9tG02FAsRKuyH9XNVF67
Dive Oahu,diveoahu,aloha@diveoahu.com,808-922-3483,United States/Hawaii/Honolulu,-157.85814,21.309884,241,Private Charter,Events-Scuba-Snorkel,2,87,720,https://fareharbor.com/embeds/calendar/diveoahu/items/241/?asn=fhdn&asn-ref=alloutdooradventures&ref=alloutdooradventures&bookable-only=yes&full-items=yes&marketplace=yes&flow=no,"<script src=""https://fareharbor.com/embeds/script/calendar/diveoahu/items/241/?asn=fhdn&asn-ref=alloutdooradventures&ref=alloutdooradventures&bookable-only=yes&full-items=yes&marketplace=yes&flow=no""></script>",https://fareharbor.com/embeds/book/diveoahu/items/241/?asn=fhdn&asn-ref=alloutdooradventures&ref=alloutdooradventures&bookable-only=yes&full-items=yes&marketplace=yes&flow=no,https://cdn.filestackcontent.com/0KI0p0BHSq2tK8lFx6jn
Hawaii Oceanic,hawaiioceanic,hawaiioceanic@gmail.com,+1808-209-9680,United States/Hawaii/Kailua-Kona,,,63251,Kealakekua Bay (Captain Cook Monument) Snorkel,Boat Tour-Dolphin-History Tour-Snorkel,5,87,336,https://fareharbor.com/embeds/calendar/hawaiioceanic/items/63251/?asn=fhdn&asn-ref=alloutdooradventures&ref=alloutdooradventures&bookable-only=yes&full-items=yes&marketplace=yes&flow=no,"<script src=""https://fareharbor.com/embeds/script/calendar/hawaiioceanic/items/63251/?asn=fhdn&asn-ref=alloutdooradventures&ref=alloutdooradventures&bookable-only=yes&full-items=yes&marketplace=yes&flow=no""></script>",https://fareharbor.com/embeds/book/hawaiioceanic/items/63251/?asn=fhdn&asn-ref=alloutdooradventures&ref=alloutdooradventures&bookable-only=yes&full-items=yes&marketplace=yes&flow=no,https://cdn.filestackcontent.com/Pjg7HQvRaC3ZEiFnex69
North Shore Shark Adventures / Whale Encounters / Turtle Encounters,sharktourshawaii,sharktours@gmail.com,,United States/Hawaii/Haleiwa,,,7241,Shark Dive,Boat Tour-Canoe-Food Tour-History Tour-Snorkel,4,86,1418,https://fareharbor.com/embeds/calendar/sharktourshawaii/items/7241/?asn=fhdn&asn-ref=alloutdooradventures&ref=alloutdooradventures&bookable-only=yes&full-items=yes&marketplace=yes&flow=no,"<script src=""https://fareharbor.com/embeds/script/calendar/sharktourshawaii/items/7241/?asn=fhdn&asn-ref=alloutdooradventures&ref=alloutdooradventures&bookable-only=yes&full-items=yes&marketplace=yes&flow=no""></script>",https://fareharbor.com/embeds/book/sharktourshawaii/items/7241/?asn=fhdn&asn-ref=alloutdooradventures&ref=alloutdooradventures&bookable-only=yes&full-items=yes&marketplace=yes&flow=no,https://www.filepicker.io/api/file/0p7jDDz3QjGkqFn11xlX
Hawaii Polo Trail Rides,hipolotrailrides,res.hawaiipolo@gmail.com,808-220-5153,United States/Hawaii/Waialua,,,62,Oceanfront Sunset Group Horseback Ride,Horse,4,85,160,https://fareharbor.com/embeds/calendar/hipolotrailrides/items/62/?asn=fhdn&asn-ref=alloutdooradventures&ref=alloutdooradventures&bookable-only=yes&full-items=yes&marketplace=yes&flow=no,"<script src=""https://fareharbor.com/embeds/script/calendar/hipolotrailrides/items/62/?asn=fhdn&asn-ref=alloutdooradventures&ref=alloutdooradventures&bookable-only=yes&full-items=yes&marketplace=yes&flow=no""></script>",https://fareharbor.com/embeds/book/hipolotrailrides/items/62/?asn=fhdn&asn-ref=alloutdooradventures&ref=alloutdooradventures&bookable-only=yes&full-items=yes&marketplace=yes&flow=no,https://cdn.filestackcontent.com/yVhJ3ojTMiMHAOltq8ox
Dolphin Excursions,dolphinexcursions,lisa@dolphinexcursions.com,(877) 257-5579,United States/Hawaii/Waianae,-158.19602,21.451606,161,Dolphin Excursion,Boat Tour-Dolphin-Eco Tour-Free Diving-Guided Tour-Snorkel-Water Activities-Whale Watch-Wildlife,7,85,353,https://fareharbor.com/embeds/calendar/dolphinexcursions/items/161/?asn=fhdn&asn-ref=alloutdooradventures&ref=alloutdooradventures&bookable-only=yes&full-items=yes&marketplace=yes&flow=no,"<script src=""https://fareharbor.com/embeds/script/calendar/dolphinexcursions/items/161/?asn=fhdn&asn-ref=alloutdooradventures&ref=alloutdooradventures&bookable-only=yes&full-items=yes&marketplace=yes&flow=no""></script>",https://fareharbor.com/embeds/book/dolphinexcursions/items/161/?asn=fhdn&asn-ref=alloutdooradventures&ref=alloutdooradventures&bookable-only=yes&full-items=yes&marketplace=yes&flow=no,https://cdn.filestackcontent.com/hedLQAKxSY6bZuCInv91
In2Scuba Diving Maui,in2scubadivingmaui,In2Scuba@gmail.com,808-264-8198,United States/Hawaii/Lahaina,-156.692224,20.936637,13764,Private Dives: Intro - Refresher - Certified Divers,Scuba,12,85,540,https://fareharbor.com/embeds/calendar/in2scubadivingmaui/items/13764/?asn=fhdn&asn-ref=alloutdooradventures&ref=alloutdooradventures&bookable-only=yes&full-items=yes&marketplace=yes&flow=no,"<script src=""https://fareharbor.com/embeds/script/calendar/in2scubadivingmaui/items/13764/?asn=fhdn&asn-ref=alloutdooradventures&ref=alloutdooradventures&bookable-only=yes&full-items=yes&marketplace=yes&flow=no""></script>",https://fareharbor.com/embeds/book/in2scubadivingmaui/items/13764/?asn=fhdn&asn-ref=alloutdooradventures&ref=alloutdooradventures&bookable-only=yes&full-items=yes&marketplace=yes&flow=no,https://www.filepicker.io/api/file/wHxrvVJvQKIErcuur1O1
Kaimana Tours,kaimanatours,kaimanatours@gmail.com,808 392 2223,United States/Hawaii/Honolulu,,,29995,Manoa Falls Rainforest & Self-Guided Hike,Hiking,1,85,383,https://fareharbor.com/embeds/calendar/kaimanatours/items/29995/?asn=fhdn&asn-ref=alloutdooradventures&ref=alloutdooradventures&bookable-only=yes&full-items=yes&marketplace=yes&flow=no,"<script src=""https://fareharbor.com/embeds/script/calendar/kaimanatours/items/29995/?asn=fhdn&asn-ref=alloutdooradventures&ref=alloutdooradventures&bookable-only=yes&full-items=yes&marketplace=yes&flow=no""></script>",https://fareharbor.com/embeds/book/kaimanatours/items/29995/?asn=fhdn&asn-ref=alloutdooradventures&ref=alloutdooradventures&bookable-only=yes&full-items=yes&marketplace=yes&flow=no,https://cdn.filestackcontent.com/Mqzc667StCLVkQMc2Lve
Kauai Zodiac Tourz,kauaiztours,snorkel@islandactivitygroup.com,808.742.7422,United States/Hawaii/Koloa,-159.48787,21.884313,34580,Kauai’s Ultimate SOUTH SIDE Whale & Dolphin Zodiac Boat Adventure,Boat Tour-Dolphin-Eco Tour-Guided Tour-Water Activities-Whale Watch,1,85,51,https://fareharbor.com/embeds/calendar/kauaiztours/items/34580/?asn=fhdn&asn-ref=alloutdooradventures&ref=alloutdooradventures&bookable-only=yes&full-items=yes&marketplace=yes&flow=no,"<script src=""https://fareharbor.com/embeds/script/calendar/kauaiztours/items/34580/?asn=fhdn&asn-ref=alloutdooradventures&ref=alloutdooradventures&bookable-only=yes&full-items=yes&marketplace=yes&flow=no""></script>",https://fareharbor.com/embeds/book/kauaiztours/items/34580/?asn=fhdn&asn-ref=alloutdooradventures&ref=alloutdooradventures&bookable-only=yes&full-items=yes&marketplace=yes&flow=no,https://cdn.filestackcontent.com/72ZmUiuRM6sE6lULMGQw
In2Scuba Diving Maui,in2scubadivingmaui,In2Scuba@gmail.com,808-264-8198,United States/Hawaii/Lahaina,,,62129,Shark-Turtle-Wreck Dive - Lahaina,Scuba,22,85,273,https://fareharbor.com/embeds/calendar/in2scubadivingmaui/items/62129/?asn=fhdn&asn-ref=alloutdooradventures&ref=alloutdooradventures&bookable-only=yes&full-items=yes&marketplace=yes&flow=no,"<script src=""https://fareharbor.com/embeds/script/calendar/in2scubadivingmaui/items/62129/?asn=fhdn&asn-ref=alloutdooradventures&ref=alloutdooradventures&bookable-only=yes&full-items=yes&marketplace=yes&flow=no""></script>",https://fareharbor.com/embeds/book/in2scubadivingmaui/items/62129/?asn=fhdn&asn-ref=alloutdooradventures&ref=alloutdooradventures&bookable-only=yes&full-items=yes&marketplace=yes&flow=no,https://cdn.filestackcontent.com/Wd1MZR2Qa2OoaK7OH5NP
Active Oahu Tours,activeoahutours,team@activeoahutours.com,8084981894,United States/Hawaii/Kaneohe,,,115595,Chinaman's Hat Self-Guided Kayak Tour,Hiking-Kayak-Self-Guided Tour-Snorkel,6,85,462,https://fareharbor.com/embeds/calendar/activeoahutours/items/115595/?asn=fhdn&asn-ref=alloutdooradventures&ref=alloutdooradventures&bookable-only=yes&full-items=yes&marketplace=yes&flow=no,"<script src=""https://fareharbor.com/embeds/script/calendar/activeoahutours/items/115595/?asn=fhdn&asn-ref=alloutdooradventures&ref=alloutdooradventures&bookable-only=yes&full-items=yes&marketplace=yes&flow=no""></script>",https://fareharbor.com/embeds/book/activeoahutours/items/115595/?asn=fhdn&asn-ref=alloutdooradventures&ref=alloutdooradventures&bookable-only=yes&full-items=yes&marketplace=yes&flow=no,https://cdn.filestackcontent.com/83Rk2b4qTO2SlhlObFRi
Malahini Tours,malahinitours,malahini.tours@gmail.com,808-315-4212,United States/Hawaii/Hilo,,,138453,Majestic Waterfalls Tour,Guided Tour-Hiking-Sightseeing Tour,4,85,180,https://fareharbor.com/embeds/calendar/malahinitours/items/138453/?asn=fhdn&asn-ref=alloutdooradventures&ref=alloutdooradventures&bookable-only=yes&full-items=yes&marketplace=yes&flow=no,"<script src=""https://fareharbor.com/embeds/script/calendar/malahinitours/items/138453/?asn=fhdn&asn-ref=alloutdooradventures&ref=alloutdooradventures&bookable-only=yes&full-items=yes&marketplace=yes&flow=no""></script>",https://fareharbor.com/embeds/book/malahinitours/items/138453/?asn=fhdn&asn-ref=alloutdooradventures&ref=alloutdooradventures&bookable-only=yes&full-items=yes&marketplace=yes&flow=no,https://cdn.filestackcontent.com/TXlQlNvVQAWtGU6zLxmK
Da Life Outdoors | Kauai Beach Boys,kauaibeachboys,,,United States/Hawaii/Lihue,,,140358,Waterfall Swim and Hike,Guided Tour-Hiking-Walking Tour,11,85,196,https://fareharbor.com/embeds/calendar/kauaibeachboys/items/140358/?asn=fhdn&asn-ref=alloutdooradventures&ref=alloutdooradventures&bookable-only=yes&full-items=yes&marketplace=yes&flow=no,"<script src=""https://fareharbor.com/embeds/script/calendar/kauaibeachboys/items/140358/?asn=fhdn&asn-ref=alloutdooradventures&ref=alloutdooradventures&bookable-only=yes&full-items=yes&marketplace=yes&flow=no""></script>",https://fareharbor.com/embeds/book/kauaibeachboys/items/140358/?asn=fhdn&asn-ref=alloutdooradventures&ref=alloutdooradventures&bookable-only=yes&full-items=yes&marketplace=yes&flow=no,https://cdn.filestackcontent.com/lYrQgstQW6SJhU1ptAGP
Dive Oahu,diveoahu,aloha@diveoahu.com,808-922-3483,United States/Hawaii/Honolulu,,,166394,Waikiki Coast Cruise - BYOB,Boat Tour-Dolphin,5,85,154,https://fareharbor.com/embeds/calendar/diveoahu/items/166394/?asn=fhdn&asn-ref=alloutdooradventures&ref=alloutdooradventures&bookable-only=yes&full-items=yes&marketplace=yes&flow=no,"<script src=""https://fareharbor.com/embeds/script/calendar/diveoahu/items/166394/?asn=fhdn&asn-ref=alloutdooradventures&ref=alloutdooradventures&bookable-only=yes&full-items=yes&marketplace=yes&flow=no""></script>",https://fareharbor.com/embeds/book/diveoahu/items/166394/?asn=fhdn&asn-ref=alloutdooradventures&ref=alloutdooradventures&bookable-only=yes&full-items=yes&marketplace=yes&flow=no,https://cdn.filestackcontent.com/ji7X1kcmTmBu44r6afvg
In2Scuba Diving Maui,in2scubadivingmaui,In2Scuba@gmail.com,808-264-8198,United States/Hawaii/Lahaina,-156.685368,20.883064,193922,Shark-Turtle-Wreck-NIGHT Pkg,Scuba,6,85,180,https://fareharbor.com/embeds/calendar/in2scubadivingmaui/items/193922/?asn=fhdn&asn-ref=alloutdooradventures&ref=alloutdooradventures&bookable-only=yes&full-items=yes&marketplace=yes&flow=no,"<script src=""https://fareharbor.com/embeds/script/calendar/in2scubadivingmaui/items/193922/?asn=fhdn&asn-ref=alloutdooradventures&ref=alloutdooradventures&bookable-only=yes&full-items=yes&marketplace=yes&flow=no""></script>",https://fareharbor.com/embeds/book/in2scubadivingmaui/items/193922/?asn=fhdn&asn-ref=alloutdooradventures&ref=alloutdooradventures&bookable-only=yes&full-items=yes&marketplace=yes&flow=no,https://cdn.filestackcontent.com/HVVZvU2sRUCf3kIftMpm
Kaimana Tours,kaimanatours,kaimanatours@gmail.com,808 392 2223,United States/Hawaii/Honolulu,,,302885,Best Oahu Hikes,Hiking,1,85,50,https://fareharbor.com/embeds/calendar/kaimanatours/items/302885/?asn=fhdn&asn-ref=alloutdooradventures&ref=alloutdooradventures&bookable-only=yes&full-items=yes&marketplace=yes&flow=no,"<script src=""https://fareharbor.com/embeds/script/calendar/kaimanatours/items/302885/?asn=fhdn&asn-ref=alloutdooradventures&ref=alloutdooradventures&bookable-only=yes&full-items=yes&marketplace=yes&flow=no""></script>",https://fareharbor.com/embeds/book/kaimanatours/items/302885/?asn=fhdn&asn-ref=alloutdooradventures&ref=alloutdooradventures&bookable-only=yes&full-items=yes&marketplace=yes&flow=no,https://cdn.filestackcontent.com/T0w5UhMiS1CI6fkMdIWa
Hawaii Ocean Rafting,hawaiioceanrafting,reservations@hawaiioceanrafting.com,(808) 661-7238,United States/Hawaii/Lahaina,,,377165,Eco-Raft:  Lanai Snorkel & Dolphin Watch (Semi-Private),Boat Rental-Boat Tour-Dolphin-Eco Tour-Private-Rafting-Snorkel-Water Activities-Whale Watch-Wildlife,21,85,46,https://fareharbor.com/embeds/calendar/hawaiioceanrafting/items/377165/?asn=fhdn&asn-ref=alloutdooradventures&ref=alloutdooradventures&bookable-only=yes&full-items=yes&marketplace=yes&flow=no,"<script src=""https://fareharbor.com/embeds/script/calendar/hawaiioceanrafting/items/377165/?asn=fhdn&asn-ref=alloutdooradventures&ref=alloutdooradventures&bookable-only=yes&full-items=yes&marketplace=yes&flow=no""></script>",https://fareharbor.com/embeds/book/hawaiioceanrafting/items/377165/?asn=fhdn&asn-ref=alloutdooradventures&ref=alloutdooradventures&bookable-only=yes&full-items=yes&marketplace=yes&flow=no,https://cdn.filestackcontent.com/zRLRPzZnQaqZWu2emRvE
MANA Cruises,manacruises,res@manacruises.com,(808)664-1164,United States/Hawaii/Honolulu,-157.841014,21.286973,400237,Waikiki Exclusive Snorkel + Lunch,Boat Tour-Dolphin-Snorkel-Surf,12,85,49,https://fareharbor.com/embeds/calendar/manacruises/items/400237/?asn=fhdn&asn-ref=alloutdooradventures&ref=alloutdooradventures&bookable-only=yes&full-items=yes&marketplace=yes&flow=no,"<script src=""https://fareharbor.com/embeds/script/calendar/manacruises/items/400237/?asn=fhdn&asn-ref=alloutdooradventures&ref=alloutdooradventures&bookable-only=yes&full-items=yes&marketplace=yes&flow=no""></script>",https://fareharbor.com/embeds/book/manacruises/items/400237/?asn=fhdn&asn-ref=alloutdooradventures&ref=alloutdooradventures&bookable-only=yes&full-items=yes&marketplace=yes&flow=no,https://cdn.filestackcontent.com/pKkg3EEURbOZrlMdjEkF
MANA Cruises,manacruises,res@manacruises.com,(808)664-1164,United States/Hawaii/Honolulu,-157.841014,21.286973,400238,Waikiki Captain's Sunset + Tasting,Boat Tour-Dolphin-Snorkel-Surf-Whale Watch,11,85,49,https://fareharbor.com/embeds/calendar/manacruises/items/400238/?asn=fhdn&asn-ref=alloutdooradventures&ref=alloutdooradventures&bookable-only=yes&full-items=yes&marketplace=yes&flow=no,"<script src=""https://fareharbor.com/embeds/script/calendar/manacruises/items/400238/?asn=fhdn&asn-ref=alloutdooradventures&ref=alloutdooradventures&bookable-only=yes&full-items=yes&marketplace=yes&flow=no""></script>",https://fareharbor.com/embeds/book/manacruises/items/400238/?asn=fhdn&asn-ref=alloutdooradventures&ref=alloutdooradventures&bookable-only=yes&full-items=yes&marketplace=yes&flow=no,https://cdn.filestackcontent.com/SPfg4FdTx6SjjhX0lXwA
Dive Kauai,divekauai,dive@islandactivitygroup.com,808.742.7422,United States/Hawaii/Koloa,-159.48787,21.884313,460778,South Island Boat Adventure Dive,Scuba,5,85,328,https://fareharbor.com/embeds/calendar/divekauai/items/460778/?asn=fhdn&asn-ref=alloutdooradventures&ref=alloutdooradventures&bookable-only=yes&full-items=yes&marketplace=yes&flow=no,"<script src=""https://fareharbor.com/embeds/script/calendar/divekauai/items/460778/?asn=fhdn&asn-ref=alloutdooradventures&ref=alloutdooradventures&bookable-only=yes&full-items=yes&marketplace=yes&flow=no""></script>",https://fareharbor.com/embeds/book/divekauai/items/460778/?asn=fhdn&asn-ref=alloutdooradventures&ref=alloutdooradventures&bookable-only=yes&full-items=yes&marketplace=yes&flow=no,https://cdn.filestackcontent.com/aLr7qjtMT0OIVEHc88ck
Bike Hawaii,bikehawaii,tours@bikehawaii.com,808-734-4214,United States/Hawaii/Honolulu,,,547932,E-Bike Tour – Honolulu Rainforest Ride,Bike Tour-E-Bike-Eco Tour-Guided Tour-History Tour-Sightseeing Tour-Wildlife,6,85,143,https://fareharbor.com/embeds/calendar/bikehawaii/items/547932/?asn=fhdn&asn-ref=alloutdooradventures&ref=alloutdooradventures&bookable-only=yes&full-items=yes&marketplace=yes&flow=no,"<script src=""https://fareharbor.com/embeds/script/calendar/bikehawaii/items/547932/?asn=fhdn&asn-ref=alloutdooradventures&ref=alloutdooradventures&bookable-only=yes&full-items=yes&marketplace=yes&flow=no""></script>",https://fareharbor.com/embeds/book/bikehawaii/items/547932/?asn=fhdn&asn-ref=alloutdooradventures&ref=alloutdooradventures&bookable-only=yes&full-items=yes&marketplace=yes&flow=no,https://cdn.filestackcontent.com/5AaBMHHhStfHCNQGta4i
Hawaii Ocean Rafting,hawaiioceanrafting,reservations@hawaiioceanrafting.com,(808) 661-7238,United States/Hawaii/Lahaina,,,610948,Eco-Raft: Dolphin or Whale Search & Sightsee Tour,Boat Tour-Dolphin-Eco Tour-Guided Tour-Rafting-Sightseeing Tour-Water Activities-Wildlife,14,85,226,https://fareharbor.com/embeds/calendar/hawaiioceanrafting/items/610948/?asn=fhdn&asn-ref=alloutdooradventures&ref=alloutdooradventures&bookable-only=yes&full-items=yes&marketplace=yes&flow=no,"<script src=""https://fareharbor.com/embeds/script/calendar/hawaiioceanrafting/items/610948/?asn=fhdn&asn-ref=alloutdooradventures&ref=alloutdooradventures&bookable-only=yes&full-items=yes&marketplace=yes&flow=no""></script>",https://fareharbor.com/embeds/book/hawaiioceanrafting/items/610948/?asn=fhdn&asn-ref=alloutdooradventures&ref=alloutdooradventures&bookable-only=yes&full-items=yes&marketplace=yes&flow=no,https://cdn.filestackcontent.com/n1q9UhxVSnOUQIJXYR0e
Hilo Ocean Adventures,hilooceanadventures,reservations@hilooceanadventures.com,1.808.934.8344,United States/Hawaii/Hilo,,,17421,1 Tank Shore Dive - Leleiwi Beach,Scuba,4,84,165,https://fareharbor.com/embeds/calendar/hilooceanadventures/items/17421/?asn=fhdn&asn-ref=alloutdooradventures&ref=alloutdooradventures&bookable-only=yes&full-items=yes&marketplace=yes&flow=no,"<script src=""https://fareharbor.com/embeds/script/calendar/hilooceanadventures/items/17421/?asn=fhdn&asn-ref=alloutdooradventures&ref=alloutdooradventures&bookable-only=yes&full-items=yes&marketplace=yes&flow=no""></script>",https://fareharbor.com/embeds/book/hilooceanadventures/items/17421/?asn=fhdn&asn-ref=alloutdooradventures&ref=alloutdooradventures&bookable-only=yes&full-items=yes&marketplace=yes&flow=no,https://cdn.filestackcontent.com/dNoUIwQcSM6wIjgXlhPH
Aloha Scuba Diving Co.,divealohascuba,info@divealohascuba.com,808.622.3483,United States/Hawaii/Honolulu,,,119561,Wreck & Reef – 2 Tank Dive Charter,Scuba,11,84,360,https://fareharbor.com/embeds/calendar/divealohascuba/items/119561/?asn=fhdn&asn-ref=alloutdooradventures&ref=alloutdooradventures&bookable-only=yes&full-items=yes&marketplace=yes&flow=no,"<script src=""https://fareharbor.com/embeds/script/calendar/divealohascuba/items/119561/?asn=fhdn&asn-ref=alloutdooradventures&ref=alloutdooradventures&bookable-only=yes&full-items=yes&marketplace=yes&flow=no""></script>",https://fareharbor.com/embeds/book/divealohascuba/items/119561/?asn=fhdn&asn-ref=alloutdooradventures&ref=alloutdooradventures&bookable-only=yes&full-items=yes&marketplace=yes&flow=no,https://cdn.filestackcontent.com/qvfhmd8SqeR1fxsIg9RN
Holo Holo Maui Tours,holoholomauitours,holoholomaui@gmail.com,(808) 298-5562,United States/Hawaii/Kahului,,,129033,Taste of Hana,Hiking,6,84,1944,https://fareharbor.com/embeds/calendar/holoholomauitours/items/129033/?asn=fhdn&asn-ref=alloutdooradventures&ref=alloutdooradventures&bookable-only=yes&full-items=yes&marketplace=yes&flow=no,"<script src=""https://fareharbor.com/embeds/script/calendar/holoholomauitours/items/129033/?asn=fhdn&asn-ref=alloutdooradventures&ref=alloutdooradventures&bookable-only=yes&full-items=yes&marketplace=yes&flow=no""></script>",https://fareharbor.com/embeds/book/holoholomauitours/items/129033/?asn=fhdn&asn-ref=alloutdooradventures&ref=alloutdooradventures&bookable-only=yes&full-items=yes&marketplace=yes&flow=no,https://cdn.filestackcontent.com/VOZlwk5RYOlSs49tywxh
Dive Oahu,diveoahu,aloha@diveoahu.com,808-922-3483,United States/Hawaii/Honolulu,,,219116,PADI Open Water Referral Course,Scuba,1,84,180,https://fareharbor.com/embeds/calendar/diveoahu/items/219116/?asn=fhdn&asn-ref=alloutdooradventures&ref=alloutdooradventures&bookable-only=yes&full-items=yes&marketplace=yes&flow=no,"<script src=""https://fareharbor.com/embeds/script/calendar/diveoahu/items/219116/?asn=fhdn&asn-ref=alloutdooradventures&ref=alloutdooradventures&bookable-only=yes&full-items=yes&marketplace=yes&flow=no""></script>",https://fareharbor.com/embeds/book/diveoahu/items/219116/?asn=fhdn&asn-ref=alloutdooradventures&ref=alloutdooradventures&bookable-only=yes&full-items=yes&marketplace=yes&flow=no,https://cdn.filestackcontent.com/ch1oYlgESteCg3OPCex9
Iruka Hawaii,irukajapan,info@hawaiidolphin.com,(808) 636-8440,United States/Hawaii/Honolulu,,,380774,Catamaran Dolphin Watching with Water Activities & Snorkel,Boat Tour-Catamaran-Climbing-Dolphin-Food Tour-Snorkel-SUP-Transportation,12,84,181,https://fareharbor.com/embeds/calendar/irukajapan/items/380774/?asn=fhdn&asn-ref=alloutdooradventures&ref=alloutdooradventures&bookable-only=yes&full-items=yes&marketplace=yes&flow=no,"<script src=""https://fareharbor.com/embeds/script/calendar/irukajapan/items/380774/?asn=fhdn&asn-ref=alloutdooradventures&ref=alloutdooradventures&bookable-only=yes&full-items=yes&marketplace=yes&flow=no""></script>",https://fareharbor.com/embeds/book/irukajapan/items/380774/?asn=fhdn&asn-ref=alloutdooradventures&ref=alloutdooradventures&bookable-only=yes&full-items=yes&marketplace=yes&flow=no,https://cdn.filestackcontent.com/dqv54GmdRO2G3NCfZsM2
Kona Honu Divers,konahonudivers,info@konahonudivers.com,8083244668,United States/Hawaii/Kailua-Kona,,,419280,Discover Scuba Diving Experience,Boat Tour-Scuba-Water Activities,1,84,75,https://fareharbor.com/embeds/calendar/konahonudivers/items/419280/?asn=fhdn&asn-ref=alloutdooradventures&ref=alloutdooradventures&bookable-only=yes&full-items=yes&marketplace=yes&flow=no,"<script src=""https://fareharbor.com/embeds/script/calendar/konahonudivers/items/419280/?asn=fhdn&asn-ref=alloutdooradventures&ref=alloutdooradventures&bookable-only=yes&full-items=yes&marketplace=yes&flow=no""></script>",https://fareharbor.com/embeds/book/konahonudivers/items/419280/?asn=fhdn&asn-ref=alloutdooradventures&ref=alloutdooradventures&bookable-only=yes&full-items=yes&marketplace=yes&flow=no,https://cdn.filestackcontent.com/aXzjZOEGT4Gwk23AiIuV
Captain Cook Cruises,captcookcruises,geoffhand1@gmail.com,808-378-7516,United States/Hawaii/Kailua-Kona,-155.962817,19.560424,487040,Private Captain Cook Snorkeling Charter | Departs Keauhou Bay,Boat Rental-Boat Tour-Dolphin-Guided Tour-Snorkel,7,84,92,https://fareharbor.com/embeds/calendar/captcookcruises/items/487040/?asn=fhdn&asn-ref=alloutdooradventures&ref=alloutdooradventures&bookable-only=yes&full-items=yes&marketplace=yes&flow=no,"<script src=""https://fareharbor.com/embeds/script/calendar/captcookcruises/items/487040/?asn=fhdn&asn-ref=alloutdooradventures&ref=alloutdooradventures&bookable-only=yes&full-items=yes&marketplace=yes&flow=no""></script>",https://fareharbor.com/embeds/book/captcookcruises/items/487040/?asn=fhdn&asn-ref=alloutdooradventures&ref=alloutdooradventures&bookable-only=yes&full-items=yes&marketplace=yes&flow=no,https://cdn.filestackcontent.com/yEZWH2ASTWGH5PVotRQI
Kipu Ranch Adventures,kiputours,reservations@kiputours.com,808 246 9288,United States/Hawaii/Lihue,,,5514,Ultimate Ranch Tour,ATV/UTV,6,83,208,https://fareharbor.com/embeds/calendar/kiputours/items/5514/?asn=fhdn&asn-ref=alloutdooradventures&ref=alloutdooradventures&bookable-only=yes&full-items=yes&marketplace=yes&flow=no,"<script src=""https://fareharbor.com/embeds/script/calendar/kiputours/items/5514/?asn=fhdn&asn-ref=alloutdooradventures&ref=alloutdooradventures&bookable-only=yes&full-items=yes&marketplace=yes&flow=no""></script>",https://fareharbor.com/embeds/book/kiputours/items/5514/?asn=fhdn&asn-ref=alloutdooradventures&ref=alloutdooradventures&bookable-only=yes&full-items=yes&marketplace=yes&flow=no,https://cdn.filestackcontent.com/W3f4RLKWQlyH59LGbCjq
Iruka Hawaii,irukajapan,info@hawaiidolphin.com,(808) 636-8440,United States/Hawaii/Honolulu,,,10287,Catamaran Swim with Dolphins,Boat Tour-Dolphin-Food Tour-Snorkel-Transportation,16,83,180,https://fareharbor.com/embeds/calendar/irukajapan/items/10287/?asn=fhdn&asn-ref=alloutdooradventures&ref=alloutdooradventures&bookable-only=yes&full-items=yes&marketplace=yes&flow=no,"<script src=""https://fareharbor.com/embeds/script/calendar/irukajapan/items/10287/?asn=fhdn&asn-ref=alloutdooradventures&ref=alloutdooradventures&bookable-only=yes&full-items=yes&marketplace=yes&flow=no""></script>",https://fareharbor.com/embeds/book/irukajapan/items/10287/?asn=fhdn&asn-ref=alloutdooradventures&ref=alloutdooradventures&bookable-only=yes&full-items=yes&marketplace=yes&flow=no,https://cdn.filestackcontent.com/i1fWcrq3TUG2iMqh8ol2
Hilo Ocean Adventures,hilooceanadventures,reservations@hilooceanadventures.com,1.808.934.8344,United States/Hawaii/Hilo,,,17417,1 Tank Shore Dive – Certified Night Dive,Scuba,3,83,0,https://fareharbor.com/embeds/calendar/hilooceanadventures/items/17417/?asn=fhdn&asn-ref=alloutdooradventures&ref=alloutdooradventures&bookable-only=yes&full-items=yes&marketplace=yes&flow=no,"<script src=""https://fareharbor.com/embeds/script/calendar/hilooceanadventures/items/17417/?asn=fhdn&asn-ref=alloutdooradventures&ref=alloutdooradventures&bookable-only=yes&full-items=yes&marketplace=yes&flow=no""></script>",https://fareharbor.com/embeds/book/hilooceanadventures/items/17417/?asn=fhdn&asn-ref=alloutdooradventures&ref=alloutdooradventures&bookable-only=yes&full-items=yes&marketplace=yes&flow=no,https://www.filepicker.io/api/file/5OUVF33GTOaDndf9KLZ4
Kipu Ranch Adventures,kiputours,reservations@kiputours.com,808 246 9288,United States/Hawaii/Lihue,,,36429,Waterfall Trail Expedition,ATV/UTV,13,83,413,https://fareharbor.com/embeds/calendar/kiputours/items/36429/?asn=fhdn&asn-ref=alloutdooradventures&ref=alloutdooradventures&bookable-only=yes&full-items=yes&marketplace=yes&flow=no,"<script src=""https://fareharbor.com/embeds/script/calendar/kiputours/items/36429/?asn=fhdn&asn-ref=alloutdooradventures&ref=alloutdooradventures&bookable-only=yes&full-items=yes&marketplace=yes&flow=no""></script>",https://fareharbor.com/embeds/book/kiputours/items/36429/?asn=fhdn&asn-ref=alloutdooradventures&ref=alloutdooradventures&bookable-only=yes&full-items=yes&marketplace=yes&flow=no,https://cdn.filestackcontent.com/QnNFO1HdSr6gGjoTNFIz
Dive Oahu,diveoahu,aloha@diveoahu.com,808-922-3483,United States/Hawaii/Honolulu,-157.85814,21.309884,78940,PADI Open Water Course,Scuba,1,83,154,https://fareharbor.com/embeds/calendar/diveoahu/items/78940/?asn=fhdn&asn-ref=alloutdooradventures&ref=alloutdooradventures&bookable-only=yes&full-items=yes&marketplace=yes&flow=no,"<script src=""https://fareharbor.com/embeds/script/calendar/diveoahu/items/78940/?asn=fhdn&asn-ref=alloutdooradventures&ref=alloutdooradventures&bookable-only=yes&full-items=yes&marketplace=yes&flow=no""></script>",https://fareharbor.com/embeds/book/diveoahu/items/78940/?asn=fhdn&asn-ref=alloutdooradventures&ref=alloutdooradventures&bookable-only=yes&full-items=yes&marketplace=yes&flow=no,https://cdn.filestackcontent.com/oswkDBoCS1iXpKvLzkpv
Dive Oahu,diveoahu,aloha@diveoahu.com,808-922-3483,United States/Hawaii/Waianae,-158.19659,21.45016,82562,PADI Advanced Open Water Course,Scuba,5,83,13,https://fareharbor.com/embeds/calendar/diveoahu/items/82562/?asn=fhdn&asn-ref=alloutdooradventures&ref=alloutdooradventures&bookable-only=yes&full-items=yes&marketplace=yes&flow=no,"<script src=""https://fareharbor.com/embeds/script/calendar/diveoahu/items/82562/?asn=fhdn&asn-ref=alloutdooradventures&ref=alloutdooradventures&bookable-only=yes&full-items=yes&marketplace=yes&flow=no""></script>",https://fareharbor.com/embeds/book/diveoahu/items/82562/?asn=fhdn&asn-ref=alloutdooradventures&ref=alloutdooradventures&bookable-only=yes&full-items=yes&marketplace=yes&flow=no,https://cdn.filestackcontent.com/TMDBHtFQlSYyExrhHEph
Aloha Scuba Diving Co.,divealohascuba,info@divealohascuba.com,808.622.3483,United States/Hawaii/Honolulu,,,90209,Advanced Open Water Certification,Scuba,5,83,360,https://fareharbor.com/embeds/calendar/divealohascuba/items/90209/?asn=fhdn&asn-ref=alloutdooradventures&ref=alloutdooradventures&bookable-only=yes&full-items=yes&marketplace=yes&flow=no,"<script src=""https://fareharbor.com/embeds/script/calendar/divealohascuba/items/90209/?asn=fhdn&asn-ref=alloutdooradventures&ref=alloutdooradventures&bookable-only=yes&full-items=yes&marketplace=yes&flow=no""></script>",https://fareharbor.com/embeds/book/divealohascuba/items/90209/?asn=fhdn&asn-ref=alloutdooradventures&ref=alloutdooradventures&bookable-only=yes&full-items=yes&marketplace=yes&flow=no,https://cdn.filestackcontent.com/10hvwGqpTPeQL4IUhAA9
Hawaii Forest & Trail,hawaiiforestandtrail,info@hawaii-forest.com,808-331-8505,United States/Hawaii/Kailua-Kona,,,337285,"Volcano, Chocolate & Waterfalls - Private Ohana Outing",Events-Hiking-History Tour-Private-Walking Tour,15,83,45,https://fareharbor.com/embeds/calendar/hawaiiforestandtrail/items/337285/?asn=fhdn&asn-ref=alloutdooradventures&ref=alloutdooradventures&bookable-only=yes&full-items=yes&marketplace=yes&flow=no,"<script src=""https://fareharbor.com/embeds/script/calendar/hawaiiforestandtrail/items/337285/?asn=fhdn&asn-ref=alloutdooradventures&ref=alloutdooradventures&bookable-only=yes&full-items=yes&marketplace=yes&flow=no""></script>",https://fareharbor.com/embeds/book/hawaiiforestandtrail/items/337285/?asn=fhdn&asn-ref=alloutdooradventures&ref=alloutdooradventures&bookable-only=yes&full-items=yes&marketplace=yes&flow=no,https://cdn.filestackcontent.com/wGlvIbWBTQagQ32kNUEF
Deep Blue Eco Tours,deepblueecotours,deepblueecotours@gmail.com,(808)-321-1251,United States/Hawaii/Haleiwa,,,338202,Shark Dive Eco Tour,Dolphin-Eco Tour-Scuba-Snorkel,5,83,1038,https://fareharbor.com/embeds/calendar/deepblueecotours/items/338202/?asn=fhdn&asn-ref=alloutdooradventures&ref=alloutdooradventures&bookable-only=yes&full-items=yes&marketplace=yes&flow=no,"<script src=""https://fareharbor.com/embeds/script/calendar/deepblueecotours/items/338202/?asn=fhdn&asn-ref=alloutdooradventures&ref=alloutdooradventures&bookable-only=yes&full-items=yes&marketplace=yes&flow=no""></script>",https://fareharbor.com/embeds/book/deepblueecotours/items/338202/?asn=fhdn&asn-ref=alloutdooradventures&ref=alloutdooradventures&bookable-only=yes&full-items=yes&marketplace=yes&flow=no,https://cdn.filestackcontent.com/Iz5TKq2uRkeY7HQG847v
Emountain Bike Tour Maui llc,emountainbiketourmauillc,info@emountainbiketourmaui.com,808-666-4046,United States/Hawaii/Kihei,,,620548,The Experience Tour,Bike Tour,1,83,128,https://fareharbor.com/embeds/calendar/emountainbiketourmauillc/items/620548/?asn=fhdn&asn-ref=alloutdooradventures&ref=alloutdooradventures&bookable-only=yes&full-items=yes&marketplace=yes&flow=no,"<script src=""https://fareharbor.com/embeds/script/calendar/emountainbiketourmauillc/items/620548/?asn=fhdn&asn-ref=alloutdooradventures&ref=alloutdooradventures&bookable-only=yes&full-items=yes&marketplace=yes&flow=no""></script>",https://fareharbor.com/embeds/book/emountainbiketourmauillc/items/620548/?asn=fhdn&asn-ref=alloutdooradventures&ref=alloutdooradventures&bookable-only=yes&full-items=yes&marketplace=yes&flow=no,https://cdn.filestackcontent.com/u7ooC7YSSi6sPoFn9w12
Na Pali Coast Hanalei Tours,napalitours,napalitours@gmail.com,(808) 826-6114,United States/Hawaii/Hanalei,,,4377,Na Pali Snorkel Adventure,Catamaran-Dolphin-Snorkel,7,82,262,https://fareharbor.com/embeds/calendar/napalitours/items/4377/?asn=fhdn&asn-ref=alloutdooradventures&ref=alloutdooradventures&bookable-only=yes&full-items=yes&marketplace=yes&flow=no,"<script src=""https://fareharbor.com/embeds/script/calendar/napalitours/items/4377/?asn=fhdn&asn-ref=alloutdooradventures&ref=alloutdooradventures&bookable-only=yes&full-items=yes&marketplace=yes&flow=no""></script>",https://fareharbor.com/embeds/book/napalitours/items/4377/?asn=fhdn&asn-ref=alloutdooradventures&ref=alloutdooradventures&bookable-only=yes&full-items=yes&marketplace=yes&flow=no,https://cdn.filestackcontent.com/nGvEQwm8QAi2q7aMP34s
Seasport Divers,seasportdivers,info@seasportdivers.com,1-808-742-9303,United States/Hawaii/Koloa,,,11287,Morning 2 Tank Boat Dive for Experienced Divers,Scuba,5,82,178,https://fareharbor.com/embeds/calendar/seasportdivers/items/11287/?asn=fhdn&asn-ref=alloutdooradventures&ref=alloutdooradventures&bookable-only=yes&full-items=yes&marketplace=yes&flow=no,"<script src=""https://fareharbor.com/embeds/script/calendar/seasportdivers/items/11287/?asn=fhdn&asn-ref=alloutdooradventures&ref=alloutdooradventures&bookable-only=yes&full-items=yes&marketplace=yes&flow=no""></script>",https://fareharbor.com/embeds/book/seasportdivers/items/11287/?asn=fhdn&asn-ref=alloutdooradventures&ref=alloutdooradventures&bookable-only=yes&full-items=yes&marketplace=yes&flow=no,https://www.filepicker.io/api/file/tnIp5nDLQWya3S8nYkbv
Kona Ocean Adventures,konaoceanadventures,info@konaoceanadventures.com,+1 808 930 9861,United States/Hawaii/Kailua-Kona,-155.996226,19.641913,21451,Morning 2-Tank Scuba Dive,Boat Tour-Dolphin-Private-Scuba,11,82,312,https://fareharbor.com/embeds/calendar/konaoceanadventures/items/21451/?asn=fhdn&asn-ref=alloutdooradventures&ref=alloutdooradventures&bookable-only=yes&full-items=yes&marketplace=yes&flow=no,"<script src=""https://fareharbor.com/embeds/script/calendar/konaoceanadventures/items/21451/?asn=fhdn&asn-ref=alloutdooradventures&ref=alloutdooradventures&bookable-only=yes&full-items=yes&marketplace=yes&flow=no""></script>",https://fareharbor.com/embeds/book/konaoceanadventures/items/21451/?asn=fhdn&asn-ref=alloutdooradventures&ref=alloutdooradventures&bookable-only=yes&full-items=yes&marketplace=yes&flow=no,https://cdn.filestackcontent.com/Ifb5XS8ST72CAFcD5yVE
Aloha Scuba Diving Co.,divealohascuba,info@divealohascuba.com,808.622.3483,United States/Hawaii/Honolulu,,,90038,Discover Scuba Diving,Scuba,6,82,360,https://fareharbor.com/embeds/calendar/divealohascuba/items/90038/?asn=fhdn&asn-ref=alloutdooradventures&ref=alloutdooradventures&bookable-only=yes&full-items=yes&marketplace=yes&flow=no,"<script src=""https://fareharbor.com/embeds/script/calendar/divealohascuba/items/90038/?asn=fhdn&asn-ref=alloutdooradventures&ref=alloutdooradventures&bookable-only=yes&full-items=yes&marketplace=yes&flow=no""></script>",https://fareharbor.com/embeds/book/divealohascuba/items/90038/?asn=fhdn&asn-ref=alloutdooradventures&ref=alloutdooradventures&bookable-only=yes&full-items=yes&marketplace=yes&flow=no,https://cdn.filestackcontent.com/XpnhfbeS5G48DGfanQ0W
Captain Cook Cruises,captcookcruises,geoffhand1@gmail.com,808-378-7516,United States/Hawaii/Kailua-Kona,,,173385,Captain Cook Snorkeling Tour,Boat Tour-Catamaran-Dolphin-Eco Tour-Guided Tour-Service-Sightseeing Tour-Snorkel-Transportation-Water Activities-Whale Watch,6,82,116,https://fareharbor.com/embeds/calendar/captcookcruises/items/173385/?asn=fhdn&asn-ref=alloutdooradventures&ref=alloutdooradventures&bookable-only=yes&full-items=yes&marketplace=yes&flow=no,"<script src=""https://fareharbor.com/embeds/script/calendar/captcookcruises/items/173385/?asn=fhdn&asn-ref=alloutdooradventures&ref=alloutdooradventures&bookable-only=yes&full-items=yes&marketplace=yes&flow=no""></script>",https://fareharbor.com/embeds/book/captcookcruises/items/173385/?asn=fhdn&asn-ref=alloutdooradventures&ref=alloutdooradventures&bookable-only=yes&full-items=yes&marketplace=yes&flow=no,https://cdn.filestackcontent.com/PiPxaBtQEe55iuMGKVKa
Quicksilver Maui,quicksilvermaui,quicksilver.reservations@gmail.com,(808) 661-9937,United States/Hawaii/Wailuku,-156.5134143,20.7919193,372577,From Ma'alaea Harbor: AM Turtle Town Snorkel Aboard the Quicksilver,Boat Tour-Dolphin-Food Tour-Photography Tour-Snorkel-Transportation-Whale Watch,4,82,62,https://fareharbor.com/embeds/calendar/quicksilvermaui/items/372577/?asn=fhdn&asn-ref=alloutdooradventures&ref=alloutdooradventures&bookable-only=yes&full-items=yes&marketplace=yes&flow=no,"<script src=""https://fareharbor.com/embeds/script/calendar/quicksilvermaui/items/372577/?asn=fhdn&asn-ref=alloutdooradventures&ref=alloutdooradventures&bookable-only=yes&full-items=yes&marketplace=yes&flow=no""></script>",https://fareharbor.com/embeds/book/quicksilvermaui/items/372577/?asn=fhdn&asn-ref=alloutdooradventures&ref=alloutdooradventures&bookable-only=yes&full-items=yes&marketplace=yes&flow=no,https://cdn.filestackcontent.com/1yuRrIkORidISERjiBPn
Bike Hawaii,bikehawaii,tours@bikehawaii.com,808-734-4214,United States/Hawaii/Honolulu,,,547936,Hawaiian Waterfall Hike,Eco Tour-Guided Tour-Hiking-History Tour-Sightseeing Tour-Walking Tour-Wildlife,6,82,73,https://fareharbor.com/embeds/calendar/bikehawaii/items/547936/?asn=fhdn&asn-ref=alloutdooradventures&ref=alloutdooradventures&bookable-only=yes&full-items=yes&marketplace=yes&flow=no,"<script src=""https://fareharbor.com/embeds/script/calendar/bikehawaii/items/547936/?asn=fhdn&asn-ref=alloutdooradventures&ref=alloutdooradventures&bookable-only=yes&full-items=yes&marketplace=yes&flow=no""></script>",https://fareharbor.com/embeds/book/bikehawaii/items/547936/?asn=fhdn&asn-ref=alloutdooradventures&ref=alloutdooradventures&bookable-only=yes&full-items=yes&marketplace=yes&flow=no,https://cdn.filestackcontent.com/pOomzEKQiGOpTZhWQWJd
In2Scuba Diving Maui,in2scubadivingmaui,In2Scuba@gmail.com,808-264-8198,United States/Hawaii/Lahaina,-156.692224,20.936637,567947,Refresher Course & Reef Dive + Certified Divers - Kaanapali,Scuba,3,82,360,https://fareharbor.com/embeds/calendar/in2scubadivingmaui/items/567947/?asn=fhdn&asn-ref=alloutdooradventures&ref=alloutdooradventures&bookable-only=yes&full-items=yes&marketplace=yes&flow=no,"<script src=""https://fareharbor.com/embeds/script/calendar/in2scubadivingmaui/items/567947/?asn=fhdn&asn-ref=alloutdooradventures&ref=alloutdooradventures&bookable-only=yes&full-items=yes&marketplace=yes&flow=no""></script>",https://fareharbor.com/embeds/book/in2scubadivingmaui/items/567947/?asn=fhdn&asn-ref=alloutdooradventures&ref=alloutdooradventures&bookable-only=yes&full-items=yes&marketplace=yes&flow=no,https://cdn.filestackcontent.com/waZsyZSTLaEUkTnbepSY
Kona Ocean Adventures,konaoceanadventures,info@konaoceanadventures.com,+1 808 930 9861,United States/Hawaii/Kailua-Kona,-155.996226,19.641913,20603,Afternoon Reef & Manta Snorkel/2-Tank Scuba Adventure,Boat Tour-Dolphin-Private-Scuba-Snorkel,7,81,143,https://fareharbor.com/embeds/calendar/konaoceanadventures/items/20603/?asn=fhdn&asn-ref=alloutdooradventures&ref=alloutdooradventures&bookable-only=yes&full-items=yes&marketplace=yes&flow=no,"<script src=""https://fareharbor.com/embeds/script/calendar/konaoceanadventures/items/20603/?asn=fhdn&asn-ref=alloutdooradventures&ref=alloutdooradventures&bookable-only=yes&full-items=yes&marketplace=yes&flow=no""></script>",https://fareharbor.com/embeds/book/konaoceanadventures/items/20603/?asn=fhdn&asn-ref=alloutdooradventures&ref=alloutdooradventures&bookable-only=yes&full-items=yes&marketplace=yes&flow=no,https://www.filepicker.io/api/file/KvTyVMmSWafmIqJcIWhA
Kona Ocean Adventures,konaoceanadventures,info@konaoceanadventures.com,+1 808 930 9861,United States/Hawaii/Kailua-Kona,-155.996226,19.641913,20604,Majestic Manta Rays Snorkel/ 1-Tank Scuba Dive Adventure,Boat Tour-Scuba-Snorkel,7,81,188,https://fareharbor.com/embeds/calendar/konaoceanadventures/items/20604/?asn=fhdn&asn-ref=alloutdooradventures&ref=alloutdooradventures&bookable-only=yes&full-items=yes&marketplace=yes&flow=no,"<script src=""https://fareharbor.com/embeds/script/calendar/konaoceanadventures/items/20604/?asn=fhdn&asn-ref=alloutdooradventures&ref=alloutdooradventures&bookable-only=yes&full-items=yes&marketplace=yes&flow=no""></script>",https://fareharbor.com/embeds/book/konaoceanadventures/items/20604/?asn=fhdn&asn-ref=alloutdooradventures&ref=alloutdooradventures&bookable-only=yes&full-items=yes&marketplace=yes&flow=no,https://www.filepicker.io/api/file/89kd4XudRdmXPgiQC7eQ
Kona Ocean Adventures,konaoceanadventures,info@konaoceanadventures.com,+1 808 930 9861,United States/Hawaii/Kailua-Kona,-155.996226,19.641913,20636,Private Charter,Boat Tour-Dolphin-Scuba,16,81,866,https://fareharbor.com/embeds/calendar/konaoceanadventures/items/20636/?asn=fhdn&asn-ref=alloutdooradventures&ref=alloutdooradventures&bookable-only=yes&full-items=yes&marketplace=yes&flow=no,"<script src=""https://fareharbor.com/embeds/script/calendar/konaoceanadventures/items/20636/?asn=fhdn&asn-ref=alloutdooradventures&ref=alloutdooradventures&bookable-only=yes&full-items=yes&marketplace=yes&flow=no""></script>",https://fareharbor.com/embeds/book/konaoceanadventures/items/20636/?asn=fhdn&asn-ref=alloutdooradventures&ref=alloutdooradventures&bookable-only=yes&full-items=yes&marketplace=yes&flow=no,https://www.filepicker.io/api/file/qmsAjg5PRsGiZFb9OWrS
Kona Ocean Adventures,konaoceanadventures,info@konaoceanadventures.com,+1 808 930 9861,United States/Hawaii/Kailua-Kona,-155.996226,19.641913,20969,Discovery Scuba,Dolphin-Scuba,6,81,311,https://fareharbor.com/embeds/calendar/konaoceanadventures/items/20969/?asn=fhdn&asn-ref=alloutdooradventures&ref=alloutdooradventures&bookable-only=yes&full-items=yes&marketplace=yes&flow=no,"<script src=""https://fareharbor.com/embeds/script/calendar/konaoceanadventures/items/20969/?asn=fhdn&asn-ref=alloutdooradventures&ref=alloutdooradventures&bookable-only=yes&full-items=yes&marketplace=yes&flow=no""></script>",https://fareharbor.com/embeds/book/konaoceanadventures/items/20969/?asn=fhdn&asn-ref=alloutdooradventures&ref=alloutdooradventures&bookable-only=yes&full-items=yes&marketplace=yes&flow=no,https://cdn.filestackcontent.com/MEl1ovFrSYKkoPjxnFSH
Hawaii Nautical - Oahu,hawaiinautical,res@hawaiinautical.com,808-234-7245,United States/Hawaii/Waianae,-158.196938,21.449668,213718,Disney Exclusive Catamaran,Catamaran-Dolphin-Wellness-Snorkel,1,81,50,https://fareharbor.com/embeds/calendar/hawaiinautical/items/213718/?asn=fhdn&asn-ref=alloutdooradventures&ref=alloutdooradventures&bookable-only=yes&full-items=yes&marketplace=yes&flow=no,"<script src=""https://fareharbor.com/embeds/script/calendar/hawaiinautical/items/213718/?asn=fhdn&asn-ref=alloutdooradventures&ref=alloutdooradventures&bookable-only=yes&full-items=yes&marketplace=yes&flow=no""></script>",https://fareharbor.com/embeds/book/hawaiinautical/items/213718/?asn=fhdn&asn-ref=alloutdooradventures&ref=alloutdooradventures&bookable-only=yes&full-items=yes&marketplace=yes&flow=no,https://cdn.filestackcontent.com/KNKEJoWSqi3i43AUAqqQ
Bike Hawaii,bikehawaii,tours@bikehawaii.com,808-734-4214,United States/Hawaii/Honolulu,,,547934,Ko’olau Waterfall Hike,Eco Tour-Hiking-History Tour-Photography Tour-Sightseeing Tour-Walking Tour-Wildlife,6,81,82,https://fareharbor.com/embeds/calendar/bikehawaii/items/547934/?asn=fhdn&asn-ref=alloutdooradventures&ref=alloutdooradventures&bookable-only=yes&full-items=yes&marketplace=yes&flow=no,"<script src=""https://fareharbor.com/embeds/script/calendar/bikehawaii/items/547934/?asn=fhdn&asn-ref=alloutdooradventures&ref=alloutdooradventures&bookable-only=yes&full-items=yes&marketplace=yes&flow=no""></script>",https://fareharbor.com/embeds/book/bikehawaii/items/547934/?asn=fhdn&asn-ref=alloutdooradventures&ref=alloutdooradventures&bookable-only=yes&full-items=yes&marketplace=yes&flow=no,https://cdn.filestackcontent.com/ko2VBvHTSXZQZ7ASpTRQ
Bike Hawaii,bikehawaii,tours@bikehawaii.com,808-734-4214,United States/Hawaii/Honolulu,,,547939,Hawaii Volcanic Rainforest Hike,Eco Tour-Hiking-History Tour-Photography Tour-Sightseeing Tour-Walking Tour-Wildlife,5,81,48,https://fareharbor.com/embeds/calendar/bikehawaii/items/547939/?asn=fhdn&asn-ref=alloutdooradventures&ref=alloutdooradventures&bookable-only=yes&full-items=yes&marketplace=yes&flow=no,"<script src=""https://fareharbor.com/embeds/script/calendar/bikehawaii/items/547939/?asn=fhdn&asn-ref=alloutdooradventures&ref=alloutdooradventures&bookable-only=yes&full-items=yes&marketplace=yes&flow=no""></script>",https://fareharbor.com/embeds/book/bikehawaii/items/547939/?asn=fhdn&asn-ref=alloutdooradventures&ref=alloutdooradventures&bookable-only=yes&full-items=yes&marketplace=yes&flow=no,https://cdn.filestackcontent.com/LVnE4XMfTHKYIILh7VjM
Coral Crater Adventure Park,coralcrater,reservations@coralcrater.com,(808) 626-5773,United States/Hawaii/Kapolei,,,554958,Off-Road ATV & 3 Ziplines Adventure Package with Optional Waikiki Transportation,ATV/UTV-Boat Tour-Walking Tour-Zipline,6,81,178,https://fareharbor.com/embeds/calendar/coralcrater/items/554958/?asn=fhdn&asn-ref=alloutdooradventures&ref=alloutdooradventures&bookable-only=yes&full-items=yes&marketplace=yes&flow=no,"<script src=""https://fareharbor.com/embeds/script/calendar/coralcrater/items/554958/?asn=fhdn&asn-ref=alloutdooradventures&ref=alloutdooradventures&bookable-only=yes&full-items=yes&marketplace=yes&flow=no""></script>",https://fareharbor.com/embeds/book/coralcrater/items/554958/?asn=fhdn&asn-ref=alloutdooradventures&ref=alloutdooradventures&bookable-only=yes&full-items=yes&marketplace=yes&flow=no,https://cdn.filestackcontent.com/B7BuCP5XRrii49WD1l5r
Coral Crater Adventure Park,coralcrater,reservations@coralcrater.com,(808) 626-5773,United States/Hawaii/Kapolei,,,557552,Stand-up ATV & 3 Ziplines Adventure Package with Optional Waikiki Trans,ATV/UTV-SUP-Zipline,1,81,31,https://fareharbor.com/embeds/calendar/coralcrater/items/557552/?asn=fhdn&asn-ref=alloutdooradventures&ref=alloutdooradventures&bookable-only=yes&full-items=yes&marketplace=yes&flow=no,"<script src=""https://fareharbor.com/embeds/script/calendar/coralcrater/items/557552/?asn=fhdn&asn-ref=alloutdooradventures&ref=alloutdooradventures&bookable-only=yes&full-items=yes&marketplace=yes&flow=no""></script>",https://fareharbor.com/embeds/book/coralcrater/items/557552/?asn=fhdn&asn-ref=alloutdooradventures&ref=alloutdooradventures&bookable-only=yes&full-items=yes&marketplace=yes&flow=no,https://cdn.filestackcontent.com/jbWvTc8TweeRz6M3FFRg
Hawaiian Diving Adventures,hawaiiandivingadventures,info@hawaiiandiving.com,8082323193,United States/Hawaii/Honolulu,,,362,Deep and Shallow Dive,Dolphin,4,80,180,https://fareharbor.com/embeds/calendar/hawaiiandivingadventures/items/362/?asn=fhdn&asn-ref=alloutdooradventures&ref=alloutdooradventures&bookable-only=yes&full-items=yes&marketplace=yes&flow=no,"<script src=""https://fareharbor.com/embeds/script/calendar/hawaiiandivingadventures/items/362/?asn=fhdn&asn-ref=alloutdooradventures&ref=alloutdooradventures&bookable-only=yes&full-items=yes&marketplace=yes&flow=no""></script>",https://fareharbor.com/embeds/book/hawaiiandivingadventures/items/362/?asn=fhdn&asn-ref=alloutdooradventures&ref=alloutdooradventures&bookable-only=yes&full-items=yes&marketplace=yes&flow=no,https://www.filepicker.io/api/file/KoWoT0CsShea3d9UMt8e
Hang Loose Boat Tours LLC,hawaiitourboat,hanglooseboat@gmail.com,(808) 345-4262,United States/Hawaii/Kailua-Kona,-155.996226,19.641913,5084,Capt. Cook /Kealakekua Bay Marine Adventure,Boat Rental-Boat Tour-Dolphin-Food Tour-History Tour-Marina-Snorkel,5,80,180,https://fareharbor.com/embeds/calendar/hawaiitourboat/items/5084/?asn=fhdn&asn-ref=alloutdooradventures&ref=alloutdooradventures&bookable-only=yes&full-items=yes&marketplace=yes&flow=no,"<script src=""https://fareharbor.com/embeds/script/calendar/hawaiitourboat/items/5084/?asn=fhdn&asn-ref=alloutdooradventures&ref=alloutdooradventures&bookable-only=yes&full-items=yes&marketplace=yes&flow=no""></script>",https://fareharbor.com/embeds/book/hawaiitourboat/items/5084/?asn=fhdn&asn-ref=alloutdooradventures&ref=alloutdooradventures&bookable-only=yes&full-items=yes&marketplace=yes&flow=no,https://cdn.filestackcontent.com/W5f9CHx0SRXd17YHLtmP
Hawaii Forest & Trail,hawaiiforestandtrail,info@hawaii-forest.com,808-331-8505,United States/Hawaii/Kailua-Kona,,,17270,Hidden Craters Hike,Hiking,6,80,59,https://fareharbor.com/embeds/calendar/hawaiiforestandtrail/items/17270/?asn=fhdn&asn-ref=alloutdooradventures&ref=alloutdooradventures&bookable-only=yes&full-items=yes&marketplace=yes&flow=no,"<script src=""https://fareharbor.com/embeds/script/calendar/hawaiiforestandtrail/items/17270/?asn=fhdn&asn-ref=alloutdooradventures&ref=alloutdooradventures&bookable-only=yes&full-items=yes&marketplace=yes&flow=no""></script>",https://fareharbor.com/embeds/book/hawaiiforestandtrail/items/17270/?asn=fhdn&asn-ref=alloutdooradventures&ref=alloutdooradventures&bookable-only=yes&full-items=yes&marketplace=yes&flow=no,https://cdn.filestackcontent.com/pQdnB30T4al0aw1wHu11
Adventures in Paradise,advparadise,adventuresinparadisekayaks@gmail.com,808-447-0080,United States/Hawaii/Captain Cook,-155.925927,19.478244,25712,Deluxe Morning Kayak & Snorkel Kealakekua Bay,Dolphin-Guided Tour-History Tour-Kayak-Snorkel-Water Activities-Whale Watch,2,80,128,https://fareharbor.com/embeds/calendar/advparadise/items/25712/?asn=fhdn&asn-ref=alloutdooradventures&ref=alloutdooradventures&bookable-only=yes&full-items=yes&marketplace=yes&flow=no,"<script src=""https://fareharbor.com/embeds/script/calendar/advparadise/items/25712/?asn=fhdn&asn-ref=alloutdooradventures&ref=alloutdooradventures&bookable-only=yes&full-items=yes&marketplace=yes&flow=no""></script>",https://fareharbor.com/embeds/book/advparadise/items/25712/?asn=fhdn&asn-ref=alloutdooradventures&ref=alloutdooradventures&bookable-only=yes&full-items=yes&marketplace=yes&flow=no,https://cdn.filestackcontent.com/LCQAajSTeowZ0mG7839A
Aloha Scuba Diving Co.,divealohascuba,info@divealohascuba.com,808.622.3483,United States/Hawaii/Honolulu,,,90250,Rescue Diver Certification & Emergency First Responder,Scuba,6,80,180,https://fareharbor.com/embeds/calendar/divealohascuba/items/90250/?asn=fhdn&asn-ref=alloutdooradventures&ref=alloutdooradventures&bookable-only=yes&full-items=yes&marketplace=yes&flow=no,"<script src=""https://fareharbor.com/embeds/script/calendar/divealohascuba/items/90250/?asn=fhdn&asn-ref=alloutdooradventures&ref=alloutdooradventures&bookable-only=yes&full-items=yes&marketplace=yes&flow=no""></script>",https://fareharbor.com/embeds/book/divealohascuba/items/90250/?asn=fhdn&asn-ref=alloutdooradventures&ref=alloutdooradventures&bookable-only=yes&full-items=yes&marketplace=yes&flow=no,https://cdn.filestackcontent.com/x7C4aNgwQXqMG7VkbXc7
Maui Off Road Adventures West Side,mauioffroadadventureswestside,Info@mauioffroadadventures.com,(808) 495-0950,United States/Hawaii/Lahaina,,,99766,Lahaina Adventure,ATV/UTV,7,80,809,https://fareharbor.com/embeds/calendar/mauioffroadadventureswestside/items/99766/?asn=fhdn&asn-ref=alloutdooradventures&ref=alloutdooradventures&bookable-only=yes&full-items=yes&marketplace=yes&flow=no,"<script src=""https://fareharbor.com/embeds/script/calendar/mauioffroadadventureswestside/items/99766/?asn=fhdn&asn-ref=alloutdooradventures&ref=alloutdooradventures&bookable-only=yes&full-items=yes&marketplace=yes&flow=no""></script>",https://fareharbor.com/embeds/book/mauioffroadadventureswestside/items/99766/?asn=fhdn&asn-ref=alloutdooradventures&ref=alloutdooradventures&bookable-only=yes&full-items=yes&marketplace=yes&flow=no,https://cdn.filestackcontent.com/FggEgCObQH2bycEG4oHH
Palehua Trail Rides LLC,palehuatrailrides,PalehuaTrailRides@gmail.com,808-207-4989,United States/Hawaii/Kapolei,-158.112947,21.37603,418365,Mountain Vista - Sunset Group Horseback Ride,Horse,3,80,129,https://fareharbor.com/embeds/calendar/palehuatrailrides/items/418365/?asn=fhdn&asn-ref=alloutdooradventures&ref=alloutdooradventures&bookable-only=yes&full-items=yes&marketplace=yes&flow=no,"<script src=""https://fareharbor.com/embeds/script/calendar/palehuatrailrides/items/418365/?asn=fhdn&asn-ref=alloutdooradventures&ref=alloutdooradventures&bookable-only=yes&full-items=yes&marketplace=yes&flow=no""></script>",https://fareharbor.com/embeds/book/palehuatrailrides/items/418365/?asn=fhdn&asn-ref=alloutdooradventures&ref=alloutdooradventures&bookable-only=yes&full-items=yes&marketplace=yes&flow=no,https://cdn.filestackcontent.com/cfy5DrQ0RziDKj6FPSBP
Wild Side Specialty Tours,wildsidespecialtytours,reservations@sailhawaii.com,808.620.6940,United States/Hawaii/Waianae,,,474711,"Best of the West - Premier Dolphin, Turtle, Whale Safari with Guided Snorkeling",Boat Tour-Dolphin-Eco Tour-Free Diving-Guided Tour-Snorkel-Water Activities-Whale Watch-Wildlife,24,80,354,https://fareharbor.com/embeds/calendar/wildsidespecialtytours/items/474711/?asn=fhdn&asn-ref=alloutdooradventures&ref=alloutdooradventures&bookable-only=yes&full-items=yes&marketplace=yes&flow=no,"<script src=""https://fareharbor.com/embeds/script/calendar/wildsidespecialtytours/items/474711/?asn=fhdn&asn-ref=alloutdooradventures&ref=alloutdooradventures&bookable-only=yes&full-items=yes&marketplace=yes&flow=no""></script>",https://fareharbor.com/embeds/book/wildsidespecialtytours/items/474711/?asn=fhdn&asn-ref=alloutdooradventures&ref=alloutdooradventures&bookable-only=yes&full-items=yes&marketplace=yes&flow=no,https://cdn.filestackcontent.com/6twJW1n0S2GBofGKu5mS
Coral Crater Adventure Park,coralcrater,reservations@coralcrater.com,(808) 626-5773,United States/Hawaii/Kapolei,,,555075,Off-Road ATV Adventure with Waikiki Transportation,ATV/UTV,4,80,180,https://fareharbor.com/embeds/calendar/coralcrater/items/555075/?asn=fhdn&asn-ref=alloutdooradventures&ref=alloutdooradventures&bookable-only=yes&full-items=yes&marketplace=yes&flow=no,"<script src=""https://fareharbor.com/embeds/script/calendar/coralcrater/items/555075/?asn=fhdn&asn-ref=alloutdooradventures&ref=alloutdooradventures&bookable-only=yes&full-items=yes&marketplace=yes&flow=no""></script>",https://fareharbor.com/embeds/book/coralcrater/items/555075/?asn=fhdn&asn-ref=alloutdooradventures&ref=alloutdooradventures&bookable-only=yes&full-items=yes&marketplace=yes&flow=no,https://cdn.filestackcontent.com/1MVgp5USweofJuzekXvA
Bike Hawaii,bikehawaii,tours@bikehawaii.com,808-734-4214,United States/Hawaii/Honolulu,,,556053,Downhill Bike & Ko’olau Waterfall Hike,Bike Rental-Bike Tour-Eco Tour-Hiking-History Tour-Sightseeing Tour-Walking Tour-Wildlife,5,80,72,https://fareharbor.com/embeds/calendar/bikehawaii/items/556053/?asn=fhdn&asn-ref=alloutdooradventures&ref=alloutdooradventures&bookable-only=yes&full-items=yes&marketplace=yes&flow=no,"<script src=""https://fareharbor.com/embeds/script/calendar/bikehawaii/items/556053/?asn=fhdn&asn-ref=alloutdooradventures&ref=alloutdooradventures&bookable-only=yes&full-items=yes&marketplace=yes&flow=no""></script>",https://fareharbor.com/embeds/book/bikehawaii/items/556053/?asn=fhdn&asn-ref=alloutdooradventures&ref=alloutdooradventures&bookable-only=yes&full-items=yes&marketplace=yes&flow=no,https://cdn.filestackcontent.com/OOXQLsdT26HqOyGfBtgP
Bike Hawaii,bikehawaii,tours@bikehawaii.com,808-734-4214,United States/Hawaii/Honolulu,,,556071,Rainforest to Reef tour:  Full-Day,Bike Rental-Bike Tour-Boat Tour-Catamaran-Eco Tour-Guided Tour-Hiking-History Tour-Walking Tour-Water Activities-Wildlife,6,80,70,https://fareharbor.com/embeds/calendar/bikehawaii/items/556071/?asn=fhdn&asn-ref=alloutdooradventures&ref=alloutdooradventures&bookable-only=yes&full-items=yes&marketplace=yes&flow=no,"<script src=""https://fareharbor.com/embeds/script/calendar/bikehawaii/items/556071/?asn=fhdn&asn-ref=alloutdooradventures&ref=alloutdooradventures&bookable-only=yes&full-items=yes&marketplace=yes&flow=no""></script>",https://fareharbor.com/embeds/book/bikehawaii/items/556071/?asn=fhdn&asn-ref=alloutdooradventures&ref=alloutdooradventures&bookable-only=yes&full-items=yes&marketplace=yes&flow=no,https://cdn.filestackcontent.com/LC6xX9fRHSYDWY665hda
Dive Oahu,diveoahu,aloha@diveoahu.com,808-922-3483,United States/Hawaii/Waianae,-158.19659,21.45016,655224,Wai'anae - Two Shallows Reef Tour,Scuba-Snorkel,1,80,180,https://fareharbor.com/embeds/calendar/diveoahu/items/655224/?asn=fhdn&asn-ref=alloutdooradventures&ref=alloutdooradventures&bookable-only=yes&full-items=yes&marketplace=yes&flow=no,"<script src=""https://fareharbor.com/embeds/script/calendar/diveoahu/items/655224/?asn=fhdn&asn-ref=alloutdooradventures&ref=alloutdooradventures&bookable-only=yes&full-items=yes&marketplace=yes&flow=no""></script>",https://fareharbor.com/embeds/book/diveoahu/items/655224/?asn=fhdn&asn-ref=alloutdooradventures&ref=alloutdooradventures&bookable-only=yes&full-items=yes&marketplace=yes&flow=no,https://cdn.filestackcontent.com/JFHwe4SaSJmCRGGGLtwx
Hawaiian Diving Adventures,hawaiiandivingadventures,info@hawaiiandiving.com,8082323193,United States/Hawaii/Honolulu,,,364,Coral Reef Dives,Scuba,4,79,179,https://fareharbor.com/embeds/calendar/hawaiiandivingadventures/items/364/?asn=fhdn&asn-ref=alloutdooradventures&ref=alloutdooradventures&bookable-only=yes&full-items=yes&marketplace=yes&flow=no,"<script src=""https://fareharbor.com/embeds/script/calendar/hawaiiandivingadventures/items/364/?asn=fhdn&asn-ref=alloutdooradventures&ref=alloutdooradventures&bookable-only=yes&full-items=yes&marketplace=yes&flow=no""></script>",https://fareharbor.com/embeds/book/hawaiiandivingadventures/items/364/?asn=fhdn&asn-ref=alloutdooradventures&ref=alloutdooradventures&bookable-only=yes&full-items=yes&marketplace=yes&flow=no,https://cdn.filestackcontent.com/BYcggL0S0OYJNQVaLslg
Palehua Trail Rides LLC,palehuatrailrides,PalehuaTrailRides@gmail.com,808-207-4989,United States/Hawaii/Kapolei,-158.112947,21.37603,418354,Mountain Vista - Sunshine Group Horseback Ride,Horse,4,79,259,https://fareharbor.com/embeds/calendar/palehuatrailrides/items/418354/?asn=fhdn&asn-ref=alloutdooradventures&ref=alloutdooradventures&bookable-only=yes&full-items=yes&marketplace=yes&flow=no,"<script src=""https://fareharbor.com/embeds/script/calendar/palehuatrailrides/items/418354/?asn=fhdn&asn-ref=alloutdooradventures&ref=alloutdooradventures&bookable-only=yes&full-items=yes&marketplace=yes&flow=no""></script>",https://fareharbor.com/embeds/book/palehuatrailrides/items/418354/?asn=fhdn&asn-ref=alloutdooradventures&ref=alloutdooradventures&bookable-only=yes&full-items=yes&marketplace=yes&flow=no,https://cdn.filestackcontent.com/mKvVgYKQrqPDuRXj7tyf
Hawaii Nautical - Oahu,hawaiinautical,res@hawaiinautical.com,808-234-7245,United States/Hawaii/Waianae,-158.196938,21.449668,214607,West Oahu Afternoon Turtle Snorkel Sail,Dolphin-Snorkel-Transportation,1,78,99,https://fareharbor.com/embeds/calendar/hawaiinautical/items/214607/?asn=fhdn&asn-ref=alloutdooradventures&ref=alloutdooradventures&bookable-only=yes&full-items=yes&marketplace=yes&flow=no,"<script src=""https://fareharbor.com/embeds/script/calendar/hawaiinautical/items/214607/?asn=fhdn&asn-ref=alloutdooradventures&ref=alloutdooradventures&bookable-only=yes&full-items=yes&marketplace=yes&flow=no""></script>",https://fareharbor.com/embeds/book/hawaiinautical/items/214607/?asn=fhdn&asn-ref=alloutdooradventures&ref=alloutdooradventures&bookable-only=yes&full-items=yes&marketplace=yes&flow=no,https://cdn.filestackcontent.com/aDpW67i5Qy990xaArc5w
Try Scuba Diving - Honolulu,tryscuba-honolulu,honolulu@tryscubadiving.com,808-824-3254,United States/Hawaii/Honolulu,,,240875,Private Try Scuba Diving Tour,Guided Tour-Private-Scuba-Water Activities,4,78,715,https://fareharbor.com/embeds/calendar/tryscuba-honolulu/items/240875/?asn=fhdn&asn-ref=alloutdooradventures&ref=alloutdooradventures&bookable-only=yes&full-items=yes&marketplace=yes&flow=no,"<script src=""https://fareharbor.com/embeds/script/calendar/tryscuba-honolulu/items/240875/?asn=fhdn&asn-ref=alloutdooradventures&ref=alloutdooradventures&bookable-only=yes&full-items=yes&marketplace=yes&flow=no""></script>",https://fareharbor.com/embeds/book/tryscuba-honolulu/items/240875/?asn=fhdn&asn-ref=alloutdooradventures&ref=alloutdooradventures&bookable-only=yes&full-items=yes&marketplace=yes&flow=no,https://cdn.filestackcontent.com/FSNQtEOLRoyLa0aHFEND
Maui Diamond Sea Sports,mauidreamsdiveco,info@mauidiamond.com,808-879-9119,United States/Hawaii/Wailuku,-156.513051,20.791068,294459,Cathedrals at Lanai,Scuba,9,78,55,https://fareharbor.com/embeds/calendar/mauidreamsdiveco/items/294459/?asn=fhdn&asn-ref=alloutdooradventures&ref=alloutdooradventures&bookable-only=yes&full-items=yes&marketplace=yes&flow=no,"<script src=""https://fareharbor.com/embeds/script/calendar/mauidreamsdiveco/items/294459/?asn=fhdn&asn-ref=alloutdooradventures&ref=alloutdooradventures&bookable-only=yes&full-items=yes&marketplace=yes&flow=no""></script>",https://fareharbor.com/embeds/book/mauidreamsdiveco/items/294459/?asn=fhdn&asn-ref=alloutdooradventures&ref=alloutdooradventures&bookable-only=yes&full-items=yes&marketplace=yes&flow=no,https://cdn.filestackcontent.com/ARIisytLTfSZkZaMZPcp
Coral Crater Adventure Park,coralcrater,reservations@coralcrater.com,(808) 626-5773,United States/Hawaii/Kapolei,,,557554,Stand-Up ATV Adventure & Waikiki Transportation,ATV/UTV-SUP,1,78,31,https://fareharbor.com/embeds/calendar/coralcrater/items/557554/?asn=fhdn&asn-ref=alloutdooradventures&ref=alloutdooradventures&bookable-only=yes&full-items=yes&marketplace=yes&flow=no,"<script src=""https://fareharbor.com/embeds/script/calendar/coralcrater/items/557554/?asn=fhdn&asn-ref=alloutdooradventures&ref=alloutdooradventures&bookable-only=yes&full-items=yes&marketplace=yes&flow=no""></script>",https://fareharbor.com/embeds/book/coralcrater/items/557554/?asn=fhdn&asn-ref=alloutdooradventures&ref=alloutdooradventures&bookable-only=yes&full-items=yes&marketplace=yes&flow=no,https://cdn.filestackcontent.com/PfigOLiRZOWqOQrLIs9I
Emountain Bike Tour Maui llc,emountainbiketourmauillc,info@emountainbiketourmaui.com,808-666-4046,United States/Hawaii/Kihei,-156.430842,20.688469,647490,The Grand Tour,Bike Rental-Bike Tour,1,78,128,https://fareharbor.com/embeds/calendar/emountainbiketourmauillc/items/647490/?asn=fhdn&asn-ref=alloutdooradventures&ref=alloutdooradventures&bookable-only=yes&full-items=yes&marketplace=yes&flow=no,"<script src=""https://fareharbor.com/embeds/script/calendar/emountainbiketourmauillc/items/647490/?asn=fhdn&asn-ref=alloutdooradventures&ref=alloutdooradventures&bookable-only=yes&full-items=yes&marketplace=yes&flow=no""></script>",https://fareharbor.com/embeds/book/emountainbiketourmauillc/items/647490/?asn=fhdn&asn-ref=alloutdooradventures&ref=alloutdooradventures&bookable-only=yes&full-items=yes&marketplace=yes&flow=no,https://cdn.filestackcontent.com/vgNDBA7OQM2WUlVDNU5A
Ocean Joy Cruises,oceanjoy,reservations@oceanjoycruises.com,(808) 677-1277,United States/Hawaii/Kapolei,-158.120737,21.32667,192,Afternoon Dolphin Watch & Snorkel Cruise with Lunch and Drinks,Dolphin-History Tour-Snorkel-Transportation,4,77,177,https://fareharbor.com/embeds/calendar/oceanjoy/items/192/?asn=fhdn&asn-ref=alloutdooradventures&ref=alloutdooradventures&bookable-only=yes&full-items=yes&marketplace=yes&flow=no,"<script src=""https://fareharbor.com/embeds/script/calendar/oceanjoy/items/192/?asn=fhdn&asn-ref=alloutdooradventures&ref=alloutdooradventures&bookable-only=yes&full-items=yes&marketplace=yes&flow=no""></script>",https://fareharbor.com/embeds/book/oceanjoy/items/192/?asn=fhdn&asn-ref=alloutdooradventures&ref=alloutdooradventures&bookable-only=yes&full-items=yes&marketplace=yes&flow=no,https://www.filepicker.io/api/file/7UbuNCaTQ9COAaVobUKi
Seasport Divers,seasportdivers,info@seasportdivers.com,1-808-742-9303,United States/Hawaii/Koloa,-159.468259,21.884875,14963,Twilight / Night Shore Dive South Side Kauai,Scuba,3,77,173,https://fareharbor.com/embeds/calendar/seasportdivers/items/14963/?asn=fhdn&asn-ref=alloutdooradventures&ref=alloutdooradventures&bookable-only=yes&full-items=yes&marketplace=yes&flow=no,"<script src=""https://fareharbor.com/embeds/script/calendar/seasportdivers/items/14963/?asn=fhdn&asn-ref=alloutdooradventures&ref=alloutdooradventures&bookable-only=yes&full-items=yes&marketplace=yes&flow=no""></script>",https://fareharbor.com/embeds/book/seasportdivers/items/14963/?asn=fhdn&asn-ref=alloutdooradventures&ref=alloutdooradventures&bookable-only=yes&full-items=yes&marketplace=yes&flow=no,https://cdn.filestackcontent.com/Mx0xPt1TWSjmxI13JpvG
Kauai Zodiac Tourz,kauaiztours,snorkel@islandactivitygroup.com,808.742.7422,United States/Hawaii/Koloa,-159.467019,21.901811,34579,Kauai’s SOUTH SIDE Zodiac Boat Snorkel Adventure,Boat Tour-Dolphin-Eco Tour-Guided Tour-Snorkel-Water Activities,3,77,344,https://fareharbor.com/embeds/calendar/kauaiztours/items/34579/?asn=fhdn&asn-ref=alloutdooradventures&ref=alloutdooradventures&bookable-only=yes&full-items=yes&marketplace=yes&flow=no,"<script src=""https://fareharbor.com/embeds/script/calendar/kauaiztours/items/34579/?asn=fhdn&asn-ref=alloutdooradventures&ref=alloutdooradventures&bookable-only=yes&full-items=yes&marketplace=yes&flow=no""></script>",https://fareharbor.com/embeds/book/kauaiztours/items/34579/?asn=fhdn&asn-ref=alloutdooradventures&ref=alloutdooradventures&bookable-only=yes&full-items=yes&marketplace=yes&flow=no,https://cdn.filestackcontent.com/EMf9etsSRKufen791K6p
Maui Diamond Sea Sports,mauidreamsdiveco,info@mauidiamond.com,808-879-9119,United States/Hawaii/Wailuku,-156.513051,20.791068,95194,Molokini Backwall (and 2nd site),Scuba,6,76,9,https://fareharbor.com/embeds/calendar/mauidreamsdiveco/items/95194/?asn=fhdn&asn-ref=alloutdooradventures&ref=alloutdooradventures&bookable-only=yes&full-items=yes&marketplace=yes&flow=no,"<script src=""https://fareharbor.com/embeds/script/calendar/mauidreamsdiveco/items/95194/?asn=fhdn&asn-ref=alloutdooradventures&ref=alloutdooradventures&bookable-only=yes&full-items=yes&marketplace=yes&flow=no""></script>",https://fareharbor.com/embeds/book/mauidreamsdiveco/items/95194/?asn=fhdn&asn-ref=alloutdooradventures&ref=alloutdooradventures&bookable-only=yes&full-items=yes&marketplace=yes&flow=no,https://cdn.filestackcontent.com/A9sz6UbQRTWYcHKuWGxf
Bike Hawaii,bikehawaii,tours@bikehawaii.com,808-734-4214,United States/Hawaii/Honolulu,,,556977,Downhill Bike Adventure,Bike Rental-Bike Tour-Eco Tour-Guided Tour-History Tour-Sightseeing Tour-Wildlife,4,76,74,https://fareharbor.com/embeds/calendar/bikehawaii/items/556977/?asn=fhdn&asn-ref=alloutdooradventures&ref=alloutdooradventures&bookable-only=yes&full-items=yes&marketplace=yes&flow=no,"<script src=""https://fareharbor.com/embeds/script/calendar/bikehawaii/items/556977/?asn=fhdn&asn-ref=alloutdooradventures&ref=alloutdooradventures&bookable-only=yes&full-items=yes&marketplace=yes&flow=no""></script>",https://fareharbor.com/embeds/book/bikehawaii/items/556977/?asn=fhdn&asn-ref=alloutdooradventures&ref=alloutdooradventures&bookable-only=yes&full-items=yes&marketplace=yes&flow=no,https://cdn.filestackcontent.com/d5iM3tqRmW6kEjfs1s4Z
Kohala Divers,kohaladivers,godiving@kohaladivers.com,+1 8088827774,United States/Hawaii/Waimea,-155.830101,20.039071,747,Scuba Pool Lesson,Scuba-Water Activities,5,75,51,https://fareharbor.com/embeds/calendar/kohaladivers/items/747/?asn=fhdn&asn-ref=alloutdooradventures&ref=alloutdooradventures&bookable-only=yes&full-items=yes&marketplace=yes&flow=no,"<script src=""https://fareharbor.com/embeds/script/calendar/kohaladivers/items/747/?asn=fhdn&asn-ref=alloutdooradventures&ref=alloutdooradventures&bookable-only=yes&full-items=yes&marketplace=yes&flow=no""></script>",https://fareharbor.com/embeds/book/kohaladivers/items/747/?asn=fhdn&asn-ref=alloutdooradventures&ref=alloutdooradventures&bookable-only=yes&full-items=yes&marketplace=yes&flow=no,https://www.filepicker.io/api/file/9HWMce12S3CYCf7GVxOU
Kohala Divers,kohaladivers,godiving@kohaladivers.com,+1 8088827774,United States/Hawaii/Waimea,-155.830101,20.039071,775,PADI Certifications,Scuba-Water Activities,3,75,0,https://fareharbor.com/embeds/calendar/kohaladivers/items/775/?asn=fhdn&asn-ref=alloutdooradventures&ref=alloutdooradventures&bookable-only=yes&full-items=yes&marketplace=yes&flow=no,"<script src=""https://fareharbor.com/embeds/script/calendar/kohaladivers/items/775/?asn=fhdn&asn-ref=alloutdooradventures&ref=alloutdooradventures&bookable-only=yes&full-items=yes&marketplace=yes&flow=no""></script>",https://fareharbor.com/embeds/book/kohaladivers/items/775/?asn=fhdn&asn-ref=alloutdooradventures&ref=alloutdooradventures&bookable-only=yes&full-items=yes&marketplace=yes&flow=no,https://cdn.filestackcontent.com/s8mdGCFMQJua0yIeeCYB
Maui Bombers,mauibombers,mauibombers@gmail.com,8082500186,United States/Hawaii/Wailea-Makena,,,9115,Cycle to the Sea,Bike Tour,5,75,153,https://fareharbor.com/embeds/calendar/mauibombers/items/9115/?asn=fhdn&asn-ref=alloutdooradventures&ref=alloutdooradventures&bookable-only=yes&full-items=yes&marketplace=yes&flow=no,"<script src=""https://fareharbor.com/embeds/script/calendar/mauibombers/items/9115/?asn=fhdn&asn-ref=alloutdooradventures&ref=alloutdooradventures&bookable-only=yes&full-items=yes&marketplace=yes&flow=no""></script>",https://fareharbor.com/embeds/book/mauibombers/items/9115/?asn=fhdn&asn-ref=alloutdooradventures&ref=alloutdooradventures&bookable-only=yes&full-items=yes&marketplace=yes&flow=no,https://cdn.filestackcontent.com/2jLukk1IQ624nr8WZ14q
Dive Kauai,divekauai,dive@islandactivitygroup.com,808.742.7422,United States/Hawaii/Poipu,,,99026,Dive Packages,Boat Tour-Dolphin-Scooter,5,75,180,https://fareharbor.com/embeds/calendar/divekauai/items/99026/?asn=fhdn&asn-ref=alloutdooradventures&ref=alloutdooradventures&bookable-only=yes&full-items=yes&marketplace=yes&flow=no,"<script src=""https://fareharbor.com/embeds/script/calendar/divekauai/items/99026/?asn=fhdn&asn-ref=alloutdooradventures&ref=alloutdooradventures&bookable-only=yes&full-items=yes&marketplace=yes&flow=no""></script>",https://fareharbor.com/embeds/book/divekauai/items/99026/?asn=fhdn&asn-ref=alloutdooradventures&ref=alloutdooradventures&bookable-only=yes&full-items=yes&marketplace=yes&flow=no,https://cdn.filestackcontent.com/wWbmqI5QIa8Ka6j1Uqqb
Hilo Ocean Adventures,hilooceanadventures,reservations@hilooceanadventures.com,1.808.934.8344,United States/Hawaii/Hilo,,,161473,SCUBA Refresher Course,Scuba,1,75,312,https://fareharbor.com/embeds/calendar/hilooceanadventures/items/161473/?asn=fhdn&asn-ref=alloutdooradventures&ref=alloutdooradventures&bookable-only=yes&full-items=yes&marketplace=yes&flow=no,"<script src=""https://fareharbor.com/embeds/script/calendar/hilooceanadventures/items/161473/?asn=fhdn&asn-ref=alloutdooradventures&ref=alloutdooradventures&bookable-only=yes&full-items=yes&marketplace=yes&flow=no""></script>",https://fareharbor.com/embeds/book/hilooceanadventures/items/161473/?asn=fhdn&asn-ref=alloutdooradventures&ref=alloutdooradventures&bookable-only=yes&full-items=yes&marketplace=yes&flow=no,https://cdn.filestackcontent.com/ewxZkScESKq4XF5yuK1w
Hawaii Ocean Rafting,hawaiioceanrafting,reservations@hawaiioceanrafting.com,(808) 661-7238,United States/Hawaii/Lahaina,-156.685398,20.884315,377167,Eco-Raft: 2n1 Turtle Snorkel & Whale Watch Tour (Semi-Private),Boat Rental-Boat Tour-Dolphin-Eco Tour-Rafting-Snorkel-Water Activities-Whale Watch-Wildlife,31,75,33,https://fareharbor.com/embeds/calendar/hawaiioceanrafting/items/377167/?asn=fhdn&asn-ref=alloutdooradventures&ref=alloutdooradventures&bookable-only=yes&full-items=yes&marketplace=yes&flow=no,"<script src=""https://fareharbor.com/embeds/script/calendar/hawaiioceanrafting/items/377167/?asn=fhdn&asn-ref=alloutdooradventures&ref=alloutdooradventures&bookable-only=yes&full-items=yes&marketplace=yes&flow=no""></script>",https://fareharbor.com/embeds/book/hawaiioceanrafting/items/377167/?asn=fhdn&asn-ref=alloutdooradventures&ref=alloutdooradventures&bookable-only=yes&full-items=yes&marketplace=yes&flow=no,https://cdn.filestackcontent.com/ZzegowG6SLyyPgAMk89g
Fathom Five Divers,fathomfive,fathom5@fathomfive.com,808 742 6991,United States/Hawaii/Koloa,,,424768,1-Tank Discover SCUBA - Koloa Landing,Scuba-Water Activities,12,75,360,https://fareharbor.com/embeds/calendar/fathomfive/items/424768/?asn=fhdn&asn-ref=alloutdooradventures&ref=alloutdooradventures&bookable-only=yes&full-items=yes&marketplace=yes&flow=no,"<script src=""https://fareharbor.com/embeds/script/calendar/fathomfive/items/424768/?asn=fhdn&asn-ref=alloutdooradventures&ref=alloutdooradventures&bookable-only=yes&full-items=yes&marketplace=yes&flow=no""></script>",https://fareharbor.com/embeds/book/fathomfive/items/424768/?asn=fhdn&asn-ref=alloutdooradventures&ref=alloutdooradventures&bookable-only=yes&full-items=yes&marketplace=yes&flow=no,https://cdn.filestackcontent.com/zfP4E3EOTH6atVGw8ZY5
Fathom Five Divers,fathomfive,fathom5@fathomfive.com,808 742 6991,United States/Hawaii/Koloa,,,424792,2-Tank Discover SCUBA - Koloa Landing,Scuba-Water Activities,12,75,360,https://fareharbor.com/embeds/calendar/fathomfive/items/424792/?asn=fhdn&asn-ref=alloutdooradventures&ref=alloutdooradventures&bookable-only=yes&full-items=yes&marketplace=yes&flow=no,"<script src=""https://fareharbor.com/embeds/script/calendar/fathomfive/items/424792/?asn=fhdn&asn-ref=alloutdooradventures&ref=alloutdooradventures&bookable-only=yes&full-items=yes&marketplace=yes&flow=no""></script>",https://fareharbor.com/embeds/book/fathomfive/items/424792/?asn=fhdn&asn-ref=alloutdooradventures&ref=alloutdooradventures&bookable-only=yes&full-items=yes&marketplace=yes&flow=no,https://cdn.filestackcontent.com/vjfaYN0ZSFC86WSWLR0k
Fathom Five Divers,fathomfive,fathom5@fathomfive.com,808 742 6991,United States/Hawaii/Koloa,,,425905,PADI Advanced Open Water Course w/eLearning,Scuba-Water Activities,8,75,0,https://fareharbor.com/embeds/calendar/fathomfive/items/425905/?asn=fhdn&asn-ref=alloutdooradventures&ref=alloutdooradventures&bookable-only=yes&full-items=yes&marketplace=yes&flow=no,"<script src=""https://fareharbor.com/embeds/script/calendar/fathomfive/items/425905/?asn=fhdn&asn-ref=alloutdooradventures&ref=alloutdooradventures&bookable-only=yes&full-items=yes&marketplace=yes&flow=no""></script>",https://fareharbor.com/embeds/book/fathomfive/items/425905/?asn=fhdn&asn-ref=alloutdooradventures&ref=alloutdooradventures&bookable-only=yes&full-items=yes&marketplace=yes&flow=no,https://cdn.filestackcontent.com/LeAw86OfRISr0QlFxt2e
"Hawaii By Storm Tours, LLC",hawaiibystorm,info@hawaiibystorm.com,8084443770,United States/Hawaii/Kahului,,,433591,Waimoku Falls at Pipiwai Trail Hiking Adventure,Hiking,8,75,176,https://fareharbor.com/embeds/calendar/hawaiibystorm/items/433591/?asn=fhdn&asn-ref=alloutdooradventures&ref=alloutdooradventures&bookable-only=yes&full-items=yes&marketplace=yes&flow=no,"<script src=""https://fareharbor.com/embeds/script/calendar/hawaiibystorm/items/433591/?asn=fhdn&asn-ref=alloutdooradventures&ref=alloutdooradventures&bookable-only=yes&full-items=yes&marketplace=yes&flow=no""></script>",https://fareharbor.com/embeds/book/hawaiibystorm/items/433591/?asn=fhdn&asn-ref=alloutdooradventures&ref=alloutdooradventures&bookable-only=yes&full-items=yes&marketplace=yes&flow=no,https://cdn.filestackcontent.com/aRnRHzmQ2GFMf6h4WTGo
"Hawaii By Storm Tours, LLC",hawaiibystorm,info@hawaiibystorm.com,8084443770,United States/Hawaii/Kahului,,,433592,Pipiwai Trail & Haleakala Summit Deluxe Tour,Hiking,7,75,176,https://fareharbor.com/embeds/calendar/hawaiibystorm/items/433592/?asn=fhdn&asn-ref=alloutdooradventures&ref=alloutdooradventures&bookable-only=yes&full-items=yes&marketplace=yes&flow=no,"<script src=""https://fareharbor.com/embeds/script/calendar/hawaiibystorm/items/433592/?asn=fhdn&asn-ref=alloutdooradventures&ref=alloutdooradventures&bookable-only=yes&full-items=yes&marketplace=yes&flow=no""></script>",https://fareharbor.com/embeds/book/hawaiibystorm/items/433592/?asn=fhdn&asn-ref=alloutdooradventures&ref=alloutdooradventures&bookable-only=yes&full-items=yes&marketplace=yes&flow=no,https://cdn.filestackcontent.com/jUlOOdFHRVO5SlL0Gkcf
"Hawaii By Storm Tours, LLC",hawaiibystorm,info@hawaiibystorm.com,8084443770,United States/Hawaii/Kahului,,,433593,Haleakala Summit Day/Sunset Hiking Adventure,Hiking,6,75,176,https://fareharbor.com/embeds/calendar/hawaiibystorm/items/433593/?asn=fhdn&asn-ref=alloutdooradventures&ref=alloutdooradventures&bookable-only=yes&full-items=yes&marketplace=yes&flow=no,"<script src=""https://fareharbor.com/embeds/script/calendar/hawaiibystorm/items/433593/?asn=fhdn&asn-ref=alloutdooradventures&ref=alloutdooradventures&bookable-only=yes&full-items=yes&marketplace=yes&flow=no""></script>",https://fareharbor.com/embeds/book/hawaiibystorm/items/433593/?asn=fhdn&asn-ref=alloutdooradventures&ref=alloutdooradventures&bookable-only=yes&full-items=yes&marketplace=yes&flow=no,https://cdn.filestackcontent.com/voGD2mUMT2ORFgipt2q0
Maui Bombers,mauibombers,mauibombers@gmail.com,8082500186,United States/Hawaii/Wailea-Makena,,,439947,UPCOUNTRY FOOD CRUISE,Bike Tour,6,75,128,https://fareharbor.com/embeds/calendar/mauibombers/items/439947/?asn=fhdn&asn-ref=alloutdooradventures&ref=alloutdooradventures&bookable-only=yes&full-items=yes&marketplace=yes&flow=no,"<script src=""https://fareharbor.com/embeds/script/calendar/mauibombers/items/439947/?asn=fhdn&asn-ref=alloutdooradventures&ref=alloutdooradventures&bookable-only=yes&full-items=yes&marketplace=yes&flow=no""></script>",https://fareharbor.com/embeds/book/mauibombers/items/439947/?asn=fhdn&asn-ref=alloutdooradventures&ref=alloutdooradventures&bookable-only=yes&full-items=yes&marketplace=yes&flow=no,https://cdn.filestackcontent.com/ArM6idKrTUuOp1aLSQfR
Scuba Lounge Hawaii,scubaloungehawaii,info@scubaloungehawaii.com,310-617-4952,United States/Hawaii/Honolulu,,,466626,Beginner Scuba Diving Tour With Free Video Package,Scuba,6,75,720,https://fareharbor.com/embeds/calendar/scubaloungehawaii/items/466626/?asn=fhdn&asn-ref=alloutdooradventures&ref=alloutdooradventures&bookable-only=yes&full-items=yes&marketplace=yes&flow=no,"<script src=""https://fareharbor.com/embeds/script/calendar/scubaloungehawaii/items/466626/?asn=fhdn&asn-ref=alloutdooradventures&ref=alloutdooradventures&bookable-only=yes&full-items=yes&marketplace=yes&flow=no""></script>",https://fareharbor.com/embeds/book/scubaloungehawaii/items/466626/?asn=fhdn&asn-ref=alloutdooradventures&ref=alloutdooradventures&bookable-only=yes&full-items=yes&marketplace=yes&flow=no,https://cdn.filestackcontent.com/EnY2u37YTpLKaR5ounWe
Maui Snorkel Charters,mauisnorkelcharters,info@mauisnorkelcharters.com,808-270-8776,United States/Hawaii/Kihei,,,551675,Private Snorkel Charter,Boat Tour-Dolphin-Eco Tour-Private-Rafting-Snorkel-Whale Watch,6,75,180,https://fareharbor.com/embeds/calendar/mauisnorkelcharters/items/551675/?asn=fhdn&asn-ref=alloutdooradventures&ref=alloutdooradventures&bookable-only=yes&full-items=yes&marketplace=yes&flow=no,"<script src=""https://fareharbor.com/embeds/script/calendar/mauisnorkelcharters/items/551675/?asn=fhdn&asn-ref=alloutdooradventures&ref=alloutdooradventures&bookable-only=yes&full-items=yes&marketplace=yes&flow=no""></script>",https://fareharbor.com/embeds/book/mauisnorkelcharters/items/551675/?asn=fhdn&asn-ref=alloutdooradventures&ref=alloutdooradventures&bookable-only=yes&full-items=yes&marketplace=yes&flow=no,https://cdn.filestackcontent.com/s2BqdvD8RjidxBE6ZWbV
Ocean Joy Cruises,oceanjoy,reservations@oceanjoycruises.com,(808) 677-1277,United States/Hawaii/Kapolei,-158.120737,21.32667,186,Morning Dolphin Watch & Snorkel Cruise with Lunch and Drinks,Dolphin-History Tour-Marina-Snorkel-Transportation,3,74,171,https://fareharbor.com/embeds/calendar/oceanjoy/items/186/?asn=fhdn&asn-ref=alloutdooradventures&ref=alloutdooradventures&bookable-only=yes&full-items=yes&marketplace=yes&flow=no,"<script src=""https://fareharbor.com/embeds/script/calendar/oceanjoy/items/186/?asn=fhdn&asn-ref=alloutdooradventures&ref=alloutdooradventures&bookable-only=yes&full-items=yes&marketplace=yes&flow=no""></script>",https://fareharbor.com/embeds/book/oceanjoy/items/186/?asn=fhdn&asn-ref=alloutdooradventures&ref=alloutdooradventures&bookable-only=yes&full-items=yes&marketplace=yes&flow=no,https://cdn.filestackcontent.com/EsEOE6VoRD7nVGBFtn8o
Maui Eco Tours/South Pacific Kayak/Kelii's Kayaks,mauiecotours,kayak@southpacifickayaks.com,(808) 875-4848,United States/Hawaii/Kihei,-106.534838,38.794595,457,South Maui Turtle Reef Discovery,Boat Tour-Dolphin-Eco Tour-Kayak-Snorkel-Water Activities-Wildlife,5,74,304,https://fareharbor.com/embeds/calendar/mauiecotours/items/457/?asn=fhdn&asn-ref=alloutdooradventures&ref=alloutdooradventures&bookable-only=yes&full-items=yes&marketplace=yes&flow=no,"<script src=""https://fareharbor.com/embeds/script/calendar/mauiecotours/items/457/?asn=fhdn&asn-ref=alloutdooradventures&ref=alloutdooradventures&bookable-only=yes&full-items=yes&marketplace=yes&flow=no""></script>",https://fareharbor.com/embeds/book/mauiecotours/items/457/?asn=fhdn&asn-ref=alloutdooradventures&ref=alloutdooradventures&bookable-only=yes&full-items=yes&marketplace=yes&flow=no,https://www.filepicker.io/api/file/ZHYmX3JySZ6ERsPdsOK8
Dolphin Excursions,dolphinexcursions,lisa@dolphinexcursions.com,(877) 257-5579,United States/Hawaii/Waianae,-158.19602,21.451606,719,Afternoon Turtle Safari,Boat Tour-Dolphin-Snorkel,5,74,0,https://fareharbor.com/embeds/calendar/dolphinexcursions/items/719/?asn=fhdn&asn-ref=alloutdooradventures&ref=alloutdooradventures&bookable-only=yes&full-items=yes&marketplace=yes&flow=no,"<script src=""https://fareharbor.com/embeds/script/calendar/dolphinexcursions/items/719/?asn=fhdn&asn-ref=alloutdooradventures&ref=alloutdooradventures&bookable-only=yes&full-items=yes&marketplace=yes&flow=no""></script>",https://fareharbor.com/embeds/book/dolphinexcursions/items/719/?asn=fhdn&asn-ref=alloutdooradventures&ref=alloutdooradventures&bookable-only=yes&full-items=yes&marketplace=yes&flow=no,https://cdn.filestackcontent.com/dkXGKF1xRoOqCIE3DhjQ
Dolphin Divers,oahuscubadiving,oahudolphindivers@gmail.com,808 478 1104,United States/Hawaii/Waianae,-158.187078,21.442792,65104,3 Tank West Side Dive Charter,Boat Rental-Boat Tour-Dolphin-Free Diving-Marina-Rentals-Scuba-Service-Snorkel-Water Activities-Whale Watch,5,74,76,https://fareharbor.com/embeds/calendar/oahuscubadiving/items/65104/?asn=fhdn&asn-ref=alloutdooradventures&ref=alloutdooradventures&bookable-only=yes&full-items=yes&marketplace=yes&flow=no,"<script src=""https://fareharbor.com/embeds/script/calendar/oahuscubadiving/items/65104/?asn=fhdn&asn-ref=alloutdooradventures&ref=alloutdooradventures&bookable-only=yes&full-items=yes&marketplace=yes&flow=no""></script>",https://fareharbor.com/embeds/book/oahuscubadiving/items/65104/?asn=fhdn&asn-ref=alloutdooradventures&ref=alloutdooradventures&bookable-only=yes&full-items=yes&marketplace=yes&flow=no,https://cdn.filestackcontent.com/JwYOV5deQuaTNf9derOl
Aloha Scuba Diving Co.,divealohascuba,info@divealohascuba.com,808.622.3483,United States/Hawaii/Honolulu,,,163842,Reef Explorer – 2 Tank Dive Charter,Scuba,6,74,360,https://fareharbor.com/embeds/calendar/divealohascuba/items/163842/?asn=fhdn&asn-ref=alloutdooradventures&ref=alloutdooradventures&bookable-only=yes&full-items=yes&marketplace=yes&flow=no,"<script src=""https://fareharbor.com/embeds/script/calendar/divealohascuba/items/163842/?asn=fhdn&asn-ref=alloutdooradventures&ref=alloutdooradventures&bookable-only=yes&full-items=yes&marketplace=yes&flow=no""></script>",https://fareharbor.com/embeds/book/divealohascuba/items/163842/?asn=fhdn&asn-ref=alloutdooradventures&ref=alloutdooradventures&bookable-only=yes&full-items=yes&marketplace=yes&flow=no,https://cdn.filestackcontent.com/bi2KCgxNRGea6IxJHb2E
Dive Oahu,diveoahu,aloha@diveoahu.com,808-922-3483,United States/Hawaii/Honolulu,-157.855534,21.293701,212159,Turtle Canyon Adventure,Dolphin-Snorkel,3,74,540,https://fareharbor.com/embeds/calendar/diveoahu/items/212159/?asn=fhdn&asn-ref=alloutdooradventures&ref=alloutdooradventures&bookable-only=yes&full-items=yes&marketplace=yes&flow=no,"<script src=""https://fareharbor.com/embeds/script/calendar/diveoahu/items/212159/?asn=fhdn&asn-ref=alloutdooradventures&ref=alloutdooradventures&bookable-only=yes&full-items=yes&marketplace=yes&flow=no""></script>",https://fareharbor.com/embeds/book/diveoahu/items/212159/?asn=fhdn&asn-ref=alloutdooradventures&ref=alloutdooradventures&bookable-only=yes&full-items=yes&marketplace=yes&flow=no,https://cdn.filestackcontent.com/GMR56guKS5GdReWn0ghm
Aloha Scuba Diving Co.,divealohascuba,info@divealohascuba.com,808.622.3483,United States/Hawaii/Honolulu,,,222383,Open Water Certification,Scuba,3,74,180,https://fareharbor.com/embeds/calendar/divealohascuba/items/222383/?asn=fhdn&asn-ref=alloutdooradventures&ref=alloutdooradventures&bookable-only=yes&full-items=yes&marketplace=yes&flow=no,"<script src=""https://fareharbor.com/embeds/script/calendar/divealohascuba/items/222383/?asn=fhdn&asn-ref=alloutdooradventures&ref=alloutdooradventures&bookable-only=yes&full-items=yes&marketplace=yes&flow=no""></script>",https://fareharbor.com/embeds/book/divealohascuba/items/222383/?asn=fhdn&asn-ref=alloutdooradventures&ref=alloutdooradventures&bookable-only=yes&full-items=yes&marketplace=yes&flow=no,https://cdn.filestackcontent.com/RCR6QUFzQrKXFZjbPjkJ
Adventure X Boat Tours,adventurex,customerservice@adventurexboattours.com,(808) 937-7245,United States/Hawaii/Waimea,,,296155,Dolphin Viewing and Turtle Snorkel,Boat Tour-Dolphin-Snorkel,3,74,157,https://fareharbor.com/embeds/calendar/adventurex/items/296155/?asn=fhdn&asn-ref=alloutdooradventures&ref=alloutdooradventures&bookable-only=yes&full-items=yes&marketplace=yes&flow=no,"<script src=""https://fareharbor.com/embeds/script/calendar/adventurex/items/296155/?asn=fhdn&asn-ref=alloutdooradventures&ref=alloutdooradventures&bookable-only=yes&full-items=yes&marketplace=yes&flow=no""></script>",https://fareharbor.com/embeds/book/adventurex/items/296155/?asn=fhdn&asn-ref=alloutdooradventures&ref=alloutdooradventures&bookable-only=yes&full-items=yes&marketplace=yes&flow=no,https://cdn.filestackcontent.com/FWVlfYUTTh5WhcMluPYM
Ko Olina Ocean Adventures,koolinaoceanadventures,reservations@koolinaoceanadventures.com,(808) 396-2068,United States/Hawaii/Kapolei,,,323959,Catamaran Snorkel Sail - Sunrise,Boat Tour-Catamaran-Dolphin-Sailing-Snorkel-Transportation-Whale Watch,1,74,151,https://fareharbor.com/embeds/calendar/koolinaoceanadventures/items/323959/?asn=fhdn&asn-ref=alloutdooradventures&ref=alloutdooradventures&bookable-only=yes&full-items=yes&marketplace=yes&flow=no,"<script src=""https://fareharbor.com/embeds/script/calendar/koolinaoceanadventures/items/323959/?asn=fhdn&asn-ref=alloutdooradventures&ref=alloutdooradventures&bookable-only=yes&full-items=yes&marketplace=yes&flow=no""></script>",https://fareharbor.com/embeds/book/koolinaoceanadventures/items/323959/?asn=fhdn&asn-ref=alloutdooradventures&ref=alloutdooradventures&bookable-only=yes&full-items=yes&marketplace=yes&flow=no,https://cdn.filestackcontent.com/WmHt18RS1qG1sfUg6nDd
And You Creations,andyoucreations,info@andyoucreations.com,808-696-4414,United States/Hawaii/Honolulu,,,452343,Nature and You: Waimea,Hiking-Walking Tour,1,74,115,https://fareharbor.com/embeds/calendar/andyoucreations/items/452343/?asn=fhdn&asn-ref=alloutdooradventures&ref=alloutdooradventures&bookable-only=yes&full-items=yes&marketplace=yes&flow=no,"<script src=""https://fareharbor.com/embeds/script/calendar/andyoucreations/items/452343/?asn=fhdn&asn-ref=alloutdooradventures&ref=alloutdooradventures&bookable-only=yes&full-items=yes&marketplace=yes&flow=no""></script>",https://fareharbor.com/embeds/book/andyoucreations/items/452343/?asn=fhdn&asn-ref=alloutdooradventures&ref=alloutdooradventures&bookable-only=yes&full-items=yes&marketplace=yes&flow=no,https://cdn.filestackcontent.com/nvTb5HyRgal1Zh4oNtaA
Snorkel and Dive Hawaii,snorkelanddivehawaii,snorkelanddivehawaii@gmail.com,(808) 723-0413,United States/Hawaii/Haleiwa,,,575941,Private Refresher Dive Adventure,Scuba,1,74,430,https://fareharbor.com/embeds/calendar/snorkelanddivehawaii/items/575941/?asn=fhdn&asn-ref=alloutdooradventures&ref=alloutdooradventures&bookable-only=yes&full-items=yes&marketplace=yes&flow=no,"<script src=""https://fareharbor.com/embeds/script/calendar/snorkelanddivehawaii/items/575941/?asn=fhdn&asn-ref=alloutdooradventures&ref=alloutdooradventures&bookable-only=yes&full-items=yes&marketplace=yes&flow=no""></script>",https://fareharbor.com/embeds/book/snorkelanddivehawaii/items/575941/?asn=fhdn&asn-ref=alloutdooradventures&ref=alloutdooradventures&bookable-only=yes&full-items=yes&marketplace=yes&flow=no,https://cdn.filestackcontent.com/zIfZSyoGSvCiBLNKCT3b
Snorkel and Dive Hawaii,snorkelanddivehawaii,snorkelanddivehawaii@gmail.com,(808) 723-0413,United States/Hawaii/Haleiwa,,,575943,Certified Dive Adventure,Scuba,6,74,430,https://fareharbor.com/embeds/calendar/snorkelanddivehawaii/items/575943/?asn=fhdn&asn-ref=alloutdooradventures&ref=alloutdooradventures&bookable-only=yes&full-items=yes&marketplace=yes&flow=no,"<script src=""https://fareharbor.com/embeds/script/calendar/snorkelanddivehawaii/items/575943/?asn=fhdn&asn-ref=alloutdooradventures&ref=alloutdooradventures&bookable-only=yes&full-items=yes&marketplace=yes&flow=no""></script>",https://fareharbor.com/embeds/book/snorkelanddivehawaii/items/575943/?asn=fhdn&asn-ref=alloutdooradventures&ref=alloutdooradventures&bookable-only=yes&full-items=yes&marketplace=yes&flow=no,https://cdn.filestackcontent.com/ZElI5v2YQkayzu7MZFhi
Mahina Hawaii,mahinahawaii,mahinaretreats@gmail.com,(808) 681-2258,United States/Hawaii/Haleiwa,-158.036409,21.640636,9793,Hiking,Hiking,2,73,147,https://fareharbor.com/embeds/calendar/mahinahawaii/items/9793/?asn=fhdn&asn-ref=alloutdooradventures&ref=alloutdooradventures&bookable-only=yes&full-items=yes&marketplace=yes&flow=no,"<script src=""https://fareharbor.com/embeds/script/calendar/mahinahawaii/items/9793/?asn=fhdn&asn-ref=alloutdooradventures&ref=alloutdooradventures&bookable-only=yes&full-items=yes&marketplace=yes&flow=no""></script>",https://fareharbor.com/embeds/book/mahinahawaii/items/9793/?asn=fhdn&asn-ref=alloutdooradventures&ref=alloutdooradventures&bookable-only=yes&full-items=yes&marketplace=yes&flow=no,https://www.filepicker.io/api/file/IlQf6ph6Sl6PGUrV9hhq
In2Scuba Diving Maui,in2scubadivingmaui,In2Scuba@gmail.com,808-264-8198,United States/Hawaii/Lahaina,-156.685368,20.883064,13823,Night Dive,Scuba,2,73,0,https://fareharbor.com/embeds/calendar/in2scubadivingmaui/items/13823/?asn=fhdn&asn-ref=alloutdooradventures&ref=alloutdooradventures&bookable-only=yes&full-items=yes&marketplace=yes&flow=no,"<script src=""https://fareharbor.com/embeds/script/calendar/in2scubadivingmaui/items/13823/?asn=fhdn&asn-ref=alloutdooradventures&ref=alloutdooradventures&bookable-only=yes&full-items=yes&marketplace=yes&flow=no""></script>",https://fareharbor.com/embeds/book/in2scubadivingmaui/items/13823/?asn=fhdn&asn-ref=alloutdooradventures&ref=alloutdooradventures&bookable-only=yes&full-items=yes&marketplace=yes&flow=no,https://www.filepicker.io/api/file/R41Ia7RTT8qSmEZNBcjM
Waikiki Beach Services,waikikibeachservices,info@waikikibeachservices.com,(808) 388-1510,United States/Hawaii/Honolulu,,,68066,Beachboy Valet,Canoe-SUP-Surf-Water Activities,1,73,72,https://fareharbor.com/embeds/calendar/waikikibeachservices/items/68066/?asn=fhdn&asn-ref=alloutdooradventures&ref=alloutdooradventures&bookable-only=yes&full-items=yes&marketplace=yes&flow=no,"<script src=""https://fareharbor.com/embeds/script/calendar/waikikibeachservices/items/68066/?asn=fhdn&asn-ref=alloutdooradventures&ref=alloutdooradventures&bookable-only=yes&full-items=yes&marketplace=yes&flow=no""></script>",https://fareharbor.com/embeds/book/waikikibeachservices/items/68066/?asn=fhdn&asn-ref=alloutdooradventures&ref=alloutdooradventures&bookable-only=yes&full-items=yes&marketplace=yes&flow=no,https://cdn.filestackcontent.com/lHk7FEfRbiFUPpd8xX1Q
Aloha Scuba Diving Co.,divealohascuba,info@divealohascuba.com,808.622.3483,United States/Hawaii/Honolulu,,,90255,PADI Specialty Courses: Beyond the Basics,Scuba,1,73,411,https://fareharbor.com/embeds/calendar/divealohascuba/items/90255/?asn=fhdn&asn-ref=alloutdooradventures&ref=alloutdooradventures&bookable-only=yes&full-items=yes&marketplace=yes&flow=no,"<script src=""https://fareharbor.com/embeds/script/calendar/divealohascuba/items/90255/?asn=fhdn&asn-ref=alloutdooradventures&ref=alloutdooradventures&bookable-only=yes&full-items=yes&marketplace=yes&flow=no""></script>",https://fareharbor.com/embeds/book/divealohascuba/items/90255/?asn=fhdn&asn-ref=alloutdooradventures&ref=alloutdooradventures&bookable-only=yes&full-items=yes&marketplace=yes&flow=no,https://cdn.filestackcontent.com/Tp54XKK7RxmV5zCHL7uA
Maui Diamond Sea Sports,mauidreamsdiveco,info@mauidiamond.com,808-879-9119,United States/Hawaii/Wailuku,-156.513051,20.791068,95020,2 Tank Dusk and Night Dive,Scuba,9,73,1,https://fareharbor.com/embeds/calendar/mauidreamsdiveco/items/95020/?asn=fhdn&asn-ref=alloutdooradventures&ref=alloutdooradventures&bookable-only=yes&full-items=yes&marketplace=yes&flow=no,"<script src=""https://fareharbor.com/embeds/script/calendar/mauidreamsdiveco/items/95020/?asn=fhdn&asn-ref=alloutdooradventures&ref=alloutdooradventures&bookable-only=yes&full-items=yes&marketplace=yes&flow=no""></script>",https://fareharbor.com/embeds/book/mauidreamsdiveco/items/95020/?asn=fhdn&asn-ref=alloutdooradventures&ref=alloutdooradventures&bookable-only=yes&full-items=yes&marketplace=yes&flow=no,https://cdn.filestackcontent.com/OilnLApOSFSC1YLZGVv0
Da Life Outdoors | Kauai Beach Boys,kauaibeachboys,,,United States/Hawaii/Lihue,,,140355,Outrigger Canoe Ride,Canoe-Water Activities,5,73,1000,https://fareharbor.com/embeds/calendar/kauaibeachboys/items/140355/?asn=fhdn&asn-ref=alloutdooradventures&ref=alloutdooradventures&bookable-only=yes&full-items=yes&marketplace=yes&flow=no,"<script src=""https://fareharbor.com/embeds/script/calendar/kauaibeachboys/items/140355/?asn=fhdn&asn-ref=alloutdooradventures&ref=alloutdooradventures&bookable-only=yes&full-items=yes&marketplace=yes&flow=no""></script>",https://fareharbor.com/embeds/book/kauaibeachboys/items/140355/?asn=fhdn&asn-ref=alloutdooradventures&ref=alloutdooradventures&bookable-only=yes&full-items=yes&marketplace=yes&flow=no,https://cdn.filestackcontent.com/93iqKtesTNKFt8R6c5wg
Kona Honu Divers,konahonudivers,info@konahonudivers.com,8083244668,United States/Hawaii/Kailua-Kona,,,273080,Advanced Open Water Diver Course,Scuba,1,73,24,https://fareharbor.com/embeds/calendar/konahonudivers/items/273080/?asn=fhdn&asn-ref=alloutdooradventures&ref=alloutdooradventures&bookable-only=yes&full-items=yes&marketplace=yes&flow=no,"<script src=""https://fareharbor.com/embeds/script/calendar/konahonudivers/items/273080/?asn=fhdn&asn-ref=alloutdooradventures&ref=alloutdooradventures&bookable-only=yes&full-items=yes&marketplace=yes&flow=no""></script>",https://fareharbor.com/embeds/book/konahonudivers/items/273080/?asn=fhdn&asn-ref=alloutdooradventures&ref=alloutdooradventures&bookable-only=yes&full-items=yes&marketplace=yes&flow=no,https://cdn.filestackcontent.com/d7V8YynoSVmbRqBN3l6X
Ko Olina Ocean Adventures,koolinaoceanadventures,reservations@koolinaoceanadventures.com,(808) 396-2068,United States/Hawaii/Kapolei,,,324031,Catamaran Snorkel Sail - Midday,Boat Tour-Catamaran-Dolphin-Sailing-Snorkel-Transportation-Whale Watch,1,73,156,https://fareharbor.com/embeds/calendar/koolinaoceanadventures/items/324031/?asn=fhdn&asn-ref=alloutdooradventures&ref=alloutdooradventures&bookable-only=yes&full-items=yes&marketplace=yes&flow=no,"<script src=""https://fareharbor.com/embeds/script/calendar/koolinaoceanadventures/items/324031/?asn=fhdn&asn-ref=alloutdooradventures&ref=alloutdooradventures&bookable-only=yes&full-items=yes&marketplace=yes&flow=no""></script>",https://fareharbor.com/embeds/book/koolinaoceanadventures/items/324031/?asn=fhdn&asn-ref=alloutdooradventures&ref=alloutdooradventures&bookable-only=yes&full-items=yes&marketplace=yes&flow=no,https://cdn.filestackcontent.com/nhtVoLAjQV2zzWaiMcff
Aquatic Life Divers,aquaticlifedivers,info@aquaticlifedivers.com,808-345-4411,United States/Hawaii/Kailua-Kona,,,691266,Wahine Under the Waves (Coming Up: 2/21/2026),Scuba-Snorkel,6,72,1,https://fareharbor.com/embeds/calendar/aquaticlifedivers/items/691266/?asn=fhdn&asn-ref=alloutdooradventures&ref=alloutdooradventures&bookable-only=yes&full-items=yes&marketplace=yes&flow=no,"<script src=""https://fareharbor.com/embeds/script/calendar/aquaticlifedivers/items/691266/?asn=fhdn&asn-ref=alloutdooradventures&ref=alloutdooradventures&bookable-only=yes&full-items=yes&marketplace=yes&flow=no""></script>",https://fareharbor.com/embeds/book/aquaticlifedivers/items/691266/?asn=fhdn&asn-ref=alloutdooradventures&ref=alloutdooradventures&bookable-only=yes&full-items=yes&marketplace=yes&flow=no,https://cdn.filestackcontent.com/yyw5AdgDRfW2851Bn2LC
Aloha Scuba Diving Co.,divealohascuba,info@divealohascuba.com,808.622.3483,United States/Hawaii/Honolulu,,,90185,Night Dive,Scuba,4,71,51,https://fareharbor.com/embeds/calendar/divealohascuba/items/90185/?asn=fhdn&asn-ref=alloutdooradventures&ref=alloutdooradventures&bookable-only=yes&full-items=yes&marketplace=yes&flow=no,"<script src=""https://fareharbor.com/embeds/script/calendar/divealohascuba/items/90185/?asn=fhdn&asn-ref=alloutdooradventures&ref=alloutdooradventures&bookable-only=yes&full-items=yes&marketplace=yes&flow=no""></script>",https://fareharbor.com/embeds/book/divealohascuba/items/90185/?asn=fhdn&asn-ref=alloutdooradventures&ref=alloutdooradventures&bookable-only=yes&full-items=yes&marketplace=yes&flow=no,https://cdn.filestackcontent.com/ogzKB1dqTOKguu55CdJA
Iruka Hawaii,irukajapan,info@hawaiidolphin.com,(808) 636-8440,United States/Hawaii/Honolulu,,,107736,Waikiki Fireworks Cruise,Catamaran-Dolphin,5,71,27,https://fareharbor.com/embeds/calendar/irukajapan/items/107736/?asn=fhdn&asn-ref=alloutdooradventures&ref=alloutdooradventures&bookable-only=yes&full-items=yes&marketplace=yes&flow=no,"<script src=""https://fareharbor.com/embeds/script/calendar/irukajapan/items/107736/?asn=fhdn&asn-ref=alloutdooradventures&ref=alloutdooradventures&bookable-only=yes&full-items=yes&marketplace=yes&flow=no""></script>",https://fareharbor.com/embeds/book/irukajapan/items/107736/?asn=fhdn&asn-ref=alloutdooradventures&ref=alloutdooradventures&bookable-only=yes&full-items=yes&marketplace=yes&flow=no,https://cdn.filestackcontent.com/VlHxcSHdRMWCCtECZhuF
Alii Kayaks,aliikayaks,reservations@aliikayaks.com,808-639-2544,United States/Hawaii/Kapaʻa,-159.33625,22.046954,109242,Secret Falls Kayak & Hike Tour,Hiking-Kayak,2,71,492,https://fareharbor.com/embeds/calendar/aliikayaks/items/109242/?asn=fhdn&asn-ref=alloutdooradventures&ref=alloutdooradventures&bookable-only=yes&full-items=yes&marketplace=yes&flow=no,"<script src=""https://fareharbor.com/embeds/script/calendar/aliikayaks/items/109242/?asn=fhdn&asn-ref=alloutdooradventures&ref=alloutdooradventures&bookable-only=yes&full-items=yes&marketplace=yes&flow=no""></script>",https://fareharbor.com/embeds/book/aliikayaks/items/109242/?asn=fhdn&asn-ref=alloutdooradventures&ref=alloutdooradventures&bookable-only=yes&full-items=yes&marketplace=yes&flow=no,https://cdn.filestackcontent.com/T6EaisFITROwFVzbjErO
Dive Oahu,diveoahu,aloha@diveoahu.com,808-922-3483,United States/Hawaii/Honolulu,-157.855534,21.293701,212164,Introductory Diving,Scuba-Snorkel,2,71,360,https://fareharbor.com/embeds/calendar/diveoahu/items/212164/?asn=fhdn&asn-ref=alloutdooradventures&ref=alloutdooradventures&bookable-only=yes&full-items=yes&marketplace=yes&flow=no,"<script src=""https://fareharbor.com/embeds/script/calendar/diveoahu/items/212164/?asn=fhdn&asn-ref=alloutdooradventures&ref=alloutdooradventures&bookable-only=yes&full-items=yes&marketplace=yes&flow=no""></script>",https://fareharbor.com/embeds/book/diveoahu/items/212164/?asn=fhdn&asn-ref=alloutdooradventures&ref=alloutdooradventures&bookable-only=yes&full-items=yes&marketplace=yes&flow=no,https://cdn.filestackcontent.com/iUxblRORRCcx9ssdrk2A
Hilo Ocean Adventures,hilooceanadventures,reservations@hilooceanadventures.com,1.808.934.8344,United States/Hawaii/Hilo,,,388968,Try Scuba!,Rentals-Scuba-Snorkel,3,71,144,https://fareharbor.com/embeds/calendar/hilooceanadventures/items/388968/?asn=fhdn&asn-ref=alloutdooradventures&ref=alloutdooradventures&bookable-only=yes&full-items=yes&marketplace=yes&flow=no,"<script src=""https://fareharbor.com/embeds/script/calendar/hilooceanadventures/items/388968/?asn=fhdn&asn-ref=alloutdooradventures&ref=alloutdooradventures&bookable-only=yes&full-items=yes&marketplace=yes&flow=no""></script>",https://fareharbor.com/embeds/book/hilooceanadventures/items/388968/?asn=fhdn&asn-ref=alloutdooradventures&ref=alloutdooradventures&bookable-only=yes&full-items=yes&marketplace=yes&flow=no,https://cdn.filestackcontent.com/g3qrs4PoRihKDN8aYkJg
Scuba Lounge Hawaii,scubaloungehawaii,info@scubaloungehawaii.com,310-617-4952,United States/Hawaii/Honolulu,,,466624,Private Beginner Scuba Diving Tour With Free Videos,Scuba,4,71,720,https://fareharbor.com/embeds/calendar/scubaloungehawaii/items/466624/?asn=fhdn&asn-ref=alloutdooradventures&ref=alloutdooradventures&bookable-only=yes&full-items=yes&marketplace=yes&flow=no,"<script src=""https://fareharbor.com/embeds/script/calendar/scubaloungehawaii/items/466624/?asn=fhdn&asn-ref=alloutdooradventures&ref=alloutdooradventures&bookable-only=yes&full-items=yes&marketplace=yes&flow=no""></script>",https://fareharbor.com/embeds/book/scubaloungehawaii/items/466624/?asn=fhdn&asn-ref=alloutdooradventures&ref=alloutdooradventures&bookable-only=yes&full-items=yes&marketplace=yes&flow=no,https://cdn.filestackcontent.com/D6anFWosSGKDJk9Fs34j
KapohoKine Adventures,kapohokine,tours@KapohoKine.com,+1 808 964-1000,United States/Hawaii/Hilo,,,850,Evening Volcano Explorer - Kona Pick-Up,Farm-Hiking-Photography Tour,5,70,129,https://fareharbor.com/embeds/calendar/kapohokine/items/850/?asn=fhdn&asn-ref=alloutdooradventures&ref=alloutdooradventures&bookable-only=yes&full-items=yes&marketplace=yes&flow=no,"<script src=""https://fareharbor.com/embeds/script/calendar/kapohokine/items/850/?asn=fhdn&asn-ref=alloutdooradventures&ref=alloutdooradventures&bookable-only=yes&full-items=yes&marketplace=yes&flow=no""></script>",https://fareharbor.com/embeds/book/kapohokine/items/850/?asn=fhdn&asn-ref=alloutdooradventures&ref=alloutdooradventures&bookable-only=yes&full-items=yes&marketplace=yes&flow=no,https://cdn.filestackcontent.com/nuTdXJGjTmyq53mP1V7s
Kona Ocean Adventures,konaoceanadventures,info@konaoceanadventures.com,+1 808 930 9861,United States/Hawaii/Kailua-Kona,-155.996226,19.641913,20602,1-Tank Pelagic Black Water Night Dive,Boat Tour-Scuba,11,70,0,https://fareharbor.com/embeds/calendar/konaoceanadventures/items/20602/?asn=fhdn&asn-ref=alloutdooradventures&ref=alloutdooradventures&bookable-only=yes&full-items=yes&marketplace=yes&flow=no,"<script src=""https://fareharbor.com/embeds/script/calendar/konaoceanadventures/items/20602/?asn=fhdn&asn-ref=alloutdooradventures&ref=alloutdooradventures&bookable-only=yes&full-items=yes&marketplace=yes&flow=no""></script>",https://fareharbor.com/embeds/book/konaoceanadventures/items/20602/?asn=fhdn&asn-ref=alloutdooradventures&ref=alloutdooradventures&bookable-only=yes&full-items=yes&marketplace=yes&flow=no,https://cdn.filestackcontent.com/XsUsMZZTbHsRHShjmWkQ
Maui Diamond Sea Sports,mauidreamsdiveco,info@mauidiamond.com,808-879-9119,United States/Hawaii/Wailuku,-156.513051,20.791068,95180,Helldiver and Triple Anchors,Scuba,6,70,2,https://fareharbor.com/embeds/calendar/mauidreamsdiveco/items/95180/?asn=fhdn&asn-ref=alloutdooradventures&ref=alloutdooradventures&bookable-only=yes&full-items=yes&marketplace=yes&flow=no,"<script src=""https://fareharbor.com/embeds/script/calendar/mauidreamsdiveco/items/95180/?asn=fhdn&asn-ref=alloutdooradventures&ref=alloutdooradventures&bookable-only=yes&full-items=yes&marketplace=yes&flow=no""></script>",https://fareharbor.com/embeds/book/mauidreamsdiveco/items/95180/?asn=fhdn&asn-ref=alloutdooradventures&ref=alloutdooradventures&bookable-only=yes&full-items=yes&marketplace=yes&flow=no,https://cdn.filestackcontent.com/qs8AZYRNa2Vm7YhTuQtg
"Prince Kuhio Tours, LLC",hawaiioceanadventures,info@princekuhiotours.com,(808) 379-3988,United States/Hawaii/Honolulu,-157.857264,21.294372,265184,Whale Watching Cruise,Dolphin-Whale Watch,5,70,0,https://fareharbor.com/embeds/calendar/hawaiioceanadventures/items/265184/?asn=fhdn&asn-ref=alloutdooradventures&ref=alloutdooradventures&bookable-only=yes&full-items=yes&marketplace=yes&flow=no,"<script src=""https://fareharbor.com/embeds/script/calendar/hawaiioceanadventures/items/265184/?asn=fhdn&asn-ref=alloutdooradventures&ref=alloutdooradventures&bookable-only=yes&full-items=yes&marketplace=yes&flow=no""></script>",https://fareharbor.com/embeds/book/hawaiioceanadventures/items/265184/?asn=fhdn&asn-ref=alloutdooradventures&ref=alloutdooradventures&bookable-only=yes&full-items=yes&marketplace=yes&flow=no,https://cdn.filestackcontent.com/68cz2b2aRK2sfmUTsupM
DanielsHawaii,hawaiireisetipps,Bookings@DanielsHawaii.com,+1(808) 400-4481,United States/Hawaii/Honolulu,,,362052,Diamond Head Crater & Hawaiian Waterfall Tour,Attraction-Food Tour-Hiking-History Tour-Private-Transportation-Whale Watch,7,70,128,https://fareharbor.com/embeds/calendar/hawaiireisetipps/items/362052/?asn=fhdn&asn-ref=alloutdooradventures&ref=alloutdooradventures&bookable-only=yes&full-items=yes&marketplace=yes&flow=no,"<script src=""https://fareharbor.com/embeds/script/calendar/hawaiireisetipps/items/362052/?asn=fhdn&asn-ref=alloutdooradventures&ref=alloutdooradventures&bookable-only=yes&full-items=yes&marketplace=yes&flow=no""></script>",https://fareharbor.com/embeds/book/hawaiireisetipps/items/362052/?asn=fhdn&asn-ref=alloutdooradventures&ref=alloutdooradventures&bookable-only=yes&full-items=yes&marketplace=yes&flow=no,https://cdn.filestackcontent.com/phnVZuJVTqSJaGsGwmpp
Fathom Five Divers,fathomfive,fathom5@fathomfive.com,808 742 6991,United States/Hawaii/Koloa,,,425911,PADI Enriched Air Diver Course with eLearning,Scuba-Water Activities,6,70,180,https://fareharbor.com/embeds/calendar/fathomfive/items/425911/?asn=fhdn&asn-ref=alloutdooradventures&ref=alloutdooradventures&bookable-only=yes&full-items=yes&marketplace=yes&flow=no,"<script src=""https://fareharbor.com/embeds/script/calendar/fathomfive/items/425911/?asn=fhdn&asn-ref=alloutdooradventures&ref=alloutdooradventures&bookable-only=yes&full-items=yes&marketplace=yes&flow=no""></script>",https://fareharbor.com/embeds/book/fathomfive/items/425911/?asn=fhdn&asn-ref=alloutdooradventures&ref=alloutdooradventures&bookable-only=yes&full-items=yes&marketplace=yes&flow=no,https://cdn.filestackcontent.com/CVUDpqt7SbuLm3403PPx
Snorkel and Dive Hawaii,snorkelanddivehawaii,snorkelanddivehawaii@gmail.com,(808) 723-0413,United States/Hawaii/Haleiwa,,,575939,1st Time Dive Adventure,Scuba,4,70,374,https://fareharbor.com/embeds/calendar/snorkelanddivehawaii/items/575939/?asn=fhdn&asn-ref=alloutdooradventures&ref=alloutdooradventures&bookable-only=yes&full-items=yes&marketplace=yes&flow=no,"<script src=""https://fareharbor.com/embeds/script/calendar/snorkelanddivehawaii/items/575939/?asn=fhdn&asn-ref=alloutdooradventures&ref=alloutdooradventures&bookable-only=yes&full-items=yes&marketplace=yes&flow=no""></script>",https://fareharbor.com/embeds/book/snorkelanddivehawaii/items/575939/?asn=fhdn&asn-ref=alloutdooradventures&ref=alloutdooradventures&bookable-only=yes&full-items=yes&marketplace=yes&flow=no,https://cdn.filestackcontent.com/dtvq9whjRtqszndNL0uM
Wild Side Specialty Tours,wildsidespecialtytours,reservations@sailhawaii.com,808.620.6940,United States/Hawaii/Waianae,,,623886,Whale Tail and Sunset Sail,Boat Tour-Dolphin-Eco Tour-Guided Tour-Whale Watch-Wildlife,4,70,243,https://fareharbor.com/embeds/calendar/wildsidespecialtytours/items/623886/?asn=fhdn&asn-ref=alloutdooradventures&ref=alloutdooradventures&bookable-only=yes&full-items=yes&marketplace=yes&flow=no,"<script src=""https://fareharbor.com/embeds/script/calendar/wildsidespecialtytours/items/623886/?asn=fhdn&asn-ref=alloutdooradventures&ref=alloutdooradventures&bookable-only=yes&full-items=yes&marketplace=yes&flow=no""></script>",https://fareharbor.com/embeds/book/wildsidespecialtytours/items/623886/?asn=fhdn&asn-ref=alloutdooradventures&ref=alloutdooradventures&bookable-only=yes&full-items=yes&marketplace=yes&flow=no,https://cdn.filestackcontent.com/3CDGTsNgQaesUasb8UAG
Surf HNL,surfhnl,Info@SurfHNL.com,808-371-8917,United States/Hawaii/Kapolei,,,477,SUP Pokai Bay,Dolphin-SUP-Transportation,4,69,0,https://fareharbor.com/embeds/calendar/surfhnl/items/477/?asn=fhdn&asn-ref=alloutdooradventures&ref=alloutdooradventures&bookable-only=yes&full-items=yes&marketplace=yes&flow=no,"<script src=""https://fareharbor.com/embeds/script/calendar/surfhnl/items/477/?asn=fhdn&asn-ref=alloutdooradventures&ref=alloutdooradventures&bookable-only=yes&full-items=yes&marketplace=yes&flow=no""></script>",https://fareharbor.com/embeds/book/surfhnl/items/477/?asn=fhdn&asn-ref=alloutdooradventures&ref=alloutdooradventures&bookable-only=yes&full-items=yes&marketplace=yes&flow=no,https://cdn.filestackcontent.com/OCLGTHRlQ6yjvv8u1k1o
Paddle On! Maui,paddleonmaui,peg@paddleonmaui.com,888-663-0808,United States/Hawaii/Kihei,,,2891,Kayak Snorkel Ocean Safari!,Eco Tour-Guided Tour-Kayak-Photography Tour-Private-Snorkel-Water Activities-Wildlife,4,69,0,https://fareharbor.com/embeds/calendar/paddleonmaui/items/2891/?asn=fhdn&asn-ref=alloutdooradventures&ref=alloutdooradventures&bookable-only=yes&full-items=yes&marketplace=yes&flow=no,"<script src=""https://fareharbor.com/embeds/script/calendar/paddleonmaui/items/2891/?asn=fhdn&asn-ref=alloutdooradventures&ref=alloutdooradventures&bookable-only=yes&full-items=yes&marketplace=yes&flow=no""></script>",https://fareharbor.com/embeds/book/paddleonmaui/items/2891/?asn=fhdn&asn-ref=alloutdooradventures&ref=alloutdooradventures&bookable-only=yes&full-items=yes&marketplace=yes&flow=no,https://cdn.filestackcontent.com/dx1BEVWUQ1e8c8sQmg2S
Holo Holo Maui Tours,holoholomauitours,holoholomaui@gmail.com,(808) 298-5562,United States/Hawaii/Kahului,,,129032,West Maui Adventure (ʻIao Valley Option),Hiking,1,69,1782,https://fareharbor.com/embeds/calendar/holoholomauitours/items/129032/?asn=fhdn&asn-ref=alloutdooradventures&ref=alloutdooradventures&bookable-only=yes&full-items=yes&marketplace=yes&flow=no,"<script src=""https://fareharbor.com/embeds/script/calendar/holoholomauitours/items/129032/?asn=fhdn&asn-ref=alloutdooradventures&ref=alloutdooradventures&bookable-only=yes&full-items=yes&marketplace=yes&flow=no""></script>",https://fareharbor.com/embeds/book/holoholomauitours/items/129032/?asn=fhdn&asn-ref=alloutdooradventures&ref=alloutdooradventures&bookable-only=yes&full-items=yes&marketplace=yes&flow=no,https://cdn.filestackcontent.com/fCpx8xOSXW3sHybs2cPc
Dive Kauai,divekauai,dive@islandactivitygroup.com,808.742.7422,United States/Hawaii/Poipu,-159.468277,21.878942,490321,Discover Scuba Dive - 2 TANK DIVE OCEAN EXPERIENCE,Eco Tour-Guided Tour-Scuba-Water Activities,1,69,335,https://fareharbor.com/embeds/calendar/divekauai/items/490321/?asn=fhdn&asn-ref=alloutdooradventures&ref=alloutdooradventures&bookable-only=yes&full-items=yes&marketplace=yes&flow=no,"<script src=""https://fareharbor.com/embeds/script/calendar/divekauai/items/490321/?asn=fhdn&asn-ref=alloutdooradventures&ref=alloutdooradventures&bookable-only=yes&full-items=yes&marketplace=yes&flow=no""></script>",https://fareharbor.com/embeds/book/divekauai/items/490321/?asn=fhdn&asn-ref=alloutdooradventures&ref=alloutdooradventures&bookable-only=yes&full-items=yes&marketplace=yes&flow=no,https://cdn.filestackcontent.com/6p2EhWcQTa62hewyOl4T
Maui Kayaks,mauikayaks,paul@mauikayaks.com,+1 808-874-4000,United States/Hawaii/Kihei,-156.454187,20.739941,26674,Makena/Wailea Explorer Eco-Adventure,Dolphin-Kayak-Snorkel,1,68,180,https://fareharbor.com/embeds/calendar/mauikayaks/items/26674/?asn=fhdn&asn-ref=alloutdooradventures&ref=alloutdooradventures&bookable-only=yes&full-items=yes&marketplace=yes&flow=no,"<script src=""https://fareharbor.com/embeds/script/calendar/mauikayaks/items/26674/?asn=fhdn&asn-ref=alloutdooradventures&ref=alloutdooradventures&bookable-only=yes&full-items=yes&marketplace=yes&flow=no""></script>",https://fareharbor.com/embeds/book/mauikayaks/items/26674/?asn=fhdn&asn-ref=alloutdooradventures&ref=alloutdooradventures&bookable-only=yes&full-items=yes&marketplace=yes&flow=no,https://www.filepicker.io/api/file/5Q7O7iALQvqn3dx7Wwwu
AWAPUHI ADVENTURES,awapuhiadventures,susan@awapuhiadventures.com,808-280-8779,United States/Hawaii/Kahului,-156.472872,20.889302,51782,Halfway to Hana,Hiking,1,68,180,https://fareharbor.com/embeds/calendar/awapuhiadventures/items/51782/?asn=fhdn&asn-ref=alloutdooradventures&ref=alloutdooradventures&bookable-only=yes&full-items=yes&marketplace=yes&flow=no,"<script src=""https://fareharbor.com/embeds/script/calendar/awapuhiadventures/items/51782/?asn=fhdn&asn-ref=alloutdooradventures&ref=alloutdooradventures&bookable-only=yes&full-items=yes&marketplace=yes&flow=no""></script>",https://fareharbor.com/embeds/book/awapuhiadventures/items/51782/?asn=fhdn&asn-ref=alloutdooradventures&ref=alloutdooradventures&bookable-only=yes&full-items=yes&marketplace=yes&flow=no,https://cdn.filestackcontent.com/2XI4Nn4lQBmFJqOdlNEo
Dolphin Divers,oahuscubadiving,oahudolphindivers@gmail.com,808 478 1104,United States/Hawaii/Waianae,-158.196641,21.450213,65112,"Two Tank Lava Tube, Reef and Intro to Scuba Dives",Boat Rental-Boat Tour-Dolphin-Eco Tour-Environmental Attraction-Free Diving-Guided Tour-Marina-Rentals-Scuba-Service-Snorkel-Water Activities-Whale Watch-Wildlife,1,68,356,https://fareharbor.com/embeds/calendar/oahuscubadiving/items/65112/?asn=fhdn&asn-ref=alloutdooradventures&ref=alloutdooradventures&bookable-only=yes&full-items=yes&marketplace=yes&flow=no,"<script src=""https://fareharbor.com/embeds/script/calendar/oahuscubadiving/items/65112/?asn=fhdn&asn-ref=alloutdooradventures&ref=alloutdooradventures&bookable-only=yes&full-items=yes&marketplace=yes&flow=no""></script>",https://fareharbor.com/embeds/book/oahuscubadiving/items/65112/?asn=fhdn&asn-ref=alloutdooradventures&ref=alloutdooradventures&bookable-only=yes&full-items=yes&marketplace=yes&flow=no,https://cdn.filestackcontent.com/ABrb8UB4R4y12Kta5oiD
Kona Honu Divers,konahonudivers,info@konahonudivers.com,8083244668,United States/Hawaii/Kailua-Kona,,,95027,Premium 1 Tank Night Reef Dive,Scuba,2,68,2,https://fareharbor.com/embeds/calendar/konahonudivers/items/95027/?asn=fhdn&asn-ref=alloutdooradventures&ref=alloutdooradventures&bookable-only=yes&full-items=yes&marketplace=yes&flow=no,"<script src=""https://fareharbor.com/embeds/script/calendar/konahonudivers/items/95027/?asn=fhdn&asn-ref=alloutdooradventures&ref=alloutdooradventures&bookable-only=yes&full-items=yes&marketplace=yes&flow=no""></script>",https://fareharbor.com/embeds/book/konahonudivers/items/95027/?asn=fhdn&asn-ref=alloutdooradventures&ref=alloutdooradventures&bookable-only=yes&full-items=yes&marketplace=yes&flow=no,https://cdn.filestackcontent.com/AlbYDUaRJWNqsigCU59c
Holo Holo Maui Tours,holoholomauitours,holoholomaui@gmail.com,(808) 298-5562,United States/Hawaii/Kahului,,,129035,All the Way Around!,Hiking,1,68,185,https://fareharbor.com/embeds/calendar/holoholomauitours/items/129035/?asn=fhdn&asn-ref=alloutdooradventures&ref=alloutdooradventures&bookable-only=yes&full-items=yes&marketplace=yes&flow=no,"<script src=""https://fareharbor.com/embeds/script/calendar/holoholomauitours/items/129035/?asn=fhdn&asn-ref=alloutdooradventures&ref=alloutdooradventures&bookable-only=yes&full-items=yes&marketplace=yes&flow=no""></script>",https://fareharbor.com/embeds/book/holoholomauitours/items/129035/?asn=fhdn&asn-ref=alloutdooradventures&ref=alloutdooradventures&bookable-only=yes&full-items=yes&marketplace=yes&flow=no,https://cdn.filestackcontent.com/X0P3D7rSy2ervoPOS8vF
Kauai Hiking Adventures,kauaihikingtours,,,United States/Hawaii,-159.526124,22.09644,153166,Full-Day Kauaʻi Adventure,Hiking-Sightseeing Tour,1,68,1620,https://fareharbor.com/embeds/calendar/kauaihikingtours/items/153166/?asn=fhdn&asn-ref=alloutdooradventures&ref=alloutdooradventures&bookable-only=yes&full-items=yes&marketplace=yes&flow=no,"<script src=""https://fareharbor.com/embeds/script/calendar/kauaihikingtours/items/153166/?asn=fhdn&asn-ref=alloutdooradventures&ref=alloutdooradventures&bookable-only=yes&full-items=yes&marketplace=yes&flow=no""></script>",https://fareharbor.com/embeds/book/kauaihikingtours/items/153166/?asn=fhdn&asn-ref=alloutdooradventures&ref=alloutdooradventures&bookable-only=yes&full-items=yes&marketplace=yes&flow=no,https://cdn.filestackcontent.com/N9xvGD1NQ36ptJt5AGJQ
Kauai Hiking Adventures,kauaihikingtours,,,United States/Hawaii,-159.526124,22.09644,153167,Over the Top Kaua'i Adventure,Hiking,1,68,1260,https://fareharbor.com/embeds/calendar/kauaihikingtours/items/153167/?asn=fhdn&asn-ref=alloutdooradventures&ref=alloutdooradventures&bookable-only=yes&full-items=yes&marketplace=yes&flow=no,"<script src=""https://fareharbor.com/embeds/script/calendar/kauaihikingtours/items/153167/?asn=fhdn&asn-ref=alloutdooradventures&ref=alloutdooradventures&bookable-only=yes&full-items=yes&marketplace=yes&flow=no""></script>",https://fareharbor.com/embeds/book/kauaihikingtours/items/153167/?asn=fhdn&asn-ref=alloutdooradventures&ref=alloutdooradventures&bookable-only=yes&full-items=yes&marketplace=yes&flow=no,https://cdn.filestackcontent.com/AhkPcFPQThW6Q8ygBZj1
Ocean Encounters,oceanencounters,konafishing@bitemesportfishing.com,(808) 494-9150,United States/Hawaii/Kailua-Kona,,,194745,Ultimate Ocean Encounter-OE1,Dolphin-Snorkel,1,68,358,https://fareharbor.com/embeds/calendar/oceanencounters/items/194745/?asn=fhdn&asn-ref=alloutdooradventures&ref=alloutdooradventures&bookable-only=yes&full-items=yes&marketplace=yes&flow=no,"<script src=""https://fareharbor.com/embeds/script/calendar/oceanencounters/items/194745/?asn=fhdn&asn-ref=alloutdooradventures&ref=alloutdooradventures&bookable-only=yes&full-items=yes&marketplace=yes&flow=no""></script>",https://fareharbor.com/embeds/book/oceanencounters/items/194745/?asn=fhdn&asn-ref=alloutdooradventures&ref=alloutdooradventures&bookable-only=yes&full-items=yes&marketplace=yes&flow=no,https://cdn.filestackcontent.com/UmUVU76SfyYOnrLjflyg
"Prince Kuhio Tours, LLC",hawaiioceanadventures,info@princekuhiotours.com,(808) 379-3988,United States/Hawaii/Honolulu,-157.857264,21.294372,265170,Whale Watching & Late Breakfast Cruise,Dolphin-Whale Watch,10,68,0,https://fareharbor.com/embeds/calendar/hawaiioceanadventures/items/265170/?asn=fhdn&asn-ref=alloutdooradventures&ref=alloutdooradventures&bookable-only=yes&full-items=yes&marketplace=yes&flow=no,"<script src=""https://fareharbor.com/embeds/script/calendar/hawaiioceanadventures/items/265170/?asn=fhdn&asn-ref=alloutdooradventures&ref=alloutdooradventures&bookable-only=yes&full-items=yes&marketplace=yes&flow=no""></script>",https://fareharbor.com/embeds/book/hawaiioceanadventures/items/265170/?asn=fhdn&asn-ref=alloutdooradventures&ref=alloutdooradventures&bookable-only=yes&full-items=yes&marketplace=yes&flow=no,https://cdn.filestackcontent.com/fMUksABT4idS2tXYxN3A
Ocean Encounters,oceanencounters,konafishing@bitemesportfishing.com,(808) 494-9150,United States/Hawaii/Kailua-Kona,,,305479,Ultimate Ocean Encounter-OE3,Dolphin-Snorkel,1,68,0,https://fareharbor.com/embeds/calendar/oceanencounters/items/305479/?asn=fhdn&asn-ref=alloutdooradventures&ref=alloutdooradventures&bookable-only=yes&full-items=yes&marketplace=yes&flow=no,"<script src=""https://fareharbor.com/embeds/script/calendar/oceanencounters/items/305479/?asn=fhdn&asn-ref=alloutdooradventures&ref=alloutdooradventures&bookable-only=yes&full-items=yes&marketplace=yes&flow=no""></script>",https://fareharbor.com/embeds/book/oceanencounters/items/305479/?asn=fhdn&asn-ref=alloutdooradventures&ref=alloutdooradventures&bookable-only=yes&full-items=yes&marketplace=yes&flow=no,https://cdn.filestackcontent.com/CXr1Amn1RVCz07lIjCZl
KapohoKine Adventures,kapohokine,tours@KapohoKine.com,+1 808 964-1000,United States/Hawaii/Hilo,,,1098,Evening Volcano Explorer - Waikoloa/Kohala Pick-Up,Farm-Hiking-Photography Tour,4,67,129,https://fareharbor.com/embeds/calendar/kapohokine/items/1098/?asn=fhdn&asn-ref=alloutdooradventures&ref=alloutdooradventures&bookable-only=yes&full-items=yes&marketplace=yes&flow=no,"<script src=""https://fareharbor.com/embeds/script/calendar/kapohokine/items/1098/?asn=fhdn&asn-ref=alloutdooradventures&ref=alloutdooradventures&bookable-only=yes&full-items=yes&marketplace=yes&flow=no""></script>",https://fareharbor.com/embeds/book/kapohokine/items/1098/?asn=fhdn&asn-ref=alloutdooradventures&ref=alloutdooradventures&bookable-only=yes&full-items=yes&marketplace=yes&flow=no,https://cdn.filestackcontent.com/1firRx1vT0a9rT9Kn6w1
Dolphin Divers,oahuscubadiving,oahudolphindivers@gmail.com,808 478 1104,United States/Hawaii/Waianae,,,65099,Two Tank Wreck and Lava Tube Dive,Boat Rental-Boat Tour-Dolphin-Free Diving-Marina-Rentals-Scuba-Service-Snorkel-Water Activities-Whale Watch,4,67,356,https://fareharbor.com/embeds/calendar/oahuscubadiving/items/65099/?asn=fhdn&asn-ref=alloutdooradventures&ref=alloutdooradventures&bookable-only=yes&full-items=yes&marketplace=yes&flow=no,"<script src=""https://fareharbor.com/embeds/script/calendar/oahuscubadiving/items/65099/?asn=fhdn&asn-ref=alloutdooradventures&ref=alloutdooradventures&bookable-only=yes&full-items=yes&marketplace=yes&flow=no""></script>",https://fareharbor.com/embeds/book/oahuscubadiving/items/65099/?asn=fhdn&asn-ref=alloutdooradventures&ref=alloutdooradventures&bookable-only=yes&full-items=yes&marketplace=yes&flow=no,https://cdn.filestackcontent.com/6OjGkZI0RHuYgwCf4ijj
Kona Shore Divers,konashoredivers,konashoredivers@outlook.com,(808) 238-1818,United States/Hawaii/Kailua-Kona,,,176102,The Combo,Scuba,4,67,358,https://fareharbor.com/embeds/calendar/konashoredivers/items/176102/?asn=fhdn&asn-ref=alloutdooradventures&ref=alloutdooradventures&bookable-only=yes&full-items=yes&marketplace=yes&flow=no,"<script src=""https://fareharbor.com/embeds/script/calendar/konashoredivers/items/176102/?asn=fhdn&asn-ref=alloutdooradventures&ref=alloutdooradventures&bookable-only=yes&full-items=yes&marketplace=yes&flow=no""></script>",https://fareharbor.com/embeds/book/konashoredivers/items/176102/?asn=fhdn&asn-ref=alloutdooradventures&ref=alloutdooradventures&bookable-only=yes&full-items=yes&marketplace=yes&flow=no,https://cdn.filestackcontent.com/vj4FO2z4TLaFSLfwwV0A
Kona Ocean Adventures,konaoceanadventures,info@konaoceanadventures.com,+1 808 930 9861,United States/Hawaii/Kailua-Kona,-155.996226,19.641913,238638,Scuba Instruction: Padi E-learning Code,Scuba,2,66,176,https://fareharbor.com/embeds/calendar/konaoceanadventures/items/238638/?asn=fhdn&asn-ref=alloutdooradventures&ref=alloutdooradventures&bookable-only=yes&full-items=yes&marketplace=yes&flow=no,"<script src=""https://fareharbor.com/embeds/script/calendar/konaoceanadventures/items/238638/?asn=fhdn&asn-ref=alloutdooradventures&ref=alloutdooradventures&bookable-only=yes&full-items=yes&marketplace=yes&flow=no""></script>",https://fareharbor.com/embeds/book/konaoceanadventures/items/238638/?asn=fhdn&asn-ref=alloutdooradventures&ref=alloutdooradventures&bookable-only=yes&full-items=yes&marketplace=yes&flow=no,https://cdn.filestackcontent.com/y3Kuh69fTauDLn8NwfcD
KapohoKine Adventures,kapohokine,tours@KapohoKine.com,+1 808 964-1000,United States/Hawaii/Hilo,,,977,Evening Volcano Explorer- Hilo,Fishing-Hiking,3,65,204,https://fareharbor.com/embeds/calendar/kapohokine/items/977/?asn=fhdn&asn-ref=alloutdooradventures&ref=alloutdooradventures&bookable-only=yes&full-items=yes&marketplace=yes&flow=no,"<script src=""https://fareharbor.com/embeds/script/calendar/kapohokine/items/977/?asn=fhdn&asn-ref=alloutdooradventures&ref=alloutdooradventures&bookable-only=yes&full-items=yes&marketplace=yes&flow=no""></script>",https://fareharbor.com/embeds/book/kapohokine/items/977/?asn=fhdn&asn-ref=alloutdooradventures&ref=alloutdooradventures&bookable-only=yes&full-items=yes&marketplace=yes&flow=no,https://cdn.filestackcontent.com/if0hZTrnTqOecnToy9YO
Seasport Divers,seasportdivers,info@seasportdivers.com,1-808-742-9303,United States/Hawaii/Koloa,,,11359,Afternoon 2 Tank Boat Dive,Scuba,0,65,179,https://fareharbor.com/embeds/calendar/seasportdivers/items/11359/?asn=fhdn&asn-ref=alloutdooradventures&ref=alloutdooradventures&bookable-only=yes&full-items=yes&marketplace=yes&flow=no,"<script src=""https://fareharbor.com/embeds/script/calendar/seasportdivers/items/11359/?asn=fhdn&asn-ref=alloutdooradventures&ref=alloutdooradventures&bookable-only=yes&full-items=yes&marketplace=yes&flow=no""></script>",https://fareharbor.com/embeds/book/seasportdivers/items/11359/?asn=fhdn&asn-ref=alloutdooradventures&ref=alloutdooradventures&bookable-only=yes&full-items=yes&marketplace=yes&flow=no,https://www.filepicker.io/api/file/6bKHglbnRj222uZx5zao
Seasport Divers,seasportdivers,info@seasportdivers.com,1-808-742-9303,United States/Hawaii/Koloa,,,11361,Shore Diving South Side Kauai,Scuba,0,65,360,https://fareharbor.com/embeds/calendar/seasportdivers/items/11361/?asn=fhdn&asn-ref=alloutdooradventures&ref=alloutdooradventures&bookable-only=yes&full-items=yes&marketplace=yes&flow=no,"<script src=""https://fareharbor.com/embeds/script/calendar/seasportdivers/items/11361/?asn=fhdn&asn-ref=alloutdooradventures&ref=alloutdooradventures&bookable-only=yes&full-items=yes&marketplace=yes&flow=no""></script>",https://fareharbor.com/embeds/book/seasportdivers/items/11361/?asn=fhdn&asn-ref=alloutdooradventures&ref=alloutdooradventures&bookable-only=yes&full-items=yes&marketplace=yes&flow=no,https://www.filepicker.io/api/file/Un8HbMOUQPeVxBzBm19B
Dive Kauai,divekauai,dive@islandactivitygroup.com,808.742.7422,United States/Hawaii/Koloa,,,37795,PADI Advanced Open Water Course,Scooter-Scuba,0,65,168,https://fareharbor.com/embeds/calendar/divekauai/items/37795/?asn=fhdn&asn-ref=alloutdooradventures&ref=alloutdooradventures&bookable-only=yes&full-items=yes&marketplace=yes&flow=no,"<script src=""https://fareharbor.com/embeds/script/calendar/divekauai/items/37795/?asn=fhdn&asn-ref=alloutdooradventures&ref=alloutdooradventures&bookable-only=yes&full-items=yes&marketplace=yes&flow=no""></script>",https://fareharbor.com/embeds/book/divekauai/items/37795/?asn=fhdn&asn-ref=alloutdooradventures&ref=alloutdooradventures&bookable-only=yes&full-items=yes&marketplace=yes&flow=no,https://cdn.filestackcontent.com/OS9JxUGcTmyJBfKubu8g
Take a Hike Oahu,hawaiianshuttles,hawaiianshuttles@gmail.com,(808) 699-9829,United States/Hawaii/Honolulu,,,62860,private custom tour,Food Tour-Hiking-History Tour-Photography Tour-Snorkel,15,65,154,https://fareharbor.com/embeds/calendar/hawaiianshuttles/items/62860/?asn=fhdn&asn-ref=alloutdooradventures&ref=alloutdooradventures&bookable-only=yes&full-items=yes&marketplace=yes&flow=no,"<script src=""https://fareharbor.com/embeds/script/calendar/hawaiianshuttles/items/62860/?asn=fhdn&asn-ref=alloutdooradventures&ref=alloutdooradventures&bookable-only=yes&full-items=yes&marketplace=yes&flow=no""></script>",https://fareharbor.com/embeds/book/hawaiianshuttles/items/62860/?asn=fhdn&asn-ref=alloutdooradventures&ref=alloutdooradventures&bookable-only=yes&full-items=yes&marketplace=yes&flow=no,https://cdn.filestackcontent.com/EUOLgWBS1Ww1WS1igfOw
Maui Downhill,mauimountaincruisers,cruiserjonmmc@gmail.com,8089897919,United States/Hawaii/Kahului,,,70246,Bike Maui Downhill Tour,Bike Tour,14,65,180,https://fareharbor.com/embeds/calendar/mauimountaincruisers/items/70246/?asn=fhdn&asn-ref=alloutdooradventures&ref=alloutdooradventures&bookable-only=yes&full-items=yes&marketplace=yes&flow=no,"<script src=""https://fareharbor.com/embeds/script/calendar/mauimountaincruisers/items/70246/?asn=fhdn&asn-ref=alloutdooradventures&ref=alloutdooradventures&bookable-only=yes&full-items=yes&marketplace=yes&flow=no""></script>",https://fareharbor.com/embeds/book/mauimountaincruisers/items/70246/?asn=fhdn&asn-ref=alloutdooradventures&ref=alloutdooradventures&bookable-only=yes&full-items=yes&marketplace=yes&flow=no,https://cdn.filestackcontent.com/bTf927asQjW5i3Igitz3
Maui Diamond Sea Sports,mauidreamsdiveco,info@mauidiamond.com,808-879-9119,United States/Hawaii/Wailuku,-156.513051,20.791068,95197,Molokini Double Backwall,Scuba,5,65,0,https://fareharbor.com/embeds/calendar/mauidreamsdiveco/items/95197/?asn=fhdn&asn-ref=alloutdooradventures&ref=alloutdooradventures&bookable-only=yes&full-items=yes&marketplace=yes&flow=no,"<script src=""https://fareharbor.com/embeds/script/calendar/mauidreamsdiveco/items/95197/?asn=fhdn&asn-ref=alloutdooradventures&ref=alloutdooradventures&bookable-only=yes&full-items=yes&marketplace=yes&flow=no""></script>",https://fareharbor.com/embeds/book/mauidreamsdiveco/items/95197/?asn=fhdn&asn-ref=alloutdooradventures&ref=alloutdooradventures&bookable-only=yes&full-items=yes&marketplace=yes&flow=no,https://cdn.filestackcontent.com/XHrFhw2Tm2tzOaNS2zSo
Kona Shore Divers,konashoredivers,konashoredivers@outlook.com,(808) 238-1818,United States/Hawaii/Kailua-Kona,,,110167,Guided Shore Dive or Refresher Dive,Scuba,3,65,358,https://fareharbor.com/embeds/calendar/konashoredivers/items/110167/?asn=fhdn&asn-ref=alloutdooradventures&ref=alloutdooradventures&bookable-only=yes&full-items=yes&marketplace=yes&flow=no,"<script src=""https://fareharbor.com/embeds/script/calendar/konashoredivers/items/110167/?asn=fhdn&asn-ref=alloutdooradventures&ref=alloutdooradventures&bookable-only=yes&full-items=yes&marketplace=yes&flow=no""></script>",https://fareharbor.com/embeds/book/konashoredivers/items/110167/?asn=fhdn&asn-ref=alloutdooradventures&ref=alloutdooradventures&bookable-only=yes&full-items=yes&marketplace=yes&flow=no,https://cdn.filestackcontent.com/04xOJv3hRHiS2kVJQiXM
KapohoKine Adventures,kapohokine,tours@KapohoKine.com,+1 808 964-1000,United States/Hawaii/Hilo,,,118617,Ultimate Circle Island Explorer (Kona Pick Up),Factory Tour-Farm-Horse-Sightseeing Tour,3,65,185,https://fareharbor.com/embeds/calendar/kapohokine/items/118617/?asn=fhdn&asn-ref=alloutdooradventures&ref=alloutdooradventures&bookable-only=yes&full-items=yes&marketplace=yes&flow=no,"<script src=""https://fareharbor.com/embeds/script/calendar/kapohokine/items/118617/?asn=fhdn&asn-ref=alloutdooradventures&ref=alloutdooradventures&bookable-only=yes&full-items=yes&marketplace=yes&flow=no""></script>",https://fareharbor.com/embeds/book/kapohokine/items/118617/?asn=fhdn&asn-ref=alloutdooradventures&ref=alloutdooradventures&bookable-only=yes&full-items=yes&marketplace=yes&flow=no,https://cdn.filestackcontent.com/UYeEJWlSTFPugmFVx9R0
Umauma Falls & ZipLine Experience,ziplinehawaii,bookings@ziplinehawaii.com,(808) 930-9477,United States/Hawaii/Hakalau,,,130688,Umauma's Deluxe ATV Experience,ATV/UTV,1,65,425,https://fareharbor.com/embeds/calendar/ziplinehawaii/items/130688/?asn=fhdn&asn-ref=alloutdooradventures&ref=alloutdooradventures&bookable-only=yes&full-items=yes&marketplace=yes&flow=no,"<script src=""https://fareharbor.com/embeds/script/calendar/ziplinehawaii/items/130688/?asn=fhdn&asn-ref=alloutdooradventures&ref=alloutdooradventures&bookable-only=yes&full-items=yes&marketplace=yes&flow=no""></script>",https://fareharbor.com/embeds/book/ziplinehawaii/items/130688/?asn=fhdn&asn-ref=alloutdooradventures&ref=alloutdooradventures&bookable-only=yes&full-items=yes&marketplace=yes&flow=no,https://cdn.filestackcontent.com/RglCyIXtSKatiUaMGM9C
Kauai Hiking Adventures,kauaihikingtours,,,United States/Hawaii,-159.526124,22.09644,153153,Short & Sweet Kauaʻi Adventure,Hiking,0,65,3319,https://fareharbor.com/embeds/calendar/kauaihikingtours/items/153153/?asn=fhdn&asn-ref=alloutdooradventures&ref=alloutdooradventures&bookable-only=yes&full-items=yes&marketplace=yes&flow=no,"<script src=""https://fareharbor.com/embeds/script/calendar/kauaihikingtours/items/153153/?asn=fhdn&asn-ref=alloutdooradventures&ref=alloutdooradventures&bookable-only=yes&full-items=yes&marketplace=yes&flow=no""></script>",https://fareharbor.com/embeds/book/kauaihikingtours/items/153153/?asn=fhdn&asn-ref=alloutdooradventures&ref=alloutdooradventures&bookable-only=yes&full-items=yes&marketplace=yes&flow=no,https://cdn.filestackcontent.com/cC157aOQ02ntijdGMPZ5
Kauai Hiking Adventures,kauaihikingtours,,,United States/Hawaii,-159.526124,22.09644,194041,Half-Day Kauaʻi Adventure,Hiking,0,65,2160,https://fareharbor.com/embeds/calendar/kauaihikingtours/items/194041/?asn=fhdn&asn-ref=alloutdooradventures&ref=alloutdooradventures&bookable-only=yes&full-items=yes&marketplace=yes&flow=no,"<script src=""https://fareharbor.com/embeds/script/calendar/kauaihikingtours/items/194041/?asn=fhdn&asn-ref=alloutdooradventures&ref=alloutdooradventures&bookable-only=yes&full-items=yes&marketplace=yes&flow=no""></script>",https://fareharbor.com/embeds/book/kauaihikingtours/items/194041/?asn=fhdn&asn-ref=alloutdooradventures&ref=alloutdooradventures&bookable-only=yes&full-items=yes&marketplace=yes&flow=no,https://cdn.filestackcontent.com/N9xvGD1NQ36ptJt5AGJQ
Kona Shore Divers,konashoredivers,konashoredivers@outlook.com,(808) 238-1818,United States/Hawaii/Kailua-Kona,,,266870,Open Water Referral Dives Day 1 or 2,Scuba,1,65,358,https://fareharbor.com/embeds/calendar/konashoredivers/items/266870/?asn=fhdn&asn-ref=alloutdooradventures&ref=alloutdooradventures&bookable-only=yes&full-items=yes&marketplace=yes&flow=no,"<script src=""https://fareharbor.com/embeds/script/calendar/konashoredivers/items/266870/?asn=fhdn&asn-ref=alloutdooradventures&ref=alloutdooradventures&bookable-only=yes&full-items=yes&marketplace=yes&flow=no""></script>",https://fareharbor.com/embeds/book/konashoredivers/items/266870/?asn=fhdn&asn-ref=alloutdooradventures&ref=alloutdooradventures&bookable-only=yes&full-items=yes&marketplace=yes&flow=no,https://cdn.filestackcontent.com/nLhroIUdSniOlAEbitGu
Hawaiian Style Tours & Transportation,hawaiianstyletours,hawaiianislandstyletours@gmail.com,(808) 264-3374,United States/Hawaii/Hana,-155.987989,20.755717,296370,Luxury Full-Circle Road to Hana Tour - Shared,Bus Tour-Hiking,14,65,103,https://fareharbor.com/embeds/calendar/hawaiianstyletours/items/296370/?asn=fhdn&asn-ref=alloutdooradventures&ref=alloutdooradventures&bookable-only=yes&full-items=yes&marketplace=yes&flow=no,"<script src=""https://fareharbor.com/embeds/script/calendar/hawaiianstyletours/items/296370/?asn=fhdn&asn-ref=alloutdooradventures&ref=alloutdooradventures&bookable-only=yes&full-items=yes&marketplace=yes&flow=no""></script>",https://fareharbor.com/embeds/book/hawaiianstyletours/items/296370/?asn=fhdn&asn-ref=alloutdooradventures&ref=alloutdooradventures&bookable-only=yes&full-items=yes&marketplace=yes&flow=no,https://cdn.filestackcontent.com/xMIlMgCFTwC81v3yRPTg
Seasport Divers,seasportdivers,info@seasportdivers.com,1-808-742-9303,United States/Hawaii/Koloa,-159.468259,21.884875,336502,Seasport Divers Rentals,Scuba,0,65,179,https://fareharbor.com/embeds/calendar/seasportdivers/items/336502/?asn=fhdn&asn-ref=alloutdooradventures&ref=alloutdooradventures&bookable-only=yes&full-items=yes&marketplace=yes&flow=no,"<script src=""https://fareharbor.com/embeds/script/calendar/seasportdivers/items/336502/?asn=fhdn&asn-ref=alloutdooradventures&ref=alloutdooradventures&bookable-only=yes&full-items=yes&marketplace=yes&flow=no""></script>",https://fareharbor.com/embeds/book/seasportdivers/items/336502/?asn=fhdn&asn-ref=alloutdooradventures&ref=alloutdooradventures&bookable-only=yes&full-items=yes&marketplace=yes&flow=no,
Big Island Backroad Adventures LLC,hawaiibackroad,info@hawaiibackroad.com,808-315-9278,United States/Hawaii/Kailua-Kona,-155.996226,19.641913,346901,"Volcanoes, Lava Tubes & Black Sand Beaches Adventures",Food Tour-Hiking-History Tour-Lodging-Photography Tour-Private-Water Activities,5,65,691,https://fareharbor.com/embeds/calendar/hawaiibackroad/items/346901/?asn=fhdn&asn-ref=alloutdooradventures&ref=alloutdooradventures&bookable-only=yes&full-items=yes&marketplace=yes&flow=no,"<script src=""https://fareharbor.com/embeds/script/calendar/hawaiibackroad/items/346901/?asn=fhdn&asn-ref=alloutdooradventures&ref=alloutdooradventures&bookable-only=yes&full-items=yes&marketplace=yes&flow=no""></script>",https://fareharbor.com/embeds/book/hawaiibackroad/items/346901/?asn=fhdn&asn-ref=alloutdooradventures&ref=alloutdooradventures&bookable-only=yes&full-items=yes&marketplace=yes&flow=no,https://cdn.filestackcontent.com/jHf425Y5RS60bLlMPPO6
Sea & Board Sports Hawaii LLC,sbshawaii,reservations@sbshawaiitours.com,808-352-9775,United States/Hawaii/Haleiwa,-158.103411,21.592761,372255,North Shore Boat Tour Combo,Boat Tour-Dolphin,5,65,0,https://fareharbor.com/embeds/calendar/sbshawaii/items/372255/?asn=fhdn&asn-ref=alloutdooradventures&ref=alloutdooradventures&bookable-only=yes&full-items=yes&marketplace=yes&flow=no,"<script src=""https://fareharbor.com/embeds/script/calendar/sbshawaii/items/372255/?asn=fhdn&asn-ref=alloutdooradventures&ref=alloutdooradventures&bookable-only=yes&full-items=yes&marketplace=yes&flow=no""></script>",https://fareharbor.com/embeds/book/sbshawaii/items/372255/?asn=fhdn&asn-ref=alloutdooradventures&ref=alloutdooradventures&bookable-only=yes&full-items=yes&marketplace=yes&flow=no,https://cdn.filestackcontent.com/CDhd5OO0QqcyhmdKqvWu
PacWhale Eco-Adventures,pacific-whale,reservations@pacificwhale.org,(808) 249-8811,United States/Hawaii/Wailuku,-156.513402,20.791939,410107,Lanai Snorkel & Dolphin Watch • Maalaea,Boat Tour-Dolphin-Snorkel,1,65,33,https://fareharbor.com/embeds/calendar/pacific-whale/items/410107/?asn=fhdn&asn-ref=alloutdooradventures&ref=alloutdooradventures&bookable-only=yes&full-items=yes&marketplace=yes&flow=no,"<script src=""https://fareharbor.com/embeds/script/calendar/pacific-whale/items/410107/?asn=fhdn&asn-ref=alloutdooradventures&ref=alloutdooradventures&bookable-only=yes&full-items=yes&marketplace=yes&flow=no""></script>",https://fareharbor.com/embeds/book/pacific-whale/items/410107/?asn=fhdn&asn-ref=alloutdooradventures&ref=alloutdooradventures&bookable-only=yes&full-items=yes&marketplace=yes&flow=no,https://cdn.filestackcontent.com/qRIee44bRDiXMD3uPLzt
Forest Bathing Hawaii,forestbathinghi,forestbathinghi@gmail.com,808-492-8736,United States/Hawaii/Kapolei,-158.11154,21.375756,414868,"Forest Bathing, Hike, & Moʻolelo",Eco Tour-Environmental Attraction-Wellness-Hiking,5,65,0,https://fareharbor.com/embeds/calendar/forestbathinghi/items/414868/?asn=fhdn&asn-ref=alloutdooradventures&ref=alloutdooradventures&bookable-only=yes&full-items=yes&marketplace=yes&flow=no,"<script src=""https://fareharbor.com/embeds/script/calendar/forestbathinghi/items/414868/?asn=fhdn&asn-ref=alloutdooradventures&ref=alloutdooradventures&bookable-only=yes&full-items=yes&marketplace=yes&flow=no""></script>",https://fareharbor.com/embeds/book/forestbathinghi/items/414868/?asn=fhdn&asn-ref=alloutdooradventures&ref=alloutdooradventures&bookable-only=yes&full-items=yes&marketplace=yes&flow=no,https://cdn.filestackcontent.com/9yAb7UHgR0CLNyzOEgwc
Hilo Ocean Adventures,hilooceanadventures,reservations@hilooceanadventures.com,1.808.934.8344,United States/Hawaii/Hilo,,,491348,Padi Re-Activate Course,Scuba-Water Activities,0,65,144,https://fareharbor.com/embeds/calendar/hilooceanadventures/items/491348/?asn=fhdn&asn-ref=alloutdooradventures&ref=alloutdooradventures&bookable-only=yes&full-items=yes&marketplace=yes&flow=no,"<script src=""https://fareharbor.com/embeds/script/calendar/hilooceanadventures/items/491348/?asn=fhdn&asn-ref=alloutdooradventures&ref=alloutdooradventures&bookable-only=yes&full-items=yes&marketplace=yes&flow=no""></script>",https://fareharbor.com/embeds/book/hilooceanadventures/items/491348/?asn=fhdn&asn-ref=alloutdooradventures&ref=alloutdooradventures&bookable-only=yes&full-items=yes&marketplace=yes&flow=no,https://cdn.filestackcontent.com/WNbwb7Y5TB24hfVoNNQu
Trident Adventures,tridentadventures,Dive@TridentAdventures.com,808-762-3483,United States/Hawaii/Honolulu,,,696221,2026 Phillippines Dive Vacation Package,Scuba-Snorkel-Water Activities,11,65,0,https://fareharbor.com/embeds/calendar/tridentadventures/items/696221/?asn=fhdn&asn-ref=alloutdooradventures&ref=alloutdooradventures&bookable-only=yes&full-items=yes&marketplace=yes&flow=no,"<script src=""https://fareharbor.com/embeds/script/calendar/tridentadventures/items/696221/?asn=fhdn&asn-ref=alloutdooradventures&ref=alloutdooradventures&bookable-only=yes&full-items=yes&marketplace=yes&flow=no""></script>",https://fareharbor.com/embeds/book/tridentadventures/items/696221/?asn=fhdn&asn-ref=alloutdooradventures&ref=alloutdooradventures&bookable-only=yes&full-items=yes&marketplace=yes&flow=no,https://cdn.filestackcontent.com/WfuRyp1RR7ejVGFLO7M9
Epic Maui Hikes,epicmauihikes,mauihikes@gmail.com,(808) 658 1900,United States/Hawaii/Kahului,-156.446368,20.88691,100719,Jungle Waterfall Adventure,Hiking,5,64,720,https://fareharbor.com/embeds/calendar/epicmauihikes/items/100719/?asn=fhdn&asn-ref=alloutdooradventures&ref=alloutdooradventures&bookable-only=yes&full-items=yes&marketplace=yes&flow=no,"<script src=""https://fareharbor.com/embeds/script/calendar/epicmauihikes/items/100719/?asn=fhdn&asn-ref=alloutdooradventures&ref=alloutdooradventures&bookable-only=yes&full-items=yes&marketplace=yes&flow=no""></script>",https://fareharbor.com/embeds/book/epicmauihikes/items/100719/?asn=fhdn&asn-ref=alloutdooradventures&ref=alloutdooradventures&bookable-only=yes&full-items=yes&marketplace=yes&flow=no,https://cdn.filestackcontent.com/Ly43BOKyTcSgNr3HXTJT
Epic Maui Hikes,epicmauihikes,mauihikes@gmail.com,(808) 658 1900,United States/Hawaii/Kahului,,,100722,Road To Hana,Hiking,5,64,360,https://fareharbor.com/embeds/calendar/epicmauihikes/items/100722/?asn=fhdn&asn-ref=alloutdooradventures&ref=alloutdooradventures&bookable-only=yes&full-items=yes&marketplace=yes&flow=no,"<script src=""https://fareharbor.com/embeds/script/calendar/epicmauihikes/items/100722/?asn=fhdn&asn-ref=alloutdooradventures&ref=alloutdooradventures&bookable-only=yes&full-items=yes&marketplace=yes&flow=no""></script>",https://fareharbor.com/embeds/book/epicmauihikes/items/100722/?asn=fhdn&asn-ref=alloutdooradventures&ref=alloutdooradventures&bookable-only=yes&full-items=yes&marketplace=yes&flow=no,https://cdn.filestackcontent.com/lJ6jFWmQMa4jVyoWnpjt
KapohoKine Adventures,kapohokine,tours@KapohoKine.com,+1 808 964-1000,United States/Hawaii/Hilo,,,118610,Ultimate Circle Island Explorer (Kohala Pick up),Factory Tour-Farm-Horse-Sightseeing Tour,3,64,231,https://fareharbor.com/embeds/calendar/kapohokine/items/118610/?asn=fhdn&asn-ref=alloutdooradventures&ref=alloutdooradventures&bookable-only=yes&full-items=yes&marketplace=yes&flow=no,"<script src=""https://fareharbor.com/embeds/script/calendar/kapohokine/items/118610/?asn=fhdn&asn-ref=alloutdooradventures&ref=alloutdooradventures&bookable-only=yes&full-items=yes&marketplace=yes&flow=no""></script>",https://fareharbor.com/embeds/book/kapohokine/items/118610/?asn=fhdn&asn-ref=alloutdooradventures&ref=alloutdooradventures&bookable-only=yes&full-items=yes&marketplace=yes&flow=no,https://cdn.filestackcontent.com/TFbmUUUtQ9uKWzjrN26i
"Prince Kuhio Tours, LLC",hawaiioceanadventures,info@princekuhiotours.com,(808) 379-3988,United States/Hawaii/Honolulu,-157.857264,21.294372,262989,Sunrise Breakfast Cruise,Boat Tour-Dolphin-Sailing,4,64,0,https://fareharbor.com/embeds/calendar/hawaiioceanadventures/items/262989/?asn=fhdn&asn-ref=alloutdooradventures&ref=alloutdooradventures&bookable-only=yes&full-items=yes&marketplace=yes&flow=no,"<script src=""https://fareharbor.com/embeds/script/calendar/hawaiioceanadventures/items/262989/?asn=fhdn&asn-ref=alloutdooradventures&ref=alloutdooradventures&bookable-only=yes&full-items=yes&marketplace=yes&flow=no""></script>",https://fareharbor.com/embeds/book/hawaiioceanadventures/items/262989/?asn=fhdn&asn-ref=alloutdooradventures&ref=alloutdooradventures&bookable-only=yes&full-items=yes&marketplace=yes&flow=no,https://cdn.filestackcontent.com/m9iGbF1cR42zyYj5p7EZ
Maui Diamond Sea Sports,mauidreamsdiveco,info@mauidiamond.com,808-879-9119,United States/Hawaii/Wailuku,-156.513051,20.791068,294466,2 Tank Wild Card,Scuba,9,64,3,https://fareharbor.com/embeds/calendar/mauidreamsdiveco/items/294466/?asn=fhdn&asn-ref=alloutdooradventures&ref=alloutdooradventures&bookable-only=yes&full-items=yes&marketplace=yes&flow=no,"<script src=""https://fareharbor.com/embeds/script/calendar/mauidreamsdiveco/items/294466/?asn=fhdn&asn-ref=alloutdooradventures&ref=alloutdooradventures&bookable-only=yes&full-items=yes&marketplace=yes&flow=no""></script>",https://fareharbor.com/embeds/book/mauidreamsdiveco/items/294466/?asn=fhdn&asn-ref=alloutdooradventures&ref=alloutdooradventures&bookable-only=yes&full-items=yes&marketplace=yes&flow=no,https://cdn.filestackcontent.com/rqMof85tRBWWAGYcQW7l
Kona Shore Divers,konashoredivers,konashoredivers@outlook.com,(808) 238-1818,United States/Hawaii/Kailua-Kona,,,312318,PADI Scuba Diver Course,Rentals-Scuba-Water Activities,3,64,180,https://fareharbor.com/embeds/calendar/konashoredivers/items/312318/?asn=fhdn&asn-ref=alloutdooradventures&ref=alloutdooradventures&bookable-only=yes&full-items=yes&marketplace=yes&flow=no,"<script src=""https://fareharbor.com/embeds/script/calendar/konashoredivers/items/312318/?asn=fhdn&asn-ref=alloutdooradventures&ref=alloutdooradventures&bookable-only=yes&full-items=yes&marketplace=yes&flow=no""></script>",https://fareharbor.com/embeds/book/konashoredivers/items/312318/?asn=fhdn&asn-ref=alloutdooradventures&ref=alloutdooradventures&bookable-only=yes&full-items=yes&marketplace=yes&flow=no,https://cdn.filestackcontent.com/klatUO4KSOOHTYWe5Olv
Kona Honu Divers,konahonudivers,info@konahonudivers.com,8083244668,United States/Hawaii/Kailua-Kona,,,395089,Cleanup Dive Day,Scuba-Water Activities,1,64,2,https://fareharbor.com/embeds/calendar/konahonudivers/items/395089/?asn=fhdn&asn-ref=alloutdooradventures&ref=alloutdooradventures&bookable-only=yes&full-items=yes&marketplace=yes&flow=no,"<script src=""https://fareharbor.com/embeds/script/calendar/konahonudivers/items/395089/?asn=fhdn&asn-ref=alloutdooradventures&ref=alloutdooradventures&bookable-only=yes&full-items=yes&marketplace=yes&flow=no""></script>",https://fareharbor.com/embeds/book/konahonudivers/items/395089/?asn=fhdn&asn-ref=alloutdooradventures&ref=alloutdooradventures&bookable-only=yes&full-items=yes&marketplace=yes&flow=no,https://cdn.filestackcontent.com/aCAkkQtKQaen4UJ9QnEr
Discover Scuba Hawaii,bluedescent,Rick@discoverscubahawaii.org,808.989.6595,United States/Hawaii/Honolulu,-157.840615,21.283672,403350,Coral Reef Dives,Scuba,1,64,360,https://fareharbor.com/embeds/calendar/bluedescent/items/403350/?asn=fhdn&asn-ref=alloutdooradventures&ref=alloutdooradventures&bookable-only=yes&full-items=yes&marketplace=yes&flow=no,"<script src=""https://fareharbor.com/embeds/script/calendar/bluedescent/items/403350/?asn=fhdn&asn-ref=alloutdooradventures&ref=alloutdooradventures&bookable-only=yes&full-items=yes&marketplace=yes&flow=no""></script>",https://fareharbor.com/embeds/book/bluedescent/items/403350/?asn=fhdn&asn-ref=alloutdooradventures&ref=alloutdooradventures&bookable-only=yes&full-items=yes&marketplace=yes&flow=no,https://cdn.filestackcontent.com/lbS59vhSQvG9jYaB9Itz
Bike Hawaii,bikehawaii,tours@bikehawaii.com,808-734-4214,United States/Hawaii/Honolulu,,,547942,Palehua Ridge Hike,Eco Tour-Hiking-History Tour-Photography Tour-Private-Sightseeing Tour-Walking Tour-Wildlife,6,64,3,https://fareharbor.com/embeds/calendar/bikehawaii/items/547942/?asn=fhdn&asn-ref=alloutdooradventures&ref=alloutdooradventures&bookable-only=yes&full-items=yes&marketplace=yes&flow=no,"<script src=""https://fareharbor.com/embeds/script/calendar/bikehawaii/items/547942/?asn=fhdn&asn-ref=alloutdooradventures&ref=alloutdooradventures&bookable-only=yes&full-items=yes&marketplace=yes&flow=no""></script>",https://fareharbor.com/embeds/book/bikehawaii/items/547942/?asn=fhdn&asn-ref=alloutdooradventures&ref=alloutdooradventures&bookable-only=yes&full-items=yes&marketplace=yes&flow=no,https://cdn.filestackcontent.com/wWDlHPAvRT2eaKji94kU
Maui Diamond Sea Sports,mauidreamsdiveco,info@mauidiamond.com,808-879-9119,United States/Hawaii/Wailuku,-156.513051,20.791068,95024,Carthaginian,Scuba,7,63,3,https://fareharbor.com/embeds/calendar/mauidreamsdiveco/items/95024/?asn=fhdn&asn-ref=alloutdooradventures&ref=alloutdooradventures&bookable-only=yes&full-items=yes&marketplace=yes&flow=no,"<script src=""https://fareharbor.com/embeds/script/calendar/mauidreamsdiveco/items/95024/?asn=fhdn&asn-ref=alloutdooradventures&ref=alloutdooradventures&bookable-only=yes&full-items=yes&marketplace=yes&flow=no""></script>",https://fareharbor.com/embeds/book/mauidreamsdiveco/items/95024/?asn=fhdn&asn-ref=alloutdooradventures&ref=alloutdooradventures&bookable-only=yes&full-items=yes&marketplace=yes&flow=no,https://cdn.filestackcontent.com/X2E5zZuPTmicK7N7pzwp
Holo Holo Maui Tours,holoholomauitours,holoholomaui@gmail.com,(808) 298-5562,United States/Hawaii/Kahului,,,129034,Hana Bound!,Hiking,2,63,209,https://fareharbor.com/embeds/calendar/holoholomauitours/items/129034/?asn=fhdn&asn-ref=alloutdooradventures&ref=alloutdooradventures&bookable-only=yes&full-items=yes&marketplace=yes&flow=no,"<script src=""https://fareharbor.com/embeds/script/calendar/holoholomauitours/items/129034/?asn=fhdn&asn-ref=alloutdooradventures&ref=alloutdooradventures&bookable-only=yes&full-items=yes&marketplace=yes&flow=no""></script>",https://fareharbor.com/embeds/book/holoholomauitours/items/129034/?asn=fhdn&asn-ref=alloutdooradventures&ref=alloutdooradventures&bookable-only=yes&full-items=yes&marketplace=yes&flow=no,https://cdn.filestackcontent.com/Yt9WZyBOThqmBdOzT6W2
Kona Honu Divers,konahonudivers,info@konahonudivers.com,8083244668,United States/Hawaii/Kailua-Kona,-155.998454,19.647984,273086,PADI Rescue Diver Course,Scuba-Water Activities,1,63,2,https://fareharbor.com/embeds/calendar/konahonudivers/items/273086/?asn=fhdn&asn-ref=alloutdooradventures&ref=alloutdooradventures&bookable-only=yes&full-items=yes&marketplace=yes&flow=no,"<script src=""https://fareharbor.com/embeds/script/calendar/konahonudivers/items/273086/?asn=fhdn&asn-ref=alloutdooradventures&ref=alloutdooradventures&bookable-only=yes&full-items=yes&marketplace=yes&flow=no""></script>",https://fareharbor.com/embeds/book/konahonudivers/items/273086/?asn=fhdn&asn-ref=alloutdooradventures&ref=alloutdooradventures&bookable-only=yes&full-items=yes&marketplace=yes&flow=no,https://cdn.filestackcontent.com/PZ1KM6FcQBKgGgw5UYU3
Holo Holo Maui Tours,holoholomauitours,holoholomaui@gmail.com,(808) 298-5562,United States/Hawaii/Kahului,,,339318,Maui Volcano Quest,Hiking,2,63,159,https://fareharbor.com/embeds/calendar/holoholomauitours/items/339318/?asn=fhdn&asn-ref=alloutdooradventures&ref=alloutdooradventures&bookable-only=yes&full-items=yes&marketplace=yes&flow=no,"<script src=""https://fareharbor.com/embeds/script/calendar/holoholomauitours/items/339318/?asn=fhdn&asn-ref=alloutdooradventures&ref=alloutdooradventures&bookable-only=yes&full-items=yes&marketplace=yes&flow=no""></script>",https://fareharbor.com/embeds/book/holoholomauitours/items/339318/?asn=fhdn&asn-ref=alloutdooradventures&ref=alloutdooradventures&bookable-only=yes&full-items=yes&marketplace=yes&flow=no,https://cdn.filestackcontent.com/rq6NPDwAQACVfyz2Tn38
Hawaiian Style Tours & Transportation,hawaiianstyletours,hawaiianislandstyletours@gmail.com,(808) 264-3374,United States/Hawaii/Wailuku,-156.504834,20.886943,362311,Hike into Heritage: Luxury Rainforest Hike & Waterfall Swim - Private Platinum Minibus,Climbing-Hiking-History Tour,6,63,0,https://fareharbor.com/embeds/calendar/hawaiianstyletours/items/362311/?asn=fhdn&asn-ref=alloutdooradventures&ref=alloutdooradventures&bookable-only=yes&full-items=yes&marketplace=yes&flow=no,"<script src=""https://fareharbor.com/embeds/script/calendar/hawaiianstyletours/items/362311/?asn=fhdn&asn-ref=alloutdooradventures&ref=alloutdooradventures&bookable-only=yes&full-items=yes&marketplace=yes&flow=no""></script>",https://fareharbor.com/embeds/book/hawaiianstyletours/items/362311/?asn=fhdn&asn-ref=alloutdooradventures&ref=alloutdooradventures&bookable-only=yes&full-items=yes&marketplace=yes&flow=no,https://cdn.filestackcontent.com/jgB8FTtREiQWJ3m36Rcu
Iruka Hawaii,irukajapan,info@hawaiidolphin.com,(808) 636-8440,United States/Hawaii/Honolulu,,,504158,Dolphin Warrior Private Charters,Boat Rental-Dolphin-Private,2,63,180,https://fareharbor.com/embeds/calendar/irukajapan/items/504158/?asn=fhdn&asn-ref=alloutdooradventures&ref=alloutdooradventures&bookable-only=yes&full-items=yes&marketplace=yes&flow=no,"<script src=""https://fareharbor.com/embeds/script/calendar/irukajapan/items/504158/?asn=fhdn&asn-ref=alloutdooradventures&ref=alloutdooradventures&bookable-only=yes&full-items=yes&marketplace=yes&flow=no""></script>",https://fareharbor.com/embeds/book/irukajapan/items/504158/?asn=fhdn&asn-ref=alloutdooradventures&ref=alloutdooradventures&bookable-only=yes&full-items=yes&marketplace=yes&flow=no,https://cdn.filestackcontent.com/pYi4I3DuSKSgC3h6Joyn
Maui Diamond Sea Sports,mauidreamsdiveco,info@mauidiamond.com,808-879-9119,United States/Hawaii/Wailuku,-156.513051,20.791068,95013,Sunset Whale Watch and 1 Tank Night Dive,Scuba,8,62,0,https://fareharbor.com/embeds/calendar/mauidreamsdiveco/items/95013/?asn=fhdn&asn-ref=alloutdooradventures&ref=alloutdooradventures&bookable-only=yes&full-items=yes&marketplace=yes&flow=no,"<script src=""https://fareharbor.com/embeds/script/calendar/mauidreamsdiveco/items/95013/?asn=fhdn&asn-ref=alloutdooradventures&ref=alloutdooradventures&bookable-only=yes&full-items=yes&marketplace=yes&flow=no""></script>",https://fareharbor.com/embeds/book/mauidreamsdiveco/items/95013/?asn=fhdn&asn-ref=alloutdooradventures&ref=alloutdooradventures&bookable-only=yes&full-items=yes&marketplace=yes&flow=no,https://cdn.filestackcontent.com/9ob4vVgnRLueiWwZevq7
KapohoKine Adventures,kapohokine,tours@KapohoKine.com,+1 808 964-1000,United States/Hawaii/Hilo,,,118633,Elite Volcano Hike-(Kona Pick Up),Climbing-Hiking-History Tour-Photography Tour,2,62,128,https://fareharbor.com/embeds/calendar/kapohokine/items/118633/?asn=fhdn&asn-ref=alloutdooradventures&ref=alloutdooradventures&bookable-only=yes&full-items=yes&marketplace=yes&flow=no,"<script src=""https://fareharbor.com/embeds/script/calendar/kapohokine/items/118633/?asn=fhdn&asn-ref=alloutdooradventures&ref=alloutdooradventures&bookable-only=yes&full-items=yes&marketplace=yes&flow=no""></script>",https://fareharbor.com/embeds/book/kapohokine/items/118633/?asn=fhdn&asn-ref=alloutdooradventures&ref=alloutdooradventures&bookable-only=yes&full-items=yes&marketplace=yes&flow=no,https://cdn.filestackcontent.com/R513ZyfDRemC7UeZf5Bq
KapohoKine Adventures,kapohokine,tours@KapohoKine.com,+1 808 964-1000,United States/Hawaii/Hilo,,,118641,Elite Volcano Hike- (Hilo Pick Up),Climbing-Hiking-Photography Tour,2,62,129,https://fareharbor.com/embeds/calendar/kapohokine/items/118641/?asn=fhdn&asn-ref=alloutdooradventures&ref=alloutdooradventures&bookable-only=yes&full-items=yes&marketplace=yes&flow=no,"<script src=""https://fareharbor.com/embeds/script/calendar/kapohokine/items/118641/?asn=fhdn&asn-ref=alloutdooradventures&ref=alloutdooradventures&bookable-only=yes&full-items=yes&marketplace=yes&flow=no""></script>",https://fareharbor.com/embeds/book/kapohokine/items/118641/?asn=fhdn&asn-ref=alloutdooradventures&ref=alloutdooradventures&bookable-only=yes&full-items=yes&marketplace=yes&flow=no,https://cdn.filestackcontent.com/LaoeHWLjR5GdOuDuvuNJ
"Prince Kuhio Tours, LLC",hawaiioceanadventures,info@princekuhiotours.com,(808) 379-3988,United States/Hawaii/Honolulu,-157.857264,21.294372,265185,Scenic Coastal Cruise,Dolphin,6,62,0,https://fareharbor.com/embeds/calendar/hawaiioceanadventures/items/265185/?asn=fhdn&asn-ref=alloutdooradventures&ref=alloutdooradventures&bookable-only=yes&full-items=yes&marketplace=yes&flow=no,"<script src=""https://fareharbor.com/embeds/script/calendar/hawaiioceanadventures/items/265185/?asn=fhdn&asn-ref=alloutdooradventures&ref=alloutdooradventures&bookable-only=yes&full-items=yes&marketplace=yes&flow=no""></script>",https://fareharbor.com/embeds/book/hawaiioceanadventures/items/265185/?asn=fhdn&asn-ref=alloutdooradventures&ref=alloutdooradventures&bookable-only=yes&full-items=yes&marketplace=yes&flow=no,https://cdn.filestackcontent.com/e6NCmAn8SzmwaQQh1MVw
Hang Loose Boat Tours LLC,hawaiitourboat,hanglooseboat@gmail.com,(808) 345-4262,United States/Hawaii/Kailua-Kona,,,6389,Whale Watch,Catamaran-Dolphin-Whale Watch,2,61,35,https://fareharbor.com/embeds/calendar/hawaiitourboat/items/6389/?asn=fhdn&asn-ref=alloutdooradventures&ref=alloutdooradventures&bookable-only=yes&full-items=yes&marketplace=yes&flow=no,"<script src=""https://fareharbor.com/embeds/script/calendar/hawaiitourboat/items/6389/?asn=fhdn&asn-ref=alloutdooradventures&ref=alloutdooradventures&bookable-only=yes&full-items=yes&marketplace=yes&flow=no""></script>",https://fareharbor.com/embeds/book/hawaiitourboat/items/6389/?asn=fhdn&asn-ref=alloutdooradventures&ref=alloutdooradventures&bookable-only=yes&full-items=yes&marketplace=yes&flow=no,https://cdn.filestackcontent.com/dD2TxxSQsaKXxg8DVeyj
Seasport Divers,seasportdivers,info@seasportdivers.com,1-808-742-9303,United States/Hawaii/Koloa,-159.468259,21.884875,11365,3-Tank Kauai Boat Dive,Scuba,0,61,20,https://fareharbor.com/embeds/calendar/seasportdivers/items/11365/?asn=fhdn&asn-ref=alloutdooradventures&ref=alloutdooradventures&bookable-only=yes&full-items=yes&marketplace=yes&flow=no,"<script src=""https://fareharbor.com/embeds/script/calendar/seasportdivers/items/11365/?asn=fhdn&asn-ref=alloutdooradventures&ref=alloutdooradventures&bookable-only=yes&full-items=yes&marketplace=yes&flow=no""></script>",https://fareharbor.com/embeds/book/seasportdivers/items/11365/?asn=fhdn&asn-ref=alloutdooradventures&ref=alloutdooradventures&bookable-only=yes&full-items=yes&marketplace=yes&flow=no,https://www.filepicker.io/api/file/RXQs3S3sSK2HKkdqS8ap
Dive Oahu,diveoahu,aloha@diveoahu.com,808-922-3483,United States/Hawaii/Honolulu,-157.85814,21.309884,110725,PADI EFR & Rescue Diver Courses,Scuba,1,61,6,https://fareharbor.com/embeds/calendar/diveoahu/items/110725/?asn=fhdn&asn-ref=alloutdooradventures&ref=alloutdooradventures&bookable-only=yes&full-items=yes&marketplace=yes&flow=no,"<script src=""https://fareharbor.com/embeds/script/calendar/diveoahu/items/110725/?asn=fhdn&asn-ref=alloutdooradventures&ref=alloutdooradventures&bookable-only=yes&full-items=yes&marketplace=yes&flow=no""></script>",https://fareharbor.com/embeds/book/diveoahu/items/110725/?asn=fhdn&asn-ref=alloutdooradventures&ref=alloutdooradventures&bookable-only=yes&full-items=yes&marketplace=yes&flow=no,https://cdn.filestackcontent.com/erw8tWEnT7mWnxw6y1pM
KapohoKine Adventures,kapohokine,tours@KapohoKine.com,+1 808 964-1000,United States/Hawaii/Hilo,,,118639,Elite Volcano Hike- (Kohala Pick Up),Climbing-Hiking-History Tour-Photography Tour,2,61,128,https://fareharbor.com/embeds/calendar/kapohokine/items/118639/?asn=fhdn&asn-ref=alloutdooradventures&ref=alloutdooradventures&bookable-only=yes&full-items=yes&marketplace=yes&flow=no,"<script src=""https://fareharbor.com/embeds/script/calendar/kapohokine/items/118639/?asn=fhdn&asn-ref=alloutdooradventures&ref=alloutdooradventures&bookable-only=yes&full-items=yes&marketplace=yes&flow=no""></script>",https://fareharbor.com/embeds/book/kapohokine/items/118639/?asn=fhdn&asn-ref=alloutdooradventures&ref=alloutdooradventures&bookable-only=yes&full-items=yes&marketplace=yes&flow=no,https://cdn.filestackcontent.com/kZT4FV0dSxyyJ5cdyYjL
"Prince Kuhio Tours, LLC",hawaiioceanadventures,info@princekuhiotours.com,(808) 379-3988,United States/Hawaii/Honolulu,-157.857264,21.294372,281128,Late Breakfast Cruise,Dolphin,3,61,0,https://fareharbor.com/embeds/calendar/hawaiioceanadventures/items/281128/?asn=fhdn&asn-ref=alloutdooradventures&ref=alloutdooradventures&bookable-only=yes&full-items=yes&marketplace=yes&flow=no,"<script src=""https://fareharbor.com/embeds/script/calendar/hawaiioceanadventures/items/281128/?asn=fhdn&asn-ref=alloutdooradventures&ref=alloutdooradventures&bookable-only=yes&full-items=yes&marketplace=yes&flow=no""></script>",https://fareharbor.com/embeds/book/hawaiioceanadventures/items/281128/?asn=fhdn&asn-ref=alloutdooradventures&ref=alloutdooradventures&bookable-only=yes&full-items=yes&marketplace=yes&flow=no,https://cdn.filestackcontent.com/wF4UdF8VR6GNli1vvcYz
Big Island Ghost Tours,bigislandghosttours,bigislandghosttours@gmail.com,808-238-2264,United States/Hawaii/Kailua-Kona,,,321447,Volcano Vortex Hike 🌋,Hiking-Transportation,8,61,0,https://fareharbor.com/embeds/calendar/bigislandghosttours/items/321447/?asn=fhdn&asn-ref=alloutdooradventures&ref=alloutdooradventures&bookable-only=yes&full-items=yes&marketplace=yes&flow=no,"<script src=""https://fareharbor.com/embeds/script/calendar/bigislandghosttours/items/321447/?asn=fhdn&asn-ref=alloutdooradventures&ref=alloutdooradventures&bookable-only=yes&full-items=yes&marketplace=yes&flow=no""></script>",https://fareharbor.com/embeds/book/bigislandghosttours/items/321447/?asn=fhdn&asn-ref=alloutdooradventures&ref=alloutdooradventures&bookable-only=yes&full-items=yes&marketplace=yes&flow=no,https://cdn.filestackcontent.com/izzYVYSXSheTdzYEVbjQ
Epic Maui Hikes,epicmauihikes,mauihikes@gmail.com,(808) 658 1900,United States/Hawaii/Wailuku,,,544557,Macadamia Nut & Hydroponic Tour,Hiking,6,61,256,https://fareharbor.com/embeds/calendar/epicmauihikes/items/544557/?asn=fhdn&asn-ref=alloutdooradventures&ref=alloutdooradventures&bookable-only=yes&full-items=yes&marketplace=yes&flow=no,"<script src=""https://fareharbor.com/embeds/script/calendar/epicmauihikes/items/544557/?asn=fhdn&asn-ref=alloutdooradventures&ref=alloutdooradventures&bookable-only=yes&full-items=yes&marketplace=yes&flow=no""></script>",https://fareharbor.com/embeds/book/epicmauihikes/items/544557/?asn=fhdn&asn-ref=alloutdooradventures&ref=alloutdooradventures&bookable-only=yes&full-items=yes&marketplace=yes&flow=no,https://cdn.filestackcontent.com/chqls4cSSmiB3u4btEe9
Dolphin Divers,oahuscubadiving,oahudolphindivers@gmail.com,808 478 1104,United States/Hawaii/Waianae,,,565869,West Side Club Dive,Scuba,4,61,0,https://fareharbor.com/embeds/calendar/oahuscubadiving/items/565869/?asn=fhdn&asn-ref=alloutdooradventures&ref=alloutdooradventures&bookable-only=yes&full-items=yes&marketplace=yes&flow=no,"<script src=""https://fareharbor.com/embeds/script/calendar/oahuscubadiving/items/565869/?asn=fhdn&asn-ref=alloutdooradventures&ref=alloutdooradventures&bookable-only=yes&full-items=yes&marketplace=yes&flow=no""></script>",https://fareharbor.com/embeds/book/oahuscubadiving/items/565869/?asn=fhdn&asn-ref=alloutdooradventures&ref=alloutdooradventures&bookable-only=yes&full-items=yes&marketplace=yes&flow=no,https://cdn.filestackcontent.com/0RUPhmcBRRyDqaP1UrWA
Kona Honu Divers,konahonudivers,info@konahonudivers.com,8083244668,United States/Hawaii/Kailua-Kona,,,103560,2 Tank Local Charter on the Honu Lele,Scuba-Water Activities,0,60,1,https://fareharbor.com/embeds/calendar/konahonudivers/items/103560/?asn=fhdn&asn-ref=alloutdooradventures&ref=alloutdooradventures&bookable-only=yes&full-items=yes&marketplace=yes&flow=no,"<script src=""https://fareharbor.com/embeds/script/calendar/konahonudivers/items/103560/?asn=fhdn&asn-ref=alloutdooradventures&ref=alloutdooradventures&bookable-only=yes&full-items=yes&marketplace=yes&flow=no""></script>",https://fareharbor.com/embeds/book/konahonudivers/items/103560/?asn=fhdn&asn-ref=alloutdooradventures&ref=alloutdooradventures&bookable-only=yes&full-items=yes&marketplace=yes&flow=no,https://cdn.filestackcontent.com/33OSo1ZOSUeBLRtCuaPt
Captain Chad's Charters,captainchads,captainchads@gmail.com,(808)-825-8805,United States/Hawaii/Waimea,,,415643,Manta Ray Experience Private Boat,Scuba-Snorkel,5,60,77,https://fareharbor.com/embeds/calendar/captainchads/items/415643/?asn=fhdn&asn-ref=alloutdooradventures&ref=alloutdooradventures&bookable-only=yes&full-items=yes&marketplace=yes&flow=no,"<script src=""https://fareharbor.com/embeds/script/calendar/captainchads/items/415643/?asn=fhdn&asn-ref=alloutdooradventures&ref=alloutdooradventures&bookable-only=yes&full-items=yes&marketplace=yes&flow=no""></script>",https://fareharbor.com/embeds/book/captainchads/items/415643/?asn=fhdn&asn-ref=alloutdooradventures&ref=alloutdooradventures&bookable-only=yes&full-items=yes&marketplace=yes&flow=no,https://cdn.filestackcontent.com/7FXcY9Q6Tpqd0FxXBgyl
Banzai Divers Hawaii,banzaidivershawaii,devin@banzaidivershawaii.com,(808) 462-8290,United States/Hawaii/Honolulu,,,490184,Electric Beach Shallow Reef Dive,Scuba,8,60,180,https://fareharbor.com/embeds/calendar/banzaidivershawaii/items/490184/?asn=fhdn&asn-ref=alloutdooradventures&ref=alloutdooradventures&bookable-only=yes&full-items=yes&marketplace=yes&flow=no,"<script src=""https://fareharbor.com/embeds/script/calendar/banzaidivershawaii/items/490184/?asn=fhdn&asn-ref=alloutdooradventures&ref=alloutdooradventures&bookable-only=yes&full-items=yes&marketplace=yes&flow=no""></script>",https://fareharbor.com/embeds/book/banzaidivershawaii/items/490184/?asn=fhdn&asn-ref=alloutdooradventures&ref=alloutdooradventures&bookable-only=yes&full-items=yes&marketplace=yes&flow=no,https://cdn.filestackcontent.com/lsiTuTP4SFCWvVXXEe5N
Active Oahu Tours,activeoahutours,team@activeoahutours.com,8084981894,United States/Hawaii/Kailua,,,703390,Aloha ‘Aina E-Bike Adventure,Bike Tour-E-Bike-Eco Tour-Environmental Attraction-Guided Tour,4,60,6,https://fareharbor.com/embeds/calendar/activeoahutours/items/703390/?asn=fhdn&asn-ref=alloutdooradventures&ref=alloutdooradventures&bookable-only=yes&full-items=yes&marketplace=yes&flow=no,"<script src=""https://fareharbor.com/embeds/script/calendar/activeoahutours/items/703390/?asn=fhdn&asn-ref=alloutdooradventures&ref=alloutdooradventures&bookable-only=yes&full-items=yes&marketplace=yes&flow=no""></script>",https://fareharbor.com/embeds/book/activeoahutours/items/703390/?asn=fhdn&asn-ref=alloutdooradventures&ref=alloutdooradventures&bookable-only=yes&full-items=yes&marketplace=yes&flow=no,https://cdn.filestackcontent.com/vXHXZN1RMOD3K7NXZnQz
Na Pali Explorer,napaliexplorer,reservations@goblueadventures.com,1-800-451-6133,United States/Hawaii/Kekaha,-159.692114,21.959286,1652,Na Pali Coast Power Catamaran Scenic and Snorkel Tour,Boat Tour-Catamaran-Dolphin-History Tour-Marina-Photography Tour-Rafting-Sightseeing Tour-Snorkel,4,59,134,https://fareharbor.com/embeds/calendar/napaliexplorer/items/1652/?asn=fhdn&asn-ref=alloutdooradventures&ref=alloutdooradventures&bookable-only=yes&full-items=yes&marketplace=yes&flow=no,"<script src=""https://fareharbor.com/embeds/script/calendar/napaliexplorer/items/1652/?asn=fhdn&asn-ref=alloutdooradventures&ref=alloutdooradventures&bookable-only=yes&full-items=yes&marketplace=yes&flow=no""></script>",https://fareharbor.com/embeds/book/napaliexplorer/items/1652/?asn=fhdn&asn-ref=alloutdooradventures&ref=alloutdooradventures&bookable-only=yes&full-items=yes&marketplace=yes&flow=no,https://cdn.filestackcontent.com/ZeSRAO41QkqdUQr5V9jj
Hilo Ocean Adventures,hilooceanadventures,reservations@hilooceanadventures.com,1.808.934.8344,United States/Hawaii/Hilo,,,43206,Scuba Gear Rental,Scuba,1,59,180,https://fareharbor.com/embeds/calendar/hilooceanadventures/items/43206/?asn=fhdn&asn-ref=alloutdooradventures&ref=alloutdooradventures&bookable-only=yes&full-items=yes&marketplace=yes&flow=no,"<script src=""https://fareharbor.com/embeds/script/calendar/hilooceanadventures/items/43206/?asn=fhdn&asn-ref=alloutdooradventures&ref=alloutdooradventures&bookable-only=yes&full-items=yes&marketplace=yes&flow=no""></script>",https://fareharbor.com/embeds/book/hilooceanadventures/items/43206/?asn=fhdn&asn-ref=alloutdooradventures&ref=alloutdooradventures&bookable-only=yes&full-items=yes&marketplace=yes&flow=no,https://cdn.filestackcontent.com/PkuyTOXaT4m1rsvJ60Mu
Hilo Ocean Adventures,hilooceanadventures,reservations@hilooceanadventures.com,1.808.934.8344,United States/Hawaii/Hilo,,,43210,Beach Accessory Rental,Scuba,1,59,180,https://fareharbor.com/embeds/calendar/hilooceanadventures/items/43210/?asn=fhdn&asn-ref=alloutdooradventures&ref=alloutdooradventures&bookable-only=yes&full-items=yes&marketplace=yes&flow=no,"<script src=""https://fareharbor.com/embeds/script/calendar/hilooceanadventures/items/43210/?asn=fhdn&asn-ref=alloutdooradventures&ref=alloutdooradventures&bookable-only=yes&full-items=yes&marketplace=yes&flow=no""></script>",https://fareharbor.com/embeds/book/hilooceanadventures/items/43210/?asn=fhdn&asn-ref=alloutdooradventures&ref=alloutdooradventures&bookable-only=yes&full-items=yes&marketplace=yes&flow=no,https://cdn.filestackcontent.com/9qFgCvSUahcJsbNwUc4w
Big Kahuna Water Sports,alohascubadiving,dive@alohascubadiving.com,808-542-9494,United States/Hawaii/Honolulu,,,104324,Discover Scuba Diving,Scuba,1,59,360,https://fareharbor.com/embeds/calendar/alohascubadiving/items/104324/?asn=fhdn&asn-ref=alloutdooradventures&ref=alloutdooradventures&bookable-only=yes&full-items=yes&marketplace=yes&flow=no,"<script src=""https://fareharbor.com/embeds/script/calendar/alohascubadiving/items/104324/?asn=fhdn&asn-ref=alloutdooradventures&ref=alloutdooradventures&bookable-only=yes&full-items=yes&marketplace=yes&flow=no""></script>",https://fareharbor.com/embeds/book/alohascubadiving/items/104324/?asn=fhdn&asn-ref=alloutdooradventures&ref=alloutdooradventures&bookable-only=yes&full-items=yes&marketplace=yes&flow=no,https://cdn.filestackcontent.com/4Uq7qvZnTSWo1q4I613r
Big Kahuna Water Sports,alohascubadiving,dive@alohascubadiving.com,808-542-9494,United States/Hawaii/Honolulu,,,104326,Advanced Boat Dive,Scuba,1,59,180,https://fareharbor.com/embeds/calendar/alohascubadiving/items/104326/?asn=fhdn&asn-ref=alloutdooradventures&ref=alloutdooradventures&bookable-only=yes&full-items=yes&marketplace=yes&flow=no,"<script src=""https://fareharbor.com/embeds/script/calendar/alohascubadiving/items/104326/?asn=fhdn&asn-ref=alloutdooradventures&ref=alloutdooradventures&bookable-only=yes&full-items=yes&marketplace=yes&flow=no""></script>",https://fareharbor.com/embeds/book/alohascubadiving/items/104326/?asn=fhdn&asn-ref=alloutdooradventures&ref=alloutdooradventures&bookable-only=yes&full-items=yes&marketplace=yes&flow=no,https://cdn.filestackcontent.com/ZVpUjxh9SM2wGyjzW8Mj
Ocean Encounters,oceanencounters,konafishing@bitemesportfishing.com,(808) 494-9150,United States/Hawaii/Kailua-Kona,,,106651,Private Charter OE2,Dolphin-Fishing-Snorkel-Whale Watch,1,59,358,https://fareharbor.com/embeds/calendar/oceanencounters/items/106651/?asn=fhdn&asn-ref=alloutdooradventures&ref=alloutdooradventures&bookable-only=yes&full-items=yes&marketplace=yes&flow=no,"<script src=""https://fareharbor.com/embeds/script/calendar/oceanencounters/items/106651/?asn=fhdn&asn-ref=alloutdooradventures&ref=alloutdooradventures&bookable-only=yes&full-items=yes&marketplace=yes&flow=no""></script>",https://fareharbor.com/embeds/book/oceanencounters/items/106651/?asn=fhdn&asn-ref=alloutdooradventures&ref=alloutdooradventures&bookable-only=yes&full-items=yes&marketplace=yes&flow=no,https://cdn.filestackcontent.com/aQxN7ndSney1mDRCqolv
Holo Holo Maui Tours,holoholomauitours,holoholomaui@gmail.com,(808) 298-5562,United States/Hawaii/Kahului,,,128620,‘Iao Valley Excursion,Hiking,1,59,1256,https://fareharbor.com/embeds/calendar/holoholomauitours/items/128620/?asn=fhdn&asn-ref=alloutdooradventures&ref=alloutdooradventures&bookable-only=yes&full-items=yes&marketplace=yes&flow=no,"<script src=""https://fareharbor.com/embeds/script/calendar/holoholomauitours/items/128620/?asn=fhdn&asn-ref=alloutdooradventures&ref=alloutdooradventures&bookable-only=yes&full-items=yes&marketplace=yes&flow=no""></script>",https://fareharbor.com/embeds/book/holoholomauitours/items/128620/?asn=fhdn&asn-ref=alloutdooradventures&ref=alloutdooradventures&bookable-only=yes&full-items=yes&marketplace=yes&flow=no,https://cdn.filestackcontent.com/rutASIFTH6wRUcfDtmIg
Holo Holo Maui Tours,holoholomauitours,holoholomaui@gmail.com,(808) 298-5562,United States/Hawaii/Kahului,,,169745,Bamboo Forest Trek,Hiking,1,59,159,https://fareharbor.com/embeds/calendar/holoholomauitours/items/169745/?asn=fhdn&asn-ref=alloutdooradventures&ref=alloutdooradventures&bookable-only=yes&full-items=yes&marketplace=yes&flow=no,"<script src=""https://fareharbor.com/embeds/script/calendar/holoholomauitours/items/169745/?asn=fhdn&asn-ref=alloutdooradventures&ref=alloutdooradventures&bookable-only=yes&full-items=yes&marketplace=yes&flow=no""></script>",https://fareharbor.com/embeds/book/holoholomauitours/items/169745/?asn=fhdn&asn-ref=alloutdooradventures&ref=alloutdooradventures&bookable-only=yes&full-items=yes&marketplace=yes&flow=no,https://cdn.filestackcontent.com/Uu7v9NOATxOyGJKJeu02
Holo Holo Maui Tours,holoholomauitours,holoholomaui@gmail.com,(808) 298-5562,United States/Hawaii/Kahului,,,169746,Haleakala Summit & Stroll,Hiking,1,59,318,https://fareharbor.com/embeds/calendar/holoholomauitours/items/169746/?asn=fhdn&asn-ref=alloutdooradventures&ref=alloutdooradventures&bookable-only=yes&full-items=yes&marketplace=yes&flow=no,"<script src=""https://fareharbor.com/embeds/script/calendar/holoholomauitours/items/169746/?asn=fhdn&asn-ref=alloutdooradventures&ref=alloutdooradventures&bookable-only=yes&full-items=yes&marketplace=yes&flow=no""></script>",https://fareharbor.com/embeds/book/holoholomauitours/items/169746/?asn=fhdn&asn-ref=alloutdooradventures&ref=alloutdooradventures&bookable-only=yes&full-items=yes&marketplace=yes&flow=no,https://cdn.filestackcontent.com/FL45Lqq8SeWPAEzLBfeq
Unique Maui Tours,uniquehawaiiexperience,UniqueMauiTours@gmail.com,+1 844-550-6284,United States/Hawaii/Kihei,,,232723,7 Sacred Pools & Bamboo Forest Hike,Wellness-Food Tour-Hiking-Photography Tour-Private,1,59,173,https://fareharbor.com/embeds/calendar/uniquehawaiiexperience/items/232723/?asn=fhdn&asn-ref=alloutdooradventures&ref=alloutdooradventures&bookable-only=yes&full-items=yes&marketplace=yes&flow=no,"<script src=""https://fareharbor.com/embeds/script/calendar/uniquehawaiiexperience/items/232723/?asn=fhdn&asn-ref=alloutdooradventures&ref=alloutdooradventures&bookable-only=yes&full-items=yes&marketplace=yes&flow=no""></script>",https://fareharbor.com/embeds/book/uniquehawaiiexperience/items/232723/?asn=fhdn&asn-ref=alloutdooradventures&ref=alloutdooradventures&bookable-only=yes&full-items=yes&marketplace=yes&flow=no,https://cdn.filestackcontent.com/IiLuWzvQSn4VaG8gs5cA
Unique Maui Tours,uniquehawaiiexperience,UniqueMauiTours@gmail.com,+1 844-550-6284,United States/Hawaii/Kihei,,,232934,Birdwatching Private Tour,Hiking-Sightseeing Tour,1,59,174,https://fareharbor.com/embeds/calendar/uniquehawaiiexperience/items/232934/?asn=fhdn&asn-ref=alloutdooradventures&ref=alloutdooradventures&bookable-only=yes&full-items=yes&marketplace=yes&flow=no,"<script src=""https://fareharbor.com/embeds/script/calendar/uniquehawaiiexperience/items/232934/?asn=fhdn&asn-ref=alloutdooradventures&ref=alloutdooradventures&bookable-only=yes&full-items=yes&marketplace=yes&flow=no""></script>",https://fareharbor.com/embeds/book/uniquehawaiiexperience/items/232934/?asn=fhdn&asn-ref=alloutdooradventures&ref=alloutdooradventures&bookable-only=yes&full-items=yes&marketplace=yes&flow=no,https://cdn.filestackcontent.com/bn7ErtgGTWSw7tUDuxZN
Unique Maui Tours,uniquehawaiiexperience,UniqueMauiTours@gmail.com,+1 844-550-6284,United States/Hawaii/Kihei,,,233324,Haleakala Hiking,Hiking,1,59,175,https://fareharbor.com/embeds/calendar/uniquehawaiiexperience/items/233324/?asn=fhdn&asn-ref=alloutdooradventures&ref=alloutdooradventures&bookable-only=yes&full-items=yes&marketplace=yes&flow=no,"<script src=""https://fareharbor.com/embeds/script/calendar/uniquehawaiiexperience/items/233324/?asn=fhdn&asn-ref=alloutdooradventures&ref=alloutdooradventures&bookable-only=yes&full-items=yes&marketplace=yes&flow=no""></script>",https://fareharbor.com/embeds/book/uniquehawaiiexperience/items/233324/?asn=fhdn&asn-ref=alloutdooradventures&ref=alloutdooradventures&bookable-only=yes&full-items=yes&marketplace=yes&flow=no,https://cdn.filestackcontent.com/rxgFh1zWTnK48qu1XDn4
Unique Maui Tours,uniquehawaiiexperience,UniqueMauiTours@gmail.com,+1 844-550-6284,United States/Hawaii/Kihei,,,233328,Haleakala & Iao Valley,Hiking-Sightseeing Tour,1,59,175,https://fareharbor.com/embeds/calendar/uniquehawaiiexperience/items/233328/?asn=fhdn&asn-ref=alloutdooradventures&ref=alloutdooradventures&bookable-only=yes&full-items=yes&marketplace=yes&flow=no,"<script src=""https://fareharbor.com/embeds/script/calendar/uniquehawaiiexperience/items/233328/?asn=fhdn&asn-ref=alloutdooradventures&ref=alloutdooradventures&bookable-only=yes&full-items=yes&marketplace=yes&flow=no""></script>",https://fareharbor.com/embeds/book/uniquehawaiiexperience/items/233328/?asn=fhdn&asn-ref=alloutdooradventures&ref=alloutdooradventures&bookable-only=yes&full-items=yes&marketplace=yes&flow=no,https://cdn.filestackcontent.com/1RsFdULjQbyVN9Qb2PnM
Unique Maui Tours,uniquehawaiiexperience,UniqueMauiTours@gmail.com,+1 844-550-6284,United States/Hawaii/Kihei,,,335069,Haleakala & Upcountry,Boat Tour-Canoe-Distillery-Farm-Food Tour-Photography Tour-Private-Sightseeing Tour-Surf-Whale Watch-Winery-Wine,1,59,174,https://fareharbor.com/embeds/calendar/uniquehawaiiexperience/items/335069/?asn=fhdn&asn-ref=alloutdooradventures&ref=alloutdooradventures&bookable-only=yes&full-items=yes&marketplace=yes&flow=no,"<script src=""https://fareharbor.com/embeds/script/calendar/uniquehawaiiexperience/items/335069/?asn=fhdn&asn-ref=alloutdooradventures&ref=alloutdooradventures&bookable-only=yes&full-items=yes&marketplace=yes&flow=no""></script>",https://fareharbor.com/embeds/book/uniquehawaiiexperience/items/335069/?asn=fhdn&asn-ref=alloutdooradventures&ref=alloutdooradventures&bookable-only=yes&full-items=yes&marketplace=yes&flow=no,https://cdn.filestackcontent.com/YfH4WRyRuCK44krMHcnd
Dive Maui,goscubadivemaui,Dive@goscubadivemaui.com,808-661-7333,United States/Hawaii/Lahaina,-156.685302,20.884276,347652,Molokini Crater Backwall & Carthaginian Wreck 2 Tank,Scuba,1,59,0,https://fareharbor.com/embeds/calendar/goscubadivemaui/items/347652/?asn=fhdn&asn-ref=alloutdooradventures&ref=alloutdooradventures&bookable-only=yes&full-items=yes&marketplace=yes&flow=no,"<script src=""https://fareharbor.com/embeds/script/calendar/goscubadivemaui/items/347652/?asn=fhdn&asn-ref=alloutdooradventures&ref=alloutdooradventures&bookable-only=yes&full-items=yes&marketplace=yes&flow=no""></script>",https://fareharbor.com/embeds/book/goscubadivemaui/items/347652/?asn=fhdn&asn-ref=alloutdooradventures&ref=alloutdooradventures&bookable-only=yes&full-items=yes&marketplace=yes&flow=no,https://cdn.filestackcontent.com/YLm9iWCjQlapdtolx3hV
Maui Sunriders Bike Company,mauisunriders,info@mauisunriders.com,+1 808 579 8970,United States/Hawaii/Paia,,,437629,Road Bike Tour,Bike Tour,1,59,180,https://fareharbor.com/embeds/calendar/mauisunriders/items/437629/?asn=fhdn&asn-ref=alloutdooradventures&ref=alloutdooradventures&bookable-only=yes&full-items=yes&marketplace=yes&flow=no,"<script src=""https://fareharbor.com/embeds/script/calendar/mauisunriders/items/437629/?asn=fhdn&asn-ref=alloutdooradventures&ref=alloutdooradventures&bookable-only=yes&full-items=yes&marketplace=yes&flow=no""></script>",https://fareharbor.com/embeds/book/mauisunriders/items/437629/?asn=fhdn&asn-ref=alloutdooradventures&ref=alloutdooradventures&bookable-only=yes&full-items=yes&marketplace=yes&flow=no,https://cdn.filestackcontent.com/Y07Buux4QEWvowAXfbDb
Maui Sunriders Bike Company,mauisunriders,info@mauisunriders.com,+1 808 579 8970,United States/Hawaii/Paia,,,439524,Haleakala Downhill Upcountry Bike Tour,Bike Tour-Food Tour-Guided Tour-History Tour-Photography Tour,1,59,26,https://fareharbor.com/embeds/calendar/mauisunriders/items/439524/?asn=fhdn&asn-ref=alloutdooradventures&ref=alloutdooradventures&bookable-only=yes&full-items=yes&marketplace=yes&flow=no,"<script src=""https://fareharbor.com/embeds/script/calendar/mauisunriders/items/439524/?asn=fhdn&asn-ref=alloutdooradventures&ref=alloutdooradventures&bookable-only=yes&full-items=yes&marketplace=yes&flow=no""></script>",https://fareharbor.com/embeds/book/mauisunriders/items/439524/?asn=fhdn&asn-ref=alloutdooradventures&ref=alloutdooradventures&bookable-only=yes&full-items=yes&marketplace=yes&flow=no,https://cdn.filestackcontent.com/IcKTzKeESCqXDzDVpfCy
Dive Oahu,diveoahu,aloha@diveoahu.com,808-922-3483,United States/Hawaii/Honolulu,-157.85814,21.309884,494826,PADI Specialty Diver Course,Scuba-Water Activities,4,59,0,https://fareharbor.com/embeds/calendar/diveoahu/items/494826/?asn=fhdn&asn-ref=alloutdooradventures&ref=alloutdooradventures&bookable-only=yes&full-items=yes&marketplace=yes&flow=no,"<script src=""https://fareharbor.com/embeds/script/calendar/diveoahu/items/494826/?asn=fhdn&asn-ref=alloutdooradventures&ref=alloutdooradventures&bookable-only=yes&full-items=yes&marketplace=yes&flow=no""></script>",https://fareharbor.com/embeds/book/diveoahu/items/494826/?asn=fhdn&asn-ref=alloutdooradventures&ref=alloutdooradventures&bookable-only=yes&full-items=yes&marketplace=yes&flow=no,https://cdn.filestackcontent.com/OEaTLH4FT6m2mYL1GUfA
Volcano Ohana,volcanoohana,info@volcanoohana.com,(808)940-9611,United States/Hawaii/Keaau,,,599245,Hawaiian Beach Cliffs Scenic Fat Tire E-Bike Tour,Bike Tour,1,59,260,https://fareharbor.com/embeds/calendar/volcanoohana/items/599245/?asn=fhdn&asn-ref=alloutdooradventures&ref=alloutdooradventures&bookable-only=yes&full-items=yes&marketplace=yes&flow=no,"<script src=""https://fareharbor.com/embeds/script/calendar/volcanoohana/items/599245/?asn=fhdn&asn-ref=alloutdooradventures&ref=alloutdooradventures&bookable-only=yes&full-items=yes&marketplace=yes&flow=no""></script>",https://fareharbor.com/embeds/book/volcanoohana/items/599245/?asn=fhdn&asn-ref=alloutdooradventures&ref=alloutdooradventures&bookable-only=yes&full-items=yes&marketplace=yes&flow=no,https://cdn.filestackcontent.com/xPZ6URlfTgSmq51tUVNn
Sea Life Park,sealifeparkhi,reshawaii@sealifeparkhawaii.com,(808) 259-2500,United States/Hawaii/Waimanalo,,,625287,Dolphin Exploration,Dolphin,4,59,354,https://fareharbor.com/embeds/calendar/sealifeparkhi/items/625287/?asn=fhdn&asn-ref=alloutdooradventures&ref=alloutdooradventures&bookable-only=yes&full-items=yes&marketplace=yes&flow=no,"<script src=""https://fareharbor.com/embeds/script/calendar/sealifeparkhi/items/625287/?asn=fhdn&asn-ref=alloutdooradventures&ref=alloutdooradventures&bookable-only=yes&full-items=yes&marketplace=yes&flow=no""></script>",https://fareharbor.com/embeds/book/sealifeparkhi/items/625287/?asn=fhdn&asn-ref=alloutdooradventures&ref=alloutdooradventures&bookable-only=yes&full-items=yes&marketplace=yes&flow=no,https://cdn.filestackcontent.com/br1cPTz8ST6h9zi1Glb8
Extended Horizons Scuba,extendedhorizons,INFO@EXTENDEDHORIZONS.COM,(808) 667-0611,United States/Hawaii/Lahaina,,,693403,Private Scuba Diving,Scuba,1,59,180,https://fareharbor.com/embeds/calendar/extendedhorizons/items/693403/?asn=fhdn&asn-ref=alloutdooradventures&ref=alloutdooradventures&bookable-only=yes&full-items=yes&marketplace=yes&flow=no,"<script src=""https://fareharbor.com/embeds/script/calendar/extendedhorizons/items/693403/?asn=fhdn&asn-ref=alloutdooradventures&ref=alloutdooradventures&bookable-only=yes&full-items=yes&marketplace=yes&flow=no""></script>",https://fareharbor.com/embeds/book/extendedhorizons/items/693403/?asn=fhdn&asn-ref=alloutdooradventures&ref=alloutdooradventures&bookable-only=yes&full-items=yes&marketplace=yes&flow=no,https://cdn.filestackcontent.com/uclxGi3dQaCfaIFgWCZV
Extended Horizons Scuba,extendedhorizons,INFO@EXTENDEDHORIZONS.COM,(808) 667-0611,United States/Hawaii/Lahaina,,,693418,Guided Shore Dive,Scuba,1,59,180,https://fareharbor.com/embeds/calendar/extendedhorizons/items/693418/?asn=fhdn&asn-ref=alloutdooradventures&ref=alloutdooradventures&bookable-only=yes&full-items=yes&marketplace=yes&flow=no,"<script src=""https://fareharbor.com/embeds/script/calendar/extendedhorizons/items/693418/?asn=fhdn&asn-ref=alloutdooradventures&ref=alloutdooradventures&bookable-only=yes&full-items=yes&marketplace=yes&flow=no""></script>",https://fareharbor.com/embeds/book/extendedhorizons/items/693418/?asn=fhdn&asn-ref=alloutdooradventures&ref=alloutdooradventures&bookable-only=yes&full-items=yes&marketplace=yes&flow=no,https://cdn.filestackcontent.com/FyUOdK8GT1ak2Hr1lTDE
Extended Horizons Scuba,extendedhorizons,INFO@EXTENDEDHORIZONS.COM,(808) 667-0611,United States/Hawaii/Lahaina,,,693435,Night Dive,Scuba,1,59,0,https://fareharbor.com/embeds/calendar/extendedhorizons/items/693435/?asn=fhdn&asn-ref=alloutdooradventures&ref=alloutdooradventures&bookable-only=yes&full-items=yes&marketplace=yes&flow=no,"<script src=""https://fareharbor.com/embeds/script/calendar/extendedhorizons/items/693435/?asn=fhdn&asn-ref=alloutdooradventures&ref=alloutdooradventures&bookable-only=yes&full-items=yes&marketplace=yes&flow=no""></script>",https://fareharbor.com/embeds/book/extendedhorizons/items/693435/?asn=fhdn&asn-ref=alloutdooradventures&ref=alloutdooradventures&bookable-only=yes&full-items=yes&marketplace=yes&flow=no,https://cdn.filestackcontent.com/BUyjyVUsTk6mVl3KagkO
Extended Horizons Scuba,extendedhorizons,INFO@EXTENDEDHORIZONS.COM,(808) 667-0611,United States/Hawaii/Lahaina,,,693439,Discover Scuba,Scuba,1,59,180,https://fareharbor.com/embeds/calendar/extendedhorizons/items/693439/?asn=fhdn&asn-ref=alloutdooradventures&ref=alloutdooradventures&bookable-only=yes&full-items=yes&marketplace=yes&flow=no,"<script src=""https://fareharbor.com/embeds/script/calendar/extendedhorizons/items/693439/?asn=fhdn&asn-ref=alloutdooradventures&ref=alloutdooradventures&bookable-only=yes&full-items=yes&marketplace=yes&flow=no""></script>",https://fareharbor.com/embeds/book/extendedhorizons/items/693439/?asn=fhdn&asn-ref=alloutdooradventures&ref=alloutdooradventures&bookable-only=yes&full-items=yes&marketplace=yes&flow=no,https://cdn.filestackcontent.com/fgdChFWRTBC9yPb5fqTL
Extended Horizons Scuba,extendedhorizons,INFO@EXTENDEDHORIZONS.COM,(808) 667-0611,United States/Hawaii/Lahaina,,,693493,Private Intro to Scuba,Scuba,1,59,180,https://fareharbor.com/embeds/calendar/extendedhorizons/items/693493/?asn=fhdn&asn-ref=alloutdooradventures&ref=alloutdooradventures&bookable-only=yes&full-items=yes&marketplace=yes&flow=no,"<script src=""https://fareharbor.com/embeds/script/calendar/extendedhorizons/items/693493/?asn=fhdn&asn-ref=alloutdooradventures&ref=alloutdooradventures&bookable-only=yes&full-items=yes&marketplace=yes&flow=no""></script>",https://fareharbor.com/embeds/book/extendedhorizons/items/693493/?asn=fhdn&asn-ref=alloutdooradventures&ref=alloutdooradventures&bookable-only=yes&full-items=yes&marketplace=yes&flow=no,https://cdn.filestackcontent.com/Kqay6H5lS2iHdwcua3f1
Extended Horizons Scuba,extendedhorizons,INFO@EXTENDEDHORIZONS.COM,(808) 667-0611,United States/Hawaii/Lahaina,,,694119,Twilight + Night Dive Combo,Scuba,1,59,0,https://fareharbor.com/embeds/calendar/extendedhorizons/items/694119/?asn=fhdn&asn-ref=alloutdooradventures&ref=alloutdooradventures&bookable-only=yes&full-items=yes&marketplace=yes&flow=no,"<script src=""https://fareharbor.com/embeds/script/calendar/extendedhorizons/items/694119/?asn=fhdn&asn-ref=alloutdooradventures&ref=alloutdooradventures&bookable-only=yes&full-items=yes&marketplace=yes&flow=no""></script>",https://fareharbor.com/embeds/book/extendedhorizons/items/694119/?asn=fhdn&asn-ref=alloutdooradventures&ref=alloutdooradventures&bookable-only=yes&full-items=yes&marketplace=yes&flow=no,https://cdn.filestackcontent.com/Q9AiTs0VQV2jB5fFFVRz
Rainbow Kayak Tours,rainbowkayak,rainbowkayaktours@gmail.com,808-826-2505,United States/Hawaii/Kapaʻa,,,1890,Secret Falls Tour,Hiking,1,58,256,https://fareharbor.com/embeds/calendar/rainbowkayak/items/1890/?asn=fhdn&asn-ref=alloutdooradventures&ref=alloutdooradventures&bookable-only=yes&full-items=yes&marketplace=yes&flow=no,"<script src=""https://fareharbor.com/embeds/script/calendar/rainbowkayak/items/1890/?asn=fhdn&asn-ref=alloutdooradventures&ref=alloutdooradventures&bookable-only=yes&full-items=yes&marketplace=yes&flow=no""></script>",https://fareharbor.com/embeds/book/rainbowkayak/items/1890/?asn=fhdn&asn-ref=alloutdooradventures&ref=alloutdooradventures&bookable-only=yes&full-items=yes&marketplace=yes&flow=no,https://www.filepicker.io/api/file/bay3MYmgSXPhj51o2djw
Kona Boys,konaboys,info@konaboys.com,808-328-1234,United States/Hawaii/Kailua-Kona,-155.997479,19.640138,6980,Wa’a (Hawaiian Outrigger Canoe) Rides,Canoe,1,58,900,https://fareharbor.com/embeds/calendar/konaboys/items/6980/?asn=fhdn&asn-ref=alloutdooradventures&ref=alloutdooradventures&bookable-only=yes&full-items=yes&marketplace=yes&flow=no,"<script src=""https://fareharbor.com/embeds/script/calendar/konaboys/items/6980/?asn=fhdn&asn-ref=alloutdooradventures&ref=alloutdooradventures&bookable-only=yes&full-items=yes&marketplace=yes&flow=no""></script>",https://fareharbor.com/embeds/book/konaboys/items/6980/?asn=fhdn&asn-ref=alloutdooradventures&ref=alloutdooradventures&bookable-only=yes&full-items=yes&marketplace=yes&flow=no,https://www.filepicker.io/api/file/m9MtBxwwQ0ug608NqiMN
Maui Kayaks,mauikayaks,paul@mauikayaks.com,+1 808-874-4000,United States/Hawaii/Kihei,,,26663,Makena Turtle Town Eco Adventure,Dolphin-Kayak-Snorkel,1,58,180,https://fareharbor.com/embeds/calendar/mauikayaks/items/26663/?asn=fhdn&asn-ref=alloutdooradventures&ref=alloutdooradventures&bookable-only=yes&full-items=yes&marketplace=yes&flow=no,"<script src=""https://fareharbor.com/embeds/script/calendar/mauikayaks/items/26663/?asn=fhdn&asn-ref=alloutdooradventures&ref=alloutdooradventures&bookable-only=yes&full-items=yes&marketplace=yes&flow=no""></script>",https://fareharbor.com/embeds/book/mauikayaks/items/26663/?asn=fhdn&asn-ref=alloutdooradventures&ref=alloutdooradventures&bookable-only=yes&full-items=yes&marketplace=yes&flow=no,https://www.filepicker.io/api/file/VNqnC56NQRaXegJw9uUt
Dolphin Divers,oahuscubadiving,oahudolphindivers@gmail.com,808 478 1104,United States/Hawaii/Waianae,-158.196641,21.450213,65102,Two Tank - Dusk/Night $219,Boat Rental-Dolphin-Free Diving-Scuba-Sightseeing Tour-Snorkel-Water Activities-Whale Watch-Wildlife,1,58,49,https://fareharbor.com/embeds/calendar/oahuscubadiving/items/65102/?asn=fhdn&asn-ref=alloutdooradventures&ref=alloutdooradventures&bookable-only=yes&full-items=yes&marketplace=yes&flow=no,"<script src=""https://fareharbor.com/embeds/script/calendar/oahuscubadiving/items/65102/?asn=fhdn&asn-ref=alloutdooradventures&ref=alloutdooradventures&bookable-only=yes&full-items=yes&marketplace=yes&flow=no""></script>",https://fareharbor.com/embeds/book/oahuscubadiving/items/65102/?asn=fhdn&asn-ref=alloutdooradventures&ref=alloutdooradventures&bookable-only=yes&full-items=yes&marketplace=yes&flow=no,https://cdn.filestackcontent.com/w3tzuPDRUqtkKFJbx06K
Big Kahuna Water Sports,alohascubadiving,dive@alohascubadiving.com,808-542-9494,United States/Hawaii/Honolulu,,,104330,Get Scuba Certified,Scuba,1,58,0,https://fareharbor.com/embeds/calendar/alohascubadiving/items/104330/?asn=fhdn&asn-ref=alloutdooradventures&ref=alloutdooradventures&bookable-only=yes&full-items=yes&marketplace=yes&flow=no,"<script src=""https://fareharbor.com/embeds/script/calendar/alohascubadiving/items/104330/?asn=fhdn&asn-ref=alloutdooradventures&ref=alloutdooradventures&bookable-only=yes&full-items=yes&marketplace=yes&flow=no""></script>",https://fareharbor.com/embeds/book/alohascubadiving/items/104330/?asn=fhdn&asn-ref=alloutdooradventures&ref=alloutdooradventures&bookable-only=yes&full-items=yes&marketplace=yes&flow=no,https://cdn.filestackcontent.com/d89GZuVQP2Lf6YLCzKtA
Ocean Encounters,oceanencounters,konafishing@bitemesportfishing.com,(808) 494-9150,United States/Hawaii/Kailua-Kona,,,194930,Ultimate Ocean Encounter - OE2,Dolphin-Snorkel,1,58,358,https://fareharbor.com/embeds/calendar/oceanencounters/items/194930/?asn=fhdn&asn-ref=alloutdooradventures&ref=alloutdooradventures&bookable-only=yes&full-items=yes&marketplace=yes&flow=no,"<script src=""https://fareharbor.com/embeds/script/calendar/oceanencounters/items/194930/?asn=fhdn&asn-ref=alloutdooradventures&ref=alloutdooradventures&bookable-only=yes&full-items=yes&marketplace=yes&flow=no""></script>",https://fareharbor.com/embeds/book/oceanencounters/items/194930/?asn=fhdn&asn-ref=alloutdooradventures&ref=alloutdooradventures&bookable-only=yes&full-items=yes&marketplace=yes&flow=no,https://cdn.filestackcontent.com/kcXQooUVSOqXe0vovGBv
Kona Shore Divers,konashoredivers,konashoredivers@outlook.com,(808) 238-1818,United States/Hawaii/Kailua-Kona,,,242669,PADI Open Water Diver Course eLearning,Scuba-Water Activities,1,58,180,https://fareharbor.com/embeds/calendar/konashoredivers/items/242669/?asn=fhdn&asn-ref=alloutdooradventures&ref=alloutdooradventures&bookable-only=yes&full-items=yes&marketplace=yes&flow=no,"<script src=""https://fareharbor.com/embeds/script/calendar/konashoredivers/items/242669/?asn=fhdn&asn-ref=alloutdooradventures&ref=alloutdooradventures&bookable-only=yes&full-items=yes&marketplace=yes&flow=no""></script>",https://fareharbor.com/embeds/book/konashoredivers/items/242669/?asn=fhdn&asn-ref=alloutdooradventures&ref=alloutdooradventures&bookable-only=yes&full-items=yes&marketplace=yes&flow=no,https://cdn.filestackcontent.com/lgQNcc8KRYWXJKTIYtZY
Kona Shore Divers,konashoredivers,konashoredivers@outlook.com,(808) 238-1818,United States/Hawaii/Kailua-Kona,,,246638,Nitrox eLearning Course,Scuba,1,58,180,https://fareharbor.com/embeds/calendar/konashoredivers/items/246638/?asn=fhdn&asn-ref=alloutdooradventures&ref=alloutdooradventures&bookable-only=yes&full-items=yes&marketplace=yes&flow=no,"<script src=""https://fareharbor.com/embeds/script/calendar/konashoredivers/items/246638/?asn=fhdn&asn-ref=alloutdooradventures&ref=alloutdooradventures&bookable-only=yes&full-items=yes&marketplace=yes&flow=no""></script>",https://fareharbor.com/embeds/book/konashoredivers/items/246638/?asn=fhdn&asn-ref=alloutdooradventures&ref=alloutdooradventures&bookable-only=yes&full-items=yes&marketplace=yes&flow=no,https://cdn.filestackcontent.com/UIDHaebSXaPVUhWqjQAr
Kona Shore Divers,konashoredivers,konashoredivers@outlook.com,(808) 238-1818,United States/Hawaii/Kailua-Kona,,,300857,Rescue Diver Course Day 1,Scuba,1,58,180,https://fareharbor.com/embeds/calendar/konashoredivers/items/300857/?asn=fhdn&asn-ref=alloutdooradventures&ref=alloutdooradventures&bookable-only=yes&full-items=yes&marketplace=yes&flow=no,"<script src=""https://fareharbor.com/embeds/script/calendar/konashoredivers/items/300857/?asn=fhdn&asn-ref=alloutdooradventures&ref=alloutdooradventures&bookable-only=yes&full-items=yes&marketplace=yes&flow=no""></script>",https://fareharbor.com/embeds/book/konashoredivers/items/300857/?asn=fhdn&asn-ref=alloutdooradventures&ref=alloutdooradventures&bookable-only=yes&full-items=yes&marketplace=yes&flow=no,https://cdn.filestackcontent.com/kjbrkaRXTLmxpx5bc0lQ
Kona Shore Divers,konashoredivers,konashoredivers@outlook.com,(808) 238-1818,United States/Hawaii/Kailua-Kona,,,300858,Rescue Diver Course Day 2,Scuba,1,58,180,https://fareharbor.com/embeds/calendar/konashoredivers/items/300858/?asn=fhdn&asn-ref=alloutdooradventures&ref=alloutdooradventures&bookable-only=yes&full-items=yes&marketplace=yes&flow=no,"<script src=""https://fareharbor.com/embeds/script/calendar/konashoredivers/items/300858/?asn=fhdn&asn-ref=alloutdooradventures&ref=alloutdooradventures&bookable-only=yes&full-items=yes&marketplace=yes&flow=no""></script>",https://fareharbor.com/embeds/book/konashoredivers/items/300858/?asn=fhdn&asn-ref=alloutdooradventures&ref=alloutdooradventures&bookable-only=yes&full-items=yes&marketplace=yes&flow=no,https://cdn.filestackcontent.com/y8IZa1SM2VTZakcGBQRQ
Adventures in Paradise Oahu,adventuresinparadiseoahu,adventuresinparadiseoahu@gmail.com,(808) 386-2993,United States/Hawaii/Honolulu,,,370554,Circle Island Adventure Tour,Farm-Hiking-Snorkel-Surf,1,58,180,https://fareharbor.com/embeds/calendar/adventuresinparadiseoahu/items/370554/?asn=fhdn&asn-ref=alloutdooradventures&ref=alloutdooradventures&bookable-only=yes&full-items=yes&marketplace=yes&flow=no,"<script src=""https://fareharbor.com/embeds/script/calendar/adventuresinparadiseoahu/items/370554/?asn=fhdn&asn-ref=alloutdooradventures&ref=alloutdooradventures&bookable-only=yes&full-items=yes&marketplace=yes&flow=no""></script>",https://fareharbor.com/embeds/book/adventuresinparadiseoahu/items/370554/?asn=fhdn&asn-ref=alloutdooradventures&ref=alloutdooradventures&bookable-only=yes&full-items=yes&marketplace=yes&flow=no,https://cdn.filestackcontent.com/gr3sGCA9SCVIRVH7b4Tg
Custom Island Tours LLC,customislandtours,quarkcsj@hotmail.com,(808) 216-1410,United States/Hawaii/Honolulu,,,468515,Jungle Hike,Hiking,1,58,180,https://fareharbor.com/embeds/calendar/customislandtours/items/468515/?asn=fhdn&asn-ref=alloutdooradventures&ref=alloutdooradventures&bookable-only=yes&full-items=yes&marketplace=yes&flow=no,"<script src=""https://fareharbor.com/embeds/script/calendar/customislandtours/items/468515/?asn=fhdn&asn-ref=alloutdooradventures&ref=alloutdooradventures&bookable-only=yes&full-items=yes&marketplace=yes&flow=no""></script>",https://fareharbor.com/embeds/book/customislandtours/items/468515/?asn=fhdn&asn-ref=alloutdooradventures&ref=alloutdooradventures&bookable-only=yes&full-items=yes&marketplace=yes&flow=no,https://cdn.filestackcontent.com/nFIkGdcHQtCRwKfDq5HE
Ocean Therapy Charters,oceantherapycharters,info@oceantherapycharters.com,808-336-2194,United States/Hawaii/Honolulu,,,512571,Scuba Dive - 1 Tank Reef Dive,Scuba,1,58,0,https://fareharbor.com/embeds/calendar/oceantherapycharters/items/512571/?asn=fhdn&asn-ref=alloutdooradventures&ref=alloutdooradventures&bookable-only=yes&full-items=yes&marketplace=yes&flow=no,"<script src=""https://fareharbor.com/embeds/script/calendar/oceantherapycharters/items/512571/?asn=fhdn&asn-ref=alloutdooradventures&ref=alloutdooradventures&bookable-only=yes&full-items=yes&marketplace=yes&flow=no""></script>",https://fareharbor.com/embeds/book/oceantherapycharters/items/512571/?asn=fhdn&asn-ref=alloutdooradventures&ref=alloutdooradventures&bookable-only=yes&full-items=yes&marketplace=yes&flow=no,https://cdn.filestackcontent.com/a0M1PKvdTC2fl0bv4IU3
Oahu Hiking Adventures,oahuhikingadventures,oahuhikingadventures@gmail.com,(206) 619-2096,United States/Hawaii/Waianae,,,550163,"Private Bucket List Adventure Day- Hikes, Beaches, Waterfalls",Hiking,1,58,0,https://fareharbor.com/embeds/calendar/oahuhikingadventures/items/550163/?asn=fhdn&asn-ref=alloutdooradventures&ref=alloutdooradventures&bookable-only=yes&full-items=yes&marketplace=yes&flow=no,"<script src=""https://fareharbor.com/embeds/script/calendar/oahuhikingadventures/items/550163/?asn=fhdn&asn-ref=alloutdooradventures&ref=alloutdooradventures&bookable-only=yes&full-items=yes&marketplace=yes&flow=no""></script>",https://fareharbor.com/embeds/book/oahuhikingadventures/items/550163/?asn=fhdn&asn-ref=alloutdooradventures&ref=alloutdooradventures&bookable-only=yes&full-items=yes&marketplace=yes&flow=no,https://cdn.filestackcontent.com/oZcjCa6kTtG6CF6wgagG
Sea Life Park,sealifeparkhi,reshawaii@sealifeparkhawaii.com,(808) 259-2500,United States/Hawaii/Waimanalo,,,625449,Dolphin Aloha,Dolphin,3,58,354,https://fareharbor.com/embeds/calendar/sealifeparkhi/items/625449/?asn=fhdn&asn-ref=alloutdooradventures&ref=alloutdooradventures&bookable-only=yes&full-items=yes&marketplace=yes&flow=no,"<script src=""https://fareharbor.com/embeds/script/calendar/sealifeparkhi/items/625449/?asn=fhdn&asn-ref=alloutdooradventures&ref=alloutdooradventures&bookable-only=yes&full-items=yes&marketplace=yes&flow=no""></script>",https://fareharbor.com/embeds/book/sealifeparkhi/items/625449/?asn=fhdn&asn-ref=alloutdooradventures&ref=alloutdooradventures&bookable-only=yes&full-items=yes&marketplace=yes&flow=no,https://cdn.filestackcontent.com/kGrCPOAzQ8Gbcm0AtCyb
Trident Adventures,tridentadventures,Dive@TridentAdventures.com,808-762-3483,United States/Hawaii/Honolulu,,,695833,Clark's Cay Private Island Escape,Scuba-Snorkel-Water Activities,3,58,1,https://fareharbor.com/embeds/calendar/tridentadventures/items/695833/?asn=fhdn&asn-ref=alloutdooradventures&ref=alloutdooradventures&bookable-only=yes&full-items=yes&marketplace=yes&flow=no,"<script src=""https://fareharbor.com/embeds/script/calendar/tridentadventures/items/695833/?asn=fhdn&asn-ref=alloutdooradventures&ref=alloutdooradventures&bookable-only=yes&full-items=yes&marketplace=yes&flow=no""></script>",https://fareharbor.com/embeds/book/tridentadventures/items/695833/?asn=fhdn&asn-ref=alloutdooradventures&ref=alloutdooradventures&bookable-only=yes&full-items=yes&marketplace=yes&flow=no,https://cdn.filestackcontent.com/Ya6I4ahxQwvgleI0KGiF
Ola ParaDive,olaparadive,info@olaparadive.com,+18083486645,United States/Hawaii/Honolulu,-157.829185,21.279346,202836,Boat Snorkeling Tour,Boat Tour-Dolphin-Snorkel,4,57,180,https://fareharbor.com/embeds/calendar/olaparadive/items/202836/?asn=fhdn&asn-ref=alloutdooradventures&ref=alloutdooradventures&bookable-only=yes&full-items=yes&marketplace=yes&flow=no,"<script src=""https://fareharbor.com/embeds/script/calendar/olaparadive/items/202836/?asn=fhdn&asn-ref=alloutdooradventures&ref=alloutdooradventures&bookable-only=yes&full-items=yes&marketplace=yes&flow=no""></script>",https://fareharbor.com/embeds/book/olaparadive/items/202836/?asn=fhdn&asn-ref=alloutdooradventures&ref=alloutdooradventures&bookable-only=yes&full-items=yes&marketplace=yes&flow=no,https://cdn.filestackcontent.com/VOXUdttkTeOFhNkugh6e
Hawaiian Style Tours & Transportation,hawaiianstyletours,hawaiianislandstyletours@gmail.com,(808) 264-3374,United States/Hawaii/Wailuku,-156.504834,20.886943,296384,Hike into Heritage: Luxury Rainforest Hike & Waterfall Swim - Private Cadillac Escalade,Climbing-Hiking-History Tour,4,57,0,https://fareharbor.com/embeds/calendar/hawaiianstyletours/items/296384/?asn=fhdn&asn-ref=alloutdooradventures&ref=alloutdooradventures&bookable-only=yes&full-items=yes&marketplace=yes&flow=no,"<script src=""https://fareharbor.com/embeds/script/calendar/hawaiianstyletours/items/296384/?asn=fhdn&asn-ref=alloutdooradventures&ref=alloutdooradventures&bookable-only=yes&full-items=yes&marketplace=yes&flow=no""></script>",https://fareharbor.com/embeds/book/hawaiianstyletours/items/296384/?asn=fhdn&asn-ref=alloutdooradventures&ref=alloutdooradventures&bookable-only=yes&full-items=yes&marketplace=yes&flow=no,https://cdn.filestackcontent.com/F4NbnNtdSWq8YijfRdeT
Emountain Bike Tour Maui llc,emountainbiketourmauillc,info@emountainbiketourmaui.com,808-666-4046,United States/Hawaii/Kihei,-156.430842,20.688469,647486,The Private Tour,Bike Tour,1,57,128,https://fareharbor.com/embeds/calendar/emountainbiketourmauillc/items/647486/?asn=fhdn&asn-ref=alloutdooradventures&ref=alloutdooradventures&bookable-only=yes&full-items=yes&marketplace=yes&flow=no,"<script src=""https://fareharbor.com/embeds/script/calendar/emountainbiketourmauillc/items/647486/?asn=fhdn&asn-ref=alloutdooradventures&ref=alloutdooradventures&bookable-only=yes&full-items=yes&marketplace=yes&flow=no""></script>",https://fareharbor.com/embeds/book/emountainbiketourmauillc/items/647486/?asn=fhdn&asn-ref=alloutdooradventures&ref=alloutdooradventures&bookable-only=yes&full-items=yes&marketplace=yes&flow=no,https://cdn.filestackcontent.com/xvgrTPQCR5mzUFUSPqOy
Hawaii Surf and Kayak,hawaiisurfandkayak,hawaiisurfandkayak@gmail.com,808-741-7768,United States/Hawaii/Waimea,,,588,Kayak/Snorkel,Dolphin-Kayak-Snorkel,1,55,136,https://fareharbor.com/embeds/calendar/hawaiisurfandkayak/items/588/?asn=fhdn&asn-ref=alloutdooradventures&ref=alloutdooradventures&bookable-only=yes&full-items=yes&marketplace=yes&flow=no,"<script src=""https://fareharbor.com/embeds/script/calendar/hawaiisurfandkayak/items/588/?asn=fhdn&asn-ref=alloutdooradventures&ref=alloutdooradventures&bookable-only=yes&full-items=yes&marketplace=yes&flow=no""></script>",https://fareharbor.com/embeds/book/hawaiisurfandkayak/items/588/?asn=fhdn&asn-ref=alloutdooradventures&ref=alloutdooradventures&bookable-only=yes&full-items=yes&marketplace=yes&flow=no,https://cdn.filestackcontent.com/npvGTZq6TbaRaHkUZFaZ
Bike Tour Hawaii,biketourhawaii,biketourhawaii@gmail.com,(808) 392-5414,United States/Hawaii/Honolulu,,,20498,Diamond Head Bike to Hike,Bike Tour,8,55,180,https://fareharbor.com/embeds/calendar/biketourhawaii/items/20498/?asn=fhdn&asn-ref=alloutdooradventures&ref=alloutdooradventures&bookable-only=yes&full-items=yes&marketplace=yes&flow=no,"<script src=""https://fareharbor.com/embeds/script/calendar/biketourhawaii/items/20498/?asn=fhdn&asn-ref=alloutdooradventures&ref=alloutdooradventures&bookable-only=yes&full-items=yes&marketplace=yes&flow=no""></script>",https://fareharbor.com/embeds/book/biketourhawaii/items/20498/?asn=fhdn&asn-ref=alloutdooradventures&ref=alloutdooradventures&bookable-only=yes&full-items=yes&marketplace=yes&flow=no,https://www.filepicker.io/api/file/zgPMYNRsQ6PTdImCq7Q0
Bike Tour Hawaii,biketourhawaii,biketourhawaii@gmail.com,(808) 392-5414,United States/Hawaii/Honolulu,,,20506,Hawaiian Foodie Bike Tour,Bike Tour,9,55,155,https://fareharbor.com/embeds/calendar/biketourhawaii/items/20506/?asn=fhdn&asn-ref=alloutdooradventures&ref=alloutdooradventures&bookable-only=yes&full-items=yes&marketplace=yes&flow=no,"<script src=""https://fareharbor.com/embeds/script/calendar/biketourhawaii/items/20506/?asn=fhdn&asn-ref=alloutdooradventures&ref=alloutdooradventures&bookable-only=yes&full-items=yes&marketplace=yes&flow=no""></script>",https://fareharbor.com/embeds/book/biketourhawaii/items/20506/?asn=fhdn&asn-ref=alloutdooradventures&ref=alloutdooradventures&bookable-only=yes&full-items=yes&marketplace=yes&flow=no,https://www.filepicker.io/api/file/VtICGX5cSDqyBvOS8q0N
Bike Tour Hawaii,biketourhawaii,biketourhawaii@gmail.com,(808) 392-5414,United States/Hawaii/Honolulu,,,58782,Manoa Falls Electric Bike to Hike,Bike Tour-Hiking,12,55,128,https://fareharbor.com/embeds/calendar/biketourhawaii/items/58782/?asn=fhdn&asn-ref=alloutdooradventures&ref=alloutdooradventures&bookable-only=yes&full-items=yes&marketplace=yes&flow=no,"<script src=""https://fareharbor.com/embeds/script/calendar/biketourhawaii/items/58782/?asn=fhdn&asn-ref=alloutdooradventures&ref=alloutdooradventures&bookable-only=yes&full-items=yes&marketplace=yes&flow=no""></script>",https://fareharbor.com/embeds/book/biketourhawaii/items/58782/?asn=fhdn&asn-ref=alloutdooradventures&ref=alloutdooradventures&bookable-only=yes&full-items=yes&marketplace=yes&flow=no,https://cdn.filestackcontent.com/XQDrl6hHS3e4iO2Kfi12
Kona Shore Divers,konashoredivers,konashoredivers@outlook.com,(808) 238-1818,United States/Hawaii/Kailua-Kona,,,110086,PADI Discover Scuba Dive,Scuba,0,55,180,https://fareharbor.com/embeds/calendar/konashoredivers/items/110086/?asn=fhdn&asn-ref=alloutdooradventures&ref=alloutdooradventures&bookable-only=yes&full-items=yes&marketplace=yes&flow=no,"<script src=""https://fareharbor.com/embeds/script/calendar/konashoredivers/items/110086/?asn=fhdn&asn-ref=alloutdooradventures&ref=alloutdooradventures&bookable-only=yes&full-items=yes&marketplace=yes&flow=no""></script>",https://fareharbor.com/embeds/book/konashoredivers/items/110086/?asn=fhdn&asn-ref=alloutdooradventures&ref=alloutdooradventures&bookable-only=yes&full-items=yes&marketplace=yes&flow=no,https://cdn.filestackcontent.com/P1cKv3PIT1uwt3E9JFzt
Bike Tour Hawaii,biketourhawaii,biketourhawaii@gmail.com,(808) 392-5414,United States/Hawaii/Honolulu,,,114800,Private Bike Tour Experience,Bike Tour,7,55,77,https://fareharbor.com/embeds/calendar/biketourhawaii/items/114800/?asn=fhdn&asn-ref=alloutdooradventures&ref=alloutdooradventures&bookable-only=yes&full-items=yes&marketplace=yes&flow=no,"<script src=""https://fareharbor.com/embeds/script/calendar/biketourhawaii/items/114800/?asn=fhdn&asn-ref=alloutdooradventures&ref=alloutdooradventures&bookable-only=yes&full-items=yes&marketplace=yes&flow=no""></script>",https://fareharbor.com/embeds/book/biketourhawaii/items/114800/?asn=fhdn&asn-ref=alloutdooradventures&ref=alloutdooradventures&bookable-only=yes&full-items=yes&marketplace=yes&flow=no,https://cdn.filestackcontent.com/VGnDcJlRQRunimhP9Hqp
Kona Shore Divers,konashoredivers,konashoredivers@outlook.com,(808) 238-1818,United States/Hawaii/Kailua-Kona,,,131871,Sunset Reef Dive,Scuba,0,55,0,https://fareharbor.com/embeds/calendar/konashoredivers/items/131871/?asn=fhdn&asn-ref=alloutdooradventures&ref=alloutdooradventures&bookable-only=yes&full-items=yes&marketplace=yes&flow=no,"<script src=""https://fareharbor.com/embeds/script/calendar/konashoredivers/items/131871/?asn=fhdn&asn-ref=alloutdooradventures&ref=alloutdooradventures&bookable-only=yes&full-items=yes&marketplace=yes&flow=no""></script>",https://fareharbor.com/embeds/book/konashoredivers/items/131871/?asn=fhdn&asn-ref=alloutdooradventures&ref=alloutdooradventures&bookable-only=yes&full-items=yes&marketplace=yes&flow=no,https://cdn.filestackcontent.com/T0lAKD3fTfO9dSecKQqu
Kona Shore Divers,konashoredivers,konashoredivers@outlook.com,(808) 238-1818,United States/Hawaii/Kailua-Kona,,,131872,Open Water Diver Course Day 1,Scuba-Snorkel,0,55,180,https://fareharbor.com/embeds/calendar/konashoredivers/items/131872/?asn=fhdn&asn-ref=alloutdooradventures&ref=alloutdooradventures&bookable-only=yes&full-items=yes&marketplace=yes&flow=no,"<script src=""https://fareharbor.com/embeds/script/calendar/konashoredivers/items/131872/?asn=fhdn&asn-ref=alloutdooradventures&ref=alloutdooradventures&bookable-only=yes&full-items=yes&marketplace=yes&flow=no""></script>",https://fareharbor.com/embeds/book/konashoredivers/items/131872/?asn=fhdn&asn-ref=alloutdooradventures&ref=alloutdooradventures&bookable-only=yes&full-items=yes&marketplace=yes&flow=no,https://cdn.filestackcontent.com/xbkNlo1bTHKoSFP3qaCk
Kona Shore Divers,konashoredivers,konashoredivers@outlook.com,(808) 238-1818,United States/Hawaii/Kailua-Kona,,,131874,Advanced Open Water Day 1,Scuba,0,55,180,https://fareharbor.com/embeds/calendar/konashoredivers/items/131874/?asn=fhdn&asn-ref=alloutdooradventures&ref=alloutdooradventures&bookable-only=yes&full-items=yes&marketplace=yes&flow=no,"<script src=""https://fareharbor.com/embeds/script/calendar/konashoredivers/items/131874/?asn=fhdn&asn-ref=alloutdooradventures&ref=alloutdooradventures&bookable-only=yes&full-items=yes&marketplace=yes&flow=no""></script>",https://fareharbor.com/embeds/book/konashoredivers/items/131874/?asn=fhdn&asn-ref=alloutdooradventures&ref=alloutdooradventures&bookable-only=yes&full-items=yes&marketplace=yes&flow=no,https://cdn.filestackcontent.com/NI3CwpdSCScfyZdrU99Q
Shaxi Hawaii,shaxihawaii,service@shaxihawaii.com,+1 808 600 3900,United States/Hawaii/Kahuku,,,174158,Shaxi Diamond Head Hiking and Waikiki Beach Tour,Hiking,10,55,0,https://fareharbor.com/embeds/calendar/shaxihawaii/items/174158/?asn=fhdn&asn-ref=alloutdooradventures&ref=alloutdooradventures&bookable-only=yes&full-items=yes&marketplace=yes&flow=no,"<script src=""https://fareharbor.com/embeds/script/calendar/shaxihawaii/items/174158/?asn=fhdn&asn-ref=alloutdooradventures&ref=alloutdooradventures&bookable-only=yes&full-items=yes&marketplace=yes&flow=no""></script>",https://fareharbor.com/embeds/book/shaxihawaii/items/174158/?asn=fhdn&asn-ref=alloutdooradventures&ref=alloutdooradventures&bookable-only=yes&full-items=yes&marketplace=yes&flow=no,https://cdn.filestackcontent.com/W3ebxZEWTumZkOzT4Nle
Hawaii Nautical Big Island,hawaiinautical-kona,res@hawaiinautical.com,808-234-7245,United States/Hawaii/Kailua-Kona,,,288736,Kona Tradewind Day Sail,Catamaran-Dolphin-Sailing,2,55,138,https://fareharbor.com/embeds/calendar/hawaiinautical-kona/items/288736/?asn=fhdn&asn-ref=alloutdooradventures&ref=alloutdooradventures&bookable-only=yes&full-items=yes&marketplace=yes&flow=no,"<script src=""https://fareharbor.com/embeds/script/calendar/hawaiinautical-kona/items/288736/?asn=fhdn&asn-ref=alloutdooradventures&ref=alloutdooradventures&bookable-only=yes&full-items=yes&marketplace=yes&flow=no""></script>",https://fareharbor.com/embeds/book/hawaiinautical-kona/items/288736/?asn=fhdn&asn-ref=alloutdooradventures&ref=alloutdooradventures&bookable-only=yes&full-items=yes&marketplace=yes&flow=no,https://cdn.filestackcontent.com/SUOzCHl0SKCXHLvknrOU
Honolulu Sailing Co.,honsail,info@honsail.com,808-239-3900,United States/Hawaii/Honolulu,,,292927,Waikiki Sail & Snorkel Adventure,Dolphin-Sailing-Snorkel,7,55,2160,https://fareharbor.com/embeds/calendar/honsail/items/292927/?asn=fhdn&asn-ref=alloutdooradventures&ref=alloutdooradventures&bookable-only=yes&full-items=yes&marketplace=yes&flow=no,"<script src=""https://fareharbor.com/embeds/script/calendar/honsail/items/292927/?asn=fhdn&asn-ref=alloutdooradventures&ref=alloutdooradventures&bookable-only=yes&full-items=yes&marketplace=yes&flow=no""></script>",https://fareharbor.com/embeds/book/honsail/items/292927/?asn=fhdn&asn-ref=alloutdooradventures&ref=alloutdooradventures&bookable-only=yes&full-items=yes&marketplace=yes&flow=no,https://cdn.filestackcontent.com/LNKrz1QruAL8C1ogOfQM
Gabriel's Ohana,gabrielsohana,papabear@gabrielsohana.com,808-419-5970,United States/Hawaii/Kahului,,,367278,Ocean Kayak and Reef Snorkeling Tour - Olowalu,Air Activities-Boat Tour-Dolphin-Kayak-Skydive-Snorkel,16,55,180,https://fareharbor.com/embeds/calendar/gabrielsohana/items/367278/?asn=fhdn&asn-ref=alloutdooradventures&ref=alloutdooradventures&bookable-only=yes&full-items=yes&marketplace=yes&flow=no,"<script src=""https://fareharbor.com/embeds/script/calendar/gabrielsohana/items/367278/?asn=fhdn&asn-ref=alloutdooradventures&ref=alloutdooradventures&bookable-only=yes&full-items=yes&marketplace=yes&flow=no""></script>",https://fareharbor.com/embeds/book/gabrielsohana/items/367278/?asn=fhdn&asn-ref=alloutdooradventures&ref=alloutdooradventures&bookable-only=yes&full-items=yes&marketplace=yes&flow=no,https://cdn.filestackcontent.com/qllUvK53TVyzBs3u662l
Ono Kauai Food Tours,onokauaifoodtours,onokauaifoodtours@gmail.com,18084647759,United States/Hawaii/Hanalei,,,404652,Honolulu's Lunchtime Walking Food Tour,Boat Tour-Wellness-Food Tour-Hiking-History Tour-Photography Tour-Surf-Walking Tour-Water Activities,12,55,0,https://fareharbor.com/embeds/calendar/onokauaifoodtours/items/404652/?asn=fhdn&asn-ref=alloutdooradventures&ref=alloutdooradventures&bookable-only=yes&full-items=yes&marketplace=yes&flow=no,"<script src=""https://fareharbor.com/embeds/script/calendar/onokauaifoodtours/items/404652/?asn=fhdn&asn-ref=alloutdooradventures&ref=alloutdooradventures&bookable-only=yes&full-items=yes&marketplace=yes&flow=no""></script>",https://fareharbor.com/embeds/book/onokauaifoodtours/items/404652/?asn=fhdn&asn-ref=alloutdooradventures&ref=alloutdooradventures&bookable-only=yes&full-items=yes&marketplace=yes&flow=no,https://cdn.filestackcontent.com/HLqSRW4NSL2yCKlnta2W
Fathom Five Divers,fathomfive,fathom5@fathomfive.com,808 742 6991,United States/Hawaii/Koloa,,,425897,PADI Open Water Certification Class with e-Learning,Scuba-Water Activities,9,55,0,https://fareharbor.com/embeds/calendar/fathomfive/items/425897/?asn=fhdn&asn-ref=alloutdooradventures&ref=alloutdooradventures&bookable-only=yes&full-items=yes&marketplace=yes&flow=no,"<script src=""https://fareharbor.com/embeds/script/calendar/fathomfive/items/425897/?asn=fhdn&asn-ref=alloutdooradventures&ref=alloutdooradventures&bookable-only=yes&full-items=yes&marketplace=yes&flow=no""></script>",https://fareharbor.com/embeds/book/fathomfive/items/425897/?asn=fhdn&asn-ref=alloutdooradventures&ref=alloutdooradventures&bookable-only=yes&full-items=yes&marketplace=yes&flow=no,https://cdn.filestackcontent.com/BPMI1uE7RdiVRcn9HSg2
Fathom Five Divers,fathomfive,fathom5@fathomfive.com,808 742 6991,United States/Hawaii/Koloa,,,425901,PADI/SSI Open Water Referral - 4 Dives,Scuba-Water Activities,11,55,0,https://fareharbor.com/embeds/calendar/fathomfive/items/425901/?asn=fhdn&asn-ref=alloutdooradventures&ref=alloutdooradventures&bookable-only=yes&full-items=yes&marketplace=yes&flow=no,"<script src=""https://fareharbor.com/embeds/script/calendar/fathomfive/items/425901/?asn=fhdn&asn-ref=alloutdooradventures&ref=alloutdooradventures&bookable-only=yes&full-items=yes&marketplace=yes&flow=no""></script>",https://fareharbor.com/embeds/book/fathomfive/items/425901/?asn=fhdn&asn-ref=alloutdooradventures&ref=alloutdooradventures&bookable-only=yes&full-items=yes&marketplace=yes&flow=no,https://cdn.filestackcontent.com/sspxT4DeT7OAQB4NGZz1
Fathom Five Divers,fathomfive,fathom5@fathomfive.com,808 742 6991,United States/Hawaii/Koloa,,,425903,PADI/SSI Open Water Referral - 2 Dives,Scuba-Water Activities,8,55,0,https://fareharbor.com/embeds/calendar/fathomfive/items/425903/?asn=fhdn&asn-ref=alloutdooradventures&ref=alloutdooradventures&bookable-only=yes&full-items=yes&marketplace=yes&flow=no,"<script src=""https://fareharbor.com/embeds/script/calendar/fathomfive/items/425903/?asn=fhdn&asn-ref=alloutdooradventures&ref=alloutdooradventures&bookable-only=yes&full-items=yes&marketplace=yes&flow=no""></script>",https://fareharbor.com/embeds/book/fathomfive/items/425903/?asn=fhdn&asn-ref=alloutdooradventures&ref=alloutdooradventures&bookable-only=yes&full-items=yes&marketplace=yes&flow=no,https://cdn.filestackcontent.com/5iaCqeM7TXTkKamzobHW
Aloha Ocean LLC,oahudolphinswim,shanti@alohaocean.net,808-799-8809,United States/Hawaii/Waianae,,,453704,Swim with Wild Dolphins in West Oahu,Boat Tour-Dolphin-Private,14,55,363,https://fareharbor.com/embeds/calendar/oahudolphinswim/items/453704/?asn=fhdn&asn-ref=alloutdooradventures&ref=alloutdooradventures&bookable-only=yes&full-items=yes&marketplace=yes&flow=no,"<script src=""https://fareharbor.com/embeds/script/calendar/oahudolphinswim/items/453704/?asn=fhdn&asn-ref=alloutdooradventures&ref=alloutdooradventures&bookable-only=yes&full-items=yes&marketplace=yes&flow=no""></script>",https://fareharbor.com/embeds/book/oahudolphinswim/items/453704/?asn=fhdn&asn-ref=alloutdooradventures&ref=alloutdooradventures&bookable-only=yes&full-items=yes&marketplace=yes&flow=no,https://cdn.filestackcontent.com/QQHtVFkxTvaLyk3xWrjY
Bike Tour Hawaii,biketourhawaii,biketourhawaii@gmail.com,(808) 392-5414,United States/Hawaii/Honolulu,,,480009,Diamond Head Electric Bike to Hike,Hiking-Walking Tour,6,55,180,https://fareharbor.com/embeds/calendar/biketourhawaii/items/480009/?asn=fhdn&asn-ref=alloutdooradventures&ref=alloutdooradventures&bookable-only=yes&full-items=yes&marketplace=yes&flow=no,"<script src=""https://fareharbor.com/embeds/script/calendar/biketourhawaii/items/480009/?asn=fhdn&asn-ref=alloutdooradventures&ref=alloutdooradventures&bookable-only=yes&full-items=yes&marketplace=yes&flow=no""></script>",https://fareharbor.com/embeds/book/biketourhawaii/items/480009/?asn=fhdn&asn-ref=alloutdooradventures&ref=alloutdooradventures&bookable-only=yes&full-items=yes&marketplace=yes&flow=no,https://cdn.filestackcontent.com/hUvl8KaIQOuvpPV7kQjy
Holo Holo Maui Tours,holoholomauitours,holoholomaui@gmail.com,(808) 298-5562,United States/Hawaii/Kahului,,,484551,Haleakala Summit & Stroll (API Only),Hiking,0,55,318,https://fareharbor.com/embeds/calendar/holoholomauitours/items/484551/?asn=fhdn&asn-ref=alloutdooradventures&ref=alloutdooradventures&bookable-only=yes&full-items=yes&marketplace=yes&flow=no,"<script src=""https://fareharbor.com/embeds/script/calendar/holoholomauitours/items/484551/?asn=fhdn&asn-ref=alloutdooradventures&ref=alloutdooradventures&bookable-only=yes&full-items=yes&marketplace=yes&flow=no""></script>",https://fareharbor.com/embeds/book/holoholomauitours/items/484551/?asn=fhdn&asn-ref=alloutdooradventures&ref=alloutdooradventures&bookable-only=yes&full-items=yes&marketplace=yes&flow=no,
Holo Holo Maui Tours,holoholomauitours,holoholomaui@gmail.com,(808) 298-5562,United States/Hawaii/Kahului,,,484568,‘Iao Valley Excursion (API Only),Hiking,0,55,1254,https://fareharbor.com/embeds/calendar/holoholomauitours/items/484568/?asn=fhdn&asn-ref=alloutdooradventures&ref=alloutdooradventures&bookable-only=yes&full-items=yes&marketplace=yes&flow=no,"<script src=""https://fareharbor.com/embeds/script/calendar/holoholomauitours/items/484568/?asn=fhdn&asn-ref=alloutdooradventures&ref=alloutdooradventures&bookable-only=yes&full-items=yes&marketplace=yes&flow=no""></script>",https://fareharbor.com/embeds/book/holoholomauitours/items/484568/?asn=fhdn&asn-ref=alloutdooradventures&ref=alloutdooradventures&bookable-only=yes&full-items=yes&marketplace=yes&flow=no,
Fathom Five Divers,fathomfive,fathom5@fathomfive.com,808 742 6991,United States/Hawaii/Koloa,,,535953,PADI Rescue Diver Certification Class with eLearning,Scuba-Water Activities,9,55,0,https://fareharbor.com/embeds/calendar/fathomfive/items/535953/?asn=fhdn&asn-ref=alloutdooradventures&ref=alloutdooradventures&bookable-only=yes&full-items=yes&marketplace=yes&flow=no,"<script src=""https://fareharbor.com/embeds/script/calendar/fathomfive/items/535953/?asn=fhdn&asn-ref=alloutdooradventures&ref=alloutdooradventures&bookable-only=yes&full-items=yes&marketplace=yes&flow=no""></script>",https://fareharbor.com/embeds/book/fathomfive/items/535953/?asn=fhdn&asn-ref=alloutdooradventures&ref=alloutdooradventures&bookable-only=yes&full-items=yes&marketplace=yes&flow=no,https://cdn.filestackcontent.com/ORsWP6A1Smqo5m0NZMRm
We Wave Logistics (Jeep Tours),wewavelogistics,info@wewavelogistics.com,808 647 5836,United States/Hawaii/Kihei,,,565823,Private Road to Hana Maui Open-Air Jeep Tour,Jeep,14,55,180,https://fareharbor.com/embeds/calendar/wewavelogistics/items/565823/?asn=fhdn&asn-ref=alloutdooradventures&ref=alloutdooradventures&bookable-only=yes&full-items=yes&marketplace=yes&flow=no,"<script src=""https://fareharbor.com/embeds/script/calendar/wewavelogistics/items/565823/?asn=fhdn&asn-ref=alloutdooradventures&ref=alloutdooradventures&bookable-only=yes&full-items=yes&marketplace=yes&flow=no""></script>",https://fareharbor.com/embeds/book/wewavelogistics/items/565823/?asn=fhdn&asn-ref=alloutdooradventures&ref=alloutdooradventures&bookable-only=yes&full-items=yes&marketplace=yes&flow=no,https://cdn.filestackcontent.com/DwMo18mOSMeiBImfoEno
We Wave Logistics (Jeep Tours),wewavelogistics,info@wewavelogistics.com,808 647 5836,United States/Hawaii/Kihei,,,565829,Private Half-Day HĀNA Maui Open-Air Jeep Tour,Jeep,7,55,360,https://fareharbor.com/embeds/calendar/wewavelogistics/items/565829/?asn=fhdn&asn-ref=alloutdooradventures&ref=alloutdooradventures&bookable-only=yes&full-items=yes&marketplace=yes&flow=no,"<script src=""https://fareharbor.com/embeds/script/calendar/wewavelogistics/items/565829/?asn=fhdn&asn-ref=alloutdooradventures&ref=alloutdooradventures&bookable-only=yes&full-items=yes&marketplace=yes&flow=no""></script>",https://fareharbor.com/embeds/book/wewavelogistics/items/565829/?asn=fhdn&asn-ref=alloutdooradventures&ref=alloutdooradventures&bookable-only=yes&full-items=yes&marketplace=yes&flow=no,https://cdn.filestackcontent.com/Qwt6vKYdTfmHzcGyMcUK
We Wave Logistics (Jeep Tours),wewavelogistics,info@wewavelogistics.com,808 647 5836,United States/Hawaii/Kihei,,,565836,Private West Maui Coastline Open-Air Jeep Tour,Jeep,12,55,360,https://fareharbor.com/embeds/calendar/wewavelogistics/items/565836/?asn=fhdn&asn-ref=alloutdooradventures&ref=alloutdooradventures&bookable-only=yes&full-items=yes&marketplace=yes&flow=no,"<script src=""https://fareharbor.com/embeds/script/calendar/wewavelogistics/items/565836/?asn=fhdn&asn-ref=alloutdooradventures&ref=alloutdooradventures&bookable-only=yes&full-items=yes&marketplace=yes&flow=no""></script>",https://fareharbor.com/embeds/book/wewavelogistics/items/565836/?asn=fhdn&asn-ref=alloutdooradventures&ref=alloutdooradventures&bookable-only=yes&full-items=yes&marketplace=yes&flow=no,https://cdn.filestackcontent.com/gM2gpbgnSneHyihcygQ0
North Shore Catamaran Charters,sailingcat,customerservice@sailingcat.com,+1 808 351 9371,United States/Hawaii/Haleiwa,-158.105763,21.593247,800,Morning Sail & Snorkel,Catamaran-Dolphin-Sailing-Snorkel-Surf,1,54,82,https://fareharbor.com/embeds/calendar/sailingcat/items/800/?asn=fhdn&asn-ref=alloutdooradventures&ref=alloutdooradventures&bookable-only=yes&full-items=yes&marketplace=yes&flow=no,"<script src=""https://fareharbor.com/embeds/script/calendar/sailingcat/items/800/?asn=fhdn&asn-ref=alloutdooradventures&ref=alloutdooradventures&bookable-only=yes&full-items=yes&marketplace=yes&flow=no""></script>",https://fareharbor.com/embeds/book/sailingcat/items/800/?asn=fhdn&asn-ref=alloutdooradventures&ref=alloutdooradventures&bookable-only=yes&full-items=yes&marketplace=yes&flow=no,https://www.filepicker.io/api/file/fO0Tn5i4Toy3yHhPNHtW
Kailua Ocean Adventures,kailuaoceanadventures,aloha@koacanoes.com,808-518-1284,United States/Hawaii/Kailua,,,8149,Huaka'i Waʻa Pe’a (Hawaiian Sailing Canoe),Canoe-History Tour-Sailing,5,54,0,https://fareharbor.com/embeds/calendar/kailuaoceanadventures/items/8149/?asn=fhdn&asn-ref=alloutdooradventures&ref=alloutdooradventures&bookable-only=yes&full-items=yes&marketplace=yes&flow=no,"<script src=""https://fareharbor.com/embeds/script/calendar/kailuaoceanadventures/items/8149/?asn=fhdn&asn-ref=alloutdooradventures&ref=alloutdooradventures&bookable-only=yes&full-items=yes&marketplace=yes&flow=no""></script>",https://fareharbor.com/embeds/book/kailuaoceanadventures/items/8149/?asn=fhdn&asn-ref=alloutdooradventures&ref=alloutdooradventures&bookable-only=yes&full-items=yes&marketplace=yes&flow=no,https://cdn.filestackcontent.com/BsgfZsUFR0RIfFyCgAJ7
Go Adventure Hawaii,goadventurehawaii,goadventurehawaii@gmail.com,808-637-9737,United States/Hawaii/Haleiwa,,,331452,Custom Day Trip,Boat Tour-Dolphin-Fishing-Free Diving-Private-Snorkel-Water Activities-Whale Watch,9,54,180,https://fareharbor.com/embeds/calendar/goadventurehawaii/items/331452/?asn=fhdn&asn-ref=alloutdooradventures&ref=alloutdooradventures&bookable-only=yes&full-items=yes&marketplace=yes&flow=no,"<script src=""https://fareharbor.com/embeds/script/calendar/goadventurehawaii/items/331452/?asn=fhdn&asn-ref=alloutdooradventures&ref=alloutdooradventures&bookable-only=yes&full-items=yes&marketplace=yes&flow=no""></script>",https://fareharbor.com/embeds/book/goadventurehawaii/items/331452/?asn=fhdn&asn-ref=alloutdooradventures&ref=alloutdooradventures&bookable-only=yes&full-items=yes&marketplace=yes&flow=no,https://cdn.filestackcontent.com/Vr5L7RtERbC8nCttBXyL
Epic Maui Hikes,epicmauihikes,mauihikes@gmail.com,(808) 658 1900,United States/Hawaii/Kihei,,,100723,Spiritual Adventure,Hiking,5,53,360,https://fareharbor.com/embeds/calendar/epicmauihikes/items/100723/?asn=fhdn&asn-ref=alloutdooradventures&ref=alloutdooradventures&bookable-only=yes&full-items=yes&marketplace=yes&flow=no,"<script src=""https://fareharbor.com/embeds/script/calendar/epicmauihikes/items/100723/?asn=fhdn&asn-ref=alloutdooradventures&ref=alloutdooradventures&bookable-only=yes&full-items=yes&marketplace=yes&flow=no""></script>",https://fareharbor.com/embeds/book/epicmauihikes/items/100723/?asn=fhdn&asn-ref=alloutdooradventures&ref=alloutdooradventures&bookable-only=yes&full-items=yes&marketplace=yes&flow=no,https://cdn.filestackcontent.com/c6DJ2AyTze8cTVcQTYS9
Big Kahuna Water Sports,alohascubadiving,dive@alohascubadiving.com,808-542-9494,United States/Hawaii/Honolulu,,,109145,Certified Boat Dive,Scuba,1,53,360,https://fareharbor.com/embeds/calendar/alohascubadiving/items/109145/?asn=fhdn&asn-ref=alloutdooradventures&ref=alloutdooradventures&bookable-only=yes&full-items=yes&marketplace=yes&flow=no,"<script src=""https://fareharbor.com/embeds/script/calendar/alohascubadiving/items/109145/?asn=fhdn&asn-ref=alloutdooradventures&ref=alloutdooradventures&bookable-only=yes&full-items=yes&marketplace=yes&flow=no""></script>",https://fareharbor.com/embeds/book/alohascubadiving/items/109145/?asn=fhdn&asn-ref=alloutdooradventures&ref=alloutdooradventures&bookable-only=yes&full-items=yes&marketplace=yes&flow=no,https://cdn.filestackcontent.com/l8a5KftQC6D9RwureFp8
Kona Shore Divers,konashoredivers,konashoredivers@outlook.com,(808) 238-1818,United States/Hawaii/Kailua-Kona,,,246645,"Emergency First Responder w/ eLearning (CPR, First Aid, and AED Certification)",Scuba,1,53,0,https://fareharbor.com/embeds/calendar/konashoredivers/items/246645/?asn=fhdn&asn-ref=alloutdooradventures&ref=alloutdooradventures&bookable-only=yes&full-items=yes&marketplace=yes&flow=no,"<script src=""https://fareharbor.com/embeds/script/calendar/konashoredivers/items/246645/?asn=fhdn&asn-ref=alloutdooradventures&ref=alloutdooradventures&bookable-only=yes&full-items=yes&marketplace=yes&flow=no""></script>",https://fareharbor.com/embeds/book/konashoredivers/items/246645/?asn=fhdn&asn-ref=alloutdooradventures&ref=alloutdooradventures&bookable-only=yes&full-items=yes&marketplace=yes&flow=no,https://cdn.filestackcontent.com/wMbgUXGcQ3ugqbpgOthM
Captain Chad's Charters,captainchads,captainchads@gmail.com,(808)-825-8805,United States/Hawaii/Waimea,,,277531,Wildlife Encounter Snorkel,Dolphin-Snorkel,6,53,179,https://fareharbor.com/embeds/calendar/captainchads/items/277531/?asn=fhdn&asn-ref=alloutdooradventures&ref=alloutdooradventures&bookable-only=yes&full-items=yes&marketplace=yes&flow=no,"<script src=""https://fareharbor.com/embeds/script/calendar/captainchads/items/277531/?asn=fhdn&asn-ref=alloutdooradventures&ref=alloutdooradventures&bookable-only=yes&full-items=yes&marketplace=yes&flow=no""></script>",https://fareharbor.com/embeds/book/captainchads/items/277531/?asn=fhdn&asn-ref=alloutdooradventures&ref=alloutdooradventures&bookable-only=yes&full-items=yes&marketplace=yes&flow=no,https://cdn.filestackcontent.com/yg7uGot2QGqPl5IGGvTI
Maui Photography Tours,mauiphotographytours,indigopaia@gmail.com,(808) 579-9199,United States/Hawaii/Makawao,-156.310748,20.853696,322038,Iao Valley Hike,Hiking-Walking Tour,2,53,180,https://fareharbor.com/embeds/calendar/mauiphotographytours/items/322038/?asn=fhdn&asn-ref=alloutdooradventures&ref=alloutdooradventures&bookable-only=yes&full-items=yes&marketplace=yes&flow=no,"<script src=""https://fareharbor.com/embeds/script/calendar/mauiphotographytours/items/322038/?asn=fhdn&asn-ref=alloutdooradventures&ref=alloutdooradventures&bookable-only=yes&full-items=yes&marketplace=yes&flow=no""></script>",https://fareharbor.com/embeds/book/mauiphotographytours/items/322038/?asn=fhdn&asn-ref=alloutdooradventures&ref=alloutdooradventures&bookable-only=yes&full-items=yes&marketplace=yes&flow=no,https://cdn.filestackcontent.com/hFSbqj1ERBq6DgMRF0gD
Kohala Divers,kohaladivers,godiving@kohaladivers.com,+1 8088827774,United States/Hawaii/Waimea,,,359099,Emergency First Response Certification: CPR and First Aid,Scuba,2,53,0,https://fareharbor.com/embeds/calendar/kohaladivers/items/359099/?asn=fhdn&asn-ref=alloutdooradventures&ref=alloutdooradventures&bookable-only=yes&full-items=yes&marketplace=yes&flow=no,"<script src=""https://fareharbor.com/embeds/script/calendar/kohaladivers/items/359099/?asn=fhdn&asn-ref=alloutdooradventures&ref=alloutdooradventures&bookable-only=yes&full-items=yes&marketplace=yes&flow=no""></script>",https://fareharbor.com/embeds/book/kohaladivers/items/359099/?asn=fhdn&asn-ref=alloutdooradventures&ref=alloutdooradventures&bookable-only=yes&full-items=yes&marketplace=yes&flow=no,https://cdn.filestackcontent.com/7I5D3F7hTziOIcyTxwdh
Triple L Ranch Maui Private Custom Horseback Riding,triplelranchmaui,info@triplelranchmaui.com,808-280-7070,United States/Hawaii/Kula,,,381487,Waitlist,Horse,1,53,0,https://fareharbor.com/embeds/calendar/triplelranchmaui/items/381487/?asn=fhdn&asn-ref=alloutdooradventures&ref=alloutdooradventures&bookable-only=yes&full-items=yes&marketplace=yes&flow=no,"<script src=""https://fareharbor.com/embeds/script/calendar/triplelranchmaui/items/381487/?asn=fhdn&asn-ref=alloutdooradventures&ref=alloutdooradventures&bookable-only=yes&full-items=yes&marketplace=yes&flow=no""></script>",https://fareharbor.com/embeds/book/triplelranchmaui/items/381487/?asn=fhdn&asn-ref=alloutdooradventures&ref=alloutdooradventures&bookable-only=yes&full-items=yes&marketplace=yes&flow=no,https://cdn.filestackcontent.com/uOsMcvd9Sk6hLzhBjBgJ
Big Island Motorcycle Company,bigislandmotorcyclecompany,bigislandmotorcycleco@yahoo.com,1-808-886-2011,United States/Hawaii/Waikoloa Village,,,451944,EBC E-Bikes,Bike Tour-E-Bike,1,53,1286,https://fareharbor.com/embeds/calendar/bigislandmotorcyclecompany/items/451944/?asn=fhdn&asn-ref=alloutdooradventures&ref=alloutdooradventures&bookable-only=yes&full-items=yes&marketplace=yes&flow=no,"<script src=""https://fareharbor.com/embeds/script/calendar/bigislandmotorcyclecompany/items/451944/?asn=fhdn&asn-ref=alloutdooradventures&ref=alloutdooradventures&bookable-only=yes&full-items=yes&marketplace=yes&flow=no""></script>",https://fareharbor.com/embeds/book/bigislandmotorcyclecompany/items/451944/?asn=fhdn&asn-ref=alloutdooradventures&ref=alloutdooradventures&bookable-only=yes&full-items=yes&marketplace=yes&flow=no,https://cdn.filestackcontent.com/m0FU8UawTiy7fsBUmZN9
Ohana Ranch,ohanaranch,info@ohanaranch.com,808-481-4054,United States/Hawaii/Mountain View,,,631170,Ohana Ranch ATV Tour,Attraction-ATV/UTV-Eco Tour-Farm-Sightseeing Tour,5,52,540,https://fareharbor.com/embeds/calendar/ohanaranch/items/631170/?asn=fhdn&asn-ref=alloutdooradventures&ref=alloutdooradventures&bookable-only=yes&full-items=yes&marketplace=yes&flow=no,"<script src=""https://fareharbor.com/embeds/script/calendar/ohanaranch/items/631170/?asn=fhdn&asn-ref=alloutdooradventures&ref=alloutdooradventures&bookable-only=yes&full-items=yes&marketplace=yes&flow=no""></script>",https://fareharbor.com/embeds/book/ohanaranch/items/631170/?asn=fhdn&asn-ref=alloutdooradventures&ref=alloutdooradventures&bookable-only=yes&full-items=yes&marketplace=yes&flow=no,https://cdn.filestackcontent.com/7yi9SbvRQuqiEJ0Ptse4
Honolulu Sailing Co.,honsail,info@honsail.com,808-239-3900,United States/Hawaii/Honolulu,,,5544,Diamond Head Sunset Cruise,Boat Tour-Dolphin-Sailing,4,51,720,https://fareharbor.com/embeds/calendar/honsail/items/5544/?asn=fhdn&asn-ref=alloutdooradventures&ref=alloutdooradventures&bookable-only=yes&full-items=yes&marketplace=yes&flow=no,"<script src=""https://fareharbor.com/embeds/script/calendar/honsail/items/5544/?asn=fhdn&asn-ref=alloutdooradventures&ref=alloutdooradventures&bookable-only=yes&full-items=yes&marketplace=yes&flow=no""></script>",https://fareharbor.com/embeds/book/honsail/items/5544/?asn=fhdn&asn-ref=alloutdooradventures&ref=alloutdooradventures&bookable-only=yes&full-items=yes&marketplace=yes&flow=no,https://cdn.filestackcontent.com/htVdDcyTbmrWD28rEThe
Kailua Ocean Adventures,kailuaoceanadventures,aloha@koacanoes.com,808-518-1284,United States/Hawaii/Kailua,,,7430,Hoe Wa'a (Hawaiian Canoe Paddle),Canoe-History Tour-Surf,6,51,0,https://fareharbor.com/embeds/calendar/kailuaoceanadventures/items/7430/?asn=fhdn&asn-ref=alloutdooradventures&ref=alloutdooradventures&bookable-only=yes&full-items=yes&marketplace=yes&flow=no,"<script src=""https://fareharbor.com/embeds/script/calendar/kailuaoceanadventures/items/7430/?asn=fhdn&asn-ref=alloutdooradventures&ref=alloutdooradventures&bookable-only=yes&full-items=yes&marketplace=yes&flow=no""></script>",https://fareharbor.com/embeds/book/kailuaoceanadventures/items/7430/?asn=fhdn&asn-ref=alloutdooradventures&ref=alloutdooradventures&bookable-only=yes&full-items=yes&marketplace=yes&flow=no,https://cdn.filestackcontent.com/KuvhSgYvRMeT7zdzxUt0
Honolulu Sailing Co.,honsail,info@honsail.com,808-239-3900,United States/Hawaii/Honolulu,,,326199,OFFSHORE FISHING,Dolphin-Fishing-Sailing-Snorkel,4,51,2160,https://fareharbor.com/embeds/calendar/honsail/items/326199/?asn=fhdn&asn-ref=alloutdooradventures&ref=alloutdooradventures&bookable-only=yes&full-items=yes&marketplace=yes&flow=no,"<script src=""https://fareharbor.com/embeds/script/calendar/honsail/items/326199/?asn=fhdn&asn-ref=alloutdooradventures&ref=alloutdooradventures&bookable-only=yes&full-items=yes&marketplace=yes&flow=no""></script>",https://fareharbor.com/embeds/book/honsail/items/326199/?asn=fhdn&asn-ref=alloutdooradventures&ref=alloutdooradventures&bookable-only=yes&full-items=yes&marketplace=yes&flow=no,https://cdn.filestackcontent.com/c6ZsUh1nQ3253yXfSJJ1
Gabriel's Ohana,gabrielsohana,papabear@gabrielsohana.com,808-419-5970,United States/Hawaii/Kahului,,,367255,Whale Watch by Kayak,Dolphin-Kayak-Whale Watch,4,51,57,https://fareharbor.com/embeds/calendar/gabrielsohana/items/367255/?asn=fhdn&asn-ref=alloutdooradventures&ref=alloutdooradventures&bookable-only=yes&full-items=yes&marketplace=yes&flow=no,"<script src=""https://fareharbor.com/embeds/script/calendar/gabrielsohana/items/367255/?asn=fhdn&asn-ref=alloutdooradventures&ref=alloutdooradventures&bookable-only=yes&full-items=yes&marketplace=yes&flow=no""></script>",https://fareharbor.com/embeds/book/gabrielsohana/items/367255/?asn=fhdn&asn-ref=alloutdooradventures&ref=alloutdooradventures&bookable-only=yes&full-items=yes&marketplace=yes&flow=no,https://cdn.filestackcontent.com/kb364evTShsGphbCVHsZ
Bike Tour Hawaii,biketourhawaii,biketourhawaii@gmail.com,(808) 392-5414,United States/Hawaii/Honolulu,,,558599,Hawaii Foodie Budget Bike Tour,Bike Tour-Food Tour-Guided Tour,6,51,155,https://fareharbor.com/embeds/calendar/biketourhawaii/items/558599/?asn=fhdn&asn-ref=alloutdooradventures&ref=alloutdooradventures&bookable-only=yes&full-items=yes&marketplace=yes&flow=no,"<script src=""https://fareharbor.com/embeds/script/calendar/biketourhawaii/items/558599/?asn=fhdn&asn-ref=alloutdooradventures&ref=alloutdooradventures&bookable-only=yes&full-items=yes&marketplace=yes&flow=no""></script>",https://fareharbor.com/embeds/book/biketourhawaii/items/558599/?asn=fhdn&asn-ref=alloutdooradventures&ref=alloutdooradventures&bookable-only=yes&full-items=yes&marketplace=yes&flow=no,https://cdn.filestackcontent.com/DmounhDRIuE4XYuWglsz
Sea Life Park,sealifeparkhi,reshawaii@sealifeparkhawaii.com,(808) 259-2500,United States/Hawaii/Waimanalo,,,625447,Dolphin Encounter,Dolphin,2,51,431,https://fareharbor.com/embeds/calendar/sealifeparkhi/items/625447/?asn=fhdn&asn-ref=alloutdooradventures&ref=alloutdooradventures&bookable-only=yes&full-items=yes&marketplace=yes&flow=no,"<script src=""https://fareharbor.com/embeds/script/calendar/sealifeparkhi/items/625447/?asn=fhdn&asn-ref=alloutdooradventures&ref=alloutdooradventures&bookable-only=yes&full-items=yes&marketplace=yes&flow=no""></script>",https://fareharbor.com/embeds/book/sealifeparkhi/items/625447/?asn=fhdn&asn-ref=alloutdooradventures&ref=alloutdooradventures&bookable-only=yes&full-items=yes&marketplace=yes&flow=no,https://cdn.filestackcontent.com/rOHOY7kGQfGLlCi0UBGg
Maui Mountain Riders,mountainriders,info@mountainriders.com,808-877-4944,United States/Hawaii/Paia,,,275180,Maui Sunrise Volcano Bike Tour,Bike Tour-History Tour-Transportation,6,50,75,https://fareharbor.com/embeds/calendar/mountainriders/items/275180/?asn=fhdn&asn-ref=alloutdooradventures&ref=alloutdooradventures&bookable-only=yes&full-items=yes&marketplace=yes&flow=no,"<script src=""https://fareharbor.com/embeds/script/calendar/mountainriders/items/275180/?asn=fhdn&asn-ref=alloutdooradventures&ref=alloutdooradventures&bookable-only=yes&full-items=yes&marketplace=yes&flow=no""></script>",https://fareharbor.com/embeds/book/mountainriders/items/275180/?asn=fhdn&asn-ref=alloutdooradventures&ref=alloutdooradventures&bookable-only=yes&full-items=yes&marketplace=yes&flow=no,https://cdn.filestackcontent.com/Jfspf85ZTmGjbaqQ6xc3
Maui Eco Tours/South Pacific Kayak/Kelii's Kayaks,mauiecotours,kayak@southpacifickayaks.com,(808) 875-4848,United States/Hawaii/Kihei,-106.534838,38.794595,17106,Kayak Rental Makena Landing,Dolphin-Kayak-Snorkel,1,49,0,https://fareharbor.com/embeds/calendar/mauiecotours/items/17106/?asn=fhdn&asn-ref=alloutdooradventures&ref=alloutdooradventures&bookable-only=yes&full-items=yes&marketplace=yes&flow=no,"<script src=""https://fareharbor.com/embeds/script/calendar/mauiecotours/items/17106/?asn=fhdn&asn-ref=alloutdooradventures&ref=alloutdooradventures&bookable-only=yes&full-items=yes&marketplace=yes&flow=no""></script>",https://fareharbor.com/embeds/book/mauiecotours/items/17106/?asn=fhdn&asn-ref=alloutdooradventures&ref=alloutdooradventures&bookable-only=yes&full-items=yes&marketplace=yes&flow=no,https://www.filepicker.io/api/file/t1SFoFXVSlSbmqCqn7qr
Hawaii Oceanic,hawaiioceanic,hawaiioceanic@gmail.com,+1808-209-9680,United States/Hawaii/Kailua-Kona,,,63260,Dolphin Dreaming,Boat Tour-Dolphin-Snorkel,1,49,0,https://fareharbor.com/embeds/calendar/hawaiioceanic/items/63260/?asn=fhdn&asn-ref=alloutdooradventures&ref=alloutdooradventures&bookable-only=yes&full-items=yes&marketplace=yes&flow=no,"<script src=""https://fareharbor.com/embeds/script/calendar/hawaiioceanic/items/63260/?asn=fhdn&asn-ref=alloutdooradventures&ref=alloutdooradventures&bookable-only=yes&full-items=yes&marketplace=yes&flow=no""></script>",https://fareharbor.com/embeds/book/hawaiioceanic/items/63260/?asn=fhdn&asn-ref=alloutdooradventures&ref=alloutdooradventures&bookable-only=yes&full-items=yes&marketplace=yes&flow=no,https://cdn.filestackcontent.com/8dNfLFIwR1Gduhz5nN6j
Kittie Travel,monksealtourbykittie,Keiko@kittietravelandiliokai.com,+1 808 518-7642,United States/Hawaii/Kahuku,,,161830,North Shore Tour,Environmental Attraction-Hiking,1,49,180,https://fareharbor.com/embeds/calendar/monksealtourbykittie/items/161830/?asn=fhdn&asn-ref=alloutdooradventures&ref=alloutdooradventures&bookable-only=yes&full-items=yes&marketplace=yes&flow=no,"<script src=""https://fareharbor.com/embeds/script/calendar/monksealtourbykittie/items/161830/?asn=fhdn&asn-ref=alloutdooradventures&ref=alloutdooradventures&bookable-only=yes&full-items=yes&marketplace=yes&flow=no""></script>",https://fareharbor.com/embeds/book/monksealtourbykittie/items/161830/?asn=fhdn&asn-ref=alloutdooradventures&ref=alloutdooradventures&bookable-only=yes&full-items=yes&marketplace=yes&flow=no,https://cdn.filestackcontent.com/YmaqLL9KQdKoFaxFQdrZ
Kittie Travel,monksealtourbykittie,Keiko@kittietravelandiliokai.com,+1 808 518-7642,United States/Hawaii/Kapolei,,,161836,Leeward Beach,Environmental Attraction-Hiking,1,49,180,https://fareharbor.com/embeds/calendar/monksealtourbykittie/items/161836/?asn=fhdn&asn-ref=alloutdooradventures&ref=alloutdooradventures&bookable-only=yes&full-items=yes&marketplace=yes&flow=no,"<script src=""https://fareharbor.com/embeds/script/calendar/monksealtourbykittie/items/161836/?asn=fhdn&asn-ref=alloutdooradventures&ref=alloutdooradventures&bookable-only=yes&full-items=yes&marketplace=yes&flow=no""></script>",https://fareharbor.com/embeds/book/monksealtourbykittie/items/161836/?asn=fhdn&asn-ref=alloutdooradventures&ref=alloutdooradventures&bookable-only=yes&full-items=yes&marketplace=yes&flow=no,https://cdn.filestackcontent.com/ZXfDTtqDRIyQO43plILP
Trident Adventures,tridentadventures,Dive@TridentAdventures.com,808-762-3483,United States/Hawaii/Honolulu,,,176810,Mermaid Swim,Scuba-Snorkel-Water Activities,0,49,2,https://fareharbor.com/embeds/calendar/tridentadventures/items/176810/?asn=fhdn&asn-ref=alloutdooradventures&ref=alloutdooradventures&bookable-only=yes&full-items=yes&marketplace=yes&flow=no,"<script src=""https://fareharbor.com/embeds/script/calendar/tridentadventures/items/176810/?asn=fhdn&asn-ref=alloutdooradventures&ref=alloutdooradventures&bookable-only=yes&full-items=yes&marketplace=yes&flow=no""></script>",https://fareharbor.com/embeds/book/tridentadventures/items/176810/?asn=fhdn&asn-ref=alloutdooradventures&ref=alloutdooradventures&bookable-only=yes&full-items=yes&marketplace=yes&flow=no,https://cdn.filestackcontent.com/HgWXLTbwTuCEPNbDjPPY
Honolulu Sailing Co.,honsail,info@honsail.com,808-239-3900,United States/Hawaii/Honolulu,,,326188,Private Whale Watching Cruise,Dolphin-Sailing-Whale Watch,4,49,540,https://fareharbor.com/embeds/calendar/honsail/items/326188/?asn=fhdn&asn-ref=alloutdooradventures&ref=alloutdooradventures&bookable-only=yes&full-items=yes&marketplace=yes&flow=no,"<script src=""https://fareharbor.com/embeds/script/calendar/honsail/items/326188/?asn=fhdn&asn-ref=alloutdooradventures&ref=alloutdooradventures&bookable-only=yes&full-items=yes&marketplace=yes&flow=no""></script>",https://fareharbor.com/embeds/book/honsail/items/326188/?asn=fhdn&asn-ref=alloutdooradventures&ref=alloutdooradventures&bookable-only=yes&full-items=yes&marketplace=yes&flow=no,https://cdn.filestackcontent.com/nucPbfFTV6Por7hEY5Lx
Kona Style,konasnorkelandsail,aloha@konastyle.com,+1 8089361323,United States/Hawaii/Kailua-Kona,,,347581,Afternoon Kealakekua Snorkel and Sail,Dolphin-Sailing-Snorkel,1,49,0,https://fareharbor.com/embeds/calendar/konasnorkelandsail/items/347581/?asn=fhdn&asn-ref=alloutdooradventures&ref=alloutdooradventures&bookable-only=yes&full-items=yes&marketplace=yes&flow=no,"<script src=""https://fareharbor.com/embeds/script/calendar/konasnorkelandsail/items/347581/?asn=fhdn&asn-ref=alloutdooradventures&ref=alloutdooradventures&bookable-only=yes&full-items=yes&marketplace=yes&flow=no""></script>",https://fareharbor.com/embeds/book/konasnorkelandsail/items/347581/?asn=fhdn&asn-ref=alloutdooradventures&ref=alloutdooradventures&bookable-only=yes&full-items=yes&marketplace=yes&flow=no,https://cdn.filestackcontent.com/kjwbQMccTEOCCCsKeSkj
North Shore Dive Shop,northshorediveshop,northshorediveshop@gmail.com,(808) 7517181,United States/Hawaii/Kapolei,,,406584,West Side Private Guided Shore Dive Tour,Scuba,1,49,360,https://fareharbor.com/embeds/calendar/northshorediveshop/items/406584/?asn=fhdn&asn-ref=alloutdooradventures&ref=alloutdooradventures&bookable-only=yes&full-items=yes&marketplace=yes&flow=no,"<script src=""https://fareharbor.com/embeds/script/calendar/northshorediveshop/items/406584/?asn=fhdn&asn-ref=alloutdooradventures&ref=alloutdooradventures&bookable-only=yes&full-items=yes&marketplace=yes&flow=no""></script>",https://fareharbor.com/embeds/book/northshorediveshop/items/406584/?asn=fhdn&asn-ref=alloutdooradventures&ref=alloutdooradventures&bookable-only=yes&full-items=yes&marketplace=yes&flow=no,https://cdn.filestackcontent.com/Q7MxG4KyQL6PzSfHWoXI
Fathom Five Divers,fathomfive,fathom5@fathomfive.com,808 742 6991,United States/Hawaii/Hanalei,,,427351,2-Tank Discover SCUBA - Tunnels,Scuba-Water Activities,1,49,0,https://fareharbor.com/embeds/calendar/fathomfive/items/427351/?asn=fhdn&asn-ref=alloutdooradventures&ref=alloutdooradventures&bookable-only=yes&full-items=yes&marketplace=yes&flow=no,"<script src=""https://fareharbor.com/embeds/script/calendar/fathomfive/items/427351/?asn=fhdn&asn-ref=alloutdooradventures&ref=alloutdooradventures&bookable-only=yes&full-items=yes&marketplace=yes&flow=no""></script>",https://fareharbor.com/embeds/book/fathomfive/items/427351/?asn=fhdn&asn-ref=alloutdooradventures&ref=alloutdooradventures&bookable-only=yes&full-items=yes&marketplace=yes&flow=no,https://cdn.filestackcontent.com/LViA8A8lTQqF5iG47ei4
Horizon Ocean Charters of Hawaii,horizonoceancharters,jmbrowsvc@gmail.com,18089791940,United States/Hawaii/Honolulu,-157.858697,21.291354,514982,Public Scuba Charter,Scuba,1,49,2160,https://fareharbor.com/embeds/calendar/horizonoceancharters/items/514982/?asn=fhdn&asn-ref=alloutdooradventures&ref=alloutdooradventures&bookable-only=yes&full-items=yes&marketplace=yes&flow=no,"<script src=""https://fareharbor.com/embeds/script/calendar/horizonoceancharters/items/514982/?asn=fhdn&asn-ref=alloutdooradventures&ref=alloutdooradventures&bookable-only=yes&full-items=yes&marketplace=yes&flow=no""></script>",https://fareharbor.com/embeds/book/horizonoceancharters/items/514982/?asn=fhdn&asn-ref=alloutdooradventures&ref=alloutdooradventures&bookable-only=yes&full-items=yes&marketplace=yes&flow=no,https://cdn.filestackcontent.com/FqIsJwpCTNSz6QHmr5Km
Horizon Ocean Charters of Hawaii,horizonoceancharters,jmbrowsvc@gmail.com,18089791940,United States/Hawaii/Honolulu,-157.858697,21.291354,515144,Private Scuba Charter,Private-Scuba,1,49,2700,https://fareharbor.com/embeds/calendar/horizonoceancharters/items/515144/?asn=fhdn&asn-ref=alloutdooradventures&ref=alloutdooradventures&bookable-only=yes&full-items=yes&marketplace=yes&flow=no,"<script src=""https://fareharbor.com/embeds/script/calendar/horizonoceancharters/items/515144/?asn=fhdn&asn-ref=alloutdooradventures&ref=alloutdooradventures&bookable-only=yes&full-items=yes&marketplace=yes&flow=no""></script>",https://fareharbor.com/embeds/book/horizonoceancharters/items/515144/?asn=fhdn&asn-ref=alloutdooradventures&ref=alloutdooradventures&bookable-only=yes&full-items=yes&marketplace=yes&flow=no,https://cdn.filestackcontent.com/loiFc89hQvSrndkSmRvm
Hawaii Special Projects,oahubroncotours,dewittwilburn@gmail.com,(808) 218-1785,United States/Hawaii/Honolulu,-157.85814,21.309884,518728,Miracle Morning Adventure,Hiking-Walking Tour,1,49,180,https://fareharbor.com/embeds/calendar/oahubroncotours/items/518728/?asn=fhdn&asn-ref=alloutdooradventures&ref=alloutdooradventures&bookable-only=yes&full-items=yes&marketplace=yes&flow=no,"<script src=""https://fareharbor.com/embeds/script/calendar/oahubroncotours/items/518728/?asn=fhdn&asn-ref=alloutdooradventures&ref=alloutdooradventures&bookable-only=yes&full-items=yes&marketplace=yes&flow=no""></script>",https://fareharbor.com/embeds/book/oahubroncotours/items/518728/?asn=fhdn&asn-ref=alloutdooradventures&ref=alloutdooradventures&bookable-only=yes&full-items=yes&marketplace=yes&flow=no,https://cdn.filestackcontent.com/MIqiq4GhTgCx5QiASo2A
Ocean Therapy Charters,oceantherapycharters,info@oceantherapycharters.com,808-336-2194,United States/Hawaii/Honolulu,,,550893,Private 5 hr Scuba / Snorkel Charter,Boat Rental-Boat Tour-Private-Scuba-Water Activities,1,49,360,https://fareharbor.com/embeds/calendar/oceantherapycharters/items/550893/?asn=fhdn&asn-ref=alloutdooradventures&ref=alloutdooradventures&bookable-only=yes&full-items=yes&marketplace=yes&flow=no,"<script src=""https://fareharbor.com/embeds/script/calendar/oceantherapycharters/items/550893/?asn=fhdn&asn-ref=alloutdooradventures&ref=alloutdooradventures&bookable-only=yes&full-items=yes&marketplace=yes&flow=no""></script>",https://fareharbor.com/embeds/book/oceantherapycharters/items/550893/?asn=fhdn&asn-ref=alloutdooradventures&ref=alloutdooradventures&bookable-only=yes&full-items=yes&marketplace=yes&flow=no,https://cdn.filestackcontent.com/60XAfYIT9yWJrV6aefJt
Segway of Hawaii,segwaywaikiki,jeanne@segwayofhawaii.com,(808) 941-3151,United States/Hawaii/Honolulu,-157.8224,21.273208,65,Diamond Head / Waikiki Tour,Aquarium-Horse-Segway-Zoo,1,48,0,https://fareharbor.com/embeds/calendar/segwaywaikiki/items/65/?asn=fhdn&asn-ref=alloutdooradventures&ref=alloutdooradventures&bookable-only=yes&full-items=yes&marketplace=yes&flow=no,"<script src=""https://fareharbor.com/embeds/script/calendar/segwaywaikiki/items/65/?asn=fhdn&asn-ref=alloutdooradventures&ref=alloutdooradventures&bookable-only=yes&full-items=yes&marketplace=yes&flow=no""></script>",https://fareharbor.com/embeds/book/segwaywaikiki/items/65/?asn=fhdn&asn-ref=alloutdooradventures&ref=alloutdooradventures&bookable-only=yes&full-items=yes&marketplace=yes&flow=no,https://www.filepicker.io/api/file/9L9oJsVyTgayMs8KWmDm
Maui Eco Tours/South Pacific Kayak/Kelii's Kayaks,mauiecotours,kayak@southpacifickayaks.com,(808) 875-4848,United States/Hawaii/Kihei,-106.534838,38.794595,448,South Maui Premier Kayak & Snorkel,Boat Tour-Eco Tour-Kayak-Scuba-Snorkel-SUP-Water Activities,1,48,151,https://fareharbor.com/embeds/calendar/mauiecotours/items/448/?asn=fhdn&asn-ref=alloutdooradventures&ref=alloutdooradventures&bookable-only=yes&full-items=yes&marketplace=yes&flow=no,"<script src=""https://fareharbor.com/embeds/script/calendar/mauiecotours/items/448/?asn=fhdn&asn-ref=alloutdooradventures&ref=alloutdooradventures&bookable-only=yes&full-items=yes&marketplace=yes&flow=no""></script>",https://fareharbor.com/embeds/book/mauiecotours/items/448/?asn=fhdn&asn-ref=alloutdooradventures&ref=alloutdooradventures&bookable-only=yes&full-items=yes&marketplace=yes&flow=no,https://www.filepicker.io/api/file/CFOEKDBRNiAMnxXKSPBJ
Seasport Divers,seasportdivers,info@seasportdivers.com,1-808-742-9303,United States/Hawaii/Koloa,-159.468259,21.884875,11362,Ni’ihau Dive Charter for Experienced Divers,Scuba,1,48,31,https://fareharbor.com/embeds/calendar/seasportdivers/items/11362/?asn=fhdn&asn-ref=alloutdooradventures&ref=alloutdooradventures&bookable-only=yes&full-items=yes&marketplace=yes&flow=no,"<script src=""https://fareharbor.com/embeds/script/calendar/seasportdivers/items/11362/?asn=fhdn&asn-ref=alloutdooradventures&ref=alloutdooradventures&bookable-only=yes&full-items=yes&marketplace=yes&flow=no""></script>",https://fareharbor.com/embeds/book/seasportdivers/items/11362/?asn=fhdn&asn-ref=alloutdooradventures&ref=alloutdooradventures&bookable-only=yes&full-items=yes&marketplace=yes&flow=no,https://www.filepicker.io/api/file/cRmXtDdfRNyrHogstEm9
Maui Kayaks,mauikayaks,paul@mauikayaks.com,+1 808-874-4000,United States/Hawaii/Kihei,-156.454187,20.739941,27125,Honolua Expedition,Dolphin-Kayak-Snorkel,1,48,0,https://fareharbor.com/embeds/calendar/mauikayaks/items/27125/?asn=fhdn&asn-ref=alloutdooradventures&ref=alloutdooradventures&bookable-only=yes&full-items=yes&marketplace=yes&flow=no,"<script src=""https://fareharbor.com/embeds/script/calendar/mauikayaks/items/27125/?asn=fhdn&asn-ref=alloutdooradventures&ref=alloutdooradventures&bookable-only=yes&full-items=yes&marketplace=yes&flow=no""></script>",https://fareharbor.com/embeds/book/mauikayaks/items/27125/?asn=fhdn&asn-ref=alloutdooradventures&ref=alloutdooradventures&bookable-only=yes&full-items=yes&marketplace=yes&flow=no,https://www.filepicker.io/api/file/88h7XXCaTWKj69YCtcgV
Maui Kayaks,mauikayaks,paul@mauikayaks.com,+1 808-874-4000,United States/Hawaii/Kihei,-156.454187,20.739941,27129,Lahaina Paddle,Boat Tour-Dolphin-Kayak-Marina-Snorkel-Whale Watch,1,48,0,https://fareharbor.com/embeds/calendar/mauikayaks/items/27129/?asn=fhdn&asn-ref=alloutdooradventures&ref=alloutdooradventures&bookable-only=yes&full-items=yes&marketplace=yes&flow=no,"<script src=""https://fareharbor.com/embeds/script/calendar/mauikayaks/items/27129/?asn=fhdn&asn-ref=alloutdooradventures&ref=alloutdooradventures&bookable-only=yes&full-items=yes&marketplace=yes&flow=no""></script>",https://fareharbor.com/embeds/book/mauikayaks/items/27129/?asn=fhdn&asn-ref=alloutdooradventures&ref=alloutdooradventures&bookable-only=yes&full-items=yes&marketplace=yes&flow=no,https://www.filepicker.io/api/file/oUrjJfTQhWSysUXlIaZQ
Maui Kayaks,mauikayaks,paul@mauikayaks.com,+1 808-874-4000,United States/Hawaii/Kihei,-156.454187,20.739941,27151,Whale Watch Snorkel - South Maui Makena,Dolphin-Kayak-Snorkel-Whale Watch,1,48,42,https://fareharbor.com/embeds/calendar/mauikayaks/items/27151/?asn=fhdn&asn-ref=alloutdooradventures&ref=alloutdooradventures&bookable-only=yes&full-items=yes&marketplace=yes&flow=no,"<script src=""https://fareharbor.com/embeds/script/calendar/mauikayaks/items/27151/?asn=fhdn&asn-ref=alloutdooradventures&ref=alloutdooradventures&bookable-only=yes&full-items=yes&marketplace=yes&flow=no""></script>",https://fareharbor.com/embeds/book/mauikayaks/items/27151/?asn=fhdn&asn-ref=alloutdooradventures&ref=alloutdooradventures&bookable-only=yes&full-items=yes&marketplace=yes&flow=no,https://cdn.filestackcontent.com/t3Tz2vNQjKjS3CuvZgrC
In2Scuba Diving Maui,in2scubadivingmaui,In2Scuba@gmail.com,808-264-8198,United States/Hawaii/Lahaina,-156.692224,20.936637,71842,Open Water Referral Certification,Scuba,1,48,0,https://fareharbor.com/embeds/calendar/in2scubadivingmaui/items/71842/?asn=fhdn&asn-ref=alloutdooradventures&ref=alloutdooradventures&bookable-only=yes&full-items=yes&marketplace=yes&flow=no,"<script src=""https://fareharbor.com/embeds/script/calendar/in2scubadivingmaui/items/71842/?asn=fhdn&asn-ref=alloutdooradventures&ref=alloutdooradventures&bookable-only=yes&full-items=yes&marketplace=yes&flow=no""></script>",https://fareharbor.com/embeds/book/in2scubadivingmaui/items/71842/?asn=fhdn&asn-ref=alloutdooradventures&ref=alloutdooradventures&bookable-only=yes&full-items=yes&marketplace=yes&flow=no,https://cdn.filestackcontent.com/GRTBq2WlSPOKQGflAcHb
In2Scuba Diving Maui,in2scubadivingmaui,In2Scuba@gmail.com,808-264-8198,United States/Hawaii/Lahaina,-156.68162,20.882371,71846,Advanced Open Water Certification,Scuba,1,48,0,https://fareharbor.com/embeds/calendar/in2scubadivingmaui/items/71846/?asn=fhdn&asn-ref=alloutdooradventures&ref=alloutdooradventures&bookable-only=yes&full-items=yes&marketplace=yes&flow=no,"<script src=""https://fareharbor.com/embeds/script/calendar/in2scubadivingmaui/items/71846/?asn=fhdn&asn-ref=alloutdooradventures&ref=alloutdooradventures&bookable-only=yes&full-items=yes&marketplace=yes&flow=no""></script>",https://fareharbor.com/embeds/book/in2scubadivingmaui/items/71846/?asn=fhdn&asn-ref=alloutdooradventures&ref=alloutdooradventures&bookable-only=yes&full-items=yes&marketplace=yes&flow=no,https://cdn.filestackcontent.com/xKYZeZiSjO41T48N5eWR
Aloha Scuba Diving Co.,divealohascuba,info@divealohascuba.com,808.622.3483,United States/Hawaii/Honolulu,,,90198,Open Water Certification Checkout Dives,Scuba,1,48,360,https://fareharbor.com/embeds/calendar/divealohascuba/items/90198/?asn=fhdn&asn-ref=alloutdooradventures&ref=alloutdooradventures&bookable-only=yes&full-items=yes&marketplace=yes&flow=no,"<script src=""https://fareharbor.com/embeds/script/calendar/divealohascuba/items/90198/?asn=fhdn&asn-ref=alloutdooradventures&ref=alloutdooradventures&bookable-only=yes&full-items=yes&marketplace=yes&flow=no""></script>",https://fareharbor.com/embeds/book/divealohascuba/items/90198/?asn=fhdn&asn-ref=alloutdooradventures&ref=alloutdooradventures&bookable-only=yes&full-items=yes&marketplace=yes&flow=no,https://cdn.filestackcontent.com/lbIaSjeSmm38XIcCBg7Q
Ola ParaDive,olaparadive,info@olaparadive.com,+18083486645,United States/Hawaii/Honolulu,-157.829185,21.279346,202923,PADI Open Water Diver Course - 2 Days,Boat Rental-Scuba,1,48,180,https://fareharbor.com/embeds/calendar/olaparadive/items/202923/?asn=fhdn&asn-ref=alloutdooradventures&ref=alloutdooradventures&bookable-only=yes&full-items=yes&marketplace=yes&flow=no,"<script src=""https://fareharbor.com/embeds/script/calendar/olaparadive/items/202923/?asn=fhdn&asn-ref=alloutdooradventures&ref=alloutdooradventures&bookable-only=yes&full-items=yes&marketplace=yes&flow=no""></script>",https://fareharbor.com/embeds/book/olaparadive/items/202923/?asn=fhdn&asn-ref=alloutdooradventures&ref=alloutdooradventures&bookable-only=yes&full-items=yes&marketplace=yes&flow=no,https://cdn.filestackcontent.com/oOXSZTWQYyTMoARDvBV9
Ola ParaDive,olaparadive,info@olaparadive.com,+18083486645,United States/Hawaii/Honolulu,-157.829185,21.279346,202926,PADI Advanced Open Water Course - 2 Days,Scuba-Snorkel,1,48,180,https://fareharbor.com/embeds/calendar/olaparadive/items/202926/?asn=fhdn&asn-ref=alloutdooradventures&ref=alloutdooradventures&bookable-only=yes&full-items=yes&marketplace=yes&flow=no,"<script src=""https://fareharbor.com/embeds/script/calendar/olaparadive/items/202926/?asn=fhdn&asn-ref=alloutdooradventures&ref=alloutdooradventures&bookable-only=yes&full-items=yes&marketplace=yes&flow=no""></script>",https://fareharbor.com/embeds/book/olaparadive/items/202926/?asn=fhdn&asn-ref=alloutdooradventures&ref=alloutdooradventures&bookable-only=yes&full-items=yes&marketplace=yes&flow=no,https://cdn.filestackcontent.com/g7xGxFX8QanpodPTwn8t
Dive Kauai,divekauai,dive@islandactivitygroup.com,808.742.7422,United States/Hawaii/Koloa,-159.460993,21.876412,218289,Discover Scuba Diving -  POOL Experience @ Sheraton Kauai Resort,Scuba,1,48,3,https://fareharbor.com/embeds/calendar/divekauai/items/218289/?asn=fhdn&asn-ref=alloutdooradventures&ref=alloutdooradventures&bookable-only=yes&full-items=yes&marketplace=yes&flow=no,"<script src=""https://fareharbor.com/embeds/script/calendar/divekauai/items/218289/?asn=fhdn&asn-ref=alloutdooradventures&ref=alloutdooradventures&bookable-only=yes&full-items=yes&marketplace=yes&flow=no""></script>",https://fareharbor.com/embeds/book/divekauai/items/218289/?asn=fhdn&asn-ref=alloutdooradventures&ref=alloutdooradventures&bookable-only=yes&full-items=yes&marketplace=yes&flow=no,https://cdn.filestackcontent.com/sL8N94N7QWiH0nPOBS0Y
Triple L Ranch Maui Private Custom Horseback Riding,triplelranchmaui,info@triplelranchmaui.com,808-280-7070,United States/Hawaii/Kula,,,265900,Open Range Semi- Private Two Hour Tour,Horse,1,48,129,https://fareharbor.com/embeds/calendar/triplelranchmaui/items/265900/?asn=fhdn&asn-ref=alloutdooradventures&ref=alloutdooradventures&bookable-only=yes&full-items=yes&marketplace=yes&flow=no,"<script src=""https://fareharbor.com/embeds/script/calendar/triplelranchmaui/items/265900/?asn=fhdn&asn-ref=alloutdooradventures&ref=alloutdooradventures&bookable-only=yes&full-items=yes&marketplace=yes&flow=no""></script>",https://fareharbor.com/embeds/book/triplelranchmaui/items/265900/?asn=fhdn&asn-ref=alloutdooradventures&ref=alloutdooradventures&bookable-only=yes&full-items=yes&marketplace=yes&flow=no,https://cdn.filestackcontent.com/g5lTFm4SSSyEWzzPgcle
Surf Cycling Hawaii LLC,surfcyclinghawaii,info@surfcyclinghawaii.com,808-793-9650,United States/Hawaii/Kihei,-156.442685,20.65497,319323,Water Bike Tour- Makena Bay,Bike Tour,1,48,153,https://fareharbor.com/embeds/calendar/surfcyclinghawaii/items/319323/?asn=fhdn&asn-ref=alloutdooradventures&ref=alloutdooradventures&bookable-only=yes&full-items=yes&marketplace=yes&flow=no,"<script src=""https://fareharbor.com/embeds/script/calendar/surfcyclinghawaii/items/319323/?asn=fhdn&asn-ref=alloutdooradventures&ref=alloutdooradventures&bookable-only=yes&full-items=yes&marketplace=yes&flow=no""></script>",https://fareharbor.com/embeds/book/surfcyclinghawaii/items/319323/?asn=fhdn&asn-ref=alloutdooradventures&ref=alloutdooradventures&bookable-only=yes&full-items=yes&marketplace=yes&flow=no,https://cdn.filestackcontent.com/RklSOBLQpKgp4vHI0Dzt
Surf Cycling Hawaii LLC,surfcyclinghawaii,info@surfcyclinghawaii.com,808-793-9650,United States/Hawaii/Lahaina,-156.62664,20.812382,319333,Water Bike Tour- Olowalu,Bike Tour,1,48,0,https://fareharbor.com/embeds/calendar/surfcyclinghawaii/items/319333/?asn=fhdn&asn-ref=alloutdooradventures&ref=alloutdooradventures&bookable-only=yes&full-items=yes&marketplace=yes&flow=no,"<script src=""https://fareharbor.com/embeds/script/calendar/surfcyclinghawaii/items/319333/?asn=fhdn&asn-ref=alloutdooradventures&ref=alloutdooradventures&bookable-only=yes&full-items=yes&marketplace=yes&flow=no""></script>",https://fareharbor.com/embeds/book/surfcyclinghawaii/items/319333/?asn=fhdn&asn-ref=alloutdooradventures&ref=alloutdooradventures&bookable-only=yes&full-items=yes&marketplace=yes&flow=no,https://cdn.filestackcontent.com/C1nukm41SAiMl4noFBrw
Maui Diamond Sea Sports,mauidreamsdiveco,info@mauidiamond.com,808-879-9119,United States/Hawaii/Wailuku,-156.513051,20.791068,341489,2 Tank Afternoon Charter,Scuba,1,48,0,https://fareharbor.com/embeds/calendar/mauidreamsdiveco/items/341489/?asn=fhdn&asn-ref=alloutdooradventures&ref=alloutdooradventures&bookable-only=yes&full-items=yes&marketplace=yes&flow=no,"<script src=""https://fareharbor.com/embeds/script/calendar/mauidreamsdiveco/items/341489/?asn=fhdn&asn-ref=alloutdooradventures&ref=alloutdooradventures&bookable-only=yes&full-items=yes&marketplace=yes&flow=no""></script>",https://fareharbor.com/embeds/book/mauidreamsdiveco/items/341489/?asn=fhdn&asn-ref=alloutdooradventures&ref=alloutdooradventures&bookable-only=yes&full-items=yes&marketplace=yes&flow=no,https://cdn.filestackcontent.com/R5uLILkCSGO1K19MB6Ew
Pau Hana Yacht Charters,pauhanasailing,mariah@pauhanasailing.com,(808) 807-9191,United States/Hawaii/Honolulu,,,400508,Private Catamaran Cruise,Catamaran-Dolphin-Sailing,1,48,2550,https://fareharbor.com/embeds/calendar/pauhanasailing/items/400508/?asn=fhdn&asn-ref=alloutdooradventures&ref=alloutdooradventures&bookable-only=yes&full-items=yes&marketplace=yes&flow=no,"<script src=""https://fareharbor.com/embeds/script/calendar/pauhanasailing/items/400508/?asn=fhdn&asn-ref=alloutdooradventures&ref=alloutdooradventures&bookable-only=yes&full-items=yes&marketplace=yes&flow=no""></script>",https://fareharbor.com/embeds/book/pauhanasailing/items/400508/?asn=fhdn&asn-ref=alloutdooradventures&ref=alloutdooradventures&bookable-only=yes&full-items=yes&marketplace=yes&flow=no,https://cdn.filestackcontent.com/yQRzEOFfRjmNkI5hGfFG
North Shore Dive Shop,northshorediveshop,northshorediveshop@gmail.com,(808) 7517181,United States/Hawaii/Kapolei,,,406599,West Side Small Group Guided Shore Dive,Scuba,1,48,360,https://fareharbor.com/embeds/calendar/northshorediveshop/items/406599/?asn=fhdn&asn-ref=alloutdooradventures&ref=alloutdooradventures&bookable-only=yes&full-items=yes&marketplace=yes&flow=no,"<script src=""https://fareharbor.com/embeds/script/calendar/northshorediveshop/items/406599/?asn=fhdn&asn-ref=alloutdooradventures&ref=alloutdooradventures&bookable-only=yes&full-items=yes&marketplace=yes&flow=no""></script>",https://fareharbor.com/embeds/book/northshorediveshop/items/406599/?asn=fhdn&asn-ref=alloutdooradventures&ref=alloutdooradventures&bookable-only=yes&full-items=yes&marketplace=yes&flow=no,https://cdn.filestackcontent.com/ZuPCBlG4QDdJ0lZZFeFA
Dive Maui,goscubadivemaui,Dive@goscubadivemaui.com,808-661-7333,United States/Hawaii/Lahaina,-156.685302,20.884276,422000,Molokini Crater Backwall 2 Tank Dive,Scuba,1,48,0,https://fareharbor.com/embeds/calendar/goscubadivemaui/items/422000/?asn=fhdn&asn-ref=alloutdooradventures&ref=alloutdooradventures&bookable-only=yes&full-items=yes&marketplace=yes&flow=no,"<script src=""https://fareharbor.com/embeds/script/calendar/goscubadivemaui/items/422000/?asn=fhdn&asn-ref=alloutdooradventures&ref=alloutdooradventures&bookable-only=yes&full-items=yes&marketplace=yes&flow=no""></script>",https://fareharbor.com/embeds/book/goscubadivemaui/items/422000/?asn=fhdn&asn-ref=alloutdooradventures&ref=alloutdooradventures&bookable-only=yes&full-items=yes&marketplace=yes&flow=no,https://cdn.filestackcontent.com/IhORGsA6RZS6eR277tON
OrigamiTours,origamitours,info@origamitourshawaii.com,3059306930,United States/Hawaii/Honolulu,-157.828719,21.277262,433389,Waikiki to Kakaako & Historic Honolulu - EZraider ATV Tour,ATV/UTV-City Tour-History Tour-Water Activities,1,48,0,https://fareharbor.com/embeds/calendar/origamitours/items/433389/?asn=fhdn&asn-ref=alloutdooradventures&ref=alloutdooradventures&bookable-only=yes&full-items=yes&marketplace=yes&flow=no,"<script src=""https://fareharbor.com/embeds/script/calendar/origamitours/items/433389/?asn=fhdn&asn-ref=alloutdooradventures&ref=alloutdooradventures&bookable-only=yes&full-items=yes&marketplace=yes&flow=no""></script>",https://fareharbor.com/embeds/book/origamitours/items/433389/?asn=fhdn&asn-ref=alloutdooradventures&ref=alloutdooradventures&bookable-only=yes&full-items=yes&marketplace=yes&flow=no,https://cdn.filestackcontent.com/Hw0sIkXRaCHoUiJ4XMYz
OrigamiTours,origamitours,info@origamitourshawaii.com,3059306930,United States/Hawaii/Honolulu,-157.828719,21.277262,433490,North Shore Snorkeling Tour with EZ-Raider ATV - Trail Ride,ATV/UTV-Snorkel-Walking Tour,1,48,0,https://fareharbor.com/embeds/calendar/origamitours/items/433490/?asn=fhdn&asn-ref=alloutdooradventures&ref=alloutdooradventures&bookable-only=yes&full-items=yes&marketplace=yes&flow=no,"<script src=""https://fareharbor.com/embeds/script/calendar/origamitours/items/433490/?asn=fhdn&asn-ref=alloutdooradventures&ref=alloutdooradventures&bookable-only=yes&full-items=yes&marketplace=yes&flow=no""></script>",https://fareharbor.com/embeds/book/origamitours/items/433490/?asn=fhdn&asn-ref=alloutdooradventures&ref=alloutdooradventures&bookable-only=yes&full-items=yes&marketplace=yes&flow=no,https://cdn.filestackcontent.com/11btHpPhTQ23xL97XHbZ
Horizon Ocean Charters of Hawaii,horizonoceancharters,jmbrowsvc@gmail.com,18089791940,United States/Hawaii/Honolulu,-157.798791,21.320842,515059,Public Guided Waterfall Hikes of Oahu,Hiking,1,48,3420,https://fareharbor.com/embeds/calendar/horizonoceancharters/items/515059/?asn=fhdn&asn-ref=alloutdooradventures&ref=alloutdooradventures&bookable-only=yes&full-items=yes&marketplace=yes&flow=no,"<script src=""https://fareharbor.com/embeds/script/calendar/horizonoceancharters/items/515059/?asn=fhdn&asn-ref=alloutdooradventures&ref=alloutdooradventures&bookable-only=yes&full-items=yes&marketplace=yes&flow=no""></script>",https://fareharbor.com/embeds/book/horizonoceancharters/items/515059/?asn=fhdn&asn-ref=alloutdooradventures&ref=alloutdooradventures&bookable-only=yes&full-items=yes&marketplace=yes&flow=no,https://cdn.filestackcontent.com/4SiYOi8zSeSmeV2RK8rf
Shaka Aloha Adventures,shakaalohaadventures,Shakaalohaadventures@gmail.com,8089890663,United States/Hawaii/Waikoloa Village,-155.880503,19.913271,560904,Hike to Hidden Gems - Black Sand Beach,Hiking,1,48,88,https://fareharbor.com/embeds/calendar/shakaalohaadventures/items/560904/?asn=fhdn&asn-ref=alloutdooradventures&ref=alloutdooradventures&bookable-only=yes&full-items=yes&marketplace=yes&flow=no,"<script src=""https://fareharbor.com/embeds/script/calendar/shakaalohaadventures/items/560904/?asn=fhdn&asn-ref=alloutdooradventures&ref=alloutdooradventures&bookable-only=yes&full-items=yes&marketplace=yes&flow=no""></script>",https://fareharbor.com/embeds/book/shakaalohaadventures/items/560904/?asn=fhdn&asn-ref=alloutdooradventures&ref=alloutdooradventures&bookable-only=yes&full-items=yes&marketplace=yes&flow=no,https://cdn.filestackcontent.com/9NrKLeZFTyj1ibLPdJeD
Puako Dive Adventures,puakodiveadventures,PuakoDiveAdventures@gmail.com,808-443-4497,United States/Hawaii/Waimea,,,669728,Sunrise Explorer: The Reef Awakens,Scuba,1,48,177,https://fareharbor.com/embeds/calendar/puakodiveadventures/items/669728/?asn=fhdn&asn-ref=alloutdooradventures&ref=alloutdooradventures&bookable-only=yes&full-items=yes&marketplace=yes&flow=no,"<script src=""https://fareharbor.com/embeds/script/calendar/puakodiveadventures/items/669728/?asn=fhdn&asn-ref=alloutdooradventures&ref=alloutdooradventures&bookable-only=yes&full-items=yes&marketplace=yes&flow=no""></script>",https://fareharbor.com/embeds/book/puakodiveadventures/items/669728/?asn=fhdn&asn-ref=alloutdooradventures&ref=alloutdooradventures&bookable-only=yes&full-items=yes&marketplace=yes&flow=no,https://cdn.filestackcontent.com/VdRZozFXTayyZMMMEFvz
Puako Dive Adventures,puakodiveadventures,PuakoDiveAdventures@gmail.com,808-443-4497,United States/Hawaii/Waimea,,,669734,Twilight Protocol: Reef After Dark,Scuba,1,48,73,https://fareharbor.com/embeds/calendar/puakodiveadventures/items/669734/?asn=fhdn&asn-ref=alloutdooradventures&ref=alloutdooradventures&bookable-only=yes&full-items=yes&marketplace=yes&flow=no,"<script src=""https://fareharbor.com/embeds/script/calendar/puakodiveadventures/items/669734/?asn=fhdn&asn-ref=alloutdooradventures&ref=alloutdooradventures&bookable-only=yes&full-items=yes&marketplace=yes&flow=no""></script>",https://fareharbor.com/embeds/book/puakodiveadventures/items/669734/?asn=fhdn&asn-ref=alloutdooradventures&ref=alloutdooradventures&bookable-only=yes&full-items=yes&marketplace=yes&flow=no,https://cdn.filestackcontent.com/BIbp71l0R56wqaEFGY3S
Beach Sunset Yoga Hawaii,sunsetyogahawaii,kl@sunsetyogahawaii.com,8083213297,United States/Hawaii/Honolulu,,,44707,Jungle Yoga Waterfall Hike,Wellness-Hiking,4,47,0,https://fareharbor.com/embeds/calendar/sunsetyogahawaii/items/44707/?asn=fhdn&asn-ref=alloutdooradventures&ref=alloutdooradventures&bookable-only=yes&full-items=yes&marketplace=yes&flow=no,"<script src=""https://fareharbor.com/embeds/script/calendar/sunsetyogahawaii/items/44707/?asn=fhdn&asn-ref=alloutdooradventures&ref=alloutdooradventures&bookable-only=yes&full-items=yes&marketplace=yes&flow=no""></script>",https://fareharbor.com/embeds/book/sunsetyogahawaii/items/44707/?asn=fhdn&asn-ref=alloutdooradventures&ref=alloutdooradventures&bookable-only=yes&full-items=yes&marketplace=yes&flow=no,https://cdn.filestackcontent.com/ApyBhTVGSUaZ6CmoMoMp
Maui Mountain Riders,mountainriders,info@mountainriders.com,808-877-4944,United States/Hawaii/Paia,,,275245,Maui Day Bike Tour,Bike Tour-History Tour,4,47,91,https://fareharbor.com/embeds/calendar/mountainriders/items/275245/?asn=fhdn&asn-ref=alloutdooradventures&ref=alloutdooradventures&bookable-only=yes&full-items=yes&marketplace=yes&flow=no,"<script src=""https://fareharbor.com/embeds/script/calendar/mountainriders/items/275245/?asn=fhdn&asn-ref=alloutdooradventures&ref=alloutdooradventures&bookable-only=yes&full-items=yes&marketplace=yes&flow=no""></script>",https://fareharbor.com/embeds/book/mountainriders/items/275245/?asn=fhdn&asn-ref=alloutdooradventures&ref=alloutdooradventures&bookable-only=yes&full-items=yes&marketplace=yes&flow=no,https://cdn.filestackcontent.com/tXklaSpnTbSOXBcg7fC3
Ohana Ranch,ohanaranch,info@ohanaranch.com,808-481-4054,United States/Hawaii/Mountain View,,,523202,Ohana Ranch Epic Coffee Tour,Attraction-Eco Tour-Environmental Attraction-Farm-Food Tour-Lesson-Workshop,1,47,535,https://fareharbor.com/embeds/calendar/ohanaranch/items/523202/?asn=fhdn&asn-ref=alloutdooradventures&ref=alloutdooradventures&bookable-only=yes&full-items=yes&marketplace=yes&flow=no,"<script src=""https://fareharbor.com/embeds/script/calendar/ohanaranch/items/523202/?asn=fhdn&asn-ref=alloutdooradventures&ref=alloutdooradventures&bookable-only=yes&full-items=yes&marketplace=yes&flow=no""></script>",https://fareharbor.com/embeds/book/ohanaranch/items/523202/?asn=fhdn&asn-ref=alloutdooradventures&ref=alloutdooradventures&bookable-only=yes&full-items=yes&marketplace=yes&flow=no,https://cdn.filestackcontent.com/aJhDGB8YRiqgPVxEk177
Take a Hike Oahu,hawaiianshuttles,hawaiianshuttles@gmail.com,(808) 699-9829,United States/Hawaii/Honolulu,,,62871,Diamond Head Crater & East Side Beach Day,Hiking-Photography Tour-Sightseeing Tour,3,46,154,https://fareharbor.com/embeds/calendar/hawaiianshuttles/items/62871/?asn=fhdn&asn-ref=alloutdooradventures&ref=alloutdooradventures&bookable-only=yes&full-items=yes&marketplace=yes&flow=no,"<script src=""https://fareharbor.com/embeds/script/calendar/hawaiianshuttles/items/62871/?asn=fhdn&asn-ref=alloutdooradventures&ref=alloutdooradventures&bookable-only=yes&full-items=yes&marketplace=yes&flow=no""></script>",https://fareharbor.com/embeds/book/hawaiianshuttles/items/62871/?asn=fhdn&asn-ref=alloutdooradventures&ref=alloutdooradventures&bookable-only=yes&full-items=yes&marketplace=yes&flow=no,https://cdn.filestackcontent.com/Rck37HzCRjGDYKq1Qa7Q
Pono Private Excursions,ponoprivateexcursions,ponopacificllc@gmail.com,808-425-1981,United States/Hawaii/Paia,,,613772,Waterfall Hike,Hiking,1,46,540,https://fareharbor.com/embeds/calendar/ponoprivateexcursions/items/613772/?asn=fhdn&asn-ref=alloutdooradventures&ref=alloutdooradventures&bookable-only=yes&full-items=yes&marketplace=yes&flow=no,"<script src=""https://fareharbor.com/embeds/script/calendar/ponoprivateexcursions/items/613772/?asn=fhdn&asn-ref=alloutdooradventures&ref=alloutdooradventures&bookable-only=yes&full-items=yes&marketplace=yes&flow=no""></script>",https://fareharbor.com/embeds/book/ponoprivateexcursions/items/613772/?asn=fhdn&asn-ref=alloutdooradventures&ref=alloutdooradventures&bookable-only=yes&full-items=yes&marketplace=yes&flow=no,https://cdn.filestackcontent.com/6xNscNd9Rp2ksnHBV3P7
Hawaiian Diving Adventures,hawaiiandivingadventures,info@hawaiiandiving.com,8082323193,United States/Hawaii/Honolulu,,,418,Night Dive,Boat Tour-Scuba,0,45,7,https://fareharbor.com/embeds/calendar/hawaiiandivingadventures/items/418/?asn=fhdn&asn-ref=alloutdooradventures&ref=alloutdooradventures&bookable-only=yes&full-items=yes&marketplace=yes&flow=no,"<script src=""https://fareharbor.com/embeds/script/calendar/hawaiiandivingadventures/items/418/?asn=fhdn&asn-ref=alloutdooradventures&ref=alloutdooradventures&bookable-only=yes&full-items=yes&marketplace=yes&flow=no""></script>",https://fareharbor.com/embeds/book/hawaiiandivingadventures/items/418/?asn=fhdn&asn-ref=alloutdooradventures&ref=alloutdooradventures&bookable-only=yes&full-items=yes&marketplace=yes&flow=no,https://www.filepicker.io/api/file/7spv9A7SJ2Y9hEqwwv58
Seasport Divers,seasportdivers,info@seasportdivers.com,1-808-742-9303,United States/Hawaii/Koloa,-159.468259,21.884875,11818,Twilight Night Dive,Scuba,0,45,26,https://fareharbor.com/embeds/calendar/seasportdivers/items/11818/?asn=fhdn&asn-ref=alloutdooradventures&ref=alloutdooradventures&bookable-only=yes&full-items=yes&marketplace=yes&flow=no,"<script src=""https://fareharbor.com/embeds/script/calendar/seasportdivers/items/11818/?asn=fhdn&asn-ref=alloutdooradventures&ref=alloutdooradventures&bookable-only=yes&full-items=yes&marketplace=yes&flow=no""></script>",https://fareharbor.com/embeds/book/seasportdivers/items/11818/?asn=fhdn&asn-ref=alloutdooradventures&ref=alloutdooradventures&bookable-only=yes&full-items=yes&marketplace=yes&flow=no,https://www.filepicker.io/api/file/GGYRD5PdRIiBHDFiayaA
Dive Kauai,divekauai,dive@islandactivitygroup.com,808.742.7422,United States/Hawaii/Poipu,-159.436904,21.874791,34999,Discover Scuba Dive - POOL Experience @ Grand Hyatt Resort,Scuba,0,45,3,https://fareharbor.com/embeds/calendar/divekauai/items/34999/?asn=fhdn&asn-ref=alloutdooradventures&ref=alloutdooradventures&bookable-only=yes&full-items=yes&marketplace=yes&flow=no,"<script src=""https://fareharbor.com/embeds/script/calendar/divekauai/items/34999/?asn=fhdn&asn-ref=alloutdooradventures&ref=alloutdooradventures&bookable-only=yes&full-items=yes&marketplace=yes&flow=no""></script>",https://fareharbor.com/embeds/book/divekauai/items/34999/?asn=fhdn&asn-ref=alloutdooradventures&ref=alloutdooradventures&bookable-only=yes&full-items=yes&marketplace=yes&flow=no,https://cdn.filestackcontent.com/Z0KP2E2QmK7MpqeSAymq
Dive Kauai,divekauai,dive@islandactivitygroup.com,808.742.7422,United States/Hawaii/Poipu,,,108651,PADI Rescue Diver,Scuba-Snorkel,0,45,0,https://fareharbor.com/embeds/calendar/divekauai/items/108651/?asn=fhdn&asn-ref=alloutdooradventures&ref=alloutdooradventures&bookable-only=yes&full-items=yes&marketplace=yes&flow=no,"<script src=""https://fareharbor.com/embeds/script/calendar/divekauai/items/108651/?asn=fhdn&asn-ref=alloutdooradventures&ref=alloutdooradventures&bookable-only=yes&full-items=yes&marketplace=yes&flow=no""></script>",https://fareharbor.com/embeds/book/divekauai/items/108651/?asn=fhdn&asn-ref=alloutdooradventures&ref=alloutdooradventures&bookable-only=yes&full-items=yes&marketplace=yes&flow=no,https://cdn.filestackcontent.com/q2yVAd3lRAW1CPFkk9bM
Dive Oahu,diveoahu,aloha@diveoahu.com,808-922-3483,United States/Hawaii/Honolulu,-157.858625,21.301007,111340,Emergency First Response Course,Scuba-Water Activities,0,45,0,https://fareharbor.com/embeds/calendar/diveoahu/items/111340/?asn=fhdn&asn-ref=alloutdooradventures&ref=alloutdooradventures&bookable-only=yes&full-items=yes&marketplace=yes&flow=no,"<script src=""https://fareharbor.com/embeds/script/calendar/diveoahu/items/111340/?asn=fhdn&asn-ref=alloutdooradventures&ref=alloutdooradventures&bookable-only=yes&full-items=yes&marketplace=yes&flow=no""></script>",https://fareharbor.com/embeds/book/diveoahu/items/111340/?asn=fhdn&asn-ref=alloutdooradventures&ref=alloutdooradventures&bookable-only=yes&full-items=yes&marketplace=yes&flow=no,https://cdn.filestackcontent.com/2BcOlTN5RHi87WAQh7CQ
Maui Mountain Riders,mountainriders,info@mountainriders.com,808-877-4944,United States/Hawaii/Paia,,,275207,Maui Pre Dawn Bike Tour,Bike Tour-History Tour,6,45,47,https://fareharbor.com/embeds/calendar/mountainriders/items/275207/?asn=fhdn&asn-ref=alloutdooradventures&ref=alloutdooradventures&bookable-only=yes&full-items=yes&marketplace=yes&flow=no,"<script src=""https://fareharbor.com/embeds/script/calendar/mountainriders/items/275207/?asn=fhdn&asn-ref=alloutdooradventures&ref=alloutdooradventures&bookable-only=yes&full-items=yes&marketplace=yes&flow=no""></script>",https://fareharbor.com/embeds/book/mountainriders/items/275207/?asn=fhdn&asn-ref=alloutdooradventures&ref=alloutdooradventures&bookable-only=yes&full-items=yes&marketplace=yes&flow=no,https://cdn.filestackcontent.com/T1RdEdrbRACbsLELKyuq
PacWhale Eco-Adventures,pacific-whale,reservations@pacificwhale.org,(808) 249-8811,United States/Hawaii/Wailuku,,,462725,Ultimate Dolphin Watch,Boat Tour-Dolphin,1,45,7,https://fareharbor.com/embeds/calendar/pacific-whale/items/462725/?asn=fhdn&asn-ref=alloutdooradventures&ref=alloutdooradventures&bookable-only=yes&full-items=yes&marketplace=yes&flow=no,"<script src=""https://fareharbor.com/embeds/script/calendar/pacific-whale/items/462725/?asn=fhdn&asn-ref=alloutdooradventures&ref=alloutdooradventures&bookable-only=yes&full-items=yes&marketplace=yes&flow=no""></script>",https://fareharbor.com/embeds/book/pacific-whale/items/462725/?asn=fhdn&asn-ref=alloutdooradventures&ref=alloutdooradventures&bookable-only=yes&full-items=yes&marketplace=yes&flow=no,https://cdn.filestackcontent.com/Lc37dRISe2cqq8LGuosQ
Maui Diamond Sea Sports,mauidreamsdiveco,info@mauidiamond.com,808-879-9119,United States/Hawaii/Wailuku,-156.513051,20.791068,627936,Mala Pier + Pali Dive Adventure,Scuba,0,45,3,https://fareharbor.com/embeds/calendar/mauidreamsdiveco/items/627936/?asn=fhdn&asn-ref=alloutdooradventures&ref=alloutdooradventures&bookable-only=yes&full-items=yes&marketplace=yes&flow=no,"<script src=""https://fareharbor.com/embeds/script/calendar/mauidreamsdiveco/items/627936/?asn=fhdn&asn-ref=alloutdooradventures&ref=alloutdooradventures&bookable-only=yes&full-items=yes&marketplace=yes&flow=no""></script>",https://fareharbor.com/embeds/book/mauidreamsdiveco/items/627936/?asn=fhdn&asn-ref=alloutdooradventures&ref=alloutdooradventures&bookable-only=yes&full-items=yes&marketplace=yes&flow=no,https://cdn.filestackcontent.com/U0MGOXLXSqeb8R7VubN5
Maui Mountain Riders,mountainriders,info@mountainriders.com,808-877-4944,United States/Hawaii/Paia,,,275262,Haleakala Self-Guided Bike Tour,Bike Tour-Self-Guided Tour-Transportation,3,44,118,https://fareharbor.com/embeds/calendar/mountainriders/items/275262/?asn=fhdn&asn-ref=alloutdooradventures&ref=alloutdooradventures&bookable-only=yes&full-items=yes&marketplace=yes&flow=no,"<script src=""https://fareharbor.com/embeds/script/calendar/mountainriders/items/275262/?asn=fhdn&asn-ref=alloutdooradventures&ref=alloutdooradventures&bookable-only=yes&full-items=yes&marketplace=yes&flow=no""></script>",https://fareharbor.com/embeds/book/mountainriders/items/275262/?asn=fhdn&asn-ref=alloutdooradventures&ref=alloutdooradventures&bookable-only=yes&full-items=yes&marketplace=yes&flow=no,https://cdn.filestackcontent.com/g39lds3ATUy5YJjOB4d6
Hilo Ocean Adventures,hilooceanadventures,reservations@hilooceanadventures.com,1.808.934.8344,United States/Hawaii/Hilo,,,494547,Beach Clean Up,Scuba,4,44,0,https://fareharbor.com/embeds/calendar/hilooceanadventures/items/494547/?asn=fhdn&asn-ref=alloutdooradventures&ref=alloutdooradventures&bookable-only=yes&full-items=yes&marketplace=yes&flow=no,"<script src=""https://fareharbor.com/embeds/script/calendar/hilooceanadventures/items/494547/?asn=fhdn&asn-ref=alloutdooradventures&ref=alloutdooradventures&bookable-only=yes&full-items=yes&marketplace=yes&flow=no""></script>",https://fareharbor.com/embeds/book/hilooceanadventures/items/494547/?asn=fhdn&asn-ref=alloutdooradventures&ref=alloutdooradventures&bookable-only=yes&full-items=yes&marketplace=yes&flow=no,https://cdn.filestackcontent.com/5ToWMTcUTNK4SZ5gFLzw
Epic Maui Hikes,epicmauihikes,mauihikes@gmail.com,(808) 658 1900,United States/Hawaii/Kihei,,,539544,Haunted Maui Tour,Hiking,2,44,180,https://fareharbor.com/embeds/calendar/epicmauihikes/items/539544/?asn=fhdn&asn-ref=alloutdooradventures&ref=alloutdooradventures&bookable-only=yes&full-items=yes&marketplace=yes&flow=no,"<script src=""https://fareharbor.com/embeds/script/calendar/epicmauihikes/items/539544/?asn=fhdn&asn-ref=alloutdooradventures&ref=alloutdooradventures&bookable-only=yes&full-items=yes&marketplace=yes&flow=no""></script>",https://fareharbor.com/embeds/book/epicmauihikes/items/539544/?asn=fhdn&asn-ref=alloutdooradventures&ref=alloutdooradventures&bookable-only=yes&full-items=yes&marketplace=yes&flow=no,https://cdn.filestackcontent.com/rRHP8xj5RopYxiB131S6
Take a Hike Oahu,hawaiianshuttles,hawaiianshuttles@gmail.com,(808) 699-9829,United States/Hawaii/Honolulu,,,134911,Sunrise hike @ Lanikai pillboxes,Hiking,2,43,154,https://fareharbor.com/embeds/calendar/hawaiianshuttles/items/134911/?asn=fhdn&asn-ref=alloutdooradventures&ref=alloutdooradventures&bookable-only=yes&full-items=yes&marketplace=yes&flow=no,"<script src=""https://fareharbor.com/embeds/script/calendar/hawaiianshuttles/items/134911/?asn=fhdn&asn-ref=alloutdooradventures&ref=alloutdooradventures&bookable-only=yes&full-items=yes&marketplace=yes&flow=no""></script>",https://fareharbor.com/embeds/book/hawaiianshuttles/items/134911/?asn=fhdn&asn-ref=alloutdooradventures&ref=alloutdooradventures&bookable-only=yes&full-items=yes&marketplace=yes&flow=no,https://cdn.filestackcontent.com/AlCMINr6RHaD2Ln3auyQ
Bring Me a Kayak,bringmeakayak,bmakmaui@gmail.com,808.278.9936,United States/Hawaii/Lahaina,,,344852,Wailua Delivery (Secret Falls),Hiking,1,43,720,https://fareharbor.com/embeds/calendar/bringmeakayak/items/344852/?asn=fhdn&asn-ref=alloutdooradventures&ref=alloutdooradventures&bookable-only=yes&full-items=yes&marketplace=yes&flow=no,"<script src=""https://fareharbor.com/embeds/script/calendar/bringmeakayak/items/344852/?asn=fhdn&asn-ref=alloutdooradventures&ref=alloutdooradventures&bookable-only=yes&full-items=yes&marketplace=yes&flow=no""></script>",https://fareharbor.com/embeds/book/bringmeakayak/items/344852/?asn=fhdn&asn-ref=alloutdooradventures&ref=alloutdooradventures&bookable-only=yes&full-items=yes&marketplace=yes&flow=no,https://cdn.filestackcontent.com/gMbcLPrSzeXSB1xGmjCQ
Maui Pacific Divers,mauipacificdivers,maggie@mauipacificdivers.com,8082293999,United States/Hawaii/Kihei,,,462762,SCUBA Lana'i: 2 Tank Adventure *Private Charter*,Rentals-Scuba-Water Activities,2,43,176,https://fareharbor.com/embeds/calendar/mauipacificdivers/items/462762/?asn=fhdn&asn-ref=alloutdooradventures&ref=alloutdooradventures&bookable-only=yes&full-items=yes&marketplace=yes&flow=no,"<script src=""https://fareharbor.com/embeds/script/calendar/mauipacificdivers/items/462762/?asn=fhdn&asn-ref=alloutdooradventures&ref=alloutdooradventures&bookable-only=yes&full-items=yes&marketplace=yes&flow=no""></script>",https://fareharbor.com/embeds/book/mauipacificdivers/items/462762/?asn=fhdn&asn-ref=alloutdooradventures&ref=alloutdooradventures&bookable-only=yes&full-items=yes&marketplace=yes&flow=no,https://cdn.filestackcontent.com/Z6FpASfyTYIlEB1rMnvY
Hawaiian Ocean Sports,hawaiianoceansports,ashley@hawaiianoceansports.com,808-633-2800,United States/Hawaii/Wailea-Makena,,,18870,Hawaiian Outrigger Canoe Cultural and Turtle Tour,Canoe,2,42,900,https://fareharbor.com/embeds/calendar/hawaiianoceansports/items/18870/?asn=fhdn&asn-ref=alloutdooradventures&ref=alloutdooradventures&bookable-only=yes&full-items=yes&marketplace=yes&flow=no,"<script src=""https://fareharbor.com/embeds/script/calendar/hawaiianoceansports/items/18870/?asn=fhdn&asn-ref=alloutdooradventures&ref=alloutdooradventures&bookable-only=yes&full-items=yes&marketplace=yes&flow=no""></script>",https://fareharbor.com/embeds/book/hawaiianoceansports/items/18870/?asn=fhdn&asn-ref=alloutdooradventures&ref=alloutdooradventures&bookable-only=yes&full-items=yes&marketplace=yes&flow=no,https://www.filepicker.io/api/file/tkvz1uANRlacLo6L0WYk
Hawaii Outdoor Guides,hawaiioutdoorguides,info@hawaiioutdoorguides.com,808-699-6055,United States/Hawaii,-155.665857,19.542915,211823,Small Group Oahu Circle Island Tour,Hiking,6,42,0,https://fareharbor.com/embeds/calendar/hawaiioutdoorguides/items/211823/?asn=fhdn&asn-ref=alloutdooradventures&ref=alloutdooradventures&bookable-only=yes&full-items=yes&marketplace=yes&flow=no,"<script src=""https://fareharbor.com/embeds/script/calendar/hawaiioutdoorguides/items/211823/?asn=fhdn&asn-ref=alloutdooradventures&ref=alloutdooradventures&bookable-only=yes&full-items=yes&marketplace=yes&flow=no""></script>",https://fareharbor.com/embeds/book/hawaiioutdoorguides/items/211823/?asn=fhdn&asn-ref=alloutdooradventures&ref=alloutdooradventures&bookable-only=yes&full-items=yes&marketplace=yes&flow=no,https://cdn.filestackcontent.com/wJfX73YkR3ye4aQMPuVo
Dive Oahu,diveoahu,aloha@diveoahu.com,808-922-3483,United States/Hawaii/Honolulu,,,534383,PADI Instructor Development Course,Scuba-Water Activities,2,42,3,https://fareharbor.com/embeds/calendar/diveoahu/items/534383/?asn=fhdn&asn-ref=alloutdooradventures&ref=alloutdooradventures&bookable-only=yes&full-items=yes&marketplace=yes&flow=no,"<script src=""https://fareharbor.com/embeds/script/calendar/diveoahu/items/534383/?asn=fhdn&asn-ref=alloutdooradventures&ref=alloutdooradventures&bookable-only=yes&full-items=yes&marketplace=yes&flow=no""></script>",https://fareharbor.com/embeds/book/diveoahu/items/534383/?asn=fhdn&asn-ref=alloutdooradventures&ref=alloutdooradventures&bookable-only=yes&full-items=yes&marketplace=yes&flow=no,https://cdn.filestackcontent.com/ggVkAMZR52H8zWQRAa3Q
Maui Eco Tours/South Pacific Kayak/Kelii's Kayaks,mauiecotours,kayak@southpacifickayaks.com,(808) 875-4848,United States,-106.534838,38.794595,456,West Side Snorkel Discovery,Boat Tour-Dolphin-Eco Tour-Kayak-Snorkel-Water Activities-Whale Watch,2,41,122,https://fareharbor.com/embeds/calendar/mauiecotours/items/456/?asn=fhdn&asn-ref=alloutdooradventures&ref=alloutdooradventures&bookable-only=yes&full-items=yes&marketplace=yes&flow=no,"<script src=""https://fareharbor.com/embeds/script/calendar/mauiecotours/items/456/?asn=fhdn&asn-ref=alloutdooradventures&ref=alloutdooradventures&bookable-only=yes&full-items=yes&marketplace=yes&flow=no""></script>",https://fareharbor.com/embeds/book/mauiecotours/items/456/?asn=fhdn&asn-ref=alloutdooradventures&ref=alloutdooradventures&bookable-only=yes&full-items=yes&marketplace=yes&flow=no,https://www.filepicker.io/api/file/uPh0R8fSkKdIA6EcQOIe
Gungho Sailing,gunghosailing,gunghosailing@gmail.com,808-727-0094,United States/Hawaii/Lahaina,,,37611,Private Day Sail,Boat Tour-Dolphin-Food Tour-Sailing,4,41,92,https://fareharbor.com/embeds/calendar/gunghosailing/items/37611/?asn=fhdn&asn-ref=alloutdooradventures&ref=alloutdooradventures&bookable-only=yes&full-items=yes&marketplace=yes&flow=no,"<script src=""https://fareharbor.com/embeds/script/calendar/gunghosailing/items/37611/?asn=fhdn&asn-ref=alloutdooradventures&ref=alloutdooradventures&bookable-only=yes&full-items=yes&marketplace=yes&flow=no""></script>",https://fareharbor.com/embeds/book/gunghosailing/items/37611/?asn=fhdn&asn-ref=alloutdooradventures&ref=alloutdooradventures&bookable-only=yes&full-items=yes&marketplace=yes&flow=no,https://cdn.filestackcontent.com/A9HzLNsnSlutwjyicmHg
Bike Tour Hawaii,biketourhawaii,biketourhawaii@gmail.com,(808) 392-5414,United States/Hawaii/Honolulu,,,395815,Open House Real Estate Bike Tour,Bike Tour,4,41,26,https://fareharbor.com/embeds/calendar/biketourhawaii/items/395815/?asn=fhdn&asn-ref=alloutdooradventures&ref=alloutdooradventures&bookable-only=yes&full-items=yes&marketplace=yes&flow=no,"<script src=""https://fareharbor.com/embeds/script/calendar/biketourhawaii/items/395815/?asn=fhdn&asn-ref=alloutdooradventures&ref=alloutdooradventures&bookable-only=yes&full-items=yes&marketplace=yes&flow=no""></script>",https://fareharbor.com/embeds/book/biketourhawaii/items/395815/?asn=fhdn&asn-ref=alloutdooradventures&ref=alloutdooradventures&bookable-only=yes&full-items=yes&marketplace=yes&flow=no,https://cdn.filestackcontent.com/q2gKJL8aSwyoHbhpR4fe
Hawaiian Ocean Sports,hawaiianoceansports,ashley@hawaiianoceansports.com,808-633-2800,United States/Hawaii/Wailea-Makena,,,404127,Tommy Bahama Beach Chair,Canoe,2,41,180,https://fareharbor.com/embeds/calendar/hawaiianoceansports/items/404127/?asn=fhdn&asn-ref=alloutdooradventures&ref=alloutdooradventures&bookable-only=yes&full-items=yes&marketplace=yes&flow=no,"<script src=""https://fareharbor.com/embeds/script/calendar/hawaiianoceansports/items/404127/?asn=fhdn&asn-ref=alloutdooradventures&ref=alloutdooradventures&bookable-only=yes&full-items=yes&marketplace=yes&flow=no""></script>",https://fareharbor.com/embeds/book/hawaiianoceansports/items/404127/?asn=fhdn&asn-ref=alloutdooradventures&ref=alloutdooradventures&bookable-only=yes&full-items=yes&marketplace=yes&flow=no,https://cdn.filestackcontent.com/wqdQ5nSuTXJeXhBs6MCQ
Dive Oahu,diveoahu,aloha@diveoahu.com,808-922-3483,United States/Hawaii/Honolulu,,,534101,PADI Divemaster,Scuba-Water Activities,2,41,4,https://fareharbor.com/embeds/calendar/diveoahu/items/534101/?asn=fhdn&asn-ref=alloutdooradventures&ref=alloutdooradventures&bookable-only=yes&full-items=yes&marketplace=yes&flow=no,"<script src=""https://fareharbor.com/embeds/script/calendar/diveoahu/items/534101/?asn=fhdn&asn-ref=alloutdooradventures&ref=alloutdooradventures&bookable-only=yes&full-items=yes&marketplace=yes&flow=no""></script>",https://fareharbor.com/embeds/book/diveoahu/items/534101/?asn=fhdn&asn-ref=alloutdooradventures&ref=alloutdooradventures&bookable-only=yes&full-items=yes&marketplace=yes&flow=no,https://cdn.filestackcontent.com/Ezhm95l8QVCKcjpj4mBA
Try Scuba Diving - Honolulu,tryscuba-honolulu,honolulu@tryscubadiving.com,808-824-3254,United States/Hawaii/Honolulu,-157.85814,21.309884,231975,Mermaid Tail Bahama Blush,Scuba,0,40,0,https://fareharbor.com/embeds/calendar/tryscuba-honolulu/items/231975/?asn=fhdn&asn-ref=alloutdooradventures&ref=alloutdooradventures&bookable-only=yes&full-items=yes&marketplace=yes&flow=no,"<script src=""https://fareharbor.com/embeds/script/calendar/tryscuba-honolulu/items/231975/?asn=fhdn&asn-ref=alloutdooradventures&ref=alloutdooradventures&bookable-only=yes&full-items=yes&marketplace=yes&flow=no""></script>",https://fareharbor.com/embeds/book/tryscuba-honolulu/items/231975/?asn=fhdn&asn-ref=alloutdooradventures&ref=alloutdooradventures&bookable-only=yes&full-items=yes&marketplace=yes&flow=no,
Try Scuba Diving - Honolulu,tryscuba-honolulu,honolulu@tryscubadiving.com,808-824-3254,United States/Hawaii/Honolulu,-157.85814,21.309884,231983,Mermaid Tail Maui Splash,Scuba,0,40,0,https://fareharbor.com/embeds/calendar/tryscuba-honolulu/items/231983/?asn=fhdn&asn-ref=alloutdooradventures&ref=alloutdooradventures&bookable-only=yes&full-items=yes&marketplace=yes&flow=no,"<script src=""https://fareharbor.com/embeds/script/calendar/tryscuba-honolulu/items/231983/?asn=fhdn&asn-ref=alloutdooradventures&ref=alloutdooradventures&bookable-only=yes&full-items=yes&marketplace=yes&flow=no""></script>",https://fareharbor.com/embeds/book/tryscuba-honolulu/items/231983/?asn=fhdn&asn-ref=alloutdooradventures&ref=alloutdooradventures&bookable-only=yes&full-items=yes&marketplace=yes&flow=no,
Seasport Divers,seasportdivers,info@seasportdivers.com,1-808-742-9303,United States/Hawaii/Koloa,-159.468259,21.884875,534106,Shannon Tours,Scuba,0,40,0,https://fareharbor.com/embeds/calendar/seasportdivers/items/534106/?asn=fhdn&asn-ref=alloutdooradventures&ref=alloutdooradventures&bookable-only=yes&full-items=yes&marketplace=yes&flow=no,"<script src=""https://fareharbor.com/embeds/script/calendar/seasportdivers/items/534106/?asn=fhdn&asn-ref=alloutdooradventures&ref=alloutdooradventures&bookable-only=yes&full-items=yes&marketplace=yes&flow=no""></script>",https://fareharbor.com/embeds/book/seasportdivers/items/534106/?asn=fhdn&asn-ref=alloutdooradventures&ref=alloutdooradventures&bookable-only=yes&full-items=yes&marketplace=yes&flow=no,
Extended Horizons Scuba,extendedhorizons,INFO@EXTENDEDHORIZONS.COM,(808) 667-0611,United States/Hawaii/Lahaina,,,693883,Full Open Water Certification,Scuba,1,40,0,https://fareharbor.com/embeds/calendar/extendedhorizons/items/693883/?asn=fhdn&asn-ref=alloutdooradventures&ref=alloutdooradventures&bookable-only=yes&full-items=yes&marketplace=yes&flow=no,"<script src=""https://fareharbor.com/embeds/script/calendar/extendedhorizons/items/693883/?asn=fhdn&asn-ref=alloutdooradventures&ref=alloutdooradventures&bookable-only=yes&full-items=yes&marketplace=yes&flow=no""></script>",https://fareharbor.com/embeds/book/extendedhorizons/items/693883/?asn=fhdn&asn-ref=alloutdooradventures&ref=alloutdooradventures&bookable-only=yes&full-items=yes&marketplace=yes&flow=no,https://cdn.filestackcontent.com/mdHHLU1rSB6CCsUwRrsM
Hawaiian Ocean Sports,hawaiianoceansports,ashley@hawaiianoceansports.com,808-633-2800,United States/Hawaii/Wailea-Makena,,,18953,Hawaiian Outrigger Canoe Snorkel Tour,Canoe-Snorkel,1,39,720,https://fareharbor.com/embeds/calendar/hawaiianoceansports/items/18953/?asn=fhdn&asn-ref=alloutdooradventures&ref=alloutdooradventures&bookable-only=yes&full-items=yes&marketplace=yes&flow=no,"<script src=""https://fareharbor.com/embeds/script/calendar/hawaiianoceansports/items/18953/?asn=fhdn&asn-ref=alloutdooradventures&ref=alloutdooradventures&bookable-only=yes&full-items=yes&marketplace=yes&flow=no""></script>",https://fareharbor.com/embeds/book/hawaiianoceansports/items/18953/?asn=fhdn&asn-ref=alloutdooradventures&ref=alloutdooradventures&bookable-only=yes&full-items=yes&marketplace=yes&flow=no,https://www.filepicker.io/api/file/IG3Wf6sTAGgrJjx9uWhC
In2Scuba Diving Maui,in2scubadivingmaui,In2Scuba@gmail.com,808-264-8198,United States/Hawaii/Lahaina,,,71844,Open Water Certification,Scuba-Snorkel,1,39,0,https://fareharbor.com/embeds/calendar/in2scubadivingmaui/items/71844/?asn=fhdn&asn-ref=alloutdooradventures&ref=alloutdooradventures&bookable-only=yes&full-items=yes&marketplace=yes&flow=no,"<script src=""https://fareharbor.com/embeds/script/calendar/in2scubadivingmaui/items/71844/?asn=fhdn&asn-ref=alloutdooradventures&ref=alloutdooradventures&bookable-only=yes&full-items=yes&marketplace=yes&flow=no""></script>",https://fareharbor.com/embeds/book/in2scubadivingmaui/items/71844/?asn=fhdn&asn-ref=alloutdooradventures&ref=alloutdooradventures&bookable-only=yes&full-items=yes&marketplace=yes&flow=no,https://cdn.filestackcontent.com/qr8N31cTBSt3JC6O1PWa
Trident Adventures,tridentadventures,Dive@TridentAdventures.com,808-762-3483,United States/Hawaii/Honolulu,,,114958,Bubble Maker,Lesson-Scuba-Snorkel-Water Activities,1,39,2,https://fareharbor.com/embeds/calendar/tridentadventures/items/114958/?asn=fhdn&asn-ref=alloutdooradventures&ref=alloutdooradventures&bookable-only=yes&full-items=yes&marketplace=yes&flow=no,"<script src=""https://fareharbor.com/embeds/script/calendar/tridentadventures/items/114958/?asn=fhdn&asn-ref=alloutdooradventures&ref=alloutdooradventures&bookable-only=yes&full-items=yes&marketplace=yes&flow=no""></script>",https://fareharbor.com/embeds/book/tridentadventures/items/114958/?asn=fhdn&asn-ref=alloutdooradventures&ref=alloutdooradventures&bookable-only=yes&full-items=yes&marketplace=yes&flow=no,https://cdn.filestackcontent.com/cFuj1boeQcaxTeZstsHv
Banzai Divers Hawaii,banzaidivershawaii,devin@banzaidivershawaii.com,(808) 462-8290,United States/Hawaii/Honolulu,,,186835,Beginner/Refresher Dive - Electric Beach,Scuba,1,39,540,https://fareharbor.com/embeds/calendar/banzaidivershawaii/items/186835/?asn=fhdn&asn-ref=alloutdooradventures&ref=alloutdooradventures&bookable-only=yes&full-items=yes&marketplace=yes&flow=no,"<script src=""https://fareharbor.com/embeds/script/calendar/banzaidivershawaii/items/186835/?asn=fhdn&asn-ref=alloutdooradventures&ref=alloutdooradventures&bookable-only=yes&full-items=yes&marketplace=yes&flow=no""></script>",https://fareharbor.com/embeds/book/banzaidivershawaii/items/186835/?asn=fhdn&asn-ref=alloutdooradventures&ref=alloutdooradventures&bookable-only=yes&full-items=yes&marketplace=yes&flow=no,https://cdn.filestackcontent.com/phVrVkujSYmwKzKGazWY
Hawaii Outdoor Guides,hawaiioutdoorguides,info@hawaiioutdoorguides.com,808-699-6055,United States/Hawaii,-155.665857,19.542915,211446,"Small Group Big Island Circle Tour - Waterfalls, Hilo, Volcano, & Black Sand Beach",Hiking,4,39,0,https://fareharbor.com/embeds/calendar/hawaiioutdoorguides/items/211446/?asn=fhdn&asn-ref=alloutdooradventures&ref=alloutdooradventures&bookable-only=yes&full-items=yes&marketplace=yes&flow=no,"<script src=""https://fareharbor.com/embeds/script/calendar/hawaiioutdoorguides/items/211446/?asn=fhdn&asn-ref=alloutdooradventures&ref=alloutdooradventures&bookable-only=yes&full-items=yes&marketplace=yes&flow=no""></script>",https://fareharbor.com/embeds/book/hawaiioutdoorguides/items/211446/?asn=fhdn&asn-ref=alloutdooradventures&ref=alloutdooradventures&bookable-only=yes&full-items=yes&marketplace=yes&flow=no,https://cdn.filestackcontent.com/VCl4iiKTTsu6jGjzBNSb
Switchbacks Hawaii,switchbackshawaii,reservations@switchbackshawaii.com,8082694891,United States/Hawaii/Lahaina,,,213399,Road to Hana Halfway Tour,Hiking,1,39,116,https://fareharbor.com/embeds/calendar/switchbackshawaii/items/213399/?asn=fhdn&asn-ref=alloutdooradventures&ref=alloutdooradventures&bookable-only=yes&full-items=yes&marketplace=yes&flow=no,"<script src=""https://fareharbor.com/embeds/script/calendar/switchbackshawaii/items/213399/?asn=fhdn&asn-ref=alloutdooradventures&ref=alloutdooradventures&bookable-only=yes&full-items=yes&marketplace=yes&flow=no""></script>",https://fareharbor.com/embeds/book/switchbackshawaii/items/213399/?asn=fhdn&asn-ref=alloutdooradventures&ref=alloutdooradventures&bookable-only=yes&full-items=yes&marketplace=yes&flow=no,https://cdn.filestackcontent.com/UuytnhLLSnKx2KrXCSoQ
Humble Tours,humbletours,info@humbletours.com,,United States/Hawaii/Kihei,,,304562,Haleakalā National Park Hike + Summit,Wellness-Hiking-Walking Tour,1,39,0,https://fareharbor.com/embeds/calendar/humbletours/items/304562/?asn=fhdn&asn-ref=alloutdooradventures&ref=alloutdooradventures&bookable-only=yes&full-items=yes&marketplace=yes&flow=no,"<script src=""https://fareharbor.com/embeds/script/calendar/humbletours/items/304562/?asn=fhdn&asn-ref=alloutdooradventures&ref=alloutdooradventures&bookable-only=yes&full-items=yes&marketplace=yes&flow=no""></script>",https://fareharbor.com/embeds/book/humbletours/items/304562/?asn=fhdn&asn-ref=alloutdooradventures&ref=alloutdooradventures&bookable-only=yes&full-items=yes&marketplace=yes&flow=no,https://cdn.filestackcontent.com/gqnI6tPDRb2BQFYDVyKm
Hawaiian Ocean Sports,hawaiianoceansports,ashley@hawaiianoceansports.com,808-633-2800,United States/Hawaii/Wailea-Makena,,,403882,Body Boards,Canoe,3,39,180,https://fareharbor.com/embeds/calendar/hawaiianoceansports/items/403882/?asn=fhdn&asn-ref=alloutdooradventures&ref=alloutdooradventures&bookable-only=yes&full-items=yes&marketplace=yes&flow=no,"<script src=""https://fareharbor.com/embeds/script/calendar/hawaiianoceansports/items/403882/?asn=fhdn&asn-ref=alloutdooradventures&ref=alloutdooradventures&bookable-only=yes&full-items=yes&marketplace=yes&flow=no""></script>",https://fareharbor.com/embeds/book/hawaiianoceansports/items/403882/?asn=fhdn&asn-ref=alloutdooradventures&ref=alloutdooradventures&bookable-only=yes&full-items=yes&marketplace=yes&flow=no,https://cdn.filestackcontent.com/90CF794STGTdMuCzBmZX
Maui Pacific Divers,mauipacificdivers,maggie@mauipacificdivers.com,8082293999,United States/Hawaii/Kihei,,,462763,SCUBA Lana'i: 3 Tank Expedition *Private Charter*,Boat Rental-Boat Tour-Private-Scuba-Water Activities,1,39,176,https://fareharbor.com/embeds/calendar/mauipacificdivers/items/462763/?asn=fhdn&asn-ref=alloutdooradventures&ref=alloutdooradventures&bookable-only=yes&full-items=yes&marketplace=yes&flow=no,"<script src=""https://fareharbor.com/embeds/script/calendar/mauipacificdivers/items/462763/?asn=fhdn&asn-ref=alloutdooradventures&ref=alloutdooradventures&bookable-only=yes&full-items=yes&marketplace=yes&flow=no""></script>",https://fareharbor.com/embeds/book/mauipacificdivers/items/462763/?asn=fhdn&asn-ref=alloutdooradventures&ref=alloutdooradventures&bookable-only=yes&full-items=yes&marketplace=yes&flow=no,https://cdn.filestackcontent.com/PAziOtZERW2YLPv5lC0Y
Ocean Therapy Charters,oceantherapycharters,info@oceantherapycharters.com,808-336-2194,United States/Hawaii/Honolulu,,,503685,Scuba Diving Excursion - Wreck and Reef,Scuba,1,39,361,https://fareharbor.com/embeds/calendar/oceantherapycharters/items/503685/?asn=fhdn&asn-ref=alloutdooradventures&ref=alloutdooradventures&bookable-only=yes&full-items=yes&marketplace=yes&flow=no,"<script src=""https://fareharbor.com/embeds/script/calendar/oceantherapycharters/items/503685/?asn=fhdn&asn-ref=alloutdooradventures&ref=alloutdooradventures&bookable-only=yes&full-items=yes&marketplace=yes&flow=no""></script>",https://fareharbor.com/embeds/book/oceantherapycharters/items/503685/?asn=fhdn&asn-ref=alloutdooradventures&ref=alloutdooradventures&bookable-only=yes&full-items=yes&marketplace=yes&flow=no,https://cdn.filestackcontent.com/myHFAWwcTmGBf099K48C
Ocean Therapy Charters,oceantherapycharters,info@oceantherapycharters.com,808-336-2194,United States/Hawaii/Honolulu,,,510960,Discovery SCUBA Dive,Scuba,1,39,360,https://fareharbor.com/embeds/calendar/oceantherapycharters/items/510960/?asn=fhdn&asn-ref=alloutdooradventures&ref=alloutdooradventures&bookable-only=yes&full-items=yes&marketplace=yes&flow=no,"<script src=""https://fareharbor.com/embeds/script/calendar/oceantherapycharters/items/510960/?asn=fhdn&asn-ref=alloutdooradventures&ref=alloutdooradventures&bookable-only=yes&full-items=yes&marketplace=yes&flow=no""></script>",https://fareharbor.com/embeds/book/oceantherapycharters/items/510960/?asn=fhdn&asn-ref=alloutdooradventures&ref=alloutdooradventures&bookable-only=yes&full-items=yes&marketplace=yes&flow=no,https://cdn.filestackcontent.com/gfTuSDEmTIGfvLYDrb29
Hawaii Marine Life LLC,hawaiimarinelifecharters,hawaiimarinelife@gmail.com,808-333-1118,United States/Hawaii/Kailua-Kona,,,515104,2.5 Hour Dolphin Watch and Double-Reef Snorkel in Hawaii,Boat Tour-Dolphin-Snorkel,1,39,333,https://fareharbor.com/embeds/calendar/hawaiimarinelifecharters/items/515104/?asn=fhdn&asn-ref=alloutdooradventures&ref=alloutdooradventures&bookable-only=yes&full-items=yes&marketplace=yes&flow=no,"<script src=""https://fareharbor.com/embeds/script/calendar/hawaiimarinelifecharters/items/515104/?asn=fhdn&asn-ref=alloutdooradventures&ref=alloutdooradventures&bookable-only=yes&full-items=yes&marketplace=yes&flow=no""></script>",https://fareharbor.com/embeds/book/hawaiimarinelifecharters/items/515104/?asn=fhdn&asn-ref=alloutdooradventures&ref=alloutdooradventures&bookable-only=yes&full-items=yes&marketplace=yes&flow=no,https://cdn.filestackcontent.com/O0IfAr28TSmDFlUAH2K1
Dive Oahu,diveoahu,aloha@diveoahu.com,808-922-3483,United States/Hawaii/Honolulu,,,534389,PADI Master Scuba Diver Trainer,Scuba-Water Activities,1,39,0,https://fareharbor.com/embeds/calendar/diveoahu/items/534389/?asn=fhdn&asn-ref=alloutdooradventures&ref=alloutdooradventures&bookable-only=yes&full-items=yes&marketplace=yes&flow=no,"<script src=""https://fareharbor.com/embeds/script/calendar/diveoahu/items/534389/?asn=fhdn&asn-ref=alloutdooradventures&ref=alloutdooradventures&bookable-only=yes&full-items=yes&marketplace=yes&flow=no""></script>",https://fareharbor.com/embeds/book/diveoahu/items/534389/?asn=fhdn&asn-ref=alloutdooradventures&ref=alloutdooradventures&bookable-only=yes&full-items=yes&marketplace=yes&flow=no,https://cdn.filestackcontent.com/4c7bwj8fQdixXXtY1c2I
Extended Horizons Scuba,extendedhorizons,INFO@EXTENDEDHORIZONS.COM,(808) 667-0611,United States/Hawaii/Lahaina,,,693430,Refresher Scuba Dive,Scuba,1,39,180,https://fareharbor.com/embeds/calendar/extendedhorizons/items/693430/?asn=fhdn&asn-ref=alloutdooradventures&ref=alloutdooradventures&bookable-only=yes&full-items=yes&marketplace=yes&flow=no,"<script src=""https://fareharbor.com/embeds/script/calendar/extendedhorizons/items/693430/?asn=fhdn&asn-ref=alloutdooradventures&ref=alloutdooradventures&bookable-only=yes&full-items=yes&marketplace=yes&flow=no""></script>",https://fareharbor.com/embeds/book/extendedhorizons/items/693430/?asn=fhdn&asn-ref=alloutdooradventures&ref=alloutdooradventures&bookable-only=yes&full-items=yes&marketplace=yes&flow=no,https://cdn.filestackcontent.com/IDBG25PCQMuHLTCTizt1
Extended Horizons Scuba,extendedhorizons,INFO@EXTENDEDHORIZONS.COM,(808) 667-0611,United States/Hawaii/Lahaina,,,693497,Open Water Referral,Scuba,1,39,0,https://fareharbor.com/embeds/calendar/extendedhorizons/items/693497/?asn=fhdn&asn-ref=alloutdooradventures&ref=alloutdooradventures&bookable-only=yes&full-items=yes&marketplace=yes&flow=no,"<script src=""https://fareharbor.com/embeds/script/calendar/extendedhorizons/items/693497/?asn=fhdn&asn-ref=alloutdooradventures&ref=alloutdooradventures&bookable-only=yes&full-items=yes&marketplace=yes&flow=no""></script>",https://fareharbor.com/embeds/book/extendedhorizons/items/693497/?asn=fhdn&asn-ref=alloutdooradventures&ref=alloutdooradventures&bookable-only=yes&full-items=yes&marketplace=yes&flow=no,https://cdn.filestackcontent.com/HUmux7XQueIg5adqEP1g
Extended Horizons Scuba,extendedhorizons,INFO@EXTENDEDHORIZONS.COM,(808) 667-0611,United States/Hawaii/Lahaina,,,693884,ReActivate Course,Scuba,1,39,0,https://fareharbor.com/embeds/calendar/extendedhorizons/items/693884/?asn=fhdn&asn-ref=alloutdooradventures&ref=alloutdooradventures&bookable-only=yes&full-items=yes&marketplace=yes&flow=no,"<script src=""https://fareharbor.com/embeds/script/calendar/extendedhorizons/items/693884/?asn=fhdn&asn-ref=alloutdooradventures&ref=alloutdooradventures&bookable-only=yes&full-items=yes&marketplace=yes&flow=no""></script>",https://fareharbor.com/embeds/book/extendedhorizons/items/693884/?asn=fhdn&asn-ref=alloutdooradventures&ref=alloutdooradventures&bookable-only=yes&full-items=yes&marketplace=yes&flow=no,https://cdn.filestackcontent.com/myptWgVxQsqMVWp7G5Lg
Extended Horizons Scuba,extendedhorizons,INFO@EXTENDEDHORIZONS.COM,(808) 667-0611,United States/Hawaii/Lahaina,,,694124,Advanced Open Water Course,Scuba,1,39,0,https://fareharbor.com/embeds/calendar/extendedhorizons/items/694124/?asn=fhdn&asn-ref=alloutdooradventures&ref=alloutdooradventures&bookable-only=yes&full-items=yes&marketplace=yes&flow=no,"<script src=""https://fareharbor.com/embeds/script/calendar/extendedhorizons/items/694124/?asn=fhdn&asn-ref=alloutdooradventures&ref=alloutdooradventures&bookable-only=yes&full-items=yes&marketplace=yes&flow=no""></script>",https://fareharbor.com/embeds/book/extendedhorizons/items/694124/?asn=fhdn&asn-ref=alloutdooradventures&ref=alloutdooradventures&bookable-only=yes&full-items=yes&marketplace=yes&flow=no,https://cdn.filestackcontent.com/UPqzJiN2SIyqZPSP49jh
Extended Horizons Scuba,extendedhorizons,INFO@EXTENDEDHORIZONS.COM,(808) 667-0611,United States/Hawaii/Lahaina,,,694140,Rescue Diver Course,Scuba,1,39,0,https://fareharbor.com/embeds/calendar/extendedhorizons/items/694140/?asn=fhdn&asn-ref=alloutdooradventures&ref=alloutdooradventures&bookable-only=yes&full-items=yes&marketplace=yes&flow=no,"<script src=""https://fareharbor.com/embeds/script/calendar/extendedhorizons/items/694140/?asn=fhdn&asn-ref=alloutdooradventures&ref=alloutdooradventures&bookable-only=yes&full-items=yes&marketplace=yes&flow=no""></script>",https://fareharbor.com/embeds/book/extendedhorizons/items/694140/?asn=fhdn&asn-ref=alloutdooradventures&ref=alloutdooradventures&bookable-only=yes&full-items=yes&marketplace=yes&flow=no,https://cdn.filestackcontent.com/mAmNpVvQleBBUIqWvtoz
Wilderness Inquiry,wildernessinquiry,registrations@wildernessinquiry.org,612-676-9400,United States/Hawaii/Kailua-Kona,,,695848,Hawaii Hike and Explore,Hiking,1,39,0,https://fareharbor.com/embeds/calendar/wildernessinquiry/items/695848/?asn=fhdn&asn-ref=alloutdooradventures&ref=alloutdooradventures&bookable-only=yes&full-items=yes&marketplace=yes&flow=no,"<script src=""https://fareharbor.com/embeds/script/calendar/wildernessinquiry/items/695848/?asn=fhdn&asn-ref=alloutdooradventures&ref=alloutdooradventures&bookable-only=yes&full-items=yes&marketplace=yes&flow=no""></script>",https://fareharbor.com/embeds/book/wildernessinquiry/items/695848/?asn=fhdn&asn-ref=alloutdooradventures&ref=alloutdooradventures&bookable-only=yes&full-items=yes&marketplace=yes&flow=no,https://cdn.filestackcontent.com/W98u54KFTHOznRlM0ZKu
Ancient River Kayak,ancientriverkayak,rainbowkayaktours@gmail.com,808-826-2505,United States/Hawaii/Kapaʻa,,,13622,Secret Falls Tour,Hiking,1,38,256,https://fareharbor.com/embeds/calendar/ancientriverkayak/items/13622/?asn=fhdn&asn-ref=alloutdooradventures&ref=alloutdooradventures&bookable-only=yes&full-items=yes&marketplace=yes&flow=no,"<script src=""https://fareharbor.com/embeds/script/calendar/ancientriverkayak/items/13622/?asn=fhdn&asn-ref=alloutdooradventures&ref=alloutdooradventures&bookable-only=yes&full-items=yes&marketplace=yes&flow=no""></script>",https://fareharbor.com/embeds/book/ancientriverkayak/items/13622/?asn=fhdn&asn-ref=alloutdooradventures&ref=alloutdooradventures&bookable-only=yes&full-items=yes&marketplace=yes&flow=no,https://www.filepicker.io/api/file/2ZUrKJtJRS4pW0GaJOR0
Take a Hike Oahu,hawaiianshuttles,hawaiianshuttles@gmail.com,(808) 699-9829,United States/Hawaii/Honolulu,,,62862,Waimea Falls & Valley & North Shore day,Hiking-Sightseeing Tour,1,38,154,https://fareharbor.com/embeds/calendar/hawaiianshuttles/items/62862/?asn=fhdn&asn-ref=alloutdooradventures&ref=alloutdooradventures&bookable-only=yes&full-items=yes&marketplace=yes&flow=no,"<script src=""https://fareharbor.com/embeds/script/calendar/hawaiianshuttles/items/62862/?asn=fhdn&asn-ref=alloutdooradventures&ref=alloutdooradventures&bookable-only=yes&full-items=yes&marketplace=yes&flow=no""></script>",https://fareharbor.com/embeds/book/hawaiianshuttles/items/62862/?asn=fhdn&asn-ref=alloutdooradventures&ref=alloutdooradventures&bookable-only=yes&full-items=yes&marketplace=yes&flow=no,https://cdn.filestackcontent.com/5VdMrAMsQoysSayXYdSP
Take a Hike Oahu,hawaiianshuttles,hawaiianshuttles@gmail.com,(808) 699-9829,United States/Hawaii/Honolulu,,,62875,WaterFall Hike & East Side Beach Park,Hiking,1,38,154,https://fareharbor.com/embeds/calendar/hawaiianshuttles/items/62875/?asn=fhdn&asn-ref=alloutdooradventures&ref=alloutdooradventures&bookable-only=yes&full-items=yes&marketplace=yes&flow=no,"<script src=""https://fareharbor.com/embeds/script/calendar/hawaiianshuttles/items/62875/?asn=fhdn&asn-ref=alloutdooradventures&ref=alloutdooradventures&bookable-only=yes&full-items=yes&marketplace=yes&flow=no""></script>",https://fareharbor.com/embeds/book/hawaiianshuttles/items/62875/?asn=fhdn&asn-ref=alloutdooradventures&ref=alloutdooradventures&bookable-only=yes&full-items=yes&marketplace=yes&flow=no,https://cdn.filestackcontent.com/Mhu9llESMizCFPGKVrvR
Ola ParaDive,olaparadive,info@olaparadive.com,+18083486645,United States/Hawaii/Honolulu,,,202793,2 Tank Beginner Discovery Scuba Diving - Boat Charter,Boat Tour-Scuba,1,38,360,https://fareharbor.com/embeds/calendar/olaparadive/items/202793/?asn=fhdn&asn-ref=alloutdooradventures&ref=alloutdooradventures&bookable-only=yes&full-items=yes&marketplace=yes&flow=no,"<script src=""https://fareharbor.com/embeds/script/calendar/olaparadive/items/202793/?asn=fhdn&asn-ref=alloutdooradventures&ref=alloutdooradventures&bookable-only=yes&full-items=yes&marketplace=yes&flow=no""></script>",https://fareharbor.com/embeds/book/olaparadive/items/202793/?asn=fhdn&asn-ref=alloutdooradventures&ref=alloutdooradventures&bookable-only=yes&full-items=yes&marketplace=yes&flow=no,https://cdn.filestackcontent.com/GOdln4GCSuO5hhnGOg1p
Captain Zodiac,captainzodiac,info@captainzodiac.com,+1 808 329 3199,United States/Hawaii/Kaiminani,,,217711,Kealakekua Express from Kailua Pier,Dolphin-Snorkel,1,38,94,https://fareharbor.com/embeds/calendar/captainzodiac/items/217711/?asn=fhdn&asn-ref=alloutdooradventures&ref=alloutdooradventures&bookable-only=yes&full-items=yes&marketplace=yes&flow=no,"<script src=""https://fareharbor.com/embeds/script/calendar/captainzodiac/items/217711/?asn=fhdn&asn-ref=alloutdooradventures&ref=alloutdooradventures&bookable-only=yes&full-items=yes&marketplace=yes&flow=no""></script>",https://fareharbor.com/embeds/book/captainzodiac/items/217711/?asn=fhdn&asn-ref=alloutdooradventures&ref=alloutdooradventures&bookable-only=yes&full-items=yes&marketplace=yes&flow=no,https://cdn.filestackcontent.com/ep2BiMJMSG280jwVyV18
Blue Hawaii Photo Tours,bluehawaiiphototours,info@bluehawaiiprivatetours.com,808 799 5554,United States/Hawaii/Honolulu,,,231589,Hiking,Hiking,1,38,0,https://fareharbor.com/embeds/calendar/bluehawaiiphototours/items/231589/?asn=fhdn&asn-ref=alloutdooradventures&ref=alloutdooradventures&bookable-only=yes&full-items=yes&marketplace=yes&flow=no,"<script src=""https://fareharbor.com/embeds/script/calendar/bluehawaiiphototours/items/231589/?asn=fhdn&asn-ref=alloutdooradventures&ref=alloutdooradventures&bookable-only=yes&full-items=yes&marketplace=yes&flow=no""></script>",https://fareharbor.com/embeds/book/bluehawaiiphototours/items/231589/?asn=fhdn&asn-ref=alloutdooradventures&ref=alloutdooradventures&bookable-only=yes&full-items=yes&marketplace=yes&flow=no,https://cdn.filestackcontent.com/yW1sgclEQMys4DmSo4e2
Triple L Ranch Maui Private Custom Horseback Riding,triplelranchmaui,info@triplelranchmaui.com,808-280-7070,United States/Hawaii/Kula,,,265897,Open Range All Inclusive Lunch Tour - Three and a Half Hours,Food Tour-Horse,1,38,23,https://fareharbor.com/embeds/calendar/triplelranchmaui/items/265897/?asn=fhdn&asn-ref=alloutdooradventures&ref=alloutdooradventures&bookable-only=yes&full-items=yes&marketplace=yes&flow=no,"<script src=""https://fareharbor.com/embeds/script/calendar/triplelranchmaui/items/265897/?asn=fhdn&asn-ref=alloutdooradventures&ref=alloutdooradventures&bookable-only=yes&full-items=yes&marketplace=yes&flow=no""></script>",https://fareharbor.com/embeds/book/triplelranchmaui/items/265897/?asn=fhdn&asn-ref=alloutdooradventures&ref=alloutdooradventures&bookable-only=yes&full-items=yes&marketplace=yes&flow=no,https://cdn.filestackcontent.com/Ee6nm6G0QgOosnRDNS3p
Triple L Ranch Maui Private Custom Horseback Riding,triplelranchmaui,info@triplelranchmaui.com,808-280-7070,United States/Hawaii/Kula,,,265915,Open Range One And A Half  Hour Tour,Horse,1,38,0,https://fareharbor.com/embeds/calendar/triplelranchmaui/items/265915/?asn=fhdn&asn-ref=alloutdooradventures&ref=alloutdooradventures&bookable-only=yes&full-items=yes&marketplace=yes&flow=no,"<script src=""https://fareharbor.com/embeds/script/calendar/triplelranchmaui/items/265915/?asn=fhdn&asn-ref=alloutdooradventures&ref=alloutdooradventures&bookable-only=yes&full-items=yes&marketplace=yes&flow=no""></script>",https://fareharbor.com/embeds/book/triplelranchmaui/items/265915/?asn=fhdn&asn-ref=alloutdooradventures&ref=alloutdooradventures&bookable-only=yes&full-items=yes&marketplace=yes&flow=no,https://cdn.filestackcontent.com/JXgFOkRZL1FKqBygsGgi
Ola ParaDive,olaparadive,info@olaparadive.com,+18083486645,United States/Hawaii/Honolulu,,,306452,Shore Diving For Beginners And/Or Certified Divers,Scuba,1,38,540,https://fareharbor.com/embeds/calendar/olaparadive/items/306452/?asn=fhdn&asn-ref=alloutdooradventures&ref=alloutdooradventures&bookable-only=yes&full-items=yes&marketplace=yes&flow=no,"<script src=""https://fareharbor.com/embeds/script/calendar/olaparadive/items/306452/?asn=fhdn&asn-ref=alloutdooradventures&ref=alloutdooradventures&bookable-only=yes&full-items=yes&marketplace=yes&flow=no""></script>",https://fareharbor.com/embeds/book/olaparadive/items/306452/?asn=fhdn&asn-ref=alloutdooradventures&ref=alloutdooradventures&bookable-only=yes&full-items=yes&marketplace=yes&flow=no,https://cdn.filestackcontent.com/aOyX6JEbQzG8ClGktKf7
Humble Tours,humbletours,info@humbletours.com,,United States/Hawaii/Kihei,,,325200,Private Haleakalā National Park Hike + Summit Tour,Hiking-History Tour-Private,1,38,0,https://fareharbor.com/embeds/calendar/humbletours/items/325200/?asn=fhdn&asn-ref=alloutdooradventures&ref=alloutdooradventures&bookable-only=yes&full-items=yes&marketplace=yes&flow=no,"<script src=""https://fareharbor.com/embeds/script/calendar/humbletours/items/325200/?asn=fhdn&asn-ref=alloutdooradventures&ref=alloutdooradventures&bookable-only=yes&full-items=yes&marketplace=yes&flow=no""></script>",https://fareharbor.com/embeds/book/humbletours/items/325200/?asn=fhdn&asn-ref=alloutdooradventures&ref=alloutdooradventures&bookable-only=yes&full-items=yes&marketplace=yes&flow=no,https://cdn.filestackcontent.com/y8yFT2ugQZSxTiQiI2Wh
Kaanapali Ocean Adventures,kaanapalioceanadventures,kaanapalioceanadventures@gmail.com,808.633.3138,United States/Hawaii/Lahaina,,,325219,West Maui Snorkelling Half Day,Boat Tour-Dolphin-Rafting-Scooter-Sightseeing Tour-Snorkel,1,38,0,https://fareharbor.com/embeds/calendar/kaanapalioceanadventures/items/325219/?asn=fhdn&asn-ref=alloutdooradventures&ref=alloutdooradventures&bookable-only=yes&full-items=yes&marketplace=yes&flow=no,"<script src=""https://fareharbor.com/embeds/script/calendar/kaanapalioceanadventures/items/325219/?asn=fhdn&asn-ref=alloutdooradventures&ref=alloutdooradventures&bookable-only=yes&full-items=yes&marketplace=yes&flow=no""></script>",https://fareharbor.com/embeds/book/kaanapalioceanadventures/items/325219/?asn=fhdn&asn-ref=alloutdooradventures&ref=alloutdooradventures&bookable-only=yes&full-items=yes&marketplace=yes&flow=no,https://cdn.filestackcontent.com/ihWHfkzR62fQIRaFsgvF
North Shore Dive Shop,northshorediveshop,northshorediveshop@gmail.com,(808) 7517181,United States/Hawaii/Haleiwa,,,422884,Discover Dive,Scuba,1,38,540,https://fareharbor.com/embeds/calendar/northshorediveshop/items/422884/?asn=fhdn&asn-ref=alloutdooradventures&ref=alloutdooradventures&bookable-only=yes&full-items=yes&marketplace=yes&flow=no,"<script src=""https://fareharbor.com/embeds/script/calendar/northshorediveshop/items/422884/?asn=fhdn&asn-ref=alloutdooradventures&ref=alloutdooradventures&bookable-only=yes&full-items=yes&marketplace=yes&flow=no""></script>",https://fareharbor.com/embeds/book/northshorediveshop/items/422884/?asn=fhdn&asn-ref=alloutdooradventures&ref=alloutdooradventures&bookable-only=yes&full-items=yes&marketplace=yes&flow=no,https://cdn.filestackcontent.com/pVclrfOSMOszB5bGAS1k
Unique Maui Tours,uniquehawaiiexperience,UniqueMauiTours@gmail.com,+1 844-550-6284,United States/Hawaii/Kihei,,,452200,Advanced Haleakala Hiking - Trek Across the Crater!,Hiking-Private-Walking Tour,1,38,0,https://fareharbor.com/embeds/calendar/uniquehawaiiexperience/items/452200/?asn=fhdn&asn-ref=alloutdooradventures&ref=alloutdooradventures&bookable-only=yes&full-items=yes&marketplace=yes&flow=no,"<script src=""https://fareharbor.com/embeds/script/calendar/uniquehawaiiexperience/items/452200/?asn=fhdn&asn-ref=alloutdooradventures&ref=alloutdooradventures&bookable-only=yes&full-items=yes&marketplace=yes&flow=no""></script>",https://fareharbor.com/embeds/book/uniquehawaiiexperience/items/452200/?asn=fhdn&asn-ref=alloutdooradventures&ref=alloutdooradventures&bookable-only=yes&full-items=yes&marketplace=yes&flow=no,https://cdn.filestackcontent.com/dAFbFQ5RXSDwvPCGqEWs
Hawaiian Ocean Sports,hawaiianoceansports,ashley@hawaiianoceansports.com,808-633-2800,United States/Hawaii/Wailea-Makena,,,492438,Umbrella & 2 Beach Chairs,Canoe,1,38,180,https://fareharbor.com/embeds/calendar/hawaiianoceansports/items/492438/?asn=fhdn&asn-ref=alloutdooradventures&ref=alloutdooradventures&bookable-only=yes&full-items=yes&marketplace=yes&flow=no,"<script src=""https://fareharbor.com/embeds/script/calendar/hawaiianoceansports/items/492438/?asn=fhdn&asn-ref=alloutdooradventures&ref=alloutdooradventures&bookable-only=yes&full-items=yes&marketplace=yes&flow=no""></script>",https://fareharbor.com/embeds/book/hawaiianoceansports/items/492438/?asn=fhdn&asn-ref=alloutdooradventures&ref=alloutdooradventures&bookable-only=yes&full-items=yes&marketplace=yes&flow=no,https://cdn.filestackcontent.com/ZZ6k8uQ0S2aFNvvfgQUo
Dive Oahu,diveoahu,aloha@diveoahu.com,808-922-3483,United States/Hawaii/Honolulu,,,534388,PADI Emergency First Response Instructor,Scuba-Water Activities,1,38,4,https://fareharbor.com/embeds/calendar/diveoahu/items/534388/?asn=fhdn&asn-ref=alloutdooradventures&ref=alloutdooradventures&bookable-only=yes&full-items=yes&marketplace=yes&flow=no,"<script src=""https://fareharbor.com/embeds/script/calendar/diveoahu/items/534388/?asn=fhdn&asn-ref=alloutdooradventures&ref=alloutdooradventures&bookable-only=yes&full-items=yes&marketplace=yes&flow=no""></script>",https://fareharbor.com/embeds/book/diveoahu/items/534388/?asn=fhdn&asn-ref=alloutdooradventures&ref=alloutdooradventures&bookable-only=yes&full-items=yes&marketplace=yes&flow=no,https://cdn.filestackcontent.com/ZQ2CJ0rVQLWxW3IkKtsH
Island Paddle Bliss,islandpaddlebliss,info@topazaleahdavis.com,808-292-9846,United States/Hawaii/Honolulu,-157.777026,21.269863,311827,Sunrise On The Sea,Hiking-Rentals-Snorkel-SUP-Surf,3,37,0,https://fareharbor.com/embeds/calendar/islandpaddlebliss/items/311827/?asn=fhdn&asn-ref=alloutdooradventures&ref=alloutdooradventures&bookable-only=yes&full-items=yes&marketplace=yes&flow=no,"<script src=""https://fareharbor.com/embeds/script/calendar/islandpaddlebliss/items/311827/?asn=fhdn&asn-ref=alloutdooradventures&ref=alloutdooradventures&bookable-only=yes&full-items=yes&marketplace=yes&flow=no""></script>",https://fareharbor.com/embeds/book/islandpaddlebliss/items/311827/?asn=fhdn&asn-ref=alloutdooradventures&ref=alloutdooradventures&bookable-only=yes&full-items=yes&marketplace=yes&flow=no,https://cdn.filestackcontent.com/DiWHLU5bQly6WWynoLkY
Jack's Diving Locker,jacksdivinglocker,dive@jacksdivinglocker.com,(808) 329-7585,United States/Hawaii/Kailua-Kona,-155.988968,19.634197,530846,PADI Dive Certification Course(Pool Day),Scuba-Water Activities,4,37,3,https://fareharbor.com/embeds/calendar/jacksdivinglocker/items/530846/?asn=fhdn&asn-ref=alloutdooradventures&ref=alloutdooradventures&bookable-only=yes&full-items=yes&marketplace=yes&flow=no,"<script src=""https://fareharbor.com/embeds/script/calendar/jacksdivinglocker/items/530846/?asn=fhdn&asn-ref=alloutdooradventures&ref=alloutdooradventures&bookable-only=yes&full-items=yes&marketplace=yes&flow=no""></script>",https://fareharbor.com/embeds/book/jacksdivinglocker/items/530846/?asn=fhdn&asn-ref=alloutdooradventures&ref=alloutdooradventures&bookable-only=yes&full-items=yes&marketplace=yes&flow=no,https://cdn.filestackcontent.com/F5R1AzOpRdmN6ADVaNS3
Surf N Sea,surfnsea,surfnsea@surfnsea.com,1-800-899-7873,United States/Hawaii/Haleiwa,-158.103341,21.594634,12224,Night Dive Tours,Scuba-Transportation,3,35,0,https://fareharbor.com/embeds/calendar/surfnsea/items/12224/?asn=fhdn&asn-ref=alloutdooradventures&ref=alloutdooradventures&bookable-only=yes&full-items=yes&marketplace=yes&flow=no,"<script src=""https://fareharbor.com/embeds/script/calendar/surfnsea/items/12224/?asn=fhdn&asn-ref=alloutdooradventures&ref=alloutdooradventures&bookable-only=yes&full-items=yes&marketplace=yes&flow=no""></script>",https://fareharbor.com/embeds/book/surfnsea/items/12224/?asn=fhdn&asn-ref=alloutdooradventures&ref=alloutdooradventures&bookable-only=yes&full-items=yes&marketplace=yes&flow=no,https://cdn.filestackcontent.com/ZGxmPcMOTKgD6YdWrs1g
Fly Shuttle Tours,flyshuttletours,info@flyshuttletours.com,8082609766,United States/Hawaii/Honolulu,-157.85814,21.309884,267429,Private Diamond Head Hike and USS Arizona Tour,Attraction-Boat Tour-Hiking-History Tour-Museum-Private-Shuttle-Theater-Transportation,1,35,0,https://fareharbor.com/embeds/calendar/flyshuttletours/items/267429/?asn=fhdn&asn-ref=alloutdooradventures&ref=alloutdooradventures&bookable-only=yes&full-items=yes&marketplace=yes&flow=no,"<script src=""https://fareharbor.com/embeds/script/calendar/flyshuttletours/items/267429/?asn=fhdn&asn-ref=alloutdooradventures&ref=alloutdooradventures&bookable-only=yes&full-items=yes&marketplace=yes&flow=no""></script>",https://fareharbor.com/embeds/book/flyshuttletours/items/267429/?asn=fhdn&asn-ref=alloutdooradventures&ref=alloutdooradventures&bookable-only=yes&full-items=yes&marketplace=yes&flow=no,https://cdn.filestackcontent.com/KfJl0vQbQIWUI6egAhEe
Maui Eco Tours/South Pacific Kayak/Kelii's Kayaks,mauiecotours,kayak@southpacifickayaks.com,(808) 875-4848,United States/Hawaii/Kihei,-106.534838,38.794595,397583,"Kayak, Snorkel and Waterfall Hike",Hiking-Snorkel,0,35,50,https://fareharbor.com/embeds/calendar/mauiecotours/items/397583/?asn=fhdn&asn-ref=alloutdooradventures&ref=alloutdooradventures&bookable-only=yes&full-items=yes&marketplace=yes&flow=no,"<script src=""https://fareharbor.com/embeds/script/calendar/mauiecotours/items/397583/?asn=fhdn&asn-ref=alloutdooradventures&ref=alloutdooradventures&bookable-only=yes&full-items=yes&marketplace=yes&flow=no""></script>",https://fareharbor.com/embeds/book/mauiecotours/items/397583/?asn=fhdn&asn-ref=alloutdooradventures&ref=alloutdooradventures&bookable-only=yes&full-items=yes&marketplace=yes&flow=no,
Na Pali Explorer,napaliexplorer,reservations@goblueadventures.com,1-800-451-6133,United States/Hawaii/Kekaha,,,1650,Whale Watching Excursion,Boat Tour-Brewery-Dolphin-Whale Watch,5,34,0,https://fareharbor.com/embeds/calendar/napaliexplorer/items/1650/?asn=fhdn&asn-ref=alloutdooradventures&ref=alloutdooradventures&bookable-only=yes&full-items=yes&marketplace=yes&flow=no,"<script src=""https://fareharbor.com/embeds/script/calendar/napaliexplorer/items/1650/?asn=fhdn&asn-ref=alloutdooradventures&ref=alloutdooradventures&bookable-only=yes&full-items=yes&marketplace=yes&flow=no""></script>",https://fareharbor.com/embeds/book/napaliexplorer/items/1650/?asn=fhdn&asn-ref=alloutdooradventures&ref=alloutdooradventures&bookable-only=yes&full-items=yes&marketplace=yes&flow=no,https://www.filepicker.io/api/file/Az08QONTGqHQ12snGY51
Hawaii Outdoor Guides,hawaiioutdoorguides,info@hawaiioutdoorguides.com,808-699-6055,United States/Hawaii,-155.665857,19.542915,211558,Private Customized Big Island Hawaii Tour,Hiking,3,34,0,https://fareharbor.com/embeds/calendar/hawaiioutdoorguides/items/211558/?asn=fhdn&asn-ref=alloutdooradventures&ref=alloutdooradventures&bookable-only=yes&full-items=yes&marketplace=yes&flow=no,"<script src=""https://fareharbor.com/embeds/script/calendar/hawaiioutdoorguides/items/211558/?asn=fhdn&asn-ref=alloutdooradventures&ref=alloutdooradventures&bookable-only=yes&full-items=yes&marketplace=yes&flow=no""></script>",https://fareharbor.com/embeds/book/hawaiioutdoorguides/items/211558/?asn=fhdn&asn-ref=alloutdooradventures&ref=alloutdooradventures&bookable-only=yes&full-items=yes&marketplace=yes&flow=no,https://cdn.filestackcontent.com/B2wZA2DoTyYBKhp9LznA
Hawaii Outdoor Guides,hawaiioutdoorguides,info@hawaiioutdoorguides.com,808-699-6055,United States/Hawaii/Kailua-Kona,-155.996226,19.641913,211809,Small Group Shore Excursion & Tour - Kona Coast to Place of Refuge,Hiking,3,34,0,https://fareharbor.com/embeds/calendar/hawaiioutdoorguides/items/211809/?asn=fhdn&asn-ref=alloutdooradventures&ref=alloutdooradventures&bookable-only=yes&full-items=yes&marketplace=yes&flow=no,"<script src=""https://fareharbor.com/embeds/script/calendar/hawaiioutdoorguides/items/211809/?asn=fhdn&asn-ref=alloutdooradventures&ref=alloutdooradventures&bookable-only=yes&full-items=yes&marketplace=yes&flow=no""></script>",https://fareharbor.com/embeds/book/hawaiioutdoorguides/items/211809/?asn=fhdn&asn-ref=alloutdooradventures&ref=alloutdooradventures&bookable-only=yes&full-items=yes&marketplace=yes&flow=no,https://cdn.filestackcontent.com/RTzZ5DISnW4Y7AN6V4ls
Banzai Divers Hawaii,banzaidivershawaii,devin@banzaidivershawaii.com,(808) 462-8290,United States/Hawaii/Honolulu,,,216916,Waikiki Night Dive,Scuba,1,34,169,https://fareharbor.com/embeds/calendar/banzaidivershawaii/items/216916/?asn=fhdn&asn-ref=alloutdooradventures&ref=alloutdooradventures&bookable-only=yes&full-items=yes&marketplace=yes&flow=no,"<script src=""https://fareharbor.com/embeds/script/calendar/banzaidivershawaii/items/216916/?asn=fhdn&asn-ref=alloutdooradventures&ref=alloutdooradventures&bookable-only=yes&full-items=yes&marketplace=yes&flow=no""></script>",https://fareharbor.com/embeds/book/banzaidivershawaii/items/216916/?asn=fhdn&asn-ref=alloutdooradventures&ref=alloutdooradventures&bookable-only=yes&full-items=yes&marketplace=yes&flow=no,https://cdn.filestackcontent.com/akFQKB2uRKOZe502eRIC
Da Whale Boat,dawhaleboat,dawhaleboat@gmail.com,808-809-9283,United States/Hawaii/Waimea,,,361749,Dolphin View and Snorkel,Dolphin-Snorkel,5,34,159,https://fareharbor.com/embeds/calendar/dawhaleboat/items/361749/?asn=fhdn&asn-ref=alloutdooradventures&ref=alloutdooradventures&bookable-only=yes&full-items=yes&marketplace=yes&flow=no,"<script src=""https://fareharbor.com/embeds/script/calendar/dawhaleboat/items/361749/?asn=fhdn&asn-ref=alloutdooradventures&ref=alloutdooradventures&bookable-only=yes&full-items=yes&marketplace=yes&flow=no""></script>",https://fareharbor.com/embeds/book/dawhaleboat/items/361749/?asn=fhdn&asn-ref=alloutdooradventures&ref=alloutdooradventures&bookable-only=yes&full-items=yes&marketplace=yes&flow=no,https://cdn.filestackcontent.com/OZPAcPE9SGuCJbZLysr0
North Shore Dive Shop,northshorediveshop,northshorediveshop@gmail.com,(808) 7517181,United States/Hawaii/Haleiwa,,,428631,Courses,Scuba,1,34,0,https://fareharbor.com/embeds/calendar/northshorediveshop/items/428631/?asn=fhdn&asn-ref=alloutdooradventures&ref=alloutdooradventures&bookable-only=yes&full-items=yes&marketplace=yes&flow=no,"<script src=""https://fareharbor.com/embeds/script/calendar/northshorediveshop/items/428631/?asn=fhdn&asn-ref=alloutdooradventures&ref=alloutdooradventures&bookable-only=yes&full-items=yes&marketplace=yes&flow=no""></script>",https://fareharbor.com/embeds/book/northshorediveshop/items/428631/?asn=fhdn&asn-ref=alloutdooradventures&ref=alloutdooradventures&bookable-only=yes&full-items=yes&marketplace=yes&flow=no,https://cdn.filestackcontent.com/zDFV0voTvC0R7mOGRNWg
Aqua Zone Scuba Diving & Snorkeling,aquazonescuba,aquazonehawaii@gmail.com,+1 808-306-8157,United States/Hawaii/Honolulu,-157.855248,21.292792,29,Scuba/Snorkel Adventure,Boat Rental-History Tour-Scuba-Snorkel,2,33,0,https://fareharbor.com/embeds/calendar/aquazonescuba/items/29/?asn=fhdn&asn-ref=alloutdooradventures&ref=alloutdooradventures&bookable-only=yes&full-items=yes&marketplace=yes&flow=no,"<script src=""https://fareharbor.com/embeds/script/calendar/aquazonescuba/items/29/?asn=fhdn&asn-ref=alloutdooradventures&ref=alloutdooradventures&bookable-only=yes&full-items=yes&marketplace=yes&flow=no""></script>",https://fareharbor.com/embeds/book/aquazonescuba/items/29/?asn=fhdn&asn-ref=alloutdooradventures&ref=alloutdooradventures&bookable-only=yes&full-items=yes&marketplace=yes&flow=no,https://cdn.filestackcontent.com/eD6GEztNTe8tJ8MZ51Fg
Custom Island Adventures,customislandadventures,elf@customislandadventures.com,(808) 457-5497,United States/Hawaii/Honolulu,,,113594,Custom Island Adventure,Hiking-Sightseeing Tour,1,33,180,https://fareharbor.com/embeds/calendar/customislandadventures/items/113594/?asn=fhdn&asn-ref=alloutdooradventures&ref=alloutdooradventures&bookable-only=yes&full-items=yes&marketplace=yes&flow=no,"<script src=""https://fareharbor.com/embeds/script/calendar/customislandadventures/items/113594/?asn=fhdn&asn-ref=alloutdooradventures&ref=alloutdooradventures&bookable-only=yes&full-items=yes&marketplace=yes&flow=no""></script>",https://fareharbor.com/embeds/book/customislandadventures/items/113594/?asn=fhdn&asn-ref=alloutdooradventures&ref=alloutdooradventures&bookable-only=yes&full-items=yes&marketplace=yes&flow=no,https://cdn.filestackcontent.com/nmUPLeKUQ0Kud61zvTnY
Hawaiian Ocean Sports,hawaiianoceansports,ashley@hawaiianoceansports.com,808-633-2800,United States/Hawaii/Wailea-Makena,,,403630,Lounge Chair,Canoe,1,33,180,https://fareharbor.com/embeds/calendar/hawaiianoceansports/items/403630/?asn=fhdn&asn-ref=alloutdooradventures&ref=alloutdooradventures&bookable-only=yes&full-items=yes&marketplace=yes&flow=no,"<script src=""https://fareharbor.com/embeds/script/calendar/hawaiianoceansports/items/403630/?asn=fhdn&asn-ref=alloutdooradventures&ref=alloutdooradventures&bookable-only=yes&full-items=yes&marketplace=yes&flow=no""></script>",https://fareharbor.com/embeds/book/hawaiianoceansports/items/403630/?asn=fhdn&asn-ref=alloutdooradventures&ref=alloutdooradventures&bookable-only=yes&full-items=yes&marketplace=yes&flow=no,https://cdn.filestackcontent.com/xvrb9RjETPiZlmFEt2K8
Hawaiian Ocean Sports,hawaiianoceansports,ashley@hawaiianoceansports.com,808-633-2800,United States/Hawaii/Wailea-Makena,,,403647,Resort Umbrella,Canoe,1,33,180,https://fareharbor.com/embeds/calendar/hawaiianoceansports/items/403647/?asn=fhdn&asn-ref=alloutdooradventures&ref=alloutdooradventures&bookable-only=yes&full-items=yes&marketplace=yes&flow=no,"<script src=""https://fareharbor.com/embeds/script/calendar/hawaiianoceansports/items/403647/?asn=fhdn&asn-ref=alloutdooradventures&ref=alloutdooradventures&bookable-only=yes&full-items=yes&marketplace=yes&flow=no""></script>",https://fareharbor.com/embeds/book/hawaiianoceansports/items/403647/?asn=fhdn&asn-ref=alloutdooradventures&ref=alloutdooradventures&bookable-only=yes&full-items=yes&marketplace=yes&flow=no,https://cdn.filestackcontent.com/vBaPv4rRLqbGZnYKtBEQ
Hawaiian Diving Adventures,hawaiiandivingadventures,info@hawaiiandiving.com,8082323193,United States/Hawaii/Honolulu,,,2370,Club Dive,Scuba,0,30,0,https://fareharbor.com/embeds/calendar/hawaiiandivingadventures/items/2370/?asn=fhdn&asn-ref=alloutdooradventures&ref=alloutdooradventures&bookable-only=yes&full-items=yes&marketplace=yes&flow=no,"<script src=""https://fareharbor.com/embeds/script/calendar/hawaiiandivingadventures/items/2370/?asn=fhdn&asn-ref=alloutdooradventures&ref=alloutdooradventures&bookable-only=yes&full-items=yes&marketplace=yes&flow=no""></script>",https://fareharbor.com/embeds/book/hawaiiandivingadventures/items/2370/?asn=fhdn&asn-ref=alloutdooradventures&ref=alloutdooradventures&bookable-only=yes&full-items=yes&marketplace=yes&flow=no,https://www.filepicker.io/api/file/3a3BcHXzR9CqgQZbIwi7
Custom Island Adventures,customislandadventures,elf@customislandadventures.com,(808) 457-5497,United States/Hawaii/Honolulu,,,114107,Sightseeing Circle Island Tour,Hiking-Sightseeing Tour,0,30,180,https://fareharbor.com/embeds/calendar/customislandadventures/items/114107/?asn=fhdn&asn-ref=alloutdooradventures&ref=alloutdooradventures&bookable-only=yes&full-items=yes&marketplace=yes&flow=no,"<script src=""https://fareharbor.com/embeds/script/calendar/customislandadventures/items/114107/?asn=fhdn&asn-ref=alloutdooradventures&ref=alloutdooradventures&bookable-only=yes&full-items=yes&marketplace=yes&flow=no""></script>",https://fareharbor.com/embeds/book/customislandadventures/items/114107/?asn=fhdn&asn-ref=alloutdooradventures&ref=alloutdooradventures&bookable-only=yes&full-items=yes&marketplace=yes&flow=no,https://cdn.filestackcontent.com/TGWvPwKDSTmhThqyKqT3
Palehua Trail Rides LLC,palehuatrailrides,PalehuaTrailRides@gmail.com,808-207-4989,United States/Hawaii/Kapolei,-158.112947,21.37603,675020,Mountain Vista - Sunshine Private Picnic Tour,Hiking-Horse-Private-Sightseeing Tour,4,30,74,https://fareharbor.com/embeds/calendar/palehuatrailrides/items/675020/?asn=fhdn&asn-ref=alloutdooradventures&ref=alloutdooradventures&bookable-only=yes&full-items=yes&marketplace=yes&flow=no,"<script src=""https://fareharbor.com/embeds/script/calendar/palehuatrailrides/items/675020/?asn=fhdn&asn-ref=alloutdooradventures&ref=alloutdooradventures&bookable-only=yes&full-items=yes&marketplace=yes&flow=no""></script>",https://fareharbor.com/embeds/book/palehuatrailrides/items/675020/?asn=fhdn&asn-ref=alloutdooradventures&ref=alloutdooradventures&bookable-only=yes&full-items=yes&marketplace=yes&flow=no,https://cdn.filestackcontent.com/oBH3zQGgRSGx3eTOmTkE
Hawaii Performance Partners,hipo,tours@kapohokine.com,808-964-1000,United States/Hawaii/Hilo,,,96900,Seaquest Rafting,Boat Tour-Catamaran-Dolphin-History Tour-Rafting-Snorkel-Whale Watch,4,29,0,https://fareharbor.com/embeds/calendar/hipo/items/96900/?asn=fhdn&asn-ref=alloutdooradventures&ref=alloutdooradventures&bookable-only=yes&full-items=yes&marketplace=yes&flow=no,"<script src=""https://fareharbor.com/embeds/script/calendar/hipo/items/96900/?asn=fhdn&asn-ref=alloutdooradventures&ref=alloutdooradventures&bookable-only=yes&full-items=yes&marketplace=yes&flow=no""></script>",https://fareharbor.com/embeds/book/hipo/items/96900/?asn=fhdn&asn-ref=alloutdooradventures&ref=alloutdooradventures&bookable-only=yes&full-items=yes&marketplace=yes&flow=no,https://cdn.filestackcontent.com/gYaez5vAT7ildTLXMpfq
Aloha Vibes Tour,alohavibestour,info@alohavibestour.com,(904) US-VIBES,United States/Hawaii/Waimanalo,-157.663567,21.31374,298087,Sea Life Park,Dolphin-Water Activities,1,29,0,https://fareharbor.com/embeds/calendar/alohavibestour/items/298087/?asn=fhdn&asn-ref=alloutdooradventures&ref=alloutdooradventures&bookable-only=yes&full-items=yes&marketplace=yes&flow=no,"<script src=""https://fareharbor.com/embeds/script/calendar/alohavibestour/items/298087/?asn=fhdn&asn-ref=alloutdooradventures&ref=alloutdooradventures&bookable-only=yes&full-items=yes&marketplace=yes&flow=no""></script>",https://fareharbor.com/embeds/book/alohavibestour/items/298087/?asn=fhdn&asn-ref=alloutdooradventures&ref=alloutdooradventures&bookable-only=yes&full-items=yes&marketplace=yes&flow=no,https://cdn.filestackcontent.com/N3thU0eqSlyK8xVpLswp
North Shore Dive Shop,northshorediveshop,northshorediveshop@gmail.com,(808) 7517181,United States/Hawaii/Honolulu,,,422879,Honolulu Reef/Reef Boat Dive,Scuba,1,29,360,https://fareharbor.com/embeds/calendar/northshorediveshop/items/422879/?asn=fhdn&asn-ref=alloutdooradventures&ref=alloutdooradventures&bookable-only=yes&full-items=yes&marketplace=yes&flow=no,"<script src=""https://fareharbor.com/embeds/script/calendar/northshorediveshop/items/422879/?asn=fhdn&asn-ref=alloutdooradventures&ref=alloutdooradventures&bookable-only=yes&full-items=yes&marketplace=yes&flow=no""></script>",https://fareharbor.com/embeds/book/northshorediveshop/items/422879/?asn=fhdn&asn-ref=alloutdooradventures&ref=alloutdooradventures&bookable-only=yes&full-items=yes&marketplace=yes&flow=no,https://cdn.filestackcontent.com/mbZEN33bSZiRgFV6NiiV
Ola ParaDive,olaparadive,info@olaparadive.com,+18083486645,United States/Hawaii/Honolulu,-157.85814,21.309884,451702,PADI Divemaster Training,Scuba-Water Activities,1,29,180,https://fareharbor.com/embeds/calendar/olaparadive/items/451702/?asn=fhdn&asn-ref=alloutdooradventures&ref=alloutdooradventures&bookable-only=yes&full-items=yes&marketplace=yes&flow=no,"<script src=""https://fareharbor.com/embeds/script/calendar/olaparadive/items/451702/?asn=fhdn&asn-ref=alloutdooradventures&ref=alloutdooradventures&bookable-only=yes&full-items=yes&marketplace=yes&flow=no""></script>",https://fareharbor.com/embeds/book/olaparadive/items/451702/?asn=fhdn&asn-ref=alloutdooradventures&ref=alloutdooradventures&bookable-only=yes&full-items=yes&marketplace=yes&flow=no,https://cdn.filestackcontent.com/mvryH7WvRnemjE6mFBef
Segway of Hawaii,segwaywaikiki,jeanne@segwayofhawaii.com,(808) 941-3151,United States/Hawaii/Honolulu,-157.8224,21.273208,66,Sunset to Diamond Head,Aquarium-Horse-Segway-Zoo,1,28,0,https://fareharbor.com/embeds/calendar/segwaywaikiki/items/66/?asn=fhdn&asn-ref=alloutdooradventures&ref=alloutdooradventures&bookable-only=yes&full-items=yes&marketplace=yes&flow=no,"<script src=""https://fareharbor.com/embeds/script/calendar/segwaywaikiki/items/66/?asn=fhdn&asn-ref=alloutdooradventures&ref=alloutdooradventures&bookable-only=yes&full-items=yes&marketplace=yes&flow=no""></script>",https://fareharbor.com/embeds/book/segwaywaikiki/items/66/?asn=fhdn&asn-ref=alloutdooradventures&ref=alloutdooradventures&bookable-only=yes&full-items=yes&marketplace=yes&flow=no,https://www.filepicker.io/api/file/QVnPsjKkTgGVLFdnLqq9
Maui Ocean Sports,mauioceansports,paul@mauikayaks.com,808 874 4000,United States/Hawaii/Lahaina,-156.68162,20.882371,28833,Lahaina Excursion,Dolphin-Snorkel-Whale Watch,1,28,0,https://fareharbor.com/embeds/calendar/mauioceansports/items/28833/?asn=fhdn&asn-ref=alloutdooradventures&ref=alloutdooradventures&bookable-only=yes&full-items=yes&marketplace=yes&flow=no,"<script src=""https://fareharbor.com/embeds/script/calendar/mauioceansports/items/28833/?asn=fhdn&asn-ref=alloutdooradventures&ref=alloutdooradventures&bookable-only=yes&full-items=yes&marketplace=yes&flow=no""></script>",https://fareharbor.com/embeds/book/mauioceansports/items/28833/?asn=fhdn&asn-ref=alloutdooradventures&ref=alloutdooradventures&bookable-only=yes&full-items=yes&marketplace=yes&flow=no,https://cdn.filestackcontent.com/fXofELTtRjGDYzJxnWbr
Ola ParaDive,olaparadive,info@olaparadive.com,+18083486645,United States/Hawaii/Honolulu,-157.829185,21.279346,217688,Mindful Scuba + Meditation,Scuba,1,28,0,https://fareharbor.com/embeds/calendar/olaparadive/items/217688/?asn=fhdn&asn-ref=alloutdooradventures&ref=alloutdooradventures&bookable-only=yes&full-items=yes&marketplace=yes&flow=no,"<script src=""https://fareharbor.com/embeds/script/calendar/olaparadive/items/217688/?asn=fhdn&asn-ref=alloutdooradventures&ref=alloutdooradventures&bookable-only=yes&full-items=yes&marketplace=yes&flow=no""></script>",https://fareharbor.com/embeds/book/olaparadive/items/217688/?asn=fhdn&asn-ref=alloutdooradventures&ref=alloutdooradventures&bookable-only=yes&full-items=yes&marketplace=yes&flow=no,https://cdn.filestackcontent.com/rEbX2Zl4R76Qh5j7W4Jg
Aloha Vibes Tour,alohavibestour,info@alohavibestour.com,(904) US-VIBES,United States/Hawaii/Waimanalo,-157.663567,21.31374,303579,Sea Life Park,Dolphin-Water Activities,1,28,0,https://fareharbor.com/embeds/calendar/alohavibestour/items/303579/?asn=fhdn&asn-ref=alloutdooradventures&ref=alloutdooradventures&bookable-only=yes&full-items=yes&marketplace=yes&flow=no,"<script src=""https://fareharbor.com/embeds/script/calendar/alohavibestour/items/303579/?asn=fhdn&asn-ref=alloutdooradventures&ref=alloutdooradventures&bookable-only=yes&full-items=yes&marketplace=yes&flow=no""></script>",https://fareharbor.com/embeds/book/alohavibestour/items/303579/?asn=fhdn&asn-ref=alloutdooradventures&ref=alloutdooradventures&bookable-only=yes&full-items=yes&marketplace=yes&flow=no,https://cdn.filestackcontent.com/x0Ycpi2aQvuib0HAFSFV
Aloha Vibes Tour,alohavibestour,info@alohavibestour.com,(904) US-VIBES,United States/Hawaii/Waimanalo,-157.663567,21.31374,303620,Sea Life Park,Attraction-Dolphin-Events-Fishing-Food Tour-Photography Tour-Theater,1,28,0,https://fareharbor.com/embeds/calendar/alohavibestour/items/303620/?asn=fhdn&asn-ref=alloutdooradventures&ref=alloutdooradventures&bookable-only=yes&full-items=yes&marketplace=yes&flow=no,"<script src=""https://fareharbor.com/embeds/script/calendar/alohavibestour/items/303620/?asn=fhdn&asn-ref=alloutdooradventures&ref=alloutdooradventures&bookable-only=yes&full-items=yes&marketplace=yes&flow=no""></script>",https://fareharbor.com/embeds/book/alohavibestour/items/303620/?asn=fhdn&asn-ref=alloutdooradventures&ref=alloutdooradventures&bookable-only=yes&full-items=yes&marketplace=yes&flow=no,https://cdn.filestackcontent.com/xQELxytZSIaylnnIunD8
Paradise Snorkeling,paradisesnorkeling,Aloha@ParadiseSnorkeling.com,808-500-7783,United States/Hawaii/Lahaina,-156.68162,20.882371,333344,Keep Memories Videography Package,Scuba-Snorkel,1,28,0,https://fareharbor.com/embeds/calendar/paradisesnorkeling/items/333344/?asn=fhdn&asn-ref=alloutdooradventures&ref=alloutdooradventures&bookable-only=yes&full-items=yes&marketplace=yes&flow=no,"<script src=""https://fareharbor.com/embeds/script/calendar/paradisesnorkeling/items/333344/?asn=fhdn&asn-ref=alloutdooradventures&ref=alloutdooradventures&bookable-only=yes&full-items=yes&marketplace=yes&flow=no""></script>",https://fareharbor.com/embeds/book/paradisesnorkeling/items/333344/?asn=fhdn&asn-ref=alloutdooradventures&ref=alloutdooradventures&bookable-only=yes&full-items=yes&marketplace=yes&flow=no,https://cdn.filestackcontent.com/aCHlfugkTfSYwguRXxxk
WildVoice Company,wildvoice,info@wildvoice.co,866-945-3915,United States/Hawaii/Kihei,-156.442685,20.65497,337542,Discover Scuba Diving (Intro Shore dive),Scuba,1,28,0,https://fareharbor.com/embeds/calendar/wildvoice/items/337542/?asn=fhdn&asn-ref=alloutdooradventures&ref=alloutdooradventures&bookable-only=yes&full-items=yes&marketplace=yes&flow=no,"<script src=""https://fareharbor.com/embeds/script/calendar/wildvoice/items/337542/?asn=fhdn&asn-ref=alloutdooradventures&ref=alloutdooradventures&bookable-only=yes&full-items=yes&marketplace=yes&flow=no""></script>",https://fareharbor.com/embeds/book/wildvoice/items/337542/?asn=fhdn&asn-ref=alloutdooradventures&ref=alloutdooradventures&bookable-only=yes&full-items=yes&marketplace=yes&flow=no,https://cdn.filestackcontent.com/aHFoi4T6RyGPvFqryZr9
North Shore Dive Shop,northshorediveshop,northshorediveshop@gmail.com,(808) 7517181,United States/Hawaii/Honolulu,,,422873,Honolulu Wreck/Reef Boat Dive,Scuba,1,28,360,https://fareharbor.com/embeds/calendar/northshorediveshop/items/422873/?asn=fhdn&asn-ref=alloutdooradventures&ref=alloutdooradventures&bookable-only=yes&full-items=yes&marketplace=yes&flow=no,"<script src=""https://fareharbor.com/embeds/script/calendar/northshorediveshop/items/422873/?asn=fhdn&asn-ref=alloutdooradventures&ref=alloutdooradventures&bookable-only=yes&full-items=yes&marketplace=yes&flow=no""></script>",https://fareharbor.com/embeds/book/northshorediveshop/items/422873/?asn=fhdn&asn-ref=alloutdooradventures&ref=alloutdooradventures&bookable-only=yes&full-items=yes&marketplace=yes&flow=no,https://cdn.filestackcontent.com/1EEQCis0T6p8Hjt8zlyR
Maui Adventure Tours,mauiadventuretours,kayakmaui@yahoo.com,(808) 250-5365,United States/Maryland,,,11752,Shoreline Scuba,Scuba,4,27,0,https://fareharbor.com/embeds/calendar/mauiadventuretours/items/11752/?asn=fhdn&asn-ref=alloutdooradventures&ref=alloutdooradventures&bookable-only=yes&full-items=yes&marketplace=yes&flow=no,"<script src=""https://fareharbor.com/embeds/script/calendar/mauiadventuretours/items/11752/?asn=fhdn&asn-ref=alloutdooradventures&ref=alloutdooradventures&bookable-only=yes&full-items=yes&marketplace=yes&flow=no""></script>",https://fareharbor.com/embeds/book/mauiadventuretours/items/11752/?asn=fhdn&asn-ref=alloutdooradventures&ref=alloutdooradventures&bookable-only=yes&full-items=yes&marketplace=yes&flow=no,https://www.filepicker.io/api/file/WyIXq8KDSQGYIcwMwbrC
Maui Eco Tours/South Pacific Kayak/Kelii's Kayaks,mauiecotours,kayak@southpacifickayaks.com,(808) 875-4848,United States/Hawaii/Kihei,-106.534838,38.794595,463,Private Turtle Reef Discovery,Dolphin-Eco Tour-Kayak-Snorkel-Water Activities,0,25,125,https://fareharbor.com/embeds/calendar/mauiecotours/items/463/?asn=fhdn&asn-ref=alloutdooradventures&ref=alloutdooradventures&bookable-only=yes&full-items=yes&marketplace=yes&flow=no,"<script src=""https://fareharbor.com/embeds/script/calendar/mauiecotours/items/463/?asn=fhdn&asn-ref=alloutdooradventures&ref=alloutdooradventures&bookable-only=yes&full-items=yes&marketplace=yes&flow=no""></script>",https://fareharbor.com/embeds/book/mauiecotours/items/463/?asn=fhdn&asn-ref=alloutdooradventures&ref=alloutdooradventures&bookable-only=yes&full-items=yes&marketplace=yes&flow=no,https://www.filepicker.io/api/file/1CRWmgZQJWIQS9jr68wi
Maui Eco Tours/South Pacific Kayak/Kelii's Kayaks,mauiecotours,kayak@southpacifickayaks.com,(808) 875-4848,United States/Hawaii/Kihei,-106.534838,38.794595,465,Private South Maui Premier,Boat Tour-Eco Tour-Kayak-Scuba-Snorkel-SUP-Water Activities,0,25,0,https://fareharbor.com/embeds/calendar/mauiecotours/items/465/?asn=fhdn&asn-ref=alloutdooradventures&ref=alloutdooradventures&bookable-only=yes&full-items=yes&marketplace=yes&flow=no,"<script src=""https://fareharbor.com/embeds/script/calendar/mauiecotours/items/465/?asn=fhdn&asn-ref=alloutdooradventures&ref=alloutdooradventures&bookable-only=yes&full-items=yes&marketplace=yes&flow=no""></script>",https://fareharbor.com/embeds/book/mauiecotours/items/465/?asn=fhdn&asn-ref=alloutdooradventures&ref=alloutdooradventures&bookable-only=yes&full-items=yes&marketplace=yes&flow=no,https://www.filepicker.io/api/file/BBXjoRaSRWcU3RREzlNr
Banzai Divers Hawaii,banzaidivershawaii,devin@banzaidivershawaii.com,(808) 462-8290,United States/Hawaii/Honolulu,-157.85814,21.309884,987,Night Dive - Marine Preserve North Shore,Scuba,0,25,0,https://fareharbor.com/embeds/calendar/banzaidivershawaii/items/987/?asn=fhdn&asn-ref=alloutdooradventures&ref=alloutdooradventures&bookable-only=yes&full-items=yes&marketplace=yes&flow=no,"<script src=""https://fareharbor.com/embeds/script/calendar/banzaidivershawaii/items/987/?asn=fhdn&asn-ref=alloutdooradventures&ref=alloutdooradventures&bookable-only=yes&full-items=yes&marketplace=yes&flow=no""></script>",https://fareharbor.com/embeds/book/banzaidivershawaii/items/987/?asn=fhdn&asn-ref=alloutdooradventures&ref=alloutdooradventures&bookable-only=yes&full-items=yes&marketplace=yes&flow=no,https://www.filepicker.io/api/file/CFOlaV4QQ9mcziVPiXnV
Trident Adventures,tridentadventures,Dive@TridentAdventures.com,808-762-3483,United States/Hawaii/Honolulu,,,114932,Shore Dive,Scuba-Water Activities,0,25,20,https://fareharbor.com/embeds/calendar/tridentadventures/items/114932/?asn=fhdn&asn-ref=alloutdooradventures&ref=alloutdooradventures&bookable-only=yes&full-items=yes&marketplace=yes&flow=no,"<script src=""https://fareharbor.com/embeds/script/calendar/tridentadventures/items/114932/?asn=fhdn&asn-ref=alloutdooradventures&ref=alloutdooradventures&bookable-only=yes&full-items=yes&marketplace=yes&flow=no""></script>",https://fareharbor.com/embeds/book/tridentadventures/items/114932/?asn=fhdn&asn-ref=alloutdooradventures&ref=alloutdooradventures&bookable-only=yes&full-items=yes&marketplace=yes&flow=no,https://cdn.filestackcontent.com/plE0UzgDRSGpZPEDbF7O
Na Pali Explorer,napaliexplorer,reservations@goblueadventures.com,1-800-451-6133,United States/Hawaii/Kekaha,-159.692114,21.959286,391104,Na Pali Coast Power Catamaran Scenic Afternoon Tour,Boat Tour-Catamaran-Dolphin-History Tour-Marina-Photography Tour-Rafting,0,25,0,https://fareharbor.com/embeds/calendar/napaliexplorer/items/391104/?asn=fhdn&asn-ref=alloutdooradventures&ref=alloutdooradventures&bookable-only=yes&full-items=yes&marketplace=yes&flow=no,"<script src=""https://fareharbor.com/embeds/script/calendar/napaliexplorer/items/391104/?asn=fhdn&asn-ref=alloutdooradventures&ref=alloutdooradventures&bookable-only=yes&full-items=yes&marketplace=yes&flow=no""></script>",https://fareharbor.com/embeds/book/napaliexplorer/items/391104/?asn=fhdn&asn-ref=alloutdooradventures&ref=alloutdooradventures&bookable-only=yes&full-items=yes&marketplace=yes&flow=no,https://cdn.filestackcontent.com/jJEOKo1qReO2lp62LS14
Aqua Zone Scuba Diving & Snorkeling,aquazonescuba,aquazonehawaii@gmail.com,+1 808-306-8157,United States/Hawaii/Honolulu,-157.85814,21.309884,1883,Boat Seats,Scuba,0,20,0,https://fareharbor.com/embeds/calendar/aquazonescuba/items/1883/?asn=fhdn&asn-ref=alloutdooradventures&ref=alloutdooradventures&bookable-only=yes&full-items=yes&marketplace=yes&flow=no,"<script src=""https://fareharbor.com/embeds/script/calendar/aquazonescuba/items/1883/?asn=fhdn&asn-ref=alloutdooradventures&ref=alloutdooradventures&bookable-only=yes&full-items=yes&marketplace=yes&flow=no""></script>",https://fareharbor.com/embeds/book/aquazonescuba/items/1883/?asn=fhdn&asn-ref=alloutdooradventures&ref=alloutdooradventures&bookable-only=yes&full-items=yes&marketplace=yes&flow=no,https://www.filepicker.io/api/file/w4uf4cn2QfCP5xvz15IG
Extended Horizons Scuba,extendedhorizons,INFO@EXTENDEDHORIZONS.COM,(808) 667-0611,United States/Hawaii/Lahaina,,,694209,Gear Rental,Scuba,1,19,0,https://fareharbor.com/embeds/calendar/extendedhorizons/items/694209/?asn=fhdn&asn-ref=alloutdooradventures&ref=alloutdooradventures&bookable-only=yes&full-items=yes&marketplace=yes&flow=no,"<script src=""https://fareharbor.com/embeds/script/calendar/extendedhorizons/items/694209/?asn=fhdn&asn-ref=alloutdooradventures&ref=alloutdooradventures&bookable-only=yes&full-items=yes&marketplace=yes&flow=no""></script>",https://fareharbor.com/embeds/book/extendedhorizons/items/694209/?asn=fhdn&asn-ref=alloutdooradventures&ref=alloutdooradventures&bookable-only=yes&full-items=yes&marketplace=yes&flow=no,https://cdn.filestackcontent.com/KJabFv4STBWG3GSdSAgL
Maui Ocean Sports,mauioceansports,paul@mauikayaks.com,808 874 4000,United States/Hawaii/Lahaina,,,28834,Lahaina Paddle,Dolphin-Kayak-Snorkel-Whale Watch,1,18,0,https://fareharbor.com/embeds/calendar/mauioceansports/items/28834/?asn=fhdn&asn-ref=alloutdooradventures&ref=alloutdooradventures&bookable-only=yes&full-items=yes&marketplace=yes&flow=no,"<script src=""https://fareharbor.com/embeds/script/calendar/mauioceansports/items/28834/?asn=fhdn&asn-ref=alloutdooradventures&ref=alloutdooradventures&bookable-only=yes&full-items=yes&marketplace=yes&flow=no""></script>",https://fareharbor.com/embeds/book/mauioceansports/items/28834/?asn=fhdn&asn-ref=alloutdooradventures&ref=alloutdooradventures&bookable-only=yes&full-items=yes&marketplace=yes&flow=no,https://cdn.filestackcontent.com/kb4ZP5jMTaUMQVyEGH0n
Marina Hawaii,marinahawaii,info@hawaii.ru,(808) 255-8542,United States/Hawaii/Honolulu,,,46281,Diamond Head Crater & Waterfall Hike,Hiking,1,18,0,https://fareharbor.com/embeds/calendar/marinahawaii/items/46281/?asn=fhdn&asn-ref=alloutdooradventures&ref=alloutdooradventures&bookable-only=yes&full-items=yes&marketplace=yes&flow=no,"<script src=""https://fareharbor.com/embeds/script/calendar/marinahawaii/items/46281/?asn=fhdn&asn-ref=alloutdooradventures&ref=alloutdooradventures&bookable-only=yes&full-items=yes&marketplace=yes&flow=no""></script>",https://fareharbor.com/embeds/book/marinahawaii/items/46281/?asn=fhdn&asn-ref=alloutdooradventures&ref=alloutdooradventures&bookable-only=yes&full-items=yes&marketplace=yes&flow=no,https://cdn.filestackcontent.com/g09XlHDuStCKvUYQHYA7
Da Whale Boat,dawhaleboat,dawhaleboat@gmail.com,808-809-9283,United States/Hawaii/Waimea,,,407116,Private Boat Charters,Dolphin-Fishing-Snorkel,1,18,2,https://fareharbor.com/embeds/calendar/dawhaleboat/items/407116/?asn=fhdn&asn-ref=alloutdooradventures&ref=alloutdooradventures&bookable-only=yes&full-items=yes&marketplace=yes&flow=no,"<script src=""https://fareharbor.com/embeds/script/calendar/dawhaleboat/items/407116/?asn=fhdn&asn-ref=alloutdooradventures&ref=alloutdooradventures&bookable-only=yes&full-items=yes&marketplace=yes&flow=no""></script>",https://fareharbor.com/embeds/book/dawhaleboat/items/407116/?asn=fhdn&asn-ref=alloutdooradventures&ref=alloutdooradventures&bookable-only=yes&full-items=yes&marketplace=yes&flow=no,https://cdn.filestackcontent.com/l6DBqWAnRV25NDyRgHgl
Aqua Zone Scuba Diving & Snorkeling,aquazonescuba,aquazonehawaii@gmail.com,+1 808-306-8157,United States/Hawaii/Honolulu,,,438,PADI Open Water Course @ Kbay,Scuba-Snorkel,0,15,0,https://fareharbor.com/embeds/calendar/aquazonescuba/items/438/?asn=fhdn&asn-ref=alloutdooradventures&ref=alloutdooradventures&bookable-only=yes&full-items=yes&marketplace=yes&flow=no,"<script src=""https://fareharbor.com/embeds/script/calendar/aquazonescuba/items/438/?asn=fhdn&asn-ref=alloutdooradventures&ref=alloutdooradventures&bookable-only=yes&full-items=yes&marketplace=yes&flow=no""></script>",https://fareharbor.com/embeds/book/aquazonescuba/items/438/?asn=fhdn&asn-ref=alloutdooradventures&ref=alloutdooradventures&bookable-only=yes&full-items=yes&marketplace=yes&flow=no,https://www.filepicker.io/api/file/xVfLisbaSjCctV1mCYVU
