company_name,company_shortname,company_email,company_phone,location,location_lat,location_long,item_id,item_name,tags,image_count,quality_score,availability_count,calendar_link,calendar_script,regular_link,image_url
Walks in Europe,walksineurope,support@walksineurope.com,+1(332) 242-2284,France/Île-de-France/Paris,,,366462,Paris: Louvre Masterpieces Tour with Pre-Reserved Tickets,Attraction-Museum-Rafting,27,100,806,https://fareharbor.com/embeds/calendar/walksineurope/items/366462/?asn=fhdn-eur&asn-ref=alloutdooradventures&ref=alloutdooradventures&bookable-only=yes&full-items=yes&marketplace=yes&flow=no,"<script src=""https://fareharbor.com/embeds/script/calendar/walksineurope/items/366462/?asn=fhdn-eur&asn-ref=alloutdooradventures&ref=alloutdooradventures&bookable-only=yes&full-items=yes&marketplace=yes&flow=no""></script>",https://fareharbor.com/embeds/book/walksineurope/items/366462/?asn=fhdn-eur&asn-ref=alloutdooradventures&ref=alloutdooradventures&bookable-only=yes&full-items=yes&marketplace=yes&flow=no,https://cdn.filestackcontent.com/JTn66BhIQBG33XlebQDA
Babylon Tours Paris,babyloncitytours-paris,babylontoursinfo@gmail.com,0019179990380,France/Île-de-France/Paris,,,83685,Pere Lachaise Cemetery Guided Walking Tour - Semi-Private (ENGLISH),Private-Walking Tour,10,99,179,https://fareharbor.com/embeds/calendar/babyloncitytours-paris/items/83685/?asn=fhdn-eur&asn-ref=alloutdooradventures&ref=alloutdooradventures&bookable-only=yes&full-items=yes&marketplace=yes&flow=no,"<script src=""https://fareharbor.com/embeds/script/calendar/babyloncitytours-paris/items/83685/?asn=fhdn-eur&asn-ref=alloutdooradventures&ref=alloutdooradventures&bookable-only=yes&full-items=yes&marketplace=yes&flow=no""></script>",https://fareharbor.com/embeds/book/babyloncitytours-paris/items/83685/?asn=fhdn-eur&asn-ref=alloutdooradventures&ref=alloutdooradventures&bookable-only=yes&full-items=yes&marketplace=yes&flow=no,https://cdn.filestackcontent.com/mBucORJQXucg1y9q9zA0
Babylon Tours Paris,babyloncitytours-paris,babylontoursinfo@gmail.com,0019179990380,France/Île-de-France/Paris,,,83687,Pere Lachaise Cemetery Guided Walking Tour - Private (ENGLISH),Events-Private-Walking Tour,10,99,1422,https://fareharbor.com/embeds/calendar/babyloncitytours-paris/items/83687/?asn=fhdn-eur&asn-ref=alloutdooradventures&ref=alloutdooradventures&bookable-only=yes&full-items=yes&marketplace=yes&flow=no,"<script src=""https://fareharbor.com/embeds/script/calendar/babyloncitytours-paris/items/83687/?asn=fhdn-eur&asn-ref=alloutdooradventures&ref=alloutdooradventures&bookable-only=yes&full-items=yes&marketplace=yes&flow=no""></script>",https://fareharbor.com/embeds/book/babyloncitytours-paris/items/83687/?asn=fhdn-eur&asn-ref=alloutdooradventures&ref=alloutdooradventures&bookable-only=yes&full-items=yes&marketplace=yes&flow=no,https://cdn.filestackcontent.com/2br2vBKQ1Gb73QyoVL2g
Babylon Tours Paris,babyloncitytours-paris,babylontoursinfo@gmail.com,0019179990380,France/Île-de-France/Paris,,,83631,Orsay Museum Guided Tour - Semi-Private (ENGLISH),Museum-Private-Train-Walking Tour,10,98,414,https://fareharbor.com/embeds/calendar/babyloncitytours-paris/items/83631/?asn=fhdn-eur&asn-ref=alloutdooradventures&ref=alloutdooradventures&bookable-only=yes&full-items=yes&marketplace=yes&flow=no,"<script src=""https://fareharbor.com/embeds/script/calendar/babyloncitytours-paris/items/83631/?asn=fhdn-eur&asn-ref=alloutdooradventures&ref=alloutdooradventures&bookable-only=yes&full-items=yes&marketplace=yes&flow=no""></script>",https://fareharbor.com/embeds/book/babyloncitytours-paris/items/83631/?asn=fhdn-eur&asn-ref=alloutdooradventures&ref=alloutdooradventures&bookable-only=yes&full-items=yes&marketplace=yes&flow=no,https://cdn.filestackcontent.com/gMgcQFlTR5GskToXv2Ye
Babylon Tours Paris,babyloncitytours-paris,babylontoursinfo@gmail.com,0019179990380,France/Île-de-France/Paris,,,83645,Combo: Louvre Museum + Orsay Museum Guided Tour - Semi-Private (ENGLISH),Museum-Walking Tour,20,98,120,https://fareharbor.com/embeds/calendar/babyloncitytours-paris/items/83645/?asn=fhdn-eur&asn-ref=alloutdooradventures&ref=alloutdooradventures&bookable-only=yes&full-items=yes&marketplace=yes&flow=no,"<script src=""https://fareharbor.com/embeds/script/calendar/babyloncitytours-paris/items/83645/?asn=fhdn-eur&asn-ref=alloutdooradventures&ref=alloutdooradventures&bookable-only=yes&full-items=yes&marketplace=yes&flow=no""></script>",https://fareharbor.com/embeds/book/babyloncitytours-paris/items/83645/?asn=fhdn-eur&asn-ref=alloutdooradventures&ref=alloutdooradventures&bookable-only=yes&full-items=yes&marketplace=yes&flow=no,https://cdn.filestackcontent.com/oXqNFp5ySGWxK2Bki3G5
Babylon Tours Paris,babyloncitytours-paris,babylontoursinfo@gmail.com,0019179990380,France/Île-de-France/Paris,,,83655,"""The History of Paris"" City Center  Guided Walking Tour & Notre-Dame Cathedral - Semi-Private (ENGLISH)",City Tour-History Tour-Private-Walking Tour,10,98,206,https://fareharbor.com/embeds/calendar/babyloncitytours-paris/items/83655/?asn=fhdn-eur&asn-ref=alloutdooradventures&ref=alloutdooradventures&bookable-only=yes&full-items=yes&marketplace=yes&flow=no,"<script src=""https://fareharbor.com/embeds/script/calendar/babyloncitytours-paris/items/83655/?asn=fhdn-eur&asn-ref=alloutdooradventures&ref=alloutdooradventures&bookable-only=yes&full-items=yes&marketplace=yes&flow=no""></script>",https://fareharbor.com/embeds/book/babyloncitytours-paris/items/83655/?asn=fhdn-eur&asn-ref=alloutdooradventures&ref=alloutdooradventures&bookable-only=yes&full-items=yes&marketplace=yes&flow=no,https://cdn.filestackcontent.com/mREcNikQRMCMVFNgVfs4
Babylon Tours Paris,babyloncitytours-paris,babylontoursinfo@gmail.com,0019179990380,France/Île-de-France/Paris,,,83656,The History of Paris - City Center Guided Walking Tour - Private (ENGLISH),City Tour-History Tour-Private-Walking Tour,10,98,1413,https://fareharbor.com/embeds/calendar/babyloncitytours-paris/items/83656/?asn=fhdn-eur&asn-ref=alloutdooradventures&ref=alloutdooradventures&bookable-only=yes&full-items=yes&marketplace=yes&flow=no,"<script src=""https://fareharbor.com/embeds/script/calendar/babyloncitytours-paris/items/83656/?asn=fhdn-eur&asn-ref=alloutdooradventures&ref=alloutdooradventures&bookable-only=yes&full-items=yes&marketplace=yes&flow=no""></script>",https://fareharbor.com/embeds/book/babyloncitytours-paris/items/83656/?asn=fhdn-eur&asn-ref=alloutdooradventures&ref=alloutdooradventures&bookable-only=yes&full-items=yes&marketplace=yes&flow=no,https://cdn.filestackcontent.com/LakFFtMmSzCQ3lSe2zrQ
Babylon Tours Paris,babyloncitytours-paris,babylontoursinfo@gmail.com,0019179990380,France/Île-de-France/Paris,,,83605,Louvre Museum Guided Tour - Semi-Private (ENGLISH),History Tour-Museum-Walking Tour,10,97,1037,https://fareharbor.com/embeds/calendar/babyloncitytours-paris/items/83605/?asn=fhdn-eur&asn-ref=alloutdooradventures&ref=alloutdooradventures&bookable-only=yes&full-items=yes&marketplace=yes&flow=no,"<script src=""https://fareharbor.com/embeds/script/calendar/babyloncitytours-paris/items/83605/?asn=fhdn-eur&asn-ref=alloutdooradventures&ref=alloutdooradventures&bookable-only=yes&full-items=yes&marketplace=yes&flow=no""></script>",https://fareharbor.com/embeds/book/babyloncitytours-paris/items/83605/?asn=fhdn-eur&asn-ref=alloutdooradventures&ref=alloutdooradventures&bookable-only=yes&full-items=yes&marketplace=yes&flow=no,https://cdn.filestackcontent.com/P2yjOferQNKpH2gaquij
Babylon Tours Paris,babyloncitytours-paris,babylontoursinfo@gmail.com,0019179990380,France/Île-de-France/Paris,,,83619,Louvre Museum Guided Tour - Private (ENGLISH),City Tour-History Tour-Museum-Private-Walking Tour,10,97,2725,https://fareharbor.com/embeds/calendar/babyloncitytours-paris/items/83619/?asn=fhdn-eur&asn-ref=alloutdooradventures&ref=alloutdooradventures&bookable-only=yes&full-items=yes&marketplace=yes&flow=no,"<script src=""https://fareharbor.com/embeds/script/calendar/babyloncitytours-paris/items/83619/?asn=fhdn-eur&asn-ref=alloutdooradventures&ref=alloutdooradventures&bookable-only=yes&full-items=yes&marketplace=yes&flow=no""></script>",https://fareharbor.com/embeds/book/babyloncitytours-paris/items/83619/?asn=fhdn-eur&asn-ref=alloutdooradventures&ref=alloutdooradventures&bookable-only=yes&full-items=yes&marketplace=yes&flow=no,https://cdn.filestackcontent.com/xgmp7thvQ9CiAj0Mipra
Babylon Tours Paris,babyloncitytours-paris,babylontoursinfo@gmail.com,0019179990380,France/Île-de-France/Paris,,,83677,Combo: Orsay Museum + Montmartre Guided Tour - Semi-Private (ENGLISH),City Tour-Museum-Private-Train-Transportation-Walking Tour,21,97,102,https://fareharbor.com/embeds/calendar/babyloncitytours-paris/items/83677/?asn=fhdn-eur&asn-ref=alloutdooradventures&ref=alloutdooradventures&bookable-only=yes&full-items=yes&marketplace=yes&flow=no,"<script src=""https://fareharbor.com/embeds/script/calendar/babyloncitytours-paris/items/83677/?asn=fhdn-eur&asn-ref=alloutdooradventures&ref=alloutdooradventures&bookable-only=yes&full-items=yes&marketplace=yes&flow=no""></script>",https://fareharbor.com/embeds/book/babyloncitytours-paris/items/83677/?asn=fhdn-eur&asn-ref=alloutdooradventures&ref=alloutdooradventures&bookable-only=yes&full-items=yes&marketplace=yes&flow=no,https://cdn.filestackcontent.com/zG9u6aKPQX6CKOJSwKTC
Babylon Tours Paris,babyloncitytours-paris,babylontoursinfo@gmail.com,0019179990380,France/Île-de-France/Paris,,,83680,Combo: Orsay Museum + Montmartre Guided Tour - Private (ENGLISH),City Tour-Museum-Private-Train-Transportation-Walking Tour,21,97,396,https://fareharbor.com/embeds/calendar/babyloncitytours-paris/items/83680/?asn=fhdn-eur&asn-ref=alloutdooradventures&ref=alloutdooradventures&bookable-only=yes&full-items=yes&marketplace=yes&flow=no,"<script src=""https://fareharbor.com/embeds/script/calendar/babyloncitytours-paris/items/83680/?asn=fhdn-eur&asn-ref=alloutdooradventures&ref=alloutdooradventures&bookable-only=yes&full-items=yes&marketplace=yes&flow=no""></script>",https://fareharbor.com/embeds/book/babyloncitytours-paris/items/83680/?asn=fhdn-eur&asn-ref=alloutdooradventures&ref=alloutdooradventures&bookable-only=yes&full-items=yes&marketplace=yes&flow=no,https://cdn.filestackcontent.com/Nhi3EpqSh6p1STrxKcba
Babylon Tours Paris,babyloncitytours-paris,babylontoursinfo@gmail.com,0019179990380,France/Île-de-France/Paris,,,83709,Les Invalides Dome (w/ Tomb of Napoleon) Guided Tour - Private (ENGLISH),History Tour-Museum-Private-Walking Tour,5,96,1408,https://fareharbor.com/embeds/calendar/babyloncitytours-paris/items/83709/?asn=fhdn-eur&asn-ref=alloutdooradventures&ref=alloutdooradventures&bookable-only=yes&full-items=yes&marketplace=yes&flow=no,"<script src=""https://fareharbor.com/embeds/script/calendar/babyloncitytours-paris/items/83709/?asn=fhdn-eur&asn-ref=alloutdooradventures&ref=alloutdooradventures&bookable-only=yes&full-items=yes&marketplace=yes&flow=no""></script>",https://fareharbor.com/embeds/book/babyloncitytours-paris/items/83709/?asn=fhdn-eur&asn-ref=alloutdooradventures&ref=alloutdooradventures&bookable-only=yes&full-items=yes&marketplace=yes&flow=no,https://cdn.filestackcontent.com/WeSpZDe4RPuCWE5BrwmL
Babylon Tours Paris,babyloncitytours-paris,babylontoursinfo@gmail.com,0019179990380,France/Île-de-France/Paris,,,83661,Montmartre Guided Walking Tour - Semi-Private (ENGLISH),City Tour-Walking Tour,11,95,209,https://fareharbor.com/embeds/calendar/babyloncitytours-paris/items/83661/?asn=fhdn-eur&asn-ref=alloutdooradventures&ref=alloutdooradventures&bookable-only=yes&full-items=yes&marketplace=yes&flow=no,"<script src=""https://fareharbor.com/embeds/script/calendar/babyloncitytours-paris/items/83661/?asn=fhdn-eur&asn-ref=alloutdooradventures&ref=alloutdooradventures&bookable-only=yes&full-items=yes&marketplace=yes&flow=no""></script>",https://fareharbor.com/embeds/book/babyloncitytours-paris/items/83661/?asn=fhdn-eur&asn-ref=alloutdooradventures&ref=alloutdooradventures&bookable-only=yes&full-items=yes&marketplace=yes&flow=no,https://cdn.filestackcontent.com/CdJBuTQKuZ0DVi4zHiIg
Babylon Tours Paris,babyloncitytours-paris,babylontoursinfo@gmail.com,0019179990380,France/Île-de-France/Paris,,,83663,Montmartre Guided Walking Tour - Private (ENGLISH),City Tour-Photography Tour-Private-Walking Tour,11,95,1432,https://fareharbor.com/embeds/calendar/babyloncitytours-paris/items/83663/?asn=fhdn-eur&asn-ref=alloutdooradventures&ref=alloutdooradventures&bookable-only=yes&full-items=yes&marketplace=yes&flow=no,"<script src=""https://fareharbor.com/embeds/script/calendar/babyloncitytours-paris/items/83663/?asn=fhdn-eur&asn-ref=alloutdooradventures&ref=alloutdooradventures&bookable-only=yes&full-items=yes&marketplace=yes&flow=no""></script>",https://fareharbor.com/embeds/book/babyloncitytours-paris/items/83663/?asn=fhdn-eur&asn-ref=alloutdooradventures&ref=alloutdooradventures&bookable-only=yes&full-items=yes&marketplace=yes&flow=no,https://cdn.filestackcontent.com/vy9nsev0SJCgp9KousRa
Babylon Tours Paris,babyloncitytours-paris,babylontoursinfo@gmail.com,0019179990380,France/Île-de-France/Paris,,,83701,Le Marais District Guided Walking Tour - Private (ENGLISH),City Tour-Walking Tour,5,95,1426,https://fareharbor.com/embeds/calendar/babyloncitytours-paris/items/83701/?asn=fhdn-eur&asn-ref=alloutdooradventures&ref=alloutdooradventures&bookable-only=yes&full-items=yes&marketplace=yes&flow=no,"<script src=""https://fareharbor.com/embeds/script/calendar/babyloncitytours-paris/items/83701/?asn=fhdn-eur&asn-ref=alloutdooradventures&ref=alloutdooradventures&bookable-only=yes&full-items=yes&marketplace=yes&flow=no""></script>",https://fareharbor.com/embeds/book/babyloncitytours-paris/items/83701/?asn=fhdn-eur&asn-ref=alloutdooradventures&ref=alloutdooradventures&bookable-only=yes&full-items=yes&marketplace=yes&flow=no,https://cdn.filestackcontent.com/ZpFDUsZiTC4BYtpj8L48
Babylon Tours Paris,babyloncitytours-paris,babylontoursinfo@gmail.com,0019179990380,France/Île-de-France/Paris,,,83717,Paris Rodin Museum Guided Tour - Private (ENGLISH),Museum-Private-Walking Tour,5,95,1000,https://fareharbor.com/embeds/calendar/babyloncitytours-paris/items/83717/?asn=fhdn-eur&asn-ref=alloutdooradventures&ref=alloutdooradventures&bookable-only=yes&full-items=yes&marketplace=yes&flow=no,"<script src=""https://fareharbor.com/embeds/script/calendar/babyloncitytours-paris/items/83717/?asn=fhdn-eur&asn-ref=alloutdooradventures&ref=alloutdooradventures&bookable-only=yes&full-items=yes&marketplace=yes&flow=no""></script>",https://fareharbor.com/embeds/book/babyloncitytours-paris/items/83717/?asn=fhdn-eur&asn-ref=alloutdooradventures&ref=alloutdooradventures&bookable-only=yes&full-items=yes&marketplace=yes&flow=no,https://cdn.filestackcontent.com/FRm6gZR7TCam8zxMBT3S
Babylon Tours Paris,babyloncitytours-paris,babylontoursinfo@gmail.com,0019179990380,France/Île-de-France/Paris,,,83694,Latin Quarter Guided Walking Tour - Semi-Private (ENGLISH),Walking Tour,4,92,185,https://fareharbor.com/embeds/calendar/babyloncitytours-paris/items/83694/?asn=fhdn-eur&asn-ref=alloutdooradventures&ref=alloutdooradventures&bookable-only=yes&full-items=yes&marketplace=yes&flow=no,"<script src=""https://fareharbor.com/embeds/script/calendar/babyloncitytours-paris/items/83694/?asn=fhdn-eur&asn-ref=alloutdooradventures&ref=alloutdooradventures&bookable-only=yes&full-items=yes&marketplace=yes&flow=no""></script>",https://fareharbor.com/embeds/book/babyloncitytours-paris/items/83694/?asn=fhdn-eur&asn-ref=alloutdooradventures&ref=alloutdooradventures&bookable-only=yes&full-items=yes&marketplace=yes&flow=no,https://cdn.filestackcontent.com/hdBftQOQgSKyIZZlE8Fv
Babylon Tours Paris,babyloncitytours-paris,babylontoursinfo@gmail.com,0019179990380,France/Île-de-France/Paris,,,83696,Latin Quarter Guided Walking Tour - Private (ENGLISH),Private-Walking Tour,4,92,1426,https://fareharbor.com/embeds/calendar/babyloncitytours-paris/items/83696/?asn=fhdn-eur&asn-ref=alloutdooradventures&ref=alloutdooradventures&bookable-only=yes&full-items=yes&marketplace=yes&flow=no,"<script src=""https://fareharbor.com/embeds/script/calendar/babyloncitytours-paris/items/83696/?asn=fhdn-eur&asn-ref=alloutdooradventures&ref=alloutdooradventures&bookable-only=yes&full-items=yes&marketplace=yes&flow=no""></script>",https://fareharbor.com/embeds/book/babyloncitytours-paris/items/83696/?asn=fhdn-eur&asn-ref=alloutdooradventures&ref=alloutdooradventures&bookable-only=yes&full-items=yes&marketplace=yes&flow=no,https://cdn.filestackcontent.com/xtiR0zs9TCqFXbXmANQI
Babylon Tours Paris,babyloncitytours-paris,babylontoursinfo@gmail.com,0019179990380,France/Île-de-France/Paris,,,83698,Le Marais District Guided Walking Tour – Semi-Private (ENGLISH),City Tour-Private-Walking Tour,4,92,206,https://fareharbor.com/embeds/calendar/babyloncitytours-paris/items/83698/?asn=fhdn-eur&asn-ref=alloutdooradventures&ref=alloutdooradventures&bookable-only=yes&full-items=yes&marketplace=yes&flow=no,"<script src=""https://fareharbor.com/embeds/script/calendar/babyloncitytours-paris/items/83698/?asn=fhdn-eur&asn-ref=alloutdooradventures&ref=alloutdooradventures&bookable-only=yes&full-items=yes&marketplace=yes&flow=no""></script>",https://fareharbor.com/embeds/book/babyloncitytours-paris/items/83698/?asn=fhdn-eur&asn-ref=alloutdooradventures&ref=alloutdooradventures&bookable-only=yes&full-items=yes&marketplace=yes&flow=no,https://cdn.filestackcontent.com/QUepAARUSbCMSv93neVn
Babylon Tours Paris,babyloncitytours-paris,babylontoursinfo@gmail.com,0019179990380,France/Île-de-France/Paris,,,83703,Paris Orangerie Museum Guided Tour - Semi-Private (ENGLISH),Museum-Private-Walking Tour,4,92,151,https://fareharbor.com/embeds/calendar/babyloncitytours-paris/items/83703/?asn=fhdn-eur&asn-ref=alloutdooradventures&ref=alloutdooradventures&bookable-only=yes&full-items=yes&marketplace=yes&flow=no,"<script src=""https://fareharbor.com/embeds/script/calendar/babyloncitytours-paris/items/83703/?asn=fhdn-eur&asn-ref=alloutdooradventures&ref=alloutdooradventures&bookable-only=yes&full-items=yes&marketplace=yes&flow=no""></script>",https://fareharbor.com/embeds/book/babyloncitytours-paris/items/83703/?asn=fhdn-eur&asn-ref=alloutdooradventures&ref=alloutdooradventures&bookable-only=yes&full-items=yes&marketplace=yes&flow=no,https://cdn.filestackcontent.com/NAdKB02iSquamz62x7vz
Babylon Tours Paris,babyloncitytours-paris,babylontoursinfo@gmail.com,0019179990380,France/Île-de-France/Paris,,,83708,Les Invalides Dome (w/ Tomb of Napoleon) Guided Tour – Semi-Private (ENGLISH),History Tour-Museum-Private-Walking Tour,4,92,184,https://fareharbor.com/embeds/calendar/babyloncitytours-paris/items/83708/?asn=fhdn-eur&asn-ref=alloutdooradventures&ref=alloutdooradventures&bookable-only=yes&full-items=yes&marketplace=yes&flow=no,"<script src=""https://fareharbor.com/embeds/script/calendar/babyloncitytours-paris/items/83708/?asn=fhdn-eur&asn-ref=alloutdooradventures&ref=alloutdooradventures&bookable-only=yes&full-items=yes&marketplace=yes&flow=no""></script>",https://fareharbor.com/embeds/book/babyloncitytours-paris/items/83708/?asn=fhdn-eur&asn-ref=alloutdooradventures&ref=alloutdooradventures&bookable-only=yes&full-items=yes&marketplace=yes&flow=no,https://cdn.filestackcontent.com/SFbA5OG5Re3hxam2lazW
Babylon Tours Paris,babyloncitytours-paris,babylontoursinfo@gmail.com,0019179990380,France/Île-de-France/Paris,,,83713,Les Invalides War Museum Guided Tour - Semi-Private (ENGLISH),City Tour-Events-Museum-Private-Train-Walking Tour,4,92,184,https://fareharbor.com/embeds/calendar/babyloncitytours-paris/items/83713/?asn=fhdn-eur&asn-ref=alloutdooradventures&ref=alloutdooradventures&bookable-only=yes&full-items=yes&marketplace=yes&flow=no,"<script src=""https://fareharbor.com/embeds/script/calendar/babyloncitytours-paris/items/83713/?asn=fhdn-eur&asn-ref=alloutdooradventures&ref=alloutdooradventures&bookable-only=yes&full-items=yes&marketplace=yes&flow=no""></script>",https://fareharbor.com/embeds/book/babyloncitytours-paris/items/83713/?asn=fhdn-eur&asn-ref=alloutdooradventures&ref=alloutdooradventures&bookable-only=yes&full-items=yes&marketplace=yes&flow=no,https://cdn.filestackcontent.com/MrgM7EIKRtetprC0oQjD
Babylon Tours Paris,babyloncitytours-paris,babylontoursinfo@gmail.com,0019179990380,France/Île-de-France/Paris,,,83716,Paris Rodin Museum Guided Tour – Semi-Private (ENGLISH),Museum-Private-Walking Tour,4,92,132,https://fareharbor.com/embeds/calendar/babyloncitytours-paris/items/83716/?asn=fhdn-eur&asn-ref=alloutdooradventures&ref=alloutdooradventures&bookable-only=yes&full-items=yes&marketplace=yes&flow=no,"<script src=""https://fareharbor.com/embeds/script/calendar/babyloncitytours-paris/items/83716/?asn=fhdn-eur&asn-ref=alloutdooradventures&ref=alloutdooradventures&bookable-only=yes&full-items=yes&marketplace=yes&flow=no""></script>",https://fareharbor.com/embeds/book/babyloncitytours-paris/items/83716/?asn=fhdn-eur&asn-ref=alloutdooradventures&ref=alloutdooradventures&bookable-only=yes&full-items=yes&marketplace=yes&flow=no,https://cdn.filestackcontent.com/pTqBq7YWSHuFi1DFRfds
Odyscover,odyscovertours,,,Italy/Lazio/Roma,,,687462,Guided Walking Tour Colosseum Roman Forum and Palatine Hill,Walking Tour,3,89,360,https://fareharbor.com/embeds/calendar/odyscovertours/items/687462/?asn=fhdn-eur&asn-ref=alloutdooradventures&ref=alloutdooradventures&bookable-only=yes&full-items=yes&marketplace=yes&flow=no,"<script src=""https://fareharbor.com/embeds/script/calendar/odyscovertours/items/687462/?asn=fhdn-eur&asn-ref=alloutdooradventures&ref=alloutdooradventures&bookable-only=yes&full-items=yes&marketplace=yes&flow=no""></script>",https://fareharbor.com/embeds/book/odyscovertours/items/687462/?asn=fhdn-eur&asn-ref=alloutdooradventures&ref=alloutdooradventures&bookable-only=yes&full-items=yes&marketplace=yes&flow=no,https://cdn.filestackcontent.com/SFQkU29zRImnUCp3nWId
Reggae Tours Jamaica,reggaetourz,reservations@reggaetoursjamaica.com,1-732-334-0992,Jamaica/St. James Parish/Montego Bay,,,343362,"Negril Catamaran Cruise, Snorkel & Rick's Café",Catamaran-Snorkel,12,86,1080,https://fareharbor.com/embeds/calendar/reggaetourz/items/343362/?asn=fhdn&asn-ref=alloutdooradventures&ref=alloutdooradventures&bookable-only=yes&full-items=yes&marketplace=yes&flow=no,"<script src=""https://fareharbor.com/embeds/script/calendar/reggaetourz/items/343362/?asn=fhdn&asn-ref=alloutdooradventures&ref=alloutdooradventures&bookable-only=yes&full-items=yes&marketplace=yes&flow=no""></script>",https://fareharbor.com/embeds/book/reggaetourz/items/343362/?asn=fhdn&asn-ref=alloutdooradventures&ref=alloutdooradventures&bookable-only=yes&full-items=yes&marketplace=yes&flow=no,https://cdn.filestackcontent.com/738SVNoQ6WL6IeYaTbzI
HelpTourists,help-tourists-in-paris,denise@helptourists.com,+33756880495,France/Île-de-France/Paris,,,195766,Stadtführung Montmartre: Highlights & die versteckte Seite des Künstlerviertels,Walking Tour,6,85,3960,https://fareharbor.com/embeds/calendar/help-tourists-in-paris/items/195766/?asn=fhdn-eur&asn-ref=alloutdooradventures&ref=alloutdooradventures&bookable-only=yes&full-items=yes&marketplace=yes&flow=no,"<script src=""https://fareharbor.com/embeds/script/calendar/help-tourists-in-paris/items/195766/?asn=fhdn-eur&asn-ref=alloutdooradventures&ref=alloutdooradventures&bookable-only=yes&full-items=yes&marketplace=yes&flow=no""></script>",https://fareharbor.com/embeds/book/help-tourists-in-paris/items/195766/?asn=fhdn-eur&asn-ref=alloutdooradventures&ref=alloutdooradventures&bookable-only=yes&full-items=yes&marketplace=yes&flow=no,https://cdn.filestackcontent.com/nSFadi2mS22dQDwIUAnW
HelpTourists,help-tourists-in-paris,denise@helptourists.com,+33756880495,France/Île-de-France/Paris,,,195782,Stadtführung Marais: Das geheime Marais,Walking Tour,6,85,3960,https://fareharbor.com/embeds/calendar/help-tourists-in-paris/items/195782/?asn=fhdn-eur&asn-ref=alloutdooradventures&ref=alloutdooradventures&bookable-only=yes&full-items=yes&marketplace=yes&flow=no,"<script src=""https://fareharbor.com/embeds/script/calendar/help-tourists-in-paris/items/195782/?asn=fhdn-eur&asn-ref=alloutdooradventures&ref=alloutdooradventures&bookable-only=yes&full-items=yes&marketplace=yes&flow=no""></script>",https://fareharbor.com/embeds/book/help-tourists-in-paris/items/195782/?asn=fhdn-eur&asn-ref=alloutdooradventures&ref=alloutdooradventures&bookable-only=yes&full-items=yes&marketplace=yes&flow=no,https://cdn.filestackcontent.com/DMWiX6fBSvYNqR8GveH8
HelpTourists,help-tourists-in-paris,denise@helptourists.com,+33756880495,France/Île-de-France/Paris,,,195791,"Stadtführung Saint-Germain: Zwischen Kultur, Luxus & Literatencafés",Walking Tour,6,85,3960,https://fareharbor.com/embeds/calendar/help-tourists-in-paris/items/195791/?asn=fhdn-eur&asn-ref=alloutdooradventures&ref=alloutdooradventures&bookable-only=yes&full-items=yes&marketplace=yes&flow=no,"<script src=""https://fareharbor.com/embeds/script/calendar/help-tourists-in-paris/items/195791/?asn=fhdn-eur&asn-ref=alloutdooradventures&ref=alloutdooradventures&bookable-only=yes&full-items=yes&marketplace=yes&flow=no""></script>",https://fareharbor.com/embeds/book/help-tourists-in-paris/items/195791/?asn=fhdn-eur&asn-ref=alloutdooradventures&ref=alloutdooradventures&bookable-only=yes&full-items=yes&marketplace=yes&flow=no,https://cdn.filestackcontent.com/wstiOPbCQpSqy7GHnnk1
HelpTourists,help-tourists-in-paris,denise@helptourists.com,+33756880495,France/Île-de-France/Paris,,,195968,4h Stadtführung Marais & Montmartre:  Das Beste der  Rive Droite,Walking Tour,5,85,3960,https://fareharbor.com/embeds/calendar/help-tourists-in-paris/items/195968/?asn=fhdn-eur&asn-ref=alloutdooradventures&ref=alloutdooradventures&bookable-only=yes&full-items=yes&marketplace=yes&flow=no,"<script src=""https://fareharbor.com/embeds/script/calendar/help-tourists-in-paris/items/195968/?asn=fhdn-eur&asn-ref=alloutdooradventures&ref=alloutdooradventures&bookable-only=yes&full-items=yes&marketplace=yes&flow=no""></script>",https://fareharbor.com/embeds/book/help-tourists-in-paris/items/195968/?asn=fhdn-eur&asn-ref=alloutdooradventures&ref=alloutdooradventures&bookable-only=yes&full-items=yes&marketplace=yes&flow=no,https://cdn.filestackcontent.com/2lkhIjKQHOZFY9LZU5J3
Aperture Tours - Barcelona,aperturetours-barcelona,contact@aperturetours.com,+33 6 17 08 5445,Spain/Catalonia/Barcelona,2.168568,41.387397,229706,Barcelona Street Photo Tour,City Tour-Photography Tour-Walking Tour,5,85,720,https://fareharbor.com/embeds/calendar/aperturetours-barcelona/items/229706/?asn=fhdn-eur&asn-ref=alloutdooradventures&ref=alloutdooradventures&bookable-only=yes&full-items=yes&marketplace=yes&flow=no,"<script src=""https://fareharbor.com/embeds/script/calendar/aperturetours-barcelona/items/229706/?asn=fhdn-eur&asn-ref=alloutdooradventures&ref=alloutdooradventures&bookable-only=yes&full-items=yes&marketplace=yes&flow=no""></script>",https://fareharbor.com/embeds/book/aperturetours-barcelona/items/229706/?asn=fhdn-eur&asn-ref=alloutdooradventures&ref=alloutdooradventures&bookable-only=yes&full-items=yes&marketplace=yes&flow=no,https://cdn.filestackcontent.com/caR8FndcTxKoaGrzGDjl
Odyscover,odyscovertours,,,France/Île-de-France/Paris,,,674440,Haunted Walking Tour of Père Lachaise Cemetery,City Tour-Ghost Tour-Guided Tour-History Tour-Walking Tour,6,85,180,https://fareharbor.com/embeds/calendar/odyscovertours/items/674440/?asn=fhdn-eur&asn-ref=alloutdooradventures&ref=alloutdooradventures&bookable-only=yes&full-items=yes&marketplace=yes&flow=no,"<script src=""https://fareharbor.com/embeds/script/calendar/odyscovertours/items/674440/?asn=fhdn-eur&asn-ref=alloutdooradventures&ref=alloutdooradventures&bookable-only=yes&full-items=yes&marketplace=yes&flow=no""></script>",https://fareharbor.com/embeds/book/odyscovertours/items/674440/?asn=fhdn-eur&asn-ref=alloutdooradventures&ref=alloutdooradventures&bookable-only=yes&full-items=yes&marketplace=yes&flow=no,https://cdn.filestackcontent.com/Ho0A8C0MQ0kGy1Wicair
Babylon Tours Paris,babyloncitytours-paris,babylontoursinfo@gmail.com,0019179990380,France/Île-de-France/Paris,,,129901,Pere Lachaise Cemetery Guided Walking Tour - Private (RUSSIAN),Events-Private-Walking Tour,1,84,352,https://fareharbor.com/embeds/calendar/babyloncitytours-paris/items/129901/?asn=fhdn-eur&asn-ref=alloutdooradventures&ref=alloutdooradventures&bookable-only=yes&full-items=yes&marketplace=yes&flow=no,"<script src=""https://fareharbor.com/embeds/script/calendar/babyloncitytours-paris/items/129901/?asn=fhdn-eur&asn-ref=alloutdooradventures&ref=alloutdooradventures&bookable-only=yes&full-items=yes&marketplace=yes&flow=no""></script>",https://fareharbor.com/embeds/book/babyloncitytours-paris/items/129901/?asn=fhdn-eur&asn-ref=alloutdooradventures&ref=alloutdooradventures&bookable-only=yes&full-items=yes&marketplace=yes&flow=no,https://cdn.filestackcontent.com/2br2vBKQ1Gb73QyoVL2g
Babylon Tours Paris,babyloncitytours-paris,babylontoursinfo@gmail.com,0019179990380,France/Île-de-France/Paris,,,129948,Les Invalides Dome (w/ Tomb of Napoleon) Guided Tour - Private (FRENCH),History Tour-Museum-Private-Walking Tour,1,84,352,https://fareharbor.com/embeds/calendar/babyloncitytours-paris/items/129948/?asn=fhdn-eur&asn-ref=alloutdooradventures&ref=alloutdooradventures&bookable-only=yes&full-items=yes&marketplace=yes&flow=no,"<script src=""https://fareharbor.com/embeds/script/calendar/babyloncitytours-paris/items/129948/?asn=fhdn-eur&asn-ref=alloutdooradventures&ref=alloutdooradventures&bookable-only=yes&full-items=yes&marketplace=yes&flow=no""></script>",https://fareharbor.com/embeds/book/babyloncitytours-paris/items/129948/?asn=fhdn-eur&asn-ref=alloutdooradventures&ref=alloutdooradventures&bookable-only=yes&full-items=yes&marketplace=yes&flow=no,https://cdn.filestackcontent.com/xeB5dhQ1Tc9SZqmvkWar
Babylon Tours Paris,babyloncitytours-paris,babylontoursinfo@gmail.com,0019179990380,France/Île-de-France/Paris,,,129952,Les Invalides Dome (w/ Tomb of Napoleon) Guided Tour - Private (RUSSIAN),History Tour-Museum-Private-Walking Tour,1,84,352,https://fareharbor.com/embeds/calendar/babyloncitytours-paris/items/129952/?asn=fhdn-eur&asn-ref=alloutdooradventures&ref=alloutdooradventures&bookable-only=yes&full-items=yes&marketplace=yes&flow=no,"<script src=""https://fareharbor.com/embeds/script/calendar/babyloncitytours-paris/items/129952/?asn=fhdn-eur&asn-ref=alloutdooradventures&ref=alloutdooradventures&bookable-only=yes&full-items=yes&marketplace=yes&flow=no""></script>",https://fareharbor.com/embeds/book/babyloncitytours-paris/items/129952/?asn=fhdn-eur&asn-ref=alloutdooradventures&ref=alloutdooradventures&bookable-only=yes&full-items=yes&marketplace=yes&flow=no,https://cdn.filestackcontent.com/fDtwwHLaREajLlpHIBQF
Aperture Tours - Barcelona,aperturetours-barcelona,contact@aperturetours.com,+33 6 17 08 5445,Spain/Catalonia/Barcelona,2.168568,41.387397,229710,Barcelona Extended Photo Tour,Boat Tour-City Tour-Photography Tour,5,84,179,https://fareharbor.com/embeds/calendar/aperturetours-barcelona/items/229710/?asn=fhdn-eur&asn-ref=alloutdooradventures&ref=alloutdooradventures&bookable-only=yes&full-items=yes&marketplace=yes&flow=no,"<script src=""https://fareharbor.com/embeds/script/calendar/aperturetours-barcelona/items/229710/?asn=fhdn-eur&asn-ref=alloutdooradventures&ref=alloutdooradventures&bookable-only=yes&full-items=yes&marketplace=yes&flow=no""></script>",https://fareharbor.com/embeds/book/aperturetours-barcelona/items/229710/?asn=fhdn-eur&asn-ref=alloutdooradventures&ref=alloutdooradventures&bookable-only=yes&full-items=yes&marketplace=yes&flow=no,https://cdn.filestackcontent.com/c2NnKuokRjSzCe4IORS1
Babylon Tours Paris,babyloncitytours-paris,babylontoursinfo@gmail.com,0019179990380,France/Île-de-France/Paris,,,129807,Louvre Museum Guided Tour - Private (FRENCH),City Tour-History Tour-Museum-Private-Walking Tour,1,83,339,https://fareharbor.com/embeds/calendar/babyloncitytours-paris/items/129807/?asn=fhdn-eur&asn-ref=alloutdooradventures&ref=alloutdooradventures&bookable-only=yes&full-items=yes&marketplace=yes&flow=no,"<script src=""https://fareharbor.com/embeds/script/calendar/babyloncitytours-paris/items/129807/?asn=fhdn-eur&asn-ref=alloutdooradventures&ref=alloutdooradventures&bookable-only=yes&full-items=yes&marketplace=yes&flow=no""></script>",https://fareharbor.com/embeds/book/babyloncitytours-paris/items/129807/?asn=fhdn-eur&asn-ref=alloutdooradventures&ref=alloutdooradventures&bookable-only=yes&full-items=yes&marketplace=yes&flow=no,https://cdn.filestackcontent.com/xgmp7thvQ9CiAj0Mipra
Babylon Tours Paris,babyloncitytours-paris,babylontoursinfo@gmail.com,0019179990380,France/Île-de-France/Paris,,,129809,Louvre Museum Guided Tour - Private (SPANISH),City Tour-History Tour-Museum-Private-Walking Tour,1,83,340,https://fareharbor.com/embeds/calendar/babyloncitytours-paris/items/129809/?asn=fhdn-eur&asn-ref=alloutdooradventures&ref=alloutdooradventures&bookable-only=yes&full-items=yes&marketplace=yes&flow=no,"<script src=""https://fareharbor.com/embeds/script/calendar/babyloncitytours-paris/items/129809/?asn=fhdn-eur&asn-ref=alloutdooradventures&ref=alloutdooradventures&bookable-only=yes&full-items=yes&marketplace=yes&flow=no""></script>",https://fareharbor.com/embeds/book/babyloncitytours-paris/items/129809/?asn=fhdn-eur&asn-ref=alloutdooradventures&ref=alloutdooradventures&bookable-only=yes&full-items=yes&marketplace=yes&flow=no,https://cdn.filestackcontent.com/xgmp7thvQ9CiAj0Mipra
Babylon Tours Paris,babyloncitytours-paris,babylontoursinfo@gmail.com,0019179990380,France/Île-de-France/Paris,,,129812,Louvre Museum Guided Tour - Private (RUSSIAN),City Tour-History Tour-Museum-Private-Walking Tour,1,83,339,https://fareharbor.com/embeds/calendar/babyloncitytours-paris/items/129812/?asn=fhdn-eur&asn-ref=alloutdooradventures&ref=alloutdooradventures&bookable-only=yes&full-items=yes&marketplace=yes&flow=no,"<script src=""https://fareharbor.com/embeds/script/calendar/babyloncitytours-paris/items/129812/?asn=fhdn-eur&asn-ref=alloutdooradventures&ref=alloutdooradventures&bookable-only=yes&full-items=yes&marketplace=yes&flow=no""></script>",https://fareharbor.com/embeds/book/babyloncitytours-paris/items/129812/?asn=fhdn-eur&asn-ref=alloutdooradventures&ref=alloutdooradventures&bookable-only=yes&full-items=yes&marketplace=yes&flow=no,https://cdn.filestackcontent.com/xgmp7thvQ9CiAj0Mipra
Babylon Tours Paris,babyloncitytours-paris,babylontoursinfo@gmail.com,0019179990380,France/Île-de-France/Paris,,,129851,The History of Paris - City Center Guided Walking Tour - Private (RUSSIAN),City Tour-History Tour-Private-Walking Tour,1,83,353,https://fareharbor.com/embeds/calendar/babyloncitytours-paris/items/129851/?asn=fhdn-eur&asn-ref=alloutdooradventures&ref=alloutdooradventures&bookable-only=yes&full-items=yes&marketplace=yes&flow=no,"<script src=""https://fareharbor.com/embeds/script/calendar/babyloncitytours-paris/items/129851/?asn=fhdn-eur&asn-ref=alloutdooradventures&ref=alloutdooradventures&bookable-only=yes&full-items=yes&marketplace=yes&flow=no""></script>",https://fareharbor.com/embeds/book/babyloncitytours-paris/items/129851/?asn=fhdn-eur&asn-ref=alloutdooradventures&ref=alloutdooradventures&bookable-only=yes&full-items=yes&marketplace=yes&flow=no,https://cdn.filestackcontent.com/LakFFtMmSzCQ3lSe2zrQ
Babylon Tours Paris,babyloncitytours-paris,babylontoursinfo@gmail.com,0019179990380,France/Île-de-France/Paris,,,129863,Montmartre Guided Walking Tour - Private (RUSSIAN),City Tour-Photography Tour-Private-Walking Tour,1,83,354,https://fareharbor.com/embeds/calendar/babyloncitytours-paris/items/129863/?asn=fhdn-eur&asn-ref=alloutdooradventures&ref=alloutdooradventures&bookable-only=yes&full-items=yes&marketplace=yes&flow=no,"<script src=""https://fareharbor.com/embeds/script/calendar/babyloncitytours-paris/items/129863/?asn=fhdn-eur&asn-ref=alloutdooradventures&ref=alloutdooradventures&bookable-only=yes&full-items=yes&marketplace=yes&flow=no""></script>",https://fareharbor.com/embeds/book/babyloncitytours-paris/items/129863/?asn=fhdn-eur&asn-ref=alloutdooradventures&ref=alloutdooradventures&bookable-only=yes&full-items=yes&marketplace=yes&flow=no,https://cdn.filestackcontent.com/vy9nsev0SJCgp9KousRa
Babylon Tours Paris,babyloncitytours-paris,babylontoursinfo@gmail.com,0019179990380,France/Île-de-France/Paris,,,129912,Latin Quarter Guided Walking Tour - Private (RUSSIAN),Private-Walking Tour,1,83,353,https://fareharbor.com/embeds/calendar/babyloncitytours-paris/items/129912/?asn=fhdn-eur&asn-ref=alloutdooradventures&ref=alloutdooradventures&bookable-only=yes&full-items=yes&marketplace=yes&flow=no,"<script src=""https://fareharbor.com/embeds/script/calendar/babyloncitytours-paris/items/129912/?asn=fhdn-eur&asn-ref=alloutdooradventures&ref=alloutdooradventures&bookable-only=yes&full-items=yes&marketplace=yes&flow=no""></script>",https://fareharbor.com/embeds/book/babyloncitytours-paris/items/129912/?asn=fhdn-eur&asn-ref=alloutdooradventures&ref=alloutdooradventures&bookable-only=yes&full-items=yes&marketplace=yes&flow=no,https://cdn.filestackcontent.com/xtiR0zs9TCqFXbXmANQI
Babylon Tours Paris,babyloncitytours-paris,babylontoursinfo@gmail.com,0019179990380,France/Île-de-France/Paris,,,129938,Paris Rodin Museum Guided Tour - Private (FRENCH),Museum-Private-Walking Tour,1,83,250,https://fareharbor.com/embeds/calendar/babyloncitytours-paris/items/129938/?asn=fhdn-eur&asn-ref=alloutdooradventures&ref=alloutdooradventures&bookable-only=yes&full-items=yes&marketplace=yes&flow=no,"<script src=""https://fareharbor.com/embeds/script/calendar/babyloncitytours-paris/items/129938/?asn=fhdn-eur&asn-ref=alloutdooradventures&ref=alloutdooradventures&bookable-only=yes&full-items=yes&marketplace=yes&flow=no""></script>",https://fareharbor.com/embeds/book/babyloncitytours-paris/items/129938/?asn=fhdn-eur&asn-ref=alloutdooradventures&ref=alloutdooradventures&bookable-only=yes&full-items=yes&marketplace=yes&flow=no,https://cdn.filestackcontent.com/FRm6gZR7TCam8zxMBT3S
Babylon Tours Paris,babyloncitytours-paris,babylontoursinfo@gmail.com,0019179990380,France/Île-de-France/Paris,,,129942,Paris Rodin Museum Guided Tour - Private (RUSSIAN),Museum-Private-Walking Tour,1,83,250,https://fareharbor.com/embeds/calendar/babyloncitytours-paris/items/129942/?asn=fhdn-eur&asn-ref=alloutdooradventures&ref=alloutdooradventures&bookable-only=yes&full-items=yes&marketplace=yes&flow=no,"<script src=""https://fareharbor.com/embeds/script/calendar/babyloncitytours-paris/items/129942/?asn=fhdn-eur&asn-ref=alloutdooradventures&ref=alloutdooradventures&bookable-only=yes&full-items=yes&marketplace=yes&flow=no""></script>",https://fareharbor.com/embeds/book/babyloncitytours-paris/items/129942/?asn=fhdn-eur&asn-ref=alloutdooradventures&ref=alloutdooradventures&bookable-only=yes&full-items=yes&marketplace=yes&flow=no,https://cdn.filestackcontent.com/FRm6gZR7TCam8zxMBT3S
HelpTourists,help-tourists-in-paris,denise@helptourists.com,+33756880495,France/Île-de-France/Paris,,,195787,Stadtführung Pariser Passagen: Eintauchen in das Paris des 19. Jahrhunderts,Walking Tour,8,83,3960,https://fareharbor.com/embeds/calendar/help-tourists-in-paris/items/195787/?asn=fhdn-eur&asn-ref=alloutdooradventures&ref=alloutdooradventures&bookable-only=yes&full-items=yes&marketplace=yes&flow=no,"<script src=""https://fareharbor.com/embeds/script/calendar/help-tourists-in-paris/items/195787/?asn=fhdn-eur&asn-ref=alloutdooradventures&ref=alloutdooradventures&bookable-only=yes&full-items=yes&marketplace=yes&flow=no""></script>",https://fareharbor.com/embeds/book/help-tourists-in-paris/items/195787/?asn=fhdn-eur&asn-ref=alloutdooradventures&ref=alloutdooradventures&bookable-only=yes&full-items=yes&marketplace=yes&flow=no,https://cdn.filestackcontent.com/O9q4Q0A8QjOpyHqhFD9r
HelpTourists,help-tourists-in-paris,denise@helptourists.com,+33756880495,France/Île-de-France/Paris,,,196034,4h Stadtführung Pariser Passagen & Marais: Das ungewöhnliche Paris,Walking Tour,5,83,3960,https://fareharbor.com/embeds/calendar/help-tourists-in-paris/items/196034/?asn=fhdn-eur&asn-ref=alloutdooradventures&ref=alloutdooradventures&bookable-only=yes&full-items=yes&marketplace=yes&flow=no,"<script src=""https://fareharbor.com/embeds/script/calendar/help-tourists-in-paris/items/196034/?asn=fhdn-eur&asn-ref=alloutdooradventures&ref=alloutdooradventures&bookable-only=yes&full-items=yes&marketplace=yes&flow=no""></script>",https://fareharbor.com/embeds/book/help-tourists-in-paris/items/196034/?asn=fhdn-eur&asn-ref=alloutdooradventures&ref=alloutdooradventures&bookable-only=yes&full-items=yes&marketplace=yes&flow=no,https://cdn.filestackcontent.com/EL3ldUu6QfOYY0j2Z76a
Holland Bikes Tours and Rentals,hollandbikestoursandrentalsparis,,,France/Auvergne-Rhône-Alpes/Lyon,4.839815,45.756512,539390,Lyon Highlights Tour,Bike Tour,8,82,319,https://fareharbor.com/embeds/calendar/hollandbikestoursandrentalsparis/items/539390/?asn=fhdn-eur&asn-ref=alloutdooradventures&ref=alloutdooradventures&bookable-only=yes&full-items=yes&marketplace=yes&flow=no,"<script src=""https://fareharbor.com/embeds/script/calendar/hollandbikestoursandrentalsparis/items/539390/?asn=fhdn-eur&asn-ref=alloutdooradventures&ref=alloutdooradventures&bookable-only=yes&full-items=yes&marketplace=yes&flow=no""></script>",https://fareharbor.com/embeds/book/hollandbikestoursandrentalsparis/items/539390/?asn=fhdn-eur&asn-ref=alloutdooradventures&ref=alloutdooradventures&bookable-only=yes&full-items=yes&marketplace=yes&flow=no,https://cdn.filestackcontent.com/QH3hKtgQkmDEgwrSJNFy
HelpTourists,help-tourists-in-paris,denise@helptourists.com,+33756880495,France/Île-de-France/Paris,,,195792,Klassische vierstündige Stadtführung für Paris-Neulinge,Walking Tour,4,81,3960,https://fareharbor.com/embeds/calendar/help-tourists-in-paris/items/195792/?asn=fhdn-eur&asn-ref=alloutdooradventures&ref=alloutdooradventures&bookable-only=yes&full-items=yes&marketplace=yes&flow=no,"<script src=""https://fareharbor.com/embeds/script/calendar/help-tourists-in-paris/items/195792/?asn=fhdn-eur&asn-ref=alloutdooradventures&ref=alloutdooradventures&bookable-only=yes&full-items=yes&marketplace=yes&flow=no""></script>",https://fareharbor.com/embeds/book/help-tourists-in-paris/items/195792/?asn=fhdn-eur&asn-ref=alloutdooradventures&ref=alloutdooradventures&bookable-only=yes&full-items=yes&marketplace=yes&flow=no,https://cdn.filestackcontent.com/hMs8KAWS8mQm7Nqw9ILw
Aperture Tours - Barcelona,aperturetours-barcelona,contact@aperturetours.com,+33 6 17 08 5445,Spain/Catalonia/Barcelona,2.168568,41.387397,229708,Barcelona Night Photo Tour,Boat Rental-Boat Tour-City Tour-Photography Tour-Transportation,6,81,218,https://fareharbor.com/embeds/calendar/aperturetours-barcelona/items/229708/?asn=fhdn-eur&asn-ref=alloutdooradventures&ref=alloutdooradventures&bookable-only=yes&full-items=yes&marketplace=yes&flow=no,"<script src=""https://fareharbor.com/embeds/script/calendar/aperturetours-barcelona/items/229708/?asn=fhdn-eur&asn-ref=alloutdooradventures&ref=alloutdooradventures&bookable-only=yes&full-items=yes&marketplace=yes&flow=no""></script>",https://fareharbor.com/embeds/book/aperturetours-barcelona/items/229708/?asn=fhdn-eur&asn-ref=alloutdooradventures&ref=alloutdooradventures&bookable-only=yes&full-items=yes&marketplace=yes&flow=no,https://cdn.filestackcontent.com/Hv82kMbRYCALalUdc3Tg
Bonbon Tours,toursbonbon,toursbonbon@gmail.com,+33 7 67 74 2775,France/Île-de-France/Paris,2.29702,48.859906,540168,Eiffel Tower Guided Tour with Summit access - By elevator,Walking Tour,1,81,900,https://fareharbor.com/embeds/calendar/toursbonbon/items/540168/?asn=fhdn-eur&asn-ref=alloutdooradventures&ref=alloutdooradventures&bookable-only=yes&full-items=yes&marketplace=yes&flow=no,"<script src=""https://fareharbor.com/embeds/script/calendar/toursbonbon/items/540168/?asn=fhdn-eur&asn-ref=alloutdooradventures&ref=alloutdooradventures&bookable-only=yes&full-items=yes&marketplace=yes&flow=no""></script>",https://fareharbor.com/embeds/book/toursbonbon/items/540168/?asn=fhdn-eur&asn-ref=alloutdooradventures&ref=alloutdooradventures&bookable-only=yes&full-items=yes&marketplace=yes&flow=no,https://cdn.filestackcontent.com/VC95rY5iT5qIGNb9pAin
HelpTourists,help-tourists-in-paris,denise@helptourists.com,+33756880495,France/Île-de-France/Paris,,,195789,Stadtführung Quartier Latin: Eine außergewöhnliche Zeitreise in die Pariser Vergangenheit,Walking Tour,4,80,3960,https://fareharbor.com/embeds/calendar/help-tourists-in-paris/items/195789/?asn=fhdn-eur&asn-ref=alloutdooradventures&ref=alloutdooradventures&bookable-only=yes&full-items=yes&marketplace=yes&flow=no,"<script src=""https://fareharbor.com/embeds/script/calendar/help-tourists-in-paris/items/195789/?asn=fhdn-eur&asn-ref=alloutdooradventures&ref=alloutdooradventures&bookable-only=yes&full-items=yes&marketplace=yes&flow=no""></script>",https://fareharbor.com/embeds/book/help-tourists-in-paris/items/195789/?asn=fhdn-eur&asn-ref=alloutdooradventures&ref=alloutdooradventures&bookable-only=yes&full-items=yes&marketplace=yes&flow=no,https://cdn.filestackcontent.com/NeHnFoIaSqicK3VcMyjP
Bonbon Tours,toursbonbon,toursbonbon@gmail.com,+33 7 67 74 2775,France/Île-de-France/Paris,2.29702,48.859906,540172,Eiffel Tower Guided Tour with 2nd floor access - By elevator,Walking Tour,1,80,900,https://fareharbor.com/embeds/calendar/toursbonbon/items/540172/?asn=fhdn-eur&asn-ref=alloutdooradventures&ref=alloutdooradventures&bookable-only=yes&full-items=yes&marketplace=yes&flow=no,"<script src=""https://fareharbor.com/embeds/script/calendar/toursbonbon/items/540172/?asn=fhdn-eur&asn-ref=alloutdooradventures&ref=alloutdooradventures&bookable-only=yes&full-items=yes&marketplace=yes&flow=no""></script>",https://fareharbor.com/embeds/book/toursbonbon/items/540172/?asn=fhdn-eur&asn-ref=alloutdooradventures&ref=alloutdooradventures&bookable-only=yes&full-items=yes&marketplace=yes&flow=no,https://cdn.filestackcontent.com/pBF6No5Qsuz2MgYK4UAn
Babylon Tours Venice,babyloncitytours-venice,babylontoursinfo@gmail.com,,Italy/Veneto/Venezia,,,548479,Venice City Center Guided Walking Tour - Private,Food Tour-Guided Tour-History Tour-Private-Walking Tour,5,80,716,https://fareharbor.com/embeds/calendar/babyloncitytours-venice/items/548479/?asn=fhdn-eur&asn-ref=alloutdooradventures&ref=alloutdooradventures&bookable-only=yes&full-items=yes&marketplace=yes&flow=no,"<script src=""https://fareharbor.com/embeds/script/calendar/babyloncitytours-venice/items/548479/?asn=fhdn-eur&asn-ref=alloutdooradventures&ref=alloutdooradventures&bookable-only=yes&full-items=yes&marketplace=yes&flow=no""></script>",https://fareharbor.com/embeds/book/babyloncitytours-venice/items/548479/?asn=fhdn-eur&asn-ref=alloutdooradventures&ref=alloutdooradventures&bookable-only=yes&full-items=yes&marketplace=yes&flow=no,https://cdn.filestackcontent.com/4eu9cXVFSuIlZLfnlzGB
Babylon Tours Paris,babyloncitytours-paris,babylontoursinfo@gmail.com,0019179990380,France/Île-de-France/Paris,,,554023,Monumental Paris Walking Tour & Personal Boat Cruise - Private,Boat Rental-Boat Tour-Guided Tour-Private-Walking Tour,0,80,337,https://fareharbor.com/embeds/calendar/babyloncitytours-paris/items/554023/?asn=fhdn-eur&asn-ref=alloutdooradventures&ref=alloutdooradventures&bookable-only=yes&full-items=yes&marketplace=yes&flow=no,"<script src=""https://fareharbor.com/embeds/script/calendar/babyloncitytours-paris/items/554023/?asn=fhdn-eur&asn-ref=alloutdooradventures&ref=alloutdooradventures&bookable-only=yes&full-items=yes&marketplace=yes&flow=no""></script>",https://fareharbor.com/embeds/book/babyloncitytours-paris/items/554023/?asn=fhdn-eur&asn-ref=alloutdooradventures&ref=alloutdooradventures&bookable-only=yes&full-items=yes&marketplace=yes&flow=no,https://cdn.filestackcontent.com/4HgLTBliTF7CUHFMGDpv
Babylon Tours Paris,babyloncitytours-paris,babylontoursinfo@gmail.com,0019179990380,France/Île-de-France/Paris,,,83665,Combo: Paris City Center w/ Notre Dame + Louvre Museum Guided Tour – Semi-Private (ENGLISH),City Tour-History Tour-Museum-Private-Walking Tour,20,79,0,https://fareharbor.com/embeds/calendar/babyloncitytours-paris/items/83665/?asn=fhdn-eur&asn-ref=alloutdooradventures&ref=alloutdooradventures&bookable-only=yes&full-items=yes&marketplace=yes&flow=no,"<script src=""https://fareharbor.com/embeds/script/calendar/babyloncitytours-paris/items/83665/?asn=fhdn-eur&asn-ref=alloutdooradventures&ref=alloutdooradventures&bookable-only=yes&full-items=yes&marketplace=yes&flow=no""></script>",https://fareharbor.com/embeds/book/babyloncitytours-paris/items/83665/?asn=fhdn-eur&asn-ref=alloutdooradventures&ref=alloutdooradventures&bookable-only=yes&full-items=yes&marketplace=yes&flow=no,https://cdn.filestackcontent.com/dXGNnDBnTGCptaYrcoxL
Babylon Tours Paris,babyloncitytours-paris,babylontoursinfo@gmail.com,0019179990380,France/Île-de-France/Paris,,,83672,Combo: Paris City Center + Louvre Museum Guided Tour - Private (ENGLISH),City Tour-History Tour-Museum-Private-Transportation-Walking Tour,20,79,0,https://fareharbor.com/embeds/calendar/babyloncitytours-paris/items/83672/?asn=fhdn-eur&asn-ref=alloutdooradventures&ref=alloutdooradventures&bookable-only=yes&full-items=yes&marketplace=yes&flow=no,"<script src=""https://fareharbor.com/embeds/script/calendar/babyloncitytours-paris/items/83672/?asn=fhdn-eur&asn-ref=alloutdooradventures&ref=alloutdooradventures&bookable-only=yes&full-items=yes&marketplace=yes&flow=no""></script>",https://fareharbor.com/embeds/book/babyloncitytours-paris/items/83672/?asn=fhdn-eur&asn-ref=alloutdooradventures&ref=alloutdooradventures&bookable-only=yes&full-items=yes&marketplace=yes&flow=no,https://cdn.filestackcontent.com/q7imZRuTRWyQo94wemSq
HelpTourists,help-tourists-in-paris,denise@helptourists.com,+33756880495,France/Île-de-France/Paris,,,196040,4h Stadtführung Quartier Latin & Saint-Germain: Spannende Entdeckungstour der Pariser Rive Gauche,Walking Tour,4,79,3960,https://fareharbor.com/embeds/calendar/help-tourists-in-paris/items/196040/?asn=fhdn-eur&asn-ref=alloutdooradventures&ref=alloutdooradventures&bookable-only=yes&full-items=yes&marketplace=yes&flow=no,"<script src=""https://fareharbor.com/embeds/script/calendar/help-tourists-in-paris/items/196040/?asn=fhdn-eur&asn-ref=alloutdooradventures&ref=alloutdooradventures&bookable-only=yes&full-items=yes&marketplace=yes&flow=no""></script>",https://fareharbor.com/embeds/book/help-tourists-in-paris/items/196040/?asn=fhdn-eur&asn-ref=alloutdooradventures&ref=alloutdooradventures&bookable-only=yes&full-items=yes&marketplace=yes&flow=no,https://cdn.filestackcontent.com/ZVWpOc96Rp6dKWBSPZNw
Bonbon Tours,toursbonbon,toursbonbon@gmail.com,+33 7 67 74 2775,France/Île-de-France/Paris,2.29702,48.859906,540173,Eiffel Tower Guided Tour with Summit access - By climbing stairs,Walking Tour,1,79,900,https://fareharbor.com/embeds/calendar/toursbonbon/items/540173/?asn=fhdn-eur&asn-ref=alloutdooradventures&ref=alloutdooradventures&bookable-only=yes&full-items=yes&marketplace=yes&flow=no,"<script src=""https://fareharbor.com/embeds/script/calendar/toursbonbon/items/540173/?asn=fhdn-eur&asn-ref=alloutdooradventures&ref=alloutdooradventures&bookable-only=yes&full-items=yes&marketplace=yes&flow=no""></script>",https://fareharbor.com/embeds/book/toursbonbon/items/540173/?asn=fhdn-eur&asn-ref=alloutdooradventures&ref=alloutdooradventures&bookable-only=yes&full-items=yes&marketplace=yes&flow=no,https://cdn.filestackcontent.com/UL6znTsmSXJwxLXto4G2
Bonbon Tours,toursbonbon,toursbonbon@gmail.com,+33 7 67 74 2775,France/Île-de-France/Paris,2.29702,48.859906,540174,Eiffel Tower Guided Tour with 2nd floor access - By climbing stairs,Walking Tour,1,79,900,https://fareharbor.com/embeds/calendar/toursbonbon/items/540174/?asn=fhdn-eur&asn-ref=alloutdooradventures&ref=alloutdooradventures&bookable-only=yes&full-items=yes&marketplace=yes&flow=no,"<script src=""https://fareharbor.com/embeds/script/calendar/toursbonbon/items/540174/?asn=fhdn-eur&asn-ref=alloutdooradventures&ref=alloutdooradventures&bookable-only=yes&full-items=yes&marketplace=yes&flow=no""></script>",https://fareharbor.com/embeds/book/toursbonbon/items/540174/?asn=fhdn-eur&asn-ref=alloutdooradventures&ref=alloutdooradventures&bookable-only=yes&full-items=yes&marketplace=yes&flow=no,https://cdn.filestackcontent.com/MYZCsL8wSepBEnzRox4A
Babylon Tours Paris,babyloncitytours-paris,babylontoursinfo@gmail.com,0019179990380,France/Île-de-France/Paris,,,127617,"The Pompidou Centre - Modern & Contemporary Art Museum, Guided Tour - Semi-Private (ENGLISH)",Museum-Walking Tour,7,78,0,https://fareharbor.com/embeds/calendar/babyloncitytours-paris/items/127617/?asn=fhdn-eur&asn-ref=alloutdooradventures&ref=alloutdooradventures&bookable-only=yes&full-items=yes&marketplace=yes&flow=no,"<script src=""https://fareharbor.com/embeds/script/calendar/babyloncitytours-paris/items/127617/?asn=fhdn-eur&asn-ref=alloutdooradventures&ref=alloutdooradventures&bookable-only=yes&full-items=yes&marketplace=yes&flow=no""></script>",https://fareharbor.com/embeds/book/babyloncitytours-paris/items/127617/?asn=fhdn-eur&asn-ref=alloutdooradventures&ref=alloutdooradventures&bookable-only=yes&full-items=yes&marketplace=yes&flow=no,https://cdn.filestackcontent.com/ctTElSR7TFS9qIsH3T8J
Encyclopedia of Paris,encyclopediaofparis,jess@encyclopediaofparis.com,+3378172558,France/Île-de-France/Paris,2.340921,48.866767,581507,Louvre: More than just Mona,Walking Tour,8,78,51,https://fareharbor.com/embeds/calendar/encyclopediaofparis/items/581507/?asn=fhdn-eur&asn-ref=alloutdooradventures&ref=alloutdooradventures&bookable-only=yes&full-items=yes&marketplace=yes&flow=no,"<script src=""https://fareharbor.com/embeds/script/calendar/encyclopediaofparis/items/581507/?asn=fhdn-eur&asn-ref=alloutdooradventures&ref=alloutdooradventures&bookable-only=yes&full-items=yes&marketplace=yes&flow=no""></script>",https://fareharbor.com/embeds/book/encyclopediaofparis/items/581507/?asn=fhdn-eur&asn-ref=alloutdooradventures&ref=alloutdooradventures&bookable-only=yes&full-items=yes&marketplace=yes&flow=no,https://cdn.filestackcontent.com/pEgt5CLcTQGSsM41gfIb
HelpTourists,help-tourists-in-paris,denise@helptourists.com,+33756880495,France/Île-de-France/Paris,,,337861,Familientour Montmartre – Paris mit Kindern entdecken,Walking Tour,3,77,2880,https://fareharbor.com/embeds/calendar/help-tourists-in-paris/items/337861/?asn=fhdn-eur&asn-ref=alloutdooradventures&ref=alloutdooradventures&bookable-only=yes&full-items=yes&marketplace=yes&flow=no,"<script src=""https://fareharbor.com/embeds/script/calendar/help-tourists-in-paris/items/337861/?asn=fhdn-eur&asn-ref=alloutdooradventures&ref=alloutdooradventures&bookable-only=yes&full-items=yes&marketplace=yes&flow=no""></script>",https://fareharbor.com/embeds/book/help-tourists-in-paris/items/337861/?asn=fhdn-eur&asn-ref=alloutdooradventures&ref=alloutdooradventures&bookable-only=yes&full-items=yes&marketplace=yes&flow=no,https://cdn.filestackcontent.com/th01nBsNRyaiTOXwWUN6
Universal Tour Guide,universal-tourguide,bookingparis@utg-experience.com,+33 184606720,France/Île-de-France/Paris,,,666874,"Paris Highlights: Notre Dame, Louvre, Eiffel Tower Champ de Mars & Cruise",Attraction-Boat Tour-City Tour-History Tour-Museum-Walking Tour,7,77,0,https://fareharbor.com/embeds/calendar/universal-tourguide/items/666874/?asn=fhdn-eur&asn-ref=alloutdooradventures&ref=alloutdooradventures&bookable-only=yes&full-items=yes&marketplace=yes&flow=no,"<script src=""https://fareharbor.com/embeds/script/calendar/universal-tourguide/items/666874/?asn=fhdn-eur&asn-ref=alloutdooradventures&ref=alloutdooradventures&bookable-only=yes&full-items=yes&marketplace=yes&flow=no""></script>",https://fareharbor.com/embeds/book/universal-tourguide/items/666874/?asn=fhdn-eur&asn-ref=alloutdooradventures&ref=alloutdooradventures&bookable-only=yes&full-items=yes&marketplace=yes&flow=no,https://cdn.filestackcontent.com/c1Ag2wjSriwadprX2qye
Reggae Tours Jamaica,reggaetourz,reservations@reggaetoursjamaica.com,1-732-334-0992,Jamaica/St. James Parish/Montego Bay,-77.922868,18.471381,247656,Black River Safari & YS Falls,Boat Tour,15,76,0,https://fareharbor.com/embeds/calendar/reggaetourz/items/247656/?asn=fhdn&asn-ref=alloutdooradventures&ref=alloutdooradventures&bookable-only=yes&full-items=yes&marketplace=yes&flow=no,"<script src=""https://fareharbor.com/embeds/script/calendar/reggaetourz/items/247656/?asn=fhdn&asn-ref=alloutdooradventures&ref=alloutdooradventures&bookable-only=yes&full-items=yes&marketplace=yes&flow=no""></script>",https://fareharbor.com/embeds/book/reggaetourz/items/247656/?asn=fhdn&asn-ref=alloutdooradventures&ref=alloutdooradventures&bookable-only=yes&full-items=yes&marketplace=yes&flow=no,https://cdn.filestackcontent.com/bTM3BkdS0aLVsU26MDu3
Captain Splash Tubing & Tours Limited,captain-splash,Info@Splash876.com,1 (876) 238-2141,Jamaica/St. Ann Parish/Ocho Rios,,,203251,Package Deal #5 | Snorkeling,Boat Tour-Dolphin-Wellness-Kayak-Marina-Water Activities,10,75,1440,https://fareharbor.com/embeds/calendar/captain-splash/items/203251/?asn=fhdn&asn-ref=alloutdooradventures&ref=alloutdooradventures&bookable-only=yes&full-items=yes&marketplace=yes&flow=no,"<script src=""https://fareharbor.com/embeds/script/calendar/captain-splash/items/203251/?asn=fhdn&asn-ref=alloutdooradventures&ref=alloutdooradventures&bookable-only=yes&full-items=yes&marketplace=yes&flow=no""></script>",https://fareharbor.com/embeds/book/captain-splash/items/203251/?asn=fhdn&asn-ref=alloutdooradventures&ref=alloutdooradventures&bookable-only=yes&full-items=yes&marketplace=yes&flow=no,https://cdn.filestackcontent.com/1ohanHMRtyEmKmuhw5S6
Reggae Tours Jamaica,reggaetourz,reservations@reggaetoursjamaica.com,1-732-334-0992,Jamaica/St. James Parish/Montego Bay,-77.922868,18.471381,281480,Horseback Riding Jamaica,Horse,8,75,522,https://fareharbor.com/embeds/calendar/reggaetourz/items/281480/?asn=fhdn&asn-ref=alloutdooradventures&ref=alloutdooradventures&bookable-only=yes&full-items=yes&marketplace=yes&flow=no,"<script src=""https://fareharbor.com/embeds/script/calendar/reggaetourz/items/281480/?asn=fhdn&asn-ref=alloutdooradventures&ref=alloutdooradventures&bookable-only=yes&full-items=yes&marketplace=yes&flow=no""></script>",https://fareharbor.com/embeds/book/reggaetourz/items/281480/?asn=fhdn&asn-ref=alloutdooradventures&ref=alloutdooradventures&bookable-only=yes&full-items=yes&marketplace=yes&flow=no,https://cdn.filestackcontent.com/Dr5Shkz2T7erWsh0hLF0
Captain Splash Tubing & Tours Limited,captain-splash,Info@Splash876.com,1 (876) 238-2141,Jamaica/St. Ann Parish/Ocho Rios,,,359577,Speedboat Cruise (Lovers Cave),Boat Tour-Dolphin-Fishing-Food Tour-Marina-Sightseeing Tour-Surf,20,75,1620,https://fareharbor.com/embeds/calendar/captain-splash/items/359577/?asn=fhdn&asn-ref=alloutdooradventures&ref=alloutdooradventures&bookable-only=yes&full-items=yes&marketplace=yes&flow=no,"<script src=""https://fareharbor.com/embeds/script/calendar/captain-splash/items/359577/?asn=fhdn&asn-ref=alloutdooradventures&ref=alloutdooradventures&bookable-only=yes&full-items=yes&marketplace=yes&flow=no""></script>",https://fareharbor.com/embeds/book/captain-splash/items/359577/?asn=fhdn&asn-ref=alloutdooradventures&ref=alloutdooradventures&bookable-only=yes&full-items=yes&marketplace=yes&flow=no,https://cdn.filestackcontent.com/LYUncsjUTEeKMZ9j5kQv
Captain Splash Tubing & Tours Limited,captain-splash,Info@Splash876.com,1 (876) 238-2141,Jamaica/St. Ann Parish/Ocho Rios,,,401189,"Combo Tour: Dunn's River Falls, Blue Hole & Secret Falls, Mahogany Beach",Attraction-Climbing-Wellness-History Tour-Private-Water Activities,20,75,900,https://fareharbor.com/embeds/calendar/captain-splash/items/401189/?asn=fhdn&asn-ref=alloutdooradventures&ref=alloutdooradventures&bookable-only=yes&full-items=yes&marketplace=yes&flow=no,"<script src=""https://fareharbor.com/embeds/script/calendar/captain-splash/items/401189/?asn=fhdn&asn-ref=alloutdooradventures&ref=alloutdooradventures&bookable-only=yes&full-items=yes&marketplace=yes&flow=no""></script>",https://fareharbor.com/embeds/book/captain-splash/items/401189/?asn=fhdn&asn-ref=alloutdooradventures&ref=alloutdooradventures&bookable-only=yes&full-items=yes&marketplace=yes&flow=no,https://cdn.filestackcontent.com/2Dsow53ERGWwnGre74RS
Captain Splash Tubing & Tours Limited,captain-splash,Info@Splash876.com,1 (876) 238-2141,Jamaica/St. Ann Parish/Ocho Rios,,,411591,Package Deal #3 | Bamboo Rafting,Boat Tour-Food Tour-Marina-Photography Tour-Rafting-River Tube-Transportation-Water Activities,11,75,1440,https://fareharbor.com/embeds/calendar/captain-splash/items/411591/?asn=fhdn&asn-ref=alloutdooradventures&ref=alloutdooradventures&bookable-only=yes&full-items=yes&marketplace=yes&flow=no,"<script src=""https://fareharbor.com/embeds/script/calendar/captain-splash/items/411591/?asn=fhdn&asn-ref=alloutdooradventures&ref=alloutdooradventures&bookable-only=yes&full-items=yes&marketplace=yes&flow=no""></script>",https://fareharbor.com/embeds/book/captain-splash/items/411591/?asn=fhdn&asn-ref=alloutdooradventures&ref=alloutdooradventures&bookable-only=yes&full-items=yes&marketplace=yes&flow=no,https://cdn.filestackcontent.com/GgG8TPIDQHei9Dc0J4oo
Reggae Tours Jamaica,reggaetourz,reservations@reggaetoursjamaica.com,1-732-334-0992,Jamaica/St. James Parish/Montego Bay,-77.922868,18.471381,289647,Martha Brae River Rafting,Rafting,10,74,799,https://fareharbor.com/embeds/calendar/reggaetourz/items/289647/?asn=fhdn&asn-ref=alloutdooradventures&ref=alloutdooradventures&bookable-only=yes&full-items=yes&marketplace=yes&flow=no,"<script src=""https://fareharbor.com/embeds/script/calendar/reggaetourz/items/289647/?asn=fhdn&asn-ref=alloutdooradventures&ref=alloutdooradventures&bookable-only=yes&full-items=yes&marketplace=yes&flow=no""></script>",https://fareharbor.com/embeds/book/reggaetourz/items/289647/?asn=fhdn&asn-ref=alloutdooradventures&ref=alloutdooradventures&bookable-only=yes&full-items=yes&marketplace=yes&flow=no,https://cdn.filestackcontent.com/q9FFsTGrSFuK9KDjNiWR
Reggae Tours Jamaica,reggaetourz,reservations@reggaetoursjamaica.com,1-732-334-0992,Jamaica/St. James Parish/Montego Bay,-77.922868,18.471381,289654,Rose Hall Great House and Martha Brae River Rafting,Rafting,17,74,296,https://fareharbor.com/embeds/calendar/reggaetourz/items/289654/?asn=fhdn&asn-ref=alloutdooradventures&ref=alloutdooradventures&bookable-only=yes&full-items=yes&marketplace=yes&flow=no,"<script src=""https://fareharbor.com/embeds/script/calendar/reggaetourz/items/289654/?asn=fhdn&asn-ref=alloutdooradventures&ref=alloutdooradventures&bookable-only=yes&full-items=yes&marketplace=yes&flow=no""></script>",https://fareharbor.com/embeds/book/reggaetourz/items/289654/?asn=fhdn&asn-ref=alloutdooradventures&ref=alloutdooradventures&bookable-only=yes&full-items=yes&marketplace=yes&flow=no,https://cdn.filestackcontent.com/XbPM4hQMqiRXSbyARaQ9
Captain Splash Tubing & Tours Limited,captain-splash,Info@Splash876.com,1 (876) 238-2141,Jamaica/St. Ann Parish/Ocho Rios,,,373177,Private Charter -  42' Stapleton Yacht,Balloon-Boat Tour-Dinner Boat-Dolphin-Events-Fishing-Food Tour-Marina-Snorkel-Water Activities,6,74,1980,https://fareharbor.com/embeds/calendar/captain-splash/items/373177/?asn=fhdn&asn-ref=alloutdooradventures&ref=alloutdooradventures&bookable-only=yes&full-items=yes&marketplace=yes&flow=no,"<script src=""https://fareharbor.com/embeds/script/calendar/captain-splash/items/373177/?asn=fhdn&asn-ref=alloutdooradventures&ref=alloutdooradventures&bookable-only=yes&full-items=yes&marketplace=yes&flow=no""></script>",https://fareharbor.com/embeds/book/captain-splash/items/373177/?asn=fhdn&asn-ref=alloutdooradventures&ref=alloutdooradventures&bookable-only=yes&full-items=yes&marketplace=yes&flow=no,https://cdn.filestackcontent.com/E99zT1hIRnmyBfhKcD5t
Captain Splash Tubing & Tours Limited,captain-splash,Info@Splash876.com,1 (876) 238-2141,Jamaica/St. Ann Parish/Ocho Rios,,,203328,Package Deals | For Jamaican Residents Only,Boat Tour-Dolphin-Fishing-Marina-Rafting-River Tube-Snorkel-Transportation-Water Activities,16,73,1080,https://fareharbor.com/embeds/calendar/captain-splash/items/203328/?asn=fhdn&asn-ref=alloutdooradventures&ref=alloutdooradventures&bookable-only=yes&full-items=yes&marketplace=yes&flow=no,"<script src=""https://fareharbor.com/embeds/script/calendar/captain-splash/items/203328/?asn=fhdn&asn-ref=alloutdooradventures&ref=alloutdooradventures&bookable-only=yes&full-items=yes&marketplace=yes&flow=no""></script>",https://fareharbor.com/embeds/book/captain-splash/items/203328/?asn=fhdn&asn-ref=alloutdooradventures&ref=alloutdooradventures&bookable-only=yes&full-items=yes&marketplace=yes&flow=no,https://cdn.filestackcontent.com/IfXtAX9pT6u3iSNZcQgE
Captain Splash Tubing & Tours Limited,captain-splash,Info@Splash876.com,1 (876) 238-2141,Jamaica/St. Ann Parish/Ocho Rios,,,400322,Sunset Speedboat Cruise,Boat Tour-Dolphin-Escape Room-Fishing-Marina-Sailing-Surf-Transportation,5,73,360,https://fareharbor.com/embeds/calendar/captain-splash/items/400322/?asn=fhdn&asn-ref=alloutdooradventures&ref=alloutdooradventures&bookable-only=yes&full-items=yes&marketplace=yes&flow=no,"<script src=""https://fareharbor.com/embeds/script/calendar/captain-splash/items/400322/?asn=fhdn&asn-ref=alloutdooradventures&ref=alloutdooradventures&bookable-only=yes&full-items=yes&marketplace=yes&flow=no""></script>",https://fareharbor.com/embeds/book/captain-splash/items/400322/?asn=fhdn&asn-ref=alloutdooradventures&ref=alloutdooradventures&bookable-only=yes&full-items=yes&marketplace=yes&flow=no,https://cdn.filestackcontent.com/jzM7wow8TsODjceFtaCa
Captain Splash Tubing & Tours Limited,captain-splash,Info@Splash876.com,1 (876) 238-2141,Jamaica/St. Ann Parish/Ocho Rios,,,411589,Package Deal #2 | Sea Tubing,Boat Tour-Marina-Rafting-Transportation-Water Activities,17,73,3060,https://fareharbor.com/embeds/calendar/captain-splash/items/411589/?asn=fhdn&asn-ref=alloutdooradventures&ref=alloutdooradventures&bookable-only=yes&full-items=yes&marketplace=yes&flow=no,"<script src=""https://fareharbor.com/embeds/script/calendar/captain-splash/items/411589/?asn=fhdn&asn-ref=alloutdooradventures&ref=alloutdooradventures&bookable-only=yes&full-items=yes&marketplace=yes&flow=no""></script>",https://fareharbor.com/embeds/book/captain-splash/items/411589/?asn=fhdn&asn-ref=alloutdooradventures&ref=alloutdooradventures&bookable-only=yes&full-items=yes&marketplace=yes&flow=no,https://cdn.filestackcontent.com/zV4ryn9lQxW3Tl8jb0WY
Captain Splash Tubing & Tours Limited,captain-splash,Info@Splash876.com,1 (876) 238-2141,Jamaica/St. Ann Parish/Ocho Rios,,,203336,Water Tubing (Sea Tubing),Boat Tour-Marina-Water Activities,6,72,3060,https://fareharbor.com/embeds/calendar/captain-splash/items/203336/?asn=fhdn&asn-ref=alloutdooradventures&ref=alloutdooradventures&bookable-only=yes&full-items=yes&marketplace=yes&flow=no,"<script src=""https://fareharbor.com/embeds/script/calendar/captain-splash/items/203336/?asn=fhdn&asn-ref=alloutdooradventures&ref=alloutdooradventures&bookable-only=yes&full-items=yes&marketplace=yes&flow=no""></script>",https://fareharbor.com/embeds/book/captain-splash/items/203336/?asn=fhdn&asn-ref=alloutdooradventures&ref=alloutdooradventures&bookable-only=yes&full-items=yes&marketplace=yes&flow=no,https://cdn.filestackcontent.com/Q0NAUsb5RKur9FVcyszb
Captain Splash Tubing & Tours Limited,captain-splash,Info@Splash876.com,1 (876) 238-2141,Jamaica/St. Ann Parish/Ocho Rios,,,412888,Package Deal #4 | Horseback Riding,Boat Tour-Fishing-Marina-Rafting-Transportation-Water Activities,6,72,1080,https://fareharbor.com/embeds/calendar/captain-splash/items/412888/?asn=fhdn&asn-ref=alloutdooradventures&ref=alloutdooradventures&bookable-only=yes&full-items=yes&marketplace=yes&flow=no,"<script src=""https://fareharbor.com/embeds/script/calendar/captain-splash/items/412888/?asn=fhdn&asn-ref=alloutdooradventures&ref=alloutdooradventures&bookable-only=yes&full-items=yes&marketplace=yes&flow=no""></script>",https://fareharbor.com/embeds/book/captain-splash/items/412888/?asn=fhdn&asn-ref=alloutdooradventures&ref=alloutdooradventures&bookable-only=yes&full-items=yes&marketplace=yes&flow=no,https://cdn.filestackcontent.com/ugkQyboTvGzFydW2J2Dj
Captain Splash Tubing & Tours Limited,captain-splash,Info@Splash876.com,1 (876) 238-2141,Jamaica/St. Ann Parish/Ocho Rios,,,203274,Snorkeling,Boat Tour-Dolphin-Wellness-Food Tour-Marina-Snorkel-Water Activities,8,71,540,https://fareharbor.com/embeds/calendar/captain-splash/items/203274/?asn=fhdn&asn-ref=alloutdooradventures&ref=alloutdooradventures&bookable-only=yes&full-items=yes&marketplace=yes&flow=no,"<script src=""https://fareharbor.com/embeds/script/calendar/captain-splash/items/203274/?asn=fhdn&asn-ref=alloutdooradventures&ref=alloutdooradventures&bookable-only=yes&full-items=yes&marketplace=yes&flow=no""></script>",https://fareharbor.com/embeds/book/captain-splash/items/203274/?asn=fhdn&asn-ref=alloutdooradventures&ref=alloutdooradventures&bookable-only=yes&full-items=yes&marketplace=yes&flow=no,https://cdn.filestackcontent.com/xvdNDqTNTkmdkJ4gHxZI
Captain Splash Tubing & Tours Limited,captain-splash,Info@Splash876.com,1 (876) 238-2141,Jamaica/St. Ann Parish/Ocho Rios,,,325717,Bamboo Rafting,Food Tour-Photography Tour-Rafting-Transportation-Water Activities,4,71,1620,https://fareharbor.com/embeds/calendar/captain-splash/items/325717/?asn=fhdn&asn-ref=alloutdooradventures&ref=alloutdooradventures&bookable-only=yes&full-items=yes&marketplace=yes&flow=no,"<script src=""https://fareharbor.com/embeds/script/calendar/captain-splash/items/325717/?asn=fhdn&asn-ref=alloutdooradventures&ref=alloutdooradventures&bookable-only=yes&full-items=yes&marketplace=yes&flow=no""></script>",https://fareharbor.com/embeds/book/captain-splash/items/325717/?asn=fhdn&asn-ref=alloutdooradventures&ref=alloutdooradventures&bookable-only=yes&full-items=yes&marketplace=yes&flow=no,https://cdn.filestackcontent.com/K7zKGspRStuhNkAM6XH8
Captain Splash Tubing & Tours Limited,captain-splash,Info@Splash876.com,1 (876) 238-2141,Jamaica/St. Ann Parish/Ocho Rios,,,401128,Package Deal #1 | Speedboat Cruise,Boat Tour-Dolphin-Fishing-Marina-Rafting-Transportation-Water Activities,17,71,1080,https://fareharbor.com/embeds/calendar/captain-splash/items/401128/?asn=fhdn&asn-ref=alloutdooradventures&ref=alloutdooradventures&bookable-only=yes&full-items=yes&marketplace=yes&flow=no,"<script src=""https://fareharbor.com/embeds/script/calendar/captain-splash/items/401128/?asn=fhdn&asn-ref=alloutdooradventures&ref=alloutdooradventures&bookable-only=yes&full-items=yes&marketplace=yes&flow=no""></script>",https://fareharbor.com/embeds/book/captain-splash/items/401128/?asn=fhdn&asn-ref=alloutdooradventures&ref=alloutdooradventures&bookable-only=yes&full-items=yes&marketplace=yes&flow=no,https://cdn.filestackcontent.com/pxiOwVxhQ8eQLpmwc1PT
Captain Splash Tubing & Tours Limited,captain-splash,Info@Splash876.com,1 (876) 238-2141,Jamaica/St. Ann Parish/Ocho Rios,,,401199,Package Deal #10 | ATVs,Boat Tour-Wellness-History Tour-Marina-Water Activities,4,71,900,https://fareharbor.com/embeds/calendar/captain-splash/items/401199/?asn=fhdn&asn-ref=alloutdooradventures&ref=alloutdooradventures&bookable-only=yes&full-items=yes&marketplace=yes&flow=no,"<script src=""https://fareharbor.com/embeds/script/calendar/captain-splash/items/401199/?asn=fhdn&asn-ref=alloutdooradventures&ref=alloutdooradventures&bookable-only=yes&full-items=yes&marketplace=yes&flow=no""></script>",https://fareharbor.com/embeds/book/captain-splash/items/401199/?asn=fhdn&asn-ref=alloutdooradventures&ref=alloutdooradventures&bookable-only=yes&full-items=yes&marketplace=yes&flow=no,https://cdn.filestackcontent.com/j674NCKpSdaWHxlB0Ubb
Captain Splash Tubing & Tours Limited,captain-splash,Info@Splash876.com,1 (876) 238-2141,Jamaica/St. Ann Parish/Ocho Rios,,,203289,Yachtalicious - 101' Private Charter,Balloon-Boat Tour-Dinner Boat-Dolphin-Events-Fishing-Food Tour-Marina-Snorkel-Water Activities,1,70,2160,https://fareharbor.com/embeds/calendar/captain-splash/items/203289/?asn=fhdn&asn-ref=alloutdooradventures&ref=alloutdooradventures&bookable-only=yes&full-items=yes&marketplace=yes&flow=no,"<script src=""https://fareharbor.com/embeds/script/calendar/captain-splash/items/203289/?asn=fhdn&asn-ref=alloutdooradventures&ref=alloutdooradventures&bookable-only=yes&full-items=yes&marketplace=yes&flow=no""></script>",https://fareharbor.com/embeds/book/captain-splash/items/203289/?asn=fhdn&asn-ref=alloutdooradventures&ref=alloutdooradventures&bookable-only=yes&full-items=yes&marketplace=yes&flow=no,https://cdn.filestackcontent.com/rbGEfJPgQReVodc67NgZ
Babylon Tours Venice,babyloncitytours-venice,babylontoursinfo@gmail.com,,Italy/Veneto/Venezia,,,548434,Venice City Center Guided Walking Tour - Semi-Private,Food Tour-Guided Tour-History Tour-Private-Walking Tour,5,70,169,https://fareharbor.com/embeds/calendar/babyloncitytours-venice/items/548434/?asn=fhdn-eur&asn-ref=alloutdooradventures&ref=alloutdooradventures&bookable-only=yes&full-items=yes&marketplace=yes&flow=no,"<script src=""https://fareharbor.com/embeds/script/calendar/babyloncitytours-venice/items/548434/?asn=fhdn-eur&asn-ref=alloutdooradventures&ref=alloutdooradventures&bookable-only=yes&full-items=yes&marketplace=yes&flow=no""></script>",https://fareharbor.com/embeds/book/babyloncitytours-venice/items/548434/?asn=fhdn-eur&asn-ref=alloutdooradventures&ref=alloutdooradventures&bookable-only=yes&full-items=yes&marketplace=yes&flow=no,https://cdn.filestackcontent.com/whbCYBqS36P1u8w96J9d
Encyclopedia of Paris,encyclopediaofparis,jess@encyclopediaofparis.com,+3378172558,France/Île-de-France/Paris,2.339648,48.888439,581506,"Montmartre: Music, Love Affairs and Lunch",Walking Tour,8,70,0,https://fareharbor.com/embeds/calendar/encyclopediaofparis/items/581506/?asn=fhdn-eur&asn-ref=alloutdooradventures&ref=alloutdooradventures&bookable-only=yes&full-items=yes&marketplace=yes&flow=no,"<script src=""https://fareharbor.com/embeds/script/calendar/encyclopediaofparis/items/581506/?asn=fhdn-eur&asn-ref=alloutdooradventures&ref=alloutdooradventures&bookable-only=yes&full-items=yes&marketplace=yes&flow=no""></script>",https://fareharbor.com/embeds/book/encyclopediaofparis/items/581506/?asn=fhdn-eur&asn-ref=alloutdooradventures&ref=alloutdooradventures&bookable-only=yes&full-items=yes&marketplace=yes&flow=no,https://cdn.filestackcontent.com/xQhD3o5RaySYqrZEbAPI
Babylon Tours Paris,babyloncitytours-paris,babylontoursinfo@gmail.com,0019179990380,France/Île-de-France/Paris,,,129897,Pere Lachaise Cemetery Guided Walking Tour - Private (FRENCH),Events-Private-Walking Tour,1,69,352,https://fareharbor.com/embeds/calendar/babyloncitytours-paris/items/129897/?asn=fhdn-eur&asn-ref=alloutdooradventures&ref=alloutdooradventures&bookable-only=yes&full-items=yes&marketplace=yes&flow=no,"<script src=""https://fareharbor.com/embeds/script/calendar/babyloncitytours-paris/items/129897/?asn=fhdn-eur&asn-ref=alloutdooradventures&ref=alloutdooradventures&bookable-only=yes&full-items=yes&marketplace=yes&flow=no""></script>",https://fareharbor.com/embeds/book/babyloncitytours-paris/items/129897/?asn=fhdn-eur&asn-ref=alloutdooradventures&ref=alloutdooradventures&bookable-only=yes&full-items=yes&marketplace=yes&flow=no,https://cdn.filestackcontent.com/2br2vBKQ1Gb73QyoVL2g
Babylon Tours Paris,babyloncitytours-paris,babylontoursinfo@gmail.com,0019179990380,France/Île-de-France/Paris,,,129898,Pere Lachaise Cemetery Guided Walking Tour - Private (SPANISH),Events-Private-Walking Tour,1,69,352,https://fareharbor.com/embeds/calendar/babyloncitytours-paris/items/129898/?asn=fhdn-eur&asn-ref=alloutdooradventures&ref=alloutdooradventures&bookable-only=yes&full-items=yes&marketplace=yes&flow=no,"<script src=""https://fareharbor.com/embeds/script/calendar/babyloncitytours-paris/items/129898/?asn=fhdn-eur&asn-ref=alloutdooradventures&ref=alloutdooradventures&bookable-only=yes&full-items=yes&marketplace=yes&flow=no""></script>",https://fareharbor.com/embeds/book/babyloncitytours-paris/items/129898/?asn=fhdn-eur&asn-ref=alloutdooradventures&ref=alloutdooradventures&bookable-only=yes&full-items=yes&marketplace=yes&flow=no,https://cdn.filestackcontent.com/2br2vBKQ1Gb73QyoVL2g
Babylon Tours Paris,babyloncitytours-paris,babylontoursinfo@gmail.com,0019179990380,France/Île-de-France/Paris,,,129899,Pere Lachaise Cemetery Guided Walking Tour - Private (GERMAN),Events-Private-Walking Tour,1,69,352,https://fareharbor.com/embeds/calendar/babyloncitytours-paris/items/129899/?asn=fhdn-eur&asn-ref=alloutdooradventures&ref=alloutdooradventures&bookable-only=yes&full-items=yes&marketplace=yes&flow=no,"<script src=""https://fareharbor.com/embeds/script/calendar/babyloncitytours-paris/items/129899/?asn=fhdn-eur&asn-ref=alloutdooradventures&ref=alloutdooradventures&bookable-only=yes&full-items=yes&marketplace=yes&flow=no""></script>",https://fareharbor.com/embeds/book/babyloncitytours-paris/items/129899/?asn=fhdn-eur&asn-ref=alloutdooradventures&ref=alloutdooradventures&bookable-only=yes&full-items=yes&marketplace=yes&flow=no,https://cdn.filestackcontent.com/2br2vBKQ1Gb73QyoVL2g
Babylon Tours Paris,babyloncitytours-paris,babylontoursinfo@gmail.com,0019179990380,France/Île-de-France/Paris,,,129900,Pere Lachaise Cemetery Guided Walking Tour - Private (ITALIAN),Events-Private-Walking Tour,1,69,352,https://fareharbor.com/embeds/calendar/babyloncitytours-paris/items/129900/?asn=fhdn-eur&asn-ref=alloutdooradventures&ref=alloutdooradventures&bookable-only=yes&full-items=yes&marketplace=yes&flow=no,"<script src=""https://fareharbor.com/embeds/script/calendar/babyloncitytours-paris/items/129900/?asn=fhdn-eur&asn-ref=alloutdooradventures&ref=alloutdooradventures&bookable-only=yes&full-items=yes&marketplace=yes&flow=no""></script>",https://fareharbor.com/embeds/book/babyloncitytours-paris/items/129900/?asn=fhdn-eur&asn-ref=alloutdooradventures&ref=alloutdooradventures&bookable-only=yes&full-items=yes&marketplace=yes&flow=no,https://cdn.filestackcontent.com/2br2vBKQ1Gb73QyoVL2g
Babylon Tours Paris,babyloncitytours-paris,babylontoursinfo@gmail.com,0019179990380,France/Île-de-France/Paris,,,129949,Les Invalides Dome (w/ Tomb of Napoleon) Guided Tour - Private (SPANISH),History Tour-Museum-Private-Walking Tour,1,69,352,https://fareharbor.com/embeds/calendar/babyloncitytours-paris/items/129949/?asn=fhdn-eur&asn-ref=alloutdooradventures&ref=alloutdooradventures&bookable-only=yes&full-items=yes&marketplace=yes&flow=no,"<script src=""https://fareharbor.com/embeds/script/calendar/babyloncitytours-paris/items/129949/?asn=fhdn-eur&asn-ref=alloutdooradventures&ref=alloutdooradventures&bookable-only=yes&full-items=yes&marketplace=yes&flow=no""></script>",https://fareharbor.com/embeds/book/babyloncitytours-paris/items/129949/?asn=fhdn-eur&asn-ref=alloutdooradventures&ref=alloutdooradventures&bookable-only=yes&full-items=yes&marketplace=yes&flow=no,https://cdn.filestackcontent.com/WFtLxZERb23sknELQAgg
Babylon Tours Paris,babyloncitytours-paris,babylontoursinfo@gmail.com,0019179990380,France/Île-de-France/Paris,,,129951,Les Invalides Dome (w/ Tomb of Napoleon) Guided Tour - Private (ITALIAN),History Tour-Museum-Private-Walking Tour,1,69,352,https://fareharbor.com/embeds/calendar/babyloncitytours-paris/items/129951/?asn=fhdn-eur&asn-ref=alloutdooradventures&ref=alloutdooradventures&bookable-only=yes&full-items=yes&marketplace=yes&flow=no,"<script src=""https://fareharbor.com/embeds/script/calendar/babyloncitytours-paris/items/129951/?asn=fhdn-eur&asn-ref=alloutdooradventures&ref=alloutdooradventures&bookable-only=yes&full-items=yes&marketplace=yes&flow=no""></script>",https://fareharbor.com/embeds/book/babyloncitytours-paris/items/129951/?asn=fhdn-eur&asn-ref=alloutdooradventures&ref=alloutdooradventures&bookable-only=yes&full-items=yes&marketplace=yes&flow=no,https://cdn.filestackcontent.com/XqwBDMU3RXa4IXVwbKIe
HelpTourists,help-tourists-in-paris,denise@helptourists.com,+33756880495,France/Île-de-France/Paris,,,196030,4h Stadtführung Montmartre & Pariser Passagen: Ein malerischer Spaziergang durch das Paris von gestern und heute,Walking Tour,1,69,3960,https://fareharbor.com/embeds/calendar/help-tourists-in-paris/items/196030/?asn=fhdn-eur&asn-ref=alloutdooradventures&ref=alloutdooradventures&bookable-only=yes&full-items=yes&marketplace=yes&flow=no,"<script src=""https://fareharbor.com/embeds/script/calendar/help-tourists-in-paris/items/196030/?asn=fhdn-eur&asn-ref=alloutdooradventures&ref=alloutdooradventures&bookable-only=yes&full-items=yes&marketplace=yes&flow=no""></script>",https://fareharbor.com/embeds/book/help-tourists-in-paris/items/196030/?asn=fhdn-eur&asn-ref=alloutdooradventures&ref=alloutdooradventures&bookable-only=yes&full-items=yes&marketplace=yes&flow=no,https://cdn.filestackcontent.com/ZXShqPacSOCt8iv2XOHQ
Walkative!,freewalkingtour,info@walkative.eu,,France/Île-de-France/Paris,2.347122,48.852549,443181,Latin Quarter Walking Tour,Walking Tour,1,69,169,https://fareharbor.com/embeds/calendar/freewalkingtour/items/443181/?asn=fhdn-eur&asn-ref=alloutdooradventures&ref=alloutdooradventures&bookable-only=yes&full-items=yes&marketplace=yes&flow=no,"<script src=""https://fareharbor.com/embeds/script/calendar/freewalkingtour/items/443181/?asn=fhdn-eur&asn-ref=alloutdooradventures&ref=alloutdooradventures&bookable-only=yes&full-items=yes&marketplace=yes&flow=no""></script>",https://fareharbor.com/embeds/book/freewalkingtour/items/443181/?asn=fhdn-eur&asn-ref=alloutdooradventures&ref=alloutdooradventures&bookable-only=yes&full-items=yes&marketplace=yes&flow=no,https://cdn.filestackcontent.com/6KammXOLSW2wA7tswqbg
Reggae Tours Jamaica,reggaetourz,reservations@reggaetoursjamaica.com,1-732-334-0992,Jamaica/St. James Parish/Montego Bay,-77.922868,18.471381,461389,Sunset Catamaran Cruise,Boat Tour-Catamaran,3,69,0,https://fareharbor.com/embeds/calendar/reggaetourz/items/461389/?asn=fhdn&asn-ref=alloutdooradventures&ref=alloutdooradventures&bookable-only=yes&full-items=yes&marketplace=yes&flow=no,"<script src=""https://fareharbor.com/embeds/script/calendar/reggaetourz/items/461389/?asn=fhdn&asn-ref=alloutdooradventures&ref=alloutdooradventures&bookable-only=yes&full-items=yes&marketplace=yes&flow=no""></script>",https://fareharbor.com/embeds/book/reggaetourz/items/461389/?asn=fhdn&asn-ref=alloutdooradventures&ref=alloutdooradventures&bookable-only=yes&full-items=yes&marketplace=yes&flow=no,https://cdn.filestackcontent.com/rGkOlp6NTiWL42660i7c
Bonbon Tours,toursbonbon,toursbonbon@gmail.com,+33 7 67 74 2775,France/Île-de-France/Paris,2.394107,48.861502,540175,Père Lachaise's Cemetery Celebrities and Ghosts,Walking Tour,1,69,360,https://fareharbor.com/embeds/calendar/toursbonbon/items/540175/?asn=fhdn-eur&asn-ref=alloutdooradventures&ref=alloutdooradventures&bookable-only=yes&full-items=yes&marketplace=yes&flow=no,"<script src=""https://fareharbor.com/embeds/script/calendar/toursbonbon/items/540175/?asn=fhdn-eur&asn-ref=alloutdooradventures&ref=alloutdooradventures&bookable-only=yes&full-items=yes&marketplace=yes&flow=no""></script>",https://fareharbor.com/embeds/book/toursbonbon/items/540175/?asn=fhdn-eur&asn-ref=alloutdooradventures&ref=alloutdooradventures&bookable-only=yes&full-items=yes&marketplace=yes&flow=no,https://cdn.filestackcontent.com/KuDhblCxRA6u9itCO8gi
Bonbon Tours,toursbonbon,toursbonbon@gmail.com,+33 7 67 74 2775,France/Île-de-France/Paris,2.332945,48.883449,540176,Montmartre-Sacre Coeur Tour,Walking Tour,1,69,180,https://fareharbor.com/embeds/calendar/toursbonbon/items/540176/?asn=fhdn-eur&asn-ref=alloutdooradventures&ref=alloutdooradventures&bookable-only=yes&full-items=yes&marketplace=yes&flow=no,"<script src=""https://fareharbor.com/embeds/script/calendar/toursbonbon/items/540176/?asn=fhdn-eur&asn-ref=alloutdooradventures&ref=alloutdooradventures&bookable-only=yes&full-items=yes&marketplace=yes&flow=no""></script>",https://fareharbor.com/embeds/book/toursbonbon/items/540176/?asn=fhdn-eur&asn-ref=alloutdooradventures&ref=alloutdooradventures&bookable-only=yes&full-items=yes&marketplace=yes&flow=no,https://cdn.filestackcontent.com/Izwt9zYzRTyPv33jYEJs
Bonbon Tours,toursbonbon,toursbonbon@gmail.com,+33 7 67 74 2775,France/Île-de-France/Paris,2.360137,48.855344,540177,"Le Marais, Jewish and LGBT+ Tour",Walking Tour,1,69,360,https://fareharbor.com/embeds/calendar/toursbonbon/items/540177/?asn=fhdn-eur&asn-ref=alloutdooradventures&ref=alloutdooradventures&bookable-only=yes&full-items=yes&marketplace=yes&flow=no,"<script src=""https://fareharbor.com/embeds/script/calendar/toursbonbon/items/540177/?asn=fhdn-eur&asn-ref=alloutdooradventures&ref=alloutdooradventures&bookable-only=yes&full-items=yes&marketplace=yes&flow=no""></script>",https://fareharbor.com/embeds/book/toursbonbon/items/540177/?asn=fhdn-eur&asn-ref=alloutdooradventures&ref=alloutdooradventures&bookable-only=yes&full-items=yes&marketplace=yes&flow=no,https://cdn.filestackcontent.com/Rjbi61KzTf6j7QtaSTgq
Bonbon Tours,toursbonbon,toursbonbon@gmail.com,+33 7 67 74 2775,France/Île-de-France/Paris,2.347197,48.855262,540179,"Notre Dame, City Center of Paris Tour",Walking Tour,1,69,360,https://fareharbor.com/embeds/calendar/toursbonbon/items/540179/?asn=fhdn-eur&asn-ref=alloutdooradventures&ref=alloutdooradventures&bookable-only=yes&full-items=yes&marketplace=yes&flow=no,"<script src=""https://fareharbor.com/embeds/script/calendar/toursbonbon/items/540179/?asn=fhdn-eur&asn-ref=alloutdooradventures&ref=alloutdooradventures&bookable-only=yes&full-items=yes&marketplace=yes&flow=no""></script>",https://fareharbor.com/embeds/book/toursbonbon/items/540179/?asn=fhdn-eur&asn-ref=alloutdooradventures&ref=alloutdooradventures&bookable-only=yes&full-items=yes&marketplace=yes&flow=no,https://cdn.filestackcontent.com/6oG3I63AQrKuX2yExeBJ
Babylon Tours Paris,babyloncitytours-paris,babylontoursinfo@gmail.com,0019179990380,France/Île-de-France/Paris,,,129810,Louvre Museum Guided Tour - Private (GERMAN),City Tour-History Tour-Museum-Private-Walking Tour,1,68,340,https://fareharbor.com/embeds/calendar/babyloncitytours-paris/items/129810/?asn=fhdn-eur&asn-ref=alloutdooradventures&ref=alloutdooradventures&bookable-only=yes&full-items=yes&marketplace=yes&flow=no,"<script src=""https://fareharbor.com/embeds/script/calendar/babyloncitytours-paris/items/129810/?asn=fhdn-eur&asn-ref=alloutdooradventures&ref=alloutdooradventures&bookable-only=yes&full-items=yes&marketplace=yes&flow=no""></script>",https://fareharbor.com/embeds/book/babyloncitytours-paris/items/129810/?asn=fhdn-eur&asn-ref=alloutdooradventures&ref=alloutdooradventures&bookable-only=yes&full-items=yes&marketplace=yes&flow=no,https://cdn.filestackcontent.com/xgmp7thvQ9CiAj0Mipra
Babylon Tours Paris,babyloncitytours-paris,babylontoursinfo@gmail.com,0019179990380,France/Île-de-France/Paris,,,129811,Louvre Museum Guided Tour - Private (ITALIAN),City Tour-History Tour-Museum-Private-Walking Tour,1,68,339,https://fareharbor.com/embeds/calendar/babyloncitytours-paris/items/129811/?asn=fhdn-eur&asn-ref=alloutdooradventures&ref=alloutdooradventures&bookable-only=yes&full-items=yes&marketplace=yes&flow=no,"<script src=""https://fareharbor.com/embeds/script/calendar/babyloncitytours-paris/items/129811/?asn=fhdn-eur&asn-ref=alloutdooradventures&ref=alloutdooradventures&bookable-only=yes&full-items=yes&marketplace=yes&flow=no""></script>",https://fareharbor.com/embeds/book/babyloncitytours-paris/items/129811/?asn=fhdn-eur&asn-ref=alloutdooradventures&ref=alloutdooradventures&bookable-only=yes&full-items=yes&marketplace=yes&flow=no,https://cdn.filestackcontent.com/xgmp7thvQ9CiAj0Mipra
Babylon Tours Paris,babyloncitytours-paris,babylontoursinfo@gmail.com,0019179990380,France/Île-de-France/Paris,,,129848,The History of Paris - City Center Guided Walking Tour - Private (SPANISH),City Tour-History Tour-Private-Walking Tour,1,68,353,https://fareharbor.com/embeds/calendar/babyloncitytours-paris/items/129848/?asn=fhdn-eur&asn-ref=alloutdooradventures&ref=alloutdooradventures&bookable-only=yes&full-items=yes&marketplace=yes&flow=no,"<script src=""https://fareharbor.com/embeds/script/calendar/babyloncitytours-paris/items/129848/?asn=fhdn-eur&asn-ref=alloutdooradventures&ref=alloutdooradventures&bookable-only=yes&full-items=yes&marketplace=yes&flow=no""></script>",https://fareharbor.com/embeds/book/babyloncitytours-paris/items/129848/?asn=fhdn-eur&asn-ref=alloutdooradventures&ref=alloutdooradventures&bookable-only=yes&full-items=yes&marketplace=yes&flow=no,https://cdn.filestackcontent.com/LakFFtMmSzCQ3lSe2zrQ
Babylon Tours Paris,babyloncitytours-paris,babylontoursinfo@gmail.com,0019179990380,France/Île-de-France/Paris,,,129849,The History of Paris - City Center Guided Walking Tour - Private (GERMAN),City Tour-History Tour-Private-Walking Tour,1,68,353,https://fareharbor.com/embeds/calendar/babyloncitytours-paris/items/129849/?asn=fhdn-eur&asn-ref=alloutdooradventures&ref=alloutdooradventures&bookable-only=yes&full-items=yes&marketplace=yes&flow=no,"<script src=""https://fareharbor.com/embeds/script/calendar/babyloncitytours-paris/items/129849/?asn=fhdn-eur&asn-ref=alloutdooradventures&ref=alloutdooradventures&bookable-only=yes&full-items=yes&marketplace=yes&flow=no""></script>",https://fareharbor.com/embeds/book/babyloncitytours-paris/items/129849/?asn=fhdn-eur&asn-ref=alloutdooradventures&ref=alloutdooradventures&bookable-only=yes&full-items=yes&marketplace=yes&flow=no,https://cdn.filestackcontent.com/LakFFtMmSzCQ3lSe2zrQ
Babylon Tours Paris,babyloncitytours-paris,babylontoursinfo@gmail.com,0019179990380,France/Île-de-France/Paris,,,129850,The History of Paris - City Center Guided Walking Tour - Private (ITALIAN),City Tour-History Tour-Private-Walking Tour,1,68,354,https://fareharbor.com/embeds/calendar/babyloncitytours-paris/items/129850/?asn=fhdn-eur&asn-ref=alloutdooradventures&ref=alloutdooradventures&bookable-only=yes&full-items=yes&marketplace=yes&flow=no,"<script src=""https://fareharbor.com/embeds/script/calendar/babyloncitytours-paris/items/129850/?asn=fhdn-eur&asn-ref=alloutdooradventures&ref=alloutdooradventures&bookable-only=yes&full-items=yes&marketplace=yes&flow=no""></script>",https://fareharbor.com/embeds/book/babyloncitytours-paris/items/129850/?asn=fhdn-eur&asn-ref=alloutdooradventures&ref=alloutdooradventures&bookable-only=yes&full-items=yes&marketplace=yes&flow=no,https://cdn.filestackcontent.com/LakFFtMmSzCQ3lSe2zrQ
Babylon Tours Paris,babyloncitytours-paris,babylontoursinfo@gmail.com,0019179990380,France/Île-de-France/Paris,,,129859,Montmartre Guided Walking Tour - Private (FRENCH),City Tour-Photography Tour-Private-Walking Tour,1,68,354,https://fareharbor.com/embeds/calendar/babyloncitytours-paris/items/129859/?asn=fhdn-eur&asn-ref=alloutdooradventures&ref=alloutdooradventures&bookable-only=yes&full-items=yes&marketplace=yes&flow=no,"<script src=""https://fareharbor.com/embeds/script/calendar/babyloncitytours-paris/items/129859/?asn=fhdn-eur&asn-ref=alloutdooradventures&ref=alloutdooradventures&bookable-only=yes&full-items=yes&marketplace=yes&flow=no""></script>",https://fareharbor.com/embeds/book/babyloncitytours-paris/items/129859/?asn=fhdn-eur&asn-ref=alloutdooradventures&ref=alloutdooradventures&bookable-only=yes&full-items=yes&marketplace=yes&flow=no,https://cdn.filestackcontent.com/vy9nsev0SJCgp9KousRa
Babylon Tours Paris,babyloncitytours-paris,babylontoursinfo@gmail.com,0019179990380,France/Île-de-France/Paris,,,129860,Montmartre Guided Walking Tour - Private (SPANISH),City Tour-Photography Tour-Private-Walking Tour,1,68,354,https://fareharbor.com/embeds/calendar/babyloncitytours-paris/items/129860/?asn=fhdn-eur&asn-ref=alloutdooradventures&ref=alloutdooradventures&bookable-only=yes&full-items=yes&marketplace=yes&flow=no,"<script src=""https://fareharbor.com/embeds/script/calendar/babyloncitytours-paris/items/129860/?asn=fhdn-eur&asn-ref=alloutdooradventures&ref=alloutdooradventures&bookable-only=yes&full-items=yes&marketplace=yes&flow=no""></script>",https://fareharbor.com/embeds/book/babyloncitytours-paris/items/129860/?asn=fhdn-eur&asn-ref=alloutdooradventures&ref=alloutdooradventures&bookable-only=yes&full-items=yes&marketplace=yes&flow=no,https://cdn.filestackcontent.com/vy9nsev0SJCgp9KousRa
Babylon Tours Paris,babyloncitytours-paris,babylontoursinfo@gmail.com,0019179990380,France/Île-de-France/Paris,,,129861,Montmartre Guided Walking Tour - Private (GERMAN),City Tour-Photography Tour-Private-Walking Tour,1,68,354,https://fareharbor.com/embeds/calendar/babyloncitytours-paris/items/129861/?asn=fhdn-eur&asn-ref=alloutdooradventures&ref=alloutdooradventures&bookable-only=yes&full-items=yes&marketplace=yes&flow=no,"<script src=""https://fareharbor.com/embeds/script/calendar/babyloncitytours-paris/items/129861/?asn=fhdn-eur&asn-ref=alloutdooradventures&ref=alloutdooradventures&bookable-only=yes&full-items=yes&marketplace=yes&flow=no""></script>",https://fareharbor.com/embeds/book/babyloncitytours-paris/items/129861/?asn=fhdn-eur&asn-ref=alloutdooradventures&ref=alloutdooradventures&bookable-only=yes&full-items=yes&marketplace=yes&flow=no,https://cdn.filestackcontent.com/vy9nsev0SJCgp9KousRa
Babylon Tours Paris,babyloncitytours-paris,babylontoursinfo@gmail.com,0019179990380,France/Île-de-France/Paris,,,129862,Montmartre Guided Walking Tour - Private (ITALIAN),City Tour-Photography Tour-Private-Walking Tour,1,68,354,https://fareharbor.com/embeds/calendar/babyloncitytours-paris/items/129862/?asn=fhdn-eur&asn-ref=alloutdooradventures&ref=alloutdooradventures&bookable-only=yes&full-items=yes&marketplace=yes&flow=no,"<script src=""https://fareharbor.com/embeds/script/calendar/babyloncitytours-paris/items/129862/?asn=fhdn-eur&asn-ref=alloutdooradventures&ref=alloutdooradventures&bookable-only=yes&full-items=yes&marketplace=yes&flow=no""></script>",https://fareharbor.com/embeds/book/babyloncitytours-paris/items/129862/?asn=fhdn-eur&asn-ref=alloutdooradventures&ref=alloutdooradventures&bookable-only=yes&full-items=yes&marketplace=yes&flow=no,https://cdn.filestackcontent.com/vy9nsev0SJCgp9KousRa
Babylon Tours Paris,babyloncitytours-paris,babylontoursinfo@gmail.com,0019179990380,France/Île-de-France/Paris,,,129881,Combo: Orsay + Montmartre Museum Guided Tour - Private (FRENCH),City Tour-Museum-Private-Train-Transportation-Walking Tour,1,68,99,https://fareharbor.com/embeds/calendar/babyloncitytours-paris/items/129881/?asn=fhdn-eur&asn-ref=alloutdooradventures&ref=alloutdooradventures&bookable-only=yes&full-items=yes&marketplace=yes&flow=no,"<script src=""https://fareharbor.com/embeds/script/calendar/babyloncitytours-paris/items/129881/?asn=fhdn-eur&asn-ref=alloutdooradventures&ref=alloutdooradventures&bookable-only=yes&full-items=yes&marketplace=yes&flow=no""></script>",https://fareharbor.com/embeds/book/babyloncitytours-paris/items/129881/?asn=fhdn-eur&asn-ref=alloutdooradventures&ref=alloutdooradventures&bookable-only=yes&full-items=yes&marketplace=yes&flow=no,https://cdn.filestackcontent.com/Nhi3EpqSh6p1STrxKcba
Babylon Tours Paris,babyloncitytours-paris,babylontoursinfo@gmail.com,0019179990380,France/Île-de-France/Paris,,,129886,Combo: Orsay + Montmartre Museum Guided Tour - Private (SPANISH),City Tour-Museum-Private-Train-Transportation-Walking Tour,1,68,99,https://fareharbor.com/embeds/calendar/babyloncitytours-paris/items/129886/?asn=fhdn-eur&asn-ref=alloutdooradventures&ref=alloutdooradventures&bookable-only=yes&full-items=yes&marketplace=yes&flow=no,"<script src=""https://fareharbor.com/embeds/script/calendar/babyloncitytours-paris/items/129886/?asn=fhdn-eur&asn-ref=alloutdooradventures&ref=alloutdooradventures&bookable-only=yes&full-items=yes&marketplace=yes&flow=no""></script>",https://fareharbor.com/embeds/book/babyloncitytours-paris/items/129886/?asn=fhdn-eur&asn-ref=alloutdooradventures&ref=alloutdooradventures&bookable-only=yes&full-items=yes&marketplace=yes&flow=no,https://cdn.filestackcontent.com/Nhi3EpqSh6p1STrxKcba
Babylon Tours Paris,babyloncitytours-paris,babylontoursinfo@gmail.com,0019179990380,France/Île-de-France/Paris,,,129887,Combo: Orsay + Montmartre Museum Guided Tour - Private (GERMAN),City Tour-Museum-Private-Train-Transportation-Walking Tour,1,68,99,https://fareharbor.com/embeds/calendar/babyloncitytours-paris/items/129887/?asn=fhdn-eur&asn-ref=alloutdooradventures&ref=alloutdooradventures&bookable-only=yes&full-items=yes&marketplace=yes&flow=no,"<script src=""https://fareharbor.com/embeds/script/calendar/babyloncitytours-paris/items/129887/?asn=fhdn-eur&asn-ref=alloutdooradventures&ref=alloutdooradventures&bookable-only=yes&full-items=yes&marketplace=yes&flow=no""></script>",https://fareharbor.com/embeds/book/babyloncitytours-paris/items/129887/?asn=fhdn-eur&asn-ref=alloutdooradventures&ref=alloutdooradventures&bookable-only=yes&full-items=yes&marketplace=yes&flow=no,https://cdn.filestackcontent.com/Nhi3EpqSh6p1STrxKcba
Babylon Tours Paris,babyloncitytours-paris,babylontoursinfo@gmail.com,0019179990380,France/Île-de-France/Paris,,,129888,Combo: Orsay + Montmartre Museum Guided Tour - Private (ITALIAN),City Tour-Museum-Private-Train-Transportation-Walking Tour,1,68,99,https://fareharbor.com/embeds/calendar/babyloncitytours-paris/items/129888/?asn=fhdn-eur&asn-ref=alloutdooradventures&ref=alloutdooradventures&bookable-only=yes&full-items=yes&marketplace=yes&flow=no,"<script src=""https://fareharbor.com/embeds/script/calendar/babyloncitytours-paris/items/129888/?asn=fhdn-eur&asn-ref=alloutdooradventures&ref=alloutdooradventures&bookable-only=yes&full-items=yes&marketplace=yes&flow=no""></script>",https://fareharbor.com/embeds/book/babyloncitytours-paris/items/129888/?asn=fhdn-eur&asn-ref=alloutdooradventures&ref=alloutdooradventures&bookable-only=yes&full-items=yes&marketplace=yes&flow=no,https://cdn.filestackcontent.com/Nhi3EpqSh6p1STrxKcba
Babylon Tours Paris,babyloncitytours-paris,babylontoursinfo@gmail.com,0019179990380,France/Île-de-France/Paris,,,129889,Combo: Orsay + Montmartre Museum Guided Tour - Private (RUSSIAN),City Tour-Museum-Private-Train-Transportation-Walking Tour,1,68,99,https://fareharbor.com/embeds/calendar/babyloncitytours-paris/items/129889/?asn=fhdn-eur&asn-ref=alloutdooradventures&ref=alloutdooradventures&bookable-only=yes&full-items=yes&marketplace=yes&flow=no,"<script src=""https://fareharbor.com/embeds/script/calendar/babyloncitytours-paris/items/129889/?asn=fhdn-eur&asn-ref=alloutdooradventures&ref=alloutdooradventures&bookable-only=yes&full-items=yes&marketplace=yes&flow=no""></script>",https://fareharbor.com/embeds/book/babyloncitytours-paris/items/129889/?asn=fhdn-eur&asn-ref=alloutdooradventures&ref=alloutdooradventures&bookable-only=yes&full-items=yes&marketplace=yes&flow=no,https://cdn.filestackcontent.com/Nhi3EpqSh6p1STrxKcba
Babylon Tours Paris,babyloncitytours-paris,babylontoursinfo@gmail.com,0019179990380,France/Île-de-France/Paris,,,129908,Latin Quarter Guided Walking Tour - Private (FRENCH),Private-Walking Tour,1,68,353,https://fareharbor.com/embeds/calendar/babyloncitytours-paris/items/129908/?asn=fhdn-eur&asn-ref=alloutdooradventures&ref=alloutdooradventures&bookable-only=yes&full-items=yes&marketplace=yes&flow=no,"<script src=""https://fareharbor.com/embeds/script/calendar/babyloncitytours-paris/items/129908/?asn=fhdn-eur&asn-ref=alloutdooradventures&ref=alloutdooradventures&bookable-only=yes&full-items=yes&marketplace=yes&flow=no""></script>",https://fareharbor.com/embeds/book/babyloncitytours-paris/items/129908/?asn=fhdn-eur&asn-ref=alloutdooradventures&ref=alloutdooradventures&bookable-only=yes&full-items=yes&marketplace=yes&flow=no,https://cdn.filestackcontent.com/xtiR0zs9TCqFXbXmANQI
Babylon Tours Paris,babyloncitytours-paris,babylontoursinfo@gmail.com,0019179990380,France/Île-de-France/Paris,,,129909,Latin Quarter Guided Walking Tour - Private (SPANISH),Private-Walking Tour,1,68,353,https://fareharbor.com/embeds/calendar/babyloncitytours-paris/items/129909/?asn=fhdn-eur&asn-ref=alloutdooradventures&ref=alloutdooradventures&bookable-only=yes&full-items=yes&marketplace=yes&flow=no,"<script src=""https://fareharbor.com/embeds/script/calendar/babyloncitytours-paris/items/129909/?asn=fhdn-eur&asn-ref=alloutdooradventures&ref=alloutdooradventures&bookable-only=yes&full-items=yes&marketplace=yes&flow=no""></script>",https://fareharbor.com/embeds/book/babyloncitytours-paris/items/129909/?asn=fhdn-eur&asn-ref=alloutdooradventures&ref=alloutdooradventures&bookable-only=yes&full-items=yes&marketplace=yes&flow=no,https://cdn.filestackcontent.com/xtiR0zs9TCqFXbXmANQI
Babylon Tours Paris,babyloncitytours-paris,babylontoursinfo@gmail.com,0019179990380,France/Île-de-France/Paris,,,129910,Latin Quarter Guided Walking Tour - Private (GERMAN),Private-Walking Tour,1,68,353,https://fareharbor.com/embeds/calendar/babyloncitytours-paris/items/129910/?asn=fhdn-eur&asn-ref=alloutdooradventures&ref=alloutdooradventures&bookable-only=yes&full-items=yes&marketplace=yes&flow=no,"<script src=""https://fareharbor.com/embeds/script/calendar/babyloncitytours-paris/items/129910/?asn=fhdn-eur&asn-ref=alloutdooradventures&ref=alloutdooradventures&bookable-only=yes&full-items=yes&marketplace=yes&flow=no""></script>",https://fareharbor.com/embeds/book/babyloncitytours-paris/items/129910/?asn=fhdn-eur&asn-ref=alloutdooradventures&ref=alloutdooradventures&bookable-only=yes&full-items=yes&marketplace=yes&flow=no,https://cdn.filestackcontent.com/xtiR0zs9TCqFXbXmANQI
Babylon Tours Paris,babyloncitytours-paris,babylontoursinfo@gmail.com,0019179990380,France/Île-de-France/Paris,,,129911,Latin Quarter Guided Walking Tour - Private (ITALIAN),Private-Walking Tour,1,68,353,https://fareharbor.com/embeds/calendar/babyloncitytours-paris/items/129911/?asn=fhdn-eur&asn-ref=alloutdooradventures&ref=alloutdooradventures&bookable-only=yes&full-items=yes&marketplace=yes&flow=no,"<script src=""https://fareharbor.com/embeds/script/calendar/babyloncitytours-paris/items/129911/?asn=fhdn-eur&asn-ref=alloutdooradventures&ref=alloutdooradventures&bookable-only=yes&full-items=yes&marketplace=yes&flow=no""></script>",https://fareharbor.com/embeds/book/babyloncitytours-paris/items/129911/?asn=fhdn-eur&asn-ref=alloutdooradventures&ref=alloutdooradventures&bookable-only=yes&full-items=yes&marketplace=yes&flow=no,https://cdn.filestackcontent.com/xtiR0zs9TCqFXbXmANQI
Babylon Tours Paris,babyloncitytours-paris,babylontoursinfo@gmail.com,0019179990380,France/Île-de-France/Paris,,,129918,Le Marais District Guided Walking Tour - Private (FRENCH),City Tour-Walking Tour,1,68,353,https://fareharbor.com/embeds/calendar/babyloncitytours-paris/items/129918/?asn=fhdn-eur&asn-ref=alloutdooradventures&ref=alloutdooradventures&bookable-only=yes&full-items=yes&marketplace=yes&flow=no,"<script src=""https://fareharbor.com/embeds/script/calendar/babyloncitytours-paris/items/129918/?asn=fhdn-eur&asn-ref=alloutdooradventures&ref=alloutdooradventures&bookable-only=yes&full-items=yes&marketplace=yes&flow=no""></script>",https://fareharbor.com/embeds/book/babyloncitytours-paris/items/129918/?asn=fhdn-eur&asn-ref=alloutdooradventures&ref=alloutdooradventures&bookable-only=yes&full-items=yes&marketplace=yes&flow=no,https://cdn.filestackcontent.com/ZpFDUsZiTC4BYtpj8L48
Babylon Tours Paris,babyloncitytours-paris,babylontoursinfo@gmail.com,0019179990380,France/Île-de-France/Paris,,,129919,Le Marais District Guided Walking Tour - Private (SPANISH),City Tour-Walking Tour,1,68,353,https://fareharbor.com/embeds/calendar/babyloncitytours-paris/items/129919/?asn=fhdn-eur&asn-ref=alloutdooradventures&ref=alloutdooradventures&bookable-only=yes&full-items=yes&marketplace=yes&flow=no,"<script src=""https://fareharbor.com/embeds/script/calendar/babyloncitytours-paris/items/129919/?asn=fhdn-eur&asn-ref=alloutdooradventures&ref=alloutdooradventures&bookable-only=yes&full-items=yes&marketplace=yes&flow=no""></script>",https://fareharbor.com/embeds/book/babyloncitytours-paris/items/129919/?asn=fhdn-eur&asn-ref=alloutdooradventures&ref=alloutdooradventures&bookable-only=yes&full-items=yes&marketplace=yes&flow=no,https://cdn.filestackcontent.com/ZpFDUsZiTC4BYtpj8L48
Babylon Tours Paris,babyloncitytours-paris,babylontoursinfo@gmail.com,0019179990380,France/Île-de-France/Paris,,,129920,Le Marais District Guided Walking Tour - Private (GERMAN),City Tour-Walking Tour,1,68,353,https://fareharbor.com/embeds/calendar/babyloncitytours-paris/items/129920/?asn=fhdn-eur&asn-ref=alloutdooradventures&ref=alloutdooradventures&bookable-only=yes&full-items=yes&marketplace=yes&flow=no,"<script src=""https://fareharbor.com/embeds/script/calendar/babyloncitytours-paris/items/129920/?asn=fhdn-eur&asn-ref=alloutdooradventures&ref=alloutdooradventures&bookable-only=yes&full-items=yes&marketplace=yes&flow=no""></script>",https://fareharbor.com/embeds/book/babyloncitytours-paris/items/129920/?asn=fhdn-eur&asn-ref=alloutdooradventures&ref=alloutdooradventures&bookable-only=yes&full-items=yes&marketplace=yes&flow=no,https://cdn.filestackcontent.com/ZpFDUsZiTC4BYtpj8L48
Babylon Tours Paris,babyloncitytours-paris,babylontoursinfo@gmail.com,0019179990380,France/Île-de-France/Paris,,,129921,Le Marais District Guided Walking Tour - Private (ITALIAN),City Tour-Walking Tour,1,68,353,https://fareharbor.com/embeds/calendar/babyloncitytours-paris/items/129921/?asn=fhdn-eur&asn-ref=alloutdooradventures&ref=alloutdooradventures&bookable-only=yes&full-items=yes&marketplace=yes&flow=no,"<script src=""https://fareharbor.com/embeds/script/calendar/babyloncitytours-paris/items/129921/?asn=fhdn-eur&asn-ref=alloutdooradventures&ref=alloutdooradventures&bookable-only=yes&full-items=yes&marketplace=yes&flow=no""></script>",https://fareharbor.com/embeds/book/babyloncitytours-paris/items/129921/?asn=fhdn-eur&asn-ref=alloutdooradventures&ref=alloutdooradventures&bookable-only=yes&full-items=yes&marketplace=yes&flow=no,https://cdn.filestackcontent.com/ZpFDUsZiTC4BYtpj8L48
Babylon Tours Paris,babyloncitytours-paris,babylontoursinfo@gmail.com,0019179990380,France/Île-de-France/Paris,,,129922,Le Marais District Guided Walking Tour - Private (RUSSIAN),City Tour-Walking Tour,1,68,353,https://fareharbor.com/embeds/calendar/babyloncitytours-paris/items/129922/?asn=fhdn-eur&asn-ref=alloutdooradventures&ref=alloutdooradventures&bookable-only=yes&full-items=yes&marketplace=yes&flow=no,"<script src=""https://fareharbor.com/embeds/script/calendar/babyloncitytours-paris/items/129922/?asn=fhdn-eur&asn-ref=alloutdooradventures&ref=alloutdooradventures&bookable-only=yes&full-items=yes&marketplace=yes&flow=no""></script>",https://fareharbor.com/embeds/book/babyloncitytours-paris/items/129922/?asn=fhdn-eur&asn-ref=alloutdooradventures&ref=alloutdooradventures&bookable-only=yes&full-items=yes&marketplace=yes&flow=no,https://cdn.filestackcontent.com/ZpFDUsZiTC4BYtpj8L48
Babylon Tours Paris,babyloncitytours-paris,babylontoursinfo@gmail.com,0019179990380,France/Île-de-France/Paris,,,129939,Paris Rodin Museum Guided Tour - Private (SPANISH),Museum-Private-Walking Tour,1,68,250,https://fareharbor.com/embeds/calendar/babyloncitytours-paris/items/129939/?asn=fhdn-eur&asn-ref=alloutdooradventures&ref=alloutdooradventures&bookable-only=yes&full-items=yes&marketplace=yes&flow=no,"<script src=""https://fareharbor.com/embeds/script/calendar/babyloncitytours-paris/items/129939/?asn=fhdn-eur&asn-ref=alloutdooradventures&ref=alloutdooradventures&bookable-only=yes&full-items=yes&marketplace=yes&flow=no""></script>",https://fareharbor.com/embeds/book/babyloncitytours-paris/items/129939/?asn=fhdn-eur&asn-ref=alloutdooradventures&ref=alloutdooradventures&bookable-only=yes&full-items=yes&marketplace=yes&flow=no,https://cdn.filestackcontent.com/FRm6gZR7TCam8zxMBT3S
Babylon Tours Paris,babyloncitytours-paris,babylontoursinfo@gmail.com,0019179990380,France/Île-de-France/Paris,,,129940,Paris Rodin Museum Guided Tour - Private (GERMAN),Museum-Private-Walking Tour,1,68,250,https://fareharbor.com/embeds/calendar/babyloncitytours-paris/items/129940/?asn=fhdn-eur&asn-ref=alloutdooradventures&ref=alloutdooradventures&bookable-only=yes&full-items=yes&marketplace=yes&flow=no,"<script src=""https://fareharbor.com/embeds/script/calendar/babyloncitytours-paris/items/129940/?asn=fhdn-eur&asn-ref=alloutdooradventures&ref=alloutdooradventures&bookable-only=yes&full-items=yes&marketplace=yes&flow=no""></script>",https://fareharbor.com/embeds/book/babyloncitytours-paris/items/129940/?asn=fhdn-eur&asn-ref=alloutdooradventures&ref=alloutdooradventures&bookable-only=yes&full-items=yes&marketplace=yes&flow=no,https://cdn.filestackcontent.com/FRm6gZR7TCam8zxMBT3S
Babylon Tours Paris,babyloncitytours-paris,babylontoursinfo@gmail.com,0019179990380,France/Île-de-France/Paris,,,129941,Paris Rodin Museum Guided Tour - Private (ITALIAN),Museum-Private-Walking Tour,1,68,250,https://fareharbor.com/embeds/calendar/babyloncitytours-paris/items/129941/?asn=fhdn-eur&asn-ref=alloutdooradventures&ref=alloutdooradventures&bookable-only=yes&full-items=yes&marketplace=yes&flow=no,"<script src=""https://fareharbor.com/embeds/script/calendar/babyloncitytours-paris/items/129941/?asn=fhdn-eur&asn-ref=alloutdooradventures&ref=alloutdooradventures&bookable-only=yes&full-items=yes&marketplace=yes&flow=no""></script>",https://fareharbor.com/embeds/book/babyloncitytours-paris/items/129941/?asn=fhdn-eur&asn-ref=alloutdooradventures&ref=alloutdooradventures&bookable-only=yes&full-items=yes&marketplace=yes&flow=no,https://cdn.filestackcontent.com/FRm6gZR7TCam8zxMBT3S
HelpTourists,help-tourists-in-paris,denise@helptourists.com,+33756880495,France/Île-de-France/Paris,,,342681,Gruppentour Montmartre,Boat Tour,1,68,236,https://fareharbor.com/embeds/calendar/help-tourists-in-paris/items/342681/?asn=fhdn-eur&asn-ref=alloutdooradventures&ref=alloutdooradventures&bookable-only=yes&full-items=yes&marketplace=yes&flow=no,"<script src=""https://fareharbor.com/embeds/script/calendar/help-tourists-in-paris/items/342681/?asn=fhdn-eur&asn-ref=alloutdooradventures&ref=alloutdooradventures&bookable-only=yes&full-items=yes&marketplace=yes&flow=no""></script>",https://fareharbor.com/embeds/book/help-tourists-in-paris/items/342681/?asn=fhdn-eur&asn-ref=alloutdooradventures&ref=alloutdooradventures&bookable-only=yes&full-items=yes&marketplace=yes&flow=no,https://cdn.filestackcontent.com/hXAsb1gS9mBtpclgcQoe
Captain Splash Tubing & Tours Limited,captain-splash,Info@Splash876.com,1 (876) 238-2141,Jamaica/St. Ann Parish/Ocho Rios,,,367439,DEPOSITS,Boat Tour-Events-Rafting,4,68,1980,https://fareharbor.com/embeds/calendar/captain-splash/items/367439/?asn=fhdn&asn-ref=alloutdooradventures&ref=alloutdooradventures&bookable-only=yes&full-items=yes&marketplace=yes&flow=no,"<script src=""https://fareharbor.com/embeds/script/calendar/captain-splash/items/367439/?asn=fhdn&asn-ref=alloutdooradventures&ref=alloutdooradventures&bookable-only=yes&full-items=yes&marketplace=yes&flow=no""></script>",https://fareharbor.com/embeds/book/captain-splash/items/367439/?asn=fhdn&asn-ref=alloutdooradventures&ref=alloutdooradventures&bookable-only=yes&full-items=yes&marketplace=yes&flow=no,https://cdn.filestackcontent.com/fKqBZPoJSgKLj95bkaQz
Walkative!,freewalkingtour,info@walkative.eu,,France/Île-de-France/Paris,2.351377,48.857548,392712,Montmartre Tour,Walking Tour,1,68,380,https://fareharbor.com/embeds/calendar/freewalkingtour/items/392712/?asn=fhdn-eur&asn-ref=alloutdooradventures&ref=alloutdooradventures&bookable-only=yes&full-items=yes&marketplace=yes&flow=no,"<script src=""https://fareharbor.com/embeds/script/calendar/freewalkingtour/items/392712/?asn=fhdn-eur&asn-ref=alloutdooradventures&ref=alloutdooradventures&bookable-only=yes&full-items=yes&marketplace=yes&flow=no""></script>",https://fareharbor.com/embeds/book/freewalkingtour/items/392712/?asn=fhdn-eur&asn-ref=alloutdooradventures&ref=alloutdooradventures&bookable-only=yes&full-items=yes&marketplace=yes&flow=no,https://cdn.filestackcontent.com/gT2eIhASZ5UultsmlBgw
Bonbon Tours,toursbonbon,toursbonbon@gmail.com,+33 7 67 74 2775,France/Île-de-France/Paris,2.347197,48.855262,540180,Latin Quarter and left bank tour,Walking Tour,1,68,180,https://fareharbor.com/embeds/calendar/toursbonbon/items/540180/?asn=fhdn-eur&asn-ref=alloutdooradventures&ref=alloutdooradventures&bookable-only=yes&full-items=yes&marketplace=yes&flow=no,"<script src=""https://fareharbor.com/embeds/script/calendar/toursbonbon/items/540180/?asn=fhdn-eur&asn-ref=alloutdooradventures&ref=alloutdooradventures&bookable-only=yes&full-items=yes&marketplace=yes&flow=no""></script>",https://fareharbor.com/embeds/book/toursbonbon/items/540180/?asn=fhdn-eur&asn-ref=alloutdooradventures&ref=alloutdooradventures&bookable-only=yes&full-items=yes&marketplace=yes&flow=no,https://cdn.filestackcontent.com/Wr4TZQINTmWUYT3LWjNB
Captain Splash Tubing & Tours Limited,captain-splash,Info@Splash876.com,1 (876) 238-2141,Jamaica/St. Ann Parish/Ocho Rios,,,401130,Parasailing,Boat Tour-Parasail,4,67,2002,https://fareharbor.com/embeds/calendar/captain-splash/items/401130/?asn=fhdn&asn-ref=alloutdooradventures&ref=alloutdooradventures&bookable-only=yes&full-items=yes&marketplace=yes&flow=no,"<script src=""https://fareharbor.com/embeds/script/calendar/captain-splash/items/401130/?asn=fhdn&asn-ref=alloutdooradventures&ref=alloutdooradventures&bookable-only=yes&full-items=yes&marketplace=yes&flow=no""></script>",https://fareharbor.com/embeds/book/captain-splash/items/401130/?asn=fhdn&asn-ref=alloutdooradventures&ref=alloutdooradventures&bookable-only=yes&full-items=yes&marketplace=yes&flow=no,https://cdn.filestackcontent.com/U6avlxVDTzumBqQ2XfZa
Cool Blue Hole Jamaica,coolblueholejamaica,coolblueholeja@gmail.com,+1(876) 777-5226,Jamaica/St. Ann Parish/Ocho Rios,,,680913,Horseback Riding Tickets with Shuttle From Ocho Rios,Horse,1,67,1620,https://fareharbor.com/embeds/calendar/coolblueholejamaica/items/680913/?asn=fhdn&asn-ref=alloutdooradventures&ref=alloutdooradventures&bookable-only=yes&full-items=yes&marketplace=yes&flow=no,"<script src=""https://fareharbor.com/embeds/script/calendar/coolblueholejamaica/items/680913/?asn=fhdn&asn-ref=alloutdooradventures&ref=alloutdooradventures&bookable-only=yes&full-items=yes&marketplace=yes&flow=no""></script>",https://fareharbor.com/embeds/book/coolblueholejamaica/items/680913/?asn=fhdn&asn-ref=alloutdooradventures&ref=alloutdooradventures&bookable-only=yes&full-items=yes&marketplace=yes&flow=no,https://cdn.filestackcontent.com/DOv73PQQ5Kmk06KfeIWa
Cool Blue Hole Jamaica,coolblueholejamaica,coolblueholeja@gmail.com,+1(876) 777-5226,Jamaica/St. Ann Parish/Ocho Rios,,,680925,Blue Hole and Bamboo Rafting with Shuttle,Rafting,1,67,1620,https://fareharbor.com/embeds/calendar/coolblueholejamaica/items/680925/?asn=fhdn&asn-ref=alloutdooradventures&ref=alloutdooradventures&bookable-only=yes&full-items=yes&marketplace=yes&flow=no,"<script src=""https://fareharbor.com/embeds/script/calendar/coolblueholejamaica/items/680925/?asn=fhdn&asn-ref=alloutdooradventures&ref=alloutdooradventures&bookable-only=yes&full-items=yes&marketplace=yes&flow=no""></script>",https://fareharbor.com/embeds/book/coolblueholejamaica/items/680925/?asn=fhdn&asn-ref=alloutdooradventures&ref=alloutdooradventures&bookable-only=yes&full-items=yes&marketplace=yes&flow=no,https://cdn.filestackcontent.com/38fdsmeFR8a1rbrNo8te
Cool Blue Hole Jamaica,coolblueholejamaica,coolblueholeja@gmail.com,+1(876) 777-5226,Jamaica/St. Ann Parish/Ocho Rios,,,681207,Blue Hole River Rafting Combo,Rafting,1,67,180,https://fareharbor.com/embeds/calendar/coolblueholejamaica/items/681207/?asn=fhdn&asn-ref=alloutdooradventures&ref=alloutdooradventures&bookable-only=yes&full-items=yes&marketplace=yes&flow=no,"<script src=""https://fareharbor.com/embeds/script/calendar/coolblueholejamaica/items/681207/?asn=fhdn&asn-ref=alloutdooradventures&ref=alloutdooradventures&bookable-only=yes&full-items=yes&marketplace=yes&flow=no""></script>",https://fareharbor.com/embeds/book/coolblueholejamaica/items/681207/?asn=fhdn&asn-ref=alloutdooradventures&ref=alloutdooradventures&bookable-only=yes&full-items=yes&marketplace=yes&flow=no,https://cdn.filestackcontent.com/2STA9cnlT4OXSZkBNx5v
Captain Splash Tubing & Tours Limited,captain-splash,Info@Splash876.com,1 (876) 238-2141,Jamaica/St. Ann Parish/Ocho Rios,,,365932,Jet Car Experience,Boat Tour-Dolphin-Food Tour-Marina-Photography Tour-Rafting-Water Activities,3,66,1800,https://fareharbor.com/embeds/calendar/captain-splash/items/365932/?asn=fhdn&asn-ref=alloutdooradventures&ref=alloutdooradventures&bookable-only=yes&full-items=yes&marketplace=yes&flow=no,"<script src=""https://fareharbor.com/embeds/script/calendar/captain-splash/items/365932/?asn=fhdn&asn-ref=alloutdooradventures&ref=alloutdooradventures&bookable-only=yes&full-items=yes&marketplace=yes&flow=no""></script>",https://fareharbor.com/embeds/book/captain-splash/items/365932/?asn=fhdn&asn-ref=alloutdooradventures&ref=alloutdooradventures&bookable-only=yes&full-items=yes&marketplace=yes&flow=no,https://cdn.filestackcontent.com/CZ3Y1d9SS5SY2LaBMhAa
Cool Blue Hole Jamaica,coolblueholejamaica,coolblueholeja@gmail.com,+1(876) 777-5226,Jamaica/St. Ann Parish/Ocho Rios,,,680945,Horse Back Ocean Ride | River Tubing | Luminous Lagoon with Shuttle,Horse,1,66,180,https://fareharbor.com/embeds/calendar/coolblueholejamaica/items/680945/?asn=fhdn&asn-ref=alloutdooradventures&ref=alloutdooradventures&bookable-only=yes&full-items=yes&marketplace=yes&flow=no,"<script src=""https://fareharbor.com/embeds/script/calendar/coolblueholejamaica/items/680945/?asn=fhdn&asn-ref=alloutdooradventures&ref=alloutdooradventures&bookable-only=yes&full-items=yes&marketplace=yes&flow=no""></script>",https://fareharbor.com/embeds/book/coolblueholejamaica/items/680945/?asn=fhdn&asn-ref=alloutdooradventures&ref=alloutdooradventures&bookable-only=yes&full-items=yes&marketplace=yes&flow=no,https://cdn.filestackcontent.com/TOni2ynuTo62hGhPyvOZ
Cool Blue Hole Jamaica,coolblueholejamaica,coolblueholeja@gmail.com,+1(876) 777-5226,Jamaica/St. Ann Parish/Ocho Rios,,,681134,"Dunn's River Falls Party Cruise, Blue Hole with Snorkeling, Free Beverages",Snorkel,1,66,180,https://fareharbor.com/embeds/calendar/coolblueholejamaica/items/681134/?asn=fhdn&asn-ref=alloutdooradventures&ref=alloutdooradventures&bookable-only=yes&full-items=yes&marketplace=yes&flow=no,"<script src=""https://fareharbor.com/embeds/script/calendar/coolblueholejamaica/items/681134/?asn=fhdn&asn-ref=alloutdooradventures&ref=alloutdooradventures&bookable-only=yes&full-items=yes&marketplace=yes&flow=no""></script>",https://fareharbor.com/embeds/book/coolblueholejamaica/items/681134/?asn=fhdn&asn-ref=alloutdooradventures&ref=alloutdooradventures&bookable-only=yes&full-items=yes&marketplace=yes&flow=no,https://cdn.filestackcontent.com/qhOtGZNgSnSArC34mF0H
Cool Blue Hole Jamaica,coolblueholejamaica,coolblueholeja@gmail.com,+1(876) 777-5226,Jamaica/St. Ann Parish/Ocho Rios,,,681165,Blue Hole | Horse Back,Horse,1,66,360,https://fareharbor.com/embeds/calendar/coolblueholejamaica/items/681165/?asn=fhdn&asn-ref=alloutdooradventures&ref=alloutdooradventures&bookable-only=yes&full-items=yes&marketplace=yes&flow=no,"<script src=""https://fareharbor.com/embeds/script/calendar/coolblueholejamaica/items/681165/?asn=fhdn&asn-ref=alloutdooradventures&ref=alloutdooradventures&bookable-only=yes&full-items=yes&marketplace=yes&flow=no""></script>",https://fareharbor.com/embeds/book/coolblueholejamaica/items/681165/?asn=fhdn&asn-ref=alloutdooradventures&ref=alloutdooradventures&bookable-only=yes&full-items=yes&marketplace=yes&flow=no,https://cdn.filestackcontent.com/9ZfIqJnpQpeuNTD3AMHp
Cool Blue Hole Jamaica,coolblueholejamaica,coolblueholeja@gmail.com,+1(876) 777-5226,Jamaica/St. Ann Parish/Ocho Rios,,,681173,Bamboo Rafting and Horseback Riding,Rafting,1,66,180,https://fareharbor.com/embeds/calendar/coolblueholejamaica/items/681173/?asn=fhdn&asn-ref=alloutdooradventures&ref=alloutdooradventures&bookable-only=yes&full-items=yes&marketplace=yes&flow=no,"<script src=""https://fareharbor.com/embeds/script/calendar/coolblueholejamaica/items/681173/?asn=fhdn&asn-ref=alloutdooradventures&ref=alloutdooradventures&bookable-only=yes&full-items=yes&marketplace=yes&flow=no""></script>",https://fareharbor.com/embeds/book/coolblueholejamaica/items/681173/?asn=fhdn&asn-ref=alloutdooradventures&ref=alloutdooradventures&bookable-only=yes&full-items=yes&marketplace=yes&flow=no,https://cdn.filestackcontent.com/k2Dyq1q6TjGd56eT7v7O
Cool Blue Hole Jamaica,coolblueholejamaica,coolblueholeja@gmail.com,+1(876) 777-5226,Jamaica/St. Ann Parish/Ocho Rios,,,681192,Blue Hole | Tubing | Horse Back,Horse,1,66,180,https://fareharbor.com/embeds/calendar/coolblueholejamaica/items/681192/?asn=fhdn&asn-ref=alloutdooradventures&ref=alloutdooradventures&bookable-only=yes&full-items=yes&marketplace=yes&flow=no,"<script src=""https://fareharbor.com/embeds/script/calendar/coolblueholejamaica/items/681192/?asn=fhdn&asn-ref=alloutdooradventures&ref=alloutdooradventures&bookable-only=yes&full-items=yes&marketplace=yes&flow=no""></script>",https://fareharbor.com/embeds/book/coolblueholejamaica/items/681192/?asn=fhdn&asn-ref=alloutdooradventures&ref=alloutdooradventures&bookable-only=yes&full-items=yes&marketplace=yes&flow=no,https://cdn.filestackcontent.com/V8Gs9blIReOHpBwmAmj1
Cool Blue Hole Jamaica,coolblueholejamaica,coolblueholeja@gmail.com,+1(876) 777-5226,Jamaica/St. Ann Parish/Ocho Rios,,,681199,Dunn's River | Bamboo Rafting,Rafting,1,66,180,https://fareharbor.com/embeds/calendar/coolblueholejamaica/items/681199/?asn=fhdn&asn-ref=alloutdooradventures&ref=alloutdooradventures&bookable-only=yes&full-items=yes&marketplace=yes&flow=no,"<script src=""https://fareharbor.com/embeds/script/calendar/coolblueholejamaica/items/681199/?asn=fhdn&asn-ref=alloutdooradventures&ref=alloutdooradventures&bookable-only=yes&full-items=yes&marketplace=yes&flow=no""></script>",https://fareharbor.com/embeds/book/coolblueholejamaica/items/681199/?asn=fhdn&asn-ref=alloutdooradventures&ref=alloutdooradventures&bookable-only=yes&full-items=yes&marketplace=yes&flow=no,https://cdn.filestackcontent.com/VV0VmYESkKZbPDdh6NgE
Island Paradise Tours,islandparadisetours,skislandparadisetours@gmail.com,646-305-6584,Saint Kitts and Nevis/Saint George Basseterre Parish/Basseterre,,,694493,Cruise and Snorkel Extravaganza,Snorkel,4,66,180,https://fareharbor.com/embeds/calendar/islandparadisetours/items/694493/?asn=fhdn&asn-ref=alloutdooradventures&ref=alloutdooradventures&bookable-only=yes&full-items=yes&marketplace=yes&flow=no,"<script src=""https://fareharbor.com/embeds/script/calendar/islandparadisetours/items/694493/?asn=fhdn&asn-ref=alloutdooradventures&ref=alloutdooradventures&bookable-only=yes&full-items=yes&marketplace=yes&flow=no""></script>",https://fareharbor.com/embeds/book/islandparadisetours/items/694493/?asn=fhdn&asn-ref=alloutdooradventures&ref=alloutdooradventures&bookable-only=yes&full-items=yes&marketplace=yes&flow=no,https://cdn.filestackcontent.com/x70qwgGrQHa2CnpmKyHi
Babylon Tours Paris,babyloncitytours-paris,babylontoursinfo@gmail.com,0019179990380,France/Île-de-France/Paris,,,129950,Les Invalides Dome (w/ Tomb of Napoleon) Guided Tour - Private (GERMAN),History Tour-Museum-Private-Walking Tour,0,65,352,https://fareharbor.com/embeds/calendar/babyloncitytours-paris/items/129950/?asn=fhdn-eur&asn-ref=alloutdooradventures&ref=alloutdooradventures&bookable-only=yes&full-items=yes&marketplace=yes&flow=no,"<script src=""https://fareharbor.com/embeds/script/calendar/babyloncitytours-paris/items/129950/?asn=fhdn-eur&asn-ref=alloutdooradventures&ref=alloutdooradventures&bookable-only=yes&full-items=yes&marketplace=yes&flow=no""></script>",https://fareharbor.com/embeds/book/babyloncitytours-paris/items/129950/?asn=fhdn-eur&asn-ref=alloutdooradventures&ref=alloutdooradventures&bookable-only=yes&full-items=yes&marketplace=yes&flow=no,https://cdn.filestackcontent.com/8F1JjN6dQESNpTUvmb5I
Babylon Tours Paris,babyloncitytours-paris,babylontoursinfo@gmail.com,0019179990380,France/Île-de-France/Paris,,,129846,The History of Paris - City Center Guided Walking Tour - Private (FRENCH),City Tour-History Tour-Private-Walking Tour,1,63,353,https://fareharbor.com/embeds/calendar/babyloncitytours-paris/items/129846/?asn=fhdn-eur&asn-ref=alloutdooradventures&ref=alloutdooradventures&bookable-only=yes&full-items=yes&marketplace=yes&flow=no,"<script src=""https://fareharbor.com/embeds/script/calendar/babyloncitytours-paris/items/129846/?asn=fhdn-eur&asn-ref=alloutdooradventures&ref=alloutdooradventures&bookable-only=yes&full-items=yes&marketplace=yes&flow=no""></script>",https://fareharbor.com/embeds/book/babyloncitytours-paris/items/129846/?asn=fhdn-eur&asn-ref=alloutdooradventures&ref=alloutdooradventures&bookable-only=yes&full-items=yes&marketplace=yes&flow=no,https://cdn.filestackcontent.com/LakFFtMmSzCQ3lSe2zrQ
Toursen,toursen,info@toursen.com,+39 351 857 8428,France/Île-de-France/Paris,2.293565,48.860385,633727,PARIS: Crucero por el río Sena,Boat Tour,1,62,4732,https://fareharbor.com/embeds/calendar/toursen/items/633727/?asn=fhdn-eur&asn-ref=alloutdooradventures&ref=alloutdooradventures&bookable-only=yes&full-items=yes&marketplace=yes&flow=no,"<script src=""https://fareharbor.com/embeds/script/calendar/toursen/items/633727/?asn=fhdn-eur&asn-ref=alloutdooradventures&ref=alloutdooradventures&bookable-only=yes&full-items=yes&marketplace=yes&flow=no""></script>",https://fareharbor.com/embeds/book/toursen/items/633727/?asn=fhdn-eur&asn-ref=alloutdooradventures&ref=alloutdooradventures&bookable-only=yes&full-items=yes&marketplace=yes&flow=no,https://cdn.filestackcontent.com/ptdqb81XTqePDq3nSesK
Universal Tour Guide,universal-tourguide,bookingparis@utg-experience.com,+33 184606720,France/Île-de-France/Montreuil,2.435225,48.87359,386258,Eiffel Tower Morning Tour & Seine River Cruise,Boat Tour-Guided Tour-Sightseeing Tour,2,61,234,https://fareharbor.com/embeds/calendar/universal-tourguide/items/386258/?asn=fhdn-eur&asn-ref=alloutdooradventures&ref=alloutdooradventures&bookable-only=yes&full-items=yes&marketplace=yes&flow=no,"<script src=""https://fareharbor.com/embeds/script/calendar/universal-tourguide/items/386258/?asn=fhdn-eur&asn-ref=alloutdooradventures&ref=alloutdooradventures&bookable-only=yes&full-items=yes&marketplace=yes&flow=no""></script>",https://fareharbor.com/embeds/book/universal-tourguide/items/386258/?asn=fhdn-eur&asn-ref=alloutdooradventures&ref=alloutdooradventures&bookable-only=yes&full-items=yes&marketplace=yes&flow=no,https://cdn.filestackcontent.com/82X4OitvS1CXz9sO5NLu
CNewYork,cnewyork,visites@cnewyork.net,,United States/New York/New York,,,226572,Sud historique,Walking Tour,8,60,49,https://fareharbor.com/embeds/calendar/cnewyork/items/226572/?asn=fhdn-eur&asn-ref=alloutdooradventures&ref=alloutdooradventures&bookable-only=yes&full-items=yes&marketplace=yes&flow=no,"<script src=""https://fareharbor.com/embeds/script/calendar/cnewyork/items/226572/?asn=fhdn-eur&asn-ref=alloutdooradventures&ref=alloutdooradventures&bookable-only=yes&full-items=yes&marketplace=yes&flow=no""></script>",https://fareharbor.com/embeds/book/cnewyork/items/226572/?asn=fhdn-eur&asn-ref=alloutdooradventures&ref=alloutdooradventures&bookable-only=yes&full-items=yes&marketplace=yes&flow=no,https://cdn.filestackcontent.com/Olm1SlydS7ietW2q8YIH
Universal Tour Guide,universal-tourguide,bookingparis@utg-experience.com,+33 184606720,France/Île-de-France/Paris,2.299125,48.85869,386829,Best of Paris in 1 Day,Boat Tour-Guided Tour,7,60,1191,https://fareharbor.com/embeds/calendar/universal-tourguide/items/386829/?asn=fhdn-eur&asn-ref=alloutdooradventures&ref=alloutdooradventures&bookable-only=yes&full-items=yes&marketplace=yes&flow=no,"<script src=""https://fareharbor.com/embeds/script/calendar/universal-tourguide/items/386829/?asn=fhdn-eur&asn-ref=alloutdooradventures&ref=alloutdooradventures&bookable-only=yes&full-items=yes&marketplace=yes&flow=no""></script>",https://fareharbor.com/embeds/book/universal-tourguide/items/386829/?asn=fhdn-eur&asn-ref=alloutdooradventures&ref=alloutdooradventures&bookable-only=yes&full-items=yes&marketplace=yes&flow=no,https://cdn.filestackcontent.com/SFXulUxSh622tLcNVEyQ
CNewYork,cnewyork,visites@cnewyork.net,,United States/New York/New York,,,409018,"Times Square, Rockefeller et Midtown",Walking Tour,6,60,80,https://fareharbor.com/embeds/calendar/cnewyork/items/409018/?asn=fhdn-eur&asn-ref=alloutdooradventures&ref=alloutdooradventures&bookable-only=yes&full-items=yes&marketplace=yes&flow=no,"<script src=""https://fareharbor.com/embeds/script/calendar/cnewyork/items/409018/?asn=fhdn-eur&asn-ref=alloutdooradventures&ref=alloutdooradventures&bookable-only=yes&full-items=yes&marketplace=yes&flow=no""></script>",https://fareharbor.com/embeds/book/cnewyork/items/409018/?asn=fhdn-eur&asn-ref=alloutdooradventures&ref=alloutdooradventures&bookable-only=yes&full-items=yes&marketplace=yes&flow=no,https://cdn.filestackcontent.com/o1DjksYwQma3nIa6jgcy
Babylon Tours Paris,babyloncitytours-paris,babylontoursinfo@gmail.com,0019179990380,France/Île-de-France/Paris,,,553275,Monumental Paris Walking Tour & Personal Boat Cruise - Semi-Private,Boat Rental-Boat Tour-Guided Tour-Private-Walking Tour,0,60,0,https://fareharbor.com/embeds/calendar/babyloncitytours-paris/items/553275/?asn=fhdn-eur&asn-ref=alloutdooradventures&ref=alloutdooradventures&bookable-only=yes&full-items=yes&marketplace=yes&flow=no,"<script src=""https://fareharbor.com/embeds/script/calendar/babyloncitytours-paris/items/553275/?asn=fhdn-eur&asn-ref=alloutdooradventures&ref=alloutdooradventures&bookable-only=yes&full-items=yes&marketplace=yes&flow=no""></script>",https://fareharbor.com/embeds/book/babyloncitytours-paris/items/553275/?asn=fhdn-eur&asn-ref=alloutdooradventures&ref=alloutdooradventures&bookable-only=yes&full-items=yes&marketplace=yes&flow=no,https://cdn.filestackcontent.com/07O4WaezQiuH151Tw1yV
HelpTourists,help-tourists-in-paris,denise@helptourists.com,+33756880495,France/Île-de-France/Paris,,,196045,Halbtägige Stadtführung durch Paris,Walking Tour,1,59,3960,https://fareharbor.com/embeds/calendar/help-tourists-in-paris/items/196045/?asn=fhdn-eur&asn-ref=alloutdooradventures&ref=alloutdooradventures&bookable-only=yes&full-items=yes&marketplace=yes&flow=no,"<script src=""https://fareharbor.com/embeds/script/calendar/help-tourists-in-paris/items/196045/?asn=fhdn-eur&asn-ref=alloutdooradventures&ref=alloutdooradventures&bookable-only=yes&full-items=yes&marketplace=yes&flow=no""></script>",https://fareharbor.com/embeds/book/help-tourists-in-paris/items/196045/?asn=fhdn-eur&asn-ref=alloutdooradventures&ref=alloutdooradventures&bookable-only=yes&full-items=yes&marketplace=yes&flow=no,https://cdn.filestackcontent.com/F1qECn1STyCnfmoxqrMz
HelpTourists,help-tourists-in-paris,denise@helptourists.com,+33756880495,France/Île-de-France/Paris,,,196068,Ganztägige Stadtführung durch Paris,Walking Tour,1,59,3960,https://fareharbor.com/embeds/calendar/help-tourists-in-paris/items/196068/?asn=fhdn-eur&asn-ref=alloutdooradventures&ref=alloutdooradventures&bookable-only=yes&full-items=yes&marketplace=yes&flow=no,"<script src=""https://fareharbor.com/embeds/script/calendar/help-tourists-in-paris/items/196068/?asn=fhdn-eur&asn-ref=alloutdooradventures&ref=alloutdooradventures&bookable-only=yes&full-items=yes&marketplace=yes&flow=no""></script>",https://fareharbor.com/embeds/book/help-tourists-in-paris/items/196068/?asn=fhdn-eur&asn-ref=alloutdooradventures&ref=alloutdooradventures&bookable-only=yes&full-items=yes&marketplace=yes&flow=no,https://cdn.filestackcontent.com/yguc4XpuTq2mFHPtdjKy
Captain Splash Tubing & Tours Limited,captain-splash,Info@Splash876.com,1 (876) 238-2141,Jamaica/St. Ann Parish/Ocho Rios,,,359545,Horseback Riding Trail & Sea,Fishing-Food Tour-Horse-Transportation,1,59,1440,https://fareharbor.com/embeds/calendar/captain-splash/items/359545/?asn=fhdn&asn-ref=alloutdooradventures&ref=alloutdooradventures&bookable-only=yes&full-items=yes&marketplace=yes&flow=no,"<script src=""https://fareharbor.com/embeds/script/calendar/captain-splash/items/359545/?asn=fhdn&asn-ref=alloutdooradventures&ref=alloutdooradventures&bookable-only=yes&full-items=yes&marketplace=yes&flow=no""></script>",https://fareharbor.com/embeds/book/captain-splash/items/359545/?asn=fhdn&asn-ref=alloutdooradventures&ref=alloutdooradventures&bookable-only=yes&full-items=yes&marketplace=yes&flow=no,https://cdn.filestackcontent.com/Prc2Tzl5RVeqnuph3ttP
Captain Splash Tubing & Tours Limited,captain-splash,Info@Splash876.com,1 (876) 238-2141,Jamaica/St. Ann Parish/Ocho Rios,,,400323,Laughing Waters,Boat Tour-Climbing-Dolphin-Wellness-Food Tour-Marina-Private-Transportation-Water Activities,1,59,360,https://fareharbor.com/embeds/calendar/captain-splash/items/400323/?asn=fhdn&asn-ref=alloutdooradventures&ref=alloutdooradventures&bookable-only=yes&full-items=yes&marketplace=yes&flow=no,"<script src=""https://fareharbor.com/embeds/script/calendar/captain-splash/items/400323/?asn=fhdn&asn-ref=alloutdooradventures&ref=alloutdooradventures&bookable-only=yes&full-items=yes&marketplace=yes&flow=no""></script>",https://fareharbor.com/embeds/book/captain-splash/items/400323/?asn=fhdn&asn-ref=alloutdooradventures&ref=alloutdooradventures&bookable-only=yes&full-items=yes&marketplace=yes&flow=no,https://cdn.filestackcontent.com/yyYRlkVKQFeMgkh2HLtg
Bonbon Tours,toursbonbon,toursbonbon@gmail.com,+33 7 67 74 2775,France/Île-de-France/Paris,,,540181,"Private Paris tour By Minivan, private guide",Walking Tour,1,59,540,https://fareharbor.com/embeds/calendar/toursbonbon/items/540181/?asn=fhdn-eur&asn-ref=alloutdooradventures&ref=alloutdooradventures&bookable-only=yes&full-items=yes&marketplace=yes&flow=no,"<script src=""https://fareharbor.com/embeds/script/calendar/toursbonbon/items/540181/?asn=fhdn-eur&asn-ref=alloutdooradventures&ref=alloutdooradventures&bookable-only=yes&full-items=yes&marketplace=yes&flow=no""></script>",https://fareharbor.com/embeds/book/toursbonbon/items/540181/?asn=fhdn-eur&asn-ref=alloutdooradventures&ref=alloutdooradventures&bookable-only=yes&full-items=yes&marketplace=yes&flow=no,https://cdn.filestackcontent.com/HjqMG3DKThe3H4E05DAu
CNewYork,cnewyork,visites@cnewyork.net,,United States/New York/New York,,,226628,"Groupe Greenwich, SoHo, Little Italy et Chinatown",Walking Tour,5,58,73,https://fareharbor.com/embeds/calendar/cnewyork/items/226628/?asn=fhdn-eur&asn-ref=alloutdooradventures&ref=alloutdooradventures&bookable-only=yes&full-items=yes&marketplace=yes&flow=no,"<script src=""https://fareharbor.com/embeds/script/calendar/cnewyork/items/226628/?asn=fhdn-eur&asn-ref=alloutdooradventures&ref=alloutdooradventures&bookable-only=yes&full-items=yes&marketplace=yes&flow=no""></script>",https://fareharbor.com/embeds/book/cnewyork/items/226628/?asn=fhdn-eur&asn-ref=alloutdooradventures&ref=alloutdooradventures&bookable-only=yes&full-items=yes&marketplace=yes&flow=no,https://cdn.filestackcontent.com/LNP4gSlmQHuPYVbysSgY
Universal Tour Guide,universal-tourguide,bookingparis@utg-experience.com,+33 184606720,France/Normandie/Le Mont-Saint-Michel,-1.511244,48.636104,387424,2H Guided Walking tour of the Mont Saint Michel,Guided Tour-Walking Tour,1,58,1436,https://fareharbor.com/embeds/calendar/universal-tourguide/items/387424/?asn=fhdn-eur&asn-ref=alloutdooradventures&ref=alloutdooradventures&bookable-only=yes&full-items=yes&marketplace=yes&flow=no,"<script src=""https://fareharbor.com/embeds/script/calendar/universal-tourguide/items/387424/?asn=fhdn-eur&asn-ref=alloutdooradventures&ref=alloutdooradventures&bookable-only=yes&full-items=yes&marketplace=yes&flow=no""></script>",https://fareharbor.com/embeds/book/universal-tourguide/items/387424/?asn=fhdn-eur&asn-ref=alloutdooradventures&ref=alloutdooradventures&bookable-only=yes&full-items=yes&marketplace=yes&flow=no,https://cdn.filestackcontent.com/sIQpdIAaSSirtuhXNTRZ
Universal Tour Guide,universal-tourguide,bookingparis@utg-experience.com,+33 184606720,France/Occitanie/Lourdes,-0.055456,43.096457,502033,Lourdes : Guided Walking Tour in the Sanctuary,Guided Tour-History Tour-Walking Tour,1,58,916,https://fareharbor.com/embeds/calendar/universal-tourguide/items/502033/?asn=fhdn-eur&asn-ref=alloutdooradventures&ref=alloutdooradventures&bookable-only=yes&full-items=yes&marketplace=yes&flow=no,"<script src=""https://fareharbor.com/embeds/script/calendar/universal-tourguide/items/502033/?asn=fhdn-eur&asn-ref=alloutdooradventures&ref=alloutdooradventures&bookable-only=yes&full-items=yes&marketplace=yes&flow=no""></script>",https://fareharbor.com/embeds/book/universal-tourguide/items/502033/?asn=fhdn-eur&asn-ref=alloutdooradventures&ref=alloutdooradventures&bookable-only=yes&full-items=yes&marketplace=yes&flow=no,https://cdn.filestackcontent.com/RJUiNcVnTeuZAfkNlKS2
Universal Tour Guide,universal-tourguide,bookingparis@utg-experience.com,+33 184606720,France/Île-de-France/Montreuil,,,387446,Mont Saint Michel France Private Tour,Guided Tour-Private-Walking Tour,4,57,0,https://fareharbor.com/embeds/calendar/universal-tourguide/items/387446/?asn=fhdn-eur&asn-ref=alloutdooradventures&ref=alloutdooradventures&bookable-only=yes&full-items=yes&marketplace=yes&flow=no,"<script src=""https://fareharbor.com/embeds/script/calendar/universal-tourguide/items/387446/?asn=fhdn-eur&asn-ref=alloutdooradventures&ref=alloutdooradventures&bookable-only=yes&full-items=yes&marketplace=yes&flow=no""></script>",https://fareharbor.com/embeds/book/universal-tourguide/items/387446/?asn=fhdn-eur&asn-ref=alloutdooradventures&ref=alloutdooradventures&bookable-only=yes&full-items=yes&marketplace=yes&flow=no,https://cdn.filestackcontent.com/lO7YEL1aRmCzPMXUqAYH
CNewYork,cnewyork,visites@cnewyork.net,,United States/New York/New York,,,415574,Groupe Vélo à Central Park,Walking Tour,7,57,75,https://fareharbor.com/embeds/calendar/cnewyork/items/415574/?asn=fhdn-eur&asn-ref=alloutdooradventures&ref=alloutdooradventures&bookable-only=yes&full-items=yes&marketplace=yes&flow=no,"<script src=""https://fareharbor.com/embeds/script/calendar/cnewyork/items/415574/?asn=fhdn-eur&asn-ref=alloutdooradventures&ref=alloutdooradventures&bookable-only=yes&full-items=yes&marketplace=yes&flow=no""></script>",https://fareharbor.com/embeds/book/cnewyork/items/415574/?asn=fhdn-eur&asn-ref=alloutdooradventures&ref=alloutdooradventures&bookable-only=yes&full-items=yes&marketplace=yes&flow=no,https://cdn.filestackcontent.com/U6mCJBynSkilPcBfSoSD
Captain Splash Tubing & Tours Limited,captain-splash,Info@Splash876.com,1 (876) 238-2141,Jamaica/St. Ann Parish/Ocho Rios,,,203301,Shallow Trolling Fishing,Boat Tour-Fishing-Food Tour-Marina-Private,9,55,0,https://fareharbor.com/embeds/calendar/captain-splash/items/203301/?asn=fhdn&asn-ref=alloutdooradventures&ref=alloutdooradventures&bookable-only=yes&full-items=yes&marketplace=yes&flow=no,"<script src=""https://fareharbor.com/embeds/script/calendar/captain-splash/items/203301/?asn=fhdn&asn-ref=alloutdooradventures&ref=alloutdooradventures&bookable-only=yes&full-items=yes&marketplace=yes&flow=no""></script>",https://fareharbor.com/embeds/book/captain-splash/items/203301/?asn=fhdn&asn-ref=alloutdooradventures&ref=alloutdooradventures&bookable-only=yes&full-items=yes&marketplace=yes&flow=no,https://cdn.filestackcontent.com/C5XZffJTs6VxQKVJADrn
CNewYork,cnewyork,visites@cnewyork.net,,United States/New York/New York,,,263355,Street art Manhattan dans Lower East Side,Walking Tour,8,55,0,https://fareharbor.com/embeds/calendar/cnewyork/items/263355/?asn=fhdn-eur&asn-ref=alloutdooradventures&ref=alloutdooradventures&bookable-only=yes&full-items=yes&marketplace=yes&flow=no,"<script src=""https://fareharbor.com/embeds/script/calendar/cnewyork/items/263355/?asn=fhdn-eur&asn-ref=alloutdooradventures&ref=alloutdooradventures&bookable-only=yes&full-items=yes&marketplace=yes&flow=no""></script>",https://fareharbor.com/embeds/book/cnewyork/items/263355/?asn=fhdn-eur&asn-ref=alloutdooradventures&ref=alloutdooradventures&bookable-only=yes&full-items=yes&marketplace=yes&flow=no,https://cdn.filestackcontent.com/RnXKDCTRSFy7yObJfXZa
Scott's Transport & Tours JA,scotttransportandtours,Scottdorrel@gmail.com,1 (876) 878-7156,Jamaica/St. James Parish/Montego Bay,,,481429,Fancy Scott --- Luxury Private Yacht Cruise,Boat Rental-Boat Tour-Guided Tour-Private,13,55,360,https://fareharbor.com/embeds/calendar/scotttransportandtours/items/481429/?asn=fhdn&asn-ref=alloutdooradventures&ref=alloutdooradventures&bookable-only=yes&full-items=yes&marketplace=yes&flow=no,"<script src=""https://fareharbor.com/embeds/script/calendar/scotttransportandtours/items/481429/?asn=fhdn&asn-ref=alloutdooradventures&ref=alloutdooradventures&bookable-only=yes&full-items=yes&marketplace=yes&flow=no""></script>",https://fareharbor.com/embeds/book/scotttransportandtours/items/481429/?asn=fhdn&asn-ref=alloutdooradventures&ref=alloutdooradventures&bookable-only=yes&full-items=yes&marketplace=yes&flow=no,https://cdn.filestackcontent.com/9ZAPqk7RqikpvClV2NUQ
Scott's Transport & Tours JA,scotttransportandtours,Scottdorrel@gmail.com,1 (876) 878-7156,Jamaica/St. James Parish/Montego Bay,,,481431,Scott’s Party Kat #1 — Private Catamaran Cruise,Boat Rental-Boat Tour-Catamaran-Guided Tour-Private,12,55,720,https://fareharbor.com/embeds/calendar/scotttransportandtours/items/481431/?asn=fhdn&asn-ref=alloutdooradventures&ref=alloutdooradventures&bookable-only=yes&full-items=yes&marketplace=yes&flow=no,"<script src=""https://fareharbor.com/embeds/script/calendar/scotttransportandtours/items/481431/?asn=fhdn&asn-ref=alloutdooradventures&ref=alloutdooradventures&bookable-only=yes&full-items=yes&marketplace=yes&flow=no""></script>",https://fareharbor.com/embeds/book/scotttransportandtours/items/481431/?asn=fhdn&asn-ref=alloutdooradventures&ref=alloutdooradventures&bookable-only=yes&full-items=yes&marketplace=yes&flow=no,https://cdn.filestackcontent.com/9HTF57btR9ylj2KEds5D
Scott's Transport & Tours JA,scotttransportandtours,Scottdorrel@gmail.com,1 (876) 878-7156,Jamaica/St. James Parish/Montego Bay,,,481440,Catamaran/Party Boat,Boat Tour-Catamaran,5,55,360,https://fareharbor.com/embeds/calendar/scotttransportandtours/items/481440/?asn=fhdn&asn-ref=alloutdooradventures&ref=alloutdooradventures&bookable-only=yes&full-items=yes&marketplace=yes&flow=no,"<script src=""https://fareharbor.com/embeds/script/calendar/scotttransportandtours/items/481440/?asn=fhdn&asn-ref=alloutdooradventures&ref=alloutdooradventures&bookable-only=yes&full-items=yes&marketplace=yes&flow=no""></script>",https://fareharbor.com/embeds/book/scotttransportandtours/items/481440/?asn=fhdn&asn-ref=alloutdooradventures&ref=alloutdooradventures&bookable-only=yes&full-items=yes&marketplace=yes&flow=no,https://cdn.filestackcontent.com/ebwsZxbTy4p3ayAyJEgg
CNewYork,cnewyork,visites@cnewyork.net,,United States/New York/Brooklyn,,,512692,Brooklyn insolite à vélo,Walking Tour,11,55,77,https://fareharbor.com/embeds/calendar/cnewyork/items/512692/?asn=fhdn-eur&asn-ref=alloutdooradventures&ref=alloutdooradventures&bookable-only=yes&full-items=yes&marketplace=yes&flow=no,"<script src=""https://fareharbor.com/embeds/script/calendar/cnewyork/items/512692/?asn=fhdn-eur&asn-ref=alloutdooradventures&ref=alloutdooradventures&bookable-only=yes&full-items=yes&marketplace=yes&flow=no""></script>",https://fareharbor.com/embeds/book/cnewyork/items/512692/?asn=fhdn-eur&asn-ref=alloutdooradventures&ref=alloutdooradventures&bookable-only=yes&full-items=yes&marketplace=yes&flow=no,https://cdn.filestackcontent.com/sZgLiDJzQXOUPjO2f2OD
Scott's Transport & Tours JA,scotttransportandtours,Scottdorrel@gmail.com,1 (876) 878-7156,Jamaica/St. James Parish/Montego Bay,,,544203,River Tubing and Blue Hole Experience,Boat Tour-River Tube,9,55,1800,https://fareharbor.com/embeds/calendar/scotttransportandtours/items/544203/?asn=fhdn&asn-ref=alloutdooradventures&ref=alloutdooradventures&bookable-only=yes&full-items=yes&marketplace=yes&flow=no,"<script src=""https://fareharbor.com/embeds/script/calendar/scotttransportandtours/items/544203/?asn=fhdn&asn-ref=alloutdooradventures&ref=alloutdooradventures&bookable-only=yes&full-items=yes&marketplace=yes&flow=no""></script>",https://fareharbor.com/embeds/book/scotttransportandtours/items/544203/?asn=fhdn&asn-ref=alloutdooradventures&ref=alloutdooradventures&bookable-only=yes&full-items=yes&marketplace=yes&flow=no,https://cdn.filestackcontent.com/biHLDxriTNOJmv0mhNes
Scott's Transport & Tours JA,scotttransportandtours,Scottdorrel@gmail.com,1 (876) 878-7156,Jamaica/St. James Parish/Montego Bay,,,544362,Catamaran Party Cruise & Dunn's River Falls,Boat Tour-Catamaran,5,55,1080,https://fareharbor.com/embeds/calendar/scotttransportandtours/items/544362/?asn=fhdn&asn-ref=alloutdooradventures&ref=alloutdooradventures&bookable-only=yes&full-items=yes&marketplace=yes&flow=no,"<script src=""https://fareharbor.com/embeds/script/calendar/scotttransportandtours/items/544362/?asn=fhdn&asn-ref=alloutdooradventures&ref=alloutdooradventures&bookable-only=yes&full-items=yes&marketplace=yes&flow=no""></script>",https://fareharbor.com/embeds/book/scotttransportandtours/items/544362/?asn=fhdn&asn-ref=alloutdooradventures&ref=alloutdooradventures&bookable-only=yes&full-items=yes&marketplace=yes&flow=no,https://cdn.filestackcontent.com/eMbm3O7sTTuaZxTC7GvX
Scott's Transport & Tours JA,scotttransportandtours,Scottdorrel@gmail.com,1 (876) 878-7156,Jamaica/St. James Parish/Montego Bay,,,546502,Scott's Party Kat #2 --- Private Rental,Boat Tour-Private,14,55,360,https://fareharbor.com/embeds/calendar/scotttransportandtours/items/546502/?asn=fhdn&asn-ref=alloutdooradventures&ref=alloutdooradventures&bookable-only=yes&full-items=yes&marketplace=yes&flow=no,"<script src=""https://fareharbor.com/embeds/script/calendar/scotttransportandtours/items/546502/?asn=fhdn&asn-ref=alloutdooradventures&ref=alloutdooradventures&bookable-only=yes&full-items=yes&marketplace=yes&flow=no""></script>",https://fareharbor.com/embeds/book/scotttransportandtours/items/546502/?asn=fhdn&asn-ref=alloutdooradventures&ref=alloutdooradventures&bookable-only=yes&full-items=yes&marketplace=yes&flow=no,https://cdn.filestackcontent.com/nb5keiWQKrRkznDr1J9A
Scott's Transport & Tours JA,scotttransportandtours,Scottdorrel@gmail.com,1 (876) 878-7156,Jamaica/St. James Parish/Montego Bay,,,481430,Scott’s Flex - Private Yatch,Boat Rental-Boat Tour-Private,10,54,360,https://fareharbor.com/embeds/calendar/scotttransportandtours/items/481430/?asn=fhdn&asn-ref=alloutdooradventures&ref=alloutdooradventures&bookable-only=yes&full-items=yes&marketplace=yes&flow=no,"<script src=""https://fareharbor.com/embeds/script/calendar/scotttransportandtours/items/481430/?asn=fhdn&asn-ref=alloutdooradventures&ref=alloutdooradventures&bookable-only=yes&full-items=yes&marketplace=yes&flow=no""></script>",https://fareharbor.com/embeds/book/scotttransportandtours/items/481430/?asn=fhdn&asn-ref=alloutdooradventures&ref=alloutdooradventures&bookable-only=yes&full-items=yes&marketplace=yes&flow=no,https://cdn.filestackcontent.com/CrogcPYCSzOJbzxlKKuZ
Scott's Transport & Tours JA,scotttransportandtours,Scottdorrel@gmail.com,1 (876) 878-7156,Jamaica/St. James Parish/Montego Bay,,,544140,"ATV, Bamboo Rafting, Seven Mile Beach & Rick’s Cafe",ATV/UTV-Guided Tour-Rafting-Water Activities,5,54,1980,https://fareharbor.com/embeds/calendar/scotttransportandtours/items/544140/?asn=fhdn&asn-ref=alloutdooradventures&ref=alloutdooradventures&bookable-only=yes&full-items=yes&marketplace=yes&flow=no,"<script src=""https://fareharbor.com/embeds/script/calendar/scotttransportandtours/items/544140/?asn=fhdn&asn-ref=alloutdooradventures&ref=alloutdooradventures&bookable-only=yes&full-items=yes&marketplace=yes&flow=no""></script>",https://fareharbor.com/embeds/book/scotttransportandtours/items/544140/?asn=fhdn&asn-ref=alloutdooradventures&ref=alloutdooradventures&bookable-only=yes&full-items=yes&marketplace=yes&flow=no,https://cdn.filestackcontent.com/q1qYWMaTGyfPb8d9oem8
Can You Handle It? Tours,cyhitours,cyhit.tours@gmail.com,491721700022,France/Île-de-France/Paris,,,633545,Rude Bastards Tour of Paris,Walking Tour,1,54,219,https://fareharbor.com/embeds/calendar/cyhitours/items/633545/?asn=fhdn-eur&asn-ref=alloutdooradventures&ref=alloutdooradventures&bookable-only=yes&full-items=yes&marketplace=yes&flow=no,"<script src=""https://fareharbor.com/embeds/script/calendar/cyhitours/items/633545/?asn=fhdn-eur&asn-ref=alloutdooradventures&ref=alloutdooradventures&bookable-only=yes&full-items=yes&marketplace=yes&flow=no""></script>",https://fareharbor.com/embeds/book/cyhitours/items/633545/?asn=fhdn-eur&asn-ref=alloutdooradventures&ref=alloutdooradventures&bookable-only=yes&full-items=yes&marketplace=yes&flow=no,https://cdn.filestackcontent.com/4ZArUjXQqeks0kvI3ZUm
CNewYork,cnewyork,visites@cnewyork.net,,United States/New York/New York,,,226574,Sud Manhattan privé,Walking Tour,6,53,107,https://fareharbor.com/embeds/calendar/cnewyork/items/226574/?asn=fhdn-eur&asn-ref=alloutdooradventures&ref=alloutdooradventures&bookable-only=yes&full-items=yes&marketplace=yes&flow=no,"<script src=""https://fareharbor.com/embeds/script/calendar/cnewyork/items/226574/?asn=fhdn-eur&asn-ref=alloutdooradventures&ref=alloutdooradventures&bookable-only=yes&full-items=yes&marketplace=yes&flow=no""></script>",https://fareharbor.com/embeds/book/cnewyork/items/226574/?asn=fhdn-eur&asn-ref=alloutdooradventures&ref=alloutdooradventures&bookable-only=yes&full-items=yes&marketplace=yes&flow=no,https://cdn.filestackcontent.com/S6DOo7mbThe04OX3O3y0
CNewYork,cnewyork,visites@cnewyork.net,,United States/New York/New York,-73.977229,40.752726,226629,Enquête mystère à Grand Central,Walking Tour,9,53,53,https://fareharbor.com/embeds/calendar/cnewyork/items/226629/?asn=fhdn-eur&asn-ref=alloutdooradventures&ref=alloutdooradventures&bookable-only=yes&full-items=yes&marketplace=yes&flow=no,"<script src=""https://fareharbor.com/embeds/script/calendar/cnewyork/items/226629/?asn=fhdn-eur&asn-ref=alloutdooradventures&ref=alloutdooradventures&bookable-only=yes&full-items=yes&marketplace=yes&flow=no""></script>",https://fareharbor.com/embeds/book/cnewyork/items/226629/?asn=fhdn-eur&asn-ref=alloutdooradventures&ref=alloutdooradventures&bookable-only=yes&full-items=yes&marketplace=yes&flow=no,https://cdn.filestackcontent.com/Y6kCu4hkQOLa2W6R66Gs
HelpTourists,help-tourists-in-paris,denise@helptourists.com,+33756880495,France/Île-de-France/Paris,,,228731,Virtuelle Stadtführung durch Montmartre,Walking Tour,2,53,25,https://fareharbor.com/embeds/calendar/help-tourists-in-paris/items/228731/?asn=fhdn-eur&asn-ref=alloutdooradventures&ref=alloutdooradventures&bookable-only=yes&full-items=yes&marketplace=yes&flow=no,"<script src=""https://fareharbor.com/embeds/script/calendar/help-tourists-in-paris/items/228731/?asn=fhdn-eur&asn-ref=alloutdooradventures&ref=alloutdooradventures&bookable-only=yes&full-items=yes&marketplace=yes&flow=no""></script>",https://fareharbor.com/embeds/book/help-tourists-in-paris/items/228731/?asn=fhdn-eur&asn-ref=alloutdooradventures&ref=alloutdooradventures&bookable-only=yes&full-items=yes&marketplace=yes&flow=no,https://cdn.filestackcontent.com/Y6iXLeYxQQSug5MpLzYI
Captain Splash Tubing & Tours Limited,captain-splash,Info@Splash876.com,1 (876) 238-2141,Jamaica/St. Ann Parish/Ocho Rios,,,203256,Valentine’s Day Cruise 2026,Attraction-ATV/UTV-Boat Rental-Boat Tour-Catamaran-City Tour-Dinner Boat-Dolphin-Events-Food Tour-Jet Ski Rental-Kayak-Marina-Parasail-Pop Up Attraction-Rafting-River Tube-Scuba-Sightseeing Tour-Snorkel-Transportation-Water Activities,7,52,0,https://fareharbor.com/embeds/calendar/captain-splash/items/203256/?asn=fhdn&asn-ref=alloutdooradventures&ref=alloutdooradventures&bookable-only=yes&full-items=yes&marketplace=yes&flow=no,"<script src=""https://fareharbor.com/embeds/script/calendar/captain-splash/items/203256/?asn=fhdn&asn-ref=alloutdooradventures&ref=alloutdooradventures&bookable-only=yes&full-items=yes&marketplace=yes&flow=no""></script>",https://fareharbor.com/embeds/book/captain-splash/items/203256/?asn=fhdn&asn-ref=alloutdooradventures&ref=alloutdooradventures&bookable-only=yes&full-items=yes&marketplace=yes&flow=no,https://cdn.filestackcontent.com/6PhenEzcQH8Fd8FY0FPz
Scott's Transport & Tours JA,scotttransportandtours,Scottdorrel@gmail.com,1 (876) 878-7156,Jamaica/St. James Parish/Montego Bay,,,542663,"Bamboo Rafting With Limestone Foot Massage -- Lethe Rafting, Great River",Wellness-Guided Tour-Rafting,7,52,2700,https://fareharbor.com/embeds/calendar/scotttransportandtours/items/542663/?asn=fhdn&asn-ref=alloutdooradventures&ref=alloutdooradventures&bookable-only=yes&full-items=yes&marketplace=yes&flow=no,"<script src=""https://fareharbor.com/embeds/script/calendar/scotttransportandtours/items/542663/?asn=fhdn&asn-ref=alloutdooradventures&ref=alloutdooradventures&bookable-only=yes&full-items=yes&marketplace=yes&flow=no""></script>",https://fareharbor.com/embeds/book/scotttransportandtours/items/542663/?asn=fhdn&asn-ref=alloutdooradventures&ref=alloutdooradventures&bookable-only=yes&full-items=yes&marketplace=yes&flow=no,https://cdn.filestackcontent.com/noRgB9ScQmOWmiNFaVHS
Universal Tour Guide,universal-tourguide,bookingparis@utg-experience.com,+33 184606720,France/Île-de-France/Montreuil,,,387473,Giverny: Monet’s House & Gardens Skip-the-line Walking tour,Guided Tour-Walking Tour,2,51,556,https://fareharbor.com/embeds/calendar/universal-tourguide/items/387473/?asn=fhdn-eur&asn-ref=alloutdooradventures&ref=alloutdooradventures&bookable-only=yes&full-items=yes&marketplace=yes&flow=no,"<script src=""https://fareharbor.com/embeds/script/calendar/universal-tourguide/items/387473/?asn=fhdn-eur&asn-ref=alloutdooradventures&ref=alloutdooradventures&bookable-only=yes&full-items=yes&marketplace=yes&flow=no""></script>",https://fareharbor.com/embeds/book/universal-tourguide/items/387473/?asn=fhdn-eur&asn-ref=alloutdooradventures&ref=alloutdooradventures&bookable-only=yes&full-items=yes&marketplace=yes&flow=no,https://cdn.filestackcontent.com/waaSZeNARFqwJabbBJeC
CNewYork,cnewyork,visites@cnewyork.net,,United States/New York/New York,,,402012,Chasse au trésor à Central Park,Walking Tour,5,51,0,https://fareharbor.com/embeds/calendar/cnewyork/items/402012/?asn=fhdn-eur&asn-ref=alloutdooradventures&ref=alloutdooradventures&bookable-only=yes&full-items=yes&marketplace=yes&flow=no,"<script src=""https://fareharbor.com/embeds/script/calendar/cnewyork/items/402012/?asn=fhdn-eur&asn-ref=alloutdooradventures&ref=alloutdooradventures&bookable-only=yes&full-items=yes&marketplace=yes&flow=no""></script>",https://fareharbor.com/embeds/book/cnewyork/items/402012/?asn=fhdn-eur&asn-ref=alloutdooradventures&ref=alloutdooradventures&bookable-only=yes&full-items=yes&marketplace=yes&flow=no,https://cdn.filestackcontent.com/pqcv7K6kTliHLMiY9tya
Scott's Transport & Tours JA,scotttransportandtours,Scottdorrel@gmail.com,1 (876) 878-7156,Jamaica/St. James Parish/Montego Bay,,,480389,Ocho Rios Ultra 4Play,ATV/UTV-Rafting,6,51,900,https://fareharbor.com/embeds/calendar/scotttransportandtours/items/480389/?asn=fhdn&asn-ref=alloutdooradventures&ref=alloutdooradventures&bookable-only=yes&full-items=yes&marketplace=yes&flow=no,"<script src=""https://fareharbor.com/embeds/script/calendar/scotttransportandtours/items/480389/?asn=fhdn&asn-ref=alloutdooradventures&ref=alloutdooradventures&bookable-only=yes&full-items=yes&marketplace=yes&flow=no""></script>",https://fareharbor.com/embeds/book/scotttransportandtours/items/480389/?asn=fhdn&asn-ref=alloutdooradventures&ref=alloutdooradventures&bookable-only=yes&full-items=yes&marketplace=yes&flow=no,https://cdn.filestackcontent.com/VkGW3J3fRgG8J3G7dlea
CNewYork,cnewyork,visites@cnewyork.net,,United States/New York/New York,,,356918,Harlem Nord (S) et Gospel,Walking Tour,5,50,20,https://fareharbor.com/embeds/calendar/cnewyork/items/356918/?asn=fhdn-eur&asn-ref=alloutdooradventures&ref=alloutdooradventures&bookable-only=yes&full-items=yes&marketplace=yes&flow=no,"<script src=""https://fareharbor.com/embeds/script/calendar/cnewyork/items/356918/?asn=fhdn-eur&asn-ref=alloutdooradventures&ref=alloutdooradventures&bookable-only=yes&full-items=yes&marketplace=yes&flow=no""></script>",https://fareharbor.com/embeds/book/cnewyork/items/356918/?asn=fhdn-eur&asn-ref=alloutdooradventures&ref=alloutdooradventures&bookable-only=yes&full-items=yes&marketplace=yes&flow=no,https://cdn.filestackcontent.com/uxRKpZWSLSRDmlbkjPW6
Babylon Tours Paris,babyloncitytours-paris,babylontoursinfo@gmail.com,0019179990380,France/Île-de-France/Paris,,,129871,Combo: Paris City Center + Louvre Museum Guided Tour - Private (FRENCH),City Tour-History Tour-Museum-Private-Transportation-Walking Tour,1,49,0,https://fareharbor.com/embeds/calendar/babyloncitytours-paris/items/129871/?asn=fhdn-eur&asn-ref=alloutdooradventures&ref=alloutdooradventures&bookable-only=yes&full-items=yes&marketplace=yes&flow=no,"<script src=""https://fareharbor.com/embeds/script/calendar/babyloncitytours-paris/items/129871/?asn=fhdn-eur&asn-ref=alloutdooradventures&ref=alloutdooradventures&bookable-only=yes&full-items=yes&marketplace=yes&flow=no""></script>",https://fareharbor.com/embeds/book/babyloncitytours-paris/items/129871/?asn=fhdn-eur&asn-ref=alloutdooradventures&ref=alloutdooradventures&bookable-only=yes&full-items=yes&marketplace=yes&flow=no,https://cdn.filestackcontent.com/q7imZRuTRWyQo94wemSq
Babylon Tours Paris,babyloncitytours-paris,babylontoursinfo@gmail.com,0019179990380,France/Île-de-France/Paris,,,129872,Combo: Paris City Center + Louvre Museum Guided Tour - Private (SPANISH),City Tour-History Tour-Museum-Private-Transportation-Walking Tour,1,49,0,https://fareharbor.com/embeds/calendar/babyloncitytours-paris/items/129872/?asn=fhdn-eur&asn-ref=alloutdooradventures&ref=alloutdooradventures&bookable-only=yes&full-items=yes&marketplace=yes&flow=no,"<script src=""https://fareharbor.com/embeds/script/calendar/babyloncitytours-paris/items/129872/?asn=fhdn-eur&asn-ref=alloutdooradventures&ref=alloutdooradventures&bookable-only=yes&full-items=yes&marketplace=yes&flow=no""></script>",https://fareharbor.com/embeds/book/babyloncitytours-paris/items/129872/?asn=fhdn-eur&asn-ref=alloutdooradventures&ref=alloutdooradventures&bookable-only=yes&full-items=yes&marketplace=yes&flow=no,https://cdn.filestackcontent.com/q7imZRuTRWyQo94wemSq
Babylon Tours Paris,babyloncitytours-paris,babylontoursinfo@gmail.com,0019179990380,France/Île-de-France/Paris,,,129873,Combo: Paris City Center + Louvre Museum Guided Tour - Private (GERMAN),City Tour-History Tour-Museum-Private-Transportation-Walking Tour,1,49,0,https://fareharbor.com/embeds/calendar/babyloncitytours-paris/items/129873/?asn=fhdn-eur&asn-ref=alloutdooradventures&ref=alloutdooradventures&bookable-only=yes&full-items=yes&marketplace=yes&flow=no,"<script src=""https://fareharbor.com/embeds/script/calendar/babyloncitytours-paris/items/129873/?asn=fhdn-eur&asn-ref=alloutdooradventures&ref=alloutdooradventures&bookable-only=yes&full-items=yes&marketplace=yes&flow=no""></script>",https://fareharbor.com/embeds/book/babyloncitytours-paris/items/129873/?asn=fhdn-eur&asn-ref=alloutdooradventures&ref=alloutdooradventures&bookable-only=yes&full-items=yes&marketplace=yes&flow=no,https://cdn.filestackcontent.com/q7imZRuTRWyQo94wemSq
Babylon Tours Paris,babyloncitytours-paris,babylontoursinfo@gmail.com,0019179990380,France/Île-de-France/Paris,,,129874,Combo: Paris City Center + Louvre Museum Guided Tour - Private (ITALIAN),City Tour-History Tour-Museum-Private-Transportation-Walking Tour,1,49,0,https://fareharbor.com/embeds/calendar/babyloncitytours-paris/items/129874/?asn=fhdn-eur&asn-ref=alloutdooradventures&ref=alloutdooradventures&bookable-only=yes&full-items=yes&marketplace=yes&flow=no,"<script src=""https://fareharbor.com/embeds/script/calendar/babyloncitytours-paris/items/129874/?asn=fhdn-eur&asn-ref=alloutdooradventures&ref=alloutdooradventures&bookable-only=yes&full-items=yes&marketplace=yes&flow=no""></script>",https://fareharbor.com/embeds/book/babyloncitytours-paris/items/129874/?asn=fhdn-eur&asn-ref=alloutdooradventures&ref=alloutdooradventures&bookable-only=yes&full-items=yes&marketplace=yes&flow=no,https://cdn.filestackcontent.com/q7imZRuTRWyQo94wemSq
Babylon Tours Paris,babyloncitytours-paris,babylontoursinfo@gmail.com,0019179990380,France/Île-de-France/Paris,,,129875,Combo: Paris City Center + Louvre Museum Guided Tour - Private (RUSSIAN),City Tour-History Tour-Museum-Private-Transportation-Walking Tour,1,49,0,https://fareharbor.com/embeds/calendar/babyloncitytours-paris/items/129875/?asn=fhdn-eur&asn-ref=alloutdooradventures&ref=alloutdooradventures&bookable-only=yes&full-items=yes&marketplace=yes&flow=no,"<script src=""https://fareharbor.com/embeds/script/calendar/babyloncitytours-paris/items/129875/?asn=fhdn-eur&asn-ref=alloutdooradventures&ref=alloutdooradventures&bookable-only=yes&full-items=yes&marketplace=yes&flow=no""></script>",https://fareharbor.com/embeds/book/babyloncitytours-paris/items/129875/?asn=fhdn-eur&asn-ref=alloutdooradventures&ref=alloutdooradventures&bookable-only=yes&full-items=yes&marketplace=yes&flow=no,https://cdn.filestackcontent.com/q7imZRuTRWyQo94wemSq
Universal Tour Guide,universal-tourguide,bookingparis@utg-experience.com,+33 184606720,France/Île-de-France/Paris,2.299125,48.85869,498647,Paris Top Attractions in 1 Day,Attraction-Boat Tour-Guided Tour-History Tour,1,49,180,https://fareharbor.com/embeds/calendar/universal-tourguide/items/498647/?asn=fhdn-eur&asn-ref=alloutdooradventures&ref=alloutdooradventures&bookable-only=yes&full-items=yes&marketplace=yes&flow=no,"<script src=""https://fareharbor.com/embeds/script/calendar/universal-tourguide/items/498647/?asn=fhdn-eur&asn-ref=alloutdooradventures&ref=alloutdooradventures&bookable-only=yes&full-items=yes&marketplace=yes&flow=no""></script>",https://fareharbor.com/embeds/book/universal-tourguide/items/498647/?asn=fhdn-eur&asn-ref=alloutdooradventures&ref=alloutdooradventures&bookable-only=yes&full-items=yes&marketplace=yes&flow=no,https://cdn.filestackcontent.com/ZrX8rzLR1KbapXkJrB1g
CNewYork,cnewyork,visites@cnewyork.net,,United States/New York/New York,-74.005973,40.712775,226724,Welcome Package,Walking Tour,1,48,129,https://fareharbor.com/embeds/calendar/cnewyork/items/226724/?asn=fhdn-eur&asn-ref=alloutdooradventures&ref=alloutdooradventures&bookable-only=yes&full-items=yes&marketplace=yes&flow=no,"<script src=""https://fareharbor.com/embeds/script/calendar/cnewyork/items/226724/?asn=fhdn-eur&asn-ref=alloutdooradventures&ref=alloutdooradventures&bookable-only=yes&full-items=yes&marketplace=yes&flow=no""></script>",https://fareharbor.com/embeds/book/cnewyork/items/226724/?asn=fhdn-eur&asn-ref=alloutdooradventures&ref=alloutdooradventures&bookable-only=yes&full-items=yes&marketplace=yes&flow=no,https://cdn.filestackcontent.com/Cksh1MUASTuHk0URtDLk
Universal Tour Guide,universal-tourguide,bookingparis@utg-experience.com,+33 184606720,France/Île-de-France/Montreuil,,,387295,Seine River Cruise Ticket and Attractions Map,Attraction-Boat Tour,1,48,180,https://fareharbor.com/embeds/calendar/universal-tourguide/items/387295/?asn=fhdn-eur&asn-ref=alloutdooradventures&ref=alloutdooradventures&bookable-only=yes&full-items=yes&marketplace=yes&flow=no,"<script src=""https://fareharbor.com/embeds/script/calendar/universal-tourguide/items/387295/?asn=fhdn-eur&asn-ref=alloutdooradventures&ref=alloutdooradventures&bookable-only=yes&full-items=yes&marketplace=yes&flow=no""></script>",https://fareharbor.com/embeds/book/universal-tourguide/items/387295/?asn=fhdn-eur&asn-ref=alloutdooradventures&ref=alloutdooradventures&bookable-only=yes&full-items=yes&marketplace=yes&flow=no,https://cdn.filestackcontent.com/tJIno6neT5iGq0t1SPpM
Universal Tour Guide,universal-tourguide,bookingparis@utg-experience.com,+33 184606720,France/Île-de-France/Paris,2.298856,48.858631,462523,Excursão Guiada ao Topo da Torre Eiffel em Portuguese,Walking Tour,1,48,26,https://fareharbor.com/embeds/calendar/universal-tourguide/items/462523/?asn=fhdn-eur&asn-ref=alloutdooradventures&ref=alloutdooradventures&bookable-only=yes&full-items=yes&marketplace=yes&flow=no,"<script src=""https://fareharbor.com/embeds/script/calendar/universal-tourguide/items/462523/?asn=fhdn-eur&asn-ref=alloutdooradventures&ref=alloutdooradventures&bookable-only=yes&full-items=yes&marketplace=yes&flow=no""></script>",https://fareharbor.com/embeds/book/universal-tourguide/items/462523/?asn=fhdn-eur&asn-ref=alloutdooradventures&ref=alloutdooradventures&bookable-only=yes&full-items=yes&marketplace=yes&flow=no,https://cdn.filestackcontent.com/KIuZCHy8Q6WwRUtBXLDr
Universal Tour Guide,universal-tourguide,bookingparis@utg-experience.com,+33 184606720,France/Île-de-France/Montreuil,,,513049,Strasbourg Cathedral and City Guided Walking Tour,City Tour-Guided Tour-Walking Tour,1,48,0,https://fareharbor.com/embeds/calendar/universal-tourguide/items/513049/?asn=fhdn-eur&asn-ref=alloutdooradventures&ref=alloutdooradventures&bookable-only=yes&full-items=yes&marketplace=yes&flow=no,"<script src=""https://fareharbor.com/embeds/script/calendar/universal-tourguide/items/513049/?asn=fhdn-eur&asn-ref=alloutdooradventures&ref=alloutdooradventures&bookable-only=yes&full-items=yes&marketplace=yes&flow=no""></script>",https://fareharbor.com/embeds/book/universal-tourguide/items/513049/?asn=fhdn-eur&asn-ref=alloutdooradventures&ref=alloutdooradventures&bookable-only=yes&full-items=yes&marketplace=yes&flow=no,https://cdn.filestackcontent.com/dy5WQqpGQPqxsoETBf4H
CNewYork,cnewyork,visites@cnewyork.net,,United States/New York/New York,,,285560,"Visite Privative de 3h30 Greenwich, SoHo, LI, Chinatown",Walking Tour,2,47,182,https://fareharbor.com/embeds/calendar/cnewyork/items/285560/?asn=fhdn-eur&asn-ref=alloutdooradventures&ref=alloutdooradventures&bookable-only=yes&full-items=yes&marketplace=yes&flow=no,"<script src=""https://fareharbor.com/embeds/script/calendar/cnewyork/items/285560/?asn=fhdn-eur&asn-ref=alloutdooradventures&ref=alloutdooradventures&bookable-only=yes&full-items=yes&marketplace=yes&flow=no""></script>",https://fareharbor.com/embeds/book/cnewyork/items/285560/?asn=fhdn-eur&asn-ref=alloutdooradventures&ref=alloutdooradventures&bookable-only=yes&full-items=yes&marketplace=yes&flow=no,https://cdn.filestackcontent.com/EtOnbAk4T52V0Mx7dVGp
CNewYork,cnewyork,visites@cnewyork.net,,United States/New York/Queens,,,397564,Queens en 3 quartiers,Walking Tour,8,45,26,https://fareharbor.com/embeds/calendar/cnewyork/items/397564/?asn=fhdn-eur&asn-ref=alloutdooradventures&ref=alloutdooradventures&bookable-only=yes&full-items=yes&marketplace=yes&flow=no,"<script src=""https://fareharbor.com/embeds/script/calendar/cnewyork/items/397564/?asn=fhdn-eur&asn-ref=alloutdooradventures&ref=alloutdooradventures&bookable-only=yes&full-items=yes&marketplace=yes&flow=no""></script>",https://fareharbor.com/embeds/book/cnewyork/items/397564/?asn=fhdn-eur&asn-ref=alloutdooradventures&ref=alloutdooradventures&bookable-only=yes&full-items=yes&marketplace=yes&flow=no,https://cdn.filestackcontent.com/G7joDNHQQMWbEXqtSE0W
Early Bird Charters,earlybirdchartersbermuda,earlybirdcharters@gmail.com,441-516-6498,Bermuda/Hamilton Parish/Hamilton,-64.711881,32.352611,664108,Winter Sunset Cruise,Boat Tour,1,45,1,https://fareharbor.com/embeds/calendar/earlybirdchartersbermuda/items/664108/?asn=fhdn&asn-ref=alloutdooradventures&ref=alloutdooradventures&bookable-only=yes&full-items=yes&marketplace=yes&flow=no,"<script src=""https://fareharbor.com/embeds/script/calendar/earlybirdchartersbermuda/items/664108/?asn=fhdn&asn-ref=alloutdooradventures&ref=alloutdooradventures&bookable-only=yes&full-items=yes&marketplace=yes&flow=no""></script>",https://fareharbor.com/embeds/book/earlybirdchartersbermuda/items/664108/?asn=fhdn&asn-ref=alloutdooradventures&ref=alloutdooradventures&bookable-only=yes&full-items=yes&marketplace=yes&flow=no,https://cdn.filestackcontent.com/iFwA9xoRjqgDGSui2JJM
Island Paradise Tours,islandparadisetours,skislandparadisetours@gmail.com,646-305-6584,Saint Kitts and Nevis/Saint George Basseterre Parish/Basseterre,,,694509,Volcano Hike,Guided Tour-Hiking,1,45,180,https://fareharbor.com/embeds/calendar/islandparadisetours/items/694509/?asn=fhdn&asn-ref=alloutdooradventures&ref=alloutdooradventures&bookable-only=yes&full-items=yes&marketplace=yes&flow=no,"<script src=""https://fareharbor.com/embeds/script/calendar/islandparadisetours/items/694509/?asn=fhdn&asn-ref=alloutdooradventures&ref=alloutdooradventures&bookable-only=yes&full-items=yes&marketplace=yes&flow=no""></script>",https://fareharbor.com/embeds/book/islandparadisetours/items/694509/?asn=fhdn&asn-ref=alloutdooradventures&ref=alloutdooradventures&bookable-only=yes&full-items=yes&marketplace=yes&flow=no,https://cdn.filestackcontent.com/GQG7sVpiSFuBWWIdFGIJ
CNewYork,cnewyork,visites@cnewyork.net,,United States/New York/New York,,,348648,Privatif Grand Central,Walking Tour,1,44,76,https://fareharbor.com/embeds/calendar/cnewyork/items/348648/?asn=fhdn-eur&asn-ref=alloutdooradventures&ref=alloutdooradventures&bookable-only=yes&full-items=yes&marketplace=yes&flow=no,"<script src=""https://fareharbor.com/embeds/script/calendar/cnewyork/items/348648/?asn=fhdn-eur&asn-ref=alloutdooradventures&ref=alloutdooradventures&bookable-only=yes&full-items=yes&marketplace=yes&flow=no""></script>",https://fareharbor.com/embeds/book/cnewyork/items/348648/?asn=fhdn-eur&asn-ref=alloutdooradventures&ref=alloutdooradventures&bookable-only=yes&full-items=yes&marketplace=yes&flow=no,https://cdn.filestackcontent.com/IbOwWQniRqulQrkzxP8g
CNewYork,cnewyork,visites@cnewyork.net,,United States/New York/New York,,,436574,Visite spéciale pompiers groupe,Walking Tour,10,44,0,https://fareharbor.com/embeds/calendar/cnewyork/items/436574/?asn=fhdn-eur&asn-ref=alloutdooradventures&ref=alloutdooradventures&bookable-only=yes&full-items=yes&marketplace=yes&flow=no,"<script src=""https://fareharbor.com/embeds/script/calendar/cnewyork/items/436574/?asn=fhdn-eur&asn-ref=alloutdooradventures&ref=alloutdooradventures&bookable-only=yes&full-items=yes&marketplace=yes&flow=no""></script>",https://fareharbor.com/embeds/book/cnewyork/items/436574/?asn=fhdn-eur&asn-ref=alloutdooradventures&ref=alloutdooradventures&bookable-only=yes&full-items=yes&marketplace=yes&flow=no,https://cdn.filestackcontent.com/qgCJJBlzSvycAO27y69q
Scott's Transport & Tours JA,scotttransportandtours,Scottdorrel@gmail.com,1 (876) 878-7156,Jamaica/St. James Parish/Montego Bay,,,480586,ATV Ride,ATV/UTV-Boat Tour,3,44,0,https://fareharbor.com/embeds/calendar/scotttransportandtours/items/480586/?asn=fhdn&asn-ref=alloutdooradventures&ref=alloutdooradventures&bookable-only=yes&full-items=yes&marketplace=yes&flow=no,"<script src=""https://fareharbor.com/embeds/script/calendar/scotttransportandtours/items/480586/?asn=fhdn&asn-ref=alloutdooradventures&ref=alloutdooradventures&bookable-only=yes&full-items=yes&marketplace=yes&flow=no""></script>",https://fareharbor.com/embeds/book/scotttransportandtours/items/480586/?asn=fhdn&asn-ref=alloutdooradventures&ref=alloutdooradventures&bookable-only=yes&full-items=yes&marketplace=yes&flow=no,https://cdn.filestackcontent.com/rYNm3VjWS8ewFIlI8h8G
Universal Tour Guide,universal-tourguide,bookingparis@utg-experience.com,+33 184606720,France/Île-de-France/Paris,2.342018,48.886691,500315,Paris : Montmartre Walking tour with Food & Drinks,Food Tour-Walking Tour,3,44,0,https://fareharbor.com/embeds/calendar/universal-tourguide/items/500315/?asn=fhdn-eur&asn-ref=alloutdooradventures&ref=alloutdooradventures&bookable-only=yes&full-items=yes&marketplace=yes&flow=no,"<script src=""https://fareharbor.com/embeds/script/calendar/universal-tourguide/items/500315/?asn=fhdn-eur&asn-ref=alloutdooradventures&ref=alloutdooradventures&bookable-only=yes&full-items=yes&marketplace=yes&flow=no""></script>",https://fareharbor.com/embeds/book/universal-tourguide/items/500315/?asn=fhdn-eur&asn-ref=alloutdooradventures&ref=alloutdooradventures&bookable-only=yes&full-items=yes&marketplace=yes&flow=no,https://cdn.filestackcontent.com/l8RrGyI1QSO1UUle8MG8
Cjay's Watersports,cjwatersports,contactus@cjwatersportsjm.com,876-881-7585,Jamaica/St. James Parish/Montego Bay,,,643192,Deep Sea Sport Fishing,Fishing,1,44,540,https://fareharbor.com/embeds/calendar/cjwatersports/items/643192/?asn=fhdn&asn-ref=alloutdooradventures&ref=alloutdooradventures&bookable-only=yes&full-items=yes&marketplace=yes&flow=no,"<script src=""https://fareharbor.com/embeds/script/calendar/cjwatersports/items/643192/?asn=fhdn&asn-ref=alloutdooradventures&ref=alloutdooradventures&bookable-only=yes&full-items=yes&marketplace=yes&flow=no""></script>",https://fareharbor.com/embeds/book/cjwatersports/items/643192/?asn=fhdn&asn-ref=alloutdooradventures&ref=alloutdooradventures&bookable-only=yes&full-items=yes&marketplace=yes&flow=no,https://cdn.filestackcontent.com/lcq3WMviR1qSEsbXKMQf
Scott's Transport & Tours JA,scotttransportandtours,Scottdorrel@gmail.com,1 (876) 878-7156,Jamaica/St. James Parish/Montego Bay,,,483573,"Scott’s — Not Here For Long, Just Adventure",ATV/UTV-Horse-Walking Tour,2,43,1080,https://fareharbor.com/embeds/calendar/scotttransportandtours/items/483573/?asn=fhdn&asn-ref=alloutdooradventures&ref=alloutdooradventures&bookable-only=yes&full-items=yes&marketplace=yes&flow=no,"<script src=""https://fareharbor.com/embeds/script/calendar/scotttransportandtours/items/483573/?asn=fhdn&asn-ref=alloutdooradventures&ref=alloutdooradventures&bookable-only=yes&full-items=yes&marketplace=yes&flow=no""></script>",https://fareharbor.com/embeds/book/scotttransportandtours/items/483573/?asn=fhdn&asn-ref=alloutdooradventures&ref=alloutdooradventures&bookable-only=yes&full-items=yes&marketplace=yes&flow=no,https://cdn.filestackcontent.com/SAVnMfGURO6TH0Rfq1Ru
CNewYork,cnewyork,visites@cnewyork.net,,United States/New York/New York,,,510445,Central Park à pied,Walking Tour,1,43,79,https://fareharbor.com/embeds/calendar/cnewyork/items/510445/?asn=fhdn-eur&asn-ref=alloutdooradventures&ref=alloutdooradventures&bookable-only=yes&full-items=yes&marketplace=yes&flow=no,"<script src=""https://fareharbor.com/embeds/script/calendar/cnewyork/items/510445/?asn=fhdn-eur&asn-ref=alloutdooradventures&ref=alloutdooradventures&bookable-only=yes&full-items=yes&marketplace=yes&flow=no""></script>",https://fareharbor.com/embeds/book/cnewyork/items/510445/?asn=fhdn-eur&asn-ref=alloutdooradventures&ref=alloutdooradventures&bookable-only=yes&full-items=yes&marketplace=yes&flow=no,https://cdn.filestackcontent.com/MHQ7tb8ZTnumoCyBKdKu
Universal Tour Guide,universal-tourguide,bookingparis@utg-experience.com,+33 184606720,France/Île-de-France/Paris,2.298856,48.858631,539445,Best of Paris in 1 Day ( Eiffel Tower - Louvre - Cruise ),Walking Tour,1,43,180,https://fareharbor.com/embeds/calendar/universal-tourguide/items/539445/?asn=fhdn-eur&asn-ref=alloutdooradventures&ref=alloutdooradventures&bookable-only=yes&full-items=yes&marketplace=yes&flow=no,"<script src=""https://fareharbor.com/embeds/script/calendar/universal-tourguide/items/539445/?asn=fhdn-eur&asn-ref=alloutdooradventures&ref=alloutdooradventures&bookable-only=yes&full-items=yes&marketplace=yes&flow=no""></script>",https://fareharbor.com/embeds/book/universal-tourguide/items/539445/?asn=fhdn-eur&asn-ref=alloutdooradventures&ref=alloutdooradventures&bookable-only=yes&full-items=yes&marketplace=yes&flow=no,https://cdn.filestackcontent.com/bnIXkCCrTde6gRojkRT1
Cjay's Watersports,cjwatersports,contactus@cjwatersportsjm.com,876-881-7585,Jamaica/St. James Parish/Montego Bay,,,643072,Snorkeling,Snorkel,1,43,1440,https://fareharbor.com/embeds/calendar/cjwatersports/items/643072/?asn=fhdn&asn-ref=alloutdooradventures&ref=alloutdooradventures&bookable-only=yes&full-items=yes&marketplace=yes&flow=no,"<script src=""https://fareharbor.com/embeds/script/calendar/cjwatersports/items/643072/?asn=fhdn&asn-ref=alloutdooradventures&ref=alloutdooradventures&bookable-only=yes&full-items=yes&marketplace=yes&flow=no""></script>",https://fareharbor.com/embeds/book/cjwatersports/items/643072/?asn=fhdn&asn-ref=alloutdooradventures&ref=alloutdooradventures&bookable-only=yes&full-items=yes&marketplace=yes&flow=no,https://cdn.filestackcontent.com/hrmzlXDKSIaJAFFsyaCE
Cjay's Watersports,cjwatersports,contactus@cjwatersportsjm.com,876-881-7585,Jamaica/St. James Parish/Montego Bay,,,643166,Banana Boat Ride,Boat Tour,1,43,5580,https://fareharbor.com/embeds/calendar/cjwatersports/items/643166/?asn=fhdn&asn-ref=alloutdooradventures&ref=alloutdooradventures&bookable-only=yes&full-items=yes&marketplace=yes&flow=no,"<script src=""https://fareharbor.com/embeds/script/calendar/cjwatersports/items/643166/?asn=fhdn&asn-ref=alloutdooradventures&ref=alloutdooradventures&bookable-only=yes&full-items=yes&marketplace=yes&flow=no""></script>",https://fareharbor.com/embeds/book/cjwatersports/items/643166/?asn=fhdn&asn-ref=alloutdooradventures&ref=alloutdooradventures&bookable-only=yes&full-items=yes&marketplace=yes&flow=no,https://cdn.filestackcontent.com/rJrdTlmPSFGyDezgclwV
CNewYork,cnewyork,visites@cnewyork.net,,United States/New York/New York,,,227783,Insolite NoHo et East Village petit groupe,Walking Tour,11,42,0,https://fareharbor.com/embeds/calendar/cnewyork/items/227783/?asn=fhdn-eur&asn-ref=alloutdooradventures&ref=alloutdooradventures&bookable-only=yes&full-items=yes&marketplace=yes&flow=no,"<script src=""https://fareharbor.com/embeds/script/calendar/cnewyork/items/227783/?asn=fhdn-eur&asn-ref=alloutdooradventures&ref=alloutdooradventures&bookable-only=yes&full-items=yes&marketplace=yes&flow=no""></script>",https://fareharbor.com/embeds/book/cnewyork/items/227783/?asn=fhdn-eur&asn-ref=alloutdooradventures&ref=alloutdooradventures&bookable-only=yes&full-items=yes&marketplace=yes&flow=no,https://cdn.filestackcontent.com/yXUfZZpqTvatZYFxsszX
Universal Tour Guide,universal-tourguide,bookingparis@utg-experience.com,+33 184606720,France/Île-de-France/Montreuil,,,387451,Lourdes Private Guided Tour in the Sanctuary,Guided Tour-Private-Walking Tour,2,41,1080,https://fareharbor.com/embeds/calendar/universal-tourguide/items/387451/?asn=fhdn-eur&asn-ref=alloutdooradventures&ref=alloutdooradventures&bookable-only=yes&full-items=yes&marketplace=yes&flow=no,"<script src=""https://fareharbor.com/embeds/script/calendar/universal-tourguide/items/387451/?asn=fhdn-eur&asn-ref=alloutdooradventures&ref=alloutdooradventures&bookable-only=yes&full-items=yes&marketplace=yes&flow=no""></script>",https://fareharbor.com/embeds/book/universal-tourguide/items/387451/?asn=fhdn-eur&asn-ref=alloutdooradventures&ref=alloutdooradventures&bookable-only=yes&full-items=yes&marketplace=yes&flow=no,https://cdn.filestackcontent.com/Uj5SRgpMSxSbhB82CR2x
Cjay's Watersports,cjwatersports,contactus@cjwatersportsjm.com,876-881-7585,Jamaica/St. James Parish/Montego Bay,,,643172,Clear Glass Boat Tour,Boat Tour,1,41,1440,https://fareharbor.com/embeds/calendar/cjwatersports/items/643172/?asn=fhdn&asn-ref=alloutdooradventures&ref=alloutdooradventures&bookable-only=yes&full-items=yes&marketplace=yes&flow=no,"<script src=""https://fareharbor.com/embeds/script/calendar/cjwatersports/items/643172/?asn=fhdn&asn-ref=alloutdooradventures&ref=alloutdooradventures&bookable-only=yes&full-items=yes&marketplace=yes&flow=no""></script>",https://fareharbor.com/embeds/book/cjwatersports/items/643172/?asn=fhdn&asn-ref=alloutdooradventures&ref=alloutdooradventures&bookable-only=yes&full-items=yes&marketplace=yes&flow=no,https://cdn.filestackcontent.com/ihqUjDclSE6L3wrxQUVQ
Universal Tour Guide,universal-tourguide,bookingparis@utg-experience.com,+33 184606720,France/Île-de-France/Montreuil,,,387173,Best of London in half a Day,Guided Tour-Walking Tour,1,39,0,https://fareharbor.com/embeds/calendar/universal-tourguide/items/387173/?asn=fhdn-eur&asn-ref=alloutdooradventures&ref=alloutdooradventures&bookable-only=yes&full-items=yes&marketplace=yes&flow=no,"<script src=""https://fareharbor.com/embeds/script/calendar/universal-tourguide/items/387173/?asn=fhdn-eur&asn-ref=alloutdooradventures&ref=alloutdooradventures&bookable-only=yes&full-items=yes&marketplace=yes&flow=no""></script>",https://fareharbor.com/embeds/book/universal-tourguide/items/387173/?asn=fhdn-eur&asn-ref=alloutdooradventures&ref=alloutdooradventures&bookable-only=yes&full-items=yes&marketplace=yes&flow=no,https://cdn.filestackcontent.com/Ja62vwjETduUqpdfxohj
Scott's Transport & Tours JA,scotttransportandtours,Scottdorrel@gmail.com,1 (876) 878-7156,Jamaica/St. James Parish/Montego Bay,,,480633,Blue Hole Water Falls & Adventure,Exotic Car-Walking Tour,1,39,1800,https://fareharbor.com/embeds/calendar/scotttransportandtours/items/480633/?asn=fhdn&asn-ref=alloutdooradventures&ref=alloutdooradventures&bookable-only=yes&full-items=yes&marketplace=yes&flow=no,"<script src=""https://fareharbor.com/embeds/script/calendar/scotttransportandtours/items/480633/?asn=fhdn&asn-ref=alloutdooradventures&ref=alloutdooradventures&bookable-only=yes&full-items=yes&marketplace=yes&flow=no""></script>",https://fareharbor.com/embeds/book/scotttransportandtours/items/480633/?asn=fhdn&asn-ref=alloutdooradventures&ref=alloutdooradventures&bookable-only=yes&full-items=yes&marketplace=yes&flow=no,https://cdn.filestackcontent.com/LMKEsT1MSp6OGI1S3zTc
Scott's Transport & Tours JA,scotttransportandtours,Scottdorrel@gmail.com,1 (876) 878-7156,Jamaica/St. James Parish/Montego Bay,,,481437,Bamboo Rafting & Reggae Catamaran Cruise Party,Boat Tour-Catamaran-Rafting,1,39,0,https://fareharbor.com/embeds/calendar/scotttransportandtours/items/481437/?asn=fhdn&asn-ref=alloutdooradventures&ref=alloutdooradventures&bookable-only=yes&full-items=yes&marketplace=yes&flow=no,"<script src=""https://fareharbor.com/embeds/script/calendar/scotttransportandtours/items/481437/?asn=fhdn&asn-ref=alloutdooradventures&ref=alloutdooradventures&bookable-only=yes&full-items=yes&marketplace=yes&flow=no""></script>",https://fareharbor.com/embeds/book/scotttransportandtours/items/481437/?asn=fhdn&asn-ref=alloutdooradventures&ref=alloutdooradventures&bookable-only=yes&full-items=yes&marketplace=yes&flow=no,https://cdn.filestackcontent.com/6YfANB7tRHemfJtPlTtl
CNewYork,cnewyork,visites@cnewyork.net,,United States/New York/New York,,,503786,Harlem Nord (F) et Gospel,Walking Tour,1,39,26,https://fareharbor.com/embeds/calendar/cnewyork/items/503786/?asn=fhdn-eur&asn-ref=alloutdooradventures&ref=alloutdooradventures&bookable-only=yes&full-items=yes&marketplace=yes&flow=no,"<script src=""https://fareharbor.com/embeds/script/calendar/cnewyork/items/503786/?asn=fhdn-eur&asn-ref=alloutdooradventures&ref=alloutdooradventures&bookable-only=yes&full-items=yes&marketplace=yes&flow=no""></script>",https://fareharbor.com/embeds/book/cnewyork/items/503786/?asn=fhdn-eur&asn-ref=alloutdooradventures&ref=alloutdooradventures&bookable-only=yes&full-items=yes&marketplace=yes&flow=no,https://cdn.filestackcontent.com/Yy7AoUEdTRSPl1aKu1gq
Scott's Transport & Tours JA,scotttransportandtours,Scottdorrel@gmail.com,1 (876) 878-7156,Jamaica/St. James Parish/Montego Bay,,,544075,Weed Farm Tour and Bamboo Rafting - Montego Bay,Farm-Guided Tour-Rafting,1,39,1800,https://fareharbor.com/embeds/calendar/scotttransportandtours/items/544075/?asn=fhdn&asn-ref=alloutdooradventures&ref=alloutdooradventures&bookable-only=yes&full-items=yes&marketplace=yes&flow=no,"<script src=""https://fareharbor.com/embeds/script/calendar/scotttransportandtours/items/544075/?asn=fhdn&asn-ref=alloutdooradventures&ref=alloutdooradventures&bookable-only=yes&full-items=yes&marketplace=yes&flow=no""></script>",https://fareharbor.com/embeds/book/scotttransportandtours/items/544075/?asn=fhdn&asn-ref=alloutdooradventures&ref=alloutdooradventures&bookable-only=yes&full-items=yes&marketplace=yes&flow=no,https://cdn.filestackcontent.com/lZ99LhLLTraUSPIVhj5M
Scott's Transport & Tours JA,scotttransportandtours,Scottdorrel@gmail.com,1 (876) 878-7156,Jamaica/St. James Parish/Montego Bay,,,544076,"ATV, Bamboo Rafting & Weed Farm Tour",ATV/UTV-Farm-Rafting,1,39,1440,https://fareharbor.com/embeds/calendar/scotttransportandtours/items/544076/?asn=fhdn&asn-ref=alloutdooradventures&ref=alloutdooradventures&bookable-only=yes&full-items=yes&marketplace=yes&flow=no,"<script src=""https://fareharbor.com/embeds/script/calendar/scotttransportandtours/items/544076/?asn=fhdn&asn-ref=alloutdooradventures&ref=alloutdooradventures&bookable-only=yes&full-items=yes&marketplace=yes&flow=no""></script>",https://fareharbor.com/embeds/book/scotttransportandtours/items/544076/?asn=fhdn&asn-ref=alloutdooradventures&ref=alloutdooradventures&bookable-only=yes&full-items=yes&marketplace=yes&flow=no,https://cdn.filestackcontent.com/T9Y10AcQ8OBSJzDJhEAg
Cjay's Watersports,cjwatersports,contactus@cjwatersportsjm.com,876-881-7585,Jamaica/St. James Parish/Montego Bay,,,643197,Yacht Trip,Boat Tour,1,39,720,https://fareharbor.com/embeds/calendar/cjwatersports/items/643197/?asn=fhdn&asn-ref=alloutdooradventures&ref=alloutdooradventures&bookable-only=yes&full-items=yes&marketplace=yes&flow=no,"<script src=""https://fareharbor.com/embeds/script/calendar/cjwatersports/items/643197/?asn=fhdn&asn-ref=alloutdooradventures&ref=alloutdooradventures&bookable-only=yes&full-items=yes&marketplace=yes&flow=no""></script>",https://fareharbor.com/embeds/book/cjwatersports/items/643197/?asn=fhdn&asn-ref=alloutdooradventures&ref=alloutdooradventures&bookable-only=yes&full-items=yes&marketplace=yes&flow=no,https://cdn.filestackcontent.com/mNVay9LjToKQ46ss8ZQF
Cjay's Watersports,cjwatersports,contactus@cjwatersportsjm.com,876-881-7585,Jamaica/St. James Parish/Montego Bay,,,643408,Scuba Certifications,Scuba,1,39,1080,https://fareharbor.com/embeds/calendar/cjwatersports/items/643408/?asn=fhdn&asn-ref=alloutdooradventures&ref=alloutdooradventures&bookable-only=yes&full-items=yes&marketplace=yes&flow=no,"<script src=""https://fareharbor.com/embeds/script/calendar/cjwatersports/items/643408/?asn=fhdn&asn-ref=alloutdooradventures&ref=alloutdooradventures&bookable-only=yes&full-items=yes&marketplace=yes&flow=no""></script>",https://fareharbor.com/embeds/book/cjwatersports/items/643408/?asn=fhdn&asn-ref=alloutdooradventures&ref=alloutdooradventures&bookable-only=yes&full-items=yes&marketplace=yes&flow=no,https://cdn.filestackcontent.com/XxXUiBYRTAmB6V95UnT4
Cjay's Watersports,cjwatersports,contactus@cjwatersportsjm.com,876-881-7585,Jamaica/St. James Parish/Montego Bay,,,643449,Scuba Dives,Scuba,1,39,1080,https://fareharbor.com/embeds/calendar/cjwatersports/items/643449/?asn=fhdn&asn-ref=alloutdooradventures&ref=alloutdooradventures&bookable-only=yes&full-items=yes&marketplace=yes&flow=no,"<script src=""https://fareharbor.com/embeds/script/calendar/cjwatersports/items/643449/?asn=fhdn&asn-ref=alloutdooradventures&ref=alloutdooradventures&bookable-only=yes&full-items=yes&marketplace=yes&flow=no""></script>",https://fareharbor.com/embeds/book/cjwatersports/items/643449/?asn=fhdn&asn-ref=alloutdooradventures&ref=alloutdooradventures&bookable-only=yes&full-items=yes&marketplace=yes&flow=no,https://cdn.filestackcontent.com/h7wZsJYGT020WL3sYTv9
Scott's Transport & Tours JA,scotttransportandtours,Scottdorrel@gmail.com,1 (876) 878-7156,Jamaica/St. James Parish/Montego Bay,,,469289,Pelican Bar & Appleton Rum Tour,Boat Tour,1,38,1080,https://fareharbor.com/embeds/calendar/scotttransportandtours/items/469289/?asn=fhdn&asn-ref=alloutdooradventures&ref=alloutdooradventures&bookable-only=yes&full-items=yes&marketplace=yes&flow=no,"<script src=""https://fareharbor.com/embeds/script/calendar/scotttransportandtours/items/469289/?asn=fhdn&asn-ref=alloutdooradventures&ref=alloutdooradventures&bookable-only=yes&full-items=yes&marketplace=yes&flow=no""></script>",https://fareharbor.com/embeds/book/scotttransportandtours/items/469289/?asn=fhdn&asn-ref=alloutdooradventures&ref=alloutdooradventures&bookable-only=yes&full-items=yes&marketplace=yes&flow=no,https://cdn.filestackcontent.com/1NoaLiS2RhKuo1NvMd6A
Scott's Transport & Tours JA,scotttransportandtours,Scottdorrel@gmail.com,1 (876) 878-7156,Jamaica/St. James Parish/Montego Bay,,,469294,Blue Hole & Bamboo River Rafting (Ochi),Rafting,1,38,1080,https://fareharbor.com/embeds/calendar/scotttransportandtours/items/469294/?asn=fhdn&asn-ref=alloutdooradventures&ref=alloutdooradventures&bookable-only=yes&full-items=yes&marketplace=yes&flow=no,"<script src=""https://fareharbor.com/embeds/script/calendar/scotttransportandtours/items/469294/?asn=fhdn&asn-ref=alloutdooradventures&ref=alloutdooradventures&bookable-only=yes&full-items=yes&marketplace=yes&flow=no""></script>",https://fareharbor.com/embeds/book/scotttransportandtours/items/469294/?asn=fhdn&asn-ref=alloutdooradventures&ref=alloutdooradventures&bookable-only=yes&full-items=yes&marketplace=yes&flow=no,https://cdn.filestackcontent.com/GG2BEA1Tq29wVo8rjsVA
Universal Tour Guide,universal-tourguide,bookingparis@utg-experience.com,+33 184606720,France/Île-de-France/Montreuil,,,476160,Paris by night Sightseeing Private Tour & Seine River Cruise,Boat Tour-Guided Tour-History Tour-Private-Sightseeing Tour,1,38,180,https://fareharbor.com/embeds/calendar/universal-tourguide/items/476160/?asn=fhdn-eur&asn-ref=alloutdooradventures&ref=alloutdooradventures&bookable-only=yes&full-items=yes&marketplace=yes&flow=no,"<script src=""https://fareharbor.com/embeds/script/calendar/universal-tourguide/items/476160/?asn=fhdn-eur&asn-ref=alloutdooradventures&ref=alloutdooradventures&bookable-only=yes&full-items=yes&marketplace=yes&flow=no""></script>",https://fareharbor.com/embeds/book/universal-tourguide/items/476160/?asn=fhdn-eur&asn-ref=alloutdooradventures&ref=alloutdooradventures&bookable-only=yes&full-items=yes&marketplace=yes&flow=no,https://cdn.filestackcontent.com/8htBBLeSoiPLlfwzfFTA
Cjay's Watersports,cjwatersports,contactus@cjwatersportsjm.com,876-881-7585,Jamaica/St. James Parish/Montego Bay,,,643188,Negril Resort Trip,Boat Tour,1,38,180,https://fareharbor.com/embeds/calendar/cjwatersports/items/643188/?asn=fhdn&asn-ref=alloutdooradventures&ref=alloutdooradventures&bookable-only=yes&full-items=yes&marketplace=yes&flow=no,"<script src=""https://fareharbor.com/embeds/script/calendar/cjwatersports/items/643188/?asn=fhdn&asn-ref=alloutdooradventures&ref=alloutdooradventures&bookable-only=yes&full-items=yes&marketplace=yes&flow=no""></script>",https://fareharbor.com/embeds/book/cjwatersports/items/643188/?asn=fhdn&asn-ref=alloutdooradventures&ref=alloutdooradventures&bookable-only=yes&full-items=yes&marketplace=yes&flow=no,https://cdn.filestackcontent.com/Q18md3RwKvAjr6aBKMEA
CNewYork,cnewyork,visites@cnewyork.net,,United States/New York/New York,,,433363,Visite Shopping,Walking Tour,7,37,0,https://fareharbor.com/embeds/calendar/cnewyork/items/433363/?asn=fhdn-eur&asn-ref=alloutdooradventures&ref=alloutdooradventures&bookable-only=yes&full-items=yes&marketplace=yes&flow=no,"<script src=""https://fareharbor.com/embeds/script/calendar/cnewyork/items/433363/?asn=fhdn-eur&asn-ref=alloutdooradventures&ref=alloutdooradventures&bookable-only=yes&full-items=yes&marketplace=yes&flow=no""></script>",https://fareharbor.com/embeds/book/cnewyork/items/433363/?asn=fhdn-eur&asn-ref=alloutdooradventures&ref=alloutdooradventures&bookable-only=yes&full-items=yes&marketplace=yes&flow=no,https://cdn.filestackcontent.com/1o2FeHfQayP0KX3xFble
CNewYork,cnewyork,visites@cnewyork.net,,United States/New York/New York,,,387817,Privatif Times Square Rockefeller et Midtown,Walking Tour,6,35,105,https://fareharbor.com/embeds/calendar/cnewyork/items/387817/?asn=fhdn-eur&asn-ref=alloutdooradventures&ref=alloutdooradventures&bookable-only=yes&full-items=yes&marketplace=yes&flow=no,"<script src=""https://fareharbor.com/embeds/script/calendar/cnewyork/items/387817/?asn=fhdn-eur&asn-ref=alloutdooradventures&ref=alloutdooradventures&bookable-only=yes&full-items=yes&marketplace=yes&flow=no""></script>",https://fareharbor.com/embeds/book/cnewyork/items/387817/?asn=fhdn-eur&asn-ref=alloutdooradventures&ref=alloutdooradventures&bookable-only=yes&full-items=yes&marketplace=yes&flow=no,https://cdn.filestackcontent.com/5M5tGaj2Tfu4qPC0MHUJ
CNewYork,cnewyork,visites@cnewyork.net,,United States/New York/Queens,,,406063,Queens tour privatif,Walking Tour,5,35,27,https://fareharbor.com/embeds/calendar/cnewyork/items/406063/?asn=fhdn-eur&asn-ref=alloutdooradventures&ref=alloutdooradventures&bookable-only=yes&full-items=yes&marketplace=yes&flow=no,"<script src=""https://fareharbor.com/embeds/script/calendar/cnewyork/items/406063/?asn=fhdn-eur&asn-ref=alloutdooradventures&ref=alloutdooradventures&bookable-only=yes&full-items=yes&marketplace=yes&flow=no""></script>",https://fareharbor.com/embeds/book/cnewyork/items/406063/?asn=fhdn-eur&asn-ref=alloutdooradventures&ref=alloutdooradventures&bookable-only=yes&full-items=yes&marketplace=yes&flow=no,https://cdn.filestackcontent.com/4pRsmjCAQ3KZihG0dXDm
CNewYork,cnewyork,visites@cnewyork.net,,United States/New York/New York,-73.977229,40.752726,338505,Groupe Grand Central Terminal,Walking Tour,1,34,50,https://fareharbor.com/embeds/calendar/cnewyork/items/338505/?asn=fhdn-eur&asn-ref=alloutdooradventures&ref=alloutdooradventures&bookable-only=yes&full-items=yes&marketplace=yes&flow=no,"<script src=""https://fareharbor.com/embeds/script/calendar/cnewyork/items/338505/?asn=fhdn-eur&asn-ref=alloutdooradventures&ref=alloutdooradventures&bookable-only=yes&full-items=yes&marketplace=yes&flow=no""></script>",https://fareharbor.com/embeds/book/cnewyork/items/338505/?asn=fhdn-eur&asn-ref=alloutdooradventures&ref=alloutdooradventures&bookable-only=yes&full-items=yes&marketplace=yes&flow=no,https://cdn.filestackcontent.com/1q6viU2sTCCsw98xORHn
CNewYork,cnewyork,visites@cnewyork.net,,United States/New York/New York,,,489304,Extérieur Columbia University et Harlem,Walking Tour,1,34,24,https://fareharbor.com/embeds/calendar/cnewyork/items/489304/?asn=fhdn-eur&asn-ref=alloutdooradventures&ref=alloutdooradventures&bookable-only=yes&full-items=yes&marketplace=yes&flow=no,"<script src=""https://fareharbor.com/embeds/script/calendar/cnewyork/items/489304/?asn=fhdn-eur&asn-ref=alloutdooradventures&ref=alloutdooradventures&bookable-only=yes&full-items=yes&marketplace=yes&flow=no""></script>",https://fareharbor.com/embeds/book/cnewyork/items/489304/?asn=fhdn-eur&asn-ref=alloutdooradventures&ref=alloutdooradventures&bookable-only=yes&full-items=yes&marketplace=yes&flow=no,https://cdn.filestackcontent.com/H2nP8W3TUKhPh8lXZ16Q
CNewYork,cnewyork,visites@cnewyork.net,,United States/New York/New York,,,226620,Privatif Street Art Manhattan,Walking Tour,2,31,0,https://fareharbor.com/embeds/calendar/cnewyork/items/226620/?asn=fhdn-eur&asn-ref=alloutdooradventures&ref=alloutdooradventures&bookable-only=yes&full-items=yes&marketplace=yes&flow=no,"<script src=""https://fareharbor.com/embeds/script/calendar/cnewyork/items/226620/?asn=fhdn-eur&asn-ref=alloutdooradventures&ref=alloutdooradventures&bookable-only=yes&full-items=yes&marketplace=yes&flow=no""></script>",https://fareharbor.com/embeds/book/cnewyork/items/226620/?asn=fhdn-eur&asn-ref=alloutdooradventures&ref=alloutdooradventures&bookable-only=yes&full-items=yes&marketplace=yes&flow=no,https://cdn.filestackcontent.com/pDVwcGK3TaSd3z3kzFHo
CNewYork,cnewyork,visites@cnewyork.net,,United States/New York/New York,,,370936,Privatif NoHo et East Village,Walking Tour,2,31,0,https://fareharbor.com/embeds/calendar/cnewyork/items/370936/?asn=fhdn-eur&asn-ref=alloutdooradventures&ref=alloutdooradventures&bookable-only=yes&full-items=yes&marketplace=yes&flow=no,"<script src=""https://fareharbor.com/embeds/script/calendar/cnewyork/items/370936/?asn=fhdn-eur&asn-ref=alloutdooradventures&ref=alloutdooradventures&bookable-only=yes&full-items=yes&marketplace=yes&flow=no""></script>",https://fareharbor.com/embeds/book/cnewyork/items/370936/?asn=fhdn-eur&asn-ref=alloutdooradventures&ref=alloutdooradventures&bookable-only=yes&full-items=yes&marketplace=yes&flow=no,https://cdn.filestackcontent.com/5gzzkP2ISz2UK4Xx8nyo
CNewYork,cnewyork,visites@cnewyork.net,,United States/District of Columbia/Washington,,,435784,Visite de Washington en français GROUPE,Walking Tour,1,29,0,https://fareharbor.com/embeds/calendar/cnewyork/items/435784/?asn=fhdn-eur&asn-ref=alloutdooradventures&ref=alloutdooradventures&bookable-only=yes&full-items=yes&marketplace=yes&flow=no,"<script src=""https://fareharbor.com/embeds/script/calendar/cnewyork/items/435784/?asn=fhdn-eur&asn-ref=alloutdooradventures&ref=alloutdooradventures&bookable-only=yes&full-items=yes&marketplace=yes&flow=no""></script>",https://fareharbor.com/embeds/book/cnewyork/items/435784/?asn=fhdn-eur&asn-ref=alloutdooradventures&ref=alloutdooradventures&bookable-only=yes&full-items=yes&marketplace=yes&flow=no,https://cdn.filestackcontent.com/pMoOGzFVR5C9arhBstFu
CNewYork,cnewyork,visites@cnewyork.net,,United States/New York/New York,,,538935,Harlem Nord (0) et Gospel,Walking Tour,1,29,3,https://fareharbor.com/embeds/calendar/cnewyork/items/538935/?asn=fhdn-eur&asn-ref=alloutdooradventures&ref=alloutdooradventures&bookable-only=yes&full-items=yes&marketplace=yes&flow=no,"<script src=""https://fareharbor.com/embeds/script/calendar/cnewyork/items/538935/?asn=fhdn-eur&asn-ref=alloutdooradventures&ref=alloutdooradventures&bookable-only=yes&full-items=yes&marketplace=yes&flow=no""></script>",https://fareharbor.com/embeds/book/cnewyork/items/538935/?asn=fhdn-eur&asn-ref=alloutdooradventures&ref=alloutdooradventures&bookable-only=yes&full-items=yes&marketplace=yes&flow=no,https://cdn.filestackcontent.com/d19yIw90QL21QvwJsBl4
CNewYork,cnewyork,visites@cnewyork.net,,United States/New York/Brooklyn,,,226624,Séance photo,Walking Tour,1,28,0,https://fareharbor.com/embeds/calendar/cnewyork/items/226624/?asn=fhdn-eur&asn-ref=alloutdooradventures&ref=alloutdooradventures&bookable-only=yes&full-items=yes&marketplace=yes&flow=no,"<script src=""https://fareharbor.com/embeds/script/calendar/cnewyork/items/226624/?asn=fhdn-eur&asn-ref=alloutdooradventures&ref=alloutdooradventures&bookable-only=yes&full-items=yes&marketplace=yes&flow=no""></script>",https://fareharbor.com/embeds/book/cnewyork/items/226624/?asn=fhdn-eur&asn-ref=alloutdooradventures&ref=alloutdooradventures&bookable-only=yes&full-items=yes&marketplace=yes&flow=no,https://cdn.filestackcontent.com/6Yi97qRkK3aM07ZRo57Q
CNewYork,cnewyork,visites@cnewyork.net,,United States/New York/Brooklyn,-74.015345,40.620114,226722,Visite de Noël,Walking Tour,1,28,0,https://fareharbor.com/embeds/calendar/cnewyork/items/226722/?asn=fhdn-eur&asn-ref=alloutdooradventures&ref=alloutdooradventures&bookable-only=yes&full-items=yes&marketplace=yes&flow=no,"<script src=""https://fareharbor.com/embeds/script/calendar/cnewyork/items/226722/?asn=fhdn-eur&asn-ref=alloutdooradventures&ref=alloutdooradventures&bookable-only=yes&full-items=yes&marketplace=yes&flow=no""></script>",https://fareharbor.com/embeds/book/cnewyork/items/226722/?asn=fhdn-eur&asn-ref=alloutdooradventures&ref=alloutdooradventures&bookable-only=yes&full-items=yes&marketplace=yes&flow=no,https://cdn.filestackcontent.com/AAVlrLzQrCf7enRsp87Q
CNewYork,cnewyork,visites@cnewyork.net,,United States/New York/New York,,,385565,Privatif Harlem Nord (S) et gospel,Walking Tour,1,28,1,https://fareharbor.com/embeds/calendar/cnewyork/items/385565/?asn=fhdn-eur&asn-ref=alloutdooradventures&ref=alloutdooradventures&bookable-only=yes&full-items=yes&marketplace=yes&flow=no,"<script src=""https://fareharbor.com/embeds/script/calendar/cnewyork/items/385565/?asn=fhdn-eur&asn-ref=alloutdooradventures&ref=alloutdooradventures&bookable-only=yes&full-items=yes&marketplace=yes&flow=no""></script>",https://fareharbor.com/embeds/book/cnewyork/items/385565/?asn=fhdn-eur&asn-ref=alloutdooradventures&ref=alloutdooradventures&bookable-only=yes&full-items=yes&marketplace=yes&flow=no,https://cdn.filestackcontent.com/tVI2BECTWaaahuzx9QIw
Kijanna Tours Jamaica-closed,kijannatoursja-closed,kijannatoursja@gmail.com,305-204-9422,Jamaica/St. James Parish,,,397329,River Tubing,Boat Tour-River Tube,1,28,0,https://fareharbor.com/embeds/calendar/kijannatoursja-closed/items/397329/?asn=fhdn&asn-ref=alloutdooradventures&ref=alloutdooradventures&bookable-only=yes&full-items=yes&marketplace=yes&flow=no,"<script src=""https://fareharbor.com/embeds/script/calendar/kijannatoursja-closed/items/397329/?asn=fhdn&asn-ref=alloutdooradventures&ref=alloutdooradventures&bookable-only=yes&full-items=yes&marketplace=yes&flow=no""></script>",https://fareharbor.com/embeds/book/kijannatoursja-closed/items/397329/?asn=fhdn&asn-ref=alloutdooradventures&ref=alloutdooradventures&bookable-only=yes&full-items=yes&marketplace=yes&flow=no,https://cdn.filestackcontent.com/eL4v0QhaRxuJwHGTK7ui
Kijanna Tours Jamaica-closed,kijannatoursja-closed,kijannatoursja@gmail.com,305-204-9422,Jamaica/St. James Parish,,,397361,Blue Hole River,Walking Tour,1,28,0,https://fareharbor.com/embeds/calendar/kijannatoursja-closed/items/397361/?asn=fhdn&asn-ref=alloutdooradventures&ref=alloutdooradventures&bookable-only=yes&full-items=yes&marketplace=yes&flow=no,"<script src=""https://fareharbor.com/embeds/script/calendar/kijannatoursja-closed/items/397361/?asn=fhdn&asn-ref=alloutdooradventures&ref=alloutdooradventures&bookable-only=yes&full-items=yes&marketplace=yes&flow=no""></script>",https://fareharbor.com/embeds/book/kijannatoursja-closed/items/397361/?asn=fhdn&asn-ref=alloutdooradventures&ref=alloutdooradventures&bookable-only=yes&full-items=yes&marketplace=yes&flow=no,https://cdn.filestackcontent.com/usJlxsh8TgGfB9WRMGNA
Kijanna Tours Jamaica-closed,kijannatoursja-closed,kijannatoursja@gmail.com,305-204-9422,Jamaica/St. James Parish,,,397365,Bamboo River Rafting,Rafting,1,28,0,https://fareharbor.com/embeds/calendar/kijannatoursja-closed/items/397365/?asn=fhdn&asn-ref=alloutdooradventures&ref=alloutdooradventures&bookable-only=yes&full-items=yes&marketplace=yes&flow=no,"<script src=""https://fareharbor.com/embeds/script/calendar/kijannatoursja-closed/items/397365/?asn=fhdn&asn-ref=alloutdooradventures&ref=alloutdooradventures&bookable-only=yes&full-items=yes&marketplace=yes&flow=no""></script>",https://fareharbor.com/embeds/book/kijannatoursja-closed/items/397365/?asn=fhdn&asn-ref=alloutdooradventures&ref=alloutdooradventures&bookable-only=yes&full-items=yes&marketplace=yes&flow=no,https://cdn.filestackcontent.com/1BpFUuQSfazF5YMm0aBA
Kijanna Tours Jamaica-closed,kijannatoursja-closed,kijannatoursja@gmail.com,305-204-9422,Jamaica/St. James Parish,,,397398,"Dunn’s River Falls, Ziplining, ATV & Horseback Riding",ATV/UTV-Boat Tour-Zipline,1,28,0,https://fareharbor.com/embeds/calendar/kijannatoursja-closed/items/397398/?asn=fhdn&asn-ref=alloutdooradventures&ref=alloutdooradventures&bookable-only=yes&full-items=yes&marketplace=yes&flow=no,"<script src=""https://fareharbor.com/embeds/script/calendar/kijannatoursja-closed/items/397398/?asn=fhdn&asn-ref=alloutdooradventures&ref=alloutdooradventures&bookable-only=yes&full-items=yes&marketplace=yes&flow=no""></script>",https://fareharbor.com/embeds/book/kijannatoursja-closed/items/397398/?asn=fhdn&asn-ref=alloutdooradventures&ref=alloutdooradventures&bookable-only=yes&full-items=yes&marketplace=yes&flow=no,https://cdn.filestackcontent.com/Wwf0JRwER7GBheOV5VND
Kijanna Tours Jamaica-closed,kijannatoursja-closed,kijannatoursja@gmail.com,305-204-9422,Jamaica/St. James Parish,,,397417,Catamaran Party Boat and Dunn’s River Falls,Boat Tour-Catamaran,1,28,0,https://fareharbor.com/embeds/calendar/kijannatoursja-closed/items/397417/?asn=fhdn&asn-ref=alloutdooradventures&ref=alloutdooradventures&bookable-only=yes&full-items=yes&marketplace=yes&flow=no,"<script src=""https://fareharbor.com/embeds/script/calendar/kijannatoursja-closed/items/397417/?asn=fhdn&asn-ref=alloutdooradventures&ref=alloutdooradventures&bookable-only=yes&full-items=yes&marketplace=yes&flow=no""></script>",https://fareharbor.com/embeds/book/kijannatoursja-closed/items/397417/?asn=fhdn&asn-ref=alloutdooradventures&ref=alloutdooradventures&bookable-only=yes&full-items=yes&marketplace=yes&flow=no,https://cdn.filestackcontent.com/gOgRUTkoT7qX3JmUIhR4
Kijanna Tours Jamaica-closed,kijannatoursja-closed,kijannatoursja@gmail.com,305-204-9422,Jamaica/St. James Parish,,,399255,Luminous Lagoon,Boat Tour-Guided Tour-History Tour,1,28,0,https://fareharbor.com/embeds/calendar/kijannatoursja-closed/items/399255/?asn=fhdn&asn-ref=alloutdooradventures&ref=alloutdooradventures&bookable-only=yes&full-items=yes&marketplace=yes&flow=no,"<script src=""https://fareharbor.com/embeds/script/calendar/kijannatoursja-closed/items/399255/?asn=fhdn&asn-ref=alloutdooradventures&ref=alloutdooradventures&bookable-only=yes&full-items=yes&marketplace=yes&flow=no""></script>",https://fareharbor.com/embeds/book/kijannatoursja-closed/items/399255/?asn=fhdn&asn-ref=alloutdooradventures&ref=alloutdooradventures&bookable-only=yes&full-items=yes&marketplace=yes&flow=no,https://cdn.filestackcontent.com/wYd9MkWHRsC2xEMTY56Q
CNewYork,cnewyork,visites@cnewyork.net,,United States/New York/New York,,,422472,Privatif Central Park vélo,Walking Tour,2,26,54,https://fareharbor.com/embeds/calendar/cnewyork/items/422472/?asn=fhdn-eur&asn-ref=alloutdooradventures&ref=alloutdooradventures&bookable-only=yes&full-items=yes&marketplace=yes&flow=no,"<script src=""https://fareharbor.com/embeds/script/calendar/cnewyork/items/422472/?asn=fhdn-eur&asn-ref=alloutdooradventures&ref=alloutdooradventures&bookable-only=yes&full-items=yes&marketplace=yes&flow=no""></script>",https://fareharbor.com/embeds/book/cnewyork/items/422472/?asn=fhdn-eur&asn-ref=alloutdooradventures&ref=alloutdooradventures&bookable-only=yes&full-items=yes&marketplace=yes&flow=no,https://cdn.filestackcontent.com/HUuNacjXQdOkcbCzzQTX
CNewYork,cnewyork,visites@cnewyork.net,,United States/New York/New York,-74.005973,40.712775,339806,Accompagnement physique sur mesure,Walking Tour,1,24,0,https://fareharbor.com/embeds/calendar/cnewyork/items/339806/?asn=fhdn-eur&asn-ref=alloutdooradventures&ref=alloutdooradventures&bookable-only=yes&full-items=yes&marketplace=yes&flow=no,"<script src=""https://fareharbor.com/embeds/script/calendar/cnewyork/items/339806/?asn=fhdn-eur&asn-ref=alloutdooradventures&ref=alloutdooradventures&bookable-only=yes&full-items=yes&marketplace=yes&flow=no""></script>",https://fareharbor.com/embeds/book/cnewyork/items/339806/?asn=fhdn-eur&asn-ref=alloutdooradventures&ref=alloutdooradventures&bookable-only=yes&full-items=yes&marketplace=yes&flow=no,https://cdn.filestackcontent.com/9YnKg6zkTJq0oWqnOH9V
CNewYork,cnewyork,visites@cnewyork.net,,United States/New York/Brooklyn,,,348646,Gospel avec visite de Brooklyn Heights et Dumbo,Walking Tour,1,24,0,https://fareharbor.com/embeds/calendar/cnewyork/items/348646/?asn=fhdn-eur&asn-ref=alloutdooradventures&ref=alloutdooradventures&bookable-only=yes&full-items=yes&marketplace=yes&flow=no,"<script src=""https://fareharbor.com/embeds/script/calendar/cnewyork/items/348646/?asn=fhdn-eur&asn-ref=alloutdooradventures&ref=alloutdooradventures&bookable-only=yes&full-items=yes&marketplace=yes&flow=no""></script>",https://fareharbor.com/embeds/book/cnewyork/items/348646/?asn=fhdn-eur&asn-ref=alloutdooradventures&ref=alloutdooradventures&bookable-only=yes&full-items=yes&marketplace=yes&flow=no,https://cdn.filestackcontent.com/MgB4vbYXQAmt529aRPLq
CNewYork,cnewyork,visites@cnewyork.net,,United States/Pennsylvania/Philadelphia,,,441053,Visite guidée Philadelphie,Walking Tour,1,24,0,https://fareharbor.com/embeds/calendar/cnewyork/items/441053/?asn=fhdn-eur&asn-ref=alloutdooradventures&ref=alloutdooradventures&bookable-only=yes&full-items=yes&marketplace=yes&flow=no,"<script src=""https://fareharbor.com/embeds/script/calendar/cnewyork/items/441053/?asn=fhdn-eur&asn-ref=alloutdooradventures&ref=alloutdooradventures&bookable-only=yes&full-items=yes&marketplace=yes&flow=no""></script>",https://fareharbor.com/embeds/book/cnewyork/items/441053/?asn=fhdn-eur&asn-ref=alloutdooradventures&ref=alloutdooradventures&bookable-only=yes&full-items=yes&marketplace=yes&flow=no,https://cdn.filestackcontent.com/aUIaAP1FR0aunpI69a2c
Scott's Transport & Tours JA,scotttransportandtours,Scottdorrel@gmail.com,1 (876) 878-7156,Jamaica/St. James Parish/Montego Bay,,,480591,Luminous Lagoon—Glistening Water,Boat Tour-Other,3,24,900,https://fareharbor.com/embeds/calendar/scotttransportandtours/items/480591/?asn=fhdn&asn-ref=alloutdooradventures&ref=alloutdooradventures&bookable-only=yes&full-items=yes&marketplace=yes&flow=no,"<script src=""https://fareharbor.com/embeds/script/calendar/scotttransportandtours/items/480591/?asn=fhdn&asn-ref=alloutdooradventures&ref=alloutdooradventures&bookable-only=yes&full-items=yes&marketplace=yes&flow=no""></script>",https://fareharbor.com/embeds/book/scotttransportandtours/items/480591/?asn=fhdn&asn-ref=alloutdooradventures&ref=alloutdooradventures&bookable-only=yes&full-items=yes&marketplace=yes&flow=no,https://cdn.filestackcontent.com/wN5lr5lpSVKPbkmYflnD
CNewYork,cnewyork,visites@cnewyork.net,,United States/District of Columbia/Washington,,,489028,Tour Washington classique privé,Walking Tour,1,24,0,https://fareharbor.com/embeds/calendar/cnewyork/items/489028/?asn=fhdn-eur&asn-ref=alloutdooradventures&ref=alloutdooradventures&bookable-only=yes&full-items=yes&marketplace=yes&flow=no,"<script src=""https://fareharbor.com/embeds/script/calendar/cnewyork/items/489028/?asn=fhdn-eur&asn-ref=alloutdooradventures&ref=alloutdooradventures&bookable-only=yes&full-items=yes&marketplace=yes&flow=no""></script>",https://fareharbor.com/embeds/book/cnewyork/items/489028/?asn=fhdn-eur&asn-ref=alloutdooradventures&ref=alloutdooradventures&bookable-only=yes&full-items=yes&marketplace=yes&flow=no,https://cdn.filestackcontent.com/cjn9gXEeS6guPwvVtMJs
CNewYork,cnewyork,visites@cnewyork.net,,United States/New York/New York,,,529229,Extérieur Columbia University et Harlem  PRIVATIF,Walking Tour,1,23,0,https://fareharbor.com/embeds/calendar/cnewyork/items/529229/?asn=fhdn-eur&asn-ref=alloutdooradventures&ref=alloutdooradventures&bookable-only=yes&full-items=yes&marketplace=yes&flow=no,"<script src=""https://fareharbor.com/embeds/script/calendar/cnewyork/items/529229/?asn=fhdn-eur&asn-ref=alloutdooradventures&ref=alloutdooradventures&bookable-only=yes&full-items=yes&marketplace=yes&flow=no""></script>",https://fareharbor.com/embeds/book/cnewyork/items/529229/?asn=fhdn-eur&asn-ref=alloutdooradventures&ref=alloutdooradventures&bookable-only=yes&full-items=yes&marketplace=yes&flow=no,https://cdn.filestackcontent.com/j81vteHQrigbREWH31OQ
Universal Tour Guide,universal-tourguide,bookingparis@utg-experience.com,+33 184606720,France/Île-de-France/Montreuil,,,387477,Strasbourg Christmas Market Walking Tour,Events-Guided Tour-Walking Tour,2,21,0,https://fareharbor.com/embeds/calendar/universal-tourguide/items/387477/?asn=fhdn-eur&asn-ref=alloutdooradventures&ref=alloutdooradventures&bookable-only=yes&full-items=yes&marketplace=yes&flow=no,"<script src=""https://fareharbor.com/embeds/script/calendar/universal-tourguide/items/387477/?asn=fhdn-eur&asn-ref=alloutdooradventures&ref=alloutdooradventures&bookable-only=yes&full-items=yes&marketplace=yes&flow=no""></script>",https://fareharbor.com/embeds/book/universal-tourguide/items/387477/?asn=fhdn-eur&asn-ref=alloutdooradventures&ref=alloutdooradventures&bookable-only=yes&full-items=yes&marketplace=yes&flow=no,https://cdn.filestackcontent.com/RGK4oibPR2wxPpbSS1Qw
