company_name,company_shortname,company_email,company_phone,location,location_lat,location_long,item_id,item_name,tags,image_count,quality_score,availability_count,calendar_link,calendar_script,regular_link,image_url
On Tales,ontales,comercial@ontales.com,+351 911 911 777,Portugal/Madeira/Calheta,,,137037,MIRANDA - Private Whale and Dolphin Watching,Boat Tour-Dolphin-Eco Tour-Private-Sailing-Sightseeing Tour-Snorkel-Water Activities-Whale Watch-Wildlife,5,100,541,https://fareharbor.com/embeds/calendar/ontales/items/137037/?asn=fhdn-eur&asn-ref=alloutdooradventures&ref=alloutdooradventures&bookable-only=yes&full-items=yes&marketplace=yes&flow=no,"<script src=""https://fareharbor.com/embeds/script/calendar/ontales/items/137037/?asn=fhdn-eur&asn-ref=alloutdooradventures&ref=alloutdooradventures&bookable-only=yes&full-items=yes&marketplace=yes&flow=no""></script>",https://fareharbor.com/embeds/book/ontales/items/137037/?asn=fhdn-eur&asn-ref=alloutdooradventures&ref=alloutdooradventures&bookable-only=yes&full-items=yes&marketplace=yes&flow=no,https://cdn.filestackcontent.com/D1cUAlCJSheEK84ZXzY1
Eco Trilha,ecotrilha,booking@ecotrilha.pt,+35 1927 771 815,Portugal/Azores/Ponta Delgada,-25.710385,37.749346,146425,4-Day Azores Tour | Island Adventure & Nature Highlights,City Tour-Eco Tour-Factory Tour-Farm-Food Tour-Guided Tour-Hiking-History Tour-Transfer-Service-Sightseeing Tour-Walking Tour,9,100,138,https://fareharbor.com/embeds/calendar/ecotrilha/items/146425/?asn=fhdn-eur&asn-ref=alloutdooradventures&ref=alloutdooradventures&bookable-only=yes&full-items=yes&marketplace=yes&flow=no,"<script src=""https://fareharbor.com/embeds/script/calendar/ecotrilha/items/146425/?asn=fhdn-eur&asn-ref=alloutdooradventures&ref=alloutdooradventures&bookable-only=yes&full-items=yes&marketplace=yes&flow=no""></script>",https://fareharbor.com/embeds/book/ecotrilha/items/146425/?asn=fhdn-eur&asn-ref=alloutdooradventures&ref=alloutdooradventures&bookable-only=yes&full-items=yes&marketplace=yes&flow=no,https://cdn.filestackcontent.com/kqZpLnSsC3eNtTEJm9Wg
Eco Trilha,ecotrilha,booking@ecotrilha.pt,+35 1927 771 815,Portugal/Braga/Braga,-8.426507,41.545449,147228,"Braga to Douro Valley: Small‑Group Wine Tour, Cruise & Lunch",Boat Tour-Eco Tour-Guided Tour-Transfer-Winery-Wine,13,100,41,https://fareharbor.com/embeds/calendar/ecotrilha/items/147228/?asn=fhdn-eur&asn-ref=alloutdooradventures&ref=alloutdooradventures&bookable-only=yes&full-items=yes&marketplace=yes&flow=no,"<script src=""https://fareharbor.com/embeds/script/calendar/ecotrilha/items/147228/?asn=fhdn-eur&asn-ref=alloutdooradventures&ref=alloutdooradventures&bookable-only=yes&full-items=yes&marketplace=yes&flow=no""></script>",https://fareharbor.com/embeds/book/ecotrilha/items/147228/?asn=fhdn-eur&asn-ref=alloutdooradventures&ref=alloutdooradventures&bookable-only=yes&full-items=yes&marketplace=yes&flow=no,https://cdn.filestackcontent.com/uFTs8qXpQbmvQ54S9ETt
Eco Trilha,ecotrilha,booking@ecotrilha.pt,+35 1927 771 815,Portugal/Lisbon/Lisbon,-9.139337,38.722252,147272,Lisbon to Fatima Half-Day Tour | Spiritual & Historical Visit,Transfer-Private-Self-Guided Tour,7,100,149,https://fareharbor.com/embeds/calendar/ecotrilha/items/147272/?asn=fhdn-eur&asn-ref=alloutdooradventures&ref=alloutdooradventures&bookable-only=yes&full-items=yes&marketplace=yes&flow=no,"<script src=""https://fareharbor.com/embeds/script/calendar/ecotrilha/items/147272/?asn=fhdn-eur&asn-ref=alloutdooradventures&ref=alloutdooradventures&bookable-only=yes&full-items=yes&marketplace=yes&flow=no""></script>",https://fareharbor.com/embeds/book/ecotrilha/items/147272/?asn=fhdn-eur&asn-ref=alloutdooradventures&ref=alloutdooradventures&bookable-only=yes&full-items=yes&marketplace=yes&flow=no,https://cdn.filestackcontent.com/QVo4hyHvQL25F9xW9z9b
SeaEO-Tours,seaeo-tours,info@seaeo-tours.pt,+351925246484,Portugal/Lisboa/Lisboa,,,154515,Dolphin Watching Lisbon,Boat Tour-Dolphin-Eco Tour-Environmental Attraction-Events-Guided Tour-Photography Tour-Private-Sailing-Sightseeing Tour-Water Activities-Whale Watch-Wildlife,13,100,249,https://fareharbor.com/embeds/calendar/seaeo-tours/items/154515/?asn=fhdn-eur&asn-ref=alloutdooradventures&ref=alloutdooradventures&bookable-only=yes&full-items=yes&marketplace=yes&flow=no,"<script src=""https://fareharbor.com/embeds/script/calendar/seaeo-tours/items/154515/?asn=fhdn-eur&asn-ref=alloutdooradventures&ref=alloutdooradventures&bookable-only=yes&full-items=yes&marketplace=yes&flow=no""></script>",https://fareharbor.com/embeds/book/seaeo-tours/items/154515/?asn=fhdn-eur&asn-ref=alloutdooradventures&ref=alloutdooradventures&bookable-only=yes&full-items=yes&marketplace=yes&flow=no,https://cdn.filestackcontent.com/cT1pG81hREKywBP8DuG7
Eco Trilha,ecotrilha,booking@ecotrilha.pt,+35 1927 771 815,"Portugal/Madeira/Santa Cruz, Madeira",-16.774145,32.697515,274902,4‑Day Madeira Tour | Levada Hike & Cultural Highlights,City Tour-Eco Tour-Guided Tour-History Tour-Transfer-Service-Sightseeing Tour-Wine,9,100,143,https://fareharbor.com/embeds/calendar/ecotrilha/items/274902/?asn=fhdn-eur&asn-ref=alloutdooradventures&ref=alloutdooradventures&bookable-only=yes&full-items=yes&marketplace=yes&flow=no,"<script src=""https://fareharbor.com/embeds/script/calendar/ecotrilha/items/274902/?asn=fhdn-eur&asn-ref=alloutdooradventures&ref=alloutdooradventures&bookable-only=yes&full-items=yes&marketplace=yes&flow=no""></script>",https://fareharbor.com/embeds/book/ecotrilha/items/274902/?asn=fhdn-eur&asn-ref=alloutdooradventures&ref=alloutdooradventures&bookable-only=yes&full-items=yes&marketplace=yes&flow=no,https://cdn.filestackcontent.com/hVWRaX5uRlmSD2wLDLPX
Go Travel Everywhere,gotraveleverywhere,hello@gotraveleverywhere.com,+351 915 194 999,Portugal/Aveiro District/Alvarenga,-8.177047,40.952762,511361,Passeio Guiado com partida Porto à Ponte 516 Arouca & Passadiços de Paiva,Guided Tour-Hiking-Walking Tour,6,100,360,https://fareharbor.com/embeds/calendar/gotraveleverywhere/items/511361/?asn=fhdn-eur&asn-ref=alloutdooradventures&ref=alloutdooradventures&bookable-only=yes&full-items=yes&marketplace=yes&flow=no,"<script src=""https://fareharbor.com/embeds/script/calendar/gotraveleverywhere/items/511361/?asn=fhdn-eur&asn-ref=alloutdooradventures&ref=alloutdooradventures&bookable-only=yes&full-items=yes&marketplace=yes&flow=no""></script>",https://fareharbor.com/embeds/book/gotraveleverywhere/items/511361/?asn=fhdn-eur&asn-ref=alloutdooradventures&ref=alloutdooradventures&bookable-only=yes&full-items=yes&marketplace=yes&flow=no,https://cdn.filestackcontent.com/41qgru3cR3O6Z2G2V584
On Tales,ontales,comercial@ontales.com,+351 911 911 777,Portugal/Madeira/Calheta,,,539113,GRINGO Yacht - Shared whale and dolphin watching,Boat Tour-Dolphin-Eco Tour-Other-Photography Tour-Sightseeing Tour-Snorkel-Water Activities-Whale Watch-Wildlife,2,100,641,https://fareharbor.com/embeds/calendar/ontales/items/539113/?asn=fhdn-eur&asn-ref=alloutdooradventures&ref=alloutdooradventures&bookable-only=yes&full-items=yes&marketplace=yes&flow=no,"<script src=""https://fareharbor.com/embeds/script/calendar/ontales/items/539113/?asn=fhdn-eur&asn-ref=alloutdooradventures&ref=alloutdooradventures&bookable-only=yes&full-items=yes&marketplace=yes&flow=no""></script>",https://fareharbor.com/embeds/book/ontales/items/539113/?asn=fhdn-eur&asn-ref=alloutdooradventures&ref=alloutdooradventures&bookable-only=yes&full-items=yes&marketplace=yes&flow=no,https://cdn.filestackcontent.com/7kQentfmQzSV0BbSunfD
On Tales,ontales,comercial@ontales.com,+351 911 911 777,Portugal/Madeira/Calheta,,,549335,GRINGO Yacht - Private charter,Boat Rental-Boat Tour-Dolphin-Eco Tour-Other-Private-Rentals-Sailing-Sightseeing Tour-Snorkel-Whale Watch-Wildlife,2,100,641,https://fareharbor.com/embeds/calendar/ontales/items/549335/?asn=fhdn-eur&asn-ref=alloutdooradventures&ref=alloutdooradventures&bookable-only=yes&full-items=yes&marketplace=yes&flow=no,"<script src=""https://fareharbor.com/embeds/script/calendar/ontales/items/549335/?asn=fhdn-eur&asn-ref=alloutdooradventures&ref=alloutdooradventures&bookable-only=yes&full-items=yes&marketplace=yes&flow=no""></script>",https://fareharbor.com/embeds/book/ontales/items/549335/?asn=fhdn-eur&asn-ref=alloutdooradventures&ref=alloutdooradventures&bookable-only=yes&full-items=yes&marketplace=yes&flow=no,https://cdn.filestackcontent.com/Fw9NuFpoQCCiaHDt6DYG
Go Travel Everywhere,gotraveleverywhere,hello@gotraveleverywhere.com,+351 915 194 999,Portugal/Aveiro District/Alvarenga,-8.177047,40.952762,640774,Saía do Porto e viva a emoção do rafting nas águas selvagens do Rio Paiva – uma aventura que vai acelerar o coração!,Guided Tour-Rafting,5,100,131,https://fareharbor.com/embeds/calendar/gotraveleverywhere/items/640774/?asn=fhdn-eur&asn-ref=alloutdooradventures&ref=alloutdooradventures&bookable-only=yes&full-items=yes&marketplace=yes&flow=no,"<script src=""https://fareharbor.com/embeds/script/calendar/gotraveleverywhere/items/640774/?asn=fhdn-eur&asn-ref=alloutdooradventures&ref=alloutdooradventures&bookable-only=yes&full-items=yes&marketplace=yes&flow=no""></script>",https://fareharbor.com/embeds/book/gotraveleverywhere/items/640774/?asn=fhdn-eur&asn-ref=alloutdooradventures&ref=alloutdooradventures&bookable-only=yes&full-items=yes&marketplace=yes&flow=no,https://cdn.filestackcontent.com/aiwFb2xQHideMqOjFC2F
Valencia Bikes,valenciabikes,info@valenciabikes.com,+34 650621436,Spain/Comunidad Valenciana/Valencia,-0.391337,39.476982,197884,Valencia Bike Tour in DUTCH,Attraction-Bike Tour-City Tour,6,99,391,https://fareharbor.com/embeds/calendar/valenciabikes/items/197884/?asn=fhdn-eur&asn-ref=alloutdooradventures&ref=alloutdooradventures&bookable-only=yes&full-items=yes&marketplace=yes&flow=no,"<script src=""https://fareharbor.com/embeds/script/calendar/valenciabikes/items/197884/?asn=fhdn-eur&asn-ref=alloutdooradventures&ref=alloutdooradventures&bookable-only=yes&full-items=yes&marketplace=yes&flow=no""></script>",https://fareharbor.com/embeds/book/valenciabikes/items/197884/?asn=fhdn-eur&asn-ref=alloutdooradventures&ref=alloutdooradventures&bookable-only=yes&full-items=yes&marketplace=yes&flow=no,https://cdn.filestackcontent.com/6xRmregTyWUcPOev23zl
Elecmove Electric Bikes,elecmove,reservations@elecmove.com,+34 954 215 925,Spain/Andalucía/Sevilla,,,268692,Sevilla Fundamental,Bike Rental-Bike Tour,5,99,1748,https://fareharbor.com/embeds/calendar/elecmove/items/268692/?asn=fhdn-eur&asn-ref=alloutdooradventures&ref=alloutdooradventures&bookable-only=yes&full-items=yes&marketplace=yes&flow=no,"<script src=""https://fareharbor.com/embeds/script/calendar/elecmove/items/268692/?asn=fhdn-eur&asn-ref=alloutdooradventures&ref=alloutdooradventures&bookable-only=yes&full-items=yes&marketplace=yes&flow=no""></script>",https://fareharbor.com/embeds/book/elecmove/items/268692/?asn=fhdn-eur&asn-ref=alloutdooradventures&ref=alloutdooradventures&bookable-only=yes&full-items=yes&marketplace=yes&flow=no,https://cdn.filestackcontent.com/KnbXc1nfScu4JJSw4ciF
Sagres Discovery Tours,sagres-discovery,sandropatrony@hotmail.com,00351 914104766,Portugal/Faro/Sagres,-8.940593,37.016829,358865,Passeio 1/2 Dia - Monchique e lago da Bravura,Jeep,1,99,49,https://fareharbor.com/embeds/calendar/sagres-discovery/items/358865/?asn=fhdn-eur&asn-ref=alloutdooradventures&ref=alloutdooradventures&bookable-only=yes&full-items=yes&marketplace=yes&flow=no,"<script src=""https://fareharbor.com/embeds/script/calendar/sagres-discovery/items/358865/?asn=fhdn-eur&asn-ref=alloutdooradventures&ref=alloutdooradventures&bookable-only=yes&full-items=yes&marketplace=yes&flow=no""></script>",https://fareharbor.com/embeds/book/sagres-discovery/items/358865/?asn=fhdn-eur&asn-ref=alloutdooradventures&ref=alloutdooradventures&bookable-only=yes&full-items=yes&marketplace=yes&flow=no,https://cdn.filestackcontent.com/YbdAEpWvSSBrCZeN27nE
Go Travel Everywhere,gotraveleverywhere,hello@gotraveleverywhere.com,+351 915 194 999,Portugal/Porto/Porto,,,592350,"Saía do Porto e Parta para a Aventura: Ponte 516 Arouca, Passadiços do Paiva, Aveiro & Costa Nova – Natureza e Tradição num Só Dia",Eco Tour-Guided Tour-Walking Tour,8,99,180,https://fareharbor.com/embeds/calendar/gotraveleverywhere/items/592350/?asn=fhdn-eur&asn-ref=alloutdooradventures&ref=alloutdooradventures&bookable-only=yes&full-items=yes&marketplace=yes&flow=no,"<script src=""https://fareharbor.com/embeds/script/calendar/gotraveleverywhere/items/592350/?asn=fhdn-eur&asn-ref=alloutdooradventures&ref=alloutdooradventures&bookable-only=yes&full-items=yes&marketplace=yes&flow=no""></script>",https://fareharbor.com/embeds/book/gotraveleverywhere/items/592350/?asn=fhdn-eur&asn-ref=alloutdooradventures&ref=alloutdooradventures&bookable-only=yes&full-items=yes&marketplace=yes&flow=no,https://cdn.filestackcontent.com/uAhBFktbTKCiiQjYOgWm
On Tales,ontales,comercial@ontales.com,+351 911 911 777,Portugal/Madeira/Calheta,,,664358,GRINGO Yacht - Private charter Half day,Boat Rental-Boat Tour-Dolphin-Eco Tour-Other-Photography Tour-Private-Sightseeing Tour-Snorkel-Water Activities-Whale Watch-Wildlife,6,99,360,https://fareharbor.com/embeds/calendar/ontales/items/664358/?asn=fhdn-eur&asn-ref=alloutdooradventures&ref=alloutdooradventures&bookable-only=yes&full-items=yes&marketplace=yes&flow=no,"<script src=""https://fareharbor.com/embeds/script/calendar/ontales/items/664358/?asn=fhdn-eur&asn-ref=alloutdooradventures&ref=alloutdooradventures&bookable-only=yes&full-items=yes&marketplace=yes&flow=no""></script>",https://fareharbor.com/embeds/book/ontales/items/664358/?asn=fhdn-eur&asn-ref=alloutdooradventures&ref=alloutdooradventures&bookable-only=yes&full-items=yes&marketplace=yes&flow=no,https://cdn.filestackcontent.com/Z9McHHmR4CWkT2cu76QR
Mundo Marino Grupo,mundomarino,info@mundomarino.es,+34 966 42 30 66,Spain/Comunidad Valenciana/Dénia,0.113436,38.841419,126584,Parasailing en Denia,Parasail,5,98,333,https://fareharbor.com/embeds/calendar/mundomarino/items/126584/?asn=fhdn-eur&asn-ref=alloutdooradventures&ref=alloutdooradventures&bookable-only=yes&full-items=yes&marketplace=yes&flow=no,"<script src=""https://fareharbor.com/embeds/script/calendar/mundomarino/items/126584/?asn=fhdn-eur&asn-ref=alloutdooradventures&ref=alloutdooradventures&bookable-only=yes&full-items=yes&marketplace=yes&flow=no""></script>",https://fareharbor.com/embeds/book/mundomarino/items/126584/?asn=fhdn-eur&asn-ref=alloutdooradventures&ref=alloutdooradventures&bookable-only=yes&full-items=yes&marketplace=yes&flow=no,https://cdn.filestackcontent.com/kboYFgqSdqZQpp99NT5g
Go Local San Sebastián,golocalsansebastian,kaixo@golocalsansebastian.com,+34 943048328,Spain/Euskadi/Donostia,,,183031,Classic E-Bike Tour (Tour in English),Bike Rental-Bike Tour-E-Bike-Guided Tour,5,98,358,https://fareharbor.com/embeds/calendar/golocalsansebastian/items/183031/?asn=fhdn-eur&asn-ref=alloutdooradventures&ref=alloutdooradventures&bookable-only=yes&full-items=yes&marketplace=yes&flow=no,"<script src=""https://fareharbor.com/embeds/script/calendar/golocalsansebastian/items/183031/?asn=fhdn-eur&asn-ref=alloutdooradventures&ref=alloutdooradventures&bookable-only=yes&full-items=yes&marketplace=yes&flow=no""></script>",https://fareharbor.com/embeds/book/golocalsansebastian/items/183031/?asn=fhdn-eur&asn-ref=alloutdooradventures&ref=alloutdooradventures&bookable-only=yes&full-items=yes&marketplace=yes&flow=no,https://cdn.filestackcontent.com/smCcFhbhR9Cf4DPT7OhF
On Tales,ontales,comercial@ontales.com,+351 911 911 777,Portugal/Madeira/Calheta,,,311729,Private Sunset cruise,Boat Tour-Eco Tour-Other-Photography Tour-Private-Sailing-Sightseeing Tour-Snorkel-Water Activities-Wildlife-Wine,3,98,140,https://fareharbor.com/embeds/calendar/ontales/items/311729/?asn=fhdn-eur&asn-ref=alloutdooradventures&ref=alloutdooradventures&bookable-only=yes&full-items=yes&marketplace=yes&flow=no,"<script src=""https://fareharbor.com/embeds/script/calendar/ontales/items/311729/?asn=fhdn-eur&asn-ref=alloutdooradventures&ref=alloutdooradventures&bookable-only=yes&full-items=yes&marketplace=yes&flow=no""></script>",https://fareharbor.com/embeds/book/ontales/items/311729/?asn=fhdn-eur&asn-ref=alloutdooradventures&ref=alloutdooradventures&bookable-only=yes&full-items=yes&marketplace=yes&flow=no,https://cdn.filestackcontent.com/BUlLbpXgRm6oEGoHVT5T
Elecmove Electric Bikes,elecmove,reservations@elecmove.com,+34 954 215 925,Spain/Andalucía/Sevilla,,,268743,Alquiler de bicicletas eléctricas URBANAS,Bike Rental-E-Bike-Eco Tour-Rentals-Self-Guided Tour-Sports,5,97,1407,https://fareharbor.com/embeds/calendar/elecmove/items/268743/?asn=fhdn-eur&asn-ref=alloutdooradventures&ref=alloutdooradventures&bookable-only=yes&full-items=yes&marketplace=yes&flow=no,"<script src=""https://fareharbor.com/embeds/script/calendar/elecmove/items/268743/?asn=fhdn-eur&asn-ref=alloutdooradventures&ref=alloutdooradventures&bookable-only=yes&full-items=yes&marketplace=yes&flow=no""></script>",https://fareharbor.com/embeds/book/elecmove/items/268743/?asn=fhdn-eur&asn-ref=alloutdooradventures&ref=alloutdooradventures&bookable-only=yes&full-items=yes&marketplace=yes&flow=no,https://cdn.filestackcontent.com/cOY1lGo8T1KHV194iqdX
Bravo Bike SL,bravobike,info@bravobike.com,+34 607 448 440,Spain/Comunidad de Madrid/Madrid,,,141720,Private Madrid Regular or E-Bike Tour,Bike Rental-Bike Tour-Private,10,96,262,https://fareharbor.com/embeds/calendar/bravobike/items/141720/?asn=fhdn-eur&asn-ref=alloutdooradventures&ref=alloutdooradventures&bookable-only=yes&full-items=yes&marketplace=yes&flow=no,"<script src=""https://fareharbor.com/embeds/script/calendar/bravobike/items/141720/?asn=fhdn-eur&asn-ref=alloutdooradventures&ref=alloutdooradventures&bookable-only=yes&full-items=yes&marketplace=yes&flow=no""></script>",https://fareharbor.com/embeds/book/bravobike/items/141720/?asn=fhdn-eur&asn-ref=alloutdooradventures&ref=alloutdooradventures&bookable-only=yes&full-items=yes&marketplace=yes&flow=no,https://cdn.filestackcontent.com/MmfarPXJQbeTfpBfNSKb
Valencia Bikes,valenciabikes,info@valenciabikes.com,+34 650621436,Spain/Comunidad Valenciana/Valencia,-0.391337,39.476982,340030,Bike Tour in English,Attraction-Bike Tour-City Tour,2,95,154,https://fareharbor.com/embeds/calendar/valenciabikes/items/340030/?asn=fhdn-eur&asn-ref=alloutdooradventures&ref=alloutdooradventures&bookable-only=yes&full-items=yes&marketplace=yes&flow=no,"<script src=""https://fareharbor.com/embeds/script/calendar/valenciabikes/items/340030/?asn=fhdn-eur&asn-ref=alloutdooradventures&ref=alloutdooradventures&bookable-only=yes&full-items=yes&marketplace=yes&flow=no""></script>",https://fareharbor.com/embeds/book/valenciabikes/items/340030/?asn=fhdn-eur&asn-ref=alloutdooradventures&ref=alloutdooradventures&bookable-only=yes&full-items=yes&marketplace=yes&flow=no,https://cdn.filestackcontent.com/K6gcDLdGQ1GJC18ooG4e
Valencia Bikes,valenciabikes,info@valenciabikes.com,+34 650621436,Spain/Comunidad Valenciana/Valencia,-0.391337,39.476982,494943,Valencia Private Bike Tour in Dutch,Bike Tour-Private,3,95,170,https://fareharbor.com/embeds/calendar/valenciabikes/items/494943/?asn=fhdn-eur&asn-ref=alloutdooradventures&ref=alloutdooradventures&bookable-only=yes&full-items=yes&marketplace=yes&flow=no,"<script src=""https://fareharbor.com/embeds/script/calendar/valenciabikes/items/494943/?asn=fhdn-eur&asn-ref=alloutdooradventures&ref=alloutdooradventures&bookable-only=yes&full-items=yes&marketplace=yes&flow=no""></script>",https://fareharbor.com/embeds/book/valenciabikes/items/494943/?asn=fhdn-eur&asn-ref=alloutdooradventures&ref=alloutdooradventures&bookable-only=yes&full-items=yes&marketplace=yes&flow=no,https://cdn.filestackcontent.com/rZTmi71aSrG07jcLwJ1J
Easy Moov,easymoov,easymoovinfo@gmail.com,34 615 41 12 61,Spain/Illes Balears/Son Serra de Marina,3.214198,39.718635,644166,Family adventure ride with guide,Air Activities-Attraction-ATV/UTV-Bike Rental-Bike Tour-E-Bike-Eco Tour-Environmental Attraction-Farm-Sports-Winter Activities,6,95,180,https://fareharbor.com/embeds/calendar/easymoov/items/644166/?asn=fhdn-eur&asn-ref=alloutdooradventures&ref=alloutdooradventures&bookable-only=yes&full-items=yes&marketplace=yes&flow=no,"<script src=""https://fareharbor.com/embeds/script/calendar/easymoov/items/644166/?asn=fhdn-eur&asn-ref=alloutdooradventures&ref=alloutdooradventures&bookable-only=yes&full-items=yes&marketplace=yes&flow=no""></script>",https://fareharbor.com/embeds/book/easymoov/items/644166/?asn=fhdn-eur&asn-ref=alloutdooradventures&ref=alloutdooradventures&bookable-only=yes&full-items=yes&marketplace=yes&flow=no,https://cdn.filestackcontent.com/3uGTcIZySoS6xFHsDefq
Madeira Sea Emotions Boat Tours,madeiraseaemotions,madeiraseaemotions@gmail.com,+351 910 308 804,Portugal/Madeira/Caniçal,-16.710462,32.741626,285842,Whale and Dolphin Watching,Boat Tour-Dolphin-Marina-Snorkel-Whale Watch,6,94,540,https://fareharbor.com/embeds/calendar/madeiraseaemotions/items/285842/?asn=fhdn-eur&asn-ref=alloutdooradventures&ref=alloutdooradventures&bookable-only=yes&full-items=yes&marketplace=yes&flow=no,"<script src=""https://fareharbor.com/embeds/script/calendar/madeiraseaemotions/items/285842/?asn=fhdn-eur&asn-ref=alloutdooradventures&ref=alloutdooradventures&bookable-only=yes&full-items=yes&marketplace=yes&flow=no""></script>",https://fareharbor.com/embeds/book/madeiraseaemotions/items/285842/?asn=fhdn-eur&asn-ref=alloutdooradventures&ref=alloutdooradventures&bookable-only=yes&full-items=yes&marketplace=yes&flow=no,https://cdn.filestackcontent.com/PGkk0vRStdHjImGqDxQl
World Experience,webarcelona,booking@worldexperience.com,+34 935950869,Spain/Comunidad de Madrid/Madrid,-3.684946,40.470249,477539,Segovia Private Guided Visit & Alcazar with High-Speed train from Madrid,City Tour-Guided Tour-Hiking-Train-Walking Tour,10,94,130,https://fareharbor.com/embeds/calendar/webarcelona/items/477539/?asn=fhdn-eur&asn-ref=alloutdooradventures&ref=alloutdooradventures&bookable-only=yes&full-items=yes&marketplace=yes&flow=no,"<script src=""https://fareharbor.com/embeds/script/calendar/webarcelona/items/477539/?asn=fhdn-eur&asn-ref=alloutdooradventures&ref=alloutdooradventures&bookable-only=yes&full-items=yes&marketplace=yes&flow=no""></script>",https://fareharbor.com/embeds/book/webarcelona/items/477539/?asn=fhdn-eur&asn-ref=alloutdooradventures&ref=alloutdooradventures&bookable-only=yes&full-items=yes&marketplace=yes&flow=no,https://cdn.filestackcontent.com/95Hc4dAZRGg7gqsiGnQQ
Outbound Mallorca,outboundmallorca,info@outboundmallorca.com,+34 619 829 190,Spain/Balearic Islands/Escorca,2.847078,39.826188,611026,Torrent de Pareis,Hiking,9,94,109,https://fareharbor.com/embeds/calendar/outboundmallorca/items/611026/?asn=fhdn-eur&asn-ref=alloutdooradventures&ref=alloutdooradventures&bookable-only=yes&full-items=yes&marketplace=yes&flow=no,"<script src=""https://fareharbor.com/embeds/script/calendar/outboundmallorca/items/611026/?asn=fhdn-eur&asn-ref=alloutdooradventures&ref=alloutdooradventures&bookable-only=yes&full-items=yes&marketplace=yes&flow=no""></script>",https://fareharbor.com/embeds/book/outboundmallorca/items/611026/?asn=fhdn-eur&asn-ref=alloutdooradventures&ref=alloutdooradventures&bookable-only=yes&full-items=yes&marketplace=yes&flow=no,https://cdn.filestackcontent.com/MY1xO7KhTZeK6rQN0BFj
Tourne,tournebilbao,info@tournebilbao.com,+34 688 749 372,Spain/Euskadi/Bilbo,,,159053,Highlights E-bike Tour,Attraction-Bike Rental-Bike Tour-City Tour-Museum,5,93,533,https://fareharbor.com/embeds/calendar/tournebilbao/items/159053/?asn=fhdn-eur&asn-ref=alloutdooradventures&ref=alloutdooradventures&bookable-only=yes&full-items=yes&marketplace=yes&flow=no,"<script src=""https://fareharbor.com/embeds/script/calendar/tournebilbao/items/159053/?asn=fhdn-eur&asn-ref=alloutdooradventures&ref=alloutdooradventures&bookable-only=yes&full-items=yes&marketplace=yes&flow=no""></script>",https://fareharbor.com/embeds/book/tournebilbao/items/159053/?asn=fhdn-eur&asn-ref=alloutdooradventures&ref=alloutdooradventures&bookable-only=yes&full-items=yes&marketplace=yes&flow=no,https://cdn.filestackcontent.com/6Y1IEficRoWjTdoNH6nd
Lobosonda Madeira Whale Watching,lobosondamadeira,info@lobosonda.com,+351968400980,Portugal/Madeira/Estreito da Calheta,-17.172102,32.718611,112114,Whale Watching on the Historic Ribeira Brava,Whale Watch,9,92,303,https://fareharbor.com/embeds/calendar/lobosondamadeira/items/112114/?asn=fhdn-eur&asn-ref=alloutdooradventures&ref=alloutdooradventures&bookable-only=yes&full-items=yes&marketplace=yes&flow=no,"<script src=""https://fareharbor.com/embeds/script/calendar/lobosondamadeira/items/112114/?asn=fhdn-eur&asn-ref=alloutdooradventures&ref=alloutdooradventures&bookable-only=yes&full-items=yes&marketplace=yes&flow=no""></script>",https://fareharbor.com/embeds/book/lobosondamadeira/items/112114/?asn=fhdn-eur&asn-ref=alloutdooradventures&ref=alloutdooradventures&bookable-only=yes&full-items=yes&marketplace=yes&flow=no,https://cdn.filestackcontent.com/3FVNtEbXSX2uVOdBjrnv
Safari Madeira,safarimadeira,info@safarimadeira.com,+351 919 864 485,Portugal/Madeira/Funchal,-16.946708,32.634964,133814,Safari 4x4 West Tour - Full Day,Jeep,3,92,179,https://fareharbor.com/embeds/calendar/safarimadeira/items/133814/?asn=fhdn-eur&asn-ref=alloutdooradventures&ref=alloutdooradventures&bookable-only=yes&full-items=yes&marketplace=yes&flow=no,"<script src=""https://fareharbor.com/embeds/script/calendar/safarimadeira/items/133814/?asn=fhdn-eur&asn-ref=alloutdooradventures&ref=alloutdooradventures&bookable-only=yes&full-items=yes&marketplace=yes&flow=no""></script>",https://fareharbor.com/embeds/book/safarimadeira/items/133814/?asn=fhdn-eur&asn-ref=alloutdooradventures&ref=alloutdooradventures&bookable-only=yes&full-items=yes&marketplace=yes&flow=no,https://cdn.filestackcontent.com/jLQhaJYtQ2SeSHcpZaWU
Tourne,tournebilbao,info@tournebilbao.com,+34 688 749 372,Spain/Euskadi/Bilbo,,,159057,Highlights Private E-bike Tour,Bike Rental-Bike Tour,1,92,1077,https://fareharbor.com/embeds/calendar/tournebilbao/items/159057/?asn=fhdn-eur&asn-ref=alloutdooradventures&ref=alloutdooradventures&bookable-only=yes&full-items=yes&marketplace=yes&flow=no,"<script src=""https://fareharbor.com/embeds/script/calendar/tournebilbao/items/159057/?asn=fhdn-eur&asn-ref=alloutdooradventures&ref=alloutdooradventures&bookable-only=yes&full-items=yes&marketplace=yes&flow=no""></script>",https://fareharbor.com/embeds/book/tournebilbao/items/159057/?asn=fhdn-eur&asn-ref=alloutdooradventures&ref=alloutdooradventures&bookable-only=yes&full-items=yes&marketplace=yes&flow=no,https://cdn.filestackcontent.com/8n6ZF9zTouW3N5P7jpnb
Trixi Madrid,trixi,madrid@trixi.com,+34 915 231 547,Spain/Comunidad de Madrid/Madrid,-3.701245,40.418869,133824,Madrid Highlights Tour,Bike Tour-City Tour-E-Bike-History Tour-Museum,7,91,357,https://fareharbor.com/embeds/calendar/trixi/items/133824/?asn=fhdn-eur&asn-ref=alloutdooradventures&ref=alloutdooradventures&bookable-only=yes&full-items=yes&marketplace=yes&flow=no,"<script src=""https://fareharbor.com/embeds/script/calendar/trixi/items/133824/?asn=fhdn-eur&asn-ref=alloutdooradventures&ref=alloutdooradventures&bookable-only=yes&full-items=yes&marketplace=yes&flow=no""></script>",https://fareharbor.com/embeds/book/trixi/items/133824/?asn=fhdn-eur&asn-ref=alloutdooradventures&ref=alloutdooradventures&bookable-only=yes&full-items=yes&marketplace=yes&flow=no,https://cdn.filestackcontent.com/EG7bmrRbSmKUutipBom8
Wonder Van,wondervan,welcome@wondervan.pt,+351963667660,Portugal/Lisboa/Sintra,-9.387247,38.798892,453507,"Aventura De Jeep Em Sintra – Vinho, Sabores & Liberdade",Jeep-Wine,14,91,148,https://fareharbor.com/embeds/calendar/wondervan/items/453507/?asn=fhdn-eur&asn-ref=alloutdooradventures&ref=alloutdooradventures&bookable-only=yes&full-items=yes&marketplace=yes&flow=no,"<script src=""https://fareharbor.com/embeds/script/calendar/wondervan/items/453507/?asn=fhdn-eur&asn-ref=alloutdooradventures&ref=alloutdooradventures&bookable-only=yes&full-items=yes&marketplace=yes&flow=no""></script>",https://fareharbor.com/embeds/book/wondervan/items/453507/?asn=fhdn-eur&asn-ref=alloutdooradventures&ref=alloutdooradventures&bookable-only=yes&full-items=yes&marketplace=yes&flow=no,https://cdn.filestackcontent.com/eFJPEl0Sayo1OMVCq9mw
"Tricla, Lda",tricla,tours@tricla.pt,+351 933 658 008,Portugal/Porto/Porto,,,84726,"Private Bike Tour - River, Beaches & Parks",Bike Tour,22,90,357,https://fareharbor.com/embeds/calendar/tricla/items/84726/?asn=fhdn-eur&asn-ref=alloutdooradventures&ref=alloutdooradventures&bookable-only=yes&full-items=yes&marketplace=yes&flow=no,"<script src=""https://fareharbor.com/embeds/script/calendar/tricla/items/84726/?asn=fhdn-eur&asn-ref=alloutdooradventures&ref=alloutdooradventures&bookable-only=yes&full-items=yes&marketplace=yes&flow=no""></script>",https://fareharbor.com/embeds/book/tricla/items/84726/?asn=fhdn-eur&asn-ref=alloutdooradventures&ref=alloutdooradventures&bookable-only=yes&full-items=yes&marketplace=yes&flow=no,https://cdn.filestackcontent.com/gByvCroEROWPtxPFJANO
Eco Trilha,ecotrilha,booking@ecotrilha.pt,+35 1927 771 815,Portugal/Braga/Braga,-8.426507,41.545449,146388,Small‑Group Douro Valley Hike from Braga - Lunch & Wine Tour,Eco Tour-Food Tour-Guided Tour-Hiking-Transfer-Winery-Wine,24,90,13,https://fareharbor.com/embeds/calendar/ecotrilha/items/146388/?asn=fhdn-eur&asn-ref=alloutdooradventures&ref=alloutdooradventures&bookable-only=yes&full-items=yes&marketplace=yes&flow=no,"<script src=""https://fareharbor.com/embeds/script/calendar/ecotrilha/items/146388/?asn=fhdn-eur&asn-ref=alloutdooradventures&ref=alloutdooradventures&bookable-only=yes&full-items=yes&marketplace=yes&flow=no""></script>",https://fareharbor.com/embeds/book/ecotrilha/items/146388/?asn=fhdn-eur&asn-ref=alloutdooradventures&ref=alloutdooradventures&bookable-only=yes&full-items=yes&marketplace=yes&flow=no,https://cdn.filestackcontent.com/kfL0Wy8yRm2Emcka0mfs
Wonder Van,wondervan,welcome@wondervan.pt,+351963667660,Portugal/Lisboa/Sintra,-9.387247,38.798892,199849,Aventura Histórica De Jeep Em Sintra – Palácios & Rotas Secretas,Jeep,20,90,642,https://fareharbor.com/embeds/calendar/wondervan/items/199849/?asn=fhdn-eur&asn-ref=alloutdooradventures&ref=alloutdooradventures&bookable-only=yes&full-items=yes&marketplace=yes&flow=no,"<script src=""https://fareharbor.com/embeds/script/calendar/wondervan/items/199849/?asn=fhdn-eur&asn-ref=alloutdooradventures&ref=alloutdooradventures&bookable-only=yes&full-items=yes&marketplace=yes&flow=no""></script>",https://fareharbor.com/embeds/book/wondervan/items/199849/?asn=fhdn-eur&asn-ref=alloutdooradventures&ref=alloutdooradventures&bookable-only=yes&full-items=yes&marketplace=yes&flow=no,https://cdn.filestackcontent.com/VPradqyRU6Vbd4OasdRx
Go Travel Everywhere,gotraveleverywhere,hello@gotraveleverywhere.com,+351 915 194 999,Portugal/Aveiro District/Alvarenga,-8.177047,40.952762,245949,Saía da Cidade do Porto e Respire ar Puro. Vá Caminhar Pelos Passadiços do Paiva em Arouca,Eco Tour-Hiking-Self-Guided Tour-Walking Tour,3,90,180,https://fareharbor.com/embeds/calendar/gotraveleverywhere/items/245949/?asn=fhdn-eur&asn-ref=alloutdooradventures&ref=alloutdooradventures&bookable-only=yes&full-items=yes&marketplace=yes&flow=no,"<script src=""https://fareharbor.com/embeds/script/calendar/gotraveleverywhere/items/245949/?asn=fhdn-eur&asn-ref=alloutdooradventures&ref=alloutdooradventures&bookable-only=yes&full-items=yes&marketplace=yes&flow=no""></script>",https://fareharbor.com/embeds/book/gotraveleverywhere/items/245949/?asn=fhdn-eur&asn-ref=alloutdooradventures&ref=alloutdooradventures&bookable-only=yes&full-items=yes&marketplace=yes&flow=no,https://cdn.filestackcontent.com/QOfrs10MTxmAYytSfJE1
Sky Rebels,sky-rebels,skyrebelsfly@gmail.com,34622212213,Spain/Canarias/Maspalomas,,,395560,"Barranco de las Vacas, the cave and farmhouse tour",Hiking-Walking Tour,10,90,64,https://fareharbor.com/embeds/calendar/sky-rebels/items/395560/?asn=fhdn-eur&asn-ref=alloutdooradventures&ref=alloutdooradventures&bookable-only=yes&full-items=yes&marketplace=yes&flow=no,"<script src=""https://fareharbor.com/embeds/script/calendar/sky-rebels/items/395560/?asn=fhdn-eur&asn-ref=alloutdooradventures&ref=alloutdooradventures&bookable-only=yes&full-items=yes&marketplace=yes&flow=no""></script>",https://fareharbor.com/embeds/book/sky-rebels/items/395560/?asn=fhdn-eur&asn-ref=alloutdooradventures&ref=alloutdooradventures&bookable-only=yes&full-items=yes&marketplace=yes&flow=no,https://cdn.filestackcontent.com/WwrlDGBIRSO7dLkLZYaJ
Bilke Bilbao S.L.,bilkebilbao,info@bilkebilbao.com,+34613060548,Spain/Euskadi/Bilbo,-2.935008,43.266039,527145,Lo Mejor de Bilbao,Bike Tour,7,90,0,https://fareharbor.com/embeds/calendar/bilkebilbao/items/527145/?asn=fhdn-eur&asn-ref=alloutdooradventures&ref=alloutdooradventures&bookable-only=yes&full-items=yes&marketplace=yes&flow=no,"<script src=""https://fareharbor.com/embeds/script/calendar/bilkebilbao/items/527145/?asn=fhdn-eur&asn-ref=alloutdooradventures&ref=alloutdooradventures&bookable-only=yes&full-items=yes&marketplace=yes&flow=no""></script>",https://fareharbor.com/embeds/book/bilkebilbao/items/527145/?asn=fhdn-eur&asn-ref=alloutdooradventures&ref=alloutdooradventures&bookable-only=yes&full-items=yes&marketplace=yes&flow=no,https://cdn.filestackcontent.com/I0quMKWxRjqTK7ajwOEw
Local Experts Tours,donostyletours,info@localexpertstours.com,+34 644 979 289,Spain/Euskadi/Orio,,,147238,Parapente en San Sebastián,Parasail,5,89,360,https://fareharbor.com/embeds/calendar/donostyletours/items/147238/?asn=fhdn-eur&asn-ref=alloutdooradventures&ref=alloutdooradventures&bookable-only=yes&full-items=yes&marketplace=yes&flow=no,"<script src=""https://fareharbor.com/embeds/script/calendar/donostyletours/items/147238/?asn=fhdn-eur&asn-ref=alloutdooradventures&ref=alloutdooradventures&bookable-only=yes&full-items=yes&marketplace=yes&flow=no""></script>",https://fareharbor.com/embeds/book/donostyletours/items/147238/?asn=fhdn-eur&asn-ref=alloutdooradventures&ref=alloutdooradventures&bookable-only=yes&full-items=yes&marketplace=yes&flow=no,https://cdn.filestackcontent.com/vpR1USTPRcyPho1MdTsw
Easy Moov,easymoov,easymoovinfo@gmail.com,34 615 41 12 61,Spain/Illes Balears/Son Serra de Marina,,,603529,Discovery Tour Son Serra de Marina,Bike Rental-Bike Tour,8,89,360,https://fareharbor.com/embeds/calendar/easymoov/items/603529/?asn=fhdn-eur&asn-ref=alloutdooradventures&ref=alloutdooradventures&bookable-only=yes&full-items=yes&marketplace=yes&flow=no,"<script src=""https://fareharbor.com/embeds/script/calendar/easymoov/items/603529/?asn=fhdn-eur&asn-ref=alloutdooradventures&ref=alloutdooradventures&bookable-only=yes&full-items=yes&marketplace=yes&flow=no""></script>",https://fareharbor.com/embeds/book/easymoov/items/603529/?asn=fhdn-eur&asn-ref=alloutdooradventures&ref=alloutdooradventures&bookable-only=yes&full-items=yes&marketplace=yes&flow=no,https://cdn.filestackcontent.com/9ADqikRyRPZgl2KX1Dgg
Safari Madeira,safarimadeira,info@safarimadeira.com,+351 919 864 485,Portugal/Madeira/Funchal,,,660251,Private Full Day Tour,Air Activities-Jeep-Private,10,89,180,https://fareharbor.com/embeds/calendar/safarimadeira/items/660251/?asn=fhdn-eur&asn-ref=alloutdooradventures&ref=alloutdooradventures&bookable-only=yes&full-items=yes&marketplace=yes&flow=no,"<script src=""https://fareharbor.com/embeds/script/calendar/safarimadeira/items/660251/?asn=fhdn-eur&asn-ref=alloutdooradventures&ref=alloutdooradventures&bookable-only=yes&full-items=yes&marketplace=yes&flow=no""></script>",https://fareharbor.com/embeds/book/safarimadeira/items/660251/?asn=fhdn-eur&asn-ref=alloutdooradventures&ref=alloutdooradventures&bookable-only=yes&full-items=yes&marketplace=yes&flow=no,https://cdn.filestackcontent.com/lqGnZXdSRyemEUp7Sx1K
On Tales,ontales,comercial@ontales.com,+351 911 911 777,Portugal/Madeira/Calheta,,,664371,GRINGO Yacht - Private charter Full day,Boat Rental-Boat Tour-Dolphin-Eco Tour-Other-Photography Tour-Sightseeing Tour-Snorkel-Water Activities-Whale Watch-Wildlife,6,89,350,https://fareharbor.com/embeds/calendar/ontales/items/664371/?asn=fhdn-eur&asn-ref=alloutdooradventures&ref=alloutdooradventures&bookable-only=yes&full-items=yes&marketplace=yes&flow=no,"<script src=""https://fareharbor.com/embeds/script/calendar/ontales/items/664371/?asn=fhdn-eur&asn-ref=alloutdooradventures&ref=alloutdooradventures&bookable-only=yes&full-items=yes&marketplace=yes&flow=no""></script>",https://fareharbor.com/embeds/book/ontales/items/664371/?asn=fhdn-eur&asn-ref=alloutdooradventures&ref=alloutdooradventures&bookable-only=yes&full-items=yes&marketplace=yes&flow=no,https://cdn.filestackcontent.com/n0qVMoFVQTWJcejzUb3r
Wonder Van,wondervan,welcome@wondervan.pt,+351963667660,Portugal/Lisboa/Sintra,,,193643,Aventura Off-Road Em Sintra – Vistas Atlânticas & Trilhos Secretos,Bike Tour,24,88,146,https://fareharbor.com/embeds/calendar/wondervan/items/193643/?asn=fhdn-eur&asn-ref=alloutdooradventures&ref=alloutdooradventures&bookable-only=yes&full-items=yes&marketplace=yes&flow=no,"<script src=""https://fareharbor.com/embeds/script/calendar/wondervan/items/193643/?asn=fhdn-eur&asn-ref=alloutdooradventures&ref=alloutdooradventures&bookable-only=yes&full-items=yes&marketplace=yes&flow=no""></script>",https://fareharbor.com/embeds/book/wondervan/items/193643/?asn=fhdn-eur&asn-ref=alloutdooradventures&ref=alloutdooradventures&bookable-only=yes&full-items=yes&marketplace=yes&flow=no,https://cdn.filestackcontent.com/cd0ISwvsT6WtNzuXwYlw
Bilke Bilbao S.L.,bilkebilbao,info@bilkebilbao.com,+34613060548,Spain/Euskadi/Bilbo,-2.935008,43.266039,527147,Lo Mejor de Bilbao en Privado. Bicicleta Clásica,Bike Tour,5,88,0,https://fareharbor.com/embeds/calendar/bilkebilbao/items/527147/?asn=fhdn-eur&asn-ref=alloutdooradventures&ref=alloutdooradventures&bookable-only=yes&full-items=yes&marketplace=yes&flow=no,"<script src=""https://fareharbor.com/embeds/script/calendar/bilkebilbao/items/527147/?asn=fhdn-eur&asn-ref=alloutdooradventures&ref=alloutdooradventures&bookable-only=yes&full-items=yes&marketplace=yes&flow=no""></script>",https://fareharbor.com/embeds/book/bilkebilbao/items/527147/?asn=fhdn-eur&asn-ref=alloutdooradventures&ref=alloutdooradventures&bookable-only=yes&full-items=yes&marketplace=yes&flow=no,https://cdn.filestackcontent.com/9rG6uEFQtGwq3NZoPh1T
West Portugal Tours,westptours,info@westptours.com,+351939681645,Portugal/Lisboa/Lisboa,,,599226,Barco e Kayak na ilha da Berlenga,Boat Tour-Canoe,7,88,64,https://fareharbor.com/embeds/calendar/westptours/items/599226/?asn=fhdn-eur&asn-ref=alloutdooradventures&ref=alloutdooradventures&bookable-only=yes&full-items=yes&marketplace=yes&flow=no,"<script src=""https://fareharbor.com/embeds/script/calendar/westptours/items/599226/?asn=fhdn-eur&asn-ref=alloutdooradventures&ref=alloutdooradventures&bookable-only=yes&full-items=yes&marketplace=yes&flow=no""></script>",https://fareharbor.com/embeds/book/westptours/items/599226/?asn=fhdn-eur&asn-ref=alloutdooradventures&ref=alloutdooradventures&bookable-only=yes&full-items=yes&marketplace=yes&flow=no,https://cdn.filestackcontent.com/Iuhcpg4hSjWdwQZm2oDd
Easy Moov,easymoov,easymoovinfo@gmail.com,34 615 41 12 61,Spain/Illes Balears/Son Serra de Marina,,,603530,Adventure Tour North Mallorca 100% Off road,Bike Rental-Bike Tour,11,88,180,https://fareharbor.com/embeds/calendar/easymoov/items/603530/?asn=fhdn-eur&asn-ref=alloutdooradventures&ref=alloutdooradventures&bookable-only=yes&full-items=yes&marketplace=yes&flow=no,"<script src=""https://fareharbor.com/embeds/script/calendar/easymoov/items/603530/?asn=fhdn-eur&asn-ref=alloutdooradventures&ref=alloutdooradventures&bookable-only=yes&full-items=yes&marketplace=yes&flow=no""></script>",https://fareharbor.com/embeds/book/easymoov/items/603530/?asn=fhdn-eur&asn-ref=alloutdooradventures&ref=alloutdooradventures&bookable-only=yes&full-items=yes&marketplace=yes&flow=no,https://cdn.filestackcontent.com/TgZUKKMBR26K1DYQQznA
Sagres Discovery Tours,sagres-discovery,sandropatrony@hotmail.com,00351 914104766,Portugal/Faro/Sagres,-8.940593,37.016829,358866,Passeio 1 Dia - Monchique e lago da Bravura,Jeep,1,87,20,https://fareharbor.com/embeds/calendar/sagres-discovery/items/358866/?asn=fhdn-eur&asn-ref=alloutdooradventures&ref=alloutdooradventures&bookable-only=yes&full-items=yes&marketplace=yes&flow=no,"<script src=""https://fareharbor.com/embeds/script/calendar/sagres-discovery/items/358866/?asn=fhdn-eur&asn-ref=alloutdooradventures&ref=alloutdooradventures&bookable-only=yes&full-items=yes&marketplace=yes&flow=no""></script>",https://fareharbor.com/embeds/book/sagres-discovery/items/358866/?asn=fhdn-eur&asn-ref=alloutdooradventures&ref=alloutdooradventures&bookable-only=yes&full-items=yes&marketplace=yes&flow=no,https://cdn.filestackcontent.com/RPNvBaZnS5COetf9lQHA
Alsafari Tours,alsafaritours,alsafaritours@gmail.com,+351967461741,Portugal/Faro/Albufeira,,,398726,Full Day Jeep Safari W/ Lunch in Algarve,Jeep,19,87,180,https://fareharbor.com/embeds/calendar/alsafaritours/items/398726/?asn=fhdn-eur&asn-ref=alloutdooradventures&ref=alloutdooradventures&bookable-only=yes&full-items=yes&marketplace=yes&flow=no,"<script src=""https://fareharbor.com/embeds/script/calendar/alsafaritours/items/398726/?asn=fhdn-eur&asn-ref=alloutdooradventures&ref=alloutdooradventures&bookable-only=yes&full-items=yes&marketplace=yes&flow=no""></script>",https://fareharbor.com/embeds/book/alsafaritours/items/398726/?asn=fhdn-eur&asn-ref=alloutdooradventures&ref=alloutdooradventures&bookable-only=yes&full-items=yes&marketplace=yes&flow=no,https://cdn.filestackcontent.com/iQXObFOAQPuCHj6EIb3O
Siesta Advisor Javea,siestaadvisor,info@siestaadvisor.com,+34 639 90 83 67,Spain/Comunidad Valenciana/Xàbia,,,385085,Electric Bike Tour,Bike Tour-Sightseeing Tour,4,86,0,https://fareharbor.com/embeds/calendar/siestaadvisor/items/385085/?asn=fhdn-eur&asn-ref=alloutdooradventures&ref=alloutdooradventures&bookable-only=yes&full-items=yes&marketplace=yes&flow=no,"<script src=""https://fareharbor.com/embeds/script/calendar/siestaadvisor/items/385085/?asn=fhdn-eur&asn-ref=alloutdooradventures&ref=alloutdooradventures&bookable-only=yes&full-items=yes&marketplace=yes&flow=no""></script>",https://fareharbor.com/embeds/book/siestaadvisor/items/385085/?asn=fhdn-eur&asn-ref=alloutdooradventures&ref=alloutdooradventures&bookable-only=yes&full-items=yes&marketplace=yes&flow=no,https://cdn.filestackcontent.com/MgheAnTTewioztPXxXyQ
Easy Moov,easymoov,easymoovinfo@gmail.com,34 615 41 12 61,Spain/Illes Balears/Son Serra de Marina,,,603607,Rancho Grande Park 1h without guide,Bike Rental-Bike Tour,6,86,360,https://fareharbor.com/embeds/calendar/easymoov/items/603607/?asn=fhdn-eur&asn-ref=alloutdooradventures&ref=alloutdooradventures&bookable-only=yes&full-items=yes&marketplace=yes&flow=no,"<script src=""https://fareharbor.com/embeds/script/calendar/easymoov/items/603607/?asn=fhdn-eur&asn-ref=alloutdooradventures&ref=alloutdooradventures&bookable-only=yes&full-items=yes&marketplace=yes&flow=no""></script>",https://fareharbor.com/embeds/book/easymoov/items/603607/?asn=fhdn-eur&asn-ref=alloutdooradventures&ref=alloutdooradventures&bookable-only=yes&full-items=yes&marketplace=yes&flow=no,https://cdn.filestackcontent.com/hDJLg26CRcGE2ms4sPeh
Easy Moov,easymoov,easymoovinfo@gmail.com,34 615 41 12 61,Spain/Illes Balears/Son Serra de Marina,,,603609,ELECTRIC BALANCE KIDS BIKES,Bike Rental-Bike Tour,5,86,540,https://fareharbor.com/embeds/calendar/easymoov/items/603609/?asn=fhdn-eur&asn-ref=alloutdooradventures&ref=alloutdooradventures&bookable-only=yes&full-items=yes&marketplace=yes&flow=no,"<script src=""https://fareharbor.com/embeds/script/calendar/easymoov/items/603609/?asn=fhdn-eur&asn-ref=alloutdooradventures&ref=alloutdooradventures&bookable-only=yes&full-items=yes&marketplace=yes&flow=no""></script>",https://fareharbor.com/embeds/book/easymoov/items/603609/?asn=fhdn-eur&asn-ref=alloutdooradventures&ref=alloutdooradventures&bookable-only=yes&full-items=yes&marketplace=yes&flow=no,https://cdn.filestackcontent.com/JwpB6TfkSEcwBHbiEzGd
Lobosonda Madeira Whale Watching,lobosondamadeira,info@lobosonda.com,+351968400980,Portugal/Madeira/Estreito da Calheta,-17.172102,32.718611,112115,Whale Watching on the Stenella RIB,Whale Watch,9,85,312,https://fareharbor.com/embeds/calendar/lobosondamadeira/items/112115/?asn=fhdn-eur&asn-ref=alloutdooradventures&ref=alloutdooradventures&bookable-only=yes&full-items=yes&marketplace=yes&flow=no,"<script src=""https://fareharbor.com/embeds/script/calendar/lobosondamadeira/items/112115/?asn=fhdn-eur&asn-ref=alloutdooradventures&ref=alloutdooradventures&bookable-only=yes&full-items=yes&marketplace=yes&flow=no""></script>",https://fareharbor.com/embeds/book/lobosondamadeira/items/112115/?asn=fhdn-eur&asn-ref=alloutdooradventures&ref=alloutdooradventures&bookable-only=yes&full-items=yes&marketplace=yes&flow=no,https://cdn.filestackcontent.com/NKgBfCTVSQGhpuyxl6Rp
Trixi Madrid,trixi,madrid@trixi.com,+34 915 231 547,Spain/Comunidad de Madrid/Madrid,-3.701245,40.418869,133827,Tapas & Markets Bike Tour,Bike Tour-E-Bike-Food Tour,7,85,128,https://fareharbor.com/embeds/calendar/trixi/items/133827/?asn=fhdn-eur&asn-ref=alloutdooradventures&ref=alloutdooradventures&bookable-only=yes&full-items=yes&marketplace=yes&flow=no,"<script src=""https://fareharbor.com/embeds/script/calendar/trixi/items/133827/?asn=fhdn-eur&asn-ref=alloutdooradventures&ref=alloutdooradventures&bookable-only=yes&full-items=yes&marketplace=yes&flow=no""></script>",https://fareharbor.com/embeds/book/trixi/items/133827/?asn=fhdn-eur&asn-ref=alloutdooradventures&ref=alloutdooradventures&bookable-only=yes&full-items=yes&marketplace=yes&flow=no,https://cdn.filestackcontent.com/m3aigDHXQmmteUoZDKnn
Trixi Madrid,trixi,madrid@trixi.com,+34 915 231 547,Spain/Comunidad de Madrid/Madrid,-3.701245,40.418869,133830,Madrid Green,Bike Tour-E-Bike-History Tour,8,85,179,https://fareharbor.com/embeds/calendar/trixi/items/133830/?asn=fhdn-eur&asn-ref=alloutdooradventures&ref=alloutdooradventures&bookable-only=yes&full-items=yes&marketplace=yes&flow=no,"<script src=""https://fareharbor.com/embeds/script/calendar/trixi/items/133830/?asn=fhdn-eur&asn-ref=alloutdooradventures&ref=alloutdooradventures&bookable-only=yes&full-items=yes&marketplace=yes&flow=no""></script>",https://fareharbor.com/embeds/book/trixi/items/133830/?asn=fhdn-eur&asn-ref=alloutdooradventures&ref=alloutdooradventures&bookable-only=yes&full-items=yes&marketplace=yes&flow=no,https://cdn.filestackcontent.com/eaM7J87vSkan7w8GQerO
Rota dos Cetaceos,rota-dos-cetaceos,rotacetaceos@gmail.com,+351 918 828 242,Portugal/Madeira/Funchal,,,147957,Whale & Dolphin Watching,Whale Watch,11,85,621,https://fareharbor.com/embeds/calendar/rota-dos-cetaceos/items/147957/?asn=fhdn-eur&asn-ref=alloutdooradventures&ref=alloutdooradventures&bookable-only=yes&full-items=yes&marketplace=yes&flow=no,"<script src=""https://fareharbor.com/embeds/script/calendar/rota-dos-cetaceos/items/147957/?asn=fhdn-eur&asn-ref=alloutdooradventures&ref=alloutdooradventures&bookable-only=yes&full-items=yes&marketplace=yes&flow=no""></script>",https://fareharbor.com/embeds/book/rota-dos-cetaceos/items/147957/?asn=fhdn-eur&asn-ref=alloutdooradventures&ref=alloutdooradventures&bookable-only=yes&full-items=yes&marketplace=yes&flow=no,https://cdn.filestackcontent.com/WYHVCmuVQips2QBVNShz
Coastline Algarve,coastlinealgarve,mail@coastlinealgarve.com,+351963766611,Portugal/Faro/Raposeira,-8.889543,37.08169,214127,Coasteering Algarve,Climbing-Events,5,85,175,https://fareharbor.com/embeds/calendar/coastlinealgarve/items/214127/?asn=fhdn-eur&asn-ref=alloutdooradventures&ref=alloutdooradventures&bookable-only=yes&full-items=yes&marketplace=yes&flow=no,"<script src=""https://fareharbor.com/embeds/script/calendar/coastlinealgarve/items/214127/?asn=fhdn-eur&asn-ref=alloutdooradventures&ref=alloutdooradventures&bookable-only=yes&full-items=yes&marketplace=yes&flow=no""></script>",https://fareharbor.com/embeds/book/coastlinealgarve/items/214127/?asn=fhdn-eur&asn-ref=alloutdooradventures&ref=alloutdooradventures&bookable-only=yes&full-items=yes&marketplace=yes&flow=no,https://cdn.filestackcontent.com/UzCy0MQQbatKfREJHn6A
Portitours,portitours,bookings@portitours.pt,+351282470060,Portugal/Faro District/Portimão,-8.537693,37.13617,226553,Jeep Safari,Jeep,14,85,200,https://fareharbor.com/embeds/calendar/portitours/items/226553/?asn=fhdn-eur&asn-ref=alloutdooradventures&ref=alloutdooradventures&bookable-only=yes&full-items=yes&marketplace=yes&flow=no,"<script src=""https://fareharbor.com/embeds/script/calendar/portitours/items/226553/?asn=fhdn-eur&asn-ref=alloutdooradventures&ref=alloutdooradventures&bookable-only=yes&full-items=yes&marketplace=yes&flow=no""></script>",https://fareharbor.com/embeds/book/portitours/items/226553/?asn=fhdn-eur&asn-ref=alloutdooradventures&ref=alloutdooradventures&bookable-only=yes&full-items=yes&marketplace=yes&flow=no,https://cdn.filestackcontent.com/EY9gXjmoTtWxreE50LGG
Viaje Portugal,viajeportugal,viajeportugal.tours@gmail.com,351924110407,Portugal/Coimbra/Coimbra,-8.429625,40.207242,273018,"Aveiro, Costa Nova beach & Moliceiro boat, half-day from Coimbra",Attraction-Boat Tour-City Tour-Climbing,15,85,354,https://fareharbor.com/embeds/calendar/viajeportugal/items/273018/?asn=fhdn-eur&asn-ref=alloutdooradventures&ref=alloutdooradventures&bookable-only=yes&full-items=yes&marketplace=yes&flow=no,"<script src=""https://fareharbor.com/embeds/script/calendar/viajeportugal/items/273018/?asn=fhdn-eur&asn-ref=alloutdooradventures&ref=alloutdooradventures&bookable-only=yes&full-items=yes&marketplace=yes&flow=no""></script>",https://fareharbor.com/embeds/book/viajeportugal/items/273018/?asn=fhdn-eur&asn-ref=alloutdooradventures&ref=alloutdooradventures&bookable-only=yes&full-items=yes&marketplace=yes&flow=no,https://cdn.filestackcontent.com/D2ODaUQZCUDeSKnP2mUw
Viaje Portugal,viajeportugal,viajeportugal.tours@gmail.com,351924110407,Portugal/Coimbra/Coimbra,-8.429625,40.207242,273019,"Schist Villages of Lousã Mountain, half-day from Coimbra",Bike Tour,11,85,354,https://fareharbor.com/embeds/calendar/viajeportugal/items/273019/?asn=fhdn-eur&asn-ref=alloutdooradventures&ref=alloutdooradventures&bookable-only=yes&full-items=yes&marketplace=yes&flow=no,"<script src=""https://fareharbor.com/embeds/script/calendar/viajeportugal/items/273019/?asn=fhdn-eur&asn-ref=alloutdooradventures&ref=alloutdooradventures&bookable-only=yes&full-items=yes&marketplace=yes&flow=no""></script>",https://fareharbor.com/embeds/book/viajeportugal/items/273019/?asn=fhdn-eur&asn-ref=alloutdooradventures&ref=alloutdooradventures&bookable-only=yes&full-items=yes&marketplace=yes&flow=no,https://cdn.filestackcontent.com/7twYALsTdexknKzw52oA
Viaje Portugal,viajeportugal,viajeportugal.tours@gmail.com,351924110407,Portugal/Coimbra/Coimbra,-8.429625,40.207242,273155,Aldeias de Xisto da Lousã full-day desde Coimbra,Bike Tour,16,85,177,https://fareharbor.com/embeds/calendar/viajeportugal/items/273155/?asn=fhdn-eur&asn-ref=alloutdooradventures&ref=alloutdooradventures&bookable-only=yes&full-items=yes&marketplace=yes&flow=no,"<script src=""https://fareharbor.com/embeds/script/calendar/viajeportugal/items/273155/?asn=fhdn-eur&asn-ref=alloutdooradventures&ref=alloutdooradventures&bookable-only=yes&full-items=yes&marketplace=yes&flow=no""></script>",https://fareharbor.com/embeds/book/viajeportugal/items/273155/?asn=fhdn-eur&asn-ref=alloutdooradventures&ref=alloutdooradventures&bookable-only=yes&full-items=yes&marketplace=yes&flow=no,https://cdn.filestackcontent.com/AcWYR3rLQoCavDxUj1PV
Viaje Portugal,viajeportugal,viajeportugal.tours@gmail.com,351924110407,Portugal/Coimbra/Coimbra,-8.429625,40.207242,273186,"Cycling vineyards of Bairrada Route, full-day from Coimbra",Bike Rental-Bike Tour-Transportation-Winery-Wine,13,85,177,https://fareharbor.com/embeds/calendar/viajeportugal/items/273186/?asn=fhdn-eur&asn-ref=alloutdooradventures&ref=alloutdooradventures&bookable-only=yes&full-items=yes&marketplace=yes&flow=no,"<script src=""https://fareharbor.com/embeds/script/calendar/viajeportugal/items/273186/?asn=fhdn-eur&asn-ref=alloutdooradventures&ref=alloutdooradventures&bookable-only=yes&full-items=yes&marketplace=yes&flow=no""></script>",https://fareharbor.com/embeds/book/viajeportugal/items/273186/?asn=fhdn-eur&asn-ref=alloutdooradventures&ref=alloutdooradventures&bookable-only=yes&full-items=yes&marketplace=yes&flow=no,https://cdn.filestackcontent.com/sy4dBeAQYQY29AF12zg8
Siesta Advisor Javea,siestaadvisor,info@siestaadvisor.com,+34 639 90 83 67,Spain/Comunidad Valenciana/Xàbia,,,385091,Mountain Bike Tour,Bike Tour-Guided Tour,6,85,0,https://fareharbor.com/embeds/calendar/siestaadvisor/items/385091/?asn=fhdn-eur&asn-ref=alloutdooradventures&ref=alloutdooradventures&bookable-only=yes&full-items=yes&marketplace=yes&flow=no,"<script src=""https://fareharbor.com/embeds/script/calendar/siestaadvisor/items/385091/?asn=fhdn-eur&asn-ref=alloutdooradventures&ref=alloutdooradventures&bookable-only=yes&full-items=yes&marketplace=yes&flow=no""></script>",https://fareharbor.com/embeds/book/siestaadvisor/items/385091/?asn=fhdn-eur&asn-ref=alloutdooradventures&ref=alloutdooradventures&bookable-only=yes&full-items=yes&marketplace=yes&flow=no,https://cdn.filestackcontent.com/HlCWi7UJRQeaR8tVbnc7
Cycling Tour Barcelona,cyclingtourbarcelona,cyclingtourbarcelona@gmail.com,+44 7463 680099,Spain/Catalunya/Barcelona,2.177287,41.380484,403406,Sightseeing by Bike Photo-Shooting & Tapas,Bike Tour,14,85,179,https://fareharbor.com/embeds/calendar/cyclingtourbarcelona/items/403406/?asn=fhdn-eur&asn-ref=alloutdooradventures&ref=alloutdooradventures&bookable-only=yes&full-items=yes&marketplace=yes&flow=no,"<script src=""https://fareharbor.com/embeds/script/calendar/cyclingtourbarcelona/items/403406/?asn=fhdn-eur&asn-ref=alloutdooradventures&ref=alloutdooradventures&bookable-only=yes&full-items=yes&marketplace=yes&flow=no""></script>",https://fareharbor.com/embeds/book/cyclingtourbarcelona/items/403406/?asn=fhdn-eur&asn-ref=alloutdooradventures&ref=alloutdooradventures&bookable-only=yes&full-items=yes&marketplace=yes&flow=no,https://cdn.filestackcontent.com/AQFojyeTRoubjNLP7Gyp
Cycling Tour Barcelona,cyclingtourbarcelona,cyclingtourbarcelona@gmail.com,+44 7463 680099,Spain/Catalunya/Barcelona,2.177287,41.380484,403412,Sightseeing by Bike Photo-Shooting,Bike Tour,10,85,357,https://fareharbor.com/embeds/calendar/cyclingtourbarcelona/items/403412/?asn=fhdn-eur&asn-ref=alloutdooradventures&ref=alloutdooradventures&bookable-only=yes&full-items=yes&marketplace=yes&flow=no,"<script src=""https://fareharbor.com/embeds/script/calendar/cyclingtourbarcelona/items/403412/?asn=fhdn-eur&asn-ref=alloutdooradventures&ref=alloutdooradventures&bookable-only=yes&full-items=yes&marketplace=yes&flow=no""></script>",https://fareharbor.com/embeds/book/cyclingtourbarcelona/items/403412/?asn=fhdn-eur&asn-ref=alloutdooradventures&ref=alloutdooradventures&bookable-only=yes&full-items=yes&marketplace=yes&flow=no,https://cdn.filestackcontent.com/a0PEosUZSlu8uFypaXwd
World Experience,webarcelona,booking@worldexperience.com,+34 935950869,Portugal/Lisboa/Lisboa,-9.151154,38.724996,464857,"Sintra with Pena Palace, Cabo da Roca & Praia da Adraga Hiking from Lisbon (AM)",Guided Tour-Hiking-History Tour-Walking Tour,7,85,180,https://fareharbor.com/embeds/calendar/webarcelona/items/464857/?asn=fhdn-eur&asn-ref=alloutdooradventures&ref=alloutdooradventures&bookable-only=yes&full-items=yes&marketplace=yes&flow=no,"<script src=""https://fareharbor.com/embeds/script/calendar/webarcelona/items/464857/?asn=fhdn-eur&asn-ref=alloutdooradventures&ref=alloutdooradventures&bookable-only=yes&full-items=yes&marketplace=yes&flow=no""></script>",https://fareharbor.com/embeds/book/webarcelona/items/464857/?asn=fhdn-eur&asn-ref=alloutdooradventures&ref=alloutdooradventures&bookable-only=yes&full-items=yes&marketplace=yes&flow=no,https://cdn.filestackcontent.com/5hdp8mcbTNyBpfvWnH3A
Natura Xtreme Tenerife,naturaxtremetenerife,info@naturaxtremetenerife.com,+34 722406117,Spain/Canarias/La Orotava,-16.50162,28.364248,545890,Barranco de Los Arcos,Climbing-Hiking,12,85,93,https://fareharbor.com/embeds/calendar/naturaxtremetenerife/items/545890/?asn=fhdn-eur&asn-ref=alloutdooradventures&ref=alloutdooradventures&bookable-only=yes&full-items=yes&marketplace=yes&flow=no,"<script src=""https://fareharbor.com/embeds/script/calendar/naturaxtremetenerife/items/545890/?asn=fhdn-eur&asn-ref=alloutdooradventures&ref=alloutdooradventures&bookable-only=yes&full-items=yes&marketplace=yes&flow=no""></script>",https://fareharbor.com/embeds/book/naturaxtremetenerife/items/545890/?asn=fhdn-eur&asn-ref=alloutdooradventures&ref=alloutdooradventures&bookable-only=yes&full-items=yes&marketplace=yes&flow=no,https://cdn.filestackcontent.com/Jf9kdTyTUK96TUr5Ci3w
Natura Xtreme Tenerife,naturaxtremetenerife,info@naturaxtremetenerife.com,+34 722406117,Spain/Canarias/La Orotava,-16.50162,28.364248,545891,Barranco de Chimoche,Climbing-Hiking,7,85,90,https://fareharbor.com/embeds/calendar/naturaxtremetenerife/items/545891/?asn=fhdn-eur&asn-ref=alloutdooradventures&ref=alloutdooradventures&bookable-only=yes&full-items=yes&marketplace=yes&flow=no,"<script src=""https://fareharbor.com/embeds/script/calendar/naturaxtremetenerife/items/545891/?asn=fhdn-eur&asn-ref=alloutdooradventures&ref=alloutdooradventures&bookable-only=yes&full-items=yes&marketplace=yes&flow=no""></script>",https://fareharbor.com/embeds/book/naturaxtremetenerife/items/545891/?asn=fhdn-eur&asn-ref=alloutdooradventures&ref=alloutdooradventures&bookable-only=yes&full-items=yes&marketplace=yes&flow=no,https://cdn.filestackcontent.com/oOGzqT3LTky6UFqTR7FQ
Natura Xtreme Tenerife,naturaxtremetenerife,info@naturaxtremetenerife.com,+34 722406117,Spain/Canarias/Villa de Arico,-16.501405,28.166391,545899,Barranco de Albarderos,Climbing-Hiking,7,85,90,https://fareharbor.com/embeds/calendar/naturaxtremetenerife/items/545899/?asn=fhdn-eur&asn-ref=alloutdooradventures&ref=alloutdooradventures&bookable-only=yes&full-items=yes&marketplace=yes&flow=no,"<script src=""https://fareharbor.com/embeds/script/calendar/naturaxtremetenerife/items/545899/?asn=fhdn-eur&asn-ref=alloutdooradventures&ref=alloutdooradventures&bookable-only=yes&full-items=yes&marketplace=yes&flow=no""></script>",https://fareharbor.com/embeds/book/naturaxtremetenerife/items/545899/?asn=fhdn-eur&asn-ref=alloutdooradventures&ref=alloutdooradventures&bookable-only=yes&full-items=yes&marketplace=yes&flow=no,https://cdn.filestackcontent.com/ZPPMEHe4RIqGa8RK1p6r
Natura Xtreme Tenerife,naturaxtremetenerife,info@naturaxtremetenerife.com,+34 722406117,Spain/Canarias/Candelaria,-16.36524,28.383222,545901,Barranco La Campana o Lomo Alférez,Climbing-Hiking,7,85,0,https://fareharbor.com/embeds/calendar/naturaxtremetenerife/items/545901/?asn=fhdn-eur&asn-ref=alloutdooradventures&ref=alloutdooradventures&bookable-only=yes&full-items=yes&marketplace=yes&flow=no,"<script src=""https://fareharbor.com/embeds/script/calendar/naturaxtremetenerife/items/545901/?asn=fhdn-eur&asn-ref=alloutdooradventures&ref=alloutdooradventures&bookable-only=yes&full-items=yes&marketplace=yes&flow=no""></script>",https://fareharbor.com/embeds/book/naturaxtremetenerife/items/545901/?asn=fhdn-eur&asn-ref=alloutdooradventures&ref=alloutdooradventures&bookable-only=yes&full-items=yes&marketplace=yes&flow=no,https://cdn.filestackcontent.com/xoiXvDANTciVFr9GD1jI
Natura Xtreme Tenerife,naturaxtremetenerife,info@naturaxtremetenerife.com,+34 722406117,Spain/Canarias/Buenavista del Norte,,,545910,"Senderismo cumbres de Masca y monte del agua, sendero tradicional.",Climbing-Hiking,11,85,46,https://fareharbor.com/embeds/calendar/naturaxtremetenerife/items/545910/?asn=fhdn-eur&asn-ref=alloutdooradventures&ref=alloutdooradventures&bookable-only=yes&full-items=yes&marketplace=yes&flow=no,"<script src=""https://fareharbor.com/embeds/script/calendar/naturaxtremetenerife/items/545910/?asn=fhdn-eur&asn-ref=alloutdooradventures&ref=alloutdooradventures&bookable-only=yes&full-items=yes&marketplace=yes&flow=no""></script>",https://fareharbor.com/embeds/book/naturaxtremetenerife/items/545910/?asn=fhdn-eur&asn-ref=alloutdooradventures&ref=alloutdooradventures&bookable-only=yes&full-items=yes&marketplace=yes&flow=no,https://cdn.filestackcontent.com/erLm1z4TA6eNheJt8dad
Natura Xtreme Tenerife,naturaxtremetenerife,info@naturaxtremetenerife.com,+34 722406117,Spain/Canarias/Puerto de la Cruz,-16.570111,28.40694,545941,"Ruta costera senderismo, entre ilustres y piratas",Climbing-Hiking,8,85,46,https://fareharbor.com/embeds/calendar/naturaxtremetenerife/items/545941/?asn=fhdn-eur&asn-ref=alloutdooradventures&ref=alloutdooradventures&bookable-only=yes&full-items=yes&marketplace=yes&flow=no,"<script src=""https://fareharbor.com/embeds/script/calendar/naturaxtremetenerife/items/545941/?asn=fhdn-eur&asn-ref=alloutdooradventures&ref=alloutdooradventures&bookable-only=yes&full-items=yes&marketplace=yes&flow=no""></script>",https://fareharbor.com/embeds/book/naturaxtremetenerife/items/545941/?asn=fhdn-eur&asn-ref=alloutdooradventures&ref=alloutdooradventures&bookable-only=yes&full-items=yes&marketplace=yes&flow=no,https://cdn.filestackcontent.com/c3MkCJ6LRsycrhY5ElNu
Natura Xtreme Tenerife,naturaxtremetenerife,info@naturaxtremetenerife.com,+34 722406117,Spain/Canarias/San José de los Llanos,-16.787769,28.327231,545962,"Senderismo entre volcanes, escorias y cenizas Chinyero",Climbing-Hiking,8,85,46,https://fareharbor.com/embeds/calendar/naturaxtremetenerife/items/545962/?asn=fhdn-eur&asn-ref=alloutdooradventures&ref=alloutdooradventures&bookable-only=yes&full-items=yes&marketplace=yes&flow=no,"<script src=""https://fareharbor.com/embeds/script/calendar/naturaxtremetenerife/items/545962/?asn=fhdn-eur&asn-ref=alloutdooradventures&ref=alloutdooradventures&bookable-only=yes&full-items=yes&marketplace=yes&flow=no""></script>",https://fareharbor.com/embeds/book/naturaxtremetenerife/items/545962/?asn=fhdn-eur&asn-ref=alloutdooradventures&ref=alloutdooradventures&bookable-only=yes&full-items=yes&marketplace=yes&flow=no,https://cdn.filestackcontent.com/u0R0rKEqTUW6w4IxKHNA
Outbound Mallorca,outboundmallorca,info@outboundmallorca.com,+34 619 829 190,Spain/Illes Balears/Calvià,2.556428,39.589697,611154,Cueva en Calvia,Hiking,3,85,180,https://fareharbor.com/embeds/calendar/outboundmallorca/items/611154/?asn=fhdn-eur&asn-ref=alloutdooradventures&ref=alloutdooradventures&bookable-only=yes&full-items=yes&marketplace=yes&flow=no,"<script src=""https://fareharbor.com/embeds/script/calendar/outboundmallorca/items/611154/?asn=fhdn-eur&asn-ref=alloutdooradventures&ref=alloutdooradventures&bookable-only=yes&full-items=yes&marketplace=yes&flow=no""></script>",https://fareharbor.com/embeds/book/outboundmallorca/items/611154/?asn=fhdn-eur&asn-ref=alloutdooradventures&ref=alloutdooradventures&bookable-only=yes&full-items=yes&marketplace=yes&flow=no,https://cdn.filestackcontent.com/tP9E0sDQHWv9UoW0agdK
Go Travel Everywhere,gotraveleverywhere,hello@gotraveleverywhere.com,+351 915 194 999,Portugal/Aveiro District/Alvarenga,-8.177047,40.952762,648658,Canoe-Rafting no Rio Paiva – Aventura e Emoção em Plena Natureza!,Canoe-Guided Tour-Rafting,6,85,156,https://fareharbor.com/embeds/calendar/gotraveleverywhere/items/648658/?asn=fhdn-eur&asn-ref=alloutdooradventures&ref=alloutdooradventures&bookable-only=yes&full-items=yes&marketplace=yes&flow=no,"<script src=""https://fareharbor.com/embeds/script/calendar/gotraveleverywhere/items/648658/?asn=fhdn-eur&asn-ref=alloutdooradventures&ref=alloutdooradventures&bookable-only=yes&full-items=yes&marketplace=yes&flow=no""></script>",https://fareharbor.com/embeds/book/gotraveleverywhere/items/648658/?asn=fhdn-eur&asn-ref=alloutdooradventures&ref=alloutdooradventures&bookable-only=yes&full-items=yes&marketplace=yes&flow=no,https://cdn.filestackcontent.com/m3HCdTzeT6GzRZX3s2Nj
Trixi Madrid,trixi,madrid@trixi.com,+34 915 231 547,Spain/Comunidad de Madrid/Madrid,-3.701245,40.418869,133803,Standard Bike Rental,Bike Rental-Bike Tour-City Tour-Events-Self-Guided Tour,7,84,1539,https://fareharbor.com/embeds/calendar/trixi/items/133803/?asn=fhdn-eur&asn-ref=alloutdooradventures&ref=alloutdooradventures&bookable-only=yes&full-items=yes&marketplace=yes&flow=no,"<script src=""https://fareharbor.com/embeds/script/calendar/trixi/items/133803/?asn=fhdn-eur&asn-ref=alloutdooradventures&ref=alloutdooradventures&bookable-only=yes&full-items=yes&marketplace=yes&flow=no""></script>",https://fareharbor.com/embeds/book/trixi/items/133803/?asn=fhdn-eur&asn-ref=alloutdooradventures&ref=alloutdooradventures&bookable-only=yes&full-items=yes&marketplace=yes&flow=no,https://cdn.filestackcontent.com/D5UPgh7JTemTz2eJnxEg
Trixi Madrid,trixi,madrid@trixi.com,+34 915 231 547,Spain/Comunidad de Madrid/Madrid,-3.701245,40.418869,133811,Electric Bike Rental,Bike Rental-Bike Tour-City Tour-E-Bike-Events-Self-Guided Tour,5,84,1539,https://fareharbor.com/embeds/calendar/trixi/items/133811/?asn=fhdn-eur&asn-ref=alloutdooradventures&ref=alloutdooradventures&bookable-only=yes&full-items=yes&marketplace=yes&flow=no,"<script src=""https://fareharbor.com/embeds/script/calendar/trixi/items/133811/?asn=fhdn-eur&asn-ref=alloutdooradventures&ref=alloutdooradventures&bookable-only=yes&full-items=yes&marketplace=yes&flow=no""></script>",https://fareharbor.com/embeds/book/trixi/items/133811/?asn=fhdn-eur&asn-ref=alloutdooradventures&ref=alloutdooradventures&bookable-only=yes&full-items=yes&marketplace=yes&flow=no,https://cdn.filestackcontent.com/m3XvORtWQNiK95OUr5zU
Trixi Madrid,trixi,madrid@trixi.com,+34 915 231 547,Spain/Comunidad de Madrid/Madrid,-3.701245,40.418869,133822,Madrid Daily Bike Tour,Bike Tour-City Tour-E-Bike-History Tour-Museum-Sightseeing Tour,11,84,178,https://fareharbor.com/embeds/calendar/trixi/items/133822/?asn=fhdn-eur&asn-ref=alloutdooradventures&ref=alloutdooradventures&bookable-only=yes&full-items=yes&marketplace=yes&flow=no,"<script src=""https://fareharbor.com/embeds/script/calendar/trixi/items/133822/?asn=fhdn-eur&asn-ref=alloutdooradventures&ref=alloutdooradventures&bookable-only=yes&full-items=yes&marketplace=yes&flow=no""></script>",https://fareharbor.com/embeds/book/trixi/items/133822/?asn=fhdn-eur&asn-ref=alloutdooradventures&ref=alloutdooradventures&bookable-only=yes&full-items=yes&marketplace=yes&flow=no,https://cdn.filestackcontent.com/6wuBlQ1WQxG9x5uuoqdt
Trixi Madrid,trixi,madrid@trixi.com,+34 915 231 547,Spain/Comunidad de Madrid/Madrid,-3.701245,40.418869,133829,Madrid Mosaic Tour,Bike Tour-City Tour-Climbing-E-Bike-Wellness,6,84,178,https://fareharbor.com/embeds/calendar/trixi/items/133829/?asn=fhdn-eur&asn-ref=alloutdooradventures&ref=alloutdooradventures&bookable-only=yes&full-items=yes&marketplace=yes&flow=no,"<script src=""https://fareharbor.com/embeds/script/calendar/trixi/items/133829/?asn=fhdn-eur&asn-ref=alloutdooradventures&ref=alloutdooradventures&bookable-only=yes&full-items=yes&marketplace=yes&flow=no""></script>",https://fareharbor.com/embeds/book/trixi/items/133829/?asn=fhdn-eur&asn-ref=alloutdooradventures&ref=alloutdooradventures&bookable-only=yes&full-items=yes&marketplace=yes&flow=no,https://cdn.filestackcontent.com/vQGmEiKeQmO2DWoa0ZhA
Bravo Bike SL,bravobike,info@bravobike.com,+34 607 448 440,Spain/Comunidad de Madrid/Madrid,,,141648,Madrid City Bike Tour |  Reduced Groups,Bike Rental-Bike Tour-City Tour,4,84,264,https://fareharbor.com/embeds/calendar/bravobike/items/141648/?asn=fhdn-eur&asn-ref=alloutdooradventures&ref=alloutdooradventures&bookable-only=yes&full-items=yes&marketplace=yes&flow=no,"<script src=""https://fareharbor.com/embeds/script/calendar/bravobike/items/141648/?asn=fhdn-eur&asn-ref=alloutdooradventures&ref=alloutdooradventures&bookable-only=yes&full-items=yes&marketplace=yes&flow=no""></script>",https://fareharbor.com/embeds/book/bravobike/items/141648/?asn=fhdn-eur&asn-ref=alloutdooradventures&ref=alloutdooradventures&bookable-only=yes&full-items=yes&marketplace=yes&flow=no,https://cdn.filestackcontent.com/KFkzn5HDSfiPJu6lMRcM
SeaEO-Tours,seaeo-tours,info@seaeo-tours.pt,+351925246484,Portugal/Lisboa/Lisboa,,,154524,Birdwatching Tour,Boat Rental-Boat Tour-Eco Tour-Environmental Attraction-Photography Tour-Private-Sailing-Sightseeing Tour-Water Activities-Wildlife,7,84,27,https://fareharbor.com/embeds/calendar/seaeo-tours/items/154524/?asn=fhdn-eur&asn-ref=alloutdooradventures&ref=alloutdooradventures&bookable-only=yes&full-items=yes&marketplace=yes&flow=no,"<script src=""https://fareharbor.com/embeds/script/calendar/seaeo-tours/items/154524/?asn=fhdn-eur&asn-ref=alloutdooradventures&ref=alloutdooradventures&bookable-only=yes&full-items=yes&marketplace=yes&flow=no""></script>",https://fareharbor.com/embeds/book/seaeo-tours/items/154524/?asn=fhdn-eur&asn-ref=alloutdooradventures&ref=alloutdooradventures&bookable-only=yes&full-items=yes&marketplace=yes&flow=no,https://cdn.filestackcontent.com/BE14AA1BQX6DZQBLSI5U
Coastline Algarve,coastlinealgarve,mail@coastlinealgarve.com,+351963766611,Portugal/Faro/Raposeira,-8.889543,37.08169,214130,SUP Caves + Coasteering,Climbing-SUP-Walking Tour,5,84,172,https://fareharbor.com/embeds/calendar/coastlinealgarve/items/214130/?asn=fhdn-eur&asn-ref=alloutdooradventures&ref=alloutdooradventures&bookable-only=yes&full-items=yes&marketplace=yes&flow=no,"<script src=""https://fareharbor.com/embeds/script/calendar/coastlinealgarve/items/214130/?asn=fhdn-eur&asn-ref=alloutdooradventures&ref=alloutdooradventures&bookable-only=yes&full-items=yes&marketplace=yes&flow=no""></script>",https://fareharbor.com/embeds/book/coastlinealgarve/items/214130/?asn=fhdn-eur&asn-ref=alloutdooradventures&ref=alloutdooradventures&bookable-only=yes&full-items=yes&marketplace=yes&flow=no,https://cdn.filestackcontent.com/pV9ttbspSQS60cBsdsyL
Viaje Portugal,viajeportugal,viajeportugal.tours@gmail.com,351924110407,Portugal/Coimbra/Coimbra,-8.429625,40.207242,273203,"E-bike to Conimbriga Ruins, self-guide from Coimbra",Bike Rental-Bike Tour-Boat Tour-Ferry-Fishing-Surf-Train,17,84,177,https://fareharbor.com/embeds/calendar/viajeportugal/items/273203/?asn=fhdn-eur&asn-ref=alloutdooradventures&ref=alloutdooradventures&bookable-only=yes&full-items=yes&marketplace=yes&flow=no,"<script src=""https://fareharbor.com/embeds/script/calendar/viajeportugal/items/273203/?asn=fhdn-eur&asn-ref=alloutdooradventures&ref=alloutdooradventures&bookable-only=yes&full-items=yes&marketplace=yes&flow=no""></script>",https://fareharbor.com/embeds/book/viajeportugal/items/273203/?asn=fhdn-eur&asn-ref=alloutdooradventures&ref=alloutdooradventures&bookable-only=yes&full-items=yes&marketplace=yes&flow=no,https://cdn.filestackcontent.com/8QFI8noUQCidmQYjo1fO
On Tales,ontales,comercial@ontales.com,+351 911 911 777,Portugal/Madeira/Calheta,,,503087,ESMERALDA - Private Whale and Dolphin Watching,Boat Tour-Dolphin-Eco Tour-Other-Private-Sailing-Sightseeing Tour-Snorkel-Water Activities-Whale Watch-Wildlife,1,84,110,https://fareharbor.com/embeds/calendar/ontales/items/503087/?asn=fhdn-eur&asn-ref=alloutdooradventures&ref=alloutdooradventures&bookable-only=yes&full-items=yes&marketplace=yes&flow=no,"<script src=""https://fareharbor.com/embeds/script/calendar/ontales/items/503087/?asn=fhdn-eur&asn-ref=alloutdooradventures&ref=alloutdooradventures&bookable-only=yes&full-items=yes&marketplace=yes&flow=no""></script>",https://fareharbor.com/embeds/book/ontales/items/503087/?asn=fhdn-eur&asn-ref=alloutdooradventures&ref=alloutdooradventures&bookable-only=yes&full-items=yes&marketplace=yes&flow=no,https://cdn.filestackcontent.com/6Ux23Ai6QhGZRBNuIdxm
El Ciclo,elciclobcn,ramiro@elciclobcn.com,34607824860,Spain/Catalunya/Barcelona,,,540801,Best of Barcelona Bicycle Tour - group,Bike Tour,5,84,634,https://fareharbor.com/embeds/calendar/elciclobcn/items/540801/?asn=fhdn-eur&asn-ref=alloutdooradventures&ref=alloutdooradventures&bookable-only=yes&full-items=yes&marketplace=yes&flow=no,"<script src=""https://fareharbor.com/embeds/script/calendar/elciclobcn/items/540801/?asn=fhdn-eur&asn-ref=alloutdooradventures&ref=alloutdooradventures&bookable-only=yes&full-items=yes&marketplace=yes&flow=no""></script>",https://fareharbor.com/embeds/book/elciclobcn/items/540801/?asn=fhdn-eur&asn-ref=alloutdooradventures&ref=alloutdooradventures&bookable-only=yes&full-items=yes&marketplace=yes&flow=no,https://cdn.filestackcontent.com/6XJO6hcbQDGWBXznD80S
Natura Xtreme Tenerife,naturaxtremetenerife,info@naturaxtremetenerife.com,+34 722406117,Spain/Canarias/La Laguna,-16.309961,28.507918,545968,Barranco de El Río superior,Climbing-Hiking,6,84,46,https://fareharbor.com/embeds/calendar/naturaxtremetenerife/items/545968/?asn=fhdn-eur&asn-ref=alloutdooradventures&ref=alloutdooradventures&bookable-only=yes&full-items=yes&marketplace=yes&flow=no,"<script src=""https://fareharbor.com/embeds/script/calendar/naturaxtremetenerife/items/545968/?asn=fhdn-eur&asn-ref=alloutdooradventures&ref=alloutdooradventures&bookable-only=yes&full-items=yes&marketplace=yes&flow=no""></script>",https://fareharbor.com/embeds/book/naturaxtremetenerife/items/545968/?asn=fhdn-eur&asn-ref=alloutdooradventures&ref=alloutdooradventures&bookable-only=yes&full-items=yes&marketplace=yes&flow=no,https://cdn.filestackcontent.com/zRG2xVfuRRenKLnUh04n
Tourne,tournebilbao,info@tournebilbao.com,+34 688 749 372,Spain/Euskadi/Getxo,,,159056,Getxo Seaside E-bike Tour,Bike Rental-Bike Tour-E-Bike-History Tour-Museum,8,83,152,https://fareharbor.com/embeds/calendar/tournebilbao/items/159056/?asn=fhdn-eur&asn-ref=alloutdooradventures&ref=alloutdooradventures&bookable-only=yes&full-items=yes&marketplace=yes&flow=no,"<script src=""https://fareharbor.com/embeds/script/calendar/tournebilbao/items/159056/?asn=fhdn-eur&asn-ref=alloutdooradventures&ref=alloutdooradventures&bookable-only=yes&full-items=yes&marketplace=yes&flow=no""></script>",https://fareharbor.com/embeds/book/tournebilbao/items/159056/?asn=fhdn-eur&asn-ref=alloutdooradventures&ref=alloutdooradventures&bookable-only=yes&full-items=yes&marketplace=yes&flow=no,https://cdn.filestackcontent.com/KMXE7kFJRQkpJ9F8fjOg
Food Lover Tour - Lisbon,foodlovertourlisbon,lisboa@foodlovertour.com,+351 925464464,Portugal/Lisboa/Lisboa,,,177119,Lisbon Petiscos & Wine Crawl Tour,City Tour-Climbing-Events-Food Tour-History Tour-Private-Walking Tour-Wine,3,83,153,https://fareharbor.com/embeds/calendar/foodlovertourlisbon/items/177119/?asn=fhdn-eur&asn-ref=alloutdooradventures&ref=alloutdooradventures&bookable-only=yes&full-items=yes&marketplace=yes&flow=no,"<script src=""https://fareharbor.com/embeds/script/calendar/foodlovertourlisbon/items/177119/?asn=fhdn-eur&asn-ref=alloutdooradventures&ref=alloutdooradventures&bookable-only=yes&full-items=yes&marketplace=yes&flow=no""></script>",https://fareharbor.com/embeds/book/foodlovertourlisbon/items/177119/?asn=fhdn-eur&asn-ref=alloutdooradventures&ref=alloutdooradventures&bookable-only=yes&full-items=yes&marketplace=yes&flow=no,https://cdn.filestackcontent.com/kL3CP6VTzClDpsCOfGaO
Viaje Portugal,viajeportugal,viajeportugal.tours@gmail.com,351924110407,Portugal/Coimbra/Coimbra,-8.429625,40.207242,273176,Walkways of the Paiva River and 516 Arouca bridge Walking,Bike Tour,12,83,177,https://fareharbor.com/embeds/calendar/viajeportugal/items/273176/?asn=fhdn-eur&asn-ref=alloutdooradventures&ref=alloutdooradventures&bookable-only=yes&full-items=yes&marketplace=yes&flow=no,"<script src=""https://fareharbor.com/embeds/script/calendar/viajeportugal/items/273176/?asn=fhdn-eur&asn-ref=alloutdooradventures&ref=alloutdooradventures&bookable-only=yes&full-items=yes&marketplace=yes&flow=no""></script>",https://fareharbor.com/embeds/book/viajeportugal/items/273176/?asn=fhdn-eur&asn-ref=alloutdooradventures&ref=alloutdooradventures&bookable-only=yes&full-items=yes&marketplace=yes&flow=no,https://cdn.filestackcontent.com/dCJEdQlkQrWQcVvUv7MQ
Scorpio Madeira Wild Life,madeirawildlife,info@scorpiomadeira.com,+351 912 603 300,Portugal/Madeira/Machico,-16.759469,32.718323,293181,Whale and Dolphin Watching,Dolphin-Marina-Private-Whale Watch,6,83,360,https://fareharbor.com/embeds/calendar/madeirawildlife/items/293181/?asn=fhdn-eur&asn-ref=alloutdooradventures&ref=alloutdooradventures&bookable-only=yes&full-items=yes&marketplace=yes&flow=no,"<script src=""https://fareharbor.com/embeds/script/calendar/madeirawildlife/items/293181/?asn=fhdn-eur&asn-ref=alloutdooradventures&ref=alloutdooradventures&bookable-only=yes&full-items=yes&marketplace=yes&flow=no""></script>",https://fareharbor.com/embeds/book/madeirawildlife/items/293181/?asn=fhdn-eur&asn-ref=alloutdooradventures&ref=alloutdooradventures&bookable-only=yes&full-items=yes&marketplace=yes&flow=no,https://cdn.filestackcontent.com/tBk17wUjRTWpDSpfVp0v
Siesta Advisor Javea,siestaadvisor,info@siestaadvisor.com,+34 639 90 83 67,Spain/Comunidad Valenciana/Xàbia,,,517596,American Canoe Association Level 3: Coastal Kayaking,Canoe-Kayak-Water Activities,5,83,0,https://fareharbor.com/embeds/calendar/siestaadvisor/items/517596/?asn=fhdn-eur&asn-ref=alloutdooradventures&ref=alloutdooradventures&bookable-only=yes&full-items=yes&marketplace=yes&flow=no,"<script src=""https://fareharbor.com/embeds/script/calendar/siestaadvisor/items/517596/?asn=fhdn-eur&asn-ref=alloutdooradventures&ref=alloutdooradventures&bookable-only=yes&full-items=yes&marketplace=yes&flow=no""></script>",https://fareharbor.com/embeds/book/siestaadvisor/items/517596/?asn=fhdn-eur&asn-ref=alloutdooradventures&ref=alloutdooradventures&bookable-only=yes&full-items=yes&marketplace=yes&flow=no,https://cdn.filestackcontent.com/GFocRgMWQiWaQA03Ekpp
Food Lover Tour - Lisbon,foodlovertourlisbon,lisboa@foodlovertour.com,+351 925464464,Portugal/Lisboa/Lisboa,,,177127,Lisbon Fado & Food Evening Tour,City Tour-Food Tour-History Tour-Private-Walking Tour-Wine,3,82,153,https://fareharbor.com/embeds/calendar/foodlovertourlisbon/items/177127/?asn=fhdn-eur&asn-ref=alloutdooradventures&ref=alloutdooradventures&bookable-only=yes&full-items=yes&marketplace=yes&flow=no,"<script src=""https://fareharbor.com/embeds/script/calendar/foodlovertourlisbon/items/177127/?asn=fhdn-eur&asn-ref=alloutdooradventures&ref=alloutdooradventures&bookable-only=yes&full-items=yes&marketplace=yes&flow=no""></script>",https://fareharbor.com/embeds/book/foodlovertourlisbon/items/177127/?asn=fhdn-eur&asn-ref=alloutdooradventures&ref=alloutdooradventures&bookable-only=yes&full-items=yes&marketplace=yes&flow=no,https://cdn.filestackcontent.com/QrxzPRj2QbCFV8LlUGtB
Natura Xtreme Tenerife,naturaxtremetenerife,info@naturaxtremetenerife.com,+34 722406117,Spain/Canarias/La Laguna,-16.309961,28.507918,546197,Barranco Llano Frío,Climbing-Hiking,6,82,68,https://fareharbor.com/embeds/calendar/naturaxtremetenerife/items/546197/?asn=fhdn-eur&asn-ref=alloutdooradventures&ref=alloutdooradventures&bookable-only=yes&full-items=yes&marketplace=yes&flow=no,"<script src=""https://fareharbor.com/embeds/script/calendar/naturaxtremetenerife/items/546197/?asn=fhdn-eur&asn-ref=alloutdooradventures&ref=alloutdooradventures&bookable-only=yes&full-items=yes&marketplace=yes&flow=no""></script>",https://fareharbor.com/embeds/book/naturaxtremetenerife/items/546197/?asn=fhdn-eur&asn-ref=alloutdooradventures&ref=alloutdooradventures&bookable-only=yes&full-items=yes&marketplace=yes&flow=no,https://cdn.filestackcontent.com/Kelx6s7GQLy8p1FzSHx8
Rios & Trilhos Aventura,riosetrilhos,riosetrilhos@gmail.com,+351914322630,Portugal/Viseu/Manhouce,-8.214106,40.82658,585207,River Trekking - Caminhada Aquática,Boat Tour-Rafting-Walking Tour,1,82,879,https://fareharbor.com/embeds/calendar/riosetrilhos/items/585207/?asn=fhdn-eur&asn-ref=alloutdooradventures&ref=alloutdooradventures&bookable-only=yes&full-items=yes&marketplace=yes&flow=no,"<script src=""https://fareharbor.com/embeds/script/calendar/riosetrilhos/items/585207/?asn=fhdn-eur&asn-ref=alloutdooradventures&ref=alloutdooradventures&bookable-only=yes&full-items=yes&marketplace=yes&flow=no""></script>",https://fareharbor.com/embeds/book/riosetrilhos/items/585207/?asn=fhdn-eur&asn-ref=alloutdooradventures&ref=alloutdooradventures&bookable-only=yes&full-items=yes&marketplace=yes&flow=no,https://cdn.filestackcontent.com/jYrQwAKlSq7W3AjHYut6
Salamanca Visit,salamancavisit,martoke@salamancavisit.com,34608705178,Spain/Castilla y León/Salamanca,-5.667719,40.962106,607436,Bike tour,Bike Tour,1,82,480,https://fareharbor.com/embeds/calendar/salamancavisit/items/607436/?asn=fhdn-eur&asn-ref=alloutdooradventures&ref=alloutdooradventures&bookable-only=yes&full-items=yes&marketplace=yes&flow=no,"<script src=""https://fareharbor.com/embeds/script/calendar/salamancavisit/items/607436/?asn=fhdn-eur&asn-ref=alloutdooradventures&ref=alloutdooradventures&bookable-only=yes&full-items=yes&marketplace=yes&flow=no""></script>",https://fareharbor.com/embeds/book/salamancavisit/items/607436/?asn=fhdn-eur&asn-ref=alloutdooradventures&ref=alloutdooradventures&bookable-only=yes&full-items=yes&marketplace=yes&flow=no,https://cdn.filestackcontent.com/Fz6jZ0PpQokfq6mZ8p6k
Outbound Mallorca,outboundmallorca,info@outboundmallorca.com,+34 619 829 190,Spain/Illes Balears/Alcúdia,3.153271,39.836841,611147,Cueva en Alcúdia,Hiking,2,82,180,https://fareharbor.com/embeds/calendar/outboundmallorca/items/611147/?asn=fhdn-eur&asn-ref=alloutdooradventures&ref=alloutdooradventures&bookable-only=yes&full-items=yes&marketplace=yes&flow=no,"<script src=""https://fareharbor.com/embeds/script/calendar/outboundmallorca/items/611147/?asn=fhdn-eur&asn-ref=alloutdooradventures&ref=alloutdooradventures&bookable-only=yes&full-items=yes&marketplace=yes&flow=no""></script>",https://fareharbor.com/embeds/book/outboundmallorca/items/611147/?asn=fhdn-eur&asn-ref=alloutdooradventures&ref=alloutdooradventures&bookable-only=yes&full-items=yes&marketplace=yes&flow=no,https://cdn.filestackcontent.com/gUO8J8MsRRK7zbZ46QhX
Outbound Mallorca,outboundmallorca,info@outboundmallorca.com,+34 619 829 190,Spain/Illes Balears/Cala Anguila-Cala Mendia,3.307817,39.518401,611166,Cueva Marina,Hiking,2,82,77,https://fareharbor.com/embeds/calendar/outboundmallorca/items/611166/?asn=fhdn-eur&asn-ref=alloutdooradventures&ref=alloutdooradventures&bookable-only=yes&full-items=yes&marketplace=yes&flow=no,"<script src=""https://fareharbor.com/embeds/script/calendar/outboundmallorca/items/611166/?asn=fhdn-eur&asn-ref=alloutdooradventures&ref=alloutdooradventures&bookable-only=yes&full-items=yes&marketplace=yes&flow=no""></script>",https://fareharbor.com/embeds/book/outboundmallorca/items/611166/?asn=fhdn-eur&asn-ref=alloutdooradventures&ref=alloutdooradventures&bookable-only=yes&full-items=yes&marketplace=yes&flow=no,https://cdn.filestackcontent.com/hR4gVvXRhC1gccZInm46
Viaje Portugal,viajeportugal,viajeportugal.tours@gmail.com,351924110407,Portugal/Coimbra/Coimbra,-8.429625,40.207242,273185,Rent a Bike Full Day From Coimbra,Bike Rental-Bike Tour-Transportation-Winery-Wine,13,81,177,https://fareharbor.com/embeds/calendar/viajeportugal/items/273185/?asn=fhdn-eur&asn-ref=alloutdooradventures&ref=alloutdooradventures&bookable-only=yes&full-items=yes&marketplace=yes&flow=no,"<script src=""https://fareharbor.com/embeds/script/calendar/viajeportugal/items/273185/?asn=fhdn-eur&asn-ref=alloutdooradventures&ref=alloutdooradventures&bookable-only=yes&full-items=yes&marketplace=yes&flow=no""></script>",https://fareharbor.com/embeds/book/viajeportugal/items/273185/?asn=fhdn-eur&asn-ref=alloutdooradventures&ref=alloutdooradventures&bookable-only=yes&full-items=yes&marketplace=yes&flow=no,https://cdn.filestackcontent.com/WWcSlhmAQF66xYsRzzIh
Get Stoked,getstoked,getstokedportugal@gmail.com,351918586769,Portugal/Setubal/Setúbal,-8.890933,38.526044,284589,Arrábida Snorkeling Adventure,Air Activities-Fishing-Wellness-Skydive-Snorkel-Transportation-Water Activities,4,81,360,https://fareharbor.com/embeds/calendar/getstoked/items/284589/?asn=fhdn-eur&asn-ref=alloutdooradventures&ref=alloutdooradventures&bookable-only=yes&full-items=yes&marketplace=yes&flow=no,"<script src=""https://fareharbor.com/embeds/script/calendar/getstoked/items/284589/?asn=fhdn-eur&asn-ref=alloutdooradventures&ref=alloutdooradventures&bookable-only=yes&full-items=yes&marketplace=yes&flow=no""></script>",https://fareharbor.com/embeds/book/getstoked/items/284589/?asn=fhdn-eur&asn-ref=alloutdooradventures&ref=alloutdooradventures&bookable-only=yes&full-items=yes&marketplace=yes&flow=no,https://cdn.filestackcontent.com/uVsYui21SPm0ZGZMgJaR
Rios & Trilhos Aventura,riosetrilhos,riosetrilhos@gmail.com,+351914322630,Portugal/Viseu/Manhouce,-8.214106,40.82658,585214,Canyoning Poço da Barreira,Walking Tour-Water Activities,1,81,311,https://fareharbor.com/embeds/calendar/riosetrilhos/items/585214/?asn=fhdn-eur&asn-ref=alloutdooradventures&ref=alloutdooradventures&bookable-only=yes&full-items=yes&marketplace=yes&flow=no,"<script src=""https://fareharbor.com/embeds/script/calendar/riosetrilhos/items/585214/?asn=fhdn-eur&asn-ref=alloutdooradventures&ref=alloutdooradventures&bookable-only=yes&full-items=yes&marketplace=yes&flow=no""></script>",https://fareharbor.com/embeds/book/riosetrilhos/items/585214/?asn=fhdn-eur&asn-ref=alloutdooradventures&ref=alloutdooradventures&bookable-only=yes&full-items=yes&marketplace=yes&flow=no,https://cdn.filestackcontent.com/mtOJ8xk2SeQ8DM5hek9Q
Rios & Trilhos Aventura,riosetrilhos,riosetrilhos@gmail.com,+351914322630,Portugal/Aveiro District/Arouca,-8.237705,40.931277,585218,Canyoning Rio Frades,Walking Tour-Water Activities,1,81,311,https://fareharbor.com/embeds/calendar/riosetrilhos/items/585218/?asn=fhdn-eur&asn-ref=alloutdooradventures&ref=alloutdooradventures&bookable-only=yes&full-items=yes&marketplace=yes&flow=no,"<script src=""https://fareharbor.com/embeds/script/calendar/riosetrilhos/items/585218/?asn=fhdn-eur&asn-ref=alloutdooradventures&ref=alloutdooradventures&bookable-only=yes&full-items=yes&marketplace=yes&flow=no""></script>",https://fareharbor.com/embeds/book/riosetrilhos/items/585218/?asn=fhdn-eur&asn-ref=alloutdooradventures&ref=alloutdooradventures&bookable-only=yes&full-items=yes&marketplace=yes&flow=no,https://cdn.filestackcontent.com/LcxkpWHaRZ2QpNhysVNm
Outbound Mallorca,outboundmallorca,info@outboundmallorca.com,+34 619 829 190,Spain/Illes Balears/Sóller,2.724643,39.790841,611040,El Camino de la Costa,Hiking,1,81,180,https://fareharbor.com/embeds/calendar/outboundmallorca/items/611040/?asn=fhdn-eur&asn-ref=alloutdooradventures&ref=alloutdooradventures&bookable-only=yes&full-items=yes&marketplace=yes&flow=no,"<script src=""https://fareharbor.com/embeds/script/calendar/outboundmallorca/items/611040/?asn=fhdn-eur&asn-ref=alloutdooradventures&ref=alloutdooradventures&bookable-only=yes&full-items=yes&marketplace=yes&flow=no""></script>",https://fareharbor.com/embeds/book/outboundmallorca/items/611040/?asn=fhdn-eur&asn-ref=alloutdooradventures&ref=alloutdooradventures&bookable-only=yes&full-items=yes&marketplace=yes&flow=no,https://cdn.filestackcontent.com/wDe3fLjTkqSSQu9fHQsQ
Trixi Madrid,trixi,madrid@trixi.com,+34 915 231 547,Spain/Comunidad de Madrid/Madrid,-3.701245,40.418869,133828,Gymkhana,Bike Tour-E-Bike-History Tour-Water Activities,4,80,127,https://fareharbor.com/embeds/calendar/trixi/items/133828/?asn=fhdn-eur&asn-ref=alloutdooradventures&ref=alloutdooradventures&bookable-only=yes&full-items=yes&marketplace=yes&flow=no,"<script src=""https://fareharbor.com/embeds/script/calendar/trixi/items/133828/?asn=fhdn-eur&asn-ref=alloutdooradventures&ref=alloutdooradventures&bookable-only=yes&full-items=yes&marketplace=yes&flow=no""></script>",https://fareharbor.com/embeds/book/trixi/items/133828/?asn=fhdn-eur&asn-ref=alloutdooradventures&ref=alloutdooradventures&bookable-only=yes&full-items=yes&marketplace=yes&flow=no,https://cdn.filestackcontent.com/fdRI13FhRIucQd387bxS
Eco Trilha,ecotrilha,booking@ecotrilha.pt,+35 1927 771 815,Portugal/Lisboa/Lisboa,-9.131976,38.778845,146399,8-Day Portugal Food & Wine Tour | Cooking Classes Included,Boat Tour-City Tour-Cooking Class-Eco Tour-Factory Tour-Farm-Food Tour-Guided Tour-Transfer-Service-Walking Tour-Winery-Wine-Workshop,108,80,4,https://fareharbor.com/embeds/calendar/ecotrilha/items/146399/?asn=fhdn-eur&asn-ref=alloutdooradventures&ref=alloutdooradventures&bookable-only=yes&full-items=yes&marketplace=yes&flow=no,"<script src=""https://fareharbor.com/embeds/script/calendar/ecotrilha/items/146399/?asn=fhdn-eur&asn-ref=alloutdooradventures&ref=alloutdooradventures&bookable-only=yes&full-items=yes&marketplace=yes&flow=no""></script>",https://fareharbor.com/embeds/book/ecotrilha/items/146399/?asn=fhdn-eur&asn-ref=alloutdooradventures&ref=alloutdooradventures&bookable-only=yes&full-items=yes&marketplace=yes&flow=no,https://cdn.filestackcontent.com/5CHrDyTRRv2I0C317tZS
Eco Trilha,ecotrilha,booking@ecotrilha.pt,+35 1927 771 815,Portugal/Lisboa/Lisboa,-9.131976,38.778845,147270,7-Day Portugal Tour from Lisbon to Porto & Douro,Boat Tour-City Tour-Factory Tour-Farm-Food Tour-Guided Tour-History Tour-Transfer-Service-Sightseeing Tour-Transportation-Walking Tour-Winery-Wine,46,80,10,https://fareharbor.com/embeds/calendar/ecotrilha/items/147270/?asn=fhdn-eur&asn-ref=alloutdooradventures&ref=alloutdooradventures&bookable-only=yes&full-items=yes&marketplace=yes&flow=no,"<script src=""https://fareharbor.com/embeds/script/calendar/ecotrilha/items/147270/?asn=fhdn-eur&asn-ref=alloutdooradventures&ref=alloutdooradventures&bookable-only=yes&full-items=yes&marketplace=yes&flow=no""></script>",https://fareharbor.com/embeds/book/ecotrilha/items/147270/?asn=fhdn-eur&asn-ref=alloutdooradventures&ref=alloutdooradventures&bookable-only=yes&full-items=yes&marketplace=yes&flow=no,https://cdn.filestackcontent.com/QgQsTnQoTsmXUIjX7wtT
Madeira Adventure Kingdom,madeira-adventure-kingdom,reservas@madeira-adventure-kingdom.com,+351918080557,Portugal/Madeira/Funchal,-16.908236,32.650613,175274,Whale and Dolphin Watching,Dolphin-Marina-Whale Watch,0,80,180,https://fareharbor.com/embeds/calendar/madeira-adventure-kingdom/items/175274/?asn=fhdn-eur&asn-ref=alloutdooradventures&ref=alloutdooradventures&bookable-only=yes&full-items=yes&marketplace=yes&flow=no,"<script src=""https://fareharbor.com/embeds/script/calendar/madeira-adventure-kingdom/items/175274/?asn=fhdn-eur&asn-ref=alloutdooradventures&ref=alloutdooradventures&bookable-only=yes&full-items=yes&marketplace=yes&flow=no""></script>",https://fareharbor.com/embeds/book/madeira-adventure-kingdom/items/175274/?asn=fhdn-eur&asn-ref=alloutdooradventures&ref=alloutdooradventures&bookable-only=yes&full-items=yes&marketplace=yes&flow=no,https://cdn.filestackcontent.com/spxA8BATPijRdmbip5sA
Madeira Adventure Kingdom,madeira-adventure-kingdom,reservas@madeira-adventure-kingdom.com,+351918080557,Portugal/Madeira/Funchal,-16.908236,32.650613,175276,Swimming with Dolphins,Dolphin-Whale Watch,0,80,180,https://fareharbor.com/embeds/calendar/madeira-adventure-kingdom/items/175276/?asn=fhdn-eur&asn-ref=alloutdooradventures&ref=alloutdooradventures&bookable-only=yes&full-items=yes&marketplace=yes&flow=no,"<script src=""https://fareharbor.com/embeds/script/calendar/madeira-adventure-kingdom/items/175276/?asn=fhdn-eur&asn-ref=alloutdooradventures&ref=alloutdooradventures&bookable-only=yes&full-items=yes&marketplace=yes&flow=no""></script>",https://fareharbor.com/embeds/book/madeira-adventure-kingdom/items/175276/?asn=fhdn-eur&asn-ref=alloutdooradventures&ref=alloutdooradventures&bookable-only=yes&full-items=yes&marketplace=yes&flow=no,https://cdn.filestackcontent.com/afP2JBQDQVmTLJVb1aI4
Go Local San Sebastián,golocalsansebastian,kaixo@golocalsansebastian.com,+34 943048328,Spain/Euskadi/Donostia,,,183055,Senderismo Camino de Santiago en San Sebastián,Hiking,4,80,181,https://fareharbor.com/embeds/calendar/golocalsansebastian/items/183055/?asn=fhdn-eur&asn-ref=alloutdooradventures&ref=alloutdooradventures&bookable-only=yes&full-items=yes&marketplace=yes&flow=no,"<script src=""https://fareharbor.com/embeds/script/calendar/golocalsansebastian/items/183055/?asn=fhdn-eur&asn-ref=alloutdooradventures&ref=alloutdooradventures&bookable-only=yes&full-items=yes&marketplace=yes&flow=no""></script>",https://fareharbor.com/embeds/book/golocalsansebastian/items/183055/?asn=fhdn-eur&asn-ref=alloutdooradventures&ref=alloutdooradventures&bookable-only=yes&full-items=yes&marketplace=yes&flow=no,https://cdn.filestackcontent.com/f7MfJfMTSvGJSzKAvoJ6
Nauticdrive,nauticdrive,info@nauticdrive-algarve.com,00351915127137,Portugal/Faro/Albufeira,,,374123,Aluguer Gaivota,Parasail,4,80,0,https://fareharbor.com/embeds/calendar/nauticdrive/items/374123/?asn=fhdn-eur&asn-ref=alloutdooradventures&ref=alloutdooradventures&bookable-only=yes&full-items=yes&marketplace=yes&flow=no,"<script src=""https://fareharbor.com/embeds/script/calendar/nauticdrive/items/374123/?asn=fhdn-eur&asn-ref=alloutdooradventures&ref=alloutdooradventures&bookable-only=yes&full-items=yes&marketplace=yes&flow=no""></script>",https://fareharbor.com/embeds/book/nauticdrive/items/374123/?asn=fhdn-eur&asn-ref=alloutdooradventures&ref=alloutdooradventures&bookable-only=yes&full-items=yes&marketplace=yes&flow=no,https://cdn.filestackcontent.com/UJNOjhshT86bHTaqEMBV
Sky Rebels,sky-rebels,skyrebelsfly@gmail.com,34622212213,Spain/Canarias/Maspalomas,,,421792,Hiking in the rainforest by 2 native guides,Hiking-Walking Tour,5,80,19,https://fareharbor.com/embeds/calendar/sky-rebels/items/421792/?asn=fhdn-eur&asn-ref=alloutdooradventures&ref=alloutdooradventures&bookable-only=yes&full-items=yes&marketplace=yes&flow=no,"<script src=""https://fareharbor.com/embeds/script/calendar/sky-rebels/items/421792/?asn=fhdn-eur&asn-ref=alloutdooradventures&ref=alloutdooradventures&bookable-only=yes&full-items=yes&marketplace=yes&flow=no""></script>",https://fareharbor.com/embeds/book/sky-rebels/items/421792/?asn=fhdn-eur&asn-ref=alloutdooradventures&ref=alloutdooradventures&bookable-only=yes&full-items=yes&marketplace=yes&flow=no,https://cdn.filestackcontent.com/hzv3mAJTiqwUzKbSMtyF
Get Stoked,getstoked,getstokedportugal@gmail.com,351918586769,Portugal/Lisboa/Lisboa,-9.17692,38.744453,449665,Monsanto Vintage Bike Tour,Bike Tour-Guided Tour-Private,4,80,1072,https://fareharbor.com/embeds/calendar/getstoked/items/449665/?asn=fhdn-eur&asn-ref=alloutdooradventures&ref=alloutdooradventures&bookable-only=yes&full-items=yes&marketplace=yes&flow=no,"<script src=""https://fareharbor.com/embeds/script/calendar/getstoked/items/449665/?asn=fhdn-eur&asn-ref=alloutdooradventures&ref=alloutdooradventures&bookable-only=yes&full-items=yes&marketplace=yes&flow=no""></script>",https://fareharbor.com/embeds/book/getstoked/items/449665/?asn=fhdn-eur&asn-ref=alloutdooradventures&ref=alloutdooradventures&bookable-only=yes&full-items=yes&marketplace=yes&flow=no,https://cdn.filestackcontent.com/T5qVqZOBShKePMSBzyGW
Siesta Advisor Javea,siestaadvisor,info@siestaadvisor.com,+34 639 90 83 67,Spain/Comunidad Valenciana/Xàbia,,,517231,American Canoe Association Level 2: Essentials of Kayak Touring,Canoe-Kayak-Water Activities,4,80,0,https://fareharbor.com/embeds/calendar/siestaadvisor/items/517231/?asn=fhdn-eur&asn-ref=alloutdooradventures&ref=alloutdooradventures&bookable-only=yes&full-items=yes&marketplace=yes&flow=no,"<script src=""https://fareharbor.com/embeds/script/calendar/siestaadvisor/items/517231/?asn=fhdn-eur&asn-ref=alloutdooradventures&ref=alloutdooradventures&bookable-only=yes&full-items=yes&marketplace=yes&flow=no""></script>",https://fareharbor.com/embeds/book/siestaadvisor/items/517231/?asn=fhdn-eur&asn-ref=alloutdooradventures&ref=alloutdooradventures&bookable-only=yes&full-items=yes&marketplace=yes&flow=no,https://cdn.filestackcontent.com/8SOl0HiNRzSjGOLTCWrQ
NaTour Way,natourway,geral@natourway.com,+351 913 158 062,Portugal/Aveiro/União das freguesias de Canelas e Espiunca,-8.213694,40.993106,594133,Rafting,Rafting,1,80,264,https://fareharbor.com/embeds/calendar/natourway/items/594133/?asn=fhdn-eur&asn-ref=alloutdooradventures&ref=alloutdooradventures&bookable-only=yes&full-items=yes&marketplace=yes&flow=no,"<script src=""https://fareharbor.com/embeds/script/calendar/natourway/items/594133/?asn=fhdn-eur&asn-ref=alloutdooradventures&ref=alloutdooradventures&bookable-only=yes&full-items=yes&marketplace=yes&flow=no""></script>",https://fareharbor.com/embeds/book/natourway/items/594133/?asn=fhdn-eur&asn-ref=alloutdooradventures&ref=alloutdooradventures&bookable-only=yes&full-items=yes&marketplace=yes&flow=no,https://cdn.filestackcontent.com/G4heT3kfThOnaX7FVW2z
Outbound Mallorca,outboundmallorca,info@outboundmallorca.com,+34 619 829 190,Spain/Illes Balears/Deià,2.648849,39.748517,611063,La Ruta de los Artistas,Hiking,1,80,180,https://fareharbor.com/embeds/calendar/outboundmallorca/items/611063/?asn=fhdn-eur&asn-ref=alloutdooradventures&ref=alloutdooradventures&bookable-only=yes&full-items=yes&marketplace=yes&flow=no,"<script src=""https://fareharbor.com/embeds/script/calendar/outboundmallorca/items/611063/?asn=fhdn-eur&asn-ref=alloutdooradventures&ref=alloutdooradventures&bookable-only=yes&full-items=yes&marketplace=yes&flow=no""></script>",https://fareharbor.com/embeds/book/outboundmallorca/items/611063/?asn=fhdn-eur&asn-ref=alloutdooradventures&ref=alloutdooradventures&bookable-only=yes&full-items=yes&marketplace=yes&flow=no,https://cdn.filestackcontent.com/5Jog7PFaRmykZ9OqRvfa
Outbound Mallorca,outboundmallorca,info@outboundmallorca.com,+34 619 829 190,Spain/Illes Balears/Sant Elm,2.349966,39.578889,611073,Parque Natural de la Isla Dragonera,Hiking,1,80,145,https://fareharbor.com/embeds/calendar/outboundmallorca/items/611073/?asn=fhdn-eur&asn-ref=alloutdooradventures&ref=alloutdooradventures&bookable-only=yes&full-items=yes&marketplace=yes&flow=no,"<script src=""https://fareharbor.com/embeds/script/calendar/outboundmallorca/items/611073/?asn=fhdn-eur&asn-ref=alloutdooradventures&ref=alloutdooradventures&bookable-only=yes&full-items=yes&marketplace=yes&flow=no""></script>",https://fareharbor.com/embeds/book/outboundmallorca/items/611073/?asn=fhdn-eur&asn-ref=alloutdooradventures&ref=alloutdooradventures&bookable-only=yes&full-items=yes&marketplace=yes&flow=no,https://cdn.filestackcontent.com/MBj2Z6QgSpOcsM54irLe
Outbound Mallorca,outboundmallorca,info@outboundmallorca.com,+34 619 829 190,Spain/Illes Balears/Sóller,2.724452,39.767778,611118,Barranco de Biniaraix,Hiking,1,80,184,https://fareharbor.com/embeds/calendar/outboundmallorca/items/611118/?asn=fhdn-eur&asn-ref=alloutdooradventures&ref=alloutdooradventures&bookable-only=yes&full-items=yes&marketplace=yes&flow=no,"<script src=""https://fareharbor.com/embeds/script/calendar/outboundmallorca/items/611118/?asn=fhdn-eur&asn-ref=alloutdooradventures&ref=alloutdooradventures&bookable-only=yes&full-items=yes&marketplace=yes&flow=no""></script>",https://fareharbor.com/embeds/book/outboundmallorca/items/611118/?asn=fhdn-eur&asn-ref=alloutdooradventures&ref=alloutdooradventures&bookable-only=yes&full-items=yes&marketplace=yes&flow=no,https://cdn.filestackcontent.com/pvMtg9dIRLOK3sMJpPv5
Outbound Mallorca,outboundmallorca,info@outboundmallorca.com,+34 619 829 190,Spain/Illes Balears/Valldemossa,2.616296,39.710374,611127,Puig des Teix,Hiking,1,80,180,https://fareharbor.com/embeds/calendar/outboundmallorca/items/611127/?asn=fhdn-eur&asn-ref=alloutdooradventures&ref=alloutdooradventures&bookable-only=yes&full-items=yes&marketplace=yes&flow=no,"<script src=""https://fareharbor.com/embeds/script/calendar/outboundmallorca/items/611127/?asn=fhdn-eur&asn-ref=alloutdooradventures&ref=alloutdooradventures&bookable-only=yes&full-items=yes&marketplace=yes&flow=no""></script>",https://fareharbor.com/embeds/book/outboundmallorca/items/611127/?asn=fhdn-eur&asn-ref=alloutdooradventures&ref=alloutdooradventures&bookable-only=yes&full-items=yes&marketplace=yes&flow=no,https://cdn.filestackcontent.com/q65Z0h2RfC2WekhZndBL
Outbound Mallorca,outboundmallorca,info@outboundmallorca.com,+34 619 829 190,Spain/Illes Balears/Escorca,2.890947,39.789984,611131,Puig Tomir,Hiking,1,80,180,https://fareharbor.com/embeds/calendar/outboundmallorca/items/611131/?asn=fhdn-eur&asn-ref=alloutdooradventures&ref=alloutdooradventures&bookable-only=yes&full-items=yes&marketplace=yes&flow=no,"<script src=""https://fareharbor.com/embeds/script/calendar/outboundmallorca/items/611131/?asn=fhdn-eur&asn-ref=alloutdooradventures&ref=alloutdooradventures&bookable-only=yes&full-items=yes&marketplace=yes&flow=no""></script>",https://fareharbor.com/embeds/book/outboundmallorca/items/611131/?asn=fhdn-eur&asn-ref=alloutdooradventures&ref=alloutdooradventures&bookable-only=yes&full-items=yes&marketplace=yes&flow=no,https://cdn.filestackcontent.com/g6Iv7FrCQL2JCQPKCI7g
Outbound Mallorca,outboundmallorca,info@outboundmallorca.com,+34 619 829 190,Spain/Illes Balears/Pollença,3.016213,39.877338,611174,Barranco en Pollensa,Hiking,1,80,71,https://fareharbor.com/embeds/calendar/outboundmallorca/items/611174/?asn=fhdn-eur&asn-ref=alloutdooradventures&ref=alloutdooradventures&bookable-only=yes&full-items=yes&marketplace=yes&flow=no,"<script src=""https://fareharbor.com/embeds/script/calendar/outboundmallorca/items/611174/?asn=fhdn-eur&asn-ref=alloutdooradventures&ref=alloutdooradventures&bookable-only=yes&full-items=yes&marketplace=yes&flow=no""></script>",https://fareharbor.com/embeds/book/outboundmallorca/items/611174/?asn=fhdn-eur&asn-ref=alloutdooradventures&ref=alloutdooradventures&bookable-only=yes&full-items=yes&marketplace=yes&flow=no,https://cdn.filestackcontent.com/ZV2vzKZORZe6iMzC3L6b
Star Tours Algarve,startoursalgarve,startoursalgarve@gmail.com,+351 918570156,Portugal/Faro/Portimão,-8.527711,37.116225,663380,Sail Away Algarve,Boat Tour-Eco Tour-Marina-Sailing-Snorkel-SUP-Water Activities-Wildlife-Wine,15,80,180,https://fareharbor.com/embeds/calendar/startoursalgarve/items/663380/?asn=fhdn-eur&asn-ref=alloutdooradventures&ref=alloutdooradventures&bookable-only=yes&full-items=yes&marketplace=yes&flow=no,"<script src=""https://fareharbor.com/embeds/script/calendar/startoursalgarve/items/663380/?asn=fhdn-eur&asn-ref=alloutdooradventures&ref=alloutdooradventures&bookable-only=yes&full-items=yes&marketplace=yes&flow=no""></script>",https://fareharbor.com/embeds/book/startoursalgarve/items/663380/?asn=fhdn-eur&asn-ref=alloutdooradventures&ref=alloutdooradventures&bookable-only=yes&full-items=yes&marketplace=yes&flow=no,https://cdn.filestackcontent.com/FRzMZAgzTDXiGpAbiZQw
Levadas In & Out,levadasinandout,management@levadasinandout.com,+351 933 566 605,Portugal/Madeira/Calheta,-17.133371,32.753638,668538,PR6 and PR6.1 - Transfer to Rabaçal 25 Fontes and Risco Levada,Attraction-Environmental Attraction-Hiking-Transfer-Self-Guided Tour-Transportation-Walking Tour,6,80,351,https://fareharbor.com/embeds/calendar/levadasinandout/items/668538/?asn=fhdn-eur&asn-ref=alloutdooradventures&ref=alloutdooradventures&bookable-only=yes&full-items=yes&marketplace=yes&flow=no,"<script src=""https://fareharbor.com/embeds/script/calendar/levadasinandout/items/668538/?asn=fhdn-eur&asn-ref=alloutdooradventures&ref=alloutdooradventures&bookable-only=yes&full-items=yes&marketplace=yes&flow=no""></script>",https://fareharbor.com/embeds/book/levadasinandout/items/668538/?asn=fhdn-eur&asn-ref=alloutdooradventures&ref=alloutdooradventures&bookable-only=yes&full-items=yes&marketplace=yes&flow=no,https://cdn.filestackcontent.com/qpijXzNS3KCPD7aoTHxp
Levadas In & Out,levadasinandout,management@levadasinandout.com,+351 933 566 605,Portugal/Madeira,-16.902497,32.782275,674548,Madeira Peaks - Private Guided Tour with Local Guide,Environmental Attraction-Guided Tour-Hiking-History Tour-Private-Walking Tour,8,80,99,https://fareharbor.com/embeds/calendar/levadasinandout/items/674548/?asn=fhdn-eur&asn-ref=alloutdooradventures&ref=alloutdooradventures&bookable-only=yes&full-items=yes&marketplace=yes&flow=no,"<script src=""https://fareharbor.com/embeds/script/calendar/levadasinandout/items/674548/?asn=fhdn-eur&asn-ref=alloutdooradventures&ref=alloutdooradventures&bookable-only=yes&full-items=yes&marketplace=yes&flow=no""></script>",https://fareharbor.com/embeds/book/levadasinandout/items/674548/?asn=fhdn-eur&asn-ref=alloutdooradventures&ref=alloutdooradventures&bookable-only=yes&full-items=yes&marketplace=yes&flow=no,https://cdn.filestackcontent.com/sujIXLsnRUSv0PuqpKHJ
ZigZag Mallorca,zigzagmallorca,Info@zigzagmallorca.com,652130869,Spain/Illes Balears/Bunyola,,,682444,Coasteering & Cliff Jumping Adventure in Alcúdia – North Mallorca,Hiking,5,80,80,https://fareharbor.com/embeds/calendar/zigzagmallorca/items/682444/?asn=fhdn-eur&asn-ref=alloutdooradventures&ref=alloutdooradventures&bookable-only=yes&full-items=yes&marketplace=yes&flow=no,"<script src=""https://fareharbor.com/embeds/script/calendar/zigzagmallorca/items/682444/?asn=fhdn-eur&asn-ref=alloutdooradventures&ref=alloutdooradventures&bookable-only=yes&full-items=yes&marketplace=yes&flow=no""></script>",https://fareharbor.com/embeds/book/zigzagmallorca/items/682444/?asn=fhdn-eur&asn-ref=alloutdooradventures&ref=alloutdooradventures&bookable-only=yes&full-items=yes&marketplace=yes&flow=no,https://cdn.filestackcontent.com/ZMlOl7AVSla4VPNERHej
ZigZag Mallorca,zigzagmallorca,Info@zigzagmallorca.com,652130869,Spain/Illes Balears/Cala Fornells,,,682453,Coasteering & Cliff Jumping Adventure in Paguera – South Mallorca,Hiking,13,80,30,https://fareharbor.com/embeds/calendar/zigzagmallorca/items/682453/?asn=fhdn-eur&asn-ref=alloutdooradventures&ref=alloutdooradventures&bookable-only=yes&full-items=yes&marketplace=yes&flow=no,"<script src=""https://fareharbor.com/embeds/script/calendar/zigzagmallorca/items/682453/?asn=fhdn-eur&asn-ref=alloutdooradventures&ref=alloutdooradventures&bookable-only=yes&full-items=yes&marketplace=yes&flow=no""></script>",https://fareharbor.com/embeds/book/zigzagmallorca/items/682453/?asn=fhdn-eur&asn-ref=alloutdooradventures&ref=alloutdooradventures&bookable-only=yes&full-items=yes&marketplace=yes&flow=no,https://cdn.filestackcontent.com/dSysyXQGSo2pXfRqipQu
ZigZag Mallorca,zigzagmallorca,Info@zigzagmallorca.com,652130869,Spain/Illes Balears/Romàntica,,,682477,Cova des Coloms - Sea Cave Adventure in Mallorca,Hiking,12,80,39,https://fareharbor.com/embeds/calendar/zigzagmallorca/items/682477/?asn=fhdn-eur&asn-ref=alloutdooradventures&ref=alloutdooradventures&bookable-only=yes&full-items=yes&marketplace=yes&flow=no,"<script src=""https://fareharbor.com/embeds/script/calendar/zigzagmallorca/items/682477/?asn=fhdn-eur&asn-ref=alloutdooradventures&ref=alloutdooradventures&bookable-only=yes&full-items=yes&marketplace=yes&flow=no""></script>",https://fareharbor.com/embeds/book/zigzagmallorca/items/682477/?asn=fhdn-eur&asn-ref=alloutdooradventures&ref=alloutdooradventures&bookable-only=yes&full-items=yes&marketplace=yes&flow=no,https://cdn.filestackcontent.com/4uU8436QBGWMkC3z4HlD
On Tales,ontales,comercial@ontales.com,+351 911 911 777,Portugal/Madeira/Calheta,,,137038,Miranda yacht - Whale and Dolphin Watching,Boat Tour-Dolphin-Eco Tour-Other-Sightseeing Tour-Snorkel-Water Activities-Whale Watch-Wildlife,4,79,0,https://fareharbor.com/embeds/calendar/ontales/items/137038/?asn=fhdn-eur&asn-ref=alloutdooradventures&ref=alloutdooradventures&bookable-only=yes&full-items=yes&marketplace=yes&flow=no,"<script src=""https://fareharbor.com/embeds/script/calendar/ontales/items/137038/?asn=fhdn-eur&asn-ref=alloutdooradventures&ref=alloutdooradventures&bookable-only=yes&full-items=yes&marketplace=yes&flow=no""></script>",https://fareharbor.com/embeds/book/ontales/items/137038/?asn=fhdn-eur&asn-ref=alloutdooradventures&ref=alloutdooradventures&bookable-only=yes&full-items=yes&marketplace=yes&flow=no,https://cdn.filestackcontent.com/iWChJA1NQpK1I53MbR1G
Coastline Algarve,coastlinealgarve,mail@coastlinealgarve.com,+351963766611,Portugal/Faro/Raposeira,-8.889543,37.08169,214128,Kids & Family Coasteering,Climbing-Walking Tour,4,79,173,https://fareharbor.com/embeds/calendar/coastlinealgarve/items/214128/?asn=fhdn-eur&asn-ref=alloutdooradventures&ref=alloutdooradventures&bookable-only=yes&full-items=yes&marketplace=yes&flow=no,"<script src=""https://fareharbor.com/embeds/script/calendar/coastlinealgarve/items/214128/?asn=fhdn-eur&asn-ref=alloutdooradventures&ref=alloutdooradventures&bookable-only=yes&full-items=yes&marketplace=yes&flow=no""></script>",https://fareharbor.com/embeds/book/coastlinealgarve/items/214128/?asn=fhdn-eur&asn-ref=alloutdooradventures&ref=alloutdooradventures&bookable-only=yes&full-items=yes&marketplace=yes&flow=no,https://cdn.filestackcontent.com/Xu2LU9dDTQSmcYzMQngV
Tour Me Out,tourme-out,info@tmo.com.es,+34 691 69 88 84,Spain/Comunidad Valenciana/Valencia,-0.370032,39.474618,542705,Bike Tour | City Center to Maritim Towns,Bike Tour-City Tour-Walking Tour,4,79,27,https://fareharbor.com/embeds/calendar/tourme-out/items/542705/?asn=fhdn-eur&asn-ref=alloutdooradventures&ref=alloutdooradventures&bookable-only=yes&full-items=yes&marketplace=yes&flow=no,"<script src=""https://fareharbor.com/embeds/script/calendar/tourme-out/items/542705/?asn=fhdn-eur&asn-ref=alloutdooradventures&ref=alloutdooradventures&bookable-only=yes&full-items=yes&marketplace=yes&flow=no""></script>",https://fareharbor.com/embeds/book/tourme-out/items/542705/?asn=fhdn-eur&asn-ref=alloutdooradventures&ref=alloutdooradventures&bookable-only=yes&full-items=yes&marketplace=yes&flow=no,https://cdn.filestackcontent.com/7GaRO7P7SHSDXqnYY5j7
Outbound Mallorca,outboundmallorca,info@outboundmallorca.com,+34 619 829 190,Spain/Illes Balears/Valldemossa,2.616296,39.710374,611076,Camino del Archiduque,Hiking,1,79,180,https://fareharbor.com/embeds/calendar/outboundmallorca/items/611076/?asn=fhdn-eur&asn-ref=alloutdooradventures&ref=alloutdooradventures&bookable-only=yes&full-items=yes&marketplace=yes&flow=no,"<script src=""https://fareharbor.com/embeds/script/calendar/outboundmallorca/items/611076/?asn=fhdn-eur&asn-ref=alloutdooradventures&ref=alloutdooradventures&bookable-only=yes&full-items=yes&marketplace=yes&flow=no""></script>",https://fareharbor.com/embeds/book/outboundmallorca/items/611076/?asn=fhdn-eur&asn-ref=alloutdooradventures&ref=alloutdooradventures&bookable-only=yes&full-items=yes&marketplace=yes&flow=no,https://cdn.filestackcontent.com/NqURLKreT5CNNjXzz1hK
Outbound Mallorca,outboundmallorca,info@outboundmallorca.com,+34 619 829 190,Spain/Illes Balears/Andratx,2.350135,39.583747,611084,El Monasterio de la Trapa,Hiking,1,79,184,https://fareharbor.com/embeds/calendar/outboundmallorca/items/611084/?asn=fhdn-eur&asn-ref=alloutdooradventures&ref=alloutdooradventures&bookable-only=yes&full-items=yes&marketplace=yes&flow=no,"<script src=""https://fareharbor.com/embeds/script/calendar/outboundmallorca/items/611084/?asn=fhdn-eur&asn-ref=alloutdooradventures&ref=alloutdooradventures&bookable-only=yes&full-items=yes&marketplace=yes&flow=no""></script>",https://fareharbor.com/embeds/book/outboundmallorca/items/611084/?asn=fhdn-eur&asn-ref=alloutdooradventures&ref=alloutdooradventures&bookable-only=yes&full-items=yes&marketplace=yes&flow=no,https://cdn.filestackcontent.com/Tc6vxD7IRhW5EwnSShCX
Outbound Mallorca,outboundmallorca,info@outboundmallorca.com,+34 619 829 190,Spain/Illes Balears/Randa,2.914493,39.526618,611120,Puig de Randa,Hiking,1,79,75,https://fareharbor.com/embeds/calendar/outboundmallorca/items/611120/?asn=fhdn-eur&asn-ref=alloutdooradventures&ref=alloutdooradventures&bookable-only=yes&full-items=yes&marketplace=yes&flow=no,"<script src=""https://fareharbor.com/embeds/script/calendar/outboundmallorca/items/611120/?asn=fhdn-eur&asn-ref=alloutdooradventures&ref=alloutdooradventures&bookable-only=yes&full-items=yes&marketplace=yes&flow=no""></script>",https://fareharbor.com/embeds/book/outboundmallorca/items/611120/?asn=fhdn-eur&asn-ref=alloutdooradventures&ref=alloutdooradventures&bookable-only=yes&full-items=yes&marketplace=yes&flow=no,https://cdn.filestackcontent.com/aUGcDZOQau7k0xirnJH5
Outbound Mallorca,outboundmallorca,info@outboundmallorca.com,+34 619 829 190,Spain/Illes Balears/Escorca,2.890947,39.789984,611125,Puig de n'Alí,Hiking,1,79,71,https://fareharbor.com/embeds/calendar/outboundmallorca/items/611125/?asn=fhdn-eur&asn-ref=alloutdooradventures&ref=alloutdooradventures&bookable-only=yes&full-items=yes&marketplace=yes&flow=no,"<script src=""https://fareharbor.com/embeds/script/calendar/outboundmallorca/items/611125/?asn=fhdn-eur&asn-ref=alloutdooradventures&ref=alloutdooradventures&bookable-only=yes&full-items=yes&marketplace=yes&flow=no""></script>",https://fareharbor.com/embeds/book/outboundmallorca/items/611125/?asn=fhdn-eur&asn-ref=alloutdooradventures&ref=alloutdooradventures&bookable-only=yes&full-items=yes&marketplace=yes&flow=no,https://cdn.filestackcontent.com/PNfqi35aR1G8LScAaidG
Outbound Mallorca,outboundmallorca,info@outboundmallorca.com,+34 619 829 190,Spain/Illes Balears/Escorca,2.890947,39.789984,611128,Puig de Massanella,Hiking,1,79,71,https://fareharbor.com/embeds/calendar/outboundmallorca/items/611128/?asn=fhdn-eur&asn-ref=alloutdooradventures&ref=alloutdooradventures&bookable-only=yes&full-items=yes&marketplace=yes&flow=no,"<script src=""https://fareharbor.com/embeds/script/calendar/outboundmallorca/items/611128/?asn=fhdn-eur&asn-ref=alloutdooradventures&ref=alloutdooradventures&bookable-only=yes&full-items=yes&marketplace=yes&flow=no""></script>",https://fareharbor.com/embeds/book/outboundmallorca/items/611128/?asn=fhdn-eur&asn-ref=alloutdooradventures&ref=alloutdooradventures&bookable-only=yes&full-items=yes&marketplace=yes&flow=no,https://cdn.filestackcontent.com/2ZeCIflgQjWYy3vLSCYk
Outbound Mallorca,outboundmallorca,info@outboundmallorca.com,+34 619 829 190,Spain/Balearic Islands/Estellencs,2.481126,39.653469,611141,Puig Galatzó,Hiking,1,79,180,https://fareharbor.com/embeds/calendar/outboundmallorca/items/611141/?asn=fhdn-eur&asn-ref=alloutdooradventures&ref=alloutdooradventures&bookable-only=yes&full-items=yes&marketplace=yes&flow=no,"<script src=""https://fareharbor.com/embeds/script/calendar/outboundmallorca/items/611141/?asn=fhdn-eur&asn-ref=alloutdooradventures&ref=alloutdooradventures&bookable-only=yes&full-items=yes&marketplace=yes&flow=no""></script>",https://fareharbor.com/embeds/book/outboundmallorca/items/611141/?asn=fhdn-eur&asn-ref=alloutdooradventures&ref=alloutdooradventures&bookable-only=yes&full-items=yes&marketplace=yes&flow=no,https://cdn.filestackcontent.com/IHuLr1fsRQSGgpGwRm5j
Outbound Mallorca,outboundmallorca,info@outboundmallorca.com,+34 619 829 190,Spain/Balearic Islands/Fornalutx,2.740966,39.782242,611143,Penyal des Migdia,Hiking,1,79,109,https://fareharbor.com/embeds/calendar/outboundmallorca/items/611143/?asn=fhdn-eur&asn-ref=alloutdooradventures&ref=alloutdooradventures&bookable-only=yes&full-items=yes&marketplace=yes&flow=no,"<script src=""https://fareharbor.com/embeds/script/calendar/outboundmallorca/items/611143/?asn=fhdn-eur&asn-ref=alloutdooradventures&ref=alloutdooradventures&bookable-only=yes&full-items=yes&marketplace=yes&flow=no""></script>",https://fareharbor.com/embeds/book/outboundmallorca/items/611143/?asn=fhdn-eur&asn-ref=alloutdooradventures&ref=alloutdooradventures&bookable-only=yes&full-items=yes&marketplace=yes&flow=no,https://cdn.filestackcontent.com/X4DzWzuCQyyAT7eEbbjp
Outbound Mallorca,outboundmallorca,info@outboundmallorca.com,+34 619 829 190,Spain/Illes Balears/Escorca,2.869079,39.820804,611145,"Puig d'en Galileu, de sa Mola y de Son Nebot",Hiking,1,79,180,https://fareharbor.com/embeds/calendar/outboundmallorca/items/611145/?asn=fhdn-eur&asn-ref=alloutdooradventures&ref=alloutdooradventures&bookable-only=yes&full-items=yes&marketplace=yes&flow=no,"<script src=""https://fareharbor.com/embeds/script/calendar/outboundmallorca/items/611145/?asn=fhdn-eur&asn-ref=alloutdooradventures&ref=alloutdooradventures&bookable-only=yes&full-items=yes&marketplace=yes&flow=no""></script>",https://fareharbor.com/embeds/book/outboundmallorca/items/611145/?asn=fhdn-eur&asn-ref=alloutdooradventures&ref=alloutdooradventures&bookable-only=yes&full-items=yes&marketplace=yes&flow=no,https://cdn.filestackcontent.com/wMCi0LZtS2njpSUcE6Jf
Outbound Mallorca,outboundmallorca,info@outboundmallorca.com,+34 619 829 190,Spain/Illes Balears/Fornalutx,2.774418,39.790485,611179,Barranco en Escorca,Hiking,1,79,71,https://fareharbor.com/embeds/calendar/outboundmallorca/items/611179/?asn=fhdn-eur&asn-ref=alloutdooradventures&ref=alloutdooradventures&bookable-only=yes&full-items=yes&marketplace=yes&flow=no,"<script src=""https://fareharbor.com/embeds/script/calendar/outboundmallorca/items/611179/?asn=fhdn-eur&asn-ref=alloutdooradventures&ref=alloutdooradventures&bookable-only=yes&full-items=yes&marketplace=yes&flow=no""></script>",https://fareharbor.com/embeds/book/outboundmallorca/items/611179/?asn=fhdn-eur&asn-ref=alloutdooradventures&ref=alloutdooradventures&bookable-only=yes&full-items=yes&marketplace=yes&flow=no,https://cdn.filestackcontent.com/7zIVq5S6RsCfgYWvcyQ4
World Experience,webarcelona,booking@worldexperience.com,+34 935950869,Spain/Catalunya/Barcelona,,,83681,Montserrat Monastery & Hiking Experience Premium Small Group from Barcelona,Guided Tour-Hiking-Walking Tour,8,78,0,https://fareharbor.com/embeds/calendar/webarcelona/items/83681/?asn=fhdn-eur&asn-ref=alloutdooradventures&ref=alloutdooradventures&bookable-only=yes&full-items=yes&marketplace=yes&flow=no,"<script src=""https://fareharbor.com/embeds/script/calendar/webarcelona/items/83681/?asn=fhdn-eur&asn-ref=alloutdooradventures&ref=alloutdooradventures&bookable-only=yes&full-items=yes&marketplace=yes&flow=no""></script>",https://fareharbor.com/embeds/book/webarcelona/items/83681/?asn=fhdn-eur&asn-ref=alloutdooradventures&ref=alloutdooradventures&bookable-only=yes&full-items=yes&marketplace=yes&flow=no,https://cdn.filestackcontent.com/mgdRSVqYRESjrShz4ICI
Algarve Riders,algarveriders,comercial@algarveriders.com,+351 968 552 236,Portugal/Faro/Albufeira,,,302178,Meio Dia Safari Privado,Jeep-Private-Sightseeing Tour,10,78,257,https://fareharbor.com/embeds/calendar/algarveriders/items/302178/?asn=fhdn-eur&asn-ref=alloutdooradventures&ref=alloutdooradventures&bookable-only=yes&full-items=yes&marketplace=yes&flow=no,"<script src=""https://fareharbor.com/embeds/script/calendar/algarveriders/items/302178/?asn=fhdn-eur&asn-ref=alloutdooradventures&ref=alloutdooradventures&bookable-only=yes&full-items=yes&marketplace=yes&flow=no""></script>",https://fareharbor.com/embeds/book/algarveriders/items/302178/?asn=fhdn-eur&asn-ref=alloutdooradventures&ref=alloutdooradventures&bookable-only=yes&full-items=yes&marketplace=yes&flow=no,https://cdn.filestackcontent.com/pxead7MJQD22sIvZSfa7
Algarve Riders,algarveriders,comercial@algarveriders.com,+351 968 552 236,Portugal/Faro/Albufeira,,,302181,The Algarve Heritage Journey,Jeep-Private-Sightseeing Tour,12,78,128,https://fareharbor.com/embeds/calendar/algarveriders/items/302181/?asn=fhdn-eur&asn-ref=alloutdooradventures&ref=alloutdooradventures&bookable-only=yes&full-items=yes&marketplace=yes&flow=no,"<script src=""https://fareharbor.com/embeds/script/calendar/algarveriders/items/302181/?asn=fhdn-eur&asn-ref=alloutdooradventures&ref=alloutdooradventures&bookable-only=yes&full-items=yes&marketplace=yes&flow=no""></script>",https://fareharbor.com/embeds/book/algarveriders/items/302181/?asn=fhdn-eur&asn-ref=alloutdooradventures&ref=alloutdooradventures&bookable-only=yes&full-items=yes&marketplace=yes&flow=no,https://cdn.filestackcontent.com/waRwRANMRo2vglYe5ZqO
Algarve Riders,algarveriders,comercial@algarveriders.com,+351 968 552 236,Portugal/Faro/Albufeira,,,302183,Sunset & Bubbles Jeep Safari,Jeep-Private-Sightseeing Tour,9,78,129,https://fareharbor.com/embeds/calendar/algarveriders/items/302183/?asn=fhdn-eur&asn-ref=alloutdooradventures&ref=alloutdooradventures&bookable-only=yes&full-items=yes&marketplace=yes&flow=no,"<script src=""https://fareharbor.com/embeds/script/calendar/algarveriders/items/302183/?asn=fhdn-eur&asn-ref=alloutdooradventures&ref=alloutdooradventures&bookable-only=yes&full-items=yes&marketplace=yes&flow=no""></script>",https://fareharbor.com/embeds/book/algarveriders/items/302183/?asn=fhdn-eur&asn-ref=alloutdooradventures&ref=alloutdooradventures&bookable-only=yes&full-items=yes&marketplace=yes&flow=no,https://cdn.filestackcontent.com/97sYdQYHTMWyjdMS2SFP
Excursiones Tina,excursionestina,reservas@excursiones-tina.com,34 608645226,Spain/Canarias/Valle Gran Rey,,,423070,Whale Watching Morning Tour from Vueltas - Valle Gran Rey,Boat Tour-Marina-Whale Watch-Wildlife,10,78,108,https://fareharbor.com/embeds/calendar/excursionestina/items/423070/?asn=fhdn-eur&asn-ref=alloutdooradventures&ref=alloutdooradventures&bookable-only=yes&full-items=yes&marketplace=yes&flow=no,"<script src=""https://fareharbor.com/embeds/script/calendar/excursionestina/items/423070/?asn=fhdn-eur&asn-ref=alloutdooradventures&ref=alloutdooradventures&bookable-only=yes&full-items=yes&marketplace=yes&flow=no""></script>",https://fareharbor.com/embeds/book/excursionestina/items/423070/?asn=fhdn-eur&asn-ref=alloutdooradventures&ref=alloutdooradventures&bookable-only=yes&full-items=yes&marketplace=yes&flow=no,https://cdn.filestackcontent.com/LW6XGDZRcit1VYCezvRy
Descubre Tours,descubretours,info@descubretours.com,+34 655079104,Spain/Comunidad de Madrid/Madrid,-3.711522,40.416986,623523,Madrid sobre ruedas: Tour en bicicleta,Bike Tour,12,78,1078,https://fareharbor.com/embeds/calendar/descubretours/items/623523/?asn=fhdn-eur&asn-ref=alloutdooradventures&ref=alloutdooradventures&bookable-only=yes&full-items=yes&marketplace=yes&flow=no,"<script src=""https://fareharbor.com/embeds/script/calendar/descubretours/items/623523/?asn=fhdn-eur&asn-ref=alloutdooradventures&ref=alloutdooradventures&bookable-only=yes&full-items=yes&marketplace=yes&flow=no""></script>",https://fareharbor.com/embeds/book/descubretours/items/623523/?asn=fhdn-eur&asn-ref=alloutdooradventures&ref=alloutdooradventures&bookable-only=yes&full-items=yes&marketplace=yes&flow=no,https://cdn.filestackcontent.com/LHylLOCIREGSgqifA1mS
H2o Madeira,h2omadeira,h2omadeira@gmail.com,(+351) 965104018,Portugal/Madeira/Vila da Calheta,,,155407,"Our RIB boat ""CETOS""",Boat Tour-Dolphin-Whale Watch-Wildlife,1,77,134,https://fareharbor.com/embeds/calendar/h2omadeira/items/155407/?asn=fhdn-eur&asn-ref=alloutdooradventures&ref=alloutdooradventures&bookable-only=yes&full-items=yes&marketplace=yes&flow=no,"<script src=""https://fareharbor.com/embeds/script/calendar/h2omadeira/items/155407/?asn=fhdn-eur&asn-ref=alloutdooradventures&ref=alloutdooradventures&bookable-only=yes&full-items=yes&marketplace=yes&flow=no""></script>",https://fareharbor.com/embeds/book/h2omadeira/items/155407/?asn=fhdn-eur&asn-ref=alloutdooradventures&ref=alloutdooradventures&bookable-only=yes&full-items=yes&marketplace=yes&flow=no,https://cdn.filestackcontent.com/L79ZFKLuSTqrS0dAznWk
Nauticdrive,nauticdrive,info@nauticdrive-algarve.com,00351915127137,Portugal/Faro/Albufeira,,,374127,Aluguer Mega Paddle,Parasail,3,77,0,https://fareharbor.com/embeds/calendar/nauticdrive/items/374127/?asn=fhdn-eur&asn-ref=alloutdooradventures&ref=alloutdooradventures&bookable-only=yes&full-items=yes&marketplace=yes&flow=no,"<script src=""https://fareharbor.com/embeds/script/calendar/nauticdrive/items/374127/?asn=fhdn-eur&asn-ref=alloutdooradventures&ref=alloutdooradventures&bookable-only=yes&full-items=yes&marketplace=yes&flow=no""></script>",https://fareharbor.com/embeds/book/nauticdrive/items/374127/?asn=fhdn-eur&asn-ref=alloutdooradventures&ref=alloutdooradventures&bookable-only=yes&full-items=yes&marketplace=yes&flow=no,https://cdn.filestackcontent.com/NHBmNz2pRmKRQEqzqyr2
Alsafari Tours,alsafaritours,alsafaritours@gmail.com,+351967461741,Portugal/Faro/Albufeira,,,399031,Sunset Jeep Safari W/ Dinner in Algarve,Jeep,18,77,179,https://fareharbor.com/embeds/calendar/alsafaritours/items/399031/?asn=fhdn-eur&asn-ref=alloutdooradventures&ref=alloutdooradventures&bookable-only=yes&full-items=yes&marketplace=yes&flow=no,"<script src=""https://fareharbor.com/embeds/script/calendar/alsafaritours/items/399031/?asn=fhdn-eur&asn-ref=alloutdooradventures&ref=alloutdooradventures&bookable-only=yes&full-items=yes&marketplace=yes&flow=no""></script>",https://fareharbor.com/embeds/book/alsafaritours/items/399031/?asn=fhdn-eur&asn-ref=alloutdooradventures&ref=alloutdooradventures&bookable-only=yes&full-items=yes&marketplace=yes&flow=no,https://cdn.filestackcontent.com/MlUPVUOLS66ewVlKHvq1
Alsafari Tours,alsafaritours,alsafaritours@gmail.com,+351967461741,Portugal/Faro/Albufeira,,,438881,Full-Day Tour Eastern Algarve Finest,Jeep,13,77,128,https://fareharbor.com/embeds/calendar/alsafaritours/items/438881/?asn=fhdn-eur&asn-ref=alloutdooradventures&ref=alloutdooradventures&bookable-only=yes&full-items=yes&marketplace=yes&flow=no,"<script src=""https://fareharbor.com/embeds/script/calendar/alsafaritours/items/438881/?asn=fhdn-eur&asn-ref=alloutdooradventures&ref=alloutdooradventures&bookable-only=yes&full-items=yes&marketplace=yes&flow=no""></script>",https://fareharbor.com/embeds/book/alsafaritours/items/438881/?asn=fhdn-eur&asn-ref=alloutdooradventures&ref=alloutdooradventures&bookable-only=yes&full-items=yes&marketplace=yes&flow=no,https://cdn.filestackcontent.com/HRCWgATSIyiG8eQGhrw0
Basque Country Cycling,basquecountrycycling,info@basquecountrycycling.com,+34 943 53 71 34,Spain/País Vasco/San Sebastián,,,618740,Caressing the sea,Bike Tour,5,77,360,https://fareharbor.com/embeds/calendar/basquecountrycycling/items/618740/?asn=fhdn-eur&asn-ref=alloutdooradventures&ref=alloutdooradventures&bookable-only=yes&full-items=yes&marketplace=yes&flow=no,"<script src=""https://fareharbor.com/embeds/script/calendar/basquecountrycycling/items/618740/?asn=fhdn-eur&asn-ref=alloutdooradventures&ref=alloutdooradventures&bookable-only=yes&full-items=yes&marketplace=yes&flow=no""></script>",https://fareharbor.com/embeds/book/basquecountrycycling/items/618740/?asn=fhdn-eur&asn-ref=alloutdooradventures&ref=alloutdooradventures&bookable-only=yes&full-items=yes&marketplace=yes&flow=no,https://cdn.filestackcontent.com/gxw5vygxTgmqrhttIp4j
Basque Country Cycling,basquecountrycycling,info@basquecountrycycling.com,+34 943 53 71 34,Spain/País Vasco/San Sebastián,,,618750,Exclusive Private E-bike City Tour,Bike Tour,6,77,360,https://fareharbor.com/embeds/calendar/basquecountrycycling/items/618750/?asn=fhdn-eur&asn-ref=alloutdooradventures&ref=alloutdooradventures&bookable-only=yes&full-items=yes&marketplace=yes&flow=no,"<script src=""https://fareharbor.com/embeds/script/calendar/basquecountrycycling/items/618750/?asn=fhdn-eur&asn-ref=alloutdooradventures&ref=alloutdooradventures&bookable-only=yes&full-items=yes&marketplace=yes&flow=no""></script>",https://fareharbor.com/embeds/book/basquecountrycycling/items/618750/?asn=fhdn-eur&asn-ref=alloutdooradventures&ref=alloutdooradventures&bookable-only=yes&full-items=yes&marketplace=yes&flow=no,https://cdn.filestackcontent.com/zQDQp0coQjyTwqKa3eUs
Basque Country Cycling,basquecountrycycling,info@basquecountrycycling.com,+34 943 53 71 34,Spain/País Vasco/San Sebastián,,,618756,"Culture, tradition, gastronomy and fun!",Bike Tour,5,77,180,https://fareharbor.com/embeds/calendar/basquecountrycycling/items/618756/?asn=fhdn-eur&asn-ref=alloutdooradventures&ref=alloutdooradventures&bookable-only=yes&full-items=yes&marketplace=yes&flow=no,"<script src=""https://fareharbor.com/embeds/script/calendar/basquecountrycycling/items/618756/?asn=fhdn-eur&asn-ref=alloutdooradventures&ref=alloutdooradventures&bookable-only=yes&full-items=yes&marketplace=yes&flow=no""></script>",https://fareharbor.com/embeds/book/basquecountrycycling/items/618756/?asn=fhdn-eur&asn-ref=alloutdooradventures&ref=alloutdooradventures&bookable-only=yes&full-items=yes&marketplace=yes&flow=no,https://cdn.filestackcontent.com/xD6I0lRLuMZwpvcRfDwP
World Experience,webarcelona,booking@worldexperience.com,+34 935950869,Spain/Catalunya/Barcelona,,,83795,Montserrat Monastery & Hiking Experience,Hiking-Transfer-Private-Walking Tour,1,76,352,https://fareharbor.com/embeds/calendar/webarcelona/items/83795/?asn=fhdn-eur&asn-ref=alloutdooradventures&ref=alloutdooradventures&bookable-only=yes&full-items=yes&marketplace=yes&flow=no,"<script src=""https://fareharbor.com/embeds/script/calendar/webarcelona/items/83795/?asn=fhdn-eur&asn-ref=alloutdooradventures&ref=alloutdooradventures&bookable-only=yes&full-items=yes&marketplace=yes&flow=no""></script>",https://fareharbor.com/embeds/book/webarcelona/items/83795/?asn=fhdn-eur&asn-ref=alloutdooradventures&ref=alloutdooradventures&bookable-only=yes&full-items=yes&marketplace=yes&flow=no,https://cdn.filestackcontent.com/BkPuSu6TSiyFvKuv2Azz
Go Local San Sebastián,golocalsansebastian,kaixo@golocalsansebastian.com,+34 943048328,Spain/Euskadi/Donostia,,,183076,Tour San Sebastián en Guerra,Bike Tour,4,76,360,https://fareharbor.com/embeds/calendar/golocalsansebastian/items/183076/?asn=fhdn-eur&asn-ref=alloutdooradventures&ref=alloutdooradventures&bookable-only=yes&full-items=yes&marketplace=yes&flow=no,"<script src=""https://fareharbor.com/embeds/script/calendar/golocalsansebastian/items/183076/?asn=fhdn-eur&asn-ref=alloutdooradventures&ref=alloutdooradventures&bookable-only=yes&full-items=yes&marketplace=yes&flow=no""></script>",https://fareharbor.com/embeds/book/golocalsansebastian/items/183076/?asn=fhdn-eur&asn-ref=alloutdooradventures&ref=alloutdooradventures&bookable-only=yes&full-items=yes&marketplace=yes&flow=no,https://cdn.filestackcontent.com/MFB74STTOovotp8neY3Q
DeltaPolet Natura i Sabers,deltapolet,info@deltapolet.com,+34 677456224,Spain/Catalunya/Deltebre,,,593376,Safari Ecocultural,Eco Tour,4,76,52,https://fareharbor.com/embeds/calendar/deltapolet/items/593376/?asn=fhdn-eur&asn-ref=alloutdooradventures&ref=alloutdooradventures&bookable-only=yes&full-items=yes&marketplace=yes&flow=no,"<script src=""https://fareharbor.com/embeds/script/calendar/deltapolet/items/593376/?asn=fhdn-eur&asn-ref=alloutdooradventures&ref=alloutdooradventures&bookable-only=yes&full-items=yes&marketplace=yes&flow=no""></script>",https://fareharbor.com/embeds/book/deltapolet/items/593376/?asn=fhdn-eur&asn-ref=alloutdooradventures&ref=alloutdooradventures&bookable-only=yes&full-items=yes&marketplace=yes&flow=no,https://cdn.filestackcontent.com/olmSmvJ1R2yTIlCN1OWW
Easy Moov,easymoov,easymoovinfo@gmail.com,34 615 41 12 61,Spain/Illes Balears/Son Serra de Marina,,,603531,More experiences in Mallorca,Bike Rental-Bike Tour,3,76,180,https://fareharbor.com/embeds/calendar/easymoov/items/603531/?asn=fhdn-eur&asn-ref=alloutdooradventures&ref=alloutdooradventures&bookable-only=yes&full-items=yes&marketplace=yes&flow=no,"<script src=""https://fareharbor.com/embeds/script/calendar/easymoov/items/603531/?asn=fhdn-eur&asn-ref=alloutdooradventures&ref=alloutdooradventures&bookable-only=yes&full-items=yes&marketplace=yes&flow=no""></script>",https://fareharbor.com/embeds/book/easymoov/items/603531/?asn=fhdn-eur&asn-ref=alloutdooradventures&ref=alloutdooradventures&bookable-only=yes&full-items=yes&marketplace=yes&flow=no,https://cdn.filestackcontent.com/K2uHFBrXSnu7aQDgeKcs
leitzaran bisitarien etxea,leitzaranandoain,info@leitzaran-andoain.com,+34943300929,Spain/Euskadi/Andoain,,,611007,S • BTT Adultos,Bike Rental-Bike Tour,2,76,0,https://fareharbor.com/embeds/calendar/leitzaranandoain/items/611007/?asn=fhdn-eur&asn-ref=alloutdooradventures&ref=alloutdooradventures&bookable-only=yes&full-items=yes&marketplace=yes&flow=no,"<script src=""https://fareharbor.com/embeds/script/calendar/leitzaranandoain/items/611007/?asn=fhdn-eur&asn-ref=alloutdooradventures&ref=alloutdooradventures&bookable-only=yes&full-items=yes&marketplace=yes&flow=no""></script>",https://fareharbor.com/embeds/book/leitzaranandoain/items/611007/?asn=fhdn-eur&asn-ref=alloutdooradventures&ref=alloutdooradventures&bookable-only=yes&full-items=yes&marketplace=yes&flow=no,https://cdn.filestackcontent.com/0MZcmm4TfG6n66dXd4tg
Lisbon Bike Tour,lisbonbiketour,info@lisbonbiketour.com,+351 912272300,Portugal/Lisboa/Lisboa,,,623990,The Sintra 5 Senses e-Bike Tour: A Magical Experience,Bike Tour,8,76,143,https://fareharbor.com/embeds/calendar/lisbonbiketour/items/623990/?asn=fhdn-eur&asn-ref=alloutdooradventures&ref=alloutdooradventures&bookable-only=yes&full-items=yes&marketplace=yes&flow=no,"<script src=""https://fareharbor.com/embeds/script/calendar/lisbonbiketour/items/623990/?asn=fhdn-eur&asn-ref=alloutdooradventures&ref=alloutdooradventures&bookable-only=yes&full-items=yes&marketplace=yes&flow=no""></script>",https://fareharbor.com/embeds/book/lisbonbiketour/items/623990/?asn=fhdn-eur&asn-ref=alloutdooradventures&ref=alloutdooradventures&bookable-only=yes&full-items=yes&marketplace=yes&flow=no,https://cdn.filestackcontent.com/byeQYqQtewH3qG3FT9AH
Levadas In & Out,levadasinandout,management@levadasinandout.com,+351 933 566 605,Portugal/Madeira,-16.902497,32.782275,673589,Rabaçal - Private Guided Tour with Local Guide,Environmental Attraction-Hiking-History Tour-Private-Walking Tour,4,76,99,https://fareharbor.com/embeds/calendar/levadasinandout/items/673589/?asn=fhdn-eur&asn-ref=alloutdooradventures&ref=alloutdooradventures&bookable-only=yes&full-items=yes&marketplace=yes&flow=no,"<script src=""https://fareharbor.com/embeds/script/calendar/levadasinandout/items/673589/?asn=fhdn-eur&asn-ref=alloutdooradventures&ref=alloutdooradventures&bookable-only=yes&full-items=yes&marketplace=yes&flow=no""></script>",https://fareharbor.com/embeds/book/levadasinandout/items/673589/?asn=fhdn-eur&asn-ref=alloutdooradventures&ref=alloutdooradventures&bookable-only=yes&full-items=yes&marketplace=yes&flow=no,https://cdn.filestackcontent.com/3Q7v7nIhSw2y10SV3TvX
Epic Madeira,epicmadeira,bookings@epicmadeira.com,+351913988682,Portugal/Madeira/Funchal,-16.908236,32.650613,210230,Canyoning Intermediate,Bike Tour,11,75,173,https://fareharbor.com/embeds/calendar/epicmadeira/items/210230/?asn=fhdn-eur&asn-ref=alloutdooradventures&ref=alloutdooradventures&bookable-only=yes&full-items=yes&marketplace=yes&flow=no,"<script src=""https://fareharbor.com/embeds/script/calendar/epicmadeira/items/210230/?asn=fhdn-eur&asn-ref=alloutdooradventures&ref=alloutdooradventures&bookable-only=yes&full-items=yes&marketplace=yes&flow=no""></script>",https://fareharbor.com/embeds/book/epicmadeira/items/210230/?asn=fhdn-eur&asn-ref=alloutdooradventures&ref=alloutdooradventures&bookable-only=yes&full-items=yes&marketplace=yes&flow=no,https://cdn.filestackcontent.com/yxTMGSAsTxCS5CW4uzRc
Portitours,portitours,bookings@portitours.pt,+351282470060,Portugal/Faro District/Portimão,-8.537693,37.13617,226563,Sabores & Tradições do Algarve,Jeep,13,75,46,https://fareharbor.com/embeds/calendar/portitours/items/226563/?asn=fhdn-eur&asn-ref=alloutdooradventures&ref=alloutdooradventures&bookable-only=yes&full-items=yes&marketplace=yes&flow=no,"<script src=""https://fareharbor.com/embeds/script/calendar/portitours/items/226563/?asn=fhdn-eur&asn-ref=alloutdooradventures&ref=alloutdooradventures&bookable-only=yes&full-items=yes&marketplace=yes&flow=no""></script>",https://fareharbor.com/embeds/book/portitours/items/226563/?asn=fhdn-eur&asn-ref=alloutdooradventures&ref=alloutdooradventures&bookable-only=yes&full-items=yes&marketplace=yes&flow=no,https://cdn.filestackcontent.com/OdQS091HS2m5SMdryrgC
Portitours,portitours,bookings@portitours.pt,+351282470060,Portugal/Faro District/Portimão,-8.537693,37.13617,226570,Costa Vicentina - Litoral Selvagem,Jeep,11,75,24,https://fareharbor.com/embeds/calendar/portitours/items/226570/?asn=fhdn-eur&asn-ref=alloutdooradventures&ref=alloutdooradventures&bookable-only=yes&full-items=yes&marketplace=yes&flow=no,"<script src=""https://fareharbor.com/embeds/script/calendar/portitours/items/226570/?asn=fhdn-eur&asn-ref=alloutdooradventures&ref=alloutdooradventures&bookable-only=yes&full-items=yes&marketplace=yes&flow=no""></script>",https://fareharbor.com/embeds/book/portitours/items/226570/?asn=fhdn-eur&asn-ref=alloutdooradventures&ref=alloutdooradventures&bookable-only=yes&full-items=yes&marketplace=yes&flow=no,https://cdn.filestackcontent.com/Lepr6b79QHmtyqrTRneu
Cycling Tour Barcelona,cyclingtourbarcelona,cyclingtourbarcelona@gmail.com,+44 7463 680099,Spain/Catalunya/Barcelona,,,411161,Private Sightseeing by Bike & Photo Shooting,Bike Tour,13,75,180,https://fareharbor.com/embeds/calendar/cyclingtourbarcelona/items/411161/?asn=fhdn-eur&asn-ref=alloutdooradventures&ref=alloutdooradventures&bookable-only=yes&full-items=yes&marketplace=yes&flow=no,"<script src=""https://fareharbor.com/embeds/script/calendar/cyclingtourbarcelona/items/411161/?asn=fhdn-eur&asn-ref=alloutdooradventures&ref=alloutdooradventures&bookable-only=yes&full-items=yes&marketplace=yes&flow=no""></script>",https://fareharbor.com/embeds/book/cyclingtourbarcelona/items/411161/?asn=fhdn-eur&asn-ref=alloutdooradventures&ref=alloutdooradventures&bookable-only=yes&full-items=yes&marketplace=yes&flow=no,https://cdn.filestackcontent.com/l5pI4xTSSyiOWAwvlA3f
WILDIT - Adventure Tours & Travel,mentedesportiva,info@wildit.pt,00351913820390,Portugal/Porto District/Porto,-8.629105,41.157944,516961,Paiva walkways and 516 Bridge,Climbing,6,75,0,https://fareharbor.com/embeds/calendar/mentedesportiva/items/516961/?asn=fhdn-eur&asn-ref=alloutdooradventures&ref=alloutdooradventures&bookable-only=yes&full-items=yes&marketplace=yes&flow=no,"<script src=""https://fareharbor.com/embeds/script/calendar/mentedesportiva/items/516961/?asn=fhdn-eur&asn-ref=alloutdooradventures&ref=alloutdooradventures&bookable-only=yes&full-items=yes&marketplace=yes&flow=no""></script>",https://fareharbor.com/embeds/book/mentedesportiva/items/516961/?asn=fhdn-eur&asn-ref=alloutdooradventures&ref=alloutdooradventures&bookable-only=yes&full-items=yes&marketplace=yes&flow=no,https://cdn.filestackcontent.com/kL82IHXqQniEmOyuoXZg
Stallerbike,stallerbike,stallerbike@yahoo.de,+351 914 483 749,Portugal/Faro District/Vila Nova de Cacela,-7.567074,37.15667,543096,E-Mountainbike Pleasure Tour Tavira & Salt pans,Bike Tour,5,75,26,https://fareharbor.com/embeds/calendar/stallerbike/items/543096/?asn=fhdn-eur&asn-ref=alloutdooradventures&ref=alloutdooradventures&bookable-only=yes&full-items=yes&marketplace=yes&flow=no,"<script src=""https://fareharbor.com/embeds/script/calendar/stallerbike/items/543096/?asn=fhdn-eur&asn-ref=alloutdooradventures&ref=alloutdooradventures&bookable-only=yes&full-items=yes&marketplace=yes&flow=no""></script>",https://fareharbor.com/embeds/book/stallerbike/items/543096/?asn=fhdn-eur&asn-ref=alloutdooradventures&ref=alloutdooradventures&bookable-only=yes&full-items=yes&marketplace=yes&flow=no,https://cdn.filestackcontent.com/9voi8N05SmH00BXESrLQ
ZigZag Mallorca,zigzagmallorca,Info@zigzagmallorca.com,652130869,Spain/Illes Balears/Sa Calobra,,,682433,Torrent de Pareís Guided Hike – Mallorca's Epic Canyon Adventure,Hiking,17,75,38,https://fareharbor.com/embeds/calendar/zigzagmallorca/items/682433/?asn=fhdn-eur&asn-ref=alloutdooradventures&ref=alloutdooradventures&bookable-only=yes&full-items=yes&marketplace=yes&flow=no,"<script src=""https://fareharbor.com/embeds/script/calendar/zigzagmallorca/items/682433/?asn=fhdn-eur&asn-ref=alloutdooradventures&ref=alloutdooradventures&bookable-only=yes&full-items=yes&marketplace=yes&flow=no""></script>",https://fareharbor.com/embeds/book/zigzagmallorca/items/682433/?asn=fhdn-eur&asn-ref=alloutdooradventures&ref=alloutdooradventures&bookable-only=yes&full-items=yes&marketplace=yes&flow=no,https://cdn.filestackcontent.com/152c4rvVTBu3A3yF0vMh
Tres Gatos Tours,tresgatos,hola@tresgatos.es,+34 603113611,Spain/Catalunya/Barcelona,,,700024,"Barcelona: Bike or eBike Tour, Top Sights & Local Insights",Bike Rental-Bike Tour,3,75,1195,https://fareharbor.com/embeds/calendar/tresgatos/items/700024/?asn=fhdn-eur&asn-ref=alloutdooradventures&ref=alloutdooradventures&bookable-only=yes&full-items=yes&marketplace=yes&flow=no,"<script src=""https://fareharbor.com/embeds/script/calendar/tresgatos/items/700024/?asn=fhdn-eur&asn-ref=alloutdooradventures&ref=alloutdooradventures&bookable-only=yes&full-items=yes&marketplace=yes&flow=no""></script>",https://fareharbor.com/embeds/book/tresgatos/items/700024/?asn=fhdn-eur&asn-ref=alloutdooradventures&ref=alloutdooradventures&bookable-only=yes&full-items=yes&marketplace=yes&flow=no,
Tres Gatos Tours,tresgatos,hola@tresgatos.es,+34 603113611,Spain/Catalunya/Barcelona,,,700408,Barcelona to Tibidabo: Hidden Gems & Scenic Views eBike Tour,Bike Rental-Bike Tour,3,75,720,https://fareharbor.com/embeds/calendar/tresgatos/items/700408/?asn=fhdn-eur&asn-ref=alloutdooradventures&ref=alloutdooradventures&bookable-only=yes&full-items=yes&marketplace=yes&flow=no,"<script src=""https://fareharbor.com/embeds/script/calendar/tresgatos/items/700408/?asn=fhdn-eur&asn-ref=alloutdooradventures&ref=alloutdooradventures&bookable-only=yes&full-items=yes&marketplace=yes&flow=no""></script>",https://fareharbor.com/embeds/book/tresgatos/items/700408/?asn=fhdn-eur&asn-ref=alloutdooradventures&ref=alloutdooradventures&bookable-only=yes&full-items=yes&marketplace=yes&flow=no,
Madeira Adventure Kingdom,madeira-adventure-kingdom,reservas@madeira-adventure-kingdom.com,+351918080557,Portugal/Madeira/Funchal,,,303420,Climbing Ponta São Lourenço,Climbing-Transportation-Water Activities,1,74,0,https://fareharbor.com/embeds/calendar/madeira-adventure-kingdom/items/303420/?asn=fhdn-eur&asn-ref=alloutdooradventures&ref=alloutdooradventures&bookable-only=yes&full-items=yes&marketplace=yes&flow=no,"<script src=""https://fareharbor.com/embeds/script/calendar/madeira-adventure-kingdom/items/303420/?asn=fhdn-eur&asn-ref=alloutdooradventures&ref=alloutdooradventures&bookable-only=yes&full-items=yes&marketplace=yes&flow=no""></script>",https://fareharbor.com/embeds/book/madeira-adventure-kingdom/items/303420/?asn=fhdn-eur&asn-ref=alloutdooradventures&ref=alloutdooradventures&bookable-only=yes&full-items=yes&marketplace=yes&flow=no,https://cdn.filestackcontent.com/0eflU27vQWmsP4QObHwk
Madeira Adventure Kingdom,madeira-adventure-kingdom,reservas@madeira-adventure-kingdom.com,+351918080557,Portugal/Madeira/Funchal,,,303702,Climbing Pico do Areeiro,Climbing-Transportation-Water Activities,1,74,0,https://fareharbor.com/embeds/calendar/madeira-adventure-kingdom/items/303702/?asn=fhdn-eur&asn-ref=alloutdooradventures&ref=alloutdooradventures&bookable-only=yes&full-items=yes&marketplace=yes&flow=no,"<script src=""https://fareharbor.com/embeds/script/calendar/madeira-adventure-kingdom/items/303702/?asn=fhdn-eur&asn-ref=alloutdooradventures&ref=alloutdooradventures&bookable-only=yes&full-items=yes&marketplace=yes&flow=no""></script>",https://fareharbor.com/embeds/book/madeira-adventure-kingdom/items/303702/?asn=fhdn-eur&asn-ref=alloutdooradventures&ref=alloutdooradventures&bookable-only=yes&full-items=yes&marketplace=yes&flow=no,https://cdn.filestackcontent.com/HeYtN5jpTkGXhjzEET5x
Madeira Adventure Kingdom,madeira-adventure-kingdom,reservas@madeira-adventure-kingdom.com,+351918080557,Portugal/Madeira/Funchal,,,303703,Climbing Lombo do Mouro,Climbing-Transportation-Water Activities,1,74,0,https://fareharbor.com/embeds/calendar/madeira-adventure-kingdom/items/303703/?asn=fhdn-eur&asn-ref=alloutdooradventures&ref=alloutdooradventures&bookable-only=yes&full-items=yes&marketplace=yes&flow=no,"<script src=""https://fareharbor.com/embeds/script/calendar/madeira-adventure-kingdom/items/303703/?asn=fhdn-eur&asn-ref=alloutdooradventures&ref=alloutdooradventures&bookable-only=yes&full-items=yes&marketplace=yes&flow=no""></script>",https://fareharbor.com/embeds/book/madeira-adventure-kingdom/items/303703/?asn=fhdn-eur&asn-ref=alloutdooradventures&ref=alloutdooradventures&bookable-only=yes&full-items=yes&marketplace=yes&flow=no,https://cdn.filestackcontent.com/xiRMd3A7QA2TcqQr47Yf
DeltaPolet Natura i Sabers,deltapolet,info@deltapolet.com,+34 677456224,Spain/Catalunya/Deltebre,,,593381,Experiencia Regenerativa,Eco Tour,3,74,52,https://fareharbor.com/embeds/calendar/deltapolet/items/593381/?asn=fhdn-eur&asn-ref=alloutdooradventures&ref=alloutdooradventures&bookable-only=yes&full-items=yes&marketplace=yes&flow=no,"<script src=""https://fareharbor.com/embeds/script/calendar/deltapolet/items/593381/?asn=fhdn-eur&asn-ref=alloutdooradventures&ref=alloutdooradventures&bookable-only=yes&full-items=yes&marketplace=yes&flow=no""></script>",https://fareharbor.com/embeds/book/deltapolet/items/593381/?asn=fhdn-eur&asn-ref=alloutdooradventures&ref=alloutdooradventures&bookable-only=yes&full-items=yes&marketplace=yes&flow=no,https://cdn.filestackcontent.com/urJeNPzRRUW8FC9FlrJI
Montefusco Cycling,roadcycling,claudio@roadcycling.barcelona,+34 607 51 57 82,Spain/Catalonia/Girona,2.821426,41.9794,75164,The Best Road in Catalonia - Tour of Costa Brava by Road Bike,Bike Tour,10,73,163,https://fareharbor.com/embeds/calendar/roadcycling/items/75164/?asn=fhdn-eur&asn-ref=alloutdooradventures&ref=alloutdooradventures&bookable-only=yes&full-items=yes&marketplace=yes&flow=no,"<script src=""https://fareharbor.com/embeds/script/calendar/roadcycling/items/75164/?asn=fhdn-eur&asn-ref=alloutdooradventures&ref=alloutdooradventures&bookable-only=yes&full-items=yes&marketplace=yes&flow=no""></script>",https://fareharbor.com/embeds/book/roadcycling/items/75164/?asn=fhdn-eur&asn-ref=alloutdooradventures&ref=alloutdooradventures&bookable-only=yes&full-items=yes&marketplace=yes&flow=no,https://cdn.filestackcontent.com/rH3Qu5XYQMmJW9tKEcuX
Flamingo Experiences,flamingoexperiences,go@flamingoexperiences.com,+351 937 686 602,Portugal/Lisboa/Sintra,,,211671,"Sunset Hike, Tapas & Wine at Secret Beach",Boat Tour-Food Tour-Hiking-Photography Tour-Private-Sightseeing Tour-Train-Wine,2,72,180,https://fareharbor.com/embeds/calendar/flamingoexperiences/items/211671/?asn=fhdn-eur&asn-ref=alloutdooradventures&ref=alloutdooradventures&bookable-only=yes&full-items=yes&marketplace=yes&flow=no,"<script src=""https://fareharbor.com/embeds/script/calendar/flamingoexperiences/items/211671/?asn=fhdn-eur&asn-ref=alloutdooradventures&ref=alloutdooradventures&bookable-only=yes&full-items=yes&marketplace=yes&flow=no""></script>",https://fareharbor.com/embeds/book/flamingoexperiences/items/211671/?asn=fhdn-eur&asn-ref=alloutdooradventures&ref=alloutdooradventures&bookable-only=yes&full-items=yes&marketplace=yes&flow=no,https://cdn.filestackcontent.com/RvqDGC1Qbm7rAKVZtVTe
Quad Safari,quad-tenerife,quadbikesafari@hotmail.com,+34 634 32 37 96,Spain/Canarias,-16.623085,28.052579,270028,Teide tour 4 hours,Jeep,2,72,292,https://fareharbor.com/embeds/calendar/quad-tenerife/items/270028/?asn=fhdn-eur&asn-ref=alloutdooradventures&ref=alloutdooradventures&bookable-only=yes&full-items=yes&marketplace=yes&flow=no,"<script src=""https://fareharbor.com/embeds/script/calendar/quad-tenerife/items/270028/?asn=fhdn-eur&asn-ref=alloutdooradventures&ref=alloutdooradventures&bookable-only=yes&full-items=yes&marketplace=yes&flow=no""></script>",https://fareharbor.com/embeds/book/quad-tenerife/items/270028/?asn=fhdn-eur&asn-ref=alloutdooradventures&ref=alloutdooradventures&bookable-only=yes&full-items=yes&marketplace=yes&flow=no,https://cdn.filestackcontent.com/P4akU6IjSTSrhPn5nw5x
Valencia Bikes,valenciabikes,info@valenciabikes.com,+34 650621436,Spain/Comunidad Valenciana/Valencia,-0.391337,39.476982,494945,Valencia Private Bike Tour in English,Bike Tour-Private,3,72,171,https://fareharbor.com/embeds/calendar/valenciabikes/items/494945/?asn=fhdn-eur&asn-ref=alloutdooradventures&ref=alloutdooradventures&bookable-only=yes&full-items=yes&marketplace=yes&flow=no,"<script src=""https://fareharbor.com/embeds/script/calendar/valenciabikes/items/494945/?asn=fhdn-eur&asn-ref=alloutdooradventures&ref=alloutdooradventures&bookable-only=yes&full-items=yes&marketplace=yes&flow=no""></script>",https://fareharbor.com/embeds/book/valenciabikes/items/494945/?asn=fhdn-eur&asn-ref=alloutdooradventures&ref=alloutdooradventures&bookable-only=yes&full-items=yes&marketplace=yes&flow=no,https://cdn.filestackcontent.com/3WZlkRmQrSNEfrIon4nM
Pirate Parasailing & Watersports,parasailingfuengirola,pirateparasailing@gmail.com,+34644626304,Spain/Andalucía/Benalmádena,-4.511196,36.597186,538767,Parasailing Flight from Benalmadena Port,Parasail,2,72,662,https://fareharbor.com/embeds/calendar/parasailingfuengirola/items/538767/?asn=fhdn-eur&asn-ref=alloutdooradventures&ref=alloutdooradventures&bookable-only=yes&full-items=yes&marketplace=yes&flow=no,"<script src=""https://fareharbor.com/embeds/script/calendar/parasailingfuengirola/items/538767/?asn=fhdn-eur&asn-ref=alloutdooradventures&ref=alloutdooradventures&bookable-only=yes&full-items=yes&marketplace=yes&flow=no""></script>",https://fareharbor.com/embeds/book/parasailingfuengirola/items/538767/?asn=fhdn-eur&asn-ref=alloutdooradventures&ref=alloutdooradventures&bookable-only=yes&full-items=yes&marketplace=yes&flow=no,https://cdn.filestackcontent.com/DOa0Ki0UQ5qZg9uxmg3w
Natura Xtreme Tenerife,naturaxtremetenerife,info@naturaxtremetenerife.com,+34 722406117,Spain/Canarias,-16.739704,28.262079,545943,Ruta senderismo nocturna con interpretación del cielo,Climbing-Hiking,7,72,47,https://fareharbor.com/embeds/calendar/naturaxtremetenerife/items/545943/?asn=fhdn-eur&asn-ref=alloutdooradventures&ref=alloutdooradventures&bookable-only=yes&full-items=yes&marketplace=yes&flow=no,"<script src=""https://fareharbor.com/embeds/script/calendar/naturaxtremetenerife/items/545943/?asn=fhdn-eur&asn-ref=alloutdooradventures&ref=alloutdooradventures&bookable-only=yes&full-items=yes&marketplace=yes&flow=no""></script>",https://fareharbor.com/embeds/book/naturaxtremetenerife/items/545943/?asn=fhdn-eur&asn-ref=alloutdooradventures&ref=alloutdooradventures&bookable-only=yes&full-items=yes&marketplace=yes&flow=no,https://cdn.filestackcontent.com/SiF8XbeIRo2drCZh60GW
Rios & Trilhos Aventura,riosetrilhos,riosetrilhos@gmail.com,+351914322630,Portugal/Porto/Vila Nova de Gaia,,,585197,Rafting no Rio Paiva,Boat Tour-Rafting,1,72,306,https://fareharbor.com/embeds/calendar/riosetrilhos/items/585197/?asn=fhdn-eur&asn-ref=alloutdooradventures&ref=alloutdooradventures&bookable-only=yes&full-items=yes&marketplace=yes&flow=no,"<script src=""https://fareharbor.com/embeds/script/calendar/riosetrilhos/items/585197/?asn=fhdn-eur&asn-ref=alloutdooradventures&ref=alloutdooradventures&bookable-only=yes&full-items=yes&marketplace=yes&flow=no""></script>",https://fareharbor.com/embeds/book/riosetrilhos/items/585197/?asn=fhdn-eur&asn-ref=alloutdooradventures&ref=alloutdooradventures&bookable-only=yes&full-items=yes&marketplace=yes&flow=no,https://cdn.filestackcontent.com/Eku0pYoeTYOjpCOOPXvx
leitzaran bisitarien etxea,leitzaranandoain,info@leitzaran-andoain.com,+34943300929,Spain/Euskadi/Andoain,,,610999,XS • BTT Infantil,Bike Rental-Bike Tour,1,72,0,https://fareharbor.com/embeds/calendar/leitzaranandoain/items/610999/?asn=fhdn-eur&asn-ref=alloutdooradventures&ref=alloutdooradventures&bookable-only=yes&full-items=yes&marketplace=yes&flow=no,"<script src=""https://fareharbor.com/embeds/script/calendar/leitzaranandoain/items/610999/?asn=fhdn-eur&asn-ref=alloutdooradventures&ref=alloutdooradventures&bookable-only=yes&full-items=yes&marketplace=yes&flow=no""></script>",https://fareharbor.com/embeds/book/leitzaranandoain/items/610999/?asn=fhdn-eur&asn-ref=alloutdooradventures&ref=alloutdooradventures&bookable-only=yes&full-items=yes&marketplace=yes&flow=no,https://cdn.filestackcontent.com/CUwDDcnqQZGSKwPMTYYC
leitzaran bisitarien etxea,leitzaranandoain,info@leitzaran-andoain.com,+34943300929,Spain/Euskadi/Andoain,,,611005,XS • BTT Adultos,Bike Rental-Bike Tour,1,72,0,https://fareharbor.com/embeds/calendar/leitzaranandoain/items/611005/?asn=fhdn-eur&asn-ref=alloutdooradventures&ref=alloutdooradventures&bookable-only=yes&full-items=yes&marketplace=yes&flow=no,"<script src=""https://fareharbor.com/embeds/script/calendar/leitzaranandoain/items/611005/?asn=fhdn-eur&asn-ref=alloutdooradventures&ref=alloutdooradventures&bookable-only=yes&full-items=yes&marketplace=yes&flow=no""></script>",https://fareharbor.com/embeds/book/leitzaranandoain/items/611005/?asn=fhdn-eur&asn-ref=alloutdooradventures&ref=alloutdooradventures&bookable-only=yes&full-items=yes&marketplace=yes&flow=no,https://cdn.filestackcontent.com/4wV5CEjZQr2zyAHHFGiB
leitzaran bisitarien etxea,leitzaranandoain,info@leitzaran-andoain.com,+34943300929,Spain/Euskadi/Andoain,,,611012,L • BTT Adultos,Bike Rental-Bike Tour,1,72,0,https://fareharbor.com/embeds/calendar/leitzaranandoain/items/611012/?asn=fhdn-eur&asn-ref=alloutdooradventures&ref=alloutdooradventures&bookable-only=yes&full-items=yes&marketplace=yes&flow=no,"<script src=""https://fareharbor.com/embeds/script/calendar/leitzaranandoain/items/611012/?asn=fhdn-eur&asn-ref=alloutdooradventures&ref=alloutdooradventures&bookable-only=yes&full-items=yes&marketplace=yes&flow=no""></script>",https://fareharbor.com/embeds/book/leitzaranandoain/items/611012/?asn=fhdn-eur&asn-ref=alloutdooradventures&ref=alloutdooradventures&bookable-only=yes&full-items=yes&marketplace=yes&flow=no,https://cdn.filestackcontent.com/3N9y4NyYT2vi2oxCIv17
leitzaran bisitarien etxea,leitzaranandoain,info@leitzaran-andoain.com,+34943300929,Spain/Euskadi/Andoain,,,611013,S - BTT Eléctrica,Bike Rental-Bike Tour,1,72,0,https://fareharbor.com/embeds/calendar/leitzaranandoain/items/611013/?asn=fhdn-eur&asn-ref=alloutdooradventures&ref=alloutdooradventures&bookable-only=yes&full-items=yes&marketplace=yes&flow=no,"<script src=""https://fareharbor.com/embeds/script/calendar/leitzaranandoain/items/611013/?asn=fhdn-eur&asn-ref=alloutdooradventures&ref=alloutdooradventures&bookable-only=yes&full-items=yes&marketplace=yes&flow=no""></script>",https://fareharbor.com/embeds/book/leitzaranandoain/items/611013/?asn=fhdn-eur&asn-ref=alloutdooradventures&ref=alloutdooradventures&bookable-only=yes&full-items=yes&marketplace=yes&flow=no,https://cdn.filestackcontent.com/I51INIKpQUSyjApYEWN3
leitzaran bisitarien etxea,leitzaranandoain,info@leitzaran-andoain.com,+34943300929,Spain/Euskadi/Andoain,,,611017,L- BTT Eléctrica,Bike Rental-Bike Tour,1,72,0,https://fareharbor.com/embeds/calendar/leitzaranandoain/items/611017/?asn=fhdn-eur&asn-ref=alloutdooradventures&ref=alloutdooradventures&bookable-only=yes&full-items=yes&marketplace=yes&flow=no,"<script src=""https://fareharbor.com/embeds/script/calendar/leitzaranandoain/items/611017/?asn=fhdn-eur&asn-ref=alloutdooradventures&ref=alloutdooradventures&bookable-only=yes&full-items=yes&marketplace=yes&flow=no""></script>",https://fareharbor.com/embeds/book/leitzaranandoain/items/611017/?asn=fhdn-eur&asn-ref=alloutdooradventures&ref=alloutdooradventures&bookable-only=yes&full-items=yes&marketplace=yes&flow=no,https://cdn.filestackcontent.com/x8mMYYfnSC7XZlbb20tO
Born To Be Wild,borntobewild,info@borntobewild.es,+34 606 45 44 31,Spain/Andalucía/San Pedro Alcántara,,,660545,Jeep Eco Tour (Torremolinos a Fuengirola),Jeep,5,72,115,https://fareharbor.com/embeds/calendar/borntobewild/items/660545/?asn=fhdn-eur&asn-ref=alloutdooradventures&ref=alloutdooradventures&bookable-only=yes&full-items=yes&marketplace=yes&flow=no,"<script src=""https://fareharbor.com/embeds/script/calendar/borntobewild/items/660545/?asn=fhdn-eur&asn-ref=alloutdooradventures&ref=alloutdooradventures&bookable-only=yes&full-items=yes&marketplace=yes&flow=no""></script>",https://fareharbor.com/embeds/book/borntobewild/items/660545/?asn=fhdn-eur&asn-ref=alloutdooradventures&ref=alloutdooradventures&bookable-only=yes&full-items=yes&marketplace=yes&flow=no,https://cdn.filestackcontent.com/SmQZpjIJSxSVxSFyELnJ
Born To Be Wild,borntobewild,info@borntobewild.es,+34 606 45 44 31,Spain/Andalucía/San Pedro Alcántara,,,660561,Jeep Eco Tour (Marbella a Estepona),Jeep,4,72,115,https://fareharbor.com/embeds/calendar/borntobewild/items/660561/?asn=fhdn-eur&asn-ref=alloutdooradventures&ref=alloutdooradventures&bookable-only=yes&full-items=yes&marketplace=yes&flow=no,"<script src=""https://fareharbor.com/embeds/script/calendar/borntobewild/items/660561/?asn=fhdn-eur&asn-ref=alloutdooradventures&ref=alloutdooradventures&bookable-only=yes&full-items=yes&marketplace=yes&flow=no""></script>",https://fareharbor.com/embeds/book/borntobewild/items/660561/?asn=fhdn-eur&asn-ref=alloutdooradventures&ref=alloutdooradventures&bookable-only=yes&full-items=yes&marketplace=yes&flow=no,https://cdn.filestackcontent.com/YvxAjRFKTlCbx34r8CoP
Montefusco Cycling,roadcycling,claudio@roadcycling.barcelona,+34 607 51 57 82,Spain/Catalonia/Barcelona,2.168568,41.387397,75162,The Hills Around the City - Tour of Barcelona by Road Bike,Bike Tour,10,71,164,https://fareharbor.com/embeds/calendar/roadcycling/items/75162/?asn=fhdn-eur&asn-ref=alloutdooradventures&ref=alloutdooradventures&bookable-only=yes&full-items=yes&marketplace=yes&flow=no,"<script src=""https://fareharbor.com/embeds/script/calendar/roadcycling/items/75162/?asn=fhdn-eur&asn-ref=alloutdooradventures&ref=alloutdooradventures&bookable-only=yes&full-items=yes&marketplace=yes&flow=no""></script>",https://fareharbor.com/embeds/book/roadcycling/items/75162/?asn=fhdn-eur&asn-ref=alloutdooradventures&ref=alloutdooradventures&bookable-only=yes&full-items=yes&marketplace=yes&flow=no,https://cdn.filestackcontent.com/VPDN7OIQhKtTdw09QSrW
Montefusco Cycling,roadcycling,claudio@roadcycling.barcelona,+34 607 51 57 82,Spain/Catalonia/Girona,2.821426,41.9794,75183,Girona Medieval Villages Tour,Bike Tour,7,71,163,https://fareharbor.com/embeds/calendar/roadcycling/items/75183/?asn=fhdn-eur&asn-ref=alloutdooradventures&ref=alloutdooradventures&bookable-only=yes&full-items=yes&marketplace=yes&flow=no,"<script src=""https://fareharbor.com/embeds/script/calendar/roadcycling/items/75183/?asn=fhdn-eur&asn-ref=alloutdooradventures&ref=alloutdooradventures&bookable-only=yes&full-items=yes&marketplace=yes&flow=no""></script>",https://fareharbor.com/embeds/book/roadcycling/items/75183/?asn=fhdn-eur&asn-ref=alloutdooradventures&ref=alloutdooradventures&bookable-only=yes&full-items=yes&marketplace=yes&flow=no,https://cdn.filestackcontent.com/MN3GqxwzSiWw7QexHRIc
Madeira Adventure Kingdom,madeira-adventure-kingdom,reservas@madeira-adventure-kingdom.com,+351918080557,Portugal/Madeira/Funchal,-16.908236,32.650613,175291,The Astonishing North - Jeep Safari,Jeep,1,71,0,https://fareharbor.com/embeds/calendar/madeira-adventure-kingdom/items/175291/?asn=fhdn-eur&asn-ref=alloutdooradventures&ref=alloutdooradventures&bookable-only=yes&full-items=yes&marketplace=yes&flow=no,"<script src=""https://fareharbor.com/embeds/script/calendar/madeira-adventure-kingdom/items/175291/?asn=fhdn-eur&asn-ref=alloutdooradventures&ref=alloutdooradventures&bookable-only=yes&full-items=yes&marketplace=yes&flow=no""></script>",https://fareharbor.com/embeds/book/madeira-adventure-kingdom/items/175291/?asn=fhdn-eur&asn-ref=alloutdooradventures&ref=alloutdooradventures&bookable-only=yes&full-items=yes&marketplace=yes&flow=no,https://cdn.filestackcontent.com/ktbOkNoZQGqzjSHp8xHx
Stallerbike,stallerbike,stallerbike@yahoo.de,+351 914 483 749,Portugal/Faro District/Vila Nova de Cacela,-7.567074,37.15667,543092,E-Mountainbike Tour Vila Real,Bike Tour,4,71,26,https://fareharbor.com/embeds/calendar/stallerbike/items/543092/?asn=fhdn-eur&asn-ref=alloutdooradventures&ref=alloutdooradventures&bookable-only=yes&full-items=yes&marketplace=yes&flow=no,"<script src=""https://fareharbor.com/embeds/script/calendar/stallerbike/items/543092/?asn=fhdn-eur&asn-ref=alloutdooradventures&ref=alloutdooradventures&bookable-only=yes&full-items=yes&marketplace=yes&flow=no""></script>",https://fareharbor.com/embeds/book/stallerbike/items/543092/?asn=fhdn-eur&asn-ref=alloutdooradventures&ref=alloutdooradventures&bookable-only=yes&full-items=yes&marketplace=yes&flow=no,https://cdn.filestackcontent.com/7HwFaUe2RU2jxWzces5l
Paracraft Lanzarote,watersports-lanzarote,paracraftreservas@gmail.com,+34658429357,Spain/Canarias/Puerto del Carmen,,,552235,Aventura en Buggy,Parasail,3,71,308,https://fareharbor.com/embeds/calendar/watersports-lanzarote/items/552235/?asn=fhdn-eur&asn-ref=alloutdooradventures&ref=alloutdooradventures&bookable-only=yes&full-items=yes&marketplace=yes&flow=no,"<script src=""https://fareharbor.com/embeds/script/calendar/watersports-lanzarote/items/552235/?asn=fhdn-eur&asn-ref=alloutdooradventures&ref=alloutdooradventures&bookable-only=yes&full-items=yes&marketplace=yes&flow=no""></script>",https://fareharbor.com/embeds/book/watersports-lanzarote/items/552235/?asn=fhdn-eur&asn-ref=alloutdooradventures&ref=alloutdooradventures&bookable-only=yes&full-items=yes&marketplace=yes&flow=no,https://cdn.filestackcontent.com/a0JqR0QQ5WuuEkyQWYMS
Following Emotions,followingemotions,geral@followingemotions.com,351912301150,Portugal/Porto/Lomba,,,605384,Kayak Tour,Boat Rental-Kayak,1,71,436,https://fareharbor.com/embeds/calendar/followingemotions/items/605384/?asn=fhdn-eur&asn-ref=alloutdooradventures&ref=alloutdooradventures&bookable-only=yes&full-items=yes&marketplace=yes&flow=no,"<script src=""https://fareharbor.com/embeds/script/calendar/followingemotions/items/605384/?asn=fhdn-eur&asn-ref=alloutdooradventures&ref=alloutdooradventures&bookable-only=yes&full-items=yes&marketplace=yes&flow=no""></script>",https://fareharbor.com/embeds/book/followingemotions/items/605384/?asn=fhdn-eur&asn-ref=alloutdooradventures&ref=alloutdooradventures&bookable-only=yes&full-items=yes&marketplace=yes&flow=no,https://cdn.filestackcontent.com/9DkuqmKS22srflvXtu8w
leitzaran bisitarien etxea,leitzaranandoain,info@leitzaran-andoain.com,+34943300929,Spain/Euskadi/Andoain,,,611003,S • BTT Infantil,Bike Tour-Boat Rental,1,71,0,https://fareharbor.com/embeds/calendar/leitzaranandoain/items/611003/?asn=fhdn-eur&asn-ref=alloutdooradventures&ref=alloutdooradventures&bookable-only=yes&full-items=yes&marketplace=yes&flow=no,"<script src=""https://fareharbor.com/embeds/script/calendar/leitzaranandoain/items/611003/?asn=fhdn-eur&asn-ref=alloutdooradventures&ref=alloutdooradventures&bookable-only=yes&full-items=yes&marketplace=yes&flow=no""></script>",https://fareharbor.com/embeds/book/leitzaranandoain/items/611003/?asn=fhdn-eur&asn-ref=alloutdooradventures&ref=alloutdooradventures&bookable-only=yes&full-items=yes&marketplace=yes&flow=no,https://cdn.filestackcontent.com/XfBEYgGiTVmFlKwNAJZ2
leitzaran bisitarien etxea,leitzaranandoain,info@leitzaran-andoain.com,+34943300929,Spain/Euskadi/Andoain,,,611015,M - BTT Eléctrica,Bike Rental-Bike Tour,1,71,0,https://fareharbor.com/embeds/calendar/leitzaranandoain/items/611015/?asn=fhdn-eur&asn-ref=alloutdooradventures&ref=alloutdooradventures&bookable-only=yes&full-items=yes&marketplace=yes&flow=no,"<script src=""https://fareharbor.com/embeds/script/calendar/leitzaranandoain/items/611015/?asn=fhdn-eur&asn-ref=alloutdooradventures&ref=alloutdooradventures&bookable-only=yes&full-items=yes&marketplace=yes&flow=no""></script>",https://fareharbor.com/embeds/book/leitzaranandoain/items/611015/?asn=fhdn-eur&asn-ref=alloutdooradventures&ref=alloutdooradventures&bookable-only=yes&full-items=yes&marketplace=yes&flow=no,https://cdn.filestackcontent.com/0yv8XKcLQW22Z1AtuXHD
Lisbon on Wheels,lisbononwheels,info@lisbononwheels.com,+351 927 673012,Portugal/Lisboa/Algueirão-Mem Martins,,,248971,Skydiving,Air Activities-Skydive,6,70,180,https://fareharbor.com/embeds/calendar/lisbononwheels/items/248971/?asn=fhdn-eur&asn-ref=alloutdooradventures&ref=alloutdooradventures&bookable-only=yes&full-items=yes&marketplace=yes&flow=no,"<script src=""https://fareharbor.com/embeds/script/calendar/lisbononwheels/items/248971/?asn=fhdn-eur&asn-ref=alloutdooradventures&ref=alloutdooradventures&bookable-only=yes&full-items=yes&marketplace=yes&flow=no""></script>",https://fareharbor.com/embeds/book/lisbononwheels/items/248971/?asn=fhdn-eur&asn-ref=alloutdooradventures&ref=alloutdooradventures&bookable-only=yes&full-items=yes&marketplace=yes&flow=no,https://cdn.filestackcontent.com/IxB4vGpTQm2e2m1SMKJR
South Tours,southtours,info@southtours.es,+34651806323,Spain/Andalucía/Granada,-3.600116,37.176337,497157,Granada Hiking Tour,Hiking-Walking Tour,5,70,51,https://fareharbor.com/embeds/calendar/southtours/items/497157/?asn=fhdn-eur&asn-ref=alloutdooradventures&ref=alloutdooradventures&bookable-only=yes&full-items=yes&marketplace=yes&flow=no,"<script src=""https://fareharbor.com/embeds/script/calendar/southtours/items/497157/?asn=fhdn-eur&asn-ref=alloutdooradventures&ref=alloutdooradventures&bookable-only=yes&full-items=yes&marketplace=yes&flow=no""></script>",https://fareharbor.com/embeds/book/southtours/items/497157/?asn=fhdn-eur&asn-ref=alloutdooradventures&ref=alloutdooradventures&bookable-only=yes&full-items=yes&marketplace=yes&flow=no,https://cdn.filestackcontent.com/g96xY5EWRRSobpGWLNpC
DeltaPolet Natura i Sabers,deltapolet,info@deltapolet.com,+34 677456224,Spain/Catalunya/Deltebre,,,593387,Explora el Delta de l'Ebre,Eco Tour,2,70,52,https://fareharbor.com/embeds/calendar/deltapolet/items/593387/?asn=fhdn-eur&asn-ref=alloutdooradventures&ref=alloutdooradventures&bookable-only=yes&full-items=yes&marketplace=yes&flow=no,"<script src=""https://fareharbor.com/embeds/script/calendar/deltapolet/items/593387/?asn=fhdn-eur&asn-ref=alloutdooradventures&ref=alloutdooradventures&bookable-only=yes&full-items=yes&marketplace=yes&flow=no""></script>",https://fareharbor.com/embeds/book/deltapolet/items/593387/?asn=fhdn-eur&asn-ref=alloutdooradventures&ref=alloutdooradventures&bookable-only=yes&full-items=yes&marketplace=yes&flow=no,https://cdn.filestackcontent.com/kBXg9w9VRMaBABpmYYxv
NaTour Way,natourway,geral@natourway.com,+351 913 158 062,Portugal/Aveiro/Arouca,,,594128,Canoagem/Kayak,Canoe-Kayak,1,70,0,https://fareharbor.com/embeds/calendar/natourway/items/594128/?asn=fhdn-eur&asn-ref=alloutdooradventures&ref=alloutdooradventures&bookable-only=yes&full-items=yes&marketplace=yes&flow=no,"<script src=""https://fareharbor.com/embeds/script/calendar/natourway/items/594128/?asn=fhdn-eur&asn-ref=alloutdooradventures&ref=alloutdooradventures&bookable-only=yes&full-items=yes&marketplace=yes&flow=no""></script>",https://fareharbor.com/embeds/book/natourway/items/594128/?asn=fhdn-eur&asn-ref=alloutdooradventures&ref=alloutdooradventures&bookable-only=yes&full-items=yes&marketplace=yes&flow=no,https://cdn.filestackcontent.com/5PB12xuR7aq9rtWIatHV
Granada Alternativa,granadalternativa,info@granadalternativa.com,+34685215104,Spain/Andalucía/Nerja,-3.877795,36.747567,638964,MTB Tour en Nerja,Bike Tour,4,70,288,https://fareharbor.com/embeds/calendar/granadalternativa/items/638964/?asn=fhdn-eur&asn-ref=alloutdooradventures&ref=alloutdooradventures&bookable-only=yes&full-items=yes&marketplace=yes&flow=no,"<script src=""https://fareharbor.com/embeds/script/calendar/granadalternativa/items/638964/?asn=fhdn-eur&asn-ref=alloutdooradventures&ref=alloutdooradventures&bookable-only=yes&full-items=yes&marketplace=yes&flow=no""></script>",https://fareharbor.com/embeds/book/granadalternativa/items/638964/?asn=fhdn-eur&asn-ref=alloutdooradventures&ref=alloutdooradventures&bookable-only=yes&full-items=yes&marketplace=yes&flow=no,https://cdn.filestackcontent.com/sLW97oMjQbOpnrqgSC2Y
ZigZag Mallorca,zigzagmallorca,Info@zigzagmallorca.com,652130869,Spain/Balearic Islands/Sant Elm,,,683174,Sant Elm to La Trapa - Mallorca's Most Scenic Coastal Hike,Hiking,10,70,19,https://fareharbor.com/embeds/calendar/zigzagmallorca/items/683174/?asn=fhdn-eur&asn-ref=alloutdooradventures&ref=alloutdooradventures&bookable-only=yes&full-items=yes&marketplace=yes&flow=no,"<script src=""https://fareharbor.com/embeds/script/calendar/zigzagmallorca/items/683174/?asn=fhdn-eur&asn-ref=alloutdooradventures&ref=alloutdooradventures&bookable-only=yes&full-items=yes&marketplace=yes&flow=no""></script>",https://fareharbor.com/embeds/book/zigzagmallorca/items/683174/?asn=fhdn-eur&asn-ref=alloutdooradventures&ref=alloutdooradventures&bookable-only=yes&full-items=yes&marketplace=yes&flow=no,https://cdn.filestackcontent.com/M81HsGSzRpOi4QDz8dcd
ZigZag Mallorca,zigzagmallorca,Info@zigzagmallorca.com,652130869,Spain/Illes Balears/Port d'Alcúdia,,,683192,Talaia d'Alcúdia – Guided Tour on the Alcúdia Peninsula,Hiking,8,70,20,https://fareharbor.com/embeds/calendar/zigzagmallorca/items/683192/?asn=fhdn-eur&asn-ref=alloutdooradventures&ref=alloutdooradventures&bookable-only=yes&full-items=yes&marketplace=yes&flow=no,"<script src=""https://fareharbor.com/embeds/script/calendar/zigzagmallorca/items/683192/?asn=fhdn-eur&asn-ref=alloutdooradventures&ref=alloutdooradventures&bookable-only=yes&full-items=yes&marketplace=yes&flow=no""></script>",https://fareharbor.com/embeds/book/zigzagmallorca/items/683192/?asn=fhdn-eur&asn-ref=alloutdooradventures&ref=alloutdooradventures&bookable-only=yes&full-items=yes&marketplace=yes&flow=no,https://cdn.filestackcontent.com/NpcMFI8SCinx7cfUXV0k
ZigZag Mallorca,zigzagmallorca,Info@zigzagmallorca.com,652130869,Spain/Illes Balears/Escorca,,,683193,Puig de Massanella Hike – Mallorca’s Highest Accessible Peak,Hiking,10,70,21,https://fareharbor.com/embeds/calendar/zigzagmallorca/items/683193/?asn=fhdn-eur&asn-ref=alloutdooradventures&ref=alloutdooradventures&bookable-only=yes&full-items=yes&marketplace=yes&flow=no,"<script src=""https://fareharbor.com/embeds/script/calendar/zigzagmallorca/items/683193/?asn=fhdn-eur&asn-ref=alloutdooradventures&ref=alloutdooradventures&bookable-only=yes&full-items=yes&marketplace=yes&flow=no""></script>",https://fareharbor.com/embeds/book/zigzagmallorca/items/683193/?asn=fhdn-eur&asn-ref=alloutdooradventures&ref=alloutdooradventures&bookable-only=yes&full-items=yes&marketplace=yes&flow=no,https://cdn.filestackcontent.com/lchhBfPxRCKxvWZ0Fw6T
WILDIT - Adventure Tours & Travel,mentedesportiva,info@wildit.pt,00351913820390,Portugal/Porto District/Porto,-8.629105,41.157944,128958,Walking to Mizarela Waterfalls,Climbing,1,69,0,https://fareharbor.com/embeds/calendar/mentedesportiva/items/128958/?asn=fhdn-eur&asn-ref=alloutdooradventures&ref=alloutdooradventures&bookable-only=yes&full-items=yes&marketplace=yes&flow=no,"<script src=""https://fareharbor.com/embeds/script/calendar/mentedesportiva/items/128958/?asn=fhdn-eur&asn-ref=alloutdooradventures&ref=alloutdooradventures&bookable-only=yes&full-items=yes&marketplace=yes&flow=no""></script>",https://fareharbor.com/embeds/book/mentedesportiva/items/128958/?asn=fhdn-eur&asn-ref=alloutdooradventures&ref=alloutdooradventures&bookable-only=yes&full-items=yes&marketplace=yes&flow=no,https://cdn.filestackcontent.com/9OMiR0OYTGCWG4mFjfQu
Trek Portugal,trekportugal,info@trekportugal.pt,+351 919 581 304,Portugal/Porto District/Porto,-8.629105,41.157944,132934,Braga Heritage Tour,Hiking,1,69,47,https://fareharbor.com/embeds/calendar/trekportugal/items/132934/?asn=fhdn-eur&asn-ref=alloutdooradventures&ref=alloutdooradventures&bookable-only=yes&full-items=yes&marketplace=yes&flow=no,"<script src=""https://fareharbor.com/embeds/script/calendar/trekportugal/items/132934/?asn=fhdn-eur&asn-ref=alloutdooradventures&ref=alloutdooradventures&bookable-only=yes&full-items=yes&marketplace=yes&flow=no""></script>",https://fareharbor.com/embeds/book/trekportugal/items/132934/?asn=fhdn-eur&asn-ref=alloutdooradventures&ref=alloutdooradventures&bookable-only=yes&full-items=yes&marketplace=yes&flow=no,https://cdn.filestackcontent.com/yPX0CVxTnKnnrVdFQJwq
Lazermar Viagens e Turismo,lazermar,lazermar.lda@gmail.com,+351 963 501 488,Portugal/Madeira/Porto Santo,-16.35,33.05,137094,Aventura Jipe 4x4,Jeep,1,69,0,https://fareharbor.com/embeds/calendar/lazermar/items/137094/?asn=fhdn-eur&asn-ref=alloutdooradventures&ref=alloutdooradventures&bookable-only=yes&full-items=yes&marketplace=yes&flow=no,"<script src=""https://fareharbor.com/embeds/script/calendar/lazermar/items/137094/?asn=fhdn-eur&asn-ref=alloutdooradventures&ref=alloutdooradventures&bookable-only=yes&full-items=yes&marketplace=yes&flow=no""></script>",https://fareharbor.com/embeds/book/lazermar/items/137094/?asn=fhdn-eur&asn-ref=alloutdooradventures&ref=alloutdooradventures&bookable-only=yes&full-items=yes&marketplace=yes&flow=no,https://cdn.filestackcontent.com/K4oH308qTuhU6Z1jKrob
Lazermar Viagens e Turismo,lazermar,lazermar.lda@gmail.com,+351 963 501 488,Portugal/Madeira/Porto Santo,-16.316626,33.061924,137105,Volta à Ilha,Jeep,1,69,0,https://fareharbor.com/embeds/calendar/lazermar/items/137105/?asn=fhdn-eur&asn-ref=alloutdooradventures&ref=alloutdooradventures&bookable-only=yes&full-items=yes&marketplace=yes&flow=no,"<script src=""https://fareharbor.com/embeds/script/calendar/lazermar/items/137105/?asn=fhdn-eur&asn-ref=alloutdooradventures&ref=alloutdooradventures&bookable-only=yes&full-items=yes&marketplace=yes&flow=no""></script>",https://fareharbor.com/embeds/book/lazermar/items/137105/?asn=fhdn-eur&asn-ref=alloutdooradventures&ref=alloutdooradventures&bookable-only=yes&full-items=yes&marketplace=yes&flow=no,https://cdn.filestackcontent.com/FgNrkrApRhqP0stee6DB
Mojo Picon Aventura,mojopiconaventura,info@mojopiconaventura.com,+34691847020,Spain/Canary Islands/Las Palmas de Gran Canaria,-15.436257,28.123546,191650,Barranquismo • BARRANCO DE LOS CERNÍCALOS,Hiking,1,69,77,https://fareharbor.com/embeds/calendar/mojopiconaventura/items/191650/?asn=fhdn-eur&asn-ref=alloutdooradventures&ref=alloutdooradventures&bookable-only=yes&full-items=yes&marketplace=yes&flow=no,"<script src=""https://fareharbor.com/embeds/script/calendar/mojopiconaventura/items/191650/?asn=fhdn-eur&asn-ref=alloutdooradventures&ref=alloutdooradventures&bookable-only=yes&full-items=yes&marketplace=yes&flow=no""></script>",https://fareharbor.com/embeds/book/mojopiconaventura/items/191650/?asn=fhdn-eur&asn-ref=alloutdooradventures&ref=alloutdooradventures&bookable-only=yes&full-items=yes&marketplace=yes&flow=no,https://cdn.filestackcontent.com/tmy8tLU7RfCLBJxLUlC7
Algarve Outdoor Tours,algarveoutdoortours,info@outdoor-tours.com,+351 912 120 123,Portugal/Faro/Lagos,-8.672017,37.108882,198164,"Algarve MTB Self-Guided Holiday ""Best of the West""",Bike Tour,1,69,154,https://fareharbor.com/embeds/calendar/algarveoutdoortours/items/198164/?asn=fhdn-eur&asn-ref=alloutdooradventures&ref=alloutdooradventures&bookable-only=yes&full-items=yes&marketplace=yes&flow=no,"<script src=""https://fareharbor.com/embeds/script/calendar/algarveoutdoortours/items/198164/?asn=fhdn-eur&asn-ref=alloutdooradventures&ref=alloutdooradventures&bookable-only=yes&full-items=yes&marketplace=yes&flow=no""></script>",https://fareharbor.com/embeds/book/algarveoutdoortours/items/198164/?asn=fhdn-eur&asn-ref=alloutdooradventures&ref=alloutdooradventures&bookable-only=yes&full-items=yes&marketplace=yes&flow=no,https://cdn.filestackcontent.com/ZQi5RQySpSusprJ6W4rV
Algarve Outdoor Tours,algarveoutdoortours,info@outdoor-tours.com,+351 912 120 123,Portugal/Faro District/Silves,-8.441505,37.184141,198165,Algarve e-MTB Holiday - 2 riding days to Sagres,Bike Tour,1,69,154,https://fareharbor.com/embeds/calendar/algarveoutdoortours/items/198165/?asn=fhdn-eur&asn-ref=alloutdooradventures&ref=alloutdooradventures&bookable-only=yes&full-items=yes&marketplace=yes&flow=no,"<script src=""https://fareharbor.com/embeds/script/calendar/algarveoutdoortours/items/198165/?asn=fhdn-eur&asn-ref=alloutdooradventures&ref=alloutdooradventures&bookable-only=yes&full-items=yes&marketplace=yes&flow=no""></script>",https://fareharbor.com/embeds/book/algarveoutdoortours/items/198165/?asn=fhdn-eur&asn-ref=alloutdooradventures&ref=alloutdooradventures&bookable-only=yes&full-items=yes&marketplace=yes&flow=no,https://cdn.filestackcontent.com/F9MXltIRhyxe6hcSs1tg
Albufeira Surf & SUP,albufeirasurfsup,info@albufeirasurfsup.com,+351926823579,Portugal/Faro District/Albufeira,-8.280453,37.074754,202704,Coasteering - Cliff Jump,Climbing-Wellness,1,69,162,https://fareharbor.com/embeds/calendar/albufeirasurfsup/items/202704/?asn=fhdn-eur&asn-ref=alloutdooradventures&ref=alloutdooradventures&bookable-only=yes&full-items=yes&marketplace=yes&flow=no,"<script src=""https://fareharbor.com/embeds/script/calendar/albufeirasurfsup/items/202704/?asn=fhdn-eur&asn-ref=alloutdooradventures&ref=alloutdooradventures&bookable-only=yes&full-items=yes&marketplace=yes&flow=no""></script>",https://fareharbor.com/embeds/book/albufeirasurfsup/items/202704/?asn=fhdn-eur&asn-ref=alloutdooradventures&ref=alloutdooradventures&bookable-only=yes&full-items=yes&marketplace=yes&flow=no,https://cdn.filestackcontent.com/m29Yq4JGTFew1MMQBA43
Amazing Day 4U,amazingday4u,amazingday4u.tours@gmail.com,+351 963 018 669,Portugal/Lisboa/Sintra,,,203807,Tour Sintra - 3 hours,Castle-Jeep,1,69,0,https://fareharbor.com/embeds/calendar/amazingday4u/items/203807/?asn=fhdn-eur&asn-ref=alloutdooradventures&ref=alloutdooradventures&bookable-only=yes&full-items=yes&marketplace=yes&flow=no,"<script src=""https://fareharbor.com/embeds/script/calendar/amazingday4u/items/203807/?asn=fhdn-eur&asn-ref=alloutdooradventures&ref=alloutdooradventures&bookable-only=yes&full-items=yes&marketplace=yes&flow=no""></script>",https://fareharbor.com/embeds/book/amazingday4u/items/203807/?asn=fhdn-eur&asn-ref=alloutdooradventures&ref=alloutdooradventures&bookable-only=yes&full-items=yes&marketplace=yes&flow=no,https://cdn.filestackcontent.com/jipy9syRlu2sdELpVHd3
Picta Travel,pictatravel,contact@pictatravel.com,+351 936418522,Portugal/Lisboa/Lisboa,-9.154946,38.730392,297853,Lisbon Bike Tour,Bike Tour-City Tour-Guided Tour,1,69,3,https://fareharbor.com/embeds/calendar/pictatravel/items/297853/?asn=fhdn-eur&asn-ref=alloutdooradventures&ref=alloutdooradventures&bookable-only=yes&full-items=yes&marketplace=yes&flow=no,"<script src=""https://fareharbor.com/embeds/script/calendar/pictatravel/items/297853/?asn=fhdn-eur&asn-ref=alloutdooradventures&ref=alloutdooradventures&bookable-only=yes&full-items=yes&marketplace=yes&flow=no""></script>",https://fareharbor.com/embeds/book/pictatravel/items/297853/?asn=fhdn-eur&asn-ref=alloutdooradventures&ref=alloutdooradventures&bookable-only=yes&full-items=yes&marketplace=yes&flow=no,https://cdn.filestackcontent.com/Nx4f961HRfep2wPw0UaI
Clube do Paiva,clubedopaiva,info@clubedopaiva.com,+351 966 185 300,Portugal/Aveiro/Espiunca,-8.214025,40.992884,332560,Rafting,Air Activities-Boat Tour-Guided Tour-Rafting,1,69,120,https://fareharbor.com/embeds/calendar/clubedopaiva/items/332560/?asn=fhdn-eur&asn-ref=alloutdooradventures&ref=alloutdooradventures&bookable-only=yes&full-items=yes&marketplace=yes&flow=no,"<script src=""https://fareharbor.com/embeds/script/calendar/clubedopaiva/items/332560/?asn=fhdn-eur&asn-ref=alloutdooradventures&ref=alloutdooradventures&bookable-only=yes&full-items=yes&marketplace=yes&flow=no""></script>",https://fareharbor.com/embeds/book/clubedopaiva/items/332560/?asn=fhdn-eur&asn-ref=alloutdooradventures&ref=alloutdooradventures&bookable-only=yes&full-items=yes&marketplace=yes&flow=no,https://cdn.filestackcontent.com/eG5ay5HFT2OMlW2ilyPZ
Clube do Paiva,clubedopaiva,info@clubedopaiva.com,+351 966 185 300,Portugal/Aveiro/União das freguesias de Canelas e Espiunca,-8.175712,40.953327,332562,River Trekking,Hiking,1,69,156,https://fareharbor.com/embeds/calendar/clubedopaiva/items/332562/?asn=fhdn-eur&asn-ref=alloutdooradventures&ref=alloutdooradventures&bookable-only=yes&full-items=yes&marketplace=yes&flow=no,"<script src=""https://fareharbor.com/embeds/script/calendar/clubedopaiva/items/332562/?asn=fhdn-eur&asn-ref=alloutdooradventures&ref=alloutdooradventures&bookable-only=yes&full-items=yes&marketplace=yes&flow=no""></script>",https://fareharbor.com/embeds/book/clubedopaiva/items/332562/?asn=fhdn-eur&asn-ref=alloutdooradventures&ref=alloutdooradventures&bookable-only=yes&full-items=yes&marketplace=yes&flow=no,https://cdn.filestackcontent.com/aj6LgSG1SsqSGtJWE3fJ
Madeira Sea Emotions Boat Tours,madeiraseaemotions,madeiraseaemotions@gmail.com,+351 910 308 804,Portugal/Madeira/Caniçal,-16.710462,32.741626,347410,Private - Whale Watching,Boat Tour-Dolphin-Whale Watch,1,69,540,https://fareharbor.com/embeds/calendar/madeiraseaemotions/items/347410/?asn=fhdn-eur&asn-ref=alloutdooradventures&ref=alloutdooradventures&bookable-only=yes&full-items=yes&marketplace=yes&flow=no,"<script src=""https://fareharbor.com/embeds/script/calendar/madeiraseaemotions/items/347410/?asn=fhdn-eur&asn-ref=alloutdooradventures&ref=alloutdooradventures&bookable-only=yes&full-items=yes&marketplace=yes&flow=no""></script>",https://fareharbor.com/embeds/book/madeiraseaemotions/items/347410/?asn=fhdn-eur&asn-ref=alloutdooradventures&ref=alloutdooradventures&bookable-only=yes&full-items=yes&marketplace=yes&flow=no,https://cdn.filestackcontent.com/jnrUPD7iQaubXkrUE7X5
Alsafari Tours,alsafaritours,alsafaritours@gmail.com,+351967461741,Portugal/Faro/Albufeira,,,438885,Half-Day Tour in Lagos & Sagres,Jeep,4,69,154,https://fareharbor.com/embeds/calendar/alsafaritours/items/438885/?asn=fhdn-eur&asn-ref=alloutdooradventures&ref=alloutdooradventures&bookable-only=yes&full-items=yes&marketplace=yes&flow=no,"<script src=""https://fareharbor.com/embeds/script/calendar/alsafaritours/items/438885/?asn=fhdn-eur&asn-ref=alloutdooradventures&ref=alloutdooradventures&bookable-only=yes&full-items=yes&marketplace=yes&flow=no""></script>",https://fareharbor.com/embeds/book/alsafaritours/items/438885/?asn=fhdn-eur&asn-ref=alloutdooradventures&ref=alloutdooradventures&bookable-only=yes&full-items=yes&marketplace=yes&flow=no,https://cdn.filestackcontent.com/fl5Zl10YRLuYAFuGclBD
Pirate Parasailing & Watersports,parasailingfuengirola,pirateparasailing@gmail.com,+34644626304,Spain/Andalucía/Fuengirola,,,538525,Parasailing Flight from Fuengirola Port,Parasail,4,69,662,https://fareharbor.com/embeds/calendar/parasailingfuengirola/items/538525/?asn=fhdn-eur&asn-ref=alloutdooradventures&ref=alloutdooradventures&bookable-only=yes&full-items=yes&marketplace=yes&flow=no,"<script src=""https://fareharbor.com/embeds/script/calendar/parasailingfuengirola/items/538525/?asn=fhdn-eur&asn-ref=alloutdooradventures&ref=alloutdooradventures&bookable-only=yes&full-items=yes&marketplace=yes&flow=no""></script>",https://fareharbor.com/embeds/book/parasailingfuengirola/items/538525/?asn=fhdn-eur&asn-ref=alloutdooradventures&ref=alloutdooradventures&bookable-only=yes&full-items=yes&marketplace=yes&flow=no,https://cdn.filestackcontent.com/Hb5M1LnfS1OJuD0BdTKl
El Ciclo,elciclobcn,ramiro@elciclobcn.com,34607824860,Spain/Catalunya/Barcelona,,,540551,Private Bicycle Tour,Bike Tour,1,69,810,https://fareharbor.com/embeds/calendar/elciclobcn/items/540551/?asn=fhdn-eur&asn-ref=alloutdooradventures&ref=alloutdooradventures&bookable-only=yes&full-items=yes&marketplace=yes&flow=no,"<script src=""https://fareharbor.com/embeds/script/calendar/elciclobcn/items/540551/?asn=fhdn-eur&asn-ref=alloutdooradventures&ref=alloutdooradventures&bookable-only=yes&full-items=yes&marketplace=yes&flow=no""></script>",https://fareharbor.com/embeds/book/elciclobcn/items/540551/?asn=fhdn-eur&asn-ref=alloutdooradventures&ref=alloutdooradventures&bookable-only=yes&full-items=yes&marketplace=yes&flow=no,https://cdn.filestackcontent.com/jGnuKrF8SRKE2h2KF7gK
WeWhale Canarias SL,wewhale-canarias-sl,contact@wewhale.co,+34 674 03 09 74,Spain/Comunidad Valenciana/Dénia,0.111492,38.847152,550655,Denia Sunset Experience (Private Experience),Guided Tour-Private-Whale Watch,1,69,145,https://fareharbor.com/embeds/calendar/wewhale-canarias-sl/items/550655/?asn=fhdn-eur&asn-ref=alloutdooradventures&ref=alloutdooradventures&bookable-only=yes&full-items=yes&marketplace=yes&flow=no,"<script src=""https://fareharbor.com/embeds/script/calendar/wewhale-canarias-sl/items/550655/?asn=fhdn-eur&asn-ref=alloutdooradventures&ref=alloutdooradventures&bookable-only=yes&full-items=yes&marketplace=yes&flow=no""></script>",https://fareharbor.com/embeds/book/wewhale-canarias-sl/items/550655/?asn=fhdn-eur&asn-ref=alloutdooradventures&ref=alloutdooradventures&bookable-only=yes&full-items=yes&marketplace=yes&flow=no,https://cdn.filestackcontent.com/XfOZmfzFTzyo4QXHlWYz
WeWhale Canarias SL,wewhale-canarias-sl,contact@wewhale.co,+34 674 03 09 74,Spain/Comunidad Valenciana/Dénia,,,550658,Denia Whale & Dolphin Observation (Private Experience),Dolphin-Guided Tour-Private-Whale Watch,1,69,146,https://fareharbor.com/embeds/calendar/wewhale-canarias-sl/items/550658/?asn=fhdn-eur&asn-ref=alloutdooradventures&ref=alloutdooradventures&bookable-only=yes&full-items=yes&marketplace=yes&flow=no,"<script src=""https://fareharbor.com/embeds/script/calendar/wewhale-canarias-sl/items/550658/?asn=fhdn-eur&asn-ref=alloutdooradventures&ref=alloutdooradventures&bookable-only=yes&full-items=yes&marketplace=yes&flow=no""></script>",https://fareharbor.com/embeds/book/wewhale-canarias-sl/items/550658/?asn=fhdn-eur&asn-ref=alloutdooradventures&ref=alloutdooradventures&bookable-only=yes&full-items=yes&marketplace=yes&flow=no,https://cdn.filestackcontent.com/SuJAF9pRJCRT6oZCGngT
DeltaPolet Natura i Sabers,deltapolet,info@deltapolet.com,+34 677456224,Spain/Catalunya/Deltebre,,,593385,Ruta por los Terres de l'Ebre,Eco Tour,2,69,52,https://fareharbor.com/embeds/calendar/deltapolet/items/593385/?asn=fhdn-eur&asn-ref=alloutdooradventures&ref=alloutdooradventures&bookable-only=yes&full-items=yes&marketplace=yes&flow=no,"<script src=""https://fareharbor.com/embeds/script/calendar/deltapolet/items/593385/?asn=fhdn-eur&asn-ref=alloutdooradventures&ref=alloutdooradventures&bookable-only=yes&full-items=yes&marketplace=yes&flow=no""></script>",https://fareharbor.com/embeds/book/deltapolet/items/593385/?asn=fhdn-eur&asn-ref=alloutdooradventures&ref=alloutdooradventures&bookable-only=yes&full-items=yes&marketplace=yes&flow=no,https://cdn.filestackcontent.com/4fxfLFg5Tj2wq7Dvdwq3
Outbound Mallorca,outboundmallorca,info@outboundmallorca.com,+34 619 829 190,Spain/Illes Balears/Valldemossa,,,611152,Cueva en Esporles,Hiking,1,69,180,https://fareharbor.com/embeds/calendar/outboundmallorca/items/611152/?asn=fhdn-eur&asn-ref=alloutdooradventures&ref=alloutdooradventures&bookable-only=yes&full-items=yes&marketplace=yes&flow=no,"<script src=""https://fareharbor.com/embeds/script/calendar/outboundmallorca/items/611152/?asn=fhdn-eur&asn-ref=alloutdooradventures&ref=alloutdooradventures&bookable-only=yes&full-items=yes&marketplace=yes&flow=no""></script>",https://fareharbor.com/embeds/book/outboundmallorca/items/611152/?asn=fhdn-eur&asn-ref=alloutdooradventures&ref=alloutdooradventures&bookable-only=yes&full-items=yes&marketplace=yes&flow=no,https://cdn.filestackcontent.com/0FcKuEMaTgiAoXKe8Ua9
Tres Gatos Tours,tresgatos,hola@tresgatos.es,+34 603113611,Spain/Catalunya/Barcelona,,,700416,Barcelona Gothic WalkingTour: Roman Walls & Hidden Courtyard,Walking Tour,2,69,1444,https://fareharbor.com/embeds/calendar/tresgatos/items/700416/?asn=fhdn-eur&asn-ref=alloutdooradventures&ref=alloutdooradventures&bookable-only=yes&full-items=yes&marketplace=yes&flow=no,"<script src=""https://fareharbor.com/embeds/script/calendar/tresgatos/items/700416/?asn=fhdn-eur&asn-ref=alloutdooradventures&ref=alloutdooradventures&bookable-only=yes&full-items=yes&marketplace=yes&flow=no""></script>",https://fareharbor.com/embeds/book/tresgatos/items/700416/?asn=fhdn-eur&asn-ref=alloutdooradventures&ref=alloutdooradventures&bookable-only=yes&full-items=yes&marketplace=yes&flow=no,
Catalan Trails,catalantrails,info@catalantrails.com,+34604175927,Spain/Catalunya/Barcelona,,,117188,Costa Brava Coast Path Hiking & Tossa de Mar,Hiking,1,68,72,https://fareharbor.com/embeds/calendar/catalantrails/items/117188/?asn=fhdn-eur&asn-ref=alloutdooradventures&ref=alloutdooradventures&bookable-only=yes&full-items=yes&marketplace=yes&flow=no,"<script src=""https://fareharbor.com/embeds/script/calendar/catalantrails/items/117188/?asn=fhdn-eur&asn-ref=alloutdooradventures&ref=alloutdooradventures&bookable-only=yes&full-items=yes&marketplace=yes&flow=no""></script>",https://fareharbor.com/embeds/book/catalantrails/items/117188/?asn=fhdn-eur&asn-ref=alloutdooradventures&ref=alloutdooradventures&bookable-only=yes&full-items=yes&marketplace=yes&flow=no,https://cdn.filestackcontent.com/LWODIwhRuGBxe21mBGxH
WILDIT - Adventure Tours & Travel,mentedesportiva,info@wildit.pt,00351913820390,Portugal/Porto District/Porto,-8.629105,41.157944,128933,Canyoning in Teixeira River,Climbing,1,68,0,https://fareharbor.com/embeds/calendar/mentedesportiva/items/128933/?asn=fhdn-eur&asn-ref=alloutdooradventures&ref=alloutdooradventures&bookable-only=yes&full-items=yes&marketplace=yes&flow=no,"<script src=""https://fareharbor.com/embeds/script/calendar/mentedesportiva/items/128933/?asn=fhdn-eur&asn-ref=alloutdooradventures&ref=alloutdooradventures&bookable-only=yes&full-items=yes&marketplace=yes&flow=no""></script>",https://fareharbor.com/embeds/book/mentedesportiva/items/128933/?asn=fhdn-eur&asn-ref=alloutdooradventures&ref=alloutdooradventures&bookable-only=yes&full-items=yes&marketplace=yes&flow=no,https://cdn.filestackcontent.com/vR6shgMBQrmgFXaVSAUw
WILDIT - Adventure Tours & Travel,mentedesportiva,info@wildit.pt,00351913820390,Portugal/Porto District/Porto,-8.629105,41.157944,128947,Climbing in Arouca Geopark,Climbing,1,68,0,https://fareharbor.com/embeds/calendar/mentedesportiva/items/128947/?asn=fhdn-eur&asn-ref=alloutdooradventures&ref=alloutdooradventures&bookable-only=yes&full-items=yes&marketplace=yes&flow=no,"<script src=""https://fareharbor.com/embeds/script/calendar/mentedesportiva/items/128947/?asn=fhdn-eur&asn-ref=alloutdooradventures&ref=alloutdooradventures&bookable-only=yes&full-items=yes&marketplace=yes&flow=no""></script>",https://fareharbor.com/embeds/book/mentedesportiva/items/128947/?asn=fhdn-eur&asn-ref=alloutdooradventures&ref=alloutdooradventures&bookable-only=yes&full-items=yes&marketplace=yes&flow=no,https://cdn.filestackcontent.com/UdYYvwelS6KQ214TJKKg
WILDIT - Adventure Tours & Travel,mentedesportiva,info@wildit.pt,00351913820390,Portugal/Porto District/Porto,-8.629105,41.157944,128953,Escalada na Senhora do Salto,Climbing,1,68,0,https://fareharbor.com/embeds/calendar/mentedesportiva/items/128953/?asn=fhdn-eur&asn-ref=alloutdooradventures&ref=alloutdooradventures&bookable-only=yes&full-items=yes&marketplace=yes&flow=no,"<script src=""https://fareharbor.com/embeds/script/calendar/mentedesportiva/items/128953/?asn=fhdn-eur&asn-ref=alloutdooradventures&ref=alloutdooradventures&bookable-only=yes&full-items=yes&marketplace=yes&flow=no""></script>",https://fareharbor.com/embeds/book/mentedesportiva/items/128953/?asn=fhdn-eur&asn-ref=alloutdooradventures&ref=alloutdooradventures&bookable-only=yes&full-items=yes&marketplace=yes&flow=no,https://cdn.filestackcontent.com/JHidc0MWSwmucLDmXb5N
WILDIT - Adventure Tours & Travel,mentedesportiva,info@wildit.pt,00351913820390,Portugal/Porto District/Porto,-8.629105,41.157944,128955,Escalada em Valongo,Climbing,1,68,0,https://fareharbor.com/embeds/calendar/mentedesportiva/items/128955/?asn=fhdn-eur&asn-ref=alloutdooradventures&ref=alloutdooradventures&bookable-only=yes&full-items=yes&marketplace=yes&flow=no,"<script src=""https://fareharbor.com/embeds/script/calendar/mentedesportiva/items/128955/?asn=fhdn-eur&asn-ref=alloutdooradventures&ref=alloutdooradventures&bookable-only=yes&full-items=yes&marketplace=yes&flow=no""></script>",https://fareharbor.com/embeds/book/mentedesportiva/items/128955/?asn=fhdn-eur&asn-ref=alloutdooradventures&ref=alloutdooradventures&bookable-only=yes&full-items=yes&marketplace=yes&flow=no,https://cdn.filestackcontent.com/8WAHyZ7eSHS6CkUNwri4
Trek Portugal,trekportugal,info@trekportugal.pt,+351 919 581 304,Portugal/Porto District/Porto,-8.629105,41.157944,132926,Canyoning Adventure Tour,Hiking,1,68,32,https://fareharbor.com/embeds/calendar/trekportugal/items/132926/?asn=fhdn-eur&asn-ref=alloutdooradventures&ref=alloutdooradventures&bookable-only=yes&full-items=yes&marketplace=yes&flow=no,"<script src=""https://fareharbor.com/embeds/script/calendar/trekportugal/items/132926/?asn=fhdn-eur&asn-ref=alloutdooradventures&ref=alloutdooradventures&bookable-only=yes&full-items=yes&marketplace=yes&flow=no""></script>",https://fareharbor.com/embeds/book/trekportugal/items/132926/?asn=fhdn-eur&asn-ref=alloutdooradventures&ref=alloutdooradventures&bookable-only=yes&full-items=yes&marketplace=yes&flow=no,https://cdn.filestackcontent.com/ZV8LtNYRCN34DItJSoHg
Nature Meetings,naturemeetings,info@naturemeetings.com,+351291149545,Portugal/Madeira/Funchal,-16.910933,32.647012,173837,Whale & Dolphin Watching,Dolphin-Whale Watch,1,68,204,https://fareharbor.com/embeds/calendar/naturemeetings/items/173837/?asn=fhdn-eur&asn-ref=alloutdooradventures&ref=alloutdooradventures&bookable-only=yes&full-items=yes&marketplace=yes&flow=no,"<script src=""https://fareharbor.com/embeds/script/calendar/naturemeetings/items/173837/?asn=fhdn-eur&asn-ref=alloutdooradventures&ref=alloutdooradventures&bookable-only=yes&full-items=yes&marketplace=yes&flow=no""></script>",https://fareharbor.com/embeds/book/naturemeetings/items/173837/?asn=fhdn-eur&asn-ref=alloutdooradventures&ref=alloutdooradventures&bookable-only=yes&full-items=yes&marketplace=yes&flow=no,https://cdn.filestackcontent.com/sGObKoQRKrMG5Ld48l3g
Madeira Sidecar Tours,madeirasidecartours,info@madeirasidecartours.com,+351969691007,Portugal/Madeira/Funchal,-16.908236,32.650613,183634,Downtown / Night Tour,Bike Tour-City Tour-Exotic Car-Food Tour-Guided Tour-History Tour-Sightseeing Tour-Transportation,1,68,900,https://fareharbor.com/embeds/calendar/madeirasidecartours/items/183634/?asn=fhdn-eur&asn-ref=alloutdooradventures&ref=alloutdooradventures&bookable-only=yes&full-items=yes&marketplace=yes&flow=no,"<script src=""https://fareharbor.com/embeds/script/calendar/madeirasidecartours/items/183634/?asn=fhdn-eur&asn-ref=alloutdooradventures&ref=alloutdooradventures&bookable-only=yes&full-items=yes&marketplace=yes&flow=no""></script>",https://fareharbor.com/embeds/book/madeirasidecartours/items/183634/?asn=fhdn-eur&asn-ref=alloutdooradventures&ref=alloutdooradventures&bookable-only=yes&full-items=yes&marketplace=yes&flow=no,https://cdn.filestackcontent.com/zBnWjxzvTtS8MxrR9zzS
Mojo Picon Aventura,mojopiconaventura,info@mojopiconaventura.com,+34691847020,Spain/Canarias/La Garita,,,191656,Viajes de aventura,Hiking,1,68,0,https://fareharbor.com/embeds/calendar/mojopiconaventura/items/191656/?asn=fhdn-eur&asn-ref=alloutdooradventures&ref=alloutdooradventures&bookable-only=yes&full-items=yes&marketplace=yes&flow=no,"<script src=""https://fareharbor.com/embeds/script/calendar/mojopiconaventura/items/191656/?asn=fhdn-eur&asn-ref=alloutdooradventures&ref=alloutdooradventures&bookable-only=yes&full-items=yes&marketplace=yes&flow=no""></script>",https://fareharbor.com/embeds/book/mojopiconaventura/items/191656/?asn=fhdn-eur&asn-ref=alloutdooradventures&ref=alloutdooradventures&bookable-only=yes&full-items=yes&marketplace=yes&flow=no,https://cdn.filestackcontent.com/yZcDPM4QaGSlUTi9dtIz
Albufeira Surf & SUP,albufeirasurfsup,info@albufeirasurfsup.com,+351926823579,Portugal/Faro District/Albufeira,-8.280453,37.074754,228542,Private Coasteering,Climbing-Private,1,68,162,https://fareharbor.com/embeds/calendar/albufeirasurfsup/items/228542/?asn=fhdn-eur&asn-ref=alloutdooradventures&ref=alloutdooradventures&bookable-only=yes&full-items=yes&marketplace=yes&flow=no,"<script src=""https://fareharbor.com/embeds/script/calendar/albufeirasurfsup/items/228542/?asn=fhdn-eur&asn-ref=alloutdooradventures&ref=alloutdooradventures&bookable-only=yes&full-items=yes&marketplace=yes&flow=no""></script>",https://fareharbor.com/embeds/book/albufeirasurfsup/items/228542/?asn=fhdn-eur&asn-ref=alloutdooradventures&ref=alloutdooradventures&bookable-only=yes&full-items=yes&marketplace=yes&flow=no,https://cdn.filestackcontent.com/NYmcJ9S0TOedxqZi20EK
MO'bike,mobike,info@mobike.es,(+34)960113163,Spain/Comunidad Valenciana/València,,,252917,Electric Bike,Bike Tour,1,68,0,https://fareharbor.com/embeds/calendar/mobike/items/252917/?asn=fhdn-eur&asn-ref=alloutdooradventures&ref=alloutdooradventures&bookable-only=yes&full-items=yes&marketplace=yes&flow=no,"<script src=""https://fareharbor.com/embeds/script/calendar/mobike/items/252917/?asn=fhdn-eur&asn-ref=alloutdooradventures&ref=alloutdooradventures&bookable-only=yes&full-items=yes&marketplace=yes&flow=no""></script>",https://fareharbor.com/embeds/book/mobike/items/252917/?asn=fhdn-eur&asn-ref=alloutdooradventures&ref=alloutdooradventures&bookable-only=yes&full-items=yes&marketplace=yes&flow=no,https://cdn.filestackcontent.com/q9eM3HTiy6zMhwxnexOA
Sagres Discovery Tours,sagres-discovery,sandropatrony@hotmail.com,00351 914104766,Portugal/Faro/Sagres,-8.940593,37.016829,358860,Passeio 1/2 Dia - Costa Oeste,Jeep,1,68,99,https://fareharbor.com/embeds/calendar/sagres-discovery/items/358860/?asn=fhdn-eur&asn-ref=alloutdooradventures&ref=alloutdooradventures&bookable-only=yes&full-items=yes&marketplace=yes&flow=no,"<script src=""https://fareharbor.com/embeds/script/calendar/sagres-discovery/items/358860/?asn=fhdn-eur&asn-ref=alloutdooradventures&ref=alloutdooradventures&bookable-only=yes&full-items=yes&marketplace=yes&flow=no""></script>",https://fareharbor.com/embeds/book/sagres-discovery/items/358860/?asn=fhdn-eur&asn-ref=alloutdooradventures&ref=alloutdooradventures&bookable-only=yes&full-items=yes&marketplace=yes&flow=no,https://cdn.filestackcontent.com/smlEbbDaTP2EKa2WKDtP
Sagres Discovery Tours,sagres-discovery,sandropatrony@hotmail.com,00351 914104766,Portugal/Faro/Sagres,-8.940593,37.016829,358863,Sunset Todo-O-Terreno na Costa Oeste,Jeep,1,68,176,https://fareharbor.com/embeds/calendar/sagres-discovery/items/358863/?asn=fhdn-eur&asn-ref=alloutdooradventures&ref=alloutdooradventures&bookable-only=yes&full-items=yes&marketplace=yes&flow=no,"<script src=""https://fareharbor.com/embeds/script/calendar/sagres-discovery/items/358863/?asn=fhdn-eur&asn-ref=alloutdooradventures&ref=alloutdooradventures&bookable-only=yes&full-items=yes&marketplace=yes&flow=no""></script>",https://fareharbor.com/embeds/book/sagres-discovery/items/358863/?asn=fhdn-eur&asn-ref=alloutdooradventures&ref=alloutdooradventures&bookable-only=yes&full-items=yes&marketplace=yes&flow=no,https://cdn.filestackcontent.com/4N1AYBQ6RJS0YuWLN1vy
Nauticdrive,nauticdrive,info@nauticdrive-algarve.com,00351915127137,Portugal/Faro/Albufeira,,,374115,Airstream,Parasail,1,68,0,https://fareharbor.com/embeds/calendar/nauticdrive/items/374115/?asn=fhdn-eur&asn-ref=alloutdooradventures&ref=alloutdooradventures&bookable-only=yes&full-items=yes&marketplace=yes&flow=no,"<script src=""https://fareharbor.com/embeds/script/calendar/nauticdrive/items/374115/?asn=fhdn-eur&asn-ref=alloutdooradventures&ref=alloutdooradventures&bookable-only=yes&full-items=yes&marketplace=yes&flow=no""></script>",https://fareharbor.com/embeds/book/nauticdrive/items/374115/?asn=fhdn-eur&asn-ref=alloutdooradventures&ref=alloutdooradventures&bookable-only=yes&full-items=yes&marketplace=yes&flow=no,https://cdn.filestackcontent.com/poPU3KySem8sJTw8sL7B
Nauticdrive,nauticdrive,info@nauticdrive-algarve.com,00351915127137,Portugal/Faro/Albufeira,,,374116,Sonar,Parasail,1,68,0,https://fareharbor.com/embeds/calendar/nauticdrive/items/374116/?asn=fhdn-eur&asn-ref=alloutdooradventures&ref=alloutdooradventures&bookable-only=yes&full-items=yes&marketplace=yes&flow=no,"<script src=""https://fareharbor.com/embeds/script/calendar/nauticdrive/items/374116/?asn=fhdn-eur&asn-ref=alloutdooradventures&ref=alloutdooradventures&bookable-only=yes&full-items=yes&marketplace=yes&flow=no""></script>",https://fareharbor.com/embeds/book/nauticdrive/items/374116/?asn=fhdn-eur&asn-ref=alloutdooradventures&ref=alloutdooradventures&bookable-only=yes&full-items=yes&marketplace=yes&flow=no,https://cdn.filestackcontent.com/WqkH9U2BRlBGR3yaQ2tw
Nauticdrive,nauticdrive,info@nauticdrive-algarve.com,00351915127137,Portugal/Faro/Albufeira,,,374121,Twister,Parasail,1,68,0,https://fareharbor.com/embeds/calendar/nauticdrive/items/374121/?asn=fhdn-eur&asn-ref=alloutdooradventures&ref=alloutdooradventures&bookable-only=yes&full-items=yes&marketplace=yes&flow=no,"<script src=""https://fareharbor.com/embeds/script/calendar/nauticdrive/items/374121/?asn=fhdn-eur&asn-ref=alloutdooradventures&ref=alloutdooradventures&bookable-only=yes&full-items=yes&marketplace=yes&flow=no""></script>",https://fareharbor.com/embeds/book/nauticdrive/items/374121/?asn=fhdn-eur&asn-ref=alloutdooradventures&ref=alloutdooradventures&bookable-only=yes&full-items=yes&marketplace=yes&flow=no,https://cdn.filestackcontent.com/ag7xMiu9S0iDLnj4cL40
Nauticdrive,nauticdrive,info@nauticdrive-algarve.com,00351915127137,Portugal/Faro/Albufeira,,,374122,Banana,Parasail,1,68,0,https://fareharbor.com/embeds/calendar/nauticdrive/items/374122/?asn=fhdn-eur&asn-ref=alloutdooradventures&ref=alloutdooradventures&bookable-only=yes&full-items=yes&marketplace=yes&flow=no,"<script src=""https://fareharbor.com/embeds/script/calendar/nauticdrive/items/374122/?asn=fhdn-eur&asn-ref=alloutdooradventures&ref=alloutdooradventures&bookable-only=yes&full-items=yes&marketplace=yes&flow=no""></script>",https://fareharbor.com/embeds/book/nauticdrive/items/374122/?asn=fhdn-eur&asn-ref=alloutdooradventures&ref=alloutdooradventures&bookable-only=yes&full-items=yes&marketplace=yes&flow=no,https://cdn.filestackcontent.com/GLeGRt1jT9iwz0H8DkET
El Ciclo,elciclobcn,ramiro@elciclobcn.com,34607824860,Spain/Catalunya/Barcelona,,,541825,Private E-Bike Tour,Bike Tour,1,68,812,https://fareharbor.com/embeds/calendar/elciclobcn/items/541825/?asn=fhdn-eur&asn-ref=alloutdooradventures&ref=alloutdooradventures&bookable-only=yes&full-items=yes&marketplace=yes&flow=no,"<script src=""https://fareharbor.com/embeds/script/calendar/elciclobcn/items/541825/?asn=fhdn-eur&asn-ref=alloutdooradventures&ref=alloutdooradventures&bookable-only=yes&full-items=yes&marketplace=yes&flow=no""></script>",https://fareharbor.com/embeds/book/elciclobcn/items/541825/?asn=fhdn-eur&asn-ref=alloutdooradventures&ref=alloutdooradventures&bookable-only=yes&full-items=yes&marketplace=yes&flow=no,https://cdn.filestackcontent.com/p91zAzdHSRegKM1PDpzi
Levadas In & Out,levadasinandout,management@levadasinandout.com,+351 933 566 605,Portugal/Madeira/Ilha,-16.931408,32.768434,564036,Transfer from Porto da Cruz to Pico Ruivo - Areeiro or PR9,Bus Tour-Guided Tour-Hiking-Self-Guided Tour-Service-Walking Tour,3,68,356,https://fareharbor.com/embeds/calendar/levadasinandout/items/564036/?asn=fhdn-eur&asn-ref=alloutdooradventures&ref=alloutdooradventures&bookable-only=yes&full-items=yes&marketplace=yes&flow=no,"<script src=""https://fareharbor.com/embeds/script/calendar/levadasinandout/items/564036/?asn=fhdn-eur&asn-ref=alloutdooradventures&ref=alloutdooradventures&bookable-only=yes&full-items=yes&marketplace=yes&flow=no""></script>",https://fareharbor.com/embeds/book/levadasinandout/items/564036/?asn=fhdn-eur&asn-ref=alloutdooradventures&ref=alloutdooradventures&bookable-only=yes&full-items=yes&marketplace=yes&flow=no,https://cdn.filestackcontent.com/oH6qPlAXRZCF3MzXSPWA
Levadas In & Out,levadasinandout,management@levadasinandout.com,+351 933 566 605,Portugal/Madeira/Ilha,-16.931408,32.768434,564247,Transfer from Machico to Pico Ruivo - Areeiro or PR9,Bus Tour-Hiking-Self-Guided Tour-Walking Tour,3,68,178,https://fareharbor.com/embeds/calendar/levadasinandout/items/564247/?asn=fhdn-eur&asn-ref=alloutdooradventures&ref=alloutdooradventures&bookable-only=yes&full-items=yes&marketplace=yes&flow=no,"<script src=""https://fareharbor.com/embeds/script/calendar/levadasinandout/items/564247/?asn=fhdn-eur&asn-ref=alloutdooradventures&ref=alloutdooradventures&bookable-only=yes&full-items=yes&marketplace=yes&flow=no""></script>",https://fareharbor.com/embeds/book/levadasinandout/items/564247/?asn=fhdn-eur&asn-ref=alloutdooradventures&ref=alloutdooradventures&bookable-only=yes&full-items=yes&marketplace=yes&flow=no,https://cdn.filestackcontent.com/Mp9DzQfVSDuqQjpVDFhe
Look Around Tours,lookaroundtours,hello@lookaroundtours.com,+351 964784924,Portugal/Setúbal/Maça,,,575999,Arrábida Safari Tour,Jeep,1,68,360,https://fareharbor.com/embeds/calendar/lookaroundtours/items/575999/?asn=fhdn-eur&asn-ref=alloutdooradventures&ref=alloutdooradventures&bookable-only=yes&full-items=yes&marketplace=yes&flow=no,"<script src=""https://fareharbor.com/embeds/script/calendar/lookaroundtours/items/575999/?asn=fhdn-eur&asn-ref=alloutdooradventures&ref=alloutdooradventures&bookable-only=yes&full-items=yes&marketplace=yes&flow=no""></script>",https://fareharbor.com/embeds/book/lookaroundtours/items/575999/?asn=fhdn-eur&asn-ref=alloutdooradventures&ref=alloutdooradventures&bookable-only=yes&full-items=yes&marketplace=yes&flow=no,https://cdn.filestackcontent.com/gBBd2IUT9qTdKhOJ1hUC
Look Around Tours,lookaroundtours,hello@lookaroundtours.com,+351 964784924,Portugal/Setúbal/Maça,,,576007,Wild Cabo Espichel,Jeep,1,68,360,https://fareharbor.com/embeds/calendar/lookaroundtours/items/576007/?asn=fhdn-eur&asn-ref=alloutdooradventures&ref=alloutdooradventures&bookable-only=yes&full-items=yes&marketplace=yes&flow=no,"<script src=""https://fareharbor.com/embeds/script/calendar/lookaroundtours/items/576007/?asn=fhdn-eur&asn-ref=alloutdooradventures&ref=alloutdooradventures&bookable-only=yes&full-items=yes&marketplace=yes&flow=no""></script>",https://fareharbor.com/embeds/book/lookaroundtours/items/576007/?asn=fhdn-eur&asn-ref=alloutdooradventures&ref=alloutdooradventures&bookable-only=yes&full-items=yes&marketplace=yes&flow=no,https://cdn.filestackcontent.com/CMnlqTqHTg2Yd0bJCvmm
Eco Trilha,ecotrilha,booking@ecotrilha.pt,+35 1927 771 815,Portugal/Braga/Braga,,,649500,Evora & Cork Farm,Eco Tour-Guided Tour-History Tour-Jeep-Transfer,9,68,14,https://fareharbor.com/embeds/calendar/ecotrilha/items/649500/?asn=fhdn-eur&asn-ref=alloutdooradventures&ref=alloutdooradventures&bookable-only=yes&full-items=yes&marketplace=yes&flow=no,"<script src=""https://fareharbor.com/embeds/script/calendar/ecotrilha/items/649500/?asn=fhdn-eur&asn-ref=alloutdooradventures&ref=alloutdooradventures&bookable-only=yes&full-items=yes&marketplace=yes&flow=no""></script>",https://fareharbor.com/embeds/book/ecotrilha/items/649500/?asn=fhdn-eur&asn-ref=alloutdooradventures&ref=alloutdooradventures&bookable-only=yes&full-items=yes&marketplace=yes&flow=no,https://cdn.filestackcontent.com/jzvTmKPCQKKtkQO2t54u
Tres Gatos Tours,tresgatos,hola@tresgatos.es,+34 603113611,Spain/Catalunya/Barcelona,,,700404,Barcelona: Montjuïc e-bike Adventure with Views and Castle,Bike Rental-Bike Tour,1,68,1904,https://fareharbor.com/embeds/calendar/tresgatos/items/700404/?asn=fhdn-eur&asn-ref=alloutdooradventures&ref=alloutdooradventures&bookable-only=yes&full-items=yes&marketplace=yes&flow=no,"<script src=""https://fareharbor.com/embeds/script/calendar/tresgatos/items/700404/?asn=fhdn-eur&asn-ref=alloutdooradventures&ref=alloutdooradventures&bookable-only=yes&full-items=yes&marketplace=yes&flow=no""></script>",https://fareharbor.com/embeds/book/tresgatos/items/700404/?asn=fhdn-eur&asn-ref=alloutdooradventures&ref=alloutdooradventures&bookable-only=yes&full-items=yes&marketplace=yes&flow=no,
Green Bikes Barcelona,greenbikesbarcelona,greenbikesbcn@gmail.com,+34933013612,Spain/Catalunya/Barcelona,,,547402,City Tour,Bike Tour,4,67,679,https://fareharbor.com/embeds/calendar/greenbikesbarcelona/items/547402/?asn=fhdn-eur&asn-ref=alloutdooradventures&ref=alloutdooradventures&bookable-only=yes&full-items=yes&marketplace=yes&flow=no,"<script src=""https://fareharbor.com/embeds/script/calendar/greenbikesbarcelona/items/547402/?asn=fhdn-eur&asn-ref=alloutdooradventures&ref=alloutdooradventures&bookable-only=yes&full-items=yes&marketplace=yes&flow=no""></script>",https://fareharbor.com/embeds/book/greenbikesbarcelona/items/547402/?asn=fhdn-eur&asn-ref=alloutdooradventures&ref=alloutdooradventures&bookable-only=yes&full-items=yes&marketplace=yes&flow=no,https://cdn.filestackcontent.com/RwMlFyplR5qKeobA0Y3p
Green Bikes Barcelona,greenbikesbarcelona,greenbikesbcn@gmail.com,+34933013612,Spain/Catalunya/Barcelona,,,547414,Montjuic Tour,Bike Tour,4,67,208,https://fareharbor.com/embeds/calendar/greenbikesbarcelona/items/547414/?asn=fhdn-eur&asn-ref=alloutdooradventures&ref=alloutdooradventures&bookable-only=yes&full-items=yes&marketplace=yes&flow=no,"<script src=""https://fareharbor.com/embeds/script/calendar/greenbikesbarcelona/items/547414/?asn=fhdn-eur&asn-ref=alloutdooradventures&ref=alloutdooradventures&bookable-only=yes&full-items=yes&marketplace=yes&flow=no""></script>",https://fareharbor.com/embeds/book/greenbikesbarcelona/items/547414/?asn=fhdn-eur&asn-ref=alloutdooradventures&ref=alloutdooradventures&bookable-only=yes&full-items=yes&marketplace=yes&flow=no,https://cdn.filestackcontent.com/9sQTe0IQSEqcH9As7dps
Look Around Tours,lookaroundtours,hello@lookaroundtours.com,+351 964784924,Portugal/Setúbal/Maça,,,576009,Fado,Jeep,1,67,185,https://fareharbor.com/embeds/calendar/lookaroundtours/items/576009/?asn=fhdn-eur&asn-ref=alloutdooradventures&ref=alloutdooradventures&bookable-only=yes&full-items=yes&marketplace=yes&flow=no,"<script src=""https://fareharbor.com/embeds/script/calendar/lookaroundtours/items/576009/?asn=fhdn-eur&asn-ref=alloutdooradventures&ref=alloutdooradventures&bookable-only=yes&full-items=yes&marketplace=yes&flow=no""></script>",https://fareharbor.com/embeds/book/lookaroundtours/items/576009/?asn=fhdn-eur&asn-ref=alloutdooradventures&ref=alloutdooradventures&bookable-only=yes&full-items=yes&marketplace=yes&flow=no,https://cdn.filestackcontent.com/icRvFT04RsGR0tfknXhc
Look Around Tours,lookaroundtours,hello@lookaroundtours.com,+351 964784924,Portugal/Setúbal/Maça,,,576011,Hike to the Highest Cliff of Continental Europe,Jeep,1,67,540,https://fareharbor.com/embeds/calendar/lookaroundtours/items/576011/?asn=fhdn-eur&asn-ref=alloutdooradventures&ref=alloutdooradventures&bookable-only=yes&full-items=yes&marketplace=yes&flow=no,"<script src=""https://fareharbor.com/embeds/script/calendar/lookaroundtours/items/576011/?asn=fhdn-eur&asn-ref=alloutdooradventures&ref=alloutdooradventures&bookable-only=yes&full-items=yes&marketplace=yes&flow=no""></script>",https://fareharbor.com/embeds/book/lookaroundtours/items/576011/?asn=fhdn-eur&asn-ref=alloutdooradventures&ref=alloutdooradventures&bookable-only=yes&full-items=yes&marketplace=yes&flow=no,https://cdn.filestackcontent.com/Ixecgv5KS9WAQ3Dw7N7E
Aleks Rent,aleksrent,aleksrent1@gmail.com,641459907,Spain/Catalunya/Lloret de Mar,,,609768,Excursión en quads por Lloret de Mar,Bike Tour,1,67,564,https://fareharbor.com/embeds/calendar/aleksrent/items/609768/?asn=fhdn-eur&asn-ref=alloutdooradventures&ref=alloutdooradventures&bookable-only=yes&full-items=yes&marketplace=yes&flow=no,"<script src=""https://fareharbor.com/embeds/script/calendar/aleksrent/items/609768/?asn=fhdn-eur&asn-ref=alloutdooradventures&ref=alloutdooradventures&bookable-only=yes&full-items=yes&marketplace=yes&flow=no""></script>",https://fareharbor.com/embeds/book/aleksrent/items/609768/?asn=fhdn-eur&asn-ref=alloutdooradventures&ref=alloutdooradventures&bookable-only=yes&full-items=yes&marketplace=yes&flow=no,https://cdn.filestackcontent.com/mwYDSrmATe2PHxF2wMpu
Bering Tour,bering-tour,majrebelo@gmail.com,+351 919 788 941,Portugal/Lisboa/Lisboa,,,657615,Lisboa: VIP Transfer de Barco no Tejo: Belém – Centro Histórico,Boat Tour-Eco Tour-History Tour-Marina-Other,5,67,721,https://fareharbor.com/embeds/calendar/bering-tour/items/657615/?asn=fhdn-eur&asn-ref=alloutdooradventures&ref=alloutdooradventures&bookable-only=yes&full-items=yes&marketplace=yes&flow=no,"<script src=""https://fareharbor.com/embeds/script/calendar/bering-tour/items/657615/?asn=fhdn-eur&asn-ref=alloutdooradventures&ref=alloutdooradventures&bookable-only=yes&full-items=yes&marketplace=yes&flow=no""></script>",https://fareharbor.com/embeds/book/bering-tour/items/657615/?asn=fhdn-eur&asn-ref=alloutdooradventures&ref=alloutdooradventures&bookable-only=yes&full-items=yes&marketplace=yes&flow=no,https://cdn.filestackcontent.com/Vdi4eAQoTfeUuXRVFgH6
ZigZag Mallorca,zigzagmallorca,Info@zigzagmallorca.com,652130869,Spain/Illes Balears/Romàntica,,,682459,Adventure along the eastern cliffs of Mallorca,Hiking,2,67,214,https://fareharbor.com/embeds/calendar/zigzagmallorca/items/682459/?asn=fhdn-eur&asn-ref=alloutdooradventures&ref=alloutdooradventures&bookable-only=yes&full-items=yes&marketplace=yes&flow=no,"<script src=""https://fareharbor.com/embeds/script/calendar/zigzagmallorca/items/682459/?asn=fhdn-eur&asn-ref=alloutdooradventures&ref=alloutdooradventures&bookable-only=yes&full-items=yes&marketplace=yes&flow=no""></script>",https://fareharbor.com/embeds/book/zigzagmallorca/items/682459/?asn=fhdn-eur&asn-ref=alloutdooradventures&ref=alloutdooradventures&bookable-only=yes&full-items=yes&marketplace=yes&flow=no,https://cdn.filestackcontent.com/lAT60sdETDiwjTqpfEB9
Tres Gatos Tours,tresgatos,hola@tresgatos.es,+34 603113611,Spain/Catalunya/Barcelona,,,700431,Paris Bike & Bites: City Highlights on Two Wheels,Bike Rental-Bike Tour,1,67,360,https://fareharbor.com/embeds/calendar/tresgatos/items/700431/?asn=fhdn-eur&asn-ref=alloutdooradventures&ref=alloutdooradventures&bookable-only=yes&full-items=yes&marketplace=yes&flow=no,"<script src=""https://fareharbor.com/embeds/script/calendar/tresgatos/items/700431/?asn=fhdn-eur&asn-ref=alloutdooradventures&ref=alloutdooradventures&bookable-only=yes&full-items=yes&marketplace=yes&flow=no""></script>",https://fareharbor.com/embeds/book/tresgatos/items/700431/?asn=fhdn-eur&asn-ref=alloutdooradventures&ref=alloutdooradventures&bookable-only=yes&full-items=yes&marketplace=yes&flow=no,
Tres Gatos Tours,tresgatos,hola@tresgatos.es,+34 603113611,Spain/Catalunya/Barcelona,,,700438,Madrid: Highlights Bike Tour with Madroño Tasting,Bike Rental-Bike Tour,1,67,360,https://fareharbor.com/embeds/calendar/tresgatos/items/700438/?asn=fhdn-eur&asn-ref=alloutdooradventures&ref=alloutdooradventures&bookable-only=yes&full-items=yes&marketplace=yes&flow=no,"<script src=""https://fareharbor.com/embeds/script/calendar/tresgatos/items/700438/?asn=fhdn-eur&asn-ref=alloutdooradventures&ref=alloutdooradventures&bookable-only=yes&full-items=yes&marketplace=yes&flow=no""></script>",https://fareharbor.com/embeds/book/tresgatos/items/700438/?asn=fhdn-eur&asn-ref=alloutdooradventures&ref=alloutdooradventures&bookable-only=yes&full-items=yes&marketplace=yes&flow=no,
Tres Gatos Tours,tresgatos,hola@tresgatos.es,+34 603113611,Spain/Catalunya/Barcelona,,,700444,Valencia Bike & Bites Ride in Small Group,Bike Rental-Bike Tour,1,67,360,https://fareharbor.com/embeds/calendar/tresgatos/items/700444/?asn=fhdn-eur&asn-ref=alloutdooradventures&ref=alloutdooradventures&bookable-only=yes&full-items=yes&marketplace=yes&flow=no,"<script src=""https://fareharbor.com/embeds/script/calendar/tresgatos/items/700444/?asn=fhdn-eur&asn-ref=alloutdooradventures&ref=alloutdooradventures&bookable-only=yes&full-items=yes&marketplace=yes&flow=no""></script>",https://fareharbor.com/embeds/book/tresgatos/items/700444/?asn=fhdn-eur&asn-ref=alloutdooradventures&ref=alloutdooradventures&bookable-only=yes&full-items=yes&marketplace=yes&flow=no,
Tazirga,tazirga,info@tazirga.com,+34 657 19 73 88,Spain/Canarias/Hermigua,-17.197978,28.164876,532589,Ellas entre lino y vino,Hiking-Wine,1,66,76,https://fareharbor.com/embeds/calendar/tazirga/items/532589/?asn=fhdn-eur&asn-ref=alloutdooradventures&ref=alloutdooradventures&bookable-only=yes&full-items=yes&marketplace=yes&flow=no,"<script src=""https://fareharbor.com/embeds/script/calendar/tazirga/items/532589/?asn=fhdn-eur&asn-ref=alloutdooradventures&ref=alloutdooradventures&bookable-only=yes&full-items=yes&marketplace=yes&flow=no""></script>",https://fareharbor.com/embeds/book/tazirga/items/532589/?asn=fhdn-eur&asn-ref=alloutdooradventures&ref=alloutdooradventures&bookable-only=yes&full-items=yes&marketplace=yes&flow=no,https://cdn.filestackcontent.com/ZNddtO5mSAqgoE2KrKL9
Look Around Tours,lookaroundtours,hello@lookaroundtours.com,+351 964784924,Portugal/Setúbal/Maça,,,576031,Hiking Wild West Coast,Jeep,1,66,540,https://fareharbor.com/embeds/calendar/lookaroundtours/items/576031/?asn=fhdn-eur&asn-ref=alloutdooradventures&ref=alloutdooradventures&bookable-only=yes&full-items=yes&marketplace=yes&flow=no,"<script src=""https://fareharbor.com/embeds/script/calendar/lookaroundtours/items/576031/?asn=fhdn-eur&asn-ref=alloutdooradventures&ref=alloutdooradventures&bookable-only=yes&full-items=yes&marketplace=yes&flow=no""></script>",https://fareharbor.com/embeds/book/lookaroundtours/items/576031/?asn=fhdn-eur&asn-ref=alloutdooradventures&ref=alloutdooradventures&bookable-only=yes&full-items=yes&marketplace=yes&flow=no,https://cdn.filestackcontent.com/Q82NQfHeQY64N4ADs42G
Montefusco Cycling,roadcycling,claudio@roadcycling.barcelona,+34 607 51 57 82,Spain/Catalonia/Barcelona,2.168568,41.387397,75173,The Amazing Cycling Tour of the Montseny Mountains,Bike Tour,7,65,124,https://fareharbor.com/embeds/calendar/roadcycling/items/75173/?asn=fhdn-eur&asn-ref=alloutdooradventures&ref=alloutdooradventures&bookable-only=yes&full-items=yes&marketplace=yes&flow=no,"<script src=""https://fareharbor.com/embeds/script/calendar/roadcycling/items/75173/?asn=fhdn-eur&asn-ref=alloutdooradventures&ref=alloutdooradventures&bookable-only=yes&full-items=yes&marketplace=yes&flow=no""></script>",https://fareharbor.com/embeds/book/roadcycling/items/75173/?asn=fhdn-eur&asn-ref=alloutdooradventures&ref=alloutdooradventures&bookable-only=yes&full-items=yes&marketplace=yes&flow=no,https://cdn.filestackcontent.com/Hp94lQoQUaWWPpeSYxkw
Montefusco Cycling,roadcycling,claudio@roadcycling.barcelona,+34 607 51 57 82,Spain/Catalonia/Barcelona,2.168568,41.387397,75174,The Magic Mountain Tour of Montserrat by Road Bike,Bike Tour,9,65,124,https://fareharbor.com/embeds/calendar/roadcycling/items/75174/?asn=fhdn-eur&asn-ref=alloutdooradventures&ref=alloutdooradventures&bookable-only=yes&full-items=yes&marketplace=yes&flow=no,"<script src=""https://fareharbor.com/embeds/script/calendar/roadcycling/items/75174/?asn=fhdn-eur&asn-ref=alloutdooradventures&ref=alloutdooradventures&bookable-only=yes&full-items=yes&marketplace=yes&flow=no""></script>",https://fareharbor.com/embeds/book/roadcycling/items/75174/?asn=fhdn-eur&asn-ref=alloutdooradventures&ref=alloutdooradventures&bookable-only=yes&full-items=yes&marketplace=yes&flow=no,https://cdn.filestackcontent.com/m9EDL1y5SRqUd6887CEX
Montefusco Cycling,roadcycling,claudio@roadcycling.barcelona,+34 607 51 57 82,Spain/Catalonia/Girona,2.821426,41.9794,75177,Girona Cycling Tour,Bike Tour,6,65,177,https://fareharbor.com/embeds/calendar/roadcycling/items/75177/?asn=fhdn-eur&asn-ref=alloutdooradventures&ref=alloutdooradventures&bookable-only=yes&full-items=yes&marketplace=yes&flow=no,"<script src=""https://fareharbor.com/embeds/script/calendar/roadcycling/items/75177/?asn=fhdn-eur&asn-ref=alloutdooradventures&ref=alloutdooradventures&bookable-only=yes&full-items=yes&marketplace=yes&flow=no""></script>",https://fareharbor.com/embeds/book/roadcycling/items/75177/?asn=fhdn-eur&asn-ref=alloutdooradventures&ref=alloutdooradventures&bookable-only=yes&full-items=yes&marketplace=yes&flow=no,https://cdn.filestackcontent.com/dXaBhP2LTVWmnUAxxv9v
Trixi Madrid,trixi,madrid@trixi.com,+34 915 231 547,Spain/Comunidad de Madrid/Madrid,-3.701245,40.418869,133825,Real Madrid Tour,Bike Tour-City Tour-E-Bike-History Tour-Museum,7,65,0,https://fareharbor.com/embeds/calendar/trixi/items/133825/?asn=fhdn-eur&asn-ref=alloutdooradventures&ref=alloutdooradventures&bookable-only=yes&full-items=yes&marketplace=yes&flow=no,"<script src=""https://fareharbor.com/embeds/script/calendar/trixi/items/133825/?asn=fhdn-eur&asn-ref=alloutdooradventures&ref=alloutdooradventures&bookable-only=yes&full-items=yes&marketplace=yes&flow=no""></script>",https://fareharbor.com/embeds/book/trixi/items/133825/?asn=fhdn-eur&asn-ref=alloutdooradventures&ref=alloutdooradventures&bookable-only=yes&full-items=yes&marketplace=yes&flow=no,https://cdn.filestackcontent.com/dH0qxxxQHWUySRVeljwN
Unique Tours,uniquetours,hello@uniquetours.com,+34 699 393 249,Spain/Catalunya/Barcelona,2.166073,41.390721,154259,Montserrat Monastery & Hiking Experience,Hiking-Walking Tour,7,65,177,https://fareharbor.com/embeds/calendar/uniquetours/items/154259/?asn=fhdn-eur&asn-ref=alloutdooradventures&ref=alloutdooradventures&bookable-only=yes&full-items=yes&marketplace=yes&flow=no,"<script src=""https://fareharbor.com/embeds/script/calendar/uniquetours/items/154259/?asn=fhdn-eur&asn-ref=alloutdooradventures&ref=alloutdooradventures&bookable-only=yes&full-items=yes&marketplace=yes&flow=no""></script>",https://fareharbor.com/embeds/book/uniquetours/items/154259/?asn=fhdn-eur&asn-ref=alloutdooradventures&ref=alloutdooradventures&bookable-only=yes&full-items=yes&marketplace=yes&flow=no,https://cdn.filestackcontent.com/7pbjbB5fQO81ZtZNzbfS
Unique Tours,uniquetours,hello@uniquetours.com,+34 699 393 249,Spain/Catalunya/Barcelona,2.166073,41.390721,154262,Private Tour - Montserrat Monastery & Hiking Experience,Hiking-Private-Walking Tour,9,65,180,https://fareharbor.com/embeds/calendar/uniquetours/items/154262/?asn=fhdn-eur&asn-ref=alloutdooradventures&ref=alloutdooradventures&bookable-only=yes&full-items=yes&marketplace=yes&flow=no,"<script src=""https://fareharbor.com/embeds/script/calendar/uniquetours/items/154262/?asn=fhdn-eur&asn-ref=alloutdooradventures&ref=alloutdooradventures&bookable-only=yes&full-items=yes&marketplace=yes&flow=no""></script>",https://fareharbor.com/embeds/book/uniquetours/items/154262/?asn=fhdn-eur&asn-ref=alloutdooradventures&ref=alloutdooradventures&bookable-only=yes&full-items=yes&marketplace=yes&flow=no,https://cdn.filestackcontent.com/DdM8YAiQuOE0YK4PknEF
Epic Madeira,epicmadeira,bookings@epicmadeira.com,+351913988682,Portugal/Madeira/Funchal,-16.908236,32.650613,210234,Coasteering,Boat Tour-Climbing-Snorkel-Water Activities,8,65,0,https://fareharbor.com/embeds/calendar/epicmadeira/items/210234/?asn=fhdn-eur&asn-ref=alloutdooradventures&ref=alloutdooradventures&bookable-only=yes&full-items=yes&marketplace=yes&flow=no,"<script src=""https://fareharbor.com/embeds/script/calendar/epicmadeira/items/210234/?asn=fhdn-eur&asn-ref=alloutdooradventures&ref=alloutdooradventures&bookable-only=yes&full-items=yes&marketplace=yes&flow=no""></script>",https://fareharbor.com/embeds/book/epicmadeira/items/210234/?asn=fhdn-eur&asn-ref=alloutdooradventures&ref=alloutdooradventures&bookable-only=yes&full-items=yes&marketplace=yes&flow=no,https://cdn.filestackcontent.com/K0RsNJDRbaTdF2N9b8gQ
"One Life, Hike it",jkerr,jamie@jkerr.net,+34 612 562 545,Spain/Catalunya/Caldes de Malavella,2.801056,41.840767,261555,"Hiking Costa Brava Coves and Beaches, Catalan Mediterranean",Hiking-Walking Tour,5,65,180,https://fareharbor.com/embeds/calendar/jkerr/items/261555/?asn=fhdn-eur&asn-ref=alloutdooradventures&ref=alloutdooradventures&bookable-only=yes&full-items=yes&marketplace=yes&flow=no,"<script src=""https://fareharbor.com/embeds/script/calendar/jkerr/items/261555/?asn=fhdn-eur&asn-ref=alloutdooradventures&ref=alloutdooradventures&bookable-only=yes&full-items=yes&marketplace=yes&flow=no""></script>",https://fareharbor.com/embeds/book/jkerr/items/261555/?asn=fhdn-eur&asn-ref=alloutdooradventures&ref=alloutdooradventures&bookable-only=yes&full-items=yes&marketplace=yes&flow=no,https://cdn.filestackcontent.com/1VcOVDtS5iDfs09iTP2x
Amigo Tours Europe - Spain,amigotoursspain,madrid@amigotours.com,(+34)911293483,Spain/Andalucía/Sevilla,,,279201,Private Tour to Alcazar and Cathedral of Seville,City Tour-Climbing-Private-Transportation,10,65,123,https://fareharbor.com/embeds/calendar/amigotoursspain/items/279201/?asn=fhdn-eur&asn-ref=alloutdooradventures&ref=alloutdooradventures&bookable-only=yes&full-items=yes&marketplace=yes&flow=no,"<script src=""https://fareharbor.com/embeds/script/calendar/amigotoursspain/items/279201/?asn=fhdn-eur&asn-ref=alloutdooradventures&ref=alloutdooradventures&bookable-only=yes&full-items=yes&marketplace=yes&flow=no""></script>",https://fareharbor.com/embeds/book/amigotoursspain/items/279201/?asn=fhdn-eur&asn-ref=alloutdooradventures&ref=alloutdooradventures&bookable-only=yes&full-items=yes&marketplace=yes&flow=no,https://cdn.filestackcontent.com/Ei7OmPRRSxEqUZku5zgx
Exclusive Boat Gran Canaria,exclusiveboat,gcboattours@gmail.com,+34 619317430,Spain/Las Palmas/Puerto Rico,,,281238,Morning Cruise,Boat Tour-Parasail-Sailing-Surf,1,65,180,https://fareharbor.com/embeds/calendar/exclusiveboat/items/281238/?asn=fhdn-eur&asn-ref=alloutdooradventures&ref=alloutdooradventures&bookable-only=yes&full-items=yes&marketplace=yes&flow=no,"<script src=""https://fareharbor.com/embeds/script/calendar/exclusiveboat/items/281238/?asn=fhdn-eur&asn-ref=alloutdooradventures&ref=alloutdooradventures&bookable-only=yes&full-items=yes&marketplace=yes&flow=no""></script>",https://fareharbor.com/embeds/book/exclusiveboat/items/281238/?asn=fhdn-eur&asn-ref=alloutdooradventures&ref=alloutdooradventures&bookable-only=yes&full-items=yes&marketplace=yes&flow=no,https://cdn.filestackcontent.com/iwSDB4EAQuKCUbPtzEVr
Peniche 360,peniche360,geral@peniche360.com,+351 916 200 940,Portugal/Leiria/Peniche,-9.379874,39.353776,430285,Tour Conhece Peniche,Jeep,15,65,924,https://fareharbor.com/embeds/calendar/peniche360/items/430285/?asn=fhdn-eur&asn-ref=alloutdooradventures&ref=alloutdooradventures&bookable-only=yes&full-items=yes&marketplace=yes&flow=no,"<script src=""https://fareharbor.com/embeds/script/calendar/peniche360/items/430285/?asn=fhdn-eur&asn-ref=alloutdooradventures&ref=alloutdooradventures&bookable-only=yes&full-items=yes&marketplace=yes&flow=no""></script>",https://fareharbor.com/embeds/book/peniche360/items/430285/?asn=fhdn-eur&asn-ref=alloutdooradventures&ref=alloutdooradventures&bookable-only=yes&full-items=yes&marketplace=yes&flow=no,https://cdn.filestackcontent.com/UWM21d6LS2uT9M34lDfd
Peniche 360,peniche360,geral@peniche360.com,+351 916 200 940,Portugal/Leiria/Peniche,-9.379874,39.353776,430290,Tour Conhece a Região,Jeep,9,65,924,https://fareharbor.com/embeds/calendar/peniche360/items/430290/?asn=fhdn-eur&asn-ref=alloutdooradventures&ref=alloutdooradventures&bookable-only=yes&full-items=yes&marketplace=yes&flow=no,"<script src=""https://fareharbor.com/embeds/script/calendar/peniche360/items/430290/?asn=fhdn-eur&asn-ref=alloutdooradventures&ref=alloutdooradventures&bookable-only=yes&full-items=yes&marketplace=yes&flow=no""></script>",https://fareharbor.com/embeds/book/peniche360/items/430290/?asn=fhdn-eur&asn-ref=alloutdooradventures&ref=alloutdooradventures&bookable-only=yes&full-items=yes&marketplace=yes&flow=no,https://cdn.filestackcontent.com/RTa8A8SQG2rISh7VtlKQ
Unique Tours,uniquetours,hello@uniquetours.com,+34 699 393 249,Spain/Catalunya/Barcelona,2.166073,41.390721,436877,Montserrat Monastery & Hiking Experience - Full Day,Hiking-Walking Tour,11,65,180,https://fareharbor.com/embeds/calendar/uniquetours/items/436877/?asn=fhdn-eur&asn-ref=alloutdooradventures&ref=alloutdooradventures&bookable-only=yes&full-items=yes&marketplace=yes&flow=no,"<script src=""https://fareharbor.com/embeds/script/calendar/uniquetours/items/436877/?asn=fhdn-eur&asn-ref=alloutdooradventures&ref=alloutdooradventures&bookable-only=yes&full-items=yes&marketplace=yes&flow=no""></script>",https://fareharbor.com/embeds/book/uniquetours/items/436877/?asn=fhdn-eur&asn-ref=alloutdooradventures&ref=alloutdooradventures&bookable-only=yes&full-items=yes&marketplace=yes&flow=no,https://cdn.filestackcontent.com/PCO8b6hYTvO0zFQoMuc3
Unique Tours,uniquetours,hello@uniquetours.com,+34 699 393 249,Spain/Catalunya/Barcelona,2.166073,41.390721,436878,Private Tour - Montserrat Monastery & Hiking Experience - Full Day,Hiking-Private-Walking Tour,11,65,180,https://fareharbor.com/embeds/calendar/uniquetours/items/436878/?asn=fhdn-eur&asn-ref=alloutdooradventures&ref=alloutdooradventures&bookable-only=yes&full-items=yes&marketplace=yes&flow=no,"<script src=""https://fareharbor.com/embeds/script/calendar/uniquetours/items/436878/?asn=fhdn-eur&asn-ref=alloutdooradventures&ref=alloutdooradventures&bookable-only=yes&full-items=yes&marketplace=yes&flow=no""></script>",https://fareharbor.com/embeds/book/uniquetours/items/436878/?asn=fhdn-eur&asn-ref=alloutdooradventures&ref=alloutdooradventures&bookable-only=yes&full-items=yes&marketplace=yes&flow=no,https://cdn.filestackcontent.com/CREJTfiRRJWXu4VMWVoy
Moments Watersports,momentswatersports,info@momentswatersports.com,+351 964 688 956,Portugal/Faro/Armação de Pêra,,,450117,Inflatable Waterpark,Parasail,14,65,1479,https://fareharbor.com/embeds/calendar/momentswatersports/items/450117/?asn=fhdn-eur&asn-ref=alloutdooradventures&ref=alloutdooradventures&bookable-only=yes&full-items=yes&marketplace=yes&flow=no,"<script src=""https://fareharbor.com/embeds/script/calendar/momentswatersports/items/450117/?asn=fhdn-eur&asn-ref=alloutdooradventures&ref=alloutdooradventures&bookable-only=yes&full-items=yes&marketplace=yes&flow=no""></script>",https://fareharbor.com/embeds/book/momentswatersports/items/450117/?asn=fhdn-eur&asn-ref=alloutdooradventures&ref=alloutdooradventures&bookable-only=yes&full-items=yes&marketplace=yes&flow=no,https://cdn.filestackcontent.com/3SQnSTD3SuqbvBJGIO3H
Peniche 360,peniche360,geral@peniche360.com,+351 916 200 940,Portugal/Leiria/Peniche,-9.379874,39.353776,519255,Tour Peniche e Região,Jeep,11,65,308,https://fareharbor.com/embeds/calendar/peniche360/items/519255/?asn=fhdn-eur&asn-ref=alloutdooradventures&ref=alloutdooradventures&bookable-only=yes&full-items=yes&marketplace=yes&flow=no,"<script src=""https://fareharbor.com/embeds/script/calendar/peniche360/items/519255/?asn=fhdn-eur&asn-ref=alloutdooradventures&ref=alloutdooradventures&bookable-only=yes&full-items=yes&marketplace=yes&flow=no""></script>",https://fareharbor.com/embeds/book/peniche360/items/519255/?asn=fhdn-eur&asn-ref=alloutdooradventures&ref=alloutdooradventures&bookable-only=yes&full-items=yes&marketplace=yes&flow=no,https://cdn.filestackcontent.com/1BRiT1hOTfqebboOTZG4
Peniche 360,peniche360,geral@peniche360.com,+351 916 200 940,Portugal/Leiria/Peniche,-9.379874,39.353776,519258,Tour Gastronomia da Região,Jeep,12,65,308,https://fareharbor.com/embeds/calendar/peniche360/items/519258/?asn=fhdn-eur&asn-ref=alloutdooradventures&ref=alloutdooradventures&bookable-only=yes&full-items=yes&marketplace=yes&flow=no,"<script src=""https://fareharbor.com/embeds/script/calendar/peniche360/items/519258/?asn=fhdn-eur&asn-ref=alloutdooradventures&ref=alloutdooradventures&bookable-only=yes&full-items=yes&marketplace=yes&flow=no""></script>",https://fareharbor.com/embeds/book/peniche360/items/519258/?asn=fhdn-eur&asn-ref=alloutdooradventures&ref=alloutdooradventures&bookable-only=yes&full-items=yes&marketplace=yes&flow=no,https://cdn.filestackcontent.com/8eFcuKqCRlGBtH2t81QW
Tazirga,tazirga,info@tazirga.com,+34 657 19 73 88,Spain/Canarias/Vilaflor,-16.635013,28.157587,532594,Ellas y los altos de Tenerife,Hiking,1,65,76,https://fareharbor.com/embeds/calendar/tazirga/items/532594/?asn=fhdn-eur&asn-ref=alloutdooradventures&ref=alloutdooradventures&bookable-only=yes&full-items=yes&marketplace=yes&flow=no,"<script src=""https://fareharbor.com/embeds/script/calendar/tazirga/items/532594/?asn=fhdn-eur&asn-ref=alloutdooradventures&ref=alloutdooradventures&bookable-only=yes&full-items=yes&marketplace=yes&flow=no""></script>",https://fareharbor.com/embeds/book/tazirga/items/532594/?asn=fhdn-eur&asn-ref=alloutdooradventures&ref=alloutdooradventures&bookable-only=yes&full-items=yes&marketplace=yes&flow=no,https://cdn.filestackcontent.com/pNaGVTBaS62Se1oZE5iT
Ontdek Sevilla,ontdeksevilla,info@ontdeksevilla.com,0034-663558472,Spain/Andalucía/Sevilla,,,539833,Privé Fietstour,Bike Tour,3,65,360,https://fareharbor.com/embeds/calendar/ontdeksevilla/items/539833/?asn=fhdn-eur&asn-ref=alloutdooradventures&ref=alloutdooradventures&bookable-only=yes&full-items=yes&marketplace=yes&flow=no,"<script src=""https://fareharbor.com/embeds/script/calendar/ontdeksevilla/items/539833/?asn=fhdn-eur&asn-ref=alloutdooradventures&ref=alloutdooradventures&bookable-only=yes&full-items=yes&marketplace=yes&flow=no""></script>",https://fareharbor.com/embeds/book/ontdeksevilla/items/539833/?asn=fhdn-eur&asn-ref=alloutdooradventures&ref=alloutdooradventures&bookable-only=yes&full-items=yes&marketplace=yes&flow=no,https://cdn.filestackcontent.com/zmBXzGW9QLCDtxfXYTze
Club Deportivo Engáliate,engaliate,info@engaliate.com,+34655871727,Spain/Canarias/La Aldea de San Nicolas de Tolentino,-15.78184,27.986703,546704,Senderismo por la Reserva de Guguy o Guigui,Hiking,7,65,0,https://fareharbor.com/embeds/calendar/engaliate/items/546704/?asn=fhdn-eur&asn-ref=alloutdooradventures&ref=alloutdooradventures&bookable-only=yes&full-items=yes&marketplace=yes&flow=no,"<script src=""https://fareharbor.com/embeds/script/calendar/engaliate/items/546704/?asn=fhdn-eur&asn-ref=alloutdooradventures&ref=alloutdooradventures&bookable-only=yes&full-items=yes&marketplace=yes&flow=no""></script>",https://fareharbor.com/embeds/book/engaliate/items/546704/?asn=fhdn-eur&asn-ref=alloutdooradventures&ref=alloutdooradventures&bookable-only=yes&full-items=yes&marketplace=yes&flow=no,https://cdn.filestackcontent.com/cIqDhf9R7yJzlx08FK7Q
Wild Mountain Canarias,wildmountaincanarias,wildmountaincanarias@gmail.com,+34611854340,Spain/Canarias/La Guancha,-16.665065,28.389715,559395,Coastering,Climbing-Hiking,5,65,110,https://fareharbor.com/embeds/calendar/wildmountaincanarias/items/559395/?asn=fhdn-eur&asn-ref=alloutdooradventures&ref=alloutdooradventures&bookable-only=yes&full-items=yes&marketplace=yes&flow=no,"<script src=""https://fareharbor.com/embeds/script/calendar/wildmountaincanarias/items/559395/?asn=fhdn-eur&asn-ref=alloutdooradventures&ref=alloutdooradventures&bookable-only=yes&full-items=yes&marketplace=yes&flow=no""></script>",https://fareharbor.com/embeds/book/wildmountaincanarias/items/559395/?asn=fhdn-eur&asn-ref=alloutdooradventures&ref=alloutdooradventures&bookable-only=yes&full-items=yes&marketplace=yes&flow=no,https://cdn.filestackcontent.com/UfS76fiCRr6ocYaCCy2Q
Wild Mountain Canarias,wildmountaincanarias,wildmountaincanarias@gmail.com,+34611854340,Spain/Canarias/Casas de la Cumbre,-16.267062,28.538932,559450,Barranco de Iniciación,Climbing-Hiking,5,65,180,https://fareharbor.com/embeds/calendar/wildmountaincanarias/items/559450/?asn=fhdn-eur&asn-ref=alloutdooradventures&ref=alloutdooradventures&bookable-only=yes&full-items=yes&marketplace=yes&flow=no,"<script src=""https://fareharbor.com/embeds/script/calendar/wildmountaincanarias/items/559450/?asn=fhdn-eur&asn-ref=alloutdooradventures&ref=alloutdooradventures&bookable-only=yes&full-items=yes&marketplace=yes&flow=no""></script>",https://fareharbor.com/embeds/book/wildmountaincanarias/items/559450/?asn=fhdn-eur&asn-ref=alloutdooradventures&ref=alloutdooradventures&bookable-only=yes&full-items=yes&marketplace=yes&flow=no,https://cdn.filestackcontent.com/LCzY2x1LQzKPROCyl6Hu
Look Around Tours,lookaroundtours,hello@lookaroundtours.com,+351 964784924,Portugal/Setúbal/Maça,,,575990,Arrábida Wine Tour & Food Tasting - Shared Tour,Jeep,1,65,540,https://fareharbor.com/embeds/calendar/lookaroundtours/items/575990/?asn=fhdn-eur&asn-ref=alloutdooradventures&ref=alloutdooradventures&bookable-only=yes&full-items=yes&marketplace=yes&flow=no,"<script src=""https://fareharbor.com/embeds/script/calendar/lookaroundtours/items/575990/?asn=fhdn-eur&asn-ref=alloutdooradventures&ref=alloutdooradventures&bookable-only=yes&full-items=yes&marketplace=yes&flow=no""></script>",https://fareharbor.com/embeds/book/lookaroundtours/items/575990/?asn=fhdn-eur&asn-ref=alloutdooradventures&ref=alloutdooradventures&bookable-only=yes&full-items=yes&marketplace=yes&flow=no,https://cdn.filestackcontent.com/QOExhihSR6Y6gTcLtQyM
Look Around Tours,lookaroundtours,hello@lookaroundtours.com,+351 964784924,Portugal/Setúbal/Maça,,,575997,Arrábida Wine Tour & Food Tasting - Private Tour,Jeep,1,65,360,https://fareharbor.com/embeds/calendar/lookaroundtours/items/575997/?asn=fhdn-eur&asn-ref=alloutdooradventures&ref=alloutdooradventures&bookable-only=yes&full-items=yes&marketplace=yes&flow=no,"<script src=""https://fareharbor.com/embeds/script/calendar/lookaroundtours/items/575997/?asn=fhdn-eur&asn-ref=alloutdooradventures&ref=alloutdooradventures&bookable-only=yes&full-items=yes&marketplace=yes&flow=no""></script>",https://fareharbor.com/embeds/book/lookaroundtours/items/575997/?asn=fhdn-eur&asn-ref=alloutdooradventures&ref=alloutdooradventures&bookable-only=yes&full-items=yes&marketplace=yes&flow=no,https://cdn.filestackcontent.com/k7nmAwe0TVOgGG8kkqfb
Look Around Tours,lookaroundtours,hello@lookaroundtours.com,+351 964784924,Portugal/Setúbal/Maça,,,576035,Sintra & Cascais,Jeep,1,65,540,https://fareharbor.com/embeds/calendar/lookaroundtours/items/576035/?asn=fhdn-eur&asn-ref=alloutdooradventures&ref=alloutdooradventures&bookable-only=yes&full-items=yes&marketplace=yes&flow=no,"<script src=""https://fareharbor.com/embeds/script/calendar/lookaroundtours/items/576035/?asn=fhdn-eur&asn-ref=alloutdooradventures&ref=alloutdooradventures&bookable-only=yes&full-items=yes&marketplace=yes&flow=no""></script>",https://fareharbor.com/embeds/book/lookaroundtours/items/576035/?asn=fhdn-eur&asn-ref=alloutdooradventures&ref=alloutdooradventures&bookable-only=yes&full-items=yes&marketplace=yes&flow=no,https://cdn.filestackcontent.com/qD3AvcsOToKw7iPA5pUL
Look Around Tours,lookaroundtours,hello@lookaroundtours.com,+351 964784924,Portugal/Setúbal/Maça,,,576041,Lisbon,Jeep,1,65,540,https://fareharbor.com/embeds/calendar/lookaroundtours/items/576041/?asn=fhdn-eur&asn-ref=alloutdooradventures&ref=alloutdooradventures&bookable-only=yes&full-items=yes&marketplace=yes&flow=no,"<script src=""https://fareharbor.com/embeds/script/calendar/lookaroundtours/items/576041/?asn=fhdn-eur&asn-ref=alloutdooradventures&ref=alloutdooradventures&bookable-only=yes&full-items=yes&marketplace=yes&flow=no""></script>",https://fareharbor.com/embeds/book/lookaroundtours/items/576041/?asn=fhdn-eur&asn-ref=alloutdooradventures&ref=alloutdooradventures&bookable-only=yes&full-items=yes&marketplace=yes&flow=no,https://cdn.filestackcontent.com/dhXdbUcVRIzR01lI0Lu4
Look Around Tours,lookaroundtours,hello@lookaroundtours.com,+351 964784924,Portugal/Setúbal/Maça,,,576042,Évora,Jeep,1,65,540,https://fareharbor.com/embeds/calendar/lookaroundtours/items/576042/?asn=fhdn-eur&asn-ref=alloutdooradventures&ref=alloutdooradventures&bookable-only=yes&full-items=yes&marketplace=yes&flow=no,"<script src=""https://fareharbor.com/embeds/script/calendar/lookaroundtours/items/576042/?asn=fhdn-eur&asn-ref=alloutdooradventures&ref=alloutdooradventures&bookable-only=yes&full-items=yes&marketplace=yes&flow=no""></script>",https://fareharbor.com/embeds/book/lookaroundtours/items/576042/?asn=fhdn-eur&asn-ref=alloutdooradventures&ref=alloutdooradventures&bookable-only=yes&full-items=yes&marketplace=yes&flow=no,https://cdn.filestackcontent.com/BOOsdHGqSbSOVPkpuR7r
Cristal Sea Madeira,cristalseamadeira,geralcristalsea@gmail.com,+351911115005,Portugal/Madeira/Funchal,,,604634,Half Day Private Boat cruise with Paddle board,Boat Tour,11,65,336,https://fareharbor.com/embeds/calendar/cristalseamadeira/items/604634/?asn=fhdn-eur&asn-ref=alloutdooradventures&ref=alloutdooradventures&bookable-only=yes&full-items=yes&marketplace=yes&flow=no,"<script src=""https://fareharbor.com/embeds/script/calendar/cristalseamadeira/items/604634/?asn=fhdn-eur&asn-ref=alloutdooradventures&ref=alloutdooradventures&bookable-only=yes&full-items=yes&marketplace=yes&flow=no""></script>",https://fareharbor.com/embeds/book/cristalseamadeira/items/604634/?asn=fhdn-eur&asn-ref=alloutdooradventures&ref=alloutdooradventures&bookable-only=yes&full-items=yes&marketplace=yes&flow=no,https://cdn.filestackcontent.com/U9r7B07pQSIl2Up2jCng
Look Around Tours,lookaroundtours,hello@lookaroundtours.com,+351 964784924,Portugal/Setúbal/Maça,,,576032,Hike to the Footprints of Dinosaurs in Espichel's Cape,Jeep,1,64,540,https://fareharbor.com/embeds/calendar/lookaroundtours/items/576032/?asn=fhdn-eur&asn-ref=alloutdooradventures&ref=alloutdooradventures&bookable-only=yes&full-items=yes&marketplace=yes&flow=no,"<script src=""https://fareharbor.com/embeds/script/calendar/lookaroundtours/items/576032/?asn=fhdn-eur&asn-ref=alloutdooradventures&ref=alloutdooradventures&bookable-only=yes&full-items=yes&marketplace=yes&flow=no""></script>",https://fareharbor.com/embeds/book/lookaroundtours/items/576032/?asn=fhdn-eur&asn-ref=alloutdooradventures&ref=alloutdooradventures&bookable-only=yes&full-items=yes&marketplace=yes&flow=no,https://cdn.filestackcontent.com/USZ22CkrTZyWldP1JYJA
Ocean Vibes,oceanvibesalgarve,info@oceanvibes.pt,915428334,Portugal/Faro/Faro,,,621575,Whale Watching,Whale Watch,1,64,0,https://fareharbor.com/embeds/calendar/oceanvibesalgarve/items/621575/?asn=fhdn-eur&asn-ref=alloutdooradventures&ref=alloutdooradventures&bookable-only=yes&full-items=yes&marketplace=yes&flow=no,"<script src=""https://fareharbor.com/embeds/script/calendar/oceanvibesalgarve/items/621575/?asn=fhdn-eur&asn-ref=alloutdooradventures&ref=alloutdooradventures&bookable-only=yes&full-items=yes&marketplace=yes&flow=no""></script>",https://fareharbor.com/embeds/book/oceanvibesalgarve/items/621575/?asn=fhdn-eur&asn-ref=alloutdooradventures&ref=alloutdooradventures&bookable-only=yes&full-items=yes&marketplace=yes&flow=no,https://cdn.filestackcontent.com/BeYb7IDaQeOd61iE12PA
AquaSports,aquasportses,reservas@aquasports.es,+34640579609,Spain/Canarias/Taurito,,,642443,Avistamiento de Cetaceos en Barco,Whale Watch,1,64,98,https://fareharbor.com/embeds/calendar/aquasportses/items/642443/?asn=fhdn-eur&asn-ref=alloutdooradventures&ref=alloutdooradventures&bookable-only=yes&full-items=yes&marketplace=yes&flow=no,"<script src=""https://fareharbor.com/embeds/script/calendar/aquasportses/items/642443/?asn=fhdn-eur&asn-ref=alloutdooradventures&ref=alloutdooradventures&bookable-only=yes&full-items=yes&marketplace=yes&flow=no""></script>",https://fareharbor.com/embeds/book/aquasportses/items/642443/?asn=fhdn-eur&asn-ref=alloutdooradventures&ref=alloutdooradventures&bookable-only=yes&full-items=yes&marketplace=yes&flow=no,https://cdn.filestackcontent.com/PgaYtW9vRY6b9PlqI5TH
Timeout Aventura,timeoutaventura,info@timeoutaventura.com,+351 919580287,Portugal/Viana do Castelo/Feitosa,,,157499,Escalada,Climbing,2,63,1441,https://fareharbor.com/embeds/calendar/timeoutaventura/items/157499/?asn=fhdn-eur&asn-ref=alloutdooradventures&ref=alloutdooradventures&bookable-only=yes&full-items=yes&marketplace=yes&flow=no,"<script src=""https://fareharbor.com/embeds/script/calendar/timeoutaventura/items/157499/?asn=fhdn-eur&asn-ref=alloutdooradventures&ref=alloutdooradventures&bookable-only=yes&full-items=yes&marketplace=yes&flow=no""></script>",https://fareharbor.com/embeds/book/timeoutaventura/items/157499/?asn=fhdn-eur&asn-ref=alloutdooradventures&ref=alloutdooradventures&bookable-only=yes&full-items=yes&marketplace=yes&flow=no,https://cdn.filestackcontent.com/IntPzOYiRCAdGDo5vyai
Amigo Tours Europe - Spain,amigotoursspain,madrid@amigotours.com,(+34)911293483,Spain/Andalucía/Sevilla,,,279298,Private Cathedral of Seville,Climbing-Transportation,8,63,123,https://fareharbor.com/embeds/calendar/amigotoursspain/items/279298/?asn=fhdn-eur&asn-ref=alloutdooradventures&ref=alloutdooradventures&bookable-only=yes&full-items=yes&marketplace=yes&flow=no,"<script src=""https://fareharbor.com/embeds/script/calendar/amigotoursspain/items/279298/?asn=fhdn-eur&asn-ref=alloutdooradventures&ref=alloutdooradventures&bookable-only=yes&full-items=yes&marketplace=yes&flow=no""></script>",https://fareharbor.com/embeds/book/amigotoursspain/items/279298/?asn=fhdn-eur&asn-ref=alloutdooradventures&ref=alloutdooradventures&bookable-only=yes&full-items=yes&marketplace=yes&flow=no,https://cdn.filestackcontent.com/P3xjV2nsSq6bc90AvdxV
Nauticdrive,nauticdrive,info@nauticdrive-algarve.com,00351915127137,Portugal/Faro/Albufeira,,,374125,Aluguer Paddle,Parasail,1,63,0,https://fareharbor.com/embeds/calendar/nauticdrive/items/374125/?asn=fhdn-eur&asn-ref=alloutdooradventures&ref=alloutdooradventures&bookable-only=yes&full-items=yes&marketplace=yes&flow=no,"<script src=""https://fareharbor.com/embeds/script/calendar/nauticdrive/items/374125/?asn=fhdn-eur&asn-ref=alloutdooradventures&ref=alloutdooradventures&bookable-only=yes&full-items=yes&marketplace=yes&flow=no""></script>",https://fareharbor.com/embeds/book/nauticdrive/items/374125/?asn=fhdn-eur&asn-ref=alloutdooradventures&ref=alloutdooradventures&bookable-only=yes&full-items=yes&marketplace=yes&flow=no,https://cdn.filestackcontent.com/sGBG7IbRQ32XBxU4dM13
Exclusive Boat Gran Canaria,exclusiveboat,gcboattours@gmail.com,+34 619317430,Spain/Las Palmas/Puerto Rico,,,382907,Afternoon cruise,Parasail-Sailing-Snorkel-SUP,1,63,152,https://fareharbor.com/embeds/calendar/exclusiveboat/items/382907/?asn=fhdn-eur&asn-ref=alloutdooradventures&ref=alloutdooradventures&bookable-only=yes&full-items=yes&marketplace=yes&flow=no,"<script src=""https://fareharbor.com/embeds/script/calendar/exclusiveboat/items/382907/?asn=fhdn-eur&asn-ref=alloutdooradventures&ref=alloutdooradventures&bookable-only=yes&full-items=yes&marketplace=yes&flow=no""></script>",https://fareharbor.com/embeds/book/exclusiveboat/items/382907/?asn=fhdn-eur&asn-ref=alloutdooradventures&ref=alloutdooradventures&bookable-only=yes&full-items=yes&marketplace=yes&flow=no,https://cdn.filestackcontent.com/QihTMAdJTRWAA3tlW9la
Escala 25,escala25,contact@escala25.com,+35 1910916739,Portugal/Lisboa/Lisboa,-9.178807,38.700353,404640,Introdução à  Escalada Desportiva,Climbing,5,63,77,https://fareharbor.com/embeds/calendar/escala25/items/404640/?asn=fhdn-eur&asn-ref=alloutdooradventures&ref=alloutdooradventures&bookable-only=yes&full-items=yes&marketplace=yes&flow=no,"<script src=""https://fareharbor.com/embeds/script/calendar/escala25/items/404640/?asn=fhdn-eur&asn-ref=alloutdooradventures&ref=alloutdooradventures&bookable-only=yes&full-items=yes&marketplace=yes&flow=no""></script>",https://fareharbor.com/embeds/book/escala25/items/404640/?asn=fhdn-eur&asn-ref=alloutdooradventures&ref=alloutdooradventures&bookable-only=yes&full-items=yes&marketplace=yes&flow=no,https://cdn.filestackcontent.com/OSQUL819TtWcWbyTbhQr
Nauticdrive,nauticdrive,info@nauticdrive-algarve.com,00351915127137,Portugal/Faro/Albufeira,-8.136152,37.076732,564530,Banana Slider,Parasail,1,63,0,https://fareharbor.com/embeds/calendar/nauticdrive/items/564530/?asn=fhdn-eur&asn-ref=alloutdooradventures&ref=alloutdooradventures&bookable-only=yes&full-items=yes&marketplace=yes&flow=no,"<script src=""https://fareharbor.com/embeds/script/calendar/nauticdrive/items/564530/?asn=fhdn-eur&asn-ref=alloutdooradventures&ref=alloutdooradventures&bookable-only=yes&full-items=yes&marketplace=yes&flow=no""></script>",https://fareharbor.com/embeds/book/nauticdrive/items/564530/?asn=fhdn-eur&asn-ref=alloutdooradventures&ref=alloutdooradventures&bookable-only=yes&full-items=yes&marketplace=yes&flow=no,https://cdn.filestackcontent.com/zS2j6zc8RFi7fMBfieF9
Ecotour Experiences,ecotourexperiences,info@ecotourexperiences.com,+34 644592104,Spain/Cataluña/Bossòst,0.690676,42.781109,666282,Raquetas de nieve en el Bosque Nordico Còth de Baretja,Hiking,1,63,41,https://fareharbor.com/embeds/calendar/ecotourexperiences/items/666282/?asn=fhdn-eur&asn-ref=alloutdooradventures&ref=alloutdooradventures&bookable-only=yes&full-items=yes&marketplace=yes&flow=no,"<script src=""https://fareharbor.com/embeds/script/calendar/ecotourexperiences/items/666282/?asn=fhdn-eur&asn-ref=alloutdooradventures&ref=alloutdooradventures&bookable-only=yes&full-items=yes&marketplace=yes&flow=no""></script>",https://fareharbor.com/embeds/book/ecotourexperiences/items/666282/?asn=fhdn-eur&asn-ref=alloutdooradventures&ref=alloutdooradventures&bookable-only=yes&full-items=yes&marketplace=yes&flow=no,https://cdn.filestackcontent.com/7mUC6NKoS2a6YkSqOYi3
Ecotour Experiences,ecotourexperiences,info@ecotourexperiences.com,+34 644592104,Spain/Aragón/Montanuy,0.747684,42.552157,666284,Raquetas de Nieve a los Ibones de Anglios,Hiking,1,63,41,https://fareharbor.com/embeds/calendar/ecotourexperiences/items/666284/?asn=fhdn-eur&asn-ref=alloutdooradventures&ref=alloutdooradventures&bookable-only=yes&full-items=yes&marketplace=yes&flow=no,"<script src=""https://fareharbor.com/embeds/script/calendar/ecotourexperiences/items/666284/?asn=fhdn-eur&asn-ref=alloutdooradventures&ref=alloutdooradventures&bookable-only=yes&full-items=yes&marketplace=yes&flow=no""></script>",https://fareharbor.com/embeds/book/ecotourexperiences/items/666284/?asn=fhdn-eur&asn-ref=alloutdooradventures&ref=alloutdooradventures&bookable-only=yes&full-items=yes&marketplace=yes&flow=no,https://cdn.filestackcontent.com/5Qat7JDcSLep64VUpWfI
I'm Pedal,iampedal,info@iampedal.com,+34 609 288 893,Spain/Canarias/Mogán,,,668568,Full Challenge BikeRides by I'M PEDAL,Bike Tour,1,63,180,https://fareharbor.com/embeds/calendar/iampedal/items/668568/?asn=fhdn-eur&asn-ref=alloutdooradventures&ref=alloutdooradventures&bookable-only=yes&full-items=yes&marketplace=yes&flow=no,"<script src=""https://fareharbor.com/embeds/script/calendar/iampedal/items/668568/?asn=fhdn-eur&asn-ref=alloutdooradventures&ref=alloutdooradventures&bookable-only=yes&full-items=yes&marketplace=yes&flow=no""></script>",https://fareharbor.com/embeds/book/iampedal/items/668568/?asn=fhdn-eur&asn-ref=alloutdooradventures&ref=alloutdooradventures&bookable-only=yes&full-items=yes&marketplace=yes&flow=no,https://cdn.filestackcontent.com/Nu0X1DkT5y2vFatAEbfz
Montefusco Cycling,roadcycling,claudio@roadcycling.barcelona,+34 607 51 57 82,Spain/Catalonia/Barcelona,2.168568,41.387397,75179,Hills and More Hills - Leading North Barcelona,Bike Tour,5,62,177,https://fareharbor.com/embeds/calendar/roadcycling/items/75179/?asn=fhdn-eur&asn-ref=alloutdooradventures&ref=alloutdooradventures&bookable-only=yes&full-items=yes&marketplace=yes&flow=no,"<script src=""https://fareharbor.com/embeds/script/calendar/roadcycling/items/75179/?asn=fhdn-eur&asn-ref=alloutdooradventures&ref=alloutdooradventures&bookable-only=yes&full-items=yes&marketplace=yes&flow=no""></script>",https://fareharbor.com/embeds/book/roadcycling/items/75179/?asn=fhdn-eur&asn-ref=alloutdooradventures&ref=alloutdooradventures&bookable-only=yes&full-items=yes&marketplace=yes&flow=no,https://cdn.filestackcontent.com/PTZM82W9Qg6JS2uYR2oJ
Tazirga,tazirga,info@tazirga.com,+34 657 19 73 88,Spain/Canarias/Tegueste,-16.336129,28.523135,532601,Entre lecheras y gangocheras,Hiking-Wine,1,62,76,https://fareharbor.com/embeds/calendar/tazirga/items/532601/?asn=fhdn-eur&asn-ref=alloutdooradventures&ref=alloutdooradventures&bookable-only=yes&full-items=yes&marketplace=yes&flow=no,"<script src=""https://fareharbor.com/embeds/script/calendar/tazirga/items/532601/?asn=fhdn-eur&asn-ref=alloutdooradventures&ref=alloutdooradventures&bookable-only=yes&full-items=yes&marketplace=yes&flow=no""></script>",https://fareharbor.com/embeds/book/tazirga/items/532601/?asn=fhdn-eur&asn-ref=alloutdooradventures&ref=alloutdooradventures&bookable-only=yes&full-items=yes&marketplace=yes&flow=no,https://cdn.filestackcontent.com/bDTsInJ0SauSzyVCzXh7
Quinta de Ventozelo,quintadeventozelo,hotel@quintadeventozelo.pt,+351 254 732 167,Portugal/Viseu/Ervedosa do Douro,,,605056,Visita ao Sítio dos Prazeres,Eco Tour,1,62,528,https://fareharbor.com/embeds/calendar/quintadeventozelo/items/605056/?asn=fhdn-eur&asn-ref=alloutdooradventures&ref=alloutdooradventures&bookable-only=yes&full-items=yes&marketplace=yes&flow=no,"<script src=""https://fareharbor.com/embeds/script/calendar/quintadeventozelo/items/605056/?asn=fhdn-eur&asn-ref=alloutdooradventures&ref=alloutdooradventures&bookable-only=yes&full-items=yes&marketplace=yes&flow=no""></script>",https://fareharbor.com/embeds/book/quintadeventozelo/items/605056/?asn=fhdn-eur&asn-ref=alloutdooradventures&ref=alloutdooradventures&bookable-only=yes&full-items=yes&marketplace=yes&flow=no,https://cdn.filestackcontent.com/0B5UclcfSUS8lHgSqAVL
Na Terra Mar,naterramar,info@naterramar.pt,+351 913474770,Portugal/Setubal/Setúbal (São Sebastião),,,626708,Setúbal » Ilha Deserta,Bike Tour,3,62,1474,https://fareharbor.com/embeds/calendar/naterramar/items/626708/?asn=fhdn-eur&asn-ref=alloutdooradventures&ref=alloutdooradventures&bookable-only=yes&full-items=yes&marketplace=yes&flow=no,"<script src=""https://fareharbor.com/embeds/script/calendar/naterramar/items/626708/?asn=fhdn-eur&asn-ref=alloutdooradventures&ref=alloutdooradventures&bookable-only=yes&full-items=yes&marketplace=yes&flow=no""></script>",https://fareharbor.com/embeds/book/naterramar/items/626708/?asn=fhdn-eur&asn-ref=alloutdooradventures&ref=alloutdooradventures&bookable-only=yes&full-items=yes&marketplace=yes&flow=no,https://cdn.filestackcontent.com/wQrXChduSj65ZreBls5G
Rocaliza Adventure Tours,rocaliza,rocaliza@gmail.com,787-268-0101,Argentina/San Juan Province/San Juan,-68.538594,-31.535107,2751,El Salto Waterfall Adventure Tour: Full Day,Climbing,4,61,126,https://fareharbor.com/embeds/calendar/rocaliza/items/2751/?asn=fhdn&asn-ref=alloutdooradventures&ref=alloutdooradventures&bookable-only=yes&full-items=yes&marketplace=yes&flow=no,"<script src=""https://fareharbor.com/embeds/script/calendar/rocaliza/items/2751/?asn=fhdn&asn-ref=alloutdooradventures&ref=alloutdooradventures&bookable-only=yes&full-items=yes&marketplace=yes&flow=no""></script>",https://fareharbor.com/embeds/book/rocaliza/items/2751/?asn=fhdn&asn-ref=alloutdooradventures&ref=alloutdooradventures&bookable-only=yes&full-items=yes&marketplace=yes&flow=no,https://cdn.filestackcontent.com/F2ExQdfQ6Glrw4prCYyO
Mojo Picon Aventura,mojopiconaventura,info@mojopiconaventura.com,+34691847020,Spain/Canary Islands/Las Palmas de Gran Canaria,-15.436257,28.123546,198143,Barranquismo • BARRANCO DE LA MANTA,Hiking,5,61,77,https://fareharbor.com/embeds/calendar/mojopiconaventura/items/198143/?asn=fhdn-eur&asn-ref=alloutdooradventures&ref=alloutdooradventures&bookable-only=yes&full-items=yes&marketplace=yes&flow=no,"<script src=""https://fareharbor.com/embeds/script/calendar/mojopiconaventura/items/198143/?asn=fhdn-eur&asn-ref=alloutdooradventures&ref=alloutdooradventures&bookable-only=yes&full-items=yes&marketplace=yes&flow=no""></script>",https://fareharbor.com/embeds/book/mojopiconaventura/items/198143/?asn=fhdn-eur&asn-ref=alloutdooradventures&ref=alloutdooradventures&bookable-only=yes&full-items=yes&marketplace=yes&flow=no,https://cdn.filestackcontent.com/PwgaDLgMTYGtW1Is4Xw2
Epic Tours Gran Canaria,grancanariatravels,sergiuiacob@epictoursgrancanaria.com,+34675438293,Spain/Canary Islands/Las Palmas de Gran Canaria,-15.436257,28.123546,230397,Full tour of Gran Canaria,Climbing-Museum-Photography Tour-Transportation,4,61,180,https://fareharbor.com/embeds/calendar/grancanariatravels/items/230397/?asn=fhdn-eur&asn-ref=alloutdooradventures&ref=alloutdooradventures&bookable-only=yes&full-items=yes&marketplace=yes&flow=no,"<script src=""https://fareharbor.com/embeds/script/calendar/grancanariatravels/items/230397/?asn=fhdn-eur&asn-ref=alloutdooradventures&ref=alloutdooradventures&bookable-only=yes&full-items=yes&marketplace=yes&flow=no""></script>",https://fareharbor.com/embeds/book/grancanariatravels/items/230397/?asn=fhdn-eur&asn-ref=alloutdooradventures&ref=alloutdooradventures&bookable-only=yes&full-items=yes&marketplace=yes&flow=no,https://cdn.filestackcontent.com/or6n0bKOScWSX7EQfPoH
"One Life, Hike it",jkerr,jamie@jkerr.net,+34 612 562 545,Spain/Catalunya/Caldes de Malavella,2.801056,41.840767,261556,Hiking Day Tour Pyrenees Mountains,Hiking-Walking Tour,4,61,180,https://fareharbor.com/embeds/calendar/jkerr/items/261556/?asn=fhdn-eur&asn-ref=alloutdooradventures&ref=alloutdooradventures&bookable-only=yes&full-items=yes&marketplace=yes&flow=no,"<script src=""https://fareharbor.com/embeds/script/calendar/jkerr/items/261556/?asn=fhdn-eur&asn-ref=alloutdooradventures&ref=alloutdooradventures&bookable-only=yes&full-items=yes&marketplace=yes&flow=no""></script>",https://fareharbor.com/embeds/book/jkerr/items/261556/?asn=fhdn-eur&asn-ref=alloutdooradventures&ref=alloutdooradventures&bookable-only=yes&full-items=yes&marketplace=yes&flow=no,https://cdn.filestackcontent.com/2d7Ua6uDRVOPerPvSKdP
Stallerbike,stallerbike,stallerbike@yahoo.de,+351 914 483 749,Portugal/Faro District/Vila Nova de Cacela,-7.567074,37.15667,543121,Mountainbike Tour Cabanas,Bike Tour,4,61,0,https://fareharbor.com/embeds/calendar/stallerbike/items/543121/?asn=fhdn-eur&asn-ref=alloutdooradventures&ref=alloutdooradventures&bookable-only=yes&full-items=yes&marketplace=yes&flow=no,"<script src=""https://fareharbor.com/embeds/script/calendar/stallerbike/items/543121/?asn=fhdn-eur&asn-ref=alloutdooradventures&ref=alloutdooradventures&bookable-only=yes&full-items=yes&marketplace=yes&flow=no""></script>",https://fareharbor.com/embeds/book/stallerbike/items/543121/?asn=fhdn-eur&asn-ref=alloutdooradventures&ref=alloutdooradventures&bookable-only=yes&full-items=yes&marketplace=yes&flow=no,https://cdn.filestackcontent.com/NMkgZ0SSTGqhZAUbbzLu
Club Deportivo Engáliate,engaliate,info@engaliate.com,+34655871727,Spain/Canary Islands,-15.779374,27.982222,546731,Senderismo por la Reserva de Inagua,Hiking,5,61,0,https://fareharbor.com/embeds/calendar/engaliate/items/546731/?asn=fhdn-eur&asn-ref=alloutdooradventures&ref=alloutdooradventures&bookable-only=yes&full-items=yes&marketplace=yes&flow=no,"<script src=""https://fareharbor.com/embeds/script/calendar/engaliate/items/546731/?asn=fhdn-eur&asn-ref=alloutdooradventures&ref=alloutdooradventures&bookable-only=yes&full-items=yes&marketplace=yes&flow=no""></script>",https://fareharbor.com/embeds/book/engaliate/items/546731/?asn=fhdn-eur&asn-ref=alloutdooradventures&ref=alloutdooradventures&bookable-only=yes&full-items=yes&marketplace=yes&flow=no,https://cdn.filestackcontent.com/DpHOeTOaS5ObUM5ArZ7F
Granada Alternativa,granadalternativa,info@granadalternativa.com,+34685215104,Spain/Andalucía/Granada,,,638705,E- City Bike Tour en Granada,Bike Tour,4,61,288,https://fareharbor.com/embeds/calendar/granadalternativa/items/638705/?asn=fhdn-eur&asn-ref=alloutdooradventures&ref=alloutdooradventures&bookable-only=yes&full-items=yes&marketplace=yes&flow=no,"<script src=""https://fareharbor.com/embeds/script/calendar/granadalternativa/items/638705/?asn=fhdn-eur&asn-ref=alloutdooradventures&ref=alloutdooradventures&bookable-only=yes&full-items=yes&marketplace=yes&flow=no""></script>",https://fareharbor.com/embeds/book/granadalternativa/items/638705/?asn=fhdn-eur&asn-ref=alloutdooradventures&ref=alloutdooradventures&bookable-only=yes&full-items=yes&marketplace=yes&flow=no,https://cdn.filestackcontent.com/VAFOWlFlQxq9AKsKWK74
Algarve Riders,algarveriders,comercial@algarveriders.com,+351 968 552 236,Portugal/Faro/Albufeira,,,681576,The Wine & Nature Escape,Guided Tour-Jeep-Sightseeing Tour-Winery-Wine,7,61,128,https://fareharbor.com/embeds/calendar/algarveriders/items/681576/?asn=fhdn-eur&asn-ref=alloutdooradventures&ref=alloutdooradventures&bookable-only=yes&full-items=yes&marketplace=yes&flow=no,"<script src=""https://fareharbor.com/embeds/script/calendar/algarveriders/items/681576/?asn=fhdn-eur&asn-ref=alloutdooradventures&ref=alloutdooradventures&bookable-only=yes&full-items=yes&marketplace=yes&flow=no""></script>",https://fareharbor.com/embeds/book/algarveriders/items/681576/?asn=fhdn-eur&asn-ref=alloutdooradventures&ref=alloutdooradventures&bookable-only=yes&full-items=yes&marketplace=yes&flow=no,https://cdn.filestackcontent.com/ds209Ge8SkKWVigiZRTs
Algarve Riders,algarveriders,comercial@algarveriders.com,+351 968 552 236,Portugal/Faro/Albufeira,,,681578,The Crafts & Mountains Journey,Distillery-Guided Tour-Jeep-Private-Sightseeing Tour,9,61,128,https://fareharbor.com/embeds/calendar/algarveriders/items/681578/?asn=fhdn-eur&asn-ref=alloutdooradventures&ref=alloutdooradventures&bookable-only=yes&full-items=yes&marketplace=yes&flow=no,"<script src=""https://fareharbor.com/embeds/script/calendar/algarveriders/items/681578/?asn=fhdn-eur&asn-ref=alloutdooradventures&ref=alloutdooradventures&bookable-only=yes&full-items=yes&marketplace=yes&flow=no""></script>",https://fareharbor.com/embeds/book/algarveriders/items/681578/?asn=fhdn-eur&asn-ref=alloutdooradventures&ref=alloutdooradventures&bookable-only=yes&full-items=yes&marketplace=yes&flow=no,https://cdn.filestackcontent.com/A38367jPQs6Kv2HPjFMr
Farm Experiences & Tours,portugalfarmexperience,hello@portugalfarmexperiences.com,911701055,Italy/Veneto/Bardolino,,,691647,E-Bike & Wine Tasting Experience,Bike Tour-E-Bike-Farm-Winery-Wine,4,61,48,https://fareharbor.com/embeds/calendar/portugalfarmexperience/items/691647/?asn=fhdn-eur&asn-ref=alloutdooradventures&ref=alloutdooradventures&bookable-only=yes&full-items=yes&marketplace=yes&flow=no,"<script src=""https://fareharbor.com/embeds/script/calendar/portugalfarmexperience/items/691647/?asn=fhdn-eur&asn-ref=alloutdooradventures&ref=alloutdooradventures&bookable-only=yes&full-items=yes&marketplace=yes&flow=no""></script>",https://fareharbor.com/embeds/book/portugalfarmexperience/items/691647/?asn=fhdn-eur&asn-ref=alloutdooradventures&ref=alloutdooradventures&bookable-only=yes&full-items=yes&marketplace=yes&flow=no,https://cdn.filestackcontent.com/3eZ9yTwFQAeZegPB3lxc
Madeira Adventure Kingdom,madeira-adventure-kingdom,reservas@madeira-adventure-kingdom.com,+351918080557,Portugal/Madeira/Funchal,-16.908236,32.650613,366042,Nascer do Sol,Hiking,0,60,0,https://fareharbor.com/embeds/calendar/madeira-adventure-kingdom/items/366042/?asn=fhdn-eur&asn-ref=alloutdooradventures&ref=alloutdooradventures&bookable-only=yes&full-items=yes&marketplace=yes&flow=no,"<script src=""https://fareharbor.com/embeds/script/calendar/madeira-adventure-kingdom/items/366042/?asn=fhdn-eur&asn-ref=alloutdooradventures&ref=alloutdooradventures&bookable-only=yes&full-items=yes&marketplace=yes&flow=no""></script>",https://fareharbor.com/embeds/book/madeira-adventure-kingdom/items/366042/?asn=fhdn-eur&asn-ref=alloutdooradventures&ref=alloutdooradventures&bookable-only=yes&full-items=yes&marketplace=yes&flow=no,
Tazirga,tazirga,info@tazirga.com,+34 657 19 73 88,Spain/Canarias/Adeje,-16.727353,28.149728,532603,Ellas y el patrimonio material,Hiking,1,60,76,https://fareharbor.com/embeds/calendar/tazirga/items/532603/?asn=fhdn-eur&asn-ref=alloutdooradventures&ref=alloutdooradventures&bookable-only=yes&full-items=yes&marketplace=yes&flow=no,"<script src=""https://fareharbor.com/embeds/script/calendar/tazirga/items/532603/?asn=fhdn-eur&asn-ref=alloutdooradventures&ref=alloutdooradventures&bookable-only=yes&full-items=yes&marketplace=yes&flow=no""></script>",https://fareharbor.com/embeds/book/tazirga/items/532603/?asn=fhdn-eur&asn-ref=alloutdooradventures&ref=alloutdooradventures&bookable-only=yes&full-items=yes&marketplace=yes&flow=no,https://cdn.filestackcontent.com/wV5zOnAPTeK1aI4z2lQ2
Wild Mountain Canarias,wildmountaincanarias,wildmountaincanarias@gmail.com,+34611854340,Spain/Canarias/Los Carrizales,-16.863816,28.321056,559412,Carrizales,Climbing-Hiking,4,60,180,https://fareharbor.com/embeds/calendar/wildmountaincanarias/items/559412/?asn=fhdn-eur&asn-ref=alloutdooradventures&ref=alloutdooradventures&bookable-only=yes&full-items=yes&marketplace=yes&flow=no,"<script src=""https://fareharbor.com/embeds/script/calendar/wildmountaincanarias/items/559412/?asn=fhdn-eur&asn-ref=alloutdooradventures&ref=alloutdooradventures&bookable-only=yes&full-items=yes&marketplace=yes&flow=no""></script>",https://fareharbor.com/embeds/book/wildmountaincanarias/items/559412/?asn=fhdn-eur&asn-ref=alloutdooradventures&ref=alloutdooradventures&bookable-only=yes&full-items=yes&marketplace=yes&flow=no,https://cdn.filestackcontent.com/sZdFPhwVSDqsLN0HfQpx
Wild Mountain Canarias,wildmountaincanarias,wildmountaincanarias@gmail.com,+34611854340,Spain/Canarias/La Laguna,-16.319158,28.487513,559455,Barranco Intermedio,Climbing-Hiking,4,60,180,https://fareharbor.com/embeds/calendar/wildmountaincanarias/items/559455/?asn=fhdn-eur&asn-ref=alloutdooradventures&ref=alloutdooradventures&bookable-only=yes&full-items=yes&marketplace=yes&flow=no,"<script src=""https://fareharbor.com/embeds/script/calendar/wildmountaincanarias/items/559455/?asn=fhdn-eur&asn-ref=alloutdooradventures&ref=alloutdooradventures&bookable-only=yes&full-items=yes&marketplace=yes&flow=no""></script>",https://fareharbor.com/embeds/book/wildmountaincanarias/items/559455/?asn=fhdn-eur&asn-ref=alloutdooradventures&ref=alloutdooradventures&bookable-only=yes&full-items=yes&marketplace=yes&flow=no,https://cdn.filestackcontent.com/NtiyztMcSxWejQ6ZxMgX
Wild Mountain Canarias,wildmountaincanarias,wildmountaincanarias@gmail.com,+34611854340,Spain/Canarias/Buenavista del Norte,-16.851763,28.372795,559457,Barranco Avanzado,Climbing-Hiking,3,60,180,https://fareharbor.com/embeds/calendar/wildmountaincanarias/items/559457/?asn=fhdn-eur&asn-ref=alloutdooradventures&ref=alloutdooradventures&bookable-only=yes&full-items=yes&marketplace=yes&flow=no,"<script src=""https://fareharbor.com/embeds/script/calendar/wildmountaincanarias/items/559457/?asn=fhdn-eur&asn-ref=alloutdooradventures&ref=alloutdooradventures&bookable-only=yes&full-items=yes&marketplace=yes&flow=no""></script>",https://fareharbor.com/embeds/book/wildmountaincanarias/items/559457/?asn=fhdn-eur&asn-ref=alloutdooradventures&ref=alloutdooradventures&bookable-only=yes&full-items=yes&marketplace=yes&flow=no,https://cdn.filestackcontent.com/DwLYYi3FQ1Ks3Vnned1X
Mojo Picon Aventura,mojopiconaventura,info@mojopiconaventura.com,+34691847020,Spain/Canary Islands/Las Palmas de Gran Canaria,-15.436257,28.123546,191652,Coastering,Hiking,1,59,0,https://fareharbor.com/embeds/calendar/mojopiconaventura/items/191652/?asn=fhdn-eur&asn-ref=alloutdooradventures&ref=alloutdooradventures&bookable-only=yes&full-items=yes&marketplace=yes&flow=no,"<script src=""https://fareharbor.com/embeds/script/calendar/mojopiconaventura/items/191652/?asn=fhdn-eur&asn-ref=alloutdooradventures&ref=alloutdooradventures&bookable-only=yes&full-items=yes&marketplace=yes&flow=no""></script>",https://fareharbor.com/embeds/book/mojopiconaventura/items/191652/?asn=fhdn-eur&asn-ref=alloutdooradventures&ref=alloutdooradventures&bookable-only=yes&full-items=yes&marketplace=yes&flow=no,https://cdn.filestackcontent.com/WXm3GKGsSWuEVKxdf0YF
Mojo Picon Aventura,mojopiconaventura,info@mojopiconaventura.com,+34691847020,Spain/Canary Islands/Las Palmas de Gran Canaria,-15.436257,28.123546,191654,"Vía ferrata ""Bocachancla""",Hiking,1,59,51,https://fareharbor.com/embeds/calendar/mojopiconaventura/items/191654/?asn=fhdn-eur&asn-ref=alloutdooradventures&ref=alloutdooradventures&bookable-only=yes&full-items=yes&marketplace=yes&flow=no,"<script src=""https://fareharbor.com/embeds/script/calendar/mojopiconaventura/items/191654/?asn=fhdn-eur&asn-ref=alloutdooradventures&ref=alloutdooradventures&bookable-only=yes&full-items=yes&marketplace=yes&flow=no""></script>",https://fareharbor.com/embeds/book/mojopiconaventura/items/191654/?asn=fhdn-eur&asn-ref=alloutdooradventures&ref=alloutdooradventures&bookable-only=yes&full-items=yes&marketplace=yes&flow=no,https://cdn.filestackcontent.com/Vj5wsxVRQyNualKFtN9A
Wonder Van,wondervan,welcome@wondervan.pt,+351963667660,Portugal/Lisboa/Sintra,,,200115,Jeep Tours / Events (PRIVATE ITEM),Jeep-Private,1,59,0,https://fareharbor.com/embeds/calendar/wondervan/items/200115/?asn=fhdn-eur&asn-ref=alloutdooradventures&ref=alloutdooradventures&bookable-only=yes&full-items=yes&marketplace=yes&flow=no,"<script src=""https://fareharbor.com/embeds/script/calendar/wondervan/items/200115/?asn=fhdn-eur&asn-ref=alloutdooradventures&ref=alloutdooradventures&bookable-only=yes&full-items=yes&marketplace=yes&flow=no""></script>",https://fareharbor.com/embeds/book/wondervan/items/200115/?asn=fhdn-eur&asn-ref=alloutdooradventures&ref=alloutdooradventures&bookable-only=yes&full-items=yes&marketplace=yes&flow=no,https://cdn.filestackcontent.com/uchboWjGSJ6RocHGW5lS
Top Bike Tours,topbiketoursportugal,info@topbiketoursportugal.com,+351 915 316 999,Portugal/Porto/Porto,,,268395,Porto Downtown and Sightseeing Bike Tour,Bike Tour-City Tour-Climbing-Food Tour-History Tour-Museum-Private-Sightseeing Tour,1,59,0,https://fareharbor.com/embeds/calendar/topbiketoursportugal/items/268395/?asn=fhdn-eur&asn-ref=alloutdooradventures&ref=alloutdooradventures&bookable-only=yes&full-items=yes&marketplace=yes&flow=no,"<script src=""https://fareharbor.com/embeds/script/calendar/topbiketoursportugal/items/268395/?asn=fhdn-eur&asn-ref=alloutdooradventures&ref=alloutdooradventures&bookable-only=yes&full-items=yes&marketplace=yes&flow=no""></script>",https://fareharbor.com/embeds/book/topbiketoursportugal/items/268395/?asn=fhdn-eur&asn-ref=alloutdooradventures&ref=alloutdooradventures&bookable-only=yes&full-items=yes&marketplace=yes&flow=no,https://cdn.filestackcontent.com/6Oge7bq8RdiMhRHZkG2u
Top Bike Tours,topbiketoursportugal,info@topbiketoursportugal.com,+351 915 316 999,Portugal/Porto/Porto,,,268406,Porto Full Day Bike Tour - 45 KM,Bike Tour-City Tour-Fishing-Private,1,59,0,https://fareharbor.com/embeds/calendar/topbiketoursportugal/items/268406/?asn=fhdn-eur&asn-ref=alloutdooradventures&ref=alloutdooradventures&bookable-only=yes&full-items=yes&marketplace=yes&flow=no,"<script src=""https://fareharbor.com/embeds/script/calendar/topbiketoursportugal/items/268406/?asn=fhdn-eur&asn-ref=alloutdooradventures&ref=alloutdooradventures&bookable-only=yes&full-items=yes&marketplace=yes&flow=no""></script>",https://fareharbor.com/embeds/book/topbiketoursportugal/items/268406/?asn=fhdn-eur&asn-ref=alloutdooradventures&ref=alloutdooradventures&bookable-only=yes&full-items=yes&marketplace=yes&flow=no,https://cdn.filestackcontent.com/7TS2NqeITVWFcdRZd1HZ
Top Bike Tours,topbiketoursportugal,info@topbiketoursportugal.com,+351 915 316 999,Portugal/Porto/Porto,,,268411,E-Bike Porto Downtown and Sightseeing bike tour,Bike Tour-City Tour-Climbing-E-Bike-Food Tour-Private-Sightseeing Tour,1,59,0,https://fareharbor.com/embeds/calendar/topbiketoursportugal/items/268411/?asn=fhdn-eur&asn-ref=alloutdooradventures&ref=alloutdooradventures&bookable-only=yes&full-items=yes&marketplace=yes&flow=no,"<script src=""https://fareharbor.com/embeds/script/calendar/topbiketoursportugal/items/268411/?asn=fhdn-eur&asn-ref=alloutdooradventures&ref=alloutdooradventures&bookable-only=yes&full-items=yes&marketplace=yes&flow=no""></script>",https://fareharbor.com/embeds/book/topbiketoursportugal/items/268411/?asn=fhdn-eur&asn-ref=alloutdooradventures&ref=alloutdooradventures&bookable-only=yes&full-items=yes&marketplace=yes&flow=no,https://cdn.filestackcontent.com/UOCLWMf2TeijRNmiOZnX
Clube do Paiva,clubedopaiva,info@clubedopaiva.com,+351 966 185 300,Portugal/Aveiro/União das freguesias de Canelas e Espiunca,-8.175712,40.953327,332563,Canoeing,Canoe,1,59,155,https://fareharbor.com/embeds/calendar/clubedopaiva/items/332563/?asn=fhdn-eur&asn-ref=alloutdooradventures&ref=alloutdooradventures&bookable-only=yes&full-items=yes&marketplace=yes&flow=no,"<script src=""https://fareharbor.com/embeds/script/calendar/clubedopaiva/items/332563/?asn=fhdn-eur&asn-ref=alloutdooradventures&ref=alloutdooradventures&bookable-only=yes&full-items=yes&marketplace=yes&flow=no""></script>",https://fareharbor.com/embeds/book/clubedopaiva/items/332563/?asn=fhdn-eur&asn-ref=alloutdooradventures&ref=alloutdooradventures&bookable-only=yes&full-items=yes&marketplace=yes&flow=no,https://cdn.filestackcontent.com/CLIE4SKPRoWgJeo0LKDt
WeWhale Canarias SL,wewhale-canarias-sl,contact@wewhale.co,+34 674 03 09 74,Spain/Canarias/Puerto Calero,-13.705821,28.923412,446691,Lanzarote Whale & Dolphin Observation (shared group experience),Dolphin-Guided Tour-Whale Watch,1,59,153,https://fareharbor.com/embeds/calendar/wewhale-canarias-sl/items/446691/?asn=fhdn-eur&asn-ref=alloutdooradventures&ref=alloutdooradventures&bookable-only=yes&full-items=yes&marketplace=yes&flow=no,"<script src=""https://fareharbor.com/embeds/script/calendar/wewhale-canarias-sl/items/446691/?asn=fhdn-eur&asn-ref=alloutdooradventures&ref=alloutdooradventures&bookable-only=yes&full-items=yes&marketplace=yes&flow=no""></script>",https://fareharbor.com/embeds/book/wewhale-canarias-sl/items/446691/?asn=fhdn-eur&asn-ref=alloutdooradventures&ref=alloutdooradventures&bookable-only=yes&full-items=yes&marketplace=yes&flow=no,https://cdn.filestackcontent.com/g1e1Inp9QZCBrwyYo1Mv
Stallerbike,stallerbike,stallerbike@yahoo.de,+351 914 483 749,Portugal/Faro/Paderne,-8.224952,37.181145,543089,Gravelbike Tour Paderne & Alte,Bike Tour,1,59,26,https://fareharbor.com/embeds/calendar/stallerbike/items/543089/?asn=fhdn-eur&asn-ref=alloutdooradventures&ref=alloutdooradventures&bookable-only=yes&full-items=yes&marketplace=yes&flow=no,"<script src=""https://fareharbor.com/embeds/script/calendar/stallerbike/items/543089/?asn=fhdn-eur&asn-ref=alloutdooradventures&ref=alloutdooradventures&bookable-only=yes&full-items=yes&marketplace=yes&flow=no""></script>",https://fareharbor.com/embeds/book/stallerbike/items/543089/?asn=fhdn-eur&asn-ref=alloutdooradventures&ref=alloutdooradventures&bookable-only=yes&full-items=yes&marketplace=yes&flow=no,https://cdn.filestackcontent.com/0oTvjwIQBeSgWxHV4Fco
Stallerbike,stallerbike,stallerbike@yahoo.de,+351 914 483 749,Portugal/Faro District/Vila Nova de Cacela,-7.567074,37.15667,543090,E-Mountainbike Adventure Tour Beliche,Bike Tour,1,59,25,https://fareharbor.com/embeds/calendar/stallerbike/items/543090/?asn=fhdn-eur&asn-ref=alloutdooradventures&ref=alloutdooradventures&bookable-only=yes&full-items=yes&marketplace=yes&flow=no,"<script src=""https://fareharbor.com/embeds/script/calendar/stallerbike/items/543090/?asn=fhdn-eur&asn-ref=alloutdooradventures&ref=alloutdooradventures&bookable-only=yes&full-items=yes&marketplace=yes&flow=no""></script>",https://fareharbor.com/embeds/book/stallerbike/items/543090/?asn=fhdn-eur&asn-ref=alloutdooradventures&ref=alloutdooradventures&bookable-only=yes&full-items=yes&marketplace=yes&flow=no,https://cdn.filestackcontent.com/V8uynWHTgiFre9Oe0Dw7
Viladellops Vinicola S.L.,viladellops,info@viladellops.com,+34 938 188 371,Spain/Catalunya/Viladellops,,,551838,Vineyard Safari in 4×4,Jeep-Winery,1,59,384,https://fareharbor.com/embeds/calendar/viladellops/items/551838/?asn=fhdn-eur&asn-ref=alloutdooradventures&ref=alloutdooradventures&bookable-only=yes&full-items=yes&marketplace=yes&flow=no,"<script src=""https://fareharbor.com/embeds/script/calendar/viladellops/items/551838/?asn=fhdn-eur&asn-ref=alloutdooradventures&ref=alloutdooradventures&bookable-only=yes&full-items=yes&marketplace=yes&flow=no""></script>",https://fareharbor.com/embeds/book/viladellops/items/551838/?asn=fhdn-eur&asn-ref=alloutdooradventures&ref=alloutdooradventures&bookable-only=yes&full-items=yes&marketplace=yes&flow=no,https://cdn.filestackcontent.com/b2fnEa4OSBezAz49BkIY
Madeira Happy Tours,madeirahappytours,madeirahappytours@gmail.com,+351 939 523 860,Portugal/Madeira/Funchal,,,570536,Levada Queimadas – Caldeirão Verde,Eco Tour,1,59,104,https://fareharbor.com/embeds/calendar/madeirahappytours/items/570536/?asn=fhdn-eur&asn-ref=alloutdooradventures&ref=alloutdooradventures&bookable-only=yes&full-items=yes&marketplace=yes&flow=no,"<script src=""https://fareharbor.com/embeds/script/calendar/madeirahappytours/items/570536/?asn=fhdn-eur&asn-ref=alloutdooradventures&ref=alloutdooradventures&bookable-only=yes&full-items=yes&marketplace=yes&flow=no""></script>",https://fareharbor.com/embeds/book/madeirahappytours/items/570536/?asn=fhdn-eur&asn-ref=alloutdooradventures&ref=alloutdooradventures&bookable-only=yes&full-items=yes&marketplace=yes&flow=no,https://cdn.filestackcontent.com/Tgcp3AdQQUKnL2EjRHpV
Madeira Happy Tours,madeirahappytours,madeirahappytours@gmail.com,+351 939 523 860,Portugal/Madeira/Funchal,,,570540,Caminhada Pico Areeiro – Pico Ruivo – Achada do Teixeira,Eco Tour,1,59,102,https://fareharbor.com/embeds/calendar/madeirahappytours/items/570540/?asn=fhdn-eur&asn-ref=alloutdooradventures&ref=alloutdooradventures&bookable-only=yes&full-items=yes&marketplace=yes&flow=no,"<script src=""https://fareharbor.com/embeds/script/calendar/madeirahappytours/items/570540/?asn=fhdn-eur&asn-ref=alloutdooradventures&ref=alloutdooradventures&bookable-only=yes&full-items=yes&marketplace=yes&flow=no""></script>",https://fareharbor.com/embeds/book/madeirahappytours/items/570540/?asn=fhdn-eur&asn-ref=alloutdooradventures&ref=alloutdooradventures&bookable-only=yes&full-items=yes&marketplace=yes&flow=no,https://cdn.filestackcontent.com/ottrg1gITv6plnWhdtxN
Madeira Happy Tours,madeirahappytours,madeirahappytours@gmail.com,+351 939 523 860,Portugal/Madeira/Funchal,,,570544,Levada do Rabaçal – Risco – 25 Fontes,Eco Tour,1,59,128,https://fareharbor.com/embeds/calendar/madeirahappytours/items/570544/?asn=fhdn-eur&asn-ref=alloutdooradventures&ref=alloutdooradventures&bookable-only=yes&full-items=yes&marketplace=yes&flow=no,"<script src=""https://fareharbor.com/embeds/script/calendar/madeirahappytours/items/570544/?asn=fhdn-eur&asn-ref=alloutdooradventures&ref=alloutdooradventures&bookable-only=yes&full-items=yes&marketplace=yes&flow=no""></script>",https://fareharbor.com/embeds/book/madeirahappytours/items/570544/?asn=fhdn-eur&asn-ref=alloutdooradventures&ref=alloutdooradventures&bookable-only=yes&full-items=yes&marketplace=yes&flow=no,https://cdn.filestackcontent.com/apOTTYGQCyjg6S5WY1pZ
Madeira Happy Tours,madeirahappytours,madeirahappytours@gmail.com,+351 939 523 860,Portugal/Madeira/Funchal,,,570613,Levada dos Maroços,Eco Tour,1,59,50,https://fareharbor.com/embeds/calendar/madeirahappytours/items/570613/?asn=fhdn-eur&asn-ref=alloutdooradventures&ref=alloutdooradventures&bookable-only=yes&full-items=yes&marketplace=yes&flow=no,"<script src=""https://fareharbor.com/embeds/script/calendar/madeirahappytours/items/570613/?asn=fhdn-eur&asn-ref=alloutdooradventures&ref=alloutdooradventures&bookable-only=yes&full-items=yes&marketplace=yes&flow=no""></script>",https://fareharbor.com/embeds/book/madeirahappytours/items/570613/?asn=fhdn-eur&asn-ref=alloutdooradventures&ref=alloutdooradventures&bookable-only=yes&full-items=yes&marketplace=yes&flow=no,https://cdn.filestackcontent.com/WtGP5xABS8ugRNLF9TGZ
Madeira Happy Tours,madeirahappytours,madeirahappytours@gmail.com,+351 939 523 860,Portugal/Madeira/Funchal,,,570616,Levada Vale Paraíso,Eco Tour,1,59,129,https://fareharbor.com/embeds/calendar/madeirahappytours/items/570616/?asn=fhdn-eur&asn-ref=alloutdooradventures&ref=alloutdooradventures&bookable-only=yes&full-items=yes&marketplace=yes&flow=no,"<script src=""https://fareharbor.com/embeds/script/calendar/madeirahappytours/items/570616/?asn=fhdn-eur&asn-ref=alloutdooradventures&ref=alloutdooradventures&bookable-only=yes&full-items=yes&marketplace=yes&flow=no""></script>",https://fareharbor.com/embeds/book/madeirahappytours/items/570616/?asn=fhdn-eur&asn-ref=alloutdooradventures&ref=alloutdooradventures&bookable-only=yes&full-items=yes&marketplace=yes&flow=no,https://cdn.filestackcontent.com/l9CPu3HYQO2zFvpCZsWZ
Madeira Happy Tours,madeirahappytours,madeirahappytours@gmail.com,+351 939 523 860,Portugal/Madeira/Funchal,,,570620,Levada da Referta,Eco Tour,1,59,78,https://fareharbor.com/embeds/calendar/madeirahappytours/items/570620/?asn=fhdn-eur&asn-ref=alloutdooradventures&ref=alloutdooradventures&bookable-only=yes&full-items=yes&marketplace=yes&flow=no,"<script src=""https://fareharbor.com/embeds/script/calendar/madeirahappytours/items/570620/?asn=fhdn-eur&asn-ref=alloutdooradventures&ref=alloutdooradventures&bookable-only=yes&full-items=yes&marketplace=yes&flow=no""></script>",https://fareharbor.com/embeds/book/madeirahappytours/items/570620/?asn=fhdn-eur&asn-ref=alloutdooradventures&ref=alloutdooradventures&bookable-only=yes&full-items=yes&marketplace=yes&flow=no,https://cdn.filestackcontent.com/HNBPLcTLOWpLV92YF5Ew
Madeira Happy Tours,madeirahappytours,madeirahappytours@gmail.com,+351 939 523 860,Portugal/Madeira/Funchal,,,570630,Levada Vale Serra D'Água,Eco Tour,1,59,78,https://fareharbor.com/embeds/calendar/madeirahappytours/items/570630/?asn=fhdn-eur&asn-ref=alloutdooradventures&ref=alloutdooradventures&bookable-only=yes&full-items=yes&marketplace=yes&flow=no,"<script src=""https://fareharbor.com/embeds/script/calendar/madeirahappytours/items/570630/?asn=fhdn-eur&asn-ref=alloutdooradventures&ref=alloutdooradventures&bookable-only=yes&full-items=yes&marketplace=yes&flow=no""></script>",https://fareharbor.com/embeds/book/madeirahappytours/items/570630/?asn=fhdn-eur&asn-ref=alloutdooradventures&ref=alloutdooradventures&bookable-only=yes&full-items=yes&marketplace=yes&flow=no,https://cdn.filestackcontent.com/zknjGhdJSQejDxauaaEr
Madeira Happy Tours,madeirahappytours,madeirahappytours@gmail.com,+351 939 523 860,Portugal/Madeira/Funchal,,,570643,Dolphins and Whales by VMT Catamaran,Eco Tour,1,59,360,https://fareharbor.com/embeds/calendar/madeirahappytours/items/570643/?asn=fhdn-eur&asn-ref=alloutdooradventures&ref=alloutdooradventures&bookable-only=yes&full-items=yes&marketplace=yes&flow=no,"<script src=""https://fareharbor.com/embeds/script/calendar/madeirahappytours/items/570643/?asn=fhdn-eur&asn-ref=alloutdooradventures&ref=alloutdooradventures&bookable-only=yes&full-items=yes&marketplace=yes&flow=no""></script>",https://fareharbor.com/embeds/book/madeirahappytours/items/570643/?asn=fhdn-eur&asn-ref=alloutdooradventures&ref=alloutdooradventures&bookable-only=yes&full-items=yes&marketplace=yes&flow=no,https://cdn.filestackcontent.com/F1tmQCEuS8izp1USTPcu
Madeira Happy Tours,madeirahappytours,madeirahappytours@gmail.com,+351 939 523 860,Portugal/Madeira/Funchal,,,570829,Sunset trip by VMT Catamaran,Eco Tour,1,59,0,https://fareharbor.com/embeds/calendar/madeirahappytours/items/570829/?asn=fhdn-eur&asn-ref=alloutdooradventures&ref=alloutdooradventures&bookable-only=yes&full-items=yes&marketplace=yes&flow=no,"<script src=""https://fareharbor.com/embeds/script/calendar/madeirahappytours/items/570829/?asn=fhdn-eur&asn-ref=alloutdooradventures&ref=alloutdooradventures&bookable-only=yes&full-items=yes&marketplace=yes&flow=no""></script>",https://fareharbor.com/embeds/book/madeirahappytours/items/570829/?asn=fhdn-eur&asn-ref=alloutdooradventures&ref=alloutdooradventures&bookable-only=yes&full-items=yes&marketplace=yes&flow=no,https://cdn.filestackcontent.com/DlOv6d4DTByGnDcQmh7B
Madeira Happy Tours,madeirahappytours,madeirahappytours@gmail.com,+351 939 523 860,Portugal/Madeira/Funchal,,,570834,Galleon Santa Maria de Colombo,Eco Tour,1,59,0,https://fareharbor.com/embeds/calendar/madeirahappytours/items/570834/?asn=fhdn-eur&asn-ref=alloutdooradventures&ref=alloutdooradventures&bookable-only=yes&full-items=yes&marketplace=yes&flow=no,"<script src=""https://fareharbor.com/embeds/script/calendar/madeirahappytours/items/570834/?asn=fhdn-eur&asn-ref=alloutdooradventures&ref=alloutdooradventures&bookable-only=yes&full-items=yes&marketplace=yes&flow=no""></script>",https://fareharbor.com/embeds/book/madeirahappytours/items/570834/?asn=fhdn-eur&asn-ref=alloutdooradventures&ref=alloutdooradventures&bookable-only=yes&full-items=yes&marketplace=yes&flow=no,https://cdn.filestackcontent.com/L2JfUSpnTQ6iSTgKxu4u
Madeira Happy Tours,madeirahappytours,madeirahappytours@gmail.com,+351 939 523 860,Portugal/Madeira/Funchal,,,570836,Jeep Safari Northwest - Enchanted Terraces,Eco Tour,1,59,180,https://fareharbor.com/embeds/calendar/madeirahappytours/items/570836/?asn=fhdn-eur&asn-ref=alloutdooradventures&ref=alloutdooradventures&bookable-only=yes&full-items=yes&marketplace=yes&flow=no,"<script src=""https://fareharbor.com/embeds/script/calendar/madeirahappytours/items/570836/?asn=fhdn-eur&asn-ref=alloutdooradventures&ref=alloutdooradventures&bookable-only=yes&full-items=yes&marketplace=yes&flow=no""></script>",https://fareharbor.com/embeds/book/madeirahappytours/items/570836/?asn=fhdn-eur&asn-ref=alloutdooradventures&ref=alloutdooradventures&bookable-only=yes&full-items=yes&marketplace=yes&flow=no,https://cdn.filestackcontent.com/Cbp1q5rgQP6XKqAqPRBN
Madeira Happy Tours,madeirahappytours,madeirahappytours@gmail.com,+351 939 523 860,Portugal/Madeira/Funchal,,,570837,Jeep Safari - Craters of Fire,Eco Tour,1,59,77,https://fareharbor.com/embeds/calendar/madeirahappytours/items/570837/?asn=fhdn-eur&asn-ref=alloutdooradventures&ref=alloutdooradventures&bookable-only=yes&full-items=yes&marketplace=yes&flow=no,"<script src=""https://fareharbor.com/embeds/script/calendar/madeirahappytours/items/570837/?asn=fhdn-eur&asn-ref=alloutdooradventures&ref=alloutdooradventures&bookable-only=yes&full-items=yes&marketplace=yes&flow=no""></script>",https://fareharbor.com/embeds/book/madeirahappytours/items/570837/?asn=fhdn-eur&asn-ref=alloutdooradventures&ref=alloutdooradventures&bookable-only=yes&full-items=yes&marketplace=yes&flow=no,https://cdn.filestackcontent.com/BcgFxZFT0CLcPavRTA3w
Madeira Happy Tours,madeirahappytours,madeirahappytours@gmail.com,+351 939 523 860,Portugal/Madeira/Funchal,,,570838,Jeep Safari - Madeira Peaks,Eco Tour,1,59,103,https://fareharbor.com/embeds/calendar/madeirahappytours/items/570838/?asn=fhdn-eur&asn-ref=alloutdooradventures&ref=alloutdooradventures&bookable-only=yes&full-items=yes&marketplace=yes&flow=no,"<script src=""https://fareharbor.com/embeds/script/calendar/madeirahappytours/items/570838/?asn=fhdn-eur&asn-ref=alloutdooradventures&ref=alloutdooradventures&bookable-only=yes&full-items=yes&marketplace=yes&flow=no""></script>",https://fareharbor.com/embeds/book/madeirahappytours/items/570838/?asn=fhdn-eur&asn-ref=alloutdooradventures&ref=alloutdooradventures&bookable-only=yes&full-items=yes&marketplace=yes&flow=no,https://cdn.filestackcontent.com/wy4gJCRARfyIpmGhCzPy
Madeira Happy Tours,madeirahappytours,madeirahappytours@gmail.com,+351 939 523 860,Portugal/Madeira/Funchal,,,570839,Jeep Safari - Scents & Flavours,Eco Tour,1,59,154,https://fareharbor.com/embeds/calendar/madeirahappytours/items/570839/?asn=fhdn-eur&asn-ref=alloutdooradventures&ref=alloutdooradventures&bookable-only=yes&full-items=yes&marketplace=yes&flow=no,"<script src=""https://fareharbor.com/embeds/script/calendar/madeirahappytours/items/570839/?asn=fhdn-eur&asn-ref=alloutdooradventures&ref=alloutdooradventures&bookable-only=yes&full-items=yes&marketplace=yes&flow=no""></script>",https://fareharbor.com/embeds/book/madeirahappytours/items/570839/?asn=fhdn-eur&asn-ref=alloutdooradventures&ref=alloutdooradventures&bookable-only=yes&full-items=yes&marketplace=yes&flow=no,https://cdn.filestackcontent.com/D9VMu9HrQYq0jmFu4Slk
Madeira Happy Tours,madeirahappytours,madeirahappytours@gmail.com,+351 939 523 860,Portugal/Madeira/Funchal,,,570841,Jeep Safari Nuns & Valleys,Eco Tour,1,59,77,https://fareharbor.com/embeds/calendar/madeirahappytours/items/570841/?asn=fhdn-eur&asn-ref=alloutdooradventures&ref=alloutdooradventures&bookable-only=yes&full-items=yes&marketplace=yes&flow=no,"<script src=""https://fareharbor.com/embeds/script/calendar/madeirahappytours/items/570841/?asn=fhdn-eur&asn-ref=alloutdooradventures&ref=alloutdooradventures&bookable-only=yes&full-items=yes&marketplace=yes&flow=no""></script>",https://fareharbor.com/embeds/book/madeirahappytours/items/570841/?asn=fhdn-eur&asn-ref=alloutdooradventures&ref=alloutdooradventures&bookable-only=yes&full-items=yes&marketplace=yes&flow=no,https://cdn.filestackcontent.com/qM5tjNuJQeWo6DQhGOXb
Madeira Happy Tours,madeirahappytours,madeirahappytours@gmail.com,+351 939 523 860,Portugal/Madeira/Funchal,,,570843,Jeep Safari Vineyards & Colours,Eco Tour,1,59,103,https://fareharbor.com/embeds/calendar/madeirahappytours/items/570843/?asn=fhdn-eur&asn-ref=alloutdooradventures&ref=alloutdooradventures&bookable-only=yes&full-items=yes&marketplace=yes&flow=no,"<script src=""https://fareharbor.com/embeds/script/calendar/madeirahappytours/items/570843/?asn=fhdn-eur&asn-ref=alloutdooradventures&ref=alloutdooradventures&bookable-only=yes&full-items=yes&marketplace=yes&flow=no""></script>",https://fareharbor.com/embeds/book/madeirahappytours/items/570843/?asn=fhdn-eur&asn-ref=alloutdooradventures&ref=alloutdooradventures&bookable-only=yes&full-items=yes&marketplace=yes&flow=no,https://cdn.filestackcontent.com/BolXyE0RSW6qc5bWJ19w
Madeira Happy Tours,madeirahappytours,madeirahappytours@gmail.com,+351 939 523 860,Portugal/Madeira/Funchal,,,570845,Dust and Mud Buggy Tour,Eco Tour,1,59,180,https://fareharbor.com/embeds/calendar/madeirahappytours/items/570845/?asn=fhdn-eur&asn-ref=alloutdooradventures&ref=alloutdooradventures&bookable-only=yes&full-items=yes&marketplace=yes&flow=no,"<script src=""https://fareharbor.com/embeds/script/calendar/madeirahappytours/items/570845/?asn=fhdn-eur&asn-ref=alloutdooradventures&ref=alloutdooradventures&bookable-only=yes&full-items=yes&marketplace=yes&flow=no""></script>",https://fareharbor.com/embeds/book/madeirahappytours/items/570845/?asn=fhdn-eur&asn-ref=alloutdooradventures&ref=alloutdooradventures&bookable-only=yes&full-items=yes&marketplace=yes&flow=no,https://cdn.filestackcontent.com/y37dP2DKScA5uiuJ1uZi
Madeira Happy Tours,madeirahappytours,madeirahappytours@gmail.com,+351 939 523 860,Portugal/Madeira/Funchal,,,570847,Beautiful bays by Bonita da Madeira,Eco Tour,1,59,0,https://fareharbor.com/embeds/calendar/madeirahappytours/items/570847/?asn=fhdn-eur&asn-ref=alloutdooradventures&ref=alloutdooradventures&bookable-only=yes&full-items=yes&marketplace=yes&flow=no,"<script src=""https://fareharbor.com/embeds/script/calendar/madeirahappytours/items/570847/?asn=fhdn-eur&asn-ref=alloutdooradventures&ref=alloutdooradventures&bookable-only=yes&full-items=yes&marketplace=yes&flow=no""></script>",https://fareharbor.com/embeds/book/madeirahappytours/items/570847/?asn=fhdn-eur&asn-ref=alloutdooradventures&ref=alloutdooradventures&bookable-only=yes&full-items=yes&marketplace=yes&flow=no,https://cdn.filestackcontent.com/HrcJ2rxnQYewMAlifFJj
Madeira Happy Tours,madeirahappytours,madeirahappytours@gmail.com,+351 939 523 860,Portugal/Madeira/Funchal,,,570850,"Vinho a pé, comida e passeio cultural",Eco Tour,1,59,0,https://fareharbor.com/embeds/calendar/madeirahappytours/items/570850/?asn=fhdn-eur&asn-ref=alloutdooradventures&ref=alloutdooradventures&bookable-only=yes&full-items=yes&marketplace=yes&flow=no,"<script src=""https://fareharbor.com/embeds/script/calendar/madeirahappytours/items/570850/?asn=fhdn-eur&asn-ref=alloutdooradventures&ref=alloutdooradventures&bookable-only=yes&full-items=yes&marketplace=yes&flow=no""></script>",https://fareharbor.com/embeds/book/madeirahappytours/items/570850/?asn=fhdn-eur&asn-ref=alloutdooradventures&ref=alloutdooradventures&bookable-only=yes&full-items=yes&marketplace=yes&flow=no,https://cdn.filestackcontent.com/bcP3IG7yRjmAaGZFTB2a
Madeira Happy Tours,madeirahappytours,madeirahappytours@gmail.com,+351 939 523 860,Portugal/Madeira/Funchal,,,570864,Breathtaking Sunrise - Premium,Eco Tour,1,59,0,https://fareharbor.com/embeds/calendar/madeirahappytours/items/570864/?asn=fhdn-eur&asn-ref=alloutdooradventures&ref=alloutdooradventures&bookable-only=yes&full-items=yes&marketplace=yes&flow=no,"<script src=""https://fareharbor.com/embeds/script/calendar/madeirahappytours/items/570864/?asn=fhdn-eur&asn-ref=alloutdooradventures&ref=alloutdooradventures&bookable-only=yes&full-items=yes&marketplace=yes&flow=no""></script>",https://fareharbor.com/embeds/book/madeirahappytours/items/570864/?asn=fhdn-eur&asn-ref=alloutdooradventures&ref=alloutdooradventures&bookable-only=yes&full-items=yes&marketplace=yes&flow=no,https://cdn.filestackcontent.com/sxJISxd6RmE7G1Pik74B
Madeira Happy Tours,madeirahappytours,madeirahappytours@gmail.com,+351 939 523 860,Portugal/Madeira/Funchal,,,570871,Câmara de Lobos by Tuk-Tuk,Eco Tour,1,59,540,https://fareharbor.com/embeds/calendar/madeirahappytours/items/570871/?asn=fhdn-eur&asn-ref=alloutdooradventures&ref=alloutdooradventures&bookable-only=yes&full-items=yes&marketplace=yes&flow=no,"<script src=""https://fareharbor.com/embeds/script/calendar/madeirahappytours/items/570871/?asn=fhdn-eur&asn-ref=alloutdooradventures&ref=alloutdooradventures&bookable-only=yes&full-items=yes&marketplace=yes&flow=no""></script>",https://fareharbor.com/embeds/book/madeirahappytours/items/570871/?asn=fhdn-eur&asn-ref=alloutdooradventures&ref=alloutdooradventures&bookable-only=yes&full-items=yes&marketplace=yes&flow=no,https://cdn.filestackcontent.com/hkGHfvXSBSDUiBQqOxMO
Madeira Happy Tours,madeirahappytours,madeirahappytours@gmail.com,+351 939 523 860,Portugal/Madeira/Funchal,,,570874,Cabo Girão - Skywalk by Tuk-Tuk,Eco Tour,1,59,720,https://fareharbor.com/embeds/calendar/madeirahappytours/items/570874/?asn=fhdn-eur&asn-ref=alloutdooradventures&ref=alloutdooradventures&bookable-only=yes&full-items=yes&marketplace=yes&flow=no,"<script src=""https://fareharbor.com/embeds/script/calendar/madeirahappytours/items/570874/?asn=fhdn-eur&asn-ref=alloutdooradventures&ref=alloutdooradventures&bookable-only=yes&full-items=yes&marketplace=yes&flow=no""></script>",https://fareharbor.com/embeds/book/madeirahappytours/items/570874/?asn=fhdn-eur&asn-ref=alloutdooradventures&ref=alloutdooradventures&bookable-only=yes&full-items=yes&marketplace=yes&flow=no,https://cdn.filestackcontent.com/5rDAfkFISTamhRcag5PT
Madeira Happy Tours,madeirahappytours,madeirahappytours@gmail.com,+351 939 523 860,Portugal/Madeira/Funchal,,,570876,Nuns Valley by Tuk-Tuk,Eco Tour,1,59,720,https://fareharbor.com/embeds/calendar/madeirahappytours/items/570876/?asn=fhdn-eur&asn-ref=alloutdooradventures&ref=alloutdooradventures&bookable-only=yes&full-items=yes&marketplace=yes&flow=no,"<script src=""https://fareharbor.com/embeds/script/calendar/madeirahappytours/items/570876/?asn=fhdn-eur&asn-ref=alloutdooradventures&ref=alloutdooradventures&bookable-only=yes&full-items=yes&marketplace=yes&flow=no""></script>",https://fareharbor.com/embeds/book/madeirahappytours/items/570876/?asn=fhdn-eur&asn-ref=alloutdooradventures&ref=alloutdooradventures&bookable-only=yes&full-items=yes&marketplace=yes&flow=no,https://cdn.filestackcontent.com/6lVa4QB3SyGMagT84bVr
Madeira Happy Tours,madeirahappytours,madeirahappytours@gmail.com,+351 939 523 860,Portugal/Madeira/Funchal,,,570877,Funchal Old Town & Toboggans by Tuk-Tuk,Eco Tour,1,59,154,https://fareharbor.com/embeds/calendar/madeirahappytours/items/570877/?asn=fhdn-eur&asn-ref=alloutdooradventures&ref=alloutdooradventures&bookable-only=yes&full-items=yes&marketplace=yes&flow=no,"<script src=""https://fareharbor.com/embeds/script/calendar/madeirahappytours/items/570877/?asn=fhdn-eur&asn-ref=alloutdooradventures&ref=alloutdooradventures&bookable-only=yes&full-items=yes&marketplace=yes&flow=no""></script>",https://fareharbor.com/embeds/book/madeirahappytours/items/570877/?asn=fhdn-eur&asn-ref=alloutdooradventures&ref=alloutdooradventures&bookable-only=yes&full-items=yes&marketplace=yes&flow=no,https://cdn.filestackcontent.com/9gIGRqx2QEmr7PUsZCLd
Madeira Happy Tours,madeirahappytours,madeirahappytours@gmail.com,+351 939 523 860,Portugal/Madeira/Funchal,,,570879,Garajau - Christ King Statue by Tuk-Tuk,Eco Tour,1,59,180,https://fareharbor.com/embeds/calendar/madeirahappytours/items/570879/?asn=fhdn-eur&asn-ref=alloutdooradventures&ref=alloutdooradventures&bookable-only=yes&full-items=yes&marketplace=yes&flow=no,"<script src=""https://fareharbor.com/embeds/script/calendar/madeirahappytours/items/570879/?asn=fhdn-eur&asn-ref=alloutdooradventures&ref=alloutdooradventures&bookable-only=yes&full-items=yes&marketplace=yes&flow=no""></script>",https://fareharbor.com/embeds/book/madeirahappytours/items/570879/?asn=fhdn-eur&asn-ref=alloutdooradventures&ref=alloutdooradventures&bookable-only=yes&full-items=yes&marketplace=yes&flow=no,https://cdn.filestackcontent.com/7HNIEuB4RvCcrYoD1NAE
Madeira Happy Tours,madeirahappytours,madeirahappytours@gmail.com,+351 939 523 860,Portugal/Madeira/Funchal,,,570880,Monte Gardens & Toboggans by Tuk-Tuk,Eco Tour,1,59,154,https://fareharbor.com/embeds/calendar/madeirahappytours/items/570880/?asn=fhdn-eur&asn-ref=alloutdooradventures&ref=alloutdooradventures&bookable-only=yes&full-items=yes&marketplace=yes&flow=no,"<script src=""https://fareharbor.com/embeds/script/calendar/madeirahappytours/items/570880/?asn=fhdn-eur&asn-ref=alloutdooradventures&ref=alloutdooradventures&bookable-only=yes&full-items=yes&marketplace=yes&flow=no""></script>",https://fareharbor.com/embeds/book/madeirahappytours/items/570880/?asn=fhdn-eur&asn-ref=alloutdooradventures&ref=alloutdooradventures&bookable-only=yes&full-items=yes&marketplace=yes&flow=no,https://cdn.filestackcontent.com/QzBajEuTMuYyv1Egv5hP
Madeira Happy Tours,madeirahappytours,madeirahappytours@gmail.com,+351 939 523 860,Portugal/Madeira/Funchal,,,570881,Funchal Old Town & Botanical Garden by Tuk-Tuk,Eco Tour,1,59,180,https://fareharbor.com/embeds/calendar/madeirahappytours/items/570881/?asn=fhdn-eur&asn-ref=alloutdooradventures&ref=alloutdooradventures&bookable-only=yes&full-items=yes&marketplace=yes&flow=no,"<script src=""https://fareharbor.com/embeds/script/calendar/madeirahappytours/items/570881/?asn=fhdn-eur&asn-ref=alloutdooradventures&ref=alloutdooradventures&bookable-only=yes&full-items=yes&marketplace=yes&flow=no""></script>",https://fareharbor.com/embeds/book/madeirahappytours/items/570881/?asn=fhdn-eur&asn-ref=alloutdooradventures&ref=alloutdooradventures&bookable-only=yes&full-items=yes&marketplace=yes&flow=no,https://cdn.filestackcontent.com/xtKRUuSQiu86WnEF0pgA
Madeira Happy Tours,madeirahappytours,madeirahappytours@gmail.com,+351 939 523 860,Portugal/Madeira/Funchal,,,570883,Funchal Epic by Tuk-Tuk,Eco Tour,1,59,180,https://fareharbor.com/embeds/calendar/madeirahappytours/items/570883/?asn=fhdn-eur&asn-ref=alloutdooradventures&ref=alloutdooradventures&bookable-only=yes&full-items=yes&marketplace=yes&flow=no,"<script src=""https://fareharbor.com/embeds/script/calendar/madeirahappytours/items/570883/?asn=fhdn-eur&asn-ref=alloutdooradventures&ref=alloutdooradventures&bookable-only=yes&full-items=yes&marketplace=yes&flow=no""></script>",https://fareharbor.com/embeds/book/madeirahappytours/items/570883/?asn=fhdn-eur&asn-ref=alloutdooradventures&ref=alloutdooradventures&bookable-only=yes&full-items=yes&marketplace=yes&flow=no,https://cdn.filestackcontent.com/wZ0oeO3LS2aCHgSmJwWa
Madeira Happy Tours,madeirahappytours,madeirahappytours@gmail.com,+351 939 523 860,Portugal/Madeira/Funchal,,,570884,Funchal Express by Tuk-Tuk,Eco Tour,1,59,360,https://fareharbor.com/embeds/calendar/madeirahappytours/items/570884/?asn=fhdn-eur&asn-ref=alloutdooradventures&ref=alloutdooradventures&bookable-only=yes&full-items=yes&marketplace=yes&flow=no,"<script src=""https://fareharbor.com/embeds/script/calendar/madeirahappytours/items/570884/?asn=fhdn-eur&asn-ref=alloutdooradventures&ref=alloutdooradventures&bookable-only=yes&full-items=yes&marketplace=yes&flow=no""></script>",https://fareharbor.com/embeds/book/madeirahappytours/items/570884/?asn=fhdn-eur&asn-ref=alloutdooradventures&ref=alloutdooradventures&bookable-only=yes&full-items=yes&marketplace=yes&flow=no,https://cdn.filestackcontent.com/hOQnTAX1RWiH5mtc8nPs
Madeira Happy Tours,madeirahappytours,madeirahappytours@gmail.com,+351 939 523 860,Portugal/Madeira/Funchal,,,570888,Funchal Old Town & Palheiro Gardens by Tuk-Tuk,Eco Tour,1,59,180,https://fareharbor.com/embeds/calendar/madeirahappytours/items/570888/?asn=fhdn-eur&asn-ref=alloutdooradventures&ref=alloutdooradventures&bookable-only=yes&full-items=yes&marketplace=yes&flow=no,"<script src=""https://fareharbor.com/embeds/script/calendar/madeirahappytours/items/570888/?asn=fhdn-eur&asn-ref=alloutdooradventures&ref=alloutdooradventures&bookable-only=yes&full-items=yes&marketplace=yes&flow=no""></script>",https://fareharbor.com/embeds/book/madeirahappytours/items/570888/?asn=fhdn-eur&asn-ref=alloutdooradventures&ref=alloutdooradventures&bookable-only=yes&full-items=yes&marketplace=yes&flow=no,https://cdn.filestackcontent.com/j1LA8enQPiKvmhOqt0qw
Tres Gatos Tours,tresgatos,hola@tresgatos.es,+34 603113611,Spain/Catalunya/Barcelona,,,700413,Barcelona: Christmas Lights and Markets Bike Tour,Bike Rental-Bike Tour,1,59,0,https://fareharbor.com/embeds/calendar/tresgatos/items/700413/?asn=fhdn-eur&asn-ref=alloutdooradventures&ref=alloutdooradventures&bookable-only=yes&full-items=yes&marketplace=yes&flow=no,"<script src=""https://fareharbor.com/embeds/script/calendar/tresgatos/items/700413/?asn=fhdn-eur&asn-ref=alloutdooradventures&ref=alloutdooradventures&bookable-only=yes&full-items=yes&marketplace=yes&flow=no""></script>",https://fareharbor.com/embeds/book/tresgatos/items/700413/?asn=fhdn-eur&asn-ref=alloutdooradventures&ref=alloutdooradventures&bookable-only=yes&full-items=yes&marketplace=yes&flow=no,
Catalan Trails,catalantrails,info@catalantrails.com,+34604175927,Spain/Catalunya/Barcelona,,,117199,Rural Catalonia Hiking Experience & Rupit medieval town,Hiking,1,58,77,https://fareharbor.com/embeds/calendar/catalantrails/items/117199/?asn=fhdn-eur&asn-ref=alloutdooradventures&ref=alloutdooradventures&bookable-only=yes&full-items=yes&marketplace=yes&flow=no,"<script src=""https://fareharbor.com/embeds/script/calendar/catalantrails/items/117199/?asn=fhdn-eur&asn-ref=alloutdooradventures&ref=alloutdooradventures&bookable-only=yes&full-items=yes&marketplace=yes&flow=no""></script>",https://fareharbor.com/embeds/book/catalantrails/items/117199/?asn=fhdn-eur&asn-ref=alloutdooradventures&ref=alloutdooradventures&bookable-only=yes&full-items=yes&marketplace=yes&flow=no,https://cdn.filestackcontent.com/zfniA0d6SjOPcL9CdB5C
Lisbon on Wheels,lisbononwheels,info@lisbononwheels.com,+351 927 673012,Portugal/Lisbon/Lisbon,-9.139337,38.722252,130813,Arrábida with 4x4 Kart Adventure,Jeep,1,58,0,https://fareharbor.com/embeds/calendar/lisbononwheels/items/130813/?asn=fhdn-eur&asn-ref=alloutdooradventures&ref=alloutdooradventures&bookable-only=yes&full-items=yes&marketplace=yes&flow=no,"<script src=""https://fareharbor.com/embeds/script/calendar/lisbononwheels/items/130813/?asn=fhdn-eur&asn-ref=alloutdooradventures&ref=alloutdooradventures&bookable-only=yes&full-items=yes&marketplace=yes&flow=no""></script>",https://fareharbor.com/embeds/book/lisbononwheels/items/130813/?asn=fhdn-eur&asn-ref=alloutdooradventures&ref=alloutdooradventures&bookable-only=yes&full-items=yes&marketplace=yes&flow=no,https://cdn.filestackcontent.com/o77oMQhaToSlUXYlEdZg
Top Bike Tours,topbiketoursportugal,info@topbiketoursportugal.com,+351 915 316 999,Portugal/Porto/Porto,,,268392,Douro Valley Bicycle tour,Bike Tour-Boat Tour-Farm-Self-Guided Tour-Wine,1,58,0,https://fareharbor.com/embeds/calendar/topbiketoursportugal/items/268392/?asn=fhdn-eur&asn-ref=alloutdooradventures&ref=alloutdooradventures&bookable-only=yes&full-items=yes&marketplace=yes&flow=no,"<script src=""https://fareharbor.com/embeds/script/calendar/topbiketoursportugal/items/268392/?asn=fhdn-eur&asn-ref=alloutdooradventures&ref=alloutdooradventures&bookable-only=yes&full-items=yes&marketplace=yes&flow=no""></script>",https://fareharbor.com/embeds/book/topbiketoursportugal/items/268392/?asn=fhdn-eur&asn-ref=alloutdooradventures&ref=alloutdooradventures&bookable-only=yes&full-items=yes&marketplace=yes&flow=no,https://cdn.filestackcontent.com/ggdfFxycSZarmoQOIg4O
Top Bike Tours,topbiketoursportugal,info@topbiketoursportugal.com,+351 915 316 999,Portugal/Porto/Porto,,,268399,Porto Bike Tour Wine and Gastronomy,Bike Tour-History Tour-Private-Wine,1,58,0,https://fareharbor.com/embeds/calendar/topbiketoursportugal/items/268399/?asn=fhdn-eur&asn-ref=alloutdooradventures&ref=alloutdooradventures&bookable-only=yes&full-items=yes&marketplace=yes&flow=no,"<script src=""https://fareharbor.com/embeds/script/calendar/topbiketoursportugal/items/268399/?asn=fhdn-eur&asn-ref=alloutdooradventures&ref=alloutdooradventures&bookable-only=yes&full-items=yes&marketplace=yes&flow=no""></script>",https://fareharbor.com/embeds/book/topbiketoursportugal/items/268399/?asn=fhdn-eur&asn-ref=alloutdooradventures&ref=alloutdooradventures&bookable-only=yes&full-items=yes&marketplace=yes&flow=no,https://cdn.filestackcontent.com/dPiM4lTjSiSWvac241cA
Top Bike Tours,topbiketoursportugal,info@topbiketoursportugal.com,+351 915 316 999,Portugal/Porto/Porto,,,268413,Mountain bike tour (MTB) in Porto,Bike Tour-E-Bike-Private,1,58,0,https://fareharbor.com/embeds/calendar/topbiketoursportugal/items/268413/?asn=fhdn-eur&asn-ref=alloutdooradventures&ref=alloutdooradventures&bookable-only=yes&full-items=yes&marketplace=yes&flow=no,"<script src=""https://fareharbor.com/embeds/script/calendar/topbiketoursportugal/items/268413/?asn=fhdn-eur&asn-ref=alloutdooradventures&ref=alloutdooradventures&bookable-only=yes&full-items=yes&marketplace=yes&flow=no""></script>",https://fareharbor.com/embeds/book/topbiketoursportugal/items/268413/?asn=fhdn-eur&asn-ref=alloutdooradventures&ref=alloutdooradventures&bookable-only=yes&full-items=yes&marketplace=yes&flow=no,https://cdn.filestackcontent.com/Nul9Yn1RRMVFFkeBoqoA
Tour2B,tour2b,reservas@tour2b.com,+34 971 072 073,Spain/Canarias/El Matorral,,,275616,4x4 Tour Norte de Fuerteventura y playas de Cotillo,Jeep,4,58,0,https://fareharbor.com/embeds/calendar/tour2b/items/275616/?asn=fhdn-eur&asn-ref=alloutdooradventures&ref=alloutdooradventures&bookable-only=yes&full-items=yes&marketplace=yes&flow=no,"<script src=""https://fareharbor.com/embeds/script/calendar/tour2b/items/275616/?asn=fhdn-eur&asn-ref=alloutdooradventures&ref=alloutdooradventures&bookable-only=yes&full-items=yes&marketplace=yes&flow=no""></script>",https://fareharbor.com/embeds/book/tour2b/items/275616/?asn=fhdn-eur&asn-ref=alloutdooradventures&ref=alloutdooradventures&bookable-only=yes&full-items=yes&marketplace=yes&flow=no,https://cdn.filestackcontent.com/k0qnc2yXSHGLiA2eanDv
Sagres Discovery Tours,sagres-discovery,sandropatrony@hotmail.com,00351 914104766,Portugal/Faro/Sagres,-8.940593,37.016829,358862,Passeio 1 Dia - Costa Oeste,Jeep,1,58,24,https://fareharbor.com/embeds/calendar/sagres-discovery/items/358862/?asn=fhdn-eur&asn-ref=alloutdooradventures&ref=alloutdooradventures&bookable-only=yes&full-items=yes&marketplace=yes&flow=no,"<script src=""https://fareharbor.com/embeds/script/calendar/sagres-discovery/items/358862/?asn=fhdn-eur&asn-ref=alloutdooradventures&ref=alloutdooradventures&bookable-only=yes&full-items=yes&marketplace=yes&flow=no""></script>",https://fareharbor.com/embeds/book/sagres-discovery/items/358862/?asn=fhdn-eur&asn-ref=alloutdooradventures&ref=alloutdooradventures&bookable-only=yes&full-items=yes&marketplace=yes&flow=no,https://cdn.filestackcontent.com/OML1xPYJRe72b2UHQofz
Escala 25,escala25,contact@escala25.com,+35 1910916739,Portugal/Lisboa/Lisboa,-9.178807,38.700353,404619,Introdução à Escalada -  Iniciante,Climbing,6,58,462,https://fareharbor.com/embeds/calendar/escala25/items/404619/?asn=fhdn-eur&asn-ref=alloutdooradventures&ref=alloutdooradventures&bookable-only=yes&full-items=yes&marketplace=yes&flow=no,"<script src=""https://fareharbor.com/embeds/script/calendar/escala25/items/404619/?asn=fhdn-eur&asn-ref=alloutdooradventures&ref=alloutdooradventures&bookable-only=yes&full-items=yes&marketplace=yes&flow=no""></script>",https://fareharbor.com/embeds/book/escala25/items/404619/?asn=fhdn-eur&asn-ref=alloutdooradventures&ref=alloutdooradventures&bookable-only=yes&full-items=yes&marketplace=yes&flow=no,https://cdn.filestackcontent.com/bGUKnv0oRsGy5D6JWQCu
Ontdek Sevilla,ontdeksevilla,info@ontdeksevilla.com,0034-663558472,Spain/Andalucía/Sevilla,,,539457,Highlights Fiets Tour,Bike Rental-Bike Tour,1,58,360,https://fareharbor.com/embeds/calendar/ontdeksevilla/items/539457/?asn=fhdn-eur&asn-ref=alloutdooradventures&ref=alloutdooradventures&bookable-only=yes&full-items=yes&marketplace=yes&flow=no,"<script src=""https://fareharbor.com/embeds/script/calendar/ontdeksevilla/items/539457/?asn=fhdn-eur&asn-ref=alloutdooradventures&ref=alloutdooradventures&bookable-only=yes&full-items=yes&marketplace=yes&flow=no""></script>",https://fareharbor.com/embeds/book/ontdeksevilla/items/539457/?asn=fhdn-eur&asn-ref=alloutdooradventures&ref=alloutdooradventures&bookable-only=yes&full-items=yes&marketplace=yes&flow=no,https://cdn.filestackcontent.com/vdIhYFfeQk56wDIheIXw
Ontdek Sevilla,ontdeksevilla,info@ontdeksevilla.com,0034-663558472,Spain/Andalucía/Sevilla,,,539799,Urban Art Expo '92 Tour,Bike Rental-Bike Tour,1,58,0,https://fareharbor.com/embeds/calendar/ontdeksevilla/items/539799/?asn=fhdn-eur&asn-ref=alloutdooradventures&ref=alloutdooradventures&bookable-only=yes&full-items=yes&marketplace=yes&flow=no,"<script src=""https://fareharbor.com/embeds/script/calendar/ontdeksevilla/items/539799/?asn=fhdn-eur&asn-ref=alloutdooradventures&ref=alloutdooradventures&bookable-only=yes&full-items=yes&marketplace=yes&flow=no""></script>",https://fareharbor.com/embeds/book/ontdeksevilla/items/539799/?asn=fhdn-eur&asn-ref=alloutdooradventures&ref=alloutdooradventures&bookable-only=yes&full-items=yes&marketplace=yes&flow=no,https://cdn.filestackcontent.com/Ox8GDtaWQWyXLhklfOAC
Ebre Charter,ebrecharter,ebrecharter@gmail.com,+34659242689,Spain/Catalunya/La Ràpita,,,569966,Alquiler de embarcaciones con titulación,Boat Rental,1,58,0,https://fareharbor.com/embeds/calendar/ebrecharter/items/569966/?asn=fhdn-eur&asn-ref=alloutdooradventures&ref=alloutdooradventures&bookable-only=yes&full-items=yes&marketplace=yes&flow=no,"<script src=""https://fareharbor.com/embeds/script/calendar/ebrecharter/items/569966/?asn=fhdn-eur&asn-ref=alloutdooradventures&ref=alloutdooradventures&bookable-only=yes&full-items=yes&marketplace=yes&flow=no""></script>",https://fareharbor.com/embeds/book/ebrecharter/items/569966/?asn=fhdn-eur&asn-ref=alloutdooradventures&ref=alloutdooradventures&bookable-only=yes&full-items=yes&marketplace=yes&flow=no,https://cdn.filestackcontent.com/rcYNHAtRRyAMPjzC58Sw
Ebre Charter,ebrecharter,ebrecharter@gmail.com,+34659242689,Spain/Catalunya/La Ràpita,,,570214,Alquiler de embarcaciones sin titulacion en el Delta del Ebro,Boat Rental,1,58,0,https://fareharbor.com/embeds/calendar/ebrecharter/items/570214/?asn=fhdn-eur&asn-ref=alloutdooradventures&ref=alloutdooradventures&bookable-only=yes&full-items=yes&marketplace=yes&flow=no,"<script src=""https://fareharbor.com/embeds/script/calendar/ebrecharter/items/570214/?asn=fhdn-eur&asn-ref=alloutdooradventures&ref=alloutdooradventures&bookable-only=yes&full-items=yes&marketplace=yes&flow=no""></script>",https://fareharbor.com/embeds/book/ebrecharter/items/570214/?asn=fhdn-eur&asn-ref=alloutdooradventures&ref=alloutdooradventures&bookable-only=yes&full-items=yes&marketplace=yes&flow=no,https://cdn.filestackcontent.com/xjgGPsMSLypIQbVcwcHG
Madeira Happy Tours,madeirahappytours,madeirahappytours@gmail.com,+351 939 523 860,Portugal/Madeira/Funchal,,,570522,Nuns Valley tour,Eco Tour,1,58,332,https://fareharbor.com/embeds/calendar/madeirahappytours/items/570522/?asn=fhdn-eur&asn-ref=alloutdooradventures&ref=alloutdooradventures&bookable-only=yes&full-items=yes&marketplace=yes&flow=no,"<script src=""https://fareharbor.com/embeds/script/calendar/madeirahappytours/items/570522/?asn=fhdn-eur&asn-ref=alloutdooradventures&ref=alloutdooradventures&bookable-only=yes&full-items=yes&marketplace=yes&flow=no""></script>",https://fareharbor.com/embeds/book/madeirahappytours/items/570522/?asn=fhdn-eur&asn-ref=alloutdooradventures&ref=alloutdooradventures&bookable-only=yes&full-items=yes&marketplace=yes&flow=no,https://cdn.filestackcontent.com/vfFwuxdTzKgiZsnoT6AI
Madeira Happy Tours,madeirahappytours,madeirahappytours@gmail.com,+351 939 523 860,Portugal/Madeira/Funchal,,,570525,Go North tour,Eco Tour,1,58,77,https://fareharbor.com/embeds/calendar/madeirahappytours/items/570525/?asn=fhdn-eur&asn-ref=alloutdooradventures&ref=alloutdooradventures&bookable-only=yes&full-items=yes&marketplace=yes&flow=no,"<script src=""https://fareharbor.com/embeds/script/calendar/madeirahappytours/items/570525/?asn=fhdn-eur&asn-ref=alloutdooradventures&ref=alloutdooradventures&bookable-only=yes&full-items=yes&marketplace=yes&flow=no""></script>",https://fareharbor.com/embeds/book/madeirahappytours/items/570525/?asn=fhdn-eur&asn-ref=alloutdooradventures&ref=alloutdooradventures&bookable-only=yes&full-items=yes&marketplace=yes&flow=no,https://cdn.filestackcontent.com/jNFeJz9RTfWMsZCoxiCL
Madeira Happy Tours,madeirahappytours,madeirahappytours@gmail.com,+351 939 523 860,Portugal/Madeira/Funchal,,,570526,Go East tour,Eco Tour,1,58,179,https://fareharbor.com/embeds/calendar/madeirahappytours/items/570526/?asn=fhdn-eur&asn-ref=alloutdooradventures&ref=alloutdooradventures&bookable-only=yes&full-items=yes&marketplace=yes&flow=no,"<script src=""https://fareharbor.com/embeds/script/calendar/madeirahappytours/items/570526/?asn=fhdn-eur&asn-ref=alloutdooradventures&ref=alloutdooradventures&bookable-only=yes&full-items=yes&marketplace=yes&flow=no""></script>",https://fareharbor.com/embeds/book/madeirahappytours/items/570526/?asn=fhdn-eur&asn-ref=alloutdooradventures&ref=alloutdooradventures&bookable-only=yes&full-items=yes&marketplace=yes&flow=no,https://cdn.filestackcontent.com/b1WR6IuSSqsgAvPDxxQM
Madeira Happy Tours,madeirahappytours,madeirahappytours@gmail.com,+351 939 523 860,Portugal/Madeira/Funchal,,,570527,Go West tour,Eco Tour,1,58,181,https://fareharbor.com/embeds/calendar/madeirahappytours/items/570527/?asn=fhdn-eur&asn-ref=alloutdooradventures&ref=alloutdooradventures&bookable-only=yes&full-items=yes&marketplace=yes&flow=no,"<script src=""https://fareharbor.com/embeds/script/calendar/madeirahappytours/items/570527/?asn=fhdn-eur&asn-ref=alloutdooradventures&ref=alloutdooradventures&bookable-only=yes&full-items=yes&marketplace=yes&flow=no""></script>",https://fareharbor.com/embeds/book/madeirahappytours/items/570527/?asn=fhdn-eur&asn-ref=alloutdooradventures&ref=alloutdooradventures&bookable-only=yes&full-items=yes&marketplace=yes&flow=no,https://cdn.filestackcontent.com/43gBo6FVRdyvH9ioEyRv
Granada Alternativa,granadalternativa,info@granadalternativa.com,+34685215104,Spain/Andalucía/Nerja,-3.877795,36.747567,638961,E-City Bike Tour en Nerja,Bike Tour,1,58,288,https://fareharbor.com/embeds/calendar/granadalternativa/items/638961/?asn=fhdn-eur&asn-ref=alloutdooradventures&ref=alloutdooradventures&bookable-only=yes&full-items=yes&marketplace=yes&flow=no,"<script src=""https://fareharbor.com/embeds/script/calendar/granadalternativa/items/638961/?asn=fhdn-eur&asn-ref=alloutdooradventures&ref=alloutdooradventures&bookable-only=yes&full-items=yes&marketplace=yes&flow=no""></script>",https://fareharbor.com/embeds/book/granadalternativa/items/638961/?asn=fhdn-eur&asn-ref=alloutdooradventures&ref=alloutdooradventures&bookable-only=yes&full-items=yes&marketplace=yes&flow=no,https://cdn.filestackcontent.com/9YpFaGIS0Sa7VBSMrzxt
Aventurex,aventurex,info@aventurex.es,+34 636 956 541,Spain/Extremadura,-7.286548,39.344691,658612,Escalada y rápel,Hiking,1,58,0,https://fareharbor.com/embeds/calendar/aventurex/items/658612/?asn=fhdn-eur&asn-ref=alloutdooradventures&ref=alloutdooradventures&bookable-only=yes&full-items=yes&marketplace=yes&flow=no,"<script src=""https://fareharbor.com/embeds/script/calendar/aventurex/items/658612/?asn=fhdn-eur&asn-ref=alloutdooradventures&ref=alloutdooradventures&bookable-only=yes&full-items=yes&marketplace=yes&flow=no""></script>",https://fareharbor.com/embeds/book/aventurex/items/658612/?asn=fhdn-eur&asn-ref=alloutdooradventures&ref=alloutdooradventures&bookable-only=yes&full-items=yes&marketplace=yes&flow=no,https://cdn.filestackcontent.com/t4OMrsyTYyvD9iuFt4Aw
Aventurex,aventurex,info@aventurex.es,+34 636 956 541,Portugal/Portalegre/São João Baptista,-7.464924,39.410507,658614,Vía Ferrata,Hiking,1,58,0,https://fareharbor.com/embeds/calendar/aventurex/items/658614/?asn=fhdn-eur&asn-ref=alloutdooradventures&ref=alloutdooradventures&bookable-only=yes&full-items=yes&marketplace=yes&flow=no,"<script src=""https://fareharbor.com/embeds/script/calendar/aventurex/items/658614/?asn=fhdn-eur&asn-ref=alloutdooradventures&ref=alloutdooradventures&bookable-only=yes&full-items=yes&marketplace=yes&flow=no""></script>",https://fareharbor.com/embeds/book/aventurex/items/658614/?asn=fhdn-eur&asn-ref=alloutdooradventures&ref=alloutdooradventures&bookable-only=yes&full-items=yes&marketplace=yes&flow=no,https://cdn.filestackcontent.com/omuAKQMQKKioV7WVTDPv
Tourne,tournebilbao,info@tournebilbao.com,+34 688 749 372,Spain/Euskadi/Bilbo,,,159058,Street-Art Private E-bike Tour,Bike Rental-Bike Tour-City Tour-Events-Private,1,57,0,https://fareharbor.com/embeds/calendar/tournebilbao/items/159058/?asn=fhdn-eur&asn-ref=alloutdooradventures&ref=alloutdooradventures&bookable-only=yes&full-items=yes&marketplace=yes&flow=no,"<script src=""https://fareharbor.com/embeds/script/calendar/tournebilbao/items/159058/?asn=fhdn-eur&asn-ref=alloutdooradventures&ref=alloutdooradventures&bookable-only=yes&full-items=yes&marketplace=yes&flow=no""></script>",https://fareharbor.com/embeds/book/tournebilbao/items/159058/?asn=fhdn-eur&asn-ref=alloutdooradventures&ref=alloutdooradventures&bookable-only=yes&full-items=yes&marketplace=yes&flow=no,https://cdn.filestackcontent.com/kp7kKbUaQxCfH9uFGQNB
Rent a Boat,rentaboat,info@rentaboat.pt,+351 935 026 070,Portugal/Lisbon/Lisbon,,,160373,Bike Tour with Boat Sailing,Bike Tour-Boat Tour-Sailing-Sightseeing Tour,3,57,0,https://fareharbor.com/embeds/calendar/rentaboat/items/160373/?asn=fhdn-eur&asn-ref=alloutdooradventures&ref=alloutdooradventures&bookable-only=yes&full-items=yes&marketplace=yes&flow=no,"<script src=""https://fareharbor.com/embeds/script/calendar/rentaboat/items/160373/?asn=fhdn-eur&asn-ref=alloutdooradventures&ref=alloutdooradventures&bookable-only=yes&full-items=yes&marketplace=yes&flow=no""></script>",https://fareharbor.com/embeds/book/rentaboat/items/160373/?asn=fhdn-eur&asn-ref=alloutdooradventures&ref=alloutdooradventures&bookable-only=yes&full-items=yes&marketplace=yes&flow=no,https://cdn.filestackcontent.com/rNvWpHcZRBpsks0f8hIk
Go Local San Sebastián,golocalsansebastian,kaixo@golocalsansebastian.com,+34 943048328,Spain/Euskadi/Donostia,,,183077,Tour Fuerte de San Marcos,Bike Tour,4,57,0,https://fareharbor.com/embeds/calendar/golocalsansebastian/items/183077/?asn=fhdn-eur&asn-ref=alloutdooradventures&ref=alloutdooradventures&bookable-only=yes&full-items=yes&marketplace=yes&flow=no,"<script src=""https://fareharbor.com/embeds/script/calendar/golocalsansebastian/items/183077/?asn=fhdn-eur&asn-ref=alloutdooradventures&ref=alloutdooradventures&bookable-only=yes&full-items=yes&marketplace=yes&flow=no""></script>",https://fareharbor.com/embeds/book/golocalsansebastian/items/183077/?asn=fhdn-eur&asn-ref=alloutdooradventures&ref=alloutdooradventures&bookable-only=yes&full-items=yes&marketplace=yes&flow=no,https://cdn.filestackcontent.com/BVZsyiHZS3WRWO9rI61g
H2o Madeira,h2omadeira,h2omadeira@gmail.com,(+351) 965104018,Portugal/Madeira/Vila da Calheta,,,399680,"Our RIB boat ""PAKICETUS""",Boat Tour-Dolphin-Whale Watch-Wildlife,1,57,0,https://fareharbor.com/embeds/calendar/h2omadeira/items/399680/?asn=fhdn-eur&asn-ref=alloutdooradventures&ref=alloutdooradventures&bookable-only=yes&full-items=yes&marketplace=yes&flow=no,"<script src=""https://fareharbor.com/embeds/script/calendar/h2omadeira/items/399680/?asn=fhdn-eur&asn-ref=alloutdooradventures&ref=alloutdooradventures&bookable-only=yes&full-items=yes&marketplace=yes&flow=no""></script>",https://fareharbor.com/embeds/book/h2omadeira/items/399680/?asn=fhdn-eur&asn-ref=alloutdooradventures&ref=alloutdooradventures&bookable-only=yes&full-items=yes&marketplace=yes&flow=no,https://cdn.filestackcontent.com/6Zcry3clRQurTvBCvre2
Wild Mountain Canarias,wildmountaincanarias,wildmountaincanarias@gmail.com,+34611854340,Spain/Canary Islands/Santa Cruz de Tenerife,-16.275366,28.471048,559478,Senderismo,Climbing-Hiking,3,57,180,https://fareharbor.com/embeds/calendar/wildmountaincanarias/items/559478/?asn=fhdn-eur&asn-ref=alloutdooradventures&ref=alloutdooradventures&bookable-only=yes&full-items=yes&marketplace=yes&flow=no,"<script src=""https://fareharbor.com/embeds/script/calendar/wildmountaincanarias/items/559478/?asn=fhdn-eur&asn-ref=alloutdooradventures&ref=alloutdooradventures&bookable-only=yes&full-items=yes&marketplace=yes&flow=no""></script>",https://fareharbor.com/embeds/book/wildmountaincanarias/items/559478/?asn=fhdn-eur&asn-ref=alloutdooradventures&ref=alloutdooradventures&bookable-only=yes&full-items=yes&marketplace=yes&flow=no,https://cdn.filestackcontent.com/psNyYbeRma4oeXlgT9L4
Barcelone à vélo,barcelonavelo,info@barcelonavelo.com,+34 666 531 536,Spain/Catalonia/Barcelona,,,261987,Visite SUR-MESURE,Bike Tour,3,56,0,https://fareharbor.com/embeds/calendar/barcelonavelo/items/261987/?asn=fhdn-eur&asn-ref=alloutdooradventures&ref=alloutdooradventures&bookable-only=yes&full-items=yes&marketplace=yes&flow=no,"<script src=""https://fareharbor.com/embeds/script/calendar/barcelonavelo/items/261987/?asn=fhdn-eur&asn-ref=alloutdooradventures&ref=alloutdooradventures&bookable-only=yes&full-items=yes&marketplace=yes&flow=no""></script>",https://fareharbor.com/embeds/book/barcelonavelo/items/261987/?asn=fhdn-eur&asn-ref=alloutdooradventures&ref=alloutdooradventures&bookable-only=yes&full-items=yes&marketplace=yes&flow=no,https://cdn.filestackcontent.com/L2bhrjsTAW6AKNB7HS6A
Tazirga,tazirga,info@tazirga.com,+34 657 19 73 88,Spain/Canarias/Tegueste,-16.295428,28.530217,532577,Experiencia Forestal,Hiking,1,56,76,https://fareharbor.com/embeds/calendar/tazirga/items/532577/?asn=fhdn-eur&asn-ref=alloutdooradventures&ref=alloutdooradventures&bookable-only=yes&full-items=yes&marketplace=yes&flow=no,"<script src=""https://fareharbor.com/embeds/script/calendar/tazirga/items/532577/?asn=fhdn-eur&asn-ref=alloutdooradventures&ref=alloutdooradventures&bookable-only=yes&full-items=yes&marketplace=yes&flow=no""></script>",https://fareharbor.com/embeds/book/tazirga/items/532577/?asn=fhdn-eur&asn-ref=alloutdooradventures&ref=alloutdooradventures&bookable-only=yes&full-items=yes&marketplace=yes&flow=no,https://cdn.filestackcontent.com/FCvoD2LAS2KH1NnRrFnZ
Blue Bike,bluebike,info@bluebike.es,+34 674 676 362,Spain/Comunidad Valenciana/Alicante (Alacant),,,658899,City Bike Tour Alicante XXL (Highlights of the city),Bike Tour-Guided Tour,1,56,0,https://fareharbor.com/embeds/calendar/bluebike/items/658899/?asn=fhdn-eur&asn-ref=alloutdooradventures&ref=alloutdooradventures&bookable-only=yes&full-items=yes&marketplace=yes&flow=no,"<script src=""https://fareharbor.com/embeds/script/calendar/bluebike/items/658899/?asn=fhdn-eur&asn-ref=alloutdooradventures&ref=alloutdooradventures&bookable-only=yes&full-items=yes&marketplace=yes&flow=no""></script>",https://fareharbor.com/embeds/book/bluebike/items/658899/?asn=fhdn-eur&asn-ref=alloutdooradventures&ref=alloutdooradventures&bookable-only=yes&full-items=yes&marketplace=yes&flow=no,https://cdn.filestackcontent.com/aLi0eDMZS46eZHK38EfP
Montefusco Cycling,roadcycling,claudio@roadcycling.barcelona,+34 607 51 57 82,Spain/Catalunya/Barcelona,,,75166,The Vineyards and Wineries Tour of Penedes - Barcelona,Bike Tour,11,55,163,https://fareharbor.com/embeds/calendar/roadcycling/items/75166/?asn=fhdn-eur&asn-ref=alloutdooradventures&ref=alloutdooradventures&bookable-only=yes&full-items=yes&marketplace=yes&flow=no,"<script src=""https://fareharbor.com/embeds/script/calendar/roadcycling/items/75166/?asn=fhdn-eur&asn-ref=alloutdooradventures&ref=alloutdooradventures&bookable-only=yes&full-items=yes&marketplace=yes&flow=no""></script>",https://fareharbor.com/embeds/book/roadcycling/items/75166/?asn=fhdn-eur&asn-ref=alloutdooradventures&ref=alloutdooradventures&bookable-only=yes&full-items=yes&marketplace=yes&flow=no,https://cdn.filestackcontent.com/auJh0c59TyOxHsiWioMV
Montefusco Cycling,roadcycling,claudio@roadcycling.barcelona,+34 607 51 57 82,Spain/Catalunya/Barcelona,,,75175,The Solitaire Roads Tour of Sitges - Barcelona,Bike Tour,9,55,167,https://fareharbor.com/embeds/calendar/roadcycling/items/75175/?asn=fhdn-eur&asn-ref=alloutdooradventures&ref=alloutdooradventures&bookable-only=yes&full-items=yes&marketplace=yes&flow=no,"<script src=""https://fareharbor.com/embeds/script/calendar/roadcycling/items/75175/?asn=fhdn-eur&asn-ref=alloutdooradventures&ref=alloutdooradventures&bookable-only=yes&full-items=yes&marketplace=yes&flow=no""></script>",https://fareharbor.com/embeds/book/roadcycling/items/75175/?asn=fhdn-eur&asn-ref=alloutdooradventures&ref=alloutdooradventures&bookable-only=yes&full-items=yes&marketplace=yes&flow=no,https://cdn.filestackcontent.com/pih904tfQgaLB5fLkd6v
Catalan Trails,catalantrails,info@catalantrails.com,+34604175927,Spain/Catalunya/Barcelona,,,117194,Medieval Villages & La Garrotxa Volcanic Zone Hiking,Hiking,0,55,74,https://fareharbor.com/embeds/calendar/catalantrails/items/117194/?asn=fhdn-eur&asn-ref=alloutdooradventures&ref=alloutdooradventures&bookable-only=yes&full-items=yes&marketplace=yes&flow=no,"<script src=""https://fareharbor.com/embeds/script/calendar/catalantrails/items/117194/?asn=fhdn-eur&asn-ref=alloutdooradventures&ref=alloutdooradventures&bookable-only=yes&full-items=yes&marketplace=yes&flow=no""></script>",https://fareharbor.com/embeds/book/catalantrails/items/117194/?asn=fhdn-eur&asn-ref=alloutdooradventures&ref=alloutdooradventures&bookable-only=yes&full-items=yes&marketplace=yes&flow=no,https://cdn.filestackcontent.com/jPXOxlORQzyEpdfx35PA
Tour Me Out,tourme-out,info@tmo.com.es,+34 691 69 88 84,Spain/Catalunya/Barcelona,2.175274,41.380052,135871,Private Tour to Montserrat,Hiking-History Tour-Private,1,55,0,https://fareharbor.com/embeds/calendar/tourme-out/items/135871/?asn=fhdn-eur&asn-ref=alloutdooradventures&ref=alloutdooradventures&bookable-only=yes&full-items=yes&marketplace=yes&flow=no,"<script src=""https://fareharbor.com/embeds/script/calendar/tourme-out/items/135871/?asn=fhdn-eur&asn-ref=alloutdooradventures&ref=alloutdooradventures&bookable-only=yes&full-items=yes&marketplace=yes&flow=no""></script>",https://fareharbor.com/embeds/book/tourme-out/items/135871/?asn=fhdn-eur&asn-ref=alloutdooradventures&ref=alloutdooradventures&bookable-only=yes&full-items=yes&marketplace=yes&flow=no,https://cdn.filestackcontent.com/F2jIaMjrQimlZUL4Ruw8
Flyalgarve,flyalgarve,geral@flyalgarve.pt,+351932756288,Portugal/Faro District/Loulé,,,215735,"Voar parapente/paratrike com motor em Albufeira, Algarve.",Parasail,6,55,617,https://fareharbor.com/embeds/calendar/flyalgarve/items/215735/?asn=fhdn-eur&asn-ref=alloutdooradventures&ref=alloutdooradventures&bookable-only=yes&full-items=yes&marketplace=yes&flow=no,"<script src=""https://fareharbor.com/embeds/script/calendar/flyalgarve/items/215735/?asn=fhdn-eur&asn-ref=alloutdooradventures&ref=alloutdooradventures&bookable-only=yes&full-items=yes&marketplace=yes&flow=no""></script>",https://fareharbor.com/embeds/book/flyalgarve/items/215735/?asn=fhdn-eur&asn-ref=alloutdooradventures&ref=alloutdooradventures&bookable-only=yes&full-items=yes&marketplace=yes&flow=no,https://cdn.filestackcontent.com/gvJPAM0uSvugsOZjBiD5
Unique Tours,uniquetours,hello@uniquetours.com,+34 699 393 249,Spain/Catalunya/Barcelona,,,246005,From Barcelona: Montserrat Monastery & Scenic Mountain Hike,Guided Tour-Hiking-Walking Tour,9,55,177,https://fareharbor.com/embeds/calendar/uniquetours/items/246005/?asn=fhdn-eur&asn-ref=alloutdooradventures&ref=alloutdooradventures&bookable-only=yes&full-items=yes&marketplace=yes&flow=no,"<script src=""https://fareharbor.com/embeds/script/calendar/uniquetours/items/246005/?asn=fhdn-eur&asn-ref=alloutdooradventures&ref=alloutdooradventures&bookable-only=yes&full-items=yes&marketplace=yes&flow=no""></script>",https://fareharbor.com/embeds/book/uniquetours/items/246005/?asn=fhdn-eur&asn-ref=alloutdooradventures&ref=alloutdooradventures&bookable-only=yes&full-items=yes&marketplace=yes&flow=no,https://cdn.filestackcontent.com/sUVTcHx5TjiBfJHuFhJQ
Catalan Trails,catalantrails,info@catalantrails.com,+34604175927,Spain/Catalunya/Barcelona,,,350539,Rural Catalonia Hiking Experience & Rupit medieval town - Private Tour,Hiking,0,55,179,https://fareharbor.com/embeds/calendar/catalantrails/items/350539/?asn=fhdn-eur&asn-ref=alloutdooradventures&ref=alloutdooradventures&bookable-only=yes&full-items=yes&marketplace=yes&flow=no,"<script src=""https://fareharbor.com/embeds/script/calendar/catalantrails/items/350539/?asn=fhdn-eur&asn-ref=alloutdooradventures&ref=alloutdooradventures&bookable-only=yes&full-items=yes&marketplace=yes&flow=no""></script>",https://fareharbor.com/embeds/book/catalantrails/items/350539/?asn=fhdn-eur&asn-ref=alloutdooradventures&ref=alloutdooradventures&bookable-only=yes&full-items=yes&marketplace=yes&flow=no,https://cdn.filestackcontent.com/zfniA0d6SjOPcL9CdB5C
Catalan Trails,catalantrails,info@catalantrails.com,+34604175927,Spain/Catalunya/Barcelona,,,350556,Medieval Villages & La Garrotxa Volcanic Zone Hiking - Private Tour,Hiking,0,55,179,https://fareharbor.com/embeds/calendar/catalantrails/items/350556/?asn=fhdn-eur&asn-ref=alloutdooradventures&ref=alloutdooradventures&bookable-only=yes&full-items=yes&marketplace=yes&flow=no,"<script src=""https://fareharbor.com/embeds/script/calendar/catalantrails/items/350556/?asn=fhdn-eur&asn-ref=alloutdooradventures&ref=alloutdooradventures&bookable-only=yes&full-items=yes&marketplace=yes&flow=no""></script>",https://fareharbor.com/embeds/book/catalantrails/items/350556/?asn=fhdn-eur&asn-ref=alloutdooradventures&ref=alloutdooradventures&bookable-only=yes&full-items=yes&marketplace=yes&flow=no,https://cdn.filestackcontent.com/jPXOxlORQzyEpdfx35PA
Catalan Trails,catalantrails,info@catalantrails.com,+34604175927,Spain/Catalunya/Barcelona,,,350560,Costa Brava Coast Path Hiking & Tossa de Mar Private Tour,Hiking,0,55,179,https://fareharbor.com/embeds/calendar/catalantrails/items/350560/?asn=fhdn-eur&asn-ref=alloutdooradventures&ref=alloutdooradventures&bookable-only=yes&full-items=yes&marketplace=yes&flow=no,"<script src=""https://fareharbor.com/embeds/script/calendar/catalantrails/items/350560/?asn=fhdn-eur&asn-ref=alloutdooradventures&ref=alloutdooradventures&bookable-only=yes&full-items=yes&marketplace=yes&flow=no""></script>",https://fareharbor.com/embeds/book/catalantrails/items/350560/?asn=fhdn-eur&asn-ref=alloutdooradventures&ref=alloutdooradventures&bookable-only=yes&full-items=yes&marketplace=yes&flow=no,https://cdn.filestackcontent.com/LWODIwhRuGBxe21mBGxH
Catalan Trails,catalantrails,info@catalantrails.com,+34604175927,Spain/Catalunya/Barcelona,,,350563,"Montserrat Monastery, Cable Car & Viewpoints Private Tour",Hiking,0,55,358,https://fareharbor.com/embeds/calendar/catalantrails/items/350563/?asn=fhdn-eur&asn-ref=alloutdooradventures&ref=alloutdooradventures&bookable-only=yes&full-items=yes&marketplace=yes&flow=no,"<script src=""https://fareharbor.com/embeds/script/calendar/catalantrails/items/350563/?asn=fhdn-eur&asn-ref=alloutdooradventures&ref=alloutdooradventures&bookable-only=yes&full-items=yes&marketplace=yes&flow=no""></script>",https://fareharbor.com/embeds/book/catalantrails/items/350563/?asn=fhdn-eur&asn-ref=alloutdooradventures&ref=alloutdooradventures&bookable-only=yes&full-items=yes&marketplace=yes&flow=no,https://cdn.filestackcontent.com/lBCFCxzSDefTOvvvyUdd
Catalan Trails,catalantrails,info@catalantrails.com,+34604175927,Spain/Catalunya/Barcelona,,,351600,Pyrenees Hiking Experience Vall del Freser - Private Tour,Hiking,0,55,179,https://fareharbor.com/embeds/calendar/catalantrails/items/351600/?asn=fhdn-eur&asn-ref=alloutdooradventures&ref=alloutdooradventures&bookable-only=yes&full-items=yes&marketplace=yes&flow=no,"<script src=""https://fareharbor.com/embeds/script/calendar/catalantrails/items/351600/?asn=fhdn-eur&asn-ref=alloutdooradventures&ref=alloutdooradventures&bookable-only=yes&full-items=yes&marketplace=yes&flow=no""></script>",https://fareharbor.com/embeds/book/catalantrails/items/351600/?asn=fhdn-eur&asn-ref=alloutdooradventures&ref=alloutdooradventures&bookable-only=yes&full-items=yes&marketplace=yes&flow=no,https://cdn.filestackcontent.com/bVb9JrVvQXadugaKNDRV
Unique Tours,uniquetours,hello@uniquetours.com,+34 699 393 249,Spain/Catalunya/Barcelona,,,359800,Barcelona: Walking and Horse Riding Trip in Montserrat,Hiking-Walking Tour,6,55,171,https://fareharbor.com/embeds/calendar/uniquetours/items/359800/?asn=fhdn-eur&asn-ref=alloutdooradventures&ref=alloutdooradventures&bookable-only=yes&full-items=yes&marketplace=yes&flow=no,"<script src=""https://fareharbor.com/embeds/script/calendar/uniquetours/items/359800/?asn=fhdn-eur&asn-ref=alloutdooradventures&ref=alloutdooradventures&bookable-only=yes&full-items=yes&marketplace=yes&flow=no""></script>",https://fareharbor.com/embeds/book/uniquetours/items/359800/?asn=fhdn-eur&asn-ref=alloutdooradventures&ref=alloutdooradventures&bookable-only=yes&full-items=yes&marketplace=yes&flow=no,https://cdn.filestackcontent.com/k771hpouSWK1YGviTxrx
Unique Tours,uniquetours,hello@uniquetours.com,+34 699 393 249,Spain/Catalunya/Barcelona,,,428645,Private tour - From Barcelona: Montserrat Monastery & Scenic Mountain Hike,Guided Tour-Hiking-Private-Walking Tour,11,55,180,https://fareharbor.com/embeds/calendar/uniquetours/items/428645/?asn=fhdn-eur&asn-ref=alloutdooradventures&ref=alloutdooradventures&bookable-only=yes&full-items=yes&marketplace=yes&flow=no,"<script src=""https://fareharbor.com/embeds/script/calendar/uniquetours/items/428645/?asn=fhdn-eur&asn-ref=alloutdooradventures&ref=alloutdooradventures&bookable-only=yes&full-items=yes&marketplace=yes&flow=no""></script>",https://fareharbor.com/embeds/book/uniquetours/items/428645/?asn=fhdn-eur&asn-ref=alloutdooradventures&ref=alloutdooradventures&bookable-only=yes&full-items=yes&marketplace=yes&flow=no,https://cdn.filestackcontent.com/5XZGW3gAQl2sFyUl2wsS
Tazirga,tazirga,info@tazirga.com,+34 657 19 73 88,Spain/Canarias/Los Silos,-16.81741,28.365126,532583,Ellas son de sal,Hiking,1,55,76,https://fareharbor.com/embeds/calendar/tazirga/items/532583/?asn=fhdn-eur&asn-ref=alloutdooradventures&ref=alloutdooradventures&bookable-only=yes&full-items=yes&marketplace=yes&flow=no,"<script src=""https://fareharbor.com/embeds/script/calendar/tazirga/items/532583/?asn=fhdn-eur&asn-ref=alloutdooradventures&ref=alloutdooradventures&bookable-only=yes&full-items=yes&marketplace=yes&flow=no""></script>",https://fareharbor.com/embeds/book/tazirga/items/532583/?asn=fhdn-eur&asn-ref=alloutdooradventures&ref=alloutdooradventures&bookable-only=yes&full-items=yes&marketplace=yes&flow=no,https://cdn.filestackcontent.com/JzLszAgoR2KT2DPrzcJ3
Farm Experiences & Tours,portugalfarmexperience,hello@portugalfarmexperiences.com,911701055,Italy/Veneto/Lazise,,,691677,Lazise E-Bike Tour and Wine Tasting,Bike Tour-E-Bike-Farm-Winery-Wine,4,55,40,https://fareharbor.com/embeds/calendar/portugalfarmexperience/items/691677/?asn=fhdn-eur&asn-ref=alloutdooradventures&ref=alloutdooradventures&bookable-only=yes&full-items=yes&marketplace=yes&flow=no,"<script src=""https://fareharbor.com/embeds/script/calendar/portugalfarmexperience/items/691677/?asn=fhdn-eur&asn-ref=alloutdooradventures&ref=alloutdooradventures&bookable-only=yes&full-items=yes&marketplace=yes&flow=no""></script>",https://fareharbor.com/embeds/book/portugalfarmexperience/items/691677/?asn=fhdn-eur&asn-ref=alloutdooradventures&ref=alloutdooradventures&bookable-only=yes&full-items=yes&marketplace=yes&flow=no,https://cdn.filestackcontent.com/yBLfGKpyS7SR6cILLbUy
Top Bike Tours,topbiketoursportugal,info@topbiketoursportugal.com,+351 915 316 999,Portugal/Porto/Porto,,,315683,Cycling Holidays,Bike Tour,1,54,0,https://fareharbor.com/embeds/calendar/topbiketoursportugal/items/315683/?asn=fhdn-eur&asn-ref=alloutdooradventures&ref=alloutdooradventures&bookable-only=yes&full-items=yes&marketplace=yes&flow=no,"<script src=""https://fareharbor.com/embeds/script/calendar/topbiketoursportugal/items/315683/?asn=fhdn-eur&asn-ref=alloutdooradventures&ref=alloutdooradventures&bookable-only=yes&full-items=yes&marketplace=yes&flow=no""></script>",https://fareharbor.com/embeds/book/topbiketoursportugal/items/315683/?asn=fhdn-eur&asn-ref=alloutdooradventures&ref=alloutdooradventures&bookable-only=yes&full-items=yes&marketplace=yes&flow=no,https://cdn.filestackcontent.com/NslRkvQTlyRs4omchYW8
Unique Tours,uniquetours,hello@uniquetours.com,+34 699 393 249,Spain/Catalunya/Barcelona,,,433079,Private Tour - Barcelona: Walking and Horse Riding Trip in Montserrat,Hiking-Horse-Private-Walking Tour,8,54,180,https://fareharbor.com/embeds/calendar/uniquetours/items/433079/?asn=fhdn-eur&asn-ref=alloutdooradventures&ref=alloutdooradventures&bookable-only=yes&full-items=yes&marketplace=yes&flow=no,"<script src=""https://fareharbor.com/embeds/script/calendar/uniquetours/items/433079/?asn=fhdn-eur&asn-ref=alloutdooradventures&ref=alloutdooradventures&bookable-only=yes&full-items=yes&marketplace=yes&flow=no""></script>",https://fareharbor.com/embeds/book/uniquetours/items/433079/?asn=fhdn-eur&asn-ref=alloutdooradventures&ref=alloutdooradventures&bookable-only=yes&full-items=yes&marketplace=yes&flow=no,https://cdn.filestackcontent.com/oaYBRryQSBWO7W4YGV6S
Wonder Van,wondervan,welcome@wondervan.pt,+351963667660,Portugal/Lisboa/Sintra,,,437302,Tour Personalizado,Bike Tour,1,54,0,https://fareharbor.com/embeds/calendar/wondervan/items/437302/?asn=fhdn-eur&asn-ref=alloutdooradventures&ref=alloutdooradventures&bookable-only=yes&full-items=yes&marketplace=yes&flow=no,"<script src=""https://fareharbor.com/embeds/script/calendar/wondervan/items/437302/?asn=fhdn-eur&asn-ref=alloutdooradventures&ref=alloutdooradventures&bookable-only=yes&full-items=yes&marketplace=yes&flow=no""></script>",https://fareharbor.com/embeds/book/wondervan/items/437302/?asn=fhdn-eur&asn-ref=alloutdooradventures&ref=alloutdooradventures&bookable-only=yes&full-items=yes&marketplace=yes&flow=no,https://cdn.filestackcontent.com/ol7XzACUQ9ewi833dUgf
Escala 25,escala25,contact@escala25.com,+35 1910916739,Portugal/Lisboa/Cascais,-9.204032,38.697121,454609,"Tours de Escalada - Guia, Cascais",Climbing,4,54,156,https://fareharbor.com/embeds/calendar/escala25/items/454609/?asn=fhdn-eur&asn-ref=alloutdooradventures&ref=alloutdooradventures&bookable-only=yes&full-items=yes&marketplace=yes&flow=no,"<script src=""https://fareharbor.com/embeds/script/calendar/escala25/items/454609/?asn=fhdn-eur&asn-ref=alloutdooradventures&ref=alloutdooradventures&bookable-only=yes&full-items=yes&marketplace=yes&flow=no""></script>",https://fareharbor.com/embeds/book/escala25/items/454609/?asn=fhdn-eur&asn-ref=alloutdooradventures&ref=alloutdooradventures&bookable-only=yes&full-items=yes&marketplace=yes&flow=no,https://cdn.filestackcontent.com/VIFc6H6ETgq5e7xoSdZu
Lloret Water Xtreme,lloretwaterxtreme,info@lloretwaterxtreme.com,618178065,Spain/Catalunya/Lloret de Mar,,,613552,Vuelo en  parasailing,Parasail,1,54,3159,https://fareharbor.com/embeds/calendar/lloretwaterxtreme/items/613552/?asn=fhdn-eur&asn-ref=alloutdooradventures&ref=alloutdooradventures&bookable-only=yes&full-items=yes&marketplace=yes&flow=no,"<script src=""https://fareharbor.com/embeds/script/calendar/lloretwaterxtreme/items/613552/?asn=fhdn-eur&asn-ref=alloutdooradventures&ref=alloutdooradventures&bookable-only=yes&full-items=yes&marketplace=yes&flow=no""></script>",https://fareharbor.com/embeds/book/lloretwaterxtreme/items/613552/?asn=fhdn-eur&asn-ref=alloutdooradventures&ref=alloutdooradventures&bookable-only=yes&full-items=yes&marketplace=yes&flow=no,https://cdn.filestackcontent.com/AXDxp8UYT0COQUXC82EX
Climb Om Experiences,climbom,info@climbom.com,34611283905,Spain/Catalunya/Monistrol de Montserrat,1.843416,41.610778,625875,Montserrat Climbing Experience,Climbing-Sports,1,54,0,https://fareharbor.com/embeds/calendar/climbom/items/625875/?asn=fhdn-eur&asn-ref=alloutdooradventures&ref=alloutdooradventures&bookable-only=yes&full-items=yes&marketplace=yes&flow=no,"<script src=""https://fareharbor.com/embeds/script/calendar/climbom/items/625875/?asn=fhdn-eur&asn-ref=alloutdooradventures&ref=alloutdooradventures&bookable-only=yes&full-items=yes&marketplace=yes&flow=no""></script>",https://fareharbor.com/embeds/book/climbom/items/625875/?asn=fhdn-eur&asn-ref=alloutdooradventures&ref=alloutdooradventures&bookable-only=yes&full-items=yes&marketplace=yes&flow=no,https://cdn.filestackcontent.com/Krvy3YGYRVSHtzDJAER1
ZigZag Mallorca,zigzagmallorca,Info@zigzagmallorca.com,652130869,Spain/Illes Balears/Escorca,,,683199,"Three Peaks of Mallorca Guided Hike – Sa Rateta, Na Franquesa & L’Ofre",Hiking,1,54,19,https://fareharbor.com/embeds/calendar/zigzagmallorca/items/683199/?asn=fhdn-eur&asn-ref=alloutdooradventures&ref=alloutdooradventures&bookable-only=yes&full-items=yes&marketplace=yes&flow=no,"<script src=""https://fareharbor.com/embeds/script/calendar/zigzagmallorca/items/683199/?asn=fhdn-eur&asn-ref=alloutdooradventures&ref=alloutdooradventures&bookable-only=yes&full-items=yes&marketplace=yes&flow=no""></script>",https://fareharbor.com/embeds/book/zigzagmallorca/items/683199/?asn=fhdn-eur&asn-ref=alloutdooradventures&ref=alloutdooradventures&bookable-only=yes&full-items=yes&marketplace=yes&flow=no,https://cdn.filestackcontent.com/784pyEzQSWdn1RW714Zc
WILDIT - Adventure Tours & Travel,mentedesportiva,info@wildit.pt,00351913820390,Portugal/Porto District/Porto,-8.629105,41.157944,128876,Canyoning Tour NI,Climbing,1,53,58,https://fareharbor.com/embeds/calendar/mentedesportiva/items/128876/?asn=fhdn-eur&asn-ref=alloutdooradventures&ref=alloutdooradventures&bookable-only=yes&full-items=yes&marketplace=yes&flow=no,"<script src=""https://fareharbor.com/embeds/script/calendar/mentedesportiva/items/128876/?asn=fhdn-eur&asn-ref=alloutdooradventures&ref=alloutdooradventures&bookable-only=yes&full-items=yes&marketplace=yes&flow=no""></script>",https://fareharbor.com/embeds/book/mentedesportiva/items/128876/?asn=fhdn-eur&asn-ref=alloutdooradventures&ref=alloutdooradventures&bookable-only=yes&full-items=yes&marketplace=yes&flow=no,https://cdn.filestackcontent.com/pyKOdmQnigdChsnBQQeA
Madeira Adventure Kingdom,madeira-adventure-kingdom,reservas@madeira-adventure-kingdom.com,+351918080557,Portugal/Madeira/Funchal,-16.908236,32.650613,175296,Madeira Typical Night,Hiking,1,53,0,https://fareharbor.com/embeds/calendar/madeira-adventure-kingdom/items/175296/?asn=fhdn-eur&asn-ref=alloutdooradventures&ref=alloutdooradventures&bookable-only=yes&full-items=yes&marketplace=yes&flow=no,"<script src=""https://fareharbor.com/embeds/script/calendar/madeira-adventure-kingdom/items/175296/?asn=fhdn-eur&asn-ref=alloutdooradventures&ref=alloutdooradventures&bookable-only=yes&full-items=yes&marketplace=yes&flow=no""></script>",https://fareharbor.com/embeds/book/madeira-adventure-kingdom/items/175296/?asn=fhdn-eur&asn-ref=alloutdooradventures&ref=alloutdooradventures&bookable-only=yes&full-items=yes&marketplace=yes&flow=no,https://cdn.filestackcontent.com/Soo2jTQSrWm77fdJZb2v
BlueXperiences,bluexperiences,info@bluexperiences.pt,+351 964 596 969,Portugal/Faro/Carvoeiro,,,231739,Benagil Caves SUP Sunset,Eco Tour-SUP-Water Activities,10,53,0,https://fareharbor.com/embeds/calendar/bluexperiences/items/231739/?asn=fhdn-eur&asn-ref=alloutdooradventures&ref=alloutdooradventures&bookable-only=yes&full-items=yes&marketplace=yes&flow=no,"<script src=""https://fareharbor.com/embeds/script/calendar/bluexperiences/items/231739/?asn=fhdn-eur&asn-ref=alloutdooradventures&ref=alloutdooradventures&bookable-only=yes&full-items=yes&marketplace=yes&flow=no""></script>",https://fareharbor.com/embeds/book/bluexperiences/items/231739/?asn=fhdn-eur&asn-ref=alloutdooradventures&ref=alloutdooradventures&bookable-only=yes&full-items=yes&marketplace=yes&flow=no,https://cdn.filestackcontent.com/TBbMAZ6FS0eqYDGLq993
Mojo Picon Aventura,mojopiconaventura,info@mojopiconaventura.com,+34691847020,Spain/Canary Islands/Las Palmas de Gran Canaria,-15.436257,28.123546,276383,Barranquismo / BCO DEL OJO ROJO,Hiking,2,53,0,https://fareharbor.com/embeds/calendar/mojopiconaventura/items/276383/?asn=fhdn-eur&asn-ref=alloutdooradventures&ref=alloutdooradventures&bookable-only=yes&full-items=yes&marketplace=yes&flow=no,"<script src=""https://fareharbor.com/embeds/script/calendar/mojopiconaventura/items/276383/?asn=fhdn-eur&asn-ref=alloutdooradventures&ref=alloutdooradventures&bookable-only=yes&full-items=yes&marketplace=yes&flow=no""></script>",https://fareharbor.com/embeds/book/mojopiconaventura/items/276383/?asn=fhdn-eur&asn-ref=alloutdooradventures&ref=alloutdooradventures&bookable-only=yes&full-items=yes&marketplace=yes&flow=no,https://cdn.filestackcontent.com/wqjhGitlQISQJT6QPLbs
Extremo Ambiente,extremoambiente,marketing@extremoambiente.pt,+351916215377,Portugal/Lisboa/Linhó,,,421740,Sintra Jeep Safari • Full Day,Jeep,2,53,160,https://fareharbor.com/embeds/calendar/extremoambiente/items/421740/?asn=fhdn-eur&asn-ref=alloutdooradventures&ref=alloutdooradventures&bookable-only=yes&full-items=yes&marketplace=yes&flow=no,"<script src=""https://fareharbor.com/embeds/script/calendar/extremoambiente/items/421740/?asn=fhdn-eur&asn-ref=alloutdooradventures&ref=alloutdooradventures&bookable-only=yes&full-items=yes&marketplace=yes&flow=no""></script>",https://fareharbor.com/embeds/book/extremoambiente/items/421740/?asn=fhdn-eur&asn-ref=alloutdooradventures&ref=alloutdooradventures&bookable-only=yes&full-items=yes&marketplace=yes&flow=no,https://cdn.filestackcontent.com/0W6GVEBTmy9lp2Fc1HMg
Portugallium,portugallium,info@portugallium.com,+351967220985,Portugal/Lisbon/Lisbon,-9.139337,38.722252,427499,Jeep Safari Arrábida,Jeep-Service-Walking Tour,2,53,154,https://fareharbor.com/embeds/calendar/portugallium/items/427499/?asn=fhdn-eur&asn-ref=alloutdooradventures&ref=alloutdooradventures&bookable-only=yes&full-items=yes&marketplace=yes&flow=no,"<script src=""https://fareharbor.com/embeds/script/calendar/portugallium/items/427499/?asn=fhdn-eur&asn-ref=alloutdooradventures&ref=alloutdooradventures&bookable-only=yes&full-items=yes&marketplace=yes&flow=no""></script>",https://fareharbor.com/embeds/book/portugallium/items/427499/?asn=fhdn-eur&asn-ref=alloutdooradventures&ref=alloutdooradventures&bookable-only=yes&full-items=yes&marketplace=yes&flow=no,https://cdn.filestackcontent.com/Q1pPTJSIRmiDYnTm2sQZ
Tazirga,tazirga,info@tazirga.com,+34 657 19 73 88,Spain/Canary Islands/La Orotava,-16.558331,28.306242,532581,Experiencia Volcánica,Hiking,1,53,76,https://fareharbor.com/embeds/calendar/tazirga/items/532581/?asn=fhdn-eur&asn-ref=alloutdooradventures&ref=alloutdooradventures&bookable-only=yes&full-items=yes&marketplace=yes&flow=no,"<script src=""https://fareharbor.com/embeds/script/calendar/tazirga/items/532581/?asn=fhdn-eur&asn-ref=alloutdooradventures&ref=alloutdooradventures&bookable-only=yes&full-items=yes&marketplace=yes&flow=no""></script>",https://fareharbor.com/embeds/book/tazirga/items/532581/?asn=fhdn-eur&asn-ref=alloutdooradventures&ref=alloutdooradventures&bookable-only=yes&full-items=yes&marketplace=yes&flow=no,https://cdn.filestackcontent.com/FD9b0IdQ46whP6m2JGaA
Into The Wild Madeira,intothewildmadeira,tours@intothewildmadeira.com,+351934108536,Portugal/Madeira/Tabua,,,580788,Madeira Christmas Lights & Magic Evening Tour,Eco Tour,1,53,36,https://fareharbor.com/embeds/calendar/intothewildmadeira/items/580788/?asn=fhdn-eur&asn-ref=alloutdooradventures&ref=alloutdooradventures&bookable-only=yes&full-items=yes&marketplace=yes&flow=no,"<script src=""https://fareharbor.com/embeds/script/calendar/intothewildmadeira/items/580788/?asn=fhdn-eur&asn-ref=alloutdooradventures&ref=alloutdooradventures&bookable-only=yes&full-items=yes&marketplace=yes&flow=no""></script>",https://fareharbor.com/embeds/book/intothewildmadeira/items/580788/?asn=fhdn-eur&asn-ref=alloutdooradventures&ref=alloutdooradventures&bookable-only=yes&full-items=yes&marketplace=yes&flow=no,https://cdn.filestackcontent.com/ykpmLD04RRK2kvcsyhpL
Into The Wild Madeira,intothewildmadeira,tours@intothewildmadeira.com,+351934108536,Portugal/Madeira/Tabua,,,580813,Private | Custom Half-Day 4×4 Tour,Eco Tour,1,53,178,https://fareharbor.com/embeds/calendar/intothewildmadeira/items/580813/?asn=fhdn-eur&asn-ref=alloutdooradventures&ref=alloutdooradventures&bookable-only=yes&full-items=yes&marketplace=yes&flow=no,"<script src=""https://fareharbor.com/embeds/script/calendar/intothewildmadeira/items/580813/?asn=fhdn-eur&asn-ref=alloutdooradventures&ref=alloutdooradventures&bookable-only=yes&full-items=yes&marketplace=yes&flow=no""></script>",https://fareharbor.com/embeds/book/intothewildmadeira/items/580813/?asn=fhdn-eur&asn-ref=alloutdooradventures&ref=alloutdooradventures&bookable-only=yes&full-items=yes&marketplace=yes&flow=no,https://cdn.filestackcontent.com/ifin6QOGR0Gk0lU9OApR
Into The Wild Madeira,intothewildmadeira,tours@intothewildmadeira.com,+351934108536,Portugal/Madeira/Tabua,,,580815,Private | Custom Full-Day 4×4 Safari Tour,Eco Tour,1,53,89,https://fareharbor.com/embeds/calendar/intothewildmadeira/items/580815/?asn=fhdn-eur&asn-ref=alloutdooradventures&ref=alloutdooradventures&bookable-only=yes&full-items=yes&marketplace=yes&flow=no,"<script src=""https://fareharbor.com/embeds/script/calendar/intothewildmadeira/items/580815/?asn=fhdn-eur&asn-ref=alloutdooradventures&ref=alloutdooradventures&bookable-only=yes&full-items=yes&marketplace=yes&flow=no""></script>",https://fareharbor.com/embeds/book/intothewildmadeira/items/580815/?asn=fhdn-eur&asn-ref=alloutdooradventures&ref=alloutdooradventures&bookable-only=yes&full-items=yes&marketplace=yes&flow=no,https://cdn.filestackcontent.com/LFsZPKuZRcS86LhNN0hy
Into The Wild Madeira,intothewildmadeira,tours@intothewildmadeira.com,+351934108536,Portugal/Madeira/Tabua,,,580818,Private | Sunrise & Hike with optional breakfast,Eco Tour,1,53,89,https://fareharbor.com/embeds/calendar/intothewildmadeira/items/580818/?asn=fhdn-eur&asn-ref=alloutdooradventures&ref=alloutdooradventures&bookable-only=yes&full-items=yes&marketplace=yes&flow=no,"<script src=""https://fareharbor.com/embeds/script/calendar/intothewildmadeira/items/580818/?asn=fhdn-eur&asn-ref=alloutdooradventures&ref=alloutdooradventures&bookable-only=yes&full-items=yes&marketplace=yes&flow=no""></script>",https://fareharbor.com/embeds/book/intothewildmadeira/items/580818/?asn=fhdn-eur&asn-ref=alloutdooradventures&ref=alloutdooradventures&bookable-only=yes&full-items=yes&marketplace=yes&flow=no,https://cdn.filestackcontent.com/YiEJZB1vSFCwhK4JQYdr
Into The Wild Madeira,intothewildmadeira,tours@intothewildmadeira.com,+351934108536,Portugal/Madeira/Tabua,,,580822,Private | Custom Levada / Hike,Eco Tour,1,53,89,https://fareharbor.com/embeds/calendar/intothewildmadeira/items/580822/?asn=fhdn-eur&asn-ref=alloutdooradventures&ref=alloutdooradventures&bookable-only=yes&full-items=yes&marketplace=yes&flow=no,"<script src=""https://fareharbor.com/embeds/script/calendar/intothewildmadeira/items/580822/?asn=fhdn-eur&asn-ref=alloutdooradventures&ref=alloutdooradventures&bookable-only=yes&full-items=yes&marketplace=yes&flow=no""></script>",https://fareharbor.com/embeds/book/intothewildmadeira/items/580822/?asn=fhdn-eur&asn-ref=alloutdooradventures&ref=alloutdooradventures&bookable-only=yes&full-items=yes&marketplace=yes&flow=no,https://cdn.filestackcontent.com/ngojavnBT2eNOsxCm0FW
"Momentos Dinâmicos, Lda.",momentosdinamicos,info@momentosdinamicos.com,+351 926052995,Portugal/Faro/Albufeira,,,613161,Parasailing,Parasail,1,53,869,https://fareharbor.com/embeds/calendar/momentosdinamicos/items/613161/?asn=fhdn-eur&asn-ref=alloutdooradventures&ref=alloutdooradventures&bookable-only=yes&full-items=yes&marketplace=yes&flow=no,"<script src=""https://fareharbor.com/embeds/script/calendar/momentosdinamicos/items/613161/?asn=fhdn-eur&asn-ref=alloutdooradventures&ref=alloutdooradventures&bookable-only=yes&full-items=yes&marketplace=yes&flow=no""></script>",https://fareharbor.com/embeds/book/momentosdinamicos/items/613161/?asn=fhdn-eur&asn-ref=alloutdooradventures&ref=alloutdooradventures&bookable-only=yes&full-items=yes&marketplace=yes&flow=no,https://cdn.filestackcontent.com/TTfvKfw2QtqqxMTvZffJ
Montefusco Cycling,roadcycling,claudio@roadcycling.barcelona,+34 607 51 57 82,Spain/Catalonia/Barcelona,,,107551,Barcelona Girona Gravel Ride,Bike Tour,2,52,163,https://fareharbor.com/embeds/calendar/roadcycling/items/107551/?asn=fhdn-eur&asn-ref=alloutdooradventures&ref=alloutdooradventures&bookable-only=yes&full-items=yes&marketplace=yes&flow=no,"<script src=""https://fareharbor.com/embeds/script/calendar/roadcycling/items/107551/?asn=fhdn-eur&asn-ref=alloutdooradventures&ref=alloutdooradventures&bookable-only=yes&full-items=yes&marketplace=yes&flow=no""></script>",https://fareharbor.com/embeds/book/roadcycling/items/107551/?asn=fhdn-eur&asn-ref=alloutdooradventures&ref=alloutdooradventures&bookable-only=yes&full-items=yes&marketplace=yes&flow=no,https://cdn.filestackcontent.com/HFxOKbjuTKie5XIUAorW
Medaqua,medaqua,info@medaqua.com,(+34) 972 752043,Spain/Catalunya/L'Estartit,,,556527,Sunset / Golden hour,Bike Tour,5,52,29,https://fareharbor.com/embeds/calendar/medaqua/items/556527/?asn=fhdn-eur&asn-ref=alloutdooradventures&ref=alloutdooradventures&bookable-only=yes&full-items=yes&marketplace=yes&flow=no,"<script src=""https://fareharbor.com/embeds/script/calendar/medaqua/items/556527/?asn=fhdn-eur&asn-ref=alloutdooradventures&ref=alloutdooradventures&bookable-only=yes&full-items=yes&marketplace=yes&flow=no""></script>",https://fareharbor.com/embeds/book/medaqua/items/556527/?asn=fhdn-eur&asn-ref=alloutdooradventures&ref=alloutdooradventures&bookable-only=yes&full-items=yes&marketplace=yes&flow=no,https://cdn.filestackcontent.com/SCbkt9TlmT4tEKdNJ9Qu
Quinta de Ventozelo,quintadeventozelo,hotel@quintadeventozelo.pt,+351 254 732 167,Portugal/Viseu/Ervedosa do Douro,,,605072,Passeio de jipe,Eco Tour,1,52,263,https://fareharbor.com/embeds/calendar/quintadeventozelo/items/605072/?asn=fhdn-eur&asn-ref=alloutdooradventures&ref=alloutdooradventures&bookable-only=yes&full-items=yes&marketplace=yes&flow=no,"<script src=""https://fareharbor.com/embeds/script/calendar/quintadeventozelo/items/605072/?asn=fhdn-eur&asn-ref=alloutdooradventures&ref=alloutdooradventures&bookable-only=yes&full-items=yes&marketplace=yes&flow=no""></script>",https://fareharbor.com/embeds/book/quintadeventozelo/items/605072/?asn=fhdn-eur&asn-ref=alloutdooradventures&ref=alloutdooradventures&bookable-only=yes&full-items=yes&marketplace=yes&flow=no,https://cdn.filestackcontent.com/vMpY5XqfS1CkErtXmwOE
I'm Pedal,iampedal,info@iampedal.com,+34 609 288 893,Spain/Canarias/Mogán,,,668569,Half Challenge BikeRides by I'M PEDAL,Bike Tour,1,51,180,https://fareharbor.com/embeds/calendar/iampedal/items/668569/?asn=fhdn-eur&asn-ref=alloutdooradventures&ref=alloutdooradventures&bookable-only=yes&full-items=yes&marketplace=yes&flow=no,"<script src=""https://fareharbor.com/embeds/script/calendar/iampedal/items/668569/?asn=fhdn-eur&asn-ref=alloutdooradventures&ref=alloutdooradventures&bookable-only=yes&full-items=yes&marketplace=yes&flow=no""></script>",https://fareharbor.com/embeds/book/iampedal/items/668569/?asn=fhdn-eur&asn-ref=alloutdooradventures&ref=alloutdooradventures&bookable-only=yes&full-items=yes&marketplace=yes&flow=no,https://cdn.filestackcontent.com/uEYXcKQivqaD7qrwdKQR
Farm Experiences & Tours,portugalfarmexperience,hello@portugalfarmexperiences.com,911701055,Portugal/Lisboa/Colares,,,690843,Sintra Hike & Wine Experience,Farm-Hiking-Winery-Wine,4,51,0,https://fareharbor.com/embeds/calendar/portugalfarmexperience/items/690843/?asn=fhdn-eur&asn-ref=alloutdooradventures&ref=alloutdooradventures&bookable-only=yes&full-items=yes&marketplace=yes&flow=no,"<script src=""https://fareharbor.com/embeds/script/calendar/portugalfarmexperience/items/690843/?asn=fhdn-eur&asn-ref=alloutdooradventures&ref=alloutdooradventures&bookable-only=yes&full-items=yes&marketplace=yes&flow=no""></script>",https://fareharbor.com/embeds/book/portugalfarmexperience/items/690843/?asn=fhdn-eur&asn-ref=alloutdooradventures&ref=alloutdooradventures&bookable-only=yes&full-items=yes&marketplace=yes&flow=no,https://cdn.filestackcontent.com/x1hDFi6sTQWL2CqI4fI4
Tourne,tournebilbao,info@tournebilbao.com,+34 688 749 372,Spain/Euskadi/Bilbo,,,159060,Getxo Seaside Private E-bike Tour,Bike Rental-Bike Tour,2,50,0,https://fareharbor.com/embeds/calendar/tournebilbao/items/159060/?asn=fhdn-eur&asn-ref=alloutdooradventures&ref=alloutdooradventures&bookable-only=yes&full-items=yes&marketplace=yes&flow=no,"<script src=""https://fareharbor.com/embeds/script/calendar/tournebilbao/items/159060/?asn=fhdn-eur&asn-ref=alloutdooradventures&ref=alloutdooradventures&bookable-only=yes&full-items=yes&marketplace=yes&flow=no""></script>",https://fareharbor.com/embeds/book/tournebilbao/items/159060/?asn=fhdn-eur&asn-ref=alloutdooradventures&ref=alloutdooradventures&bookable-only=yes&full-items=yes&marketplace=yes&flow=no,https://cdn.filestackcontent.com/as3qGYq7Tp2gvK3cvVcx
Zimzala Bikes,zimzalabikes,info@watersmile.pt,351926823579,Portugal/Faro/Albufeira,,,623478,E Bike tour until the famous Cliffside Chapel - Nossa Sra da Rocha,Bike Tour,1,50,718,https://fareharbor.com/embeds/calendar/zimzalabikes/items/623478/?asn=fhdn-eur&asn-ref=alloutdooradventures&ref=alloutdooradventures&bookable-only=yes&full-items=yes&marketplace=yes&flow=no,"<script src=""https://fareharbor.com/embeds/script/calendar/zimzalabikes/items/623478/?asn=fhdn-eur&asn-ref=alloutdooradventures&ref=alloutdooradventures&bookable-only=yes&full-items=yes&marketplace=yes&flow=no""></script>",https://fareharbor.com/embeds/book/zimzalabikes/items/623478/?asn=fhdn-eur&asn-ref=alloutdooradventures&ref=alloutdooradventures&bookable-only=yes&full-items=yes&marketplace=yes&flow=no,https://cdn.filestackcontent.com/19sOHCmSE6kbdNCdNjAA
Mountain AdvenTours,mountainadventours,RESERVAS@MOUNTAINADVENTOURS.COM,912599017,Portugal/Vila Real/Boticas e Granja,,,654627,Via Ferrata Teto do Mundo,Climbing-Ropes Course,1,50,360,https://fareharbor.com/embeds/calendar/mountainadventours/items/654627/?asn=fhdn-eur&asn-ref=alloutdooradventures&ref=alloutdooradventures&bookable-only=yes&full-items=yes&marketplace=yes&flow=no,"<script src=""https://fareharbor.com/embeds/script/calendar/mountainadventours/items/654627/?asn=fhdn-eur&asn-ref=alloutdooradventures&ref=alloutdooradventures&bookable-only=yes&full-items=yes&marketplace=yes&flow=no""></script>",https://fareharbor.com/embeds/book/mountainadventours/items/654627/?asn=fhdn-eur&asn-ref=alloutdooradventures&ref=alloutdooradventures&bookable-only=yes&full-items=yes&marketplace=yes&flow=no,https://cdn.filestackcontent.com/xCYOsT5aRCWcC7jY747k
Mountain AdvenTours,mountainadventours,RESERVAS@MOUNTAINADVENTOURS.COM,912599017,Portugal/Vila Real/Boticas e Granja,,,654629,Via Ferrata Rabaçal,Climbing-Ropes Course,1,50,0,https://fareharbor.com/embeds/calendar/mountainadventours/items/654629/?asn=fhdn-eur&asn-ref=alloutdooradventures&ref=alloutdooradventures&bookable-only=yes&full-items=yes&marketplace=yes&flow=no,"<script src=""https://fareharbor.com/embeds/script/calendar/mountainadventours/items/654629/?asn=fhdn-eur&asn-ref=alloutdooradventures&ref=alloutdooradventures&bookable-only=yes&full-items=yes&marketplace=yes&flow=no""></script>",https://fareharbor.com/embeds/book/mountainadventours/items/654629/?asn=fhdn-eur&asn-ref=alloutdooradventures&ref=alloutdooradventures&bookable-only=yes&full-items=yes&marketplace=yes&flow=no,https://cdn.filestackcontent.com/fSV6AzySD62ePpFiYXmQ
Soul Jeep Experience,souljeep,info@souljeep.com,+34 614 47 56 04,Spain/Canarias/Costa Adeje,,,667447,Teide al Tramonto - VIP Tour,Jeep,1,50,180,https://fareharbor.com/embeds/calendar/souljeep/items/667447/?asn=fhdn-eur&asn-ref=alloutdooradventures&ref=alloutdooradventures&bookable-only=yes&full-items=yes&marketplace=yes&flow=no,"<script src=""https://fareharbor.com/embeds/script/calendar/souljeep/items/667447/?asn=fhdn-eur&asn-ref=alloutdooradventures&ref=alloutdooradventures&bookable-only=yes&full-items=yes&marketplace=yes&flow=no""></script>",https://fareharbor.com/embeds/book/souljeep/items/667447/?asn=fhdn-eur&asn-ref=alloutdooradventures&ref=alloutdooradventures&bookable-only=yes&full-items=yes&marketplace=yes&flow=no,
Soul Jeep Experience,souljeep,info@souljeep.com,+34 614 47 56 04,Spain/Canarias/Costa Adeje,,,667469,Teide di Giorno - VIP Tour,Jeep,1,50,180,https://fareharbor.com/embeds/calendar/souljeep/items/667469/?asn=fhdn-eur&asn-ref=alloutdooradventures&ref=alloutdooradventures&bookable-only=yes&full-items=yes&marketplace=yes&flow=no,"<script src=""https://fareharbor.com/embeds/script/calendar/souljeep/items/667469/?asn=fhdn-eur&asn-ref=alloutdooradventures&ref=alloutdooradventures&bookable-only=yes&full-items=yes&marketplace=yes&flow=no""></script>",https://fareharbor.com/embeds/book/souljeep/items/667469/?asn=fhdn-eur&asn-ref=alloutdooradventures&ref=alloutdooradventures&bookable-only=yes&full-items=yes&marketplace=yes&flow=no,
Soul Jeep Experience,souljeep,info@souljeep.com,+34 614 47 56 04,Spain/Canarias/Costa Adeje,,,667472,Tour Costiero - VIP Tour,Jeep,1,50,180,https://fareharbor.com/embeds/calendar/souljeep/items/667472/?asn=fhdn-eur&asn-ref=alloutdooradventures&ref=alloutdooradventures&bookable-only=yes&full-items=yes&marketplace=yes&flow=no,"<script src=""https://fareharbor.com/embeds/script/calendar/souljeep/items/667472/?asn=fhdn-eur&asn-ref=alloutdooradventures&ref=alloutdooradventures&bookable-only=yes&full-items=yes&marketplace=yes&flow=no""></script>",https://fareharbor.com/embeds/book/souljeep/items/667472/?asn=fhdn-eur&asn-ref=alloutdooradventures&ref=alloutdooradventures&bookable-only=yes&full-items=yes&marketplace=yes&flow=no,
Soul Jeep Experience,souljeep,info@souljeep.com,+34 614 47 56 04,Spain/Canarias/Costa Adeje,,,667474,Teide al Tramonto - Driver Experience,Jeep,1,50,180,https://fareharbor.com/embeds/calendar/souljeep/items/667474/?asn=fhdn-eur&asn-ref=alloutdooradventures&ref=alloutdooradventures&bookable-only=yes&full-items=yes&marketplace=yes&flow=no,"<script src=""https://fareharbor.com/embeds/script/calendar/souljeep/items/667474/?asn=fhdn-eur&asn-ref=alloutdooradventures&ref=alloutdooradventures&bookable-only=yes&full-items=yes&marketplace=yes&flow=no""></script>",https://fareharbor.com/embeds/book/souljeep/items/667474/?asn=fhdn-eur&asn-ref=alloutdooradventures&ref=alloutdooradventures&bookable-only=yes&full-items=yes&marketplace=yes&flow=no,https://cdn.filestackcontent.com/HdBCSIhhRm6c5yy2f0Eo
Amigo Tours Europe - Spain,amigotoursspain,madrid@amigotours.com,(+34)911293483,Spain/Andalucía/Sevilla,,,110017,Skip the Lines Seville Cathedral Tour,Climbing,1,49,125,https://fareharbor.com/embeds/calendar/amigotoursspain/items/110017/?asn=fhdn-eur&asn-ref=alloutdooradventures&ref=alloutdooradventures&bookable-only=yes&full-items=yes&marketplace=yes&flow=no,"<script src=""https://fareharbor.com/embeds/script/calendar/amigotoursspain/items/110017/?asn=fhdn-eur&asn-ref=alloutdooradventures&ref=alloutdooradventures&bookable-only=yes&full-items=yes&marketplace=yes&flow=no""></script>",https://fareharbor.com/embeds/book/amigotoursspain/items/110017/?asn=fhdn-eur&asn-ref=alloutdooradventures&ref=alloutdooradventures&bookable-only=yes&full-items=yes&marketplace=yes&flow=no,https://cdn.filestackcontent.com/N7qh1OOSS1qr41ninNel
Amigo Tours Europe - Spain,amigotoursspain,madrid@amigotours.com,(+34)911293483,Spain/Andalucía/Sevilla,,,110020,Super Combo • Cathedral & Alcazar of Seville,Climbing,1,49,123,https://fareharbor.com/embeds/calendar/amigotoursspain/items/110020/?asn=fhdn-eur&asn-ref=alloutdooradventures&ref=alloutdooradventures&bookable-only=yes&full-items=yes&marketplace=yes&flow=no,"<script src=""https://fareharbor.com/embeds/script/calendar/amigotoursspain/items/110020/?asn=fhdn-eur&asn-ref=alloutdooradventures&ref=alloutdooradventures&bookable-only=yes&full-items=yes&marketplace=yes&flow=no""></script>",https://fareharbor.com/embeds/book/amigotoursspain/items/110020/?asn=fhdn-eur&asn-ref=alloutdooradventures&ref=alloutdooradventures&bookable-only=yes&full-items=yes&marketplace=yes&flow=no,https://cdn.filestackcontent.com/IRxbIeJhRLSesdFih1hc
Mojo Picon Aventura,mojopiconaventura,info@mojopiconaventura.com,+34691847020,Spain/Canarias/La Garita,,,202443,Senderismo Ruta Roque Nublo,Hiking,1,49,11,https://fareharbor.com/embeds/calendar/mojopiconaventura/items/202443/?asn=fhdn-eur&asn-ref=alloutdooradventures&ref=alloutdooradventures&bookable-only=yes&full-items=yes&marketplace=yes&flow=no,"<script src=""https://fareharbor.com/embeds/script/calendar/mojopiconaventura/items/202443/?asn=fhdn-eur&asn-ref=alloutdooradventures&ref=alloutdooradventures&bookable-only=yes&full-items=yes&marketplace=yes&flow=no""></script>",https://fareharbor.com/embeds/book/mojopiconaventura/items/202443/?asn=fhdn-eur&asn-ref=alloutdooradventures&ref=alloutdooradventures&bookable-only=yes&full-items=yes&marketplace=yes&flow=no,https://cdn.filestackcontent.com/iFuy0mOmSy2LjnM0I3R3
Mojo Picon Aventura,mojopiconaventura,info@mojopiconaventura.com,+34691847020,Spain/Canarias/La Garita,,,202445,Senderismo Ruta Arco del Coronadero,Hiking,1,49,0,https://fareharbor.com/embeds/calendar/mojopiconaventura/items/202445/?asn=fhdn-eur&asn-ref=alloutdooradventures&ref=alloutdooradventures&bookable-only=yes&full-items=yes&marketplace=yes&flow=no,"<script src=""https://fareharbor.com/embeds/script/calendar/mojopiconaventura/items/202445/?asn=fhdn-eur&asn-ref=alloutdooradventures&ref=alloutdooradventures&bookable-only=yes&full-items=yes&marketplace=yes&flow=no""></script>",https://fareharbor.com/embeds/book/mojopiconaventura/items/202445/?asn=fhdn-eur&asn-ref=alloutdooradventures&ref=alloutdooradventures&bookable-only=yes&full-items=yes&marketplace=yes&flow=no,https://cdn.filestackcontent.com/werj8CZbQbWcBUx3TwAh
WILDIT - Adventure Tours & Travel,mentedesportiva,info@wildit.pt,00351913820390,Portugal/Porto District/Porto,-8.629105,41.157944,215133,Canyoning in Vessadas River,Climbing,1,49,0,https://fareharbor.com/embeds/calendar/mentedesportiva/items/215133/?asn=fhdn-eur&asn-ref=alloutdooradventures&ref=alloutdooradventures&bookable-only=yes&full-items=yes&marketplace=yes&flow=no,"<script src=""https://fareharbor.com/embeds/script/calendar/mentedesportiva/items/215133/?asn=fhdn-eur&asn-ref=alloutdooradventures&ref=alloutdooradventures&bookable-only=yes&full-items=yes&marketplace=yes&flow=no""></script>",https://fareharbor.com/embeds/book/mentedesportiva/items/215133/?asn=fhdn-eur&asn-ref=alloutdooradventures&ref=alloutdooradventures&bookable-only=yes&full-items=yes&marketplace=yes&flow=no,https://cdn.filestackcontent.com/EdrGIMELQnycuSZvZBlt
Flamingo Experiences,flamingoexperiences,go@flamingoexperiences.com,+351 937 686 602,Portugal/Lisboa/Sintra,-9.377152,38.801604,234388,Magical Forest Hike + Picnic in Sintra,Hiking-Private-Train,1,49,0,https://fareharbor.com/embeds/calendar/flamingoexperiences/items/234388/?asn=fhdn-eur&asn-ref=alloutdooradventures&ref=alloutdooradventures&bookable-only=yes&full-items=yes&marketplace=yes&flow=no,"<script src=""https://fareharbor.com/embeds/script/calendar/flamingoexperiences/items/234388/?asn=fhdn-eur&asn-ref=alloutdooradventures&ref=alloutdooradventures&bookable-only=yes&full-items=yes&marketplace=yes&flow=no""></script>",https://fareharbor.com/embeds/book/flamingoexperiences/items/234388/?asn=fhdn-eur&asn-ref=alloutdooradventures&ref=alloutdooradventures&bookable-only=yes&full-items=yes&marketplace=yes&flow=no,https://cdn.filestackcontent.com/L73Ti6MLTayBi0jFaDNf
Catalan Trails,catalantrails,info@catalantrails.com,+34604175927,Spain/Catalonia,,,265189,Raquetes de Neu,Hiking-Ski,1,49,0,https://fareharbor.com/embeds/calendar/catalantrails/items/265189/?asn=fhdn-eur&asn-ref=alloutdooradventures&ref=alloutdooradventures&bookable-only=yes&full-items=yes&marketplace=yes&flow=no,"<script src=""https://fareharbor.com/embeds/script/calendar/catalantrails/items/265189/?asn=fhdn-eur&asn-ref=alloutdooradventures&ref=alloutdooradventures&bookable-only=yes&full-items=yes&marketplace=yes&flow=no""></script>",https://fareharbor.com/embeds/book/catalantrails/items/265189/?asn=fhdn-eur&asn-ref=alloutdooradventures&ref=alloutdooradventures&bookable-only=yes&full-items=yes&marketplace=yes&flow=no,https://cdn.filestackcontent.com/Zd2386irTTW1h2aumnuq
Tour2B,tour2b,reservas@tour2b.com,+34 971 072 073,Spain/Canarias/Las Palmas de Gran Canaria,,,266997,Excursión por Gran Canaria en jeep,Jeep,1,49,0,https://fareharbor.com/embeds/calendar/tour2b/items/266997/?asn=fhdn-eur&asn-ref=alloutdooradventures&ref=alloutdooradventures&bookable-only=yes&full-items=yes&marketplace=yes&flow=no,"<script src=""https://fareharbor.com/embeds/script/calendar/tour2b/items/266997/?asn=fhdn-eur&asn-ref=alloutdooradventures&ref=alloutdooradventures&bookable-only=yes&full-items=yes&marketplace=yes&flow=no""></script>",https://fareharbor.com/embeds/book/tour2b/items/266997/?asn=fhdn-eur&asn-ref=alloutdooradventures&ref=alloutdooradventures&bookable-only=yes&full-items=yes&marketplace=yes&flow=no,https://cdn.filestackcontent.com/eB6HSrUcQWyd6FWLHkNg
Tour2B,tour2b,reservas@tour2b.com,+34 971 072 073,Spain/Canarias/El Matorral,,,270935,Excursión en Jeep por el sur de Fuerteventura: Parque Natural de Jandía y Cofete,Jeep,1,49,0,https://fareharbor.com/embeds/calendar/tour2b/items/270935/?asn=fhdn-eur&asn-ref=alloutdooradventures&ref=alloutdooradventures&bookable-only=yes&full-items=yes&marketplace=yes&flow=no,"<script src=""https://fareharbor.com/embeds/script/calendar/tour2b/items/270935/?asn=fhdn-eur&asn-ref=alloutdooradventures&ref=alloutdooradventures&bookable-only=yes&full-items=yes&marketplace=yes&flow=no""></script>",https://fareharbor.com/embeds/book/tour2b/items/270935/?asn=fhdn-eur&asn-ref=alloutdooradventures&ref=alloutdooradventures&bookable-only=yes&full-items=yes&marketplace=yes&flow=no,https://cdn.filestackcontent.com/YrHVXxXQ5SaMav6p87ij
Mojo Picon Aventura,mojopiconaventura,info@mojopiconaventura.com,+34691847020,Spain/Canary Islands/Las Palmas de Gran Canaria,-15.436257,28.123546,276378,Barranquismo / BCO DEL ÁGUILA,Hiking,1,49,0,https://fareharbor.com/embeds/calendar/mojopiconaventura/items/276378/?asn=fhdn-eur&asn-ref=alloutdooradventures&ref=alloutdooradventures&bookable-only=yes&full-items=yes&marketplace=yes&flow=no,"<script src=""https://fareharbor.com/embeds/script/calendar/mojopiconaventura/items/276378/?asn=fhdn-eur&asn-ref=alloutdooradventures&ref=alloutdooradventures&bookable-only=yes&full-items=yes&marketplace=yes&flow=no""></script>",https://fareharbor.com/embeds/book/mojopiconaventura/items/276378/?asn=fhdn-eur&asn-ref=alloutdooradventures&ref=alloutdooradventures&bookable-only=yes&full-items=yes&marketplace=yes&flow=no,https://cdn.filestackcontent.com/IVScHonkQikAJXssOncc
Tourism Hub,tuktukiberica,info@tourismhub.es,+34 676 704 448,Spain/Comunidad Valenciana/València,-0.377463,39.466473,367349,Conoce el centro Histórico de Valencia Mediante Audioguía,Bike Tour,1,49,180,https://fareharbor.com/embeds/calendar/tuktukiberica/items/367349/?asn=fhdn-eur&asn-ref=alloutdooradventures&ref=alloutdooradventures&bookable-only=yes&full-items=yes&marketplace=yes&flow=no,"<script src=""https://fareharbor.com/embeds/script/calendar/tuktukiberica/items/367349/?asn=fhdn-eur&asn-ref=alloutdooradventures&ref=alloutdooradventures&bookable-only=yes&full-items=yes&marketplace=yes&flow=no""></script>",https://fareharbor.com/embeds/book/tuktukiberica/items/367349/?asn=fhdn-eur&asn-ref=alloutdooradventures&ref=alloutdooradventures&bookable-only=yes&full-items=yes&marketplace=yes&flow=no,https://cdn.filestackcontent.com/8tMlXVVqTIC5BNS9shFU
Motor Verde,motorverde,infotienda@motorverde.es,+34946128526,Spain/Euskadi/Bilbo,,,444263,Alquilar bicicleta eléctrica de carretera PREMIUM,Bike Rental-Bike Tour-E-Bike,1,49,1061,https://fareharbor.com/embeds/calendar/motorverde/items/444263/?asn=fhdn-eur&asn-ref=alloutdooradventures&ref=alloutdooradventures&bookable-only=yes&full-items=yes&marketplace=yes&flow=no,"<script src=""https://fareharbor.com/embeds/script/calendar/motorverde/items/444263/?asn=fhdn-eur&asn-ref=alloutdooradventures&ref=alloutdooradventures&bookable-only=yes&full-items=yes&marketplace=yes&flow=no""></script>",https://fareharbor.com/embeds/book/motorverde/items/444263/?asn=fhdn-eur&asn-ref=alloutdooradventures&ref=alloutdooradventures&bookable-only=yes&full-items=yes&marketplace=yes&flow=no,https://cdn.filestackcontent.com/RviWhSDQFqQ3sm1CGNMQ
Stallerbike,stallerbike,stallerbike@yahoo.de,+351 914 483 749,Portugal/Faro/Paderne,,,543078,E-Mountainbike Adventure Tour “Cliffs of Falésia”,Bike Tour,1,49,26,https://fareharbor.com/embeds/calendar/stallerbike/items/543078/?asn=fhdn-eur&asn-ref=alloutdooradventures&ref=alloutdooradventures&bookable-only=yes&full-items=yes&marketplace=yes&flow=no,"<script src=""https://fareharbor.com/embeds/script/calendar/stallerbike/items/543078/?asn=fhdn-eur&asn-ref=alloutdooradventures&ref=alloutdooradventures&bookable-only=yes&full-items=yes&marketplace=yes&flow=no""></script>",https://fareharbor.com/embeds/book/stallerbike/items/543078/?asn=fhdn-eur&asn-ref=alloutdooradventures&ref=alloutdooradventures&bookable-only=yes&full-items=yes&marketplace=yes&flow=no,https://cdn.filestackcontent.com/EDGzMLIxRxWWx0BYsbA9
Stallerbike,stallerbike,stallerbike@yahoo.de,+351 914 483 749,Portugal/Faro District/Vila Nova de Cacela,-7.567074,37.15667,543122,Gravelbike Tour,Bike Tour,1,49,0,https://fareharbor.com/embeds/calendar/stallerbike/items/543122/?asn=fhdn-eur&asn-ref=alloutdooradventures&ref=alloutdooradventures&bookable-only=yes&full-items=yes&marketplace=yes&flow=no,"<script src=""https://fareharbor.com/embeds/script/calendar/stallerbike/items/543122/?asn=fhdn-eur&asn-ref=alloutdooradventures&ref=alloutdooradventures&bookable-only=yes&full-items=yes&marketplace=yes&flow=no""></script>",https://fareharbor.com/embeds/book/stallerbike/items/543122/?asn=fhdn-eur&asn-ref=alloutdooradventures&ref=alloutdooradventures&bookable-only=yes&full-items=yes&marketplace=yes&flow=no,https://cdn.filestackcontent.com/ci7BHpIxSIByScS6TCwQ
Stallerbike,stallerbike,stallerbike@yahoo.de,+351 914 483 749,Portugal/Faro District/Vila Nova de Cacela,-7.567074,37.15667,543123,Roadbike Tour “São Brás”,Bike Tour,1,49,0,https://fareharbor.com/embeds/calendar/stallerbike/items/543123/?asn=fhdn-eur&asn-ref=alloutdooradventures&ref=alloutdooradventures&bookable-only=yes&full-items=yes&marketplace=yes&flow=no,"<script src=""https://fareharbor.com/embeds/script/calendar/stallerbike/items/543123/?asn=fhdn-eur&asn-ref=alloutdooradventures&ref=alloutdooradventures&bookable-only=yes&full-items=yes&marketplace=yes&flow=no""></script>",https://fareharbor.com/embeds/book/stallerbike/items/543123/?asn=fhdn-eur&asn-ref=alloutdooradventures&ref=alloutdooradventures&bookable-only=yes&full-items=yes&marketplace=yes&flow=no,https://cdn.filestackcontent.com/gQRPJNiKTrub6y3GsRvD
Madeira Happy Tours,madeirahappytours,madeirahappytours@gmail.com,+351 939 523 860,Portugal/Madeira/Funchal,,,570533,Levada Ribeiro Frio – Portela,Eco Tour,1,49,51,https://fareharbor.com/embeds/calendar/madeirahappytours/items/570533/?asn=fhdn-eur&asn-ref=alloutdooradventures&ref=alloutdooradventures&bookable-only=yes&full-items=yes&marketplace=yes&flow=no,"<script src=""https://fareharbor.com/embeds/script/calendar/madeirahappytours/items/570533/?asn=fhdn-eur&asn-ref=alloutdooradventures&ref=alloutdooradventures&bookable-only=yes&full-items=yes&marketplace=yes&flow=no""></script>",https://fareharbor.com/embeds/book/madeirahappytours/items/570533/?asn=fhdn-eur&asn-ref=alloutdooradventures&ref=alloutdooradventures&bookable-only=yes&full-items=yes&marketplace=yes&flow=no,https://cdn.filestackcontent.com/Y25WxdRFTjSYXAI9IJSj
Madeira Happy Tours,madeirahappytours,madeirahappytours@gmail.com,+351 939 523 860,Portugal/Madeira/Funchal,,,570538,Levada do Rei,Eco Tour,1,49,51,https://fareharbor.com/embeds/calendar/madeirahappytours/items/570538/?asn=fhdn-eur&asn-ref=alloutdooradventures&ref=alloutdooradventures&bookable-only=yes&full-items=yes&marketplace=yes&flow=no,"<script src=""https://fareharbor.com/embeds/script/calendar/madeirahappytours/items/570538/?asn=fhdn-eur&asn-ref=alloutdooradventures&ref=alloutdooradventures&bookable-only=yes&full-items=yes&marketplace=yes&flow=no""></script>",https://fareharbor.com/embeds/book/madeirahappytours/items/570538/?asn=fhdn-eur&asn-ref=alloutdooradventures&ref=alloutdooradventures&bookable-only=yes&full-items=yes&marketplace=yes&flow=no,https://cdn.filestackcontent.com/ryARIqeSQyyEEBLcntxL
Madeira Happy Tours,madeirahappytours,madeirahappytours@gmail.com,+351 939 523 860,Portugal/Madeira/Funchal,,,570541,Caminhada Larano – Boca do Risco – Maroços,Eco Tour,1,49,52,https://fareharbor.com/embeds/calendar/madeirahappytours/items/570541/?asn=fhdn-eur&asn-ref=alloutdooradventures&ref=alloutdooradventures&bookable-only=yes&full-items=yes&marketplace=yes&flow=no,"<script src=""https://fareharbor.com/embeds/script/calendar/madeirahappytours/items/570541/?asn=fhdn-eur&asn-ref=alloutdooradventures&ref=alloutdooradventures&bookable-only=yes&full-items=yes&marketplace=yes&flow=no""></script>",https://fareharbor.com/embeds/book/madeirahappytours/items/570541/?asn=fhdn-eur&asn-ref=alloutdooradventures&ref=alloutdooradventures&bookable-only=yes&full-items=yes&marketplace=yes&flow=no,https://cdn.filestackcontent.com/VCpwyryTjWrqkB36dnYg
Madeira Happy Tours,madeirahappytours,madeirahappytours@gmail.com,+351 939 523 860,Portugal/Madeira/Funchal,,,570550,Levada Do Alecrim,Eco Tour,1,49,52,https://fareharbor.com/embeds/calendar/madeirahappytours/items/570550/?asn=fhdn-eur&asn-ref=alloutdooradventures&ref=alloutdooradventures&bookable-only=yes&full-items=yes&marketplace=yes&flow=no,"<script src=""https://fareharbor.com/embeds/script/calendar/madeirahappytours/items/570550/?asn=fhdn-eur&asn-ref=alloutdooradventures&ref=alloutdooradventures&bookable-only=yes&full-items=yes&marketplace=yes&flow=no""></script>",https://fareharbor.com/embeds/book/madeirahappytours/items/570550/?asn=fhdn-eur&asn-ref=alloutdooradventures&ref=alloutdooradventures&bookable-only=yes&full-items=yes&marketplace=yes&flow=no,https://cdn.filestackcontent.com/lZ05FVCPQhulEsekqi95
Madeira Happy Tours,madeirahappytours,madeirahappytours@gmail.com,+351 939 523 860,Portugal/Madeira/Funchal,,,570602,Caminhada Assobiadores – Fanal,Eco Tour,1,49,52,https://fareharbor.com/embeds/calendar/madeirahappytours/items/570602/?asn=fhdn-eur&asn-ref=alloutdooradventures&ref=alloutdooradventures&bookable-only=yes&full-items=yes&marketplace=yes&flow=no,"<script src=""https://fareharbor.com/embeds/script/calendar/madeirahappytours/items/570602/?asn=fhdn-eur&asn-ref=alloutdooradventures&ref=alloutdooradventures&bookable-only=yes&full-items=yes&marketplace=yes&flow=no""></script>",https://fareharbor.com/embeds/book/madeirahappytours/items/570602/?asn=fhdn-eur&asn-ref=alloutdooradventures&ref=alloutdooradventures&bookable-only=yes&full-items=yes&marketplace=yes&flow=no,https://cdn.filestackcontent.com/QVLFZNPiTOG7qI0qNOxA
Madeira Happy Tours,madeirahappytours,madeirahappytours@gmail.com,+351 939 523 860,Portugal/Madeira/Funchal,,,570604,Levada do Moinho,Eco Tour,1,49,0,https://fareharbor.com/embeds/calendar/madeirahappytours/items/570604/?asn=fhdn-eur&asn-ref=alloutdooradventures&ref=alloutdooradventures&bookable-only=yes&full-items=yes&marketplace=yes&flow=no,"<script src=""https://fareharbor.com/embeds/script/calendar/madeirahappytours/items/570604/?asn=fhdn-eur&asn-ref=alloutdooradventures&ref=alloutdooradventures&bookable-only=yes&full-items=yes&marketplace=yes&flow=no""></script>",https://fareharbor.com/embeds/book/madeirahappytours/items/570604/?asn=fhdn-eur&asn-ref=alloutdooradventures&ref=alloutdooradventures&bookable-only=yes&full-items=yes&marketplace=yes&flow=no,https://cdn.filestackcontent.com/CByofpY4TXi83kL7oxeT
Madeira Happy Tours,madeirahappytours,madeirahappytours@gmail.com,+351 939 523 860,Portugal/Madeira/Funchal,,,570605,Levada dos Prazeres – Ponta do Pargo,Eco Tour,1,49,26,https://fareharbor.com/embeds/calendar/madeirahappytours/items/570605/?asn=fhdn-eur&asn-ref=alloutdooradventures&ref=alloutdooradventures&bookable-only=yes&full-items=yes&marketplace=yes&flow=no,"<script src=""https://fareharbor.com/embeds/script/calendar/madeirahappytours/items/570605/?asn=fhdn-eur&asn-ref=alloutdooradventures&ref=alloutdooradventures&bookable-only=yes&full-items=yes&marketplace=yes&flow=no""></script>",https://fareharbor.com/embeds/book/madeirahappytours/items/570605/?asn=fhdn-eur&asn-ref=alloutdooradventures&ref=alloutdooradventures&bookable-only=yes&full-items=yes&marketplace=yes&flow=no,https://cdn.filestackcontent.com/kn3CaAzPSd6dH919jY2C
Madeira Happy Tours,madeirahappytours,madeirahappytours@gmail.com,+351 939 523 860,Portugal/Madeira/Funchal,,,570625,Levada do Norte,Eco Tour,1,49,26,https://fareharbor.com/embeds/calendar/madeirahappytours/items/570625/?asn=fhdn-eur&asn-ref=alloutdooradventures&ref=alloutdooradventures&bookable-only=yes&full-items=yes&marketplace=yes&flow=no,"<script src=""https://fareharbor.com/embeds/script/calendar/madeirahappytours/items/570625/?asn=fhdn-eur&asn-ref=alloutdooradventures&ref=alloutdooradventures&bookable-only=yes&full-items=yes&marketplace=yes&flow=no""></script>",https://fareharbor.com/embeds/book/madeirahappytours/items/570625/?asn=fhdn-eur&asn-ref=alloutdooradventures&ref=alloutdooradventures&bookable-only=yes&full-items=yes&marketplace=yes&flow=no,https://cdn.filestackcontent.com/8a8Vw4DcSc6ExlAQO2NP
Madeira Happy Tours,madeirahappytours,madeirahappytours@gmail.com,+351 939 523 860,Portugal/Madeira/Funchal,,,570626,Levada do Estreito,Eco Tour,1,49,26,https://fareharbor.com/embeds/calendar/madeirahappytours/items/570626/?asn=fhdn-eur&asn-ref=alloutdooradventures&ref=alloutdooradventures&bookable-only=yes&full-items=yes&marketplace=yes&flow=no,"<script src=""https://fareharbor.com/embeds/script/calendar/madeirahappytours/items/570626/?asn=fhdn-eur&asn-ref=alloutdooradventures&ref=alloutdooradventures&bookable-only=yes&full-items=yes&marketplace=yes&flow=no""></script>",https://fareharbor.com/embeds/book/madeirahappytours/items/570626/?asn=fhdn-eur&asn-ref=alloutdooradventures&ref=alloutdooradventures&bookable-only=yes&full-items=yes&marketplace=yes&flow=no,https://cdn.filestackcontent.com/2HvEBAPoTiiaMNM52ANn
Madeira Happy Tours,madeirahappytours,madeirahappytours@gmail.com,+351 939 523 860,Portugal/Madeira/Funchal,,,570634,Levada Nova,Eco Tour,1,49,25,https://fareharbor.com/embeds/calendar/madeirahappytours/items/570634/?asn=fhdn-eur&asn-ref=alloutdooradventures&ref=alloutdooradventures&bookable-only=yes&full-items=yes&marketplace=yes&flow=no,"<script src=""https://fareharbor.com/embeds/script/calendar/madeirahappytours/items/570634/?asn=fhdn-eur&asn-ref=alloutdooradventures&ref=alloutdooradventures&bookable-only=yes&full-items=yes&marketplace=yes&flow=no""></script>",https://fareharbor.com/embeds/book/madeirahappytours/items/570634/?asn=fhdn-eur&asn-ref=alloutdooradventures&ref=alloutdooradventures&bookable-only=yes&full-items=yes&marketplace=yes&flow=no,https://cdn.filestackcontent.com/uNOmcZL4S7C9Piy8OCz5
Madeira Happy Tours,madeirahappytours,madeirahappytours@gmail.com,+351 939 523 860,Portugal/Madeira/Funchal,,,570635,Levada dos Prazeres,Eco Tour,1,49,0,https://fareharbor.com/embeds/calendar/madeirahappytours/items/570635/?asn=fhdn-eur&asn-ref=alloutdooradventures&ref=alloutdooradventures&bookable-only=yes&full-items=yes&marketplace=yes&flow=no,"<script src=""https://fareharbor.com/embeds/script/calendar/madeirahappytours/items/570635/?asn=fhdn-eur&asn-ref=alloutdooradventures&ref=alloutdooradventures&bookable-only=yes&full-items=yes&marketplace=yes&flow=no""></script>",https://fareharbor.com/embeds/book/madeirahappytours/items/570635/?asn=fhdn-eur&asn-ref=alloutdooradventures&ref=alloutdooradventures&bookable-only=yes&full-items=yes&marketplace=yes&flow=no,https://cdn.filestackcontent.com/MntGrOobSDqkUh2Bm23A
Madeira Happy Tours,madeirahappytours,madeirahappytours@gmail.com,+351 939 523 860,Portugal/Madeira/Funchal,,,570638,Santana Combo - Jeep Safari + Levada Walk,Eco Tour,1,49,180,https://fareharbor.com/embeds/calendar/madeirahappytours/items/570638/?asn=fhdn-eur&asn-ref=alloutdooradventures&ref=alloutdooradventures&bookable-only=yes&full-items=yes&marketplace=yes&flow=no,"<script src=""https://fareharbor.com/embeds/script/calendar/madeirahappytours/items/570638/?asn=fhdn-eur&asn-ref=alloutdooradventures&ref=alloutdooradventures&bookable-only=yes&full-items=yes&marketplace=yes&flow=no""></script>",https://fareharbor.com/embeds/book/madeirahappytours/items/570638/?asn=fhdn-eur&asn-ref=alloutdooradventures&ref=alloutdooradventures&bookable-only=yes&full-items=yes&marketplace=yes&flow=no,https://cdn.filestackcontent.com/LKW2DSOVSuj6PTVi3TJk
Madeira Happy Tours,madeirahappytours,madeirahappytours@gmail.com,+351 939 523 860,Portugal/Madeira/Funchal,,,570641,East Adventure - Jeep Safari + Levada,Eco Tour,1,49,26,https://fareharbor.com/embeds/calendar/madeirahappytours/items/570641/?asn=fhdn-eur&asn-ref=alloutdooradventures&ref=alloutdooradventures&bookable-only=yes&full-items=yes&marketplace=yes&flow=no,"<script src=""https://fareharbor.com/embeds/script/calendar/madeirahappytours/items/570641/?asn=fhdn-eur&asn-ref=alloutdooradventures&ref=alloutdooradventures&bookable-only=yes&full-items=yes&marketplace=yes&flow=no""></script>",https://fareharbor.com/embeds/book/madeirahappytours/items/570641/?asn=fhdn-eur&asn-ref=alloutdooradventures&ref=alloutdooradventures&bookable-only=yes&full-items=yes&marketplace=yes&flow=no,https://cdn.filestackcontent.com/7TpP5UVQgyY1fpWXIPzQ
Madeira Happy Tours,madeirahappytours,madeirahappytours@gmail.com,+351 939 523 860,Portugal/Madeira/Funchal,,,570831,Canyoning na Ribeira do Lajeado,Eco Tour,1,49,0,https://fareharbor.com/embeds/calendar/madeirahappytours/items/570831/?asn=fhdn-eur&asn-ref=alloutdooradventures&ref=alloutdooradventures&bookable-only=yes&full-items=yes&marketplace=yes&flow=no,"<script src=""https://fareharbor.com/embeds/script/calendar/madeirahappytours/items/570831/?asn=fhdn-eur&asn-ref=alloutdooradventures&ref=alloutdooradventures&bookable-only=yes&full-items=yes&marketplace=yes&flow=no""></script>",https://fareharbor.com/embeds/book/madeirahappytours/items/570831/?asn=fhdn-eur&asn-ref=alloutdooradventures&ref=alloutdooradventures&bookable-only=yes&full-items=yes&marketplace=yes&flow=no,https://cdn.filestackcontent.com/usVavhk4TEqosHJGYEst
Madeira Happy Tours,madeirahappytours,madeirahappytours@gmail.com,+351 939 523 860,Portugal/Madeira/Funchal,,,570832,Canyoning na Ribeira das Cales,Eco Tour,1,49,0,https://fareharbor.com/embeds/calendar/madeirahappytours/items/570832/?asn=fhdn-eur&asn-ref=alloutdooradventures&ref=alloutdooradventures&bookable-only=yes&full-items=yes&marketplace=yes&flow=no,"<script src=""https://fareharbor.com/embeds/script/calendar/madeirahappytours/items/570832/?asn=fhdn-eur&asn-ref=alloutdooradventures&ref=alloutdooradventures&bookable-only=yes&full-items=yes&marketplace=yes&flow=no""></script>",https://fareharbor.com/embeds/book/madeirahappytours/items/570832/?asn=fhdn-eur&asn-ref=alloutdooradventures&ref=alloutdooradventures&bookable-only=yes&full-items=yes&marketplace=yes&flow=no,https://cdn.filestackcontent.com/z19MVYnOTIWn8jabolzK
Madeira Happy Tours,madeirahappytours,madeirahappytours@gmail.com,+351 939 523 860,Portugal/Madeira/Funchal,,,570833,Desertas islands by Bonita da Madeira,Boat Tour-Eco Tour,1,49,0,https://fareharbor.com/embeds/calendar/madeirahappytours/items/570833/?asn=fhdn-eur&asn-ref=alloutdooradventures&ref=alloutdooradventures&bookable-only=yes&full-items=yes&marketplace=yes&flow=no,"<script src=""https://fareharbor.com/embeds/script/calendar/madeirahappytours/items/570833/?asn=fhdn-eur&asn-ref=alloutdooradventures&ref=alloutdooradventures&bookable-only=yes&full-items=yes&marketplace=yes&flow=no""></script>",https://fareharbor.com/embeds/book/madeirahappytours/items/570833/?asn=fhdn-eur&asn-ref=alloutdooradventures&ref=alloutdooradventures&bookable-only=yes&full-items=yes&marketplace=yes&flow=no,https://cdn.filestackcontent.com/6Q5jfsdxSOyVJbaVJWSl
Madeira Happy Tours,madeirahappytours,madeirahappytours@gmail.com,+351 939 523 860,Portugal/Madeira/Funchal,,,570835,Jeep Safari - Country Delights & Farmers Market,Eco Tour,1,49,26,https://fareharbor.com/embeds/calendar/madeirahappytours/items/570835/?asn=fhdn-eur&asn-ref=alloutdooradventures&ref=alloutdooradventures&bookable-only=yes&full-items=yes&marketplace=yes&flow=no,"<script src=""https://fareharbor.com/embeds/script/calendar/madeirahappytours/items/570835/?asn=fhdn-eur&asn-ref=alloutdooradventures&ref=alloutdooradventures&bookable-only=yes&full-items=yes&marketplace=yes&flow=no""></script>",https://fareharbor.com/embeds/book/madeirahappytours/items/570835/?asn=fhdn-eur&asn-ref=alloutdooradventures&ref=alloutdooradventures&bookable-only=yes&full-items=yes&marketplace=yes&flow=no,https://cdn.filestackcontent.com/QcnDDunJTu6n3mqIzm6L
Madeira Happy Tours,madeirahappytours,madeirahappytours@gmail.com,+351 939 523 860,Portugal/Madeira/Funchal,,,570853,Experiência Culinária e Visita ao Mercado,Eco Tour,1,49,0,https://fareharbor.com/embeds/calendar/madeirahappytours/items/570853/?asn=fhdn-eur&asn-ref=alloutdooradventures&ref=alloutdooradventures&bookable-only=yes&full-items=yes&marketplace=yes&flow=no,"<script src=""https://fareharbor.com/embeds/script/calendar/madeirahappytours/items/570853/?asn=fhdn-eur&asn-ref=alloutdooradventures&ref=alloutdooradventures&bookable-only=yes&full-items=yes&marketplace=yes&flow=no""></script>",https://fareharbor.com/embeds/book/madeirahappytours/items/570853/?asn=fhdn-eur&asn-ref=alloutdooradventures&ref=alloutdooradventures&bookable-only=yes&full-items=yes&marketplace=yes&flow=no,https://cdn.filestackcontent.com/HDPe7Pw8SDwWyzxxsStj
Madeira Happy Tours,madeirahappytours,madeirahappytours@gmail.com,+351 939 523 860,Portugal/Madeira/Funchal,,,570857,Vinho Madeira e Almoço na Vinha,Eco Tour,1,49,0,https://fareharbor.com/embeds/calendar/madeirahappytours/items/570857/?asn=fhdn-eur&asn-ref=alloutdooradventures&ref=alloutdooradventures&bookable-only=yes&full-items=yes&marketplace=yes&flow=no,"<script src=""https://fareharbor.com/embeds/script/calendar/madeirahappytours/items/570857/?asn=fhdn-eur&asn-ref=alloutdooradventures&ref=alloutdooradventures&bookable-only=yes&full-items=yes&marketplace=yes&flow=no""></script>",https://fareharbor.com/embeds/book/madeirahappytours/items/570857/?asn=fhdn-eur&asn-ref=alloutdooradventures&ref=alloutdooradventures&bookable-only=yes&full-items=yes&marketplace=yes&flow=no,https://cdn.filestackcontent.com/SbO0kkLTqhfsB7hxTTAD
Madeira Happy Tours,madeirahappytours,madeirahappytours@gmail.com,+351 939 523 860,Portugal/Madeira/Funchal,,,570860,Tour Gourmet de Vinhos e Gastronomia,Eco Tour,1,49,0,https://fareharbor.com/embeds/calendar/madeirahappytours/items/570860/?asn=fhdn-eur&asn-ref=alloutdooradventures&ref=alloutdooradventures&bookable-only=yes&full-items=yes&marketplace=yes&flow=no,"<script src=""https://fareharbor.com/embeds/script/calendar/madeirahappytours/items/570860/?asn=fhdn-eur&asn-ref=alloutdooradventures&ref=alloutdooradventures&bookable-only=yes&full-items=yes&marketplace=yes&flow=no""></script>",https://fareharbor.com/embeds/book/madeirahappytours/items/570860/?asn=fhdn-eur&asn-ref=alloutdooradventures&ref=alloutdooradventures&bookable-only=yes&full-items=yes&marketplace=yes&flow=no,https://cdn.filestackcontent.com/mxwrDNkVR5yzwJUuJg9T
Madeira Happy Tours,madeirahappytours,madeirahappytours@gmail.com,+351 939 523 860,Portugal/Madeira/Funchal,,,570866,Magical Sunset Jeep Safari,Eco Tour,1,49,0,https://fareharbor.com/embeds/calendar/madeirahappytours/items/570866/?asn=fhdn-eur&asn-ref=alloutdooradventures&ref=alloutdooradventures&bookable-only=yes&full-items=yes&marketplace=yes&flow=no,"<script src=""https://fareharbor.com/embeds/script/calendar/madeirahappytours/items/570866/?asn=fhdn-eur&asn-ref=alloutdooradventures&ref=alloutdooradventures&bookable-only=yes&full-items=yes&marketplace=yes&flow=no""></script>",https://fareharbor.com/embeds/book/madeirahappytours/items/570866/?asn=fhdn-eur&asn-ref=alloutdooradventures&ref=alloutdooradventures&bookable-only=yes&full-items=yes&marketplace=yes&flow=no,https://cdn.filestackcontent.com/M3oPS2xsReiQbc0h0d8W
Madeira Happy Tours,madeirahappytours,madeirahappytours@gmail.com,+351 939 523 860,Portugal/Madeira/Funchal,,,570868,"Nature, Vineyards & Wine",Eco Tour,1,49,101,https://fareharbor.com/embeds/calendar/madeirahappytours/items/570868/?asn=fhdn-eur&asn-ref=alloutdooradventures&ref=alloutdooradventures&bookable-only=yes&full-items=yes&marketplace=yes&flow=no,"<script src=""https://fareharbor.com/embeds/script/calendar/madeirahappytours/items/570868/?asn=fhdn-eur&asn-ref=alloutdooradventures&ref=alloutdooradventures&bookable-only=yes&full-items=yes&marketplace=yes&flow=no""></script>",https://fareharbor.com/embeds/book/madeirahappytours/items/570868/?asn=fhdn-eur&asn-ref=alloutdooradventures&ref=alloutdooradventures&bookable-only=yes&full-items=yes&marketplace=yes&flow=no,https://cdn.filestackcontent.com/ThuZSpLARN6Fmt9E34st
SaJa Travel,sajatravel,info@sajatravel.com,00351 933 824246,Portugal/Faro/Quarteira,,,645996,Jeep Renegade Tour 3 – Central,Guided Tour-Jeep,1,49,180,https://fareharbor.com/embeds/calendar/sajatravel/items/645996/?asn=fhdn-eur&asn-ref=alloutdooradventures&ref=alloutdooradventures&bookable-only=yes&full-items=yes&marketplace=yes&flow=no,"<script src=""https://fareharbor.com/embeds/script/calendar/sajatravel/items/645996/?asn=fhdn-eur&asn-ref=alloutdooradventures&ref=alloutdooradventures&bookable-only=yes&full-items=yes&marketplace=yes&flow=no""></script>",https://fareharbor.com/embeds/book/sajatravel/items/645996/?asn=fhdn-eur&asn-ref=alloutdooradventures&ref=alloutdooradventures&bookable-only=yes&full-items=yes&marketplace=yes&flow=no,https://cdn.filestackcontent.com/7eLgao4YQ46A55IG9nmI
Blue Bike,bluebike,info@bluebike.es,+34 674 676 362,Spain/Comunidad Valenciana/Alicante (Alacant),,,658910,Tapas Tour by bicycle,Bike Tour-Guided Tour,1,49,148,https://fareharbor.com/embeds/calendar/bluebike/items/658910/?asn=fhdn-eur&asn-ref=alloutdooradventures&ref=alloutdooradventures&bookable-only=yes&full-items=yes&marketplace=yes&flow=no,"<script src=""https://fareharbor.com/embeds/script/calendar/bluebike/items/658910/?asn=fhdn-eur&asn-ref=alloutdooradventures&ref=alloutdooradventures&bookable-only=yes&full-items=yes&marketplace=yes&flow=no""></script>",https://fareharbor.com/embeds/book/bluebike/items/658910/?asn=fhdn-eur&asn-ref=alloutdooradventures&ref=alloutdooradventures&bookable-only=yes&full-items=yes&marketplace=yes&flow=no,https://cdn.filestackcontent.com/WlRDqNZRSe94xjD4zTAI
Soul Jeep Experience,souljeep,info@souljeep.com,+34 614 47 56 04,Spain/Canarias/Costa Adeje,,,667475,Teide di Giorno - Driver Experience,Jeep,1,49,180,https://fareharbor.com/embeds/calendar/souljeep/items/667475/?asn=fhdn-eur&asn-ref=alloutdooradventures&ref=alloutdooradventures&bookable-only=yes&full-items=yes&marketplace=yes&flow=no,"<script src=""https://fareharbor.com/embeds/script/calendar/souljeep/items/667475/?asn=fhdn-eur&asn-ref=alloutdooradventures&ref=alloutdooradventures&bookable-only=yes&full-items=yes&marketplace=yes&flow=no""></script>",https://fareharbor.com/embeds/book/souljeep/items/667475/?asn=fhdn-eur&asn-ref=alloutdooradventures&ref=alloutdooradventures&bookable-only=yes&full-items=yes&marketplace=yes&flow=no,https://cdn.filestackcontent.com/aXnbYltrT3Ojh96bkD8F
Soul Jeep Experience,souljeep,info@souljeep.com,+34 614 47 56 04,Spain/Canarias/Costa Adeje,,,667478,Tour Costiero - Driver Experience,Jeep,1,49,180,https://fareharbor.com/embeds/calendar/souljeep/items/667478/?asn=fhdn-eur&asn-ref=alloutdooradventures&ref=alloutdooradventures&bookable-only=yes&full-items=yes&marketplace=yes&flow=no,"<script src=""https://fareharbor.com/embeds/script/calendar/souljeep/items/667478/?asn=fhdn-eur&asn-ref=alloutdooradventures&ref=alloutdooradventures&bookable-only=yes&full-items=yes&marketplace=yes&flow=no""></script>",https://fareharbor.com/embeds/book/souljeep/items/667478/?asn=fhdn-eur&asn-ref=alloutdooradventures&ref=alloutdooradventures&bookable-only=yes&full-items=yes&marketplace=yes&flow=no,https://cdn.filestackcontent.com/HvVV5jGoQdq4AJAxJI6J
Rocaliza Adventure Tours,rocaliza,rocaliza@gmail.com,787-268-0101,Argentina/San Juan Province/San Juan,-68.538594,-31.535107,2752,Guided Rock Climbing,Climbing-Guided Tour,1,48,299,https://fareharbor.com/embeds/calendar/rocaliza/items/2752/?asn=fhdn&asn-ref=alloutdooradventures&ref=alloutdooradventures&bookable-only=yes&full-items=yes&marketplace=yes&flow=no,"<script src=""https://fareharbor.com/embeds/script/calendar/rocaliza/items/2752/?asn=fhdn&asn-ref=alloutdooradventures&ref=alloutdooradventures&bookable-only=yes&full-items=yes&marketplace=yes&flow=no""></script>",https://fareharbor.com/embeds/book/rocaliza/items/2752/?asn=fhdn&asn-ref=alloutdooradventures&ref=alloutdooradventures&bookable-only=yes&full-items=yes&marketplace=yes&flow=no,https://cdn.filestackcontent.com/QsszhzEHTyWUt1IRGJlW
WILDIT - Adventure Tours & Travel,mentedesportiva,info@wildit.pt,00351913820390,Portugal/Porto District/Porto,-8.629105,41.157944,128940,Canyoning Rio Carcerelha,Climbing,1,48,0,https://fareharbor.com/embeds/calendar/mentedesportiva/items/128940/?asn=fhdn-eur&asn-ref=alloutdooradventures&ref=alloutdooradventures&bookable-only=yes&full-items=yes&marketplace=yes&flow=no,"<script src=""https://fareharbor.com/embeds/script/calendar/mentedesportiva/items/128940/?asn=fhdn-eur&asn-ref=alloutdooradventures&ref=alloutdooradventures&bookable-only=yes&full-items=yes&marketplace=yes&flow=no""></script>",https://fareharbor.com/embeds/book/mentedesportiva/items/128940/?asn=fhdn-eur&asn-ref=alloutdooradventures&ref=alloutdooradventures&bookable-only=yes&full-items=yes&marketplace=yes&flow=no,https://cdn.filestackcontent.com/Fmfp4SGiSVCHtLtMUHSv
WILDIT - Adventure Tours & Travel,mentedesportiva,info@wildit.pt,00351913820390,Portugal/Porto District/Porto,-8.629105,41.157944,128956,Walking through history in Freita,Hiking,1,48,0,https://fareharbor.com/embeds/calendar/mentedesportiva/items/128956/?asn=fhdn-eur&asn-ref=alloutdooradventures&ref=alloutdooradventures&bookable-only=yes&full-items=yes&marketplace=yes&flow=no,"<script src=""https://fareharbor.com/embeds/script/calendar/mentedesportiva/items/128956/?asn=fhdn-eur&asn-ref=alloutdooradventures&ref=alloutdooradventures&bookable-only=yes&full-items=yes&marketplace=yes&flow=no""></script>",https://fareharbor.com/embeds/book/mentedesportiva/items/128956/?asn=fhdn-eur&asn-ref=alloutdooradventures&ref=alloutdooradventures&bookable-only=yes&full-items=yes&marketplace=yes&flow=no,https://cdn.filestackcontent.com/FFvg2ENNQTG3P9RXLd2f
Mojo Picon Aventura,mojopiconaventura,info@mojopiconaventura.com,+34691847020,Spain/Canary Islands/Las Palmas de Gran Canaria,-15.436257,28.123546,202440,Senderismo Ruta de Los Azulejos,Hiking,1,48,0,https://fareharbor.com/embeds/calendar/mojopiconaventura/items/202440/?asn=fhdn-eur&asn-ref=alloutdooradventures&ref=alloutdooradventures&bookable-only=yes&full-items=yes&marketplace=yes&flow=no,"<script src=""https://fareharbor.com/embeds/script/calendar/mojopiconaventura/items/202440/?asn=fhdn-eur&asn-ref=alloutdooradventures&ref=alloutdooradventures&bookable-only=yes&full-items=yes&marketplace=yes&flow=no""></script>",https://fareharbor.com/embeds/book/mojopiconaventura/items/202440/?asn=fhdn-eur&asn-ref=alloutdooradventures&ref=alloutdooradventures&bookable-only=yes&full-items=yes&marketplace=yes&flow=no,https://cdn.filestackcontent.com/gvDYOaGjQd2wU0CoM4ZY
Mojo Picon Aventura,mojopiconaventura,info@mojopiconaventura.com,+34691847020,Spain/Canary Islands/Las Palmas de Gran Canaria,-15.436257,28.123546,202444,Senderismo Ruta del Agua,Hiking,1,48,0,https://fareharbor.com/embeds/calendar/mojopiconaventura/items/202444/?asn=fhdn-eur&asn-ref=alloutdooradventures&ref=alloutdooradventures&bookable-only=yes&full-items=yes&marketplace=yes&flow=no,"<script src=""https://fareharbor.com/embeds/script/calendar/mojopiconaventura/items/202444/?asn=fhdn-eur&asn-ref=alloutdooradventures&ref=alloutdooradventures&bookable-only=yes&full-items=yes&marketplace=yes&flow=no""></script>",https://fareharbor.com/embeds/book/mojopiconaventura/items/202444/?asn=fhdn-eur&asn-ref=alloutdooradventures&ref=alloutdooradventures&bookable-only=yes&full-items=yes&marketplace=yes&flow=no,https://cdn.filestackcontent.com/ecZTflZQeaa4H4yQwavg
Mojo Picon Aventura,mojopiconaventura,info@mojopiconaventura.com,+34691847020,Spain/Canary Islands/Las Palmas de Gran Canaria,-15.436257,28.123546,203817,Barranquismo • EL PALMAR,Hiking,1,48,0,https://fareharbor.com/embeds/calendar/mojopiconaventura/items/203817/?asn=fhdn-eur&asn-ref=alloutdooradventures&ref=alloutdooradventures&bookable-only=yes&full-items=yes&marketplace=yes&flow=no,"<script src=""https://fareharbor.com/embeds/script/calendar/mojopiconaventura/items/203817/?asn=fhdn-eur&asn-ref=alloutdooradventures&ref=alloutdooradventures&bookable-only=yes&full-items=yes&marketplace=yes&flow=no""></script>",https://fareharbor.com/embeds/book/mojopiconaventura/items/203817/?asn=fhdn-eur&asn-ref=alloutdooradventures&ref=alloutdooradventures&bookable-only=yes&full-items=yes&marketplace=yes&flow=no,https://cdn.filestackcontent.com/zftV7ZM6QzCG9DTaeGg2
Girona Explorers,gironaexplorers,info@gironafreetour.com,+34 672883786,Spain/Catalunya/Girona,2.82378,41.98188,238456,Garrotxa Volcànica,Bus Tour-Hiking,1,48,0,https://fareharbor.com/embeds/calendar/gironaexplorers/items/238456/?asn=fhdn-eur&asn-ref=alloutdooradventures&ref=alloutdooradventures&bookable-only=yes&full-items=yes&marketplace=yes&flow=no,"<script src=""https://fareharbor.com/embeds/script/calendar/gironaexplorers/items/238456/?asn=fhdn-eur&asn-ref=alloutdooradventures&ref=alloutdooradventures&bookable-only=yes&full-items=yes&marketplace=yes&flow=no""></script>",https://fareharbor.com/embeds/book/gironaexplorers/items/238456/?asn=fhdn-eur&asn-ref=alloutdooradventures&ref=alloutdooradventures&bookable-only=yes&full-items=yes&marketplace=yes&flow=no,https://cdn.filestackcontent.com/4y5FYGorS0W9gq3kVk1c
Tour2B,tour2b,reservas@tour2b.com,+34 971 072 073,Spain/Las Palmas/Puerto Rico,,,274282,"Parasail en Taurito, Mogán o Playa del Inglés",Parasail,1,48,0,https://fareharbor.com/embeds/calendar/tour2b/items/274282/?asn=fhdn-eur&asn-ref=alloutdooradventures&ref=alloutdooradventures&bookable-only=yes&full-items=yes&marketplace=yes&flow=no,"<script src=""https://fareharbor.com/embeds/script/calendar/tour2b/items/274282/?asn=fhdn-eur&asn-ref=alloutdooradventures&ref=alloutdooradventures&bookable-only=yes&full-items=yes&marketplace=yes&flow=no""></script>",https://fareharbor.com/embeds/book/tour2b/items/274282/?asn=fhdn-eur&asn-ref=alloutdooradventures&ref=alloutdooradventures&bookable-only=yes&full-items=yes&marketplace=yes&flow=no,https://cdn.filestackcontent.com/KuNkJ8jqRryX77vZl5rx
Mojo Picon Aventura,mojopiconaventura,info@mojopiconaventura.com,+34691847020,Spain/Canary Islands/Las Palmas de Gran Canaria,-15.436257,28.123546,276385,Barranquismo / BCO DEL MULATO,Hiking,1,48,0,https://fareharbor.com/embeds/calendar/mojopiconaventura/items/276385/?asn=fhdn-eur&asn-ref=alloutdooradventures&ref=alloutdooradventures&bookable-only=yes&full-items=yes&marketplace=yes&flow=no,"<script src=""https://fareharbor.com/embeds/script/calendar/mojopiconaventura/items/276385/?asn=fhdn-eur&asn-ref=alloutdooradventures&ref=alloutdooradventures&bookable-only=yes&full-items=yes&marketplace=yes&flow=no""></script>",https://fareharbor.com/embeds/book/mojopiconaventura/items/276385/?asn=fhdn-eur&asn-ref=alloutdooradventures&ref=alloutdooradventures&bookable-only=yes&full-items=yes&marketplace=yes&flow=no,https://cdn.filestackcontent.com/3jqG2k2BTHefKoTIzg2N
Clube do Paiva,clubedopaiva,info@clubedopaiva.com,+351 966 185 300,Portugal/Aveiro/União das freguesias de Canelas e Espiunca,-8.175712,40.953327,332564,River Trekking Hard,Hiking,1,48,78,https://fareharbor.com/embeds/calendar/clubedopaiva/items/332564/?asn=fhdn-eur&asn-ref=alloutdooradventures&ref=alloutdooradventures&bookable-only=yes&full-items=yes&marketplace=yes&flow=no,"<script src=""https://fareharbor.com/embeds/script/calendar/clubedopaiva/items/332564/?asn=fhdn-eur&asn-ref=alloutdooradventures&ref=alloutdooradventures&bookable-only=yes&full-items=yes&marketplace=yes&flow=no""></script>",https://fareharbor.com/embeds/book/clubedopaiva/items/332564/?asn=fhdn-eur&asn-ref=alloutdooradventures&ref=alloutdooradventures&bookable-only=yes&full-items=yes&marketplace=yes&flow=no,https://cdn.filestackcontent.com/emcxwitRTypJinL3aPyy
BDA Sailling,barcodealquiler,info@barcodealquiler.com,673862241,Spain/Cataluña/Barcelona,2.198668,41.386299,453156,Parasailing en Barcelona,Parasail,1,48,0,https://fareharbor.com/embeds/calendar/barcodealquiler/items/453156/?asn=fhdn-eur&asn-ref=alloutdooradventures&ref=alloutdooradventures&bookable-only=yes&full-items=yes&marketplace=yes&flow=no,"<script src=""https://fareharbor.com/embeds/script/calendar/barcodealquiler/items/453156/?asn=fhdn-eur&asn-ref=alloutdooradventures&ref=alloutdooradventures&bookable-only=yes&full-items=yes&marketplace=yes&flow=no""></script>",https://fareharbor.com/embeds/book/barcodealquiler/items/453156/?asn=fhdn-eur&asn-ref=alloutdooradventures&ref=alloutdooradventures&bookable-only=yes&full-items=yes&marketplace=yes&flow=no,https://cdn.filestackcontent.com/f9Sb2BBSSuedPBQoI0Sr
WaterSports Luis Molina,watersportsluismolina,reservas@watersportsluismolina.com,+34 625 23 70 30,Spain/Canarias/Mogán,-15.695901,27.772803,468825,ADRENALINE PACK,Parasail-Surf-Water Activities,1,48,180,https://fareharbor.com/embeds/calendar/watersportsluismolina/items/468825/?asn=fhdn-eur&asn-ref=alloutdooradventures&ref=alloutdooradventures&bookable-only=yes&full-items=yes&marketplace=yes&flow=no,"<script src=""https://fareharbor.com/embeds/script/calendar/watersportsluismolina/items/468825/?asn=fhdn-eur&asn-ref=alloutdooradventures&ref=alloutdooradventures&bookable-only=yes&full-items=yes&marketplace=yes&flow=no""></script>",https://fareharbor.com/embeds/book/watersportsluismolina/items/468825/?asn=fhdn-eur&asn-ref=alloutdooradventures&ref=alloutdooradventures&bookable-only=yes&full-items=yes&marketplace=yes&flow=no,https://cdn.filestackcontent.com/CU2SRgEyTHefsyTyqlLx
Stallerbike,stallerbike,stallerbike@yahoo.de,+351 914 483 749,Portugal/Faro/Paderne,,,543081,E-Mountainbike Pleasure Tour “White villages”,Bike Tour,1,48,25,https://fareharbor.com/embeds/calendar/stallerbike/items/543081/?asn=fhdn-eur&asn-ref=alloutdooradventures&ref=alloutdooradventures&bookable-only=yes&full-items=yes&marketplace=yes&flow=no,"<script src=""https://fareharbor.com/embeds/script/calendar/stallerbike/items/543081/?asn=fhdn-eur&asn-ref=alloutdooradventures&ref=alloutdooradventures&bookable-only=yes&full-items=yes&marketplace=yes&flow=no""></script>",https://fareharbor.com/embeds/book/stallerbike/items/543081/?asn=fhdn-eur&asn-ref=alloutdooradventures&ref=alloutdooradventures&bookable-only=yes&full-items=yes&marketplace=yes&flow=no,https://cdn.filestackcontent.com/1UQ3Kvm4T0e8VwXf2WTs
Madeira Happy Tours,madeirahappytours,madeirahappytours@gmail.com,+351 939 523 860,Portugal/Madeira/Funchal,,,570524,Go Southwest tour,Eco Tour,1,48,52,https://fareharbor.com/embeds/calendar/madeirahappytours/items/570524/?asn=fhdn-eur&asn-ref=alloutdooradventures&ref=alloutdooradventures&bookable-only=yes&full-items=yes&marketplace=yes&flow=no,"<script src=""https://fareharbor.com/embeds/script/calendar/madeirahappytours/items/570524/?asn=fhdn-eur&asn-ref=alloutdooradventures&ref=alloutdooradventures&bookable-only=yes&full-items=yes&marketplace=yes&flow=no""></script>",https://fareharbor.com/embeds/book/madeirahappytours/items/570524/?asn=fhdn-eur&asn-ref=alloutdooradventures&ref=alloutdooradventures&bookable-only=yes&full-items=yes&marketplace=yes&flow=no,https://cdn.filestackcontent.com/kYib72fTToSaFpeCNzvl
Madeira Happy Tours,madeirahappytours,madeirahappytours@gmail.com,+351 939 523 860,Portugal/Madeira/Funchal,,,570529,Sunday Market tour,Eco Tour,1,48,25,https://fareharbor.com/embeds/calendar/madeirahappytours/items/570529/?asn=fhdn-eur&asn-ref=alloutdooradventures&ref=alloutdooradventures&bookable-only=yes&full-items=yes&marketplace=yes&flow=no,"<script src=""https://fareharbor.com/embeds/script/calendar/madeirahappytours/items/570529/?asn=fhdn-eur&asn-ref=alloutdooradventures&ref=alloutdooradventures&bookable-only=yes&full-items=yes&marketplace=yes&flow=no""></script>",https://fareharbor.com/embeds/book/madeirahappytours/items/570529/?asn=fhdn-eur&asn-ref=alloutdooradventures&ref=alloutdooradventures&bookable-only=yes&full-items=yes&marketplace=yes&flow=no,https://cdn.filestackcontent.com/wQT7cOYRSS2qvZPw6XMQ
Madeira Happy Tours,madeirahappytours,madeirahappytours@gmail.com,+351 939 523 860,Portugal/Madeira/Funchal,,,570531,Caminhada Ponta São Lourenço,Eco Tour,1,48,51,https://fareharbor.com/embeds/calendar/madeirahappytours/items/570531/?asn=fhdn-eur&asn-ref=alloutdooradventures&ref=alloutdooradventures&bookable-only=yes&full-items=yes&marketplace=yes&flow=no,"<script src=""https://fareharbor.com/embeds/script/calendar/madeirahappytours/items/570531/?asn=fhdn-eur&asn-ref=alloutdooradventures&ref=alloutdooradventures&bookable-only=yes&full-items=yes&marketplace=yes&flow=no""></script>",https://fareharbor.com/embeds/book/madeirahappytours/items/570531/?asn=fhdn-eur&asn-ref=alloutdooradventures&ref=alloutdooradventures&bookable-only=yes&full-items=yes&marketplace=yes&flow=no,https://cdn.filestackcontent.com/AUt4eUKmSgargRZByMwe
Madeira Happy Tours,madeirahappytours,madeirahappytours@gmail.com,+351 939 523 860,Portugal/Madeira/Funchal,,,570856,Jantar em uma casa local,Eco Tour,1,48,0,https://fareharbor.com/embeds/calendar/madeirahappytours/items/570856/?asn=fhdn-eur&asn-ref=alloutdooradventures&ref=alloutdooradventures&bookable-only=yes&full-items=yes&marketplace=yes&flow=no,"<script src=""https://fareharbor.com/embeds/script/calendar/madeirahappytours/items/570856/?asn=fhdn-eur&asn-ref=alloutdooradventures&ref=alloutdooradventures&bookable-only=yes&full-items=yes&marketplace=yes&flow=no""></script>",https://fareharbor.com/embeds/book/madeirahappytours/items/570856/?asn=fhdn-eur&asn-ref=alloutdooradventures&ref=alloutdooradventures&bookable-only=yes&full-items=yes&marketplace=yes&flow=no,https://cdn.filestackcontent.com/1oKQrGyJTE6ARAsQSX7h
Madeira Happy Tours,madeirahappytours,madeirahappytours@gmail.com,+351 939 523 860,Portugal/Madeira/Funchal,,,570863,Jantar Gourmet com Vinho e Comida,Eco Tour,1,48,0,https://fareharbor.com/embeds/calendar/madeirahappytours/items/570863/?asn=fhdn-eur&asn-ref=alloutdooradventures&ref=alloutdooradventures&bookable-only=yes&full-items=yes&marketplace=yes&flow=no,"<script src=""https://fareharbor.com/embeds/script/calendar/madeirahappytours/items/570863/?asn=fhdn-eur&asn-ref=alloutdooradventures&ref=alloutdooradventures&bookable-only=yes&full-items=yes&marketplace=yes&flow=no""></script>",https://fareharbor.com/embeds/book/madeirahappytours/items/570863/?asn=fhdn-eur&asn-ref=alloutdooradventures&ref=alloutdooradventures&bookable-only=yes&full-items=yes&marketplace=yes&flow=no,https://cdn.filestackcontent.com/pXKg2E5BRkOAWmicyrpS
Na Terra Mar,naterramar,info@naterramar.pt,+351 913474770,Portugal/Setúbal/Troia,-8.901946,38.4933,627597,Passeio de Barco Catamaran,Boat Tour,3,48,0,https://fareharbor.com/embeds/calendar/naterramar/items/627597/?asn=fhdn-eur&asn-ref=alloutdooradventures&ref=alloutdooradventures&bookable-only=yes&full-items=yes&marketplace=yes&flow=no,"<script src=""https://fareharbor.com/embeds/script/calendar/naterramar/items/627597/?asn=fhdn-eur&asn-ref=alloutdooradventures&ref=alloutdooradventures&bookable-only=yes&full-items=yes&marketplace=yes&flow=no""></script>",https://fareharbor.com/embeds/book/naterramar/items/627597/?asn=fhdn-eur&asn-ref=alloutdooradventures&ref=alloutdooradventures&bookable-only=yes&full-items=yes&marketplace=yes&flow=no,https://cdn.filestackcontent.com/fCm1HkLTifVnWQli3m2Q
Granada Alternativa,granadalternativa,info@granadalternativa.com,+34685215104,Spain/Andalucía/Granada,,,638960,E- MTB Tour en Granada,Bike Tour,1,48,288,https://fareharbor.com/embeds/calendar/granadalternativa/items/638960/?asn=fhdn-eur&asn-ref=alloutdooradventures&ref=alloutdooradventures&bookable-only=yes&full-items=yes&marketplace=yes&flow=no,"<script src=""https://fareharbor.com/embeds/script/calendar/granadalternativa/items/638960/?asn=fhdn-eur&asn-ref=alloutdooradventures&ref=alloutdooradventures&bookable-only=yes&full-items=yes&marketplace=yes&flow=no""></script>",https://fareharbor.com/embeds/book/granadalternativa/items/638960/?asn=fhdn-eur&asn-ref=alloutdooradventures&ref=alloutdooradventures&bookable-only=yes&full-items=yes&marketplace=yes&flow=no,https://cdn.filestackcontent.com/Vt7tLqsQu8QyMCYRMQqx
SaJa Travel,sajatravel,info@sajatravel.com,00351 933 824246,Portugal/Faro/Quarteira,,,645973,Jeep Renegade Tour 1 – Historical,Guided Tour-History Tour-Jeep,1,48,180,https://fareharbor.com/embeds/calendar/sajatravel/items/645973/?asn=fhdn-eur&asn-ref=alloutdooradventures&ref=alloutdooradventures&bookable-only=yes&full-items=yes&marketplace=yes&flow=no,"<script src=""https://fareharbor.com/embeds/script/calendar/sajatravel/items/645973/?asn=fhdn-eur&asn-ref=alloutdooradventures&ref=alloutdooradventures&bookable-only=yes&full-items=yes&marketplace=yes&flow=no""></script>",https://fareharbor.com/embeds/book/sajatravel/items/645973/?asn=fhdn-eur&asn-ref=alloutdooradventures&ref=alloutdooradventures&bookable-only=yes&full-items=yes&marketplace=yes&flow=no,https://cdn.filestackcontent.com/Bzm2LzhvTmu6FDIRiRmk
SaJa Travel,sajatravel,info@sajatravel.com,00351 933 824246,Portugal/Faro/Quarteira,,,645987,Jeep Renegade Tour 2 – Cultural,Guided Tour-Jeep,1,48,180,https://fareharbor.com/embeds/calendar/sajatravel/items/645987/?asn=fhdn-eur&asn-ref=alloutdooradventures&ref=alloutdooradventures&bookable-only=yes&full-items=yes&marketplace=yes&flow=no,"<script src=""https://fareharbor.com/embeds/script/calendar/sajatravel/items/645987/?asn=fhdn-eur&asn-ref=alloutdooradventures&ref=alloutdooradventures&bookable-only=yes&full-items=yes&marketplace=yes&flow=no""></script>",https://fareharbor.com/embeds/book/sajatravel/items/645987/?asn=fhdn-eur&asn-ref=alloutdooradventures&ref=alloutdooradventures&bookable-only=yes&full-items=yes&marketplace=yes&flow=no,https://cdn.filestackcontent.com/n9ARuRdqhtEpbOh3pcQO
Cantinhos do Sado,cantinhosdosado,Cantinhosdosado24@gmail.com,963715136,Portugal/Setúbal/Setúbal,,,659179,Aluguer de embarcação (até 4 pessoas),Bike Tour,1,48,180,https://fareharbor.com/embeds/calendar/cantinhosdosado/items/659179/?asn=fhdn-eur&asn-ref=alloutdooradventures&ref=alloutdooradventures&bookable-only=yes&full-items=yes&marketplace=yes&flow=no,"<script src=""https://fareharbor.com/embeds/script/calendar/cantinhosdosado/items/659179/?asn=fhdn-eur&asn-ref=alloutdooradventures&ref=alloutdooradventures&bookable-only=yes&full-items=yes&marketplace=yes&flow=no""></script>",https://fareharbor.com/embeds/book/cantinhosdosado/items/659179/?asn=fhdn-eur&asn-ref=alloutdooradventures&ref=alloutdooradventures&bookable-only=yes&full-items=yes&marketplace=yes&flow=no,https://cdn.filestackcontent.com/qVy0Gk6KRIOxC6G4381H
Ecotour Experiences,ecotourexperiences,info@ecotourexperiences.com,+34 644592104,Spain/Catalunya,0.874014,42.701169,666078,Ascensión al Tuc de Montarto,Hiking,1,48,78,https://fareharbor.com/embeds/calendar/ecotourexperiences/items/666078/?asn=fhdn-eur&asn-ref=alloutdooradventures&ref=alloutdooradventures&bookable-only=yes&full-items=yes&marketplace=yes&flow=no,"<script src=""https://fareharbor.com/embeds/script/calendar/ecotourexperiences/items/666078/?asn=fhdn-eur&asn-ref=alloutdooradventures&ref=alloutdooradventures&bookable-only=yes&full-items=yes&marketplace=yes&flow=no""></script>",https://fareharbor.com/embeds/book/ecotourexperiences/items/666078/?asn=fhdn-eur&asn-ref=alloutdooradventures&ref=alloutdooradventures&bookable-only=yes&full-items=yes&marketplace=yes&flow=no,https://cdn.filestackcontent.com/yNBcGZXuSNmz6qPeCcvQ
Ecotour Experiences,ecotourexperiences,info@ecotourexperiences.com,+34 644592104,Spain/Aragon/Aneto,0.6962,42.58172,666095,Ruta circular al pico de Vallibierna (+3000m),Hiking,1,48,78,https://fareharbor.com/embeds/calendar/ecotourexperiences/items/666095/?asn=fhdn-eur&asn-ref=alloutdooradventures&ref=alloutdooradventures&bookable-only=yes&full-items=yes&marketplace=yes&flow=no,"<script src=""https://fareharbor.com/embeds/script/calendar/ecotourexperiences/items/666095/?asn=fhdn-eur&asn-ref=alloutdooradventures&ref=alloutdooradventures&bookable-only=yes&full-items=yes&marketplace=yes&flow=no""></script>",https://fareharbor.com/embeds/book/ecotourexperiences/items/666095/?asn=fhdn-eur&asn-ref=alloutdooradventures&ref=alloutdooradventures&bookable-only=yes&full-items=yes&marketplace=yes&flow=no,https://cdn.filestackcontent.com/qMv9vXxWQ021UAR0IWUo
Ecotour Experiences,ecotourexperiences,info@ecotourexperiences.com,+34 644592104,Spain/Catalunya,0.843159,42.56263,666098,Ruta Estany de Besiberri,Hiking,1,48,109,https://fareharbor.com/embeds/calendar/ecotourexperiences/items/666098/?asn=fhdn-eur&asn-ref=alloutdooradventures&ref=alloutdooradventures&bookable-only=yes&full-items=yes&marketplace=yes&flow=no,"<script src=""https://fareharbor.com/embeds/script/calendar/ecotourexperiences/items/666098/?asn=fhdn-eur&asn-ref=alloutdooradventures&ref=alloutdooradventures&bookable-only=yes&full-items=yes&marketplace=yes&flow=no""></script>",https://fareharbor.com/embeds/book/ecotourexperiences/items/666098/?asn=fhdn-eur&asn-ref=alloutdooradventures&ref=alloutdooradventures&bookable-only=yes&full-items=yes&marketplace=yes&flow=no,https://cdn.filestackcontent.com/zsvBib0jSzeWKqddNLVz
Ecotour Experiences,ecotourexperiences,info@ecotourexperiences.com,+34 644592104,Spain/Catalunya,0.843159,42.56263,666104,Ruta a los Estanys de Gémena,Hiking,1,48,78,https://fareharbor.com/embeds/calendar/ecotourexperiences/items/666104/?asn=fhdn-eur&asn-ref=alloutdooradventures&ref=alloutdooradventures&bookable-only=yes&full-items=yes&marketplace=yes&flow=no,"<script src=""https://fareharbor.com/embeds/script/calendar/ecotourexperiences/items/666104/?asn=fhdn-eur&asn-ref=alloutdooradventures&ref=alloutdooradventures&bookable-only=yes&full-items=yes&marketplace=yes&flow=no""></script>",https://fareharbor.com/embeds/book/ecotourexperiences/items/666104/?asn=fhdn-eur&asn-ref=alloutdooradventures&ref=alloutdooradventures&bookable-only=yes&full-items=yes&marketplace=yes&flow=no,https://cdn.filestackcontent.com/2c5bvtJzRhOIj2cXzgLa
