company_name,company_shortname,company_email,company_phone,location,location_lat,location_long,item_id,item_name,tags,image_count,quality_score,availability_count,calendar_link,calendar_script,regular_link,image_url
World Sea Explorers,worldseaexplorers,info@worldseaexplorers.com,+47 907 07 512,Norway/Troms/Tromsø,,,332606,Northern Lights Cruise Tromsø,Boat Tour-Northern Lights Tour-Winter Activities,16,100,34,https://fareharbor.com/embeds/calendar/worldseaexplorers/items/332606/?asn=fhdn-nok&asn-ref=alloutdooradventures&ref=alloutdooradventures&bookable-only=yes&full-items=yes&marketplace=yes&flow=no,"<script src=""https://fareharbor.com/embeds/script/calendar/worldseaexplorers/items/332606/?asn=fhdn-nok&asn-ref=alloutdooradventures&ref=alloutdooradventures&bookable-only=yes&full-items=yes&marketplace=yes&flow=no""></script>",https://fareharbor.com/embeds/book/worldseaexplorers/items/332606/?asn=fhdn-nok&asn-ref=alloutdooradventures&ref=alloutdooradventures&bookable-only=yes&full-items=yes&marketplace=yes&flow=no,https://cdn.filestackcontent.com/raDIXWZORNm5i8lm0Cm4
Tropical Bikes,copenhagenbikes,tours@tropicalbikes.dk,+4550656210,Denmark/København,,,553857,Spanish Private Tour,Bike Rental-Bike Tour-Guided Tour-Private-Sightseeing Tour,6,100,354,https://fareharbor.com/embeds/calendar/copenhagenbikes/items/553857/?asn=fhdn-dkk&asn-ref=alloutdooradventures&ref=alloutdooradventures&bookable-only=yes&full-items=yes&marketplace=yes&flow=no,"<script src=""https://fareharbor.com/embeds/script/calendar/copenhagenbikes/items/553857/?asn=fhdn-dkk&asn-ref=alloutdooradventures&ref=alloutdooradventures&bookable-only=yes&full-items=yes&marketplace=yes&flow=no""></script>",https://fareharbor.com/embeds/book/copenhagenbikes/items/553857/?asn=fhdn-dkk&asn-ref=alloutdooradventures&ref=alloutdooradventures&bookable-only=yes&full-items=yes&marketplace=yes&flow=no,https://cdn.filestackcontent.com/JZKT0KsQnyQI013znvNg
Stockholm Nature AB,stockholmnature,info@stockholmnature.com,+46 76 621 87 14,Sweden/Stockholms län/Stockholm,18.044957,59.332391,644775,Bike Tour in Stockholm-City,Bike Tour,5,99,139,https://fareharbor.com/embeds/calendar/stockholmnature/items/644775/?asn=fhdn-sek&asn-ref=alloutdooradventures&ref=alloutdooradventures&bookable-only=yes&full-items=yes&marketplace=yes&flow=no,"<script src=""https://fareharbor.com/embeds/script/calendar/stockholmnature/items/644775/?asn=fhdn-sek&asn-ref=alloutdooradventures&ref=alloutdooradventures&bookable-only=yes&full-items=yes&marketplace=yes&flow=no""></script>",https://fareharbor.com/embeds/book/stockholmnature/items/644775/?asn=fhdn-sek&asn-ref=alloutdooradventures&ref=alloutdooradventures&bookable-only=yes&full-items=yes&marketplace=yes&flow=no,https://cdn.filestackcontent.com/oaWWL8AYQrumfV1UG27v
Trollcruise,trollcruise,booking@trollcruise.no,0047 23355510,Norway/Oslo/Oslo,,,356375,Oslofjord Dinner Cruise,Boat Tour,8,97,55,https://fareharbor.com/embeds/calendar/trollcruise/items/356375/?asn=fhdn-nok&asn-ref=alloutdooradventures&ref=alloutdooradventures&bookable-only=yes&full-items=yes&marketplace=yes&flow=no,"<script src=""https://fareharbor.com/embeds/script/calendar/trollcruise/items/356375/?asn=fhdn-nok&asn-ref=alloutdooradventures&ref=alloutdooradventures&bookable-only=yes&full-items=yes&marketplace=yes&flow=no""></script>",https://fareharbor.com/embeds/book/trollcruise/items/356375/?asn=fhdn-nok&asn-ref=alloutdooradventures&ref=alloutdooradventures&bookable-only=yes&full-items=yes&marketplace=yes&flow=no,https://cdn.filestackcontent.com/EyutELbTF2okx55b6BUx
Trollcruise,trollcruise,booking@trollcruise.no,0047 23355510,Norway/Oslo/Oslo,10.730637,59.910767,360774,Oslofjord Sightseeing 100% Electric,Boat Tour,9,97,358,https://fareharbor.com/embeds/calendar/trollcruise/items/360774/?asn=fhdn-nok&asn-ref=alloutdooradventures&ref=alloutdooradventures&bookable-only=yes&full-items=yes&marketplace=yes&flow=no,"<script src=""https://fareharbor.com/embeds/script/calendar/trollcruise/items/360774/?asn=fhdn-nok&asn-ref=alloutdooradventures&ref=alloutdooradventures&bookable-only=yes&full-items=yes&marketplace=yes&flow=no""></script>",https://fareharbor.com/embeds/book/trollcruise/items/360774/?asn=fhdn-nok&asn-ref=alloutdooradventures&ref=alloutdooradventures&bookable-only=yes&full-items=yes&marketplace=yes&flow=no,https://cdn.filestackcontent.com/P2Ym2sRFSqCfX9slWvAI
Stockholm Nature AB,stockholmnature,info@stockholmnature.com,+46 76 621 87 14,Sweden/Stockholms län/Stockholm,,,488574,Winter Kayak Tour in Stockholm-City,Kayak-Walking Tour-Water Activities,7,97,58,https://fareharbor.com/embeds/calendar/stockholmnature/items/488574/?asn=fhdn-sek&asn-ref=alloutdooradventures&ref=alloutdooradventures&bookable-only=yes&full-items=yes&marketplace=yes&flow=no,"<script src=""https://fareharbor.com/embeds/script/calendar/stockholmnature/items/488574/?asn=fhdn-sek&asn-ref=alloutdooradventures&ref=alloutdooradventures&bookable-only=yes&full-items=yes&marketplace=yes&flow=no""></script>",https://fareharbor.com/embeds/book/stockholmnature/items/488574/?asn=fhdn-sek&asn-ref=alloutdooradventures&ref=alloutdooradventures&bookable-only=yes&full-items=yes&marketplace=yes&flow=no,https://cdn.filestackcontent.com/sMOC2SrkT3KeERRdl8ak
Tropical Bikes,copenhagenbikes,tours@tropicalbikes.dk,+4550656210,Denmark/København,12.566228,55.678302,504683,English Highlight Tour,Bike Rental-Bike Tour-Boat Tour-Guided Tour-History Tour,5,97,326,https://fareharbor.com/embeds/calendar/copenhagenbikes/items/504683/?asn=fhdn-dkk&asn-ref=alloutdooradventures&ref=alloutdooradventures&bookable-only=yes&full-items=yes&marketplace=yes&flow=no,"<script src=""https://fareharbor.com/embeds/script/calendar/copenhagenbikes/items/504683/?asn=fhdn-dkk&asn-ref=alloutdooradventures&ref=alloutdooradventures&bookable-only=yes&full-items=yes&marketplace=yes&flow=no""></script>",https://fareharbor.com/embeds/book/copenhagenbikes/items/504683/?asn=fhdn-dkk&asn-ref=alloutdooradventures&ref=alloutdooradventures&bookable-only=yes&full-items=yes&marketplace=yes&flow=no,https://cdn.filestackcontent.com/KulNZvPtROhYDn5Psh6n
Stockholm Nature AB,stockholmnature,info@stockholmnature.com,+46 76 621 87 14,Sweden/Stockholms län/Stockholm,,,265863,Hiking Tour in Nature Reserve,Guided Tour-Hiking-History Tour-Walking Tour,13,96,170,https://fareharbor.com/embeds/calendar/stockholmnature/items/265863/?asn=fhdn-sek&asn-ref=alloutdooradventures&ref=alloutdooradventures&bookable-only=yes&full-items=yes&marketplace=yes&flow=no,"<script src=""https://fareharbor.com/embeds/script/calendar/stockholmnature/items/265863/?asn=fhdn-sek&asn-ref=alloutdooradventures&ref=alloutdooradventures&bookable-only=yes&full-items=yes&marketplace=yes&flow=no""></script>",https://fareharbor.com/embeds/book/stockholmnature/items/265863/?asn=fhdn-sek&asn-ref=alloutdooradventures&ref=alloutdooradventures&bookable-only=yes&full-items=yes&marketplace=yes&flow=no,https://cdn.filestackcontent.com/FiE008vRwSUxBA1ZaJHw
Stockholm Nature AB,stockholmnature,info@stockholmnature.com,+46 76 621 87 14,Sweden/Stockholms län/Johanneshov,,,265868,Sunset Hiking Tour in National Park,Guided Tour-Hiking-Walking Tour,7,95,153,https://fareharbor.com/embeds/calendar/stockholmnature/items/265868/?asn=fhdn-sek&asn-ref=alloutdooradventures&ref=alloutdooradventures&bookable-only=yes&full-items=yes&marketplace=yes&flow=no,"<script src=""https://fareharbor.com/embeds/script/calendar/stockholmnature/items/265868/?asn=fhdn-sek&asn-ref=alloutdooradventures&ref=alloutdooradventures&bookable-only=yes&full-items=yes&marketplace=yes&flow=no""></script>",https://fareharbor.com/embeds/book/stockholmnature/items/265868/?asn=fhdn-sek&asn-ref=alloutdooradventures&ref=alloutdooradventures&bookable-only=yes&full-items=yes&marketplace=yes&flow=no,https://cdn.filestackcontent.com/0soNhvCTUKO3hpuZzUFa
World Sea Explorers,worldseaexplorers,info@worldseaexplorers.com,+47 907 07 512,Norway/Troms/Tromsø,,,406589,Polar Fjord Cruise Tromsø,Boat Tour-Winter Activities,13,95,47,https://fareharbor.com/embeds/calendar/worldseaexplorers/items/406589/?asn=fhdn-nok&asn-ref=alloutdooradventures&ref=alloutdooradventures&bookable-only=yes&full-items=yes&marketplace=yes&flow=no,"<script src=""https://fareharbor.com/embeds/script/calendar/worldseaexplorers/items/406589/?asn=fhdn-nok&asn-ref=alloutdooradventures&ref=alloutdooradventures&bookable-only=yes&full-items=yes&marketplace=yes&flow=no""></script>",https://fareharbor.com/embeds/book/worldseaexplorers/items/406589/?asn=fhdn-nok&asn-ref=alloutdooradventures&ref=alloutdooradventures&bookable-only=yes&full-items=yes&marketplace=yes&flow=no,https://cdn.filestackcontent.com/1cUCw1EDR7lMkI7Ux3rg
Tropical Bikes,copenhagenbikes,tours@tropicalbikes.dk,+4550656210,Denmark/København,,,504694,English Private Tour,Bike Rental-Bike Tour-Guided Tour-Private-Sightseeing Tour,1,95,369,https://fareharbor.com/embeds/calendar/copenhagenbikes/items/504694/?asn=fhdn-dkk&asn-ref=alloutdooradventures&ref=alloutdooradventures&bookable-only=yes&full-items=yes&marketplace=yes&flow=no,"<script src=""https://fareharbor.com/embeds/script/calendar/copenhagenbikes/items/504694/?asn=fhdn-dkk&asn-ref=alloutdooradventures&ref=alloutdooradventures&bookable-only=yes&full-items=yes&marketplace=yes&flow=no""></script>",https://fareharbor.com/embeds/book/copenhagenbikes/items/504694/?asn=fhdn-dkk&asn-ref=alloutdooradventures&ref=alloutdooradventures&bookable-only=yes&full-items=yes&marketplace=yes&flow=no,https://cdn.filestackcontent.com/VbEWUQfTrq6mLdP0VQwt
Tropical Bikes,copenhagenbikes,tours@tropicalbikes.dk,+4550656210,Denmark/København,,,515247,Dutch Private Tour,Bike Rental-Bike Tour-Guided Tour-Private-Sightseeing Tour,1,95,366,https://fareharbor.com/embeds/calendar/copenhagenbikes/items/515247/?asn=fhdn-dkk&asn-ref=alloutdooradventures&ref=alloutdooradventures&bookable-only=yes&full-items=yes&marketplace=yes&flow=no,"<script src=""https://fareharbor.com/embeds/script/calendar/copenhagenbikes/items/515247/?asn=fhdn-dkk&asn-ref=alloutdooradventures&ref=alloutdooradventures&bookable-only=yes&full-items=yes&marketplace=yes&flow=no""></script>",https://fareharbor.com/embeds/book/copenhagenbikes/items/515247/?asn=fhdn-dkk&asn-ref=alloutdooradventures&ref=alloutdooradventures&bookable-only=yes&full-items=yes&marketplace=yes&flow=no,https://cdn.filestackcontent.com/yU9jRvtHQhiHcAFrbXcm
Tropical Bikes,copenhagenbikes,tours@tropicalbikes.dk,+4550656210,Denmark/København,,,515248,German Private Tour,Bike Rental-Bike Tour-Guided Tour-Private-Sightseeing Tour,1,95,365,https://fareharbor.com/embeds/calendar/copenhagenbikes/items/515248/?asn=fhdn-dkk&asn-ref=alloutdooradventures&ref=alloutdooradventures&bookable-only=yes&full-items=yes&marketplace=yes&flow=no,"<script src=""https://fareharbor.com/embeds/script/calendar/copenhagenbikes/items/515248/?asn=fhdn-dkk&asn-ref=alloutdooradventures&ref=alloutdooradventures&bookable-only=yes&full-items=yes&marketplace=yes&flow=no""></script>",https://fareharbor.com/embeds/book/copenhagenbikes/items/515248/?asn=fhdn-dkk&asn-ref=alloutdooradventures&ref=alloutdooradventures&bookable-only=yes&full-items=yes&marketplace=yes&flow=no,https://cdn.filestackcontent.com/dK02L7XMSPmoTGkyfLSO
Saga Adventures Lofoten,sagaadventureslofoten,aguaviva.roman@gmail.com,+47 41413079,Norway/Nordland/Reine,13.133401,67.94676,548010,Full day adventure to Bunes beach: kayak & hike  (Call to book!),Eco Tour-Kayak,1,93,1,https://fareharbor.com/embeds/calendar/sagaadventureslofoten/items/548010/?asn=fhdn-nok&asn-ref=alloutdooradventures&ref=alloutdooradventures&bookable-only=yes&full-items=yes&marketplace=yes&flow=no,"<script src=""https://fareharbor.com/embeds/script/calendar/sagaadventureslofoten/items/548010/?asn=fhdn-nok&asn-ref=alloutdooradventures&ref=alloutdooradventures&bookable-only=yes&full-items=yes&marketplace=yes&flow=no""></script>",https://fareharbor.com/embeds/book/sagaadventureslofoten/items/548010/?asn=fhdn-nok&asn-ref=alloutdooradventures&ref=alloutdooradventures&bookable-only=yes&full-items=yes&marketplace=yes&flow=no,https://cdn.filestackcontent.com/EfwIUKyDS1m8NDe7QLbE
Copenhagen By Mie & Friends,copenhagenbymieandfriends,info@copenhagenbymie.com,+45 2082 5287,Denmark/København,,,225749,Copenhagen Whirlwind of Sights Tour,Boat Tour-Castle-City Tour-Food Tour,6,92,174,https://fareharbor.com/embeds/calendar/copenhagenbymieandfriends/items/225749/?asn=fhdn-eur&asn-ref=alloutdooradventures&ref=alloutdooradventures&bookable-only=yes&full-items=yes&marketplace=yes&flow=no,"<script src=""https://fareharbor.com/embeds/script/calendar/copenhagenbymieandfriends/items/225749/?asn=fhdn-eur&asn-ref=alloutdooradventures&ref=alloutdooradventures&bookable-only=yes&full-items=yes&marketplace=yes&flow=no""></script>",https://fareharbor.com/embeds/book/copenhagenbymieandfriends/items/225749/?asn=fhdn-eur&asn-ref=alloutdooradventures&ref=alloutdooradventures&bookable-only=yes&full-items=yes&marketplace=yes&flow=no,https://cdn.filestackcontent.com/QP4MlBPTwGfOPYZbvihA
Tropical Bikes,copenhagenbikes,tours@tropicalbikes.dk,+4550656210,Denmark/København,12.566228,55.678302,504699,Dutch Highlight Tour,Bike Rental-Bike Tour-Boat Tour-Guided Tour-History Tour,5,87,249,https://fareharbor.com/embeds/calendar/copenhagenbikes/items/504699/?asn=fhdn-dkk&asn-ref=alloutdooradventures&ref=alloutdooradventures&bookable-only=yes&full-items=yes&marketplace=yes&flow=no,"<script src=""https://fareharbor.com/embeds/script/calendar/copenhagenbikes/items/504699/?asn=fhdn-dkk&asn-ref=alloutdooradventures&ref=alloutdooradventures&bookable-only=yes&full-items=yes&marketplace=yes&flow=no""></script>",https://fareharbor.com/embeds/book/copenhagenbikes/items/504699/?asn=fhdn-dkk&asn-ref=alloutdooradventures&ref=alloutdooradventures&bookable-only=yes&full-items=yes&marketplace=yes&flow=no,https://cdn.filestackcontent.com/dJkVaB0nS6eiJoSSWSm6
Copenhagen By Mie & Friends,copenhagenbymieandfriends,info@copenhagenbymie.com,+45 2082 5287,Denmark/København,,,225874,Private Copenhagen: Highlights & Hygge Tour With a Local,Bus Tour-Castle-City Tour-Food Tour-History Tour-Walking Tour,1,85,171,https://fareharbor.com/embeds/calendar/copenhagenbymieandfriends/items/225874/?asn=fhdn-eur&asn-ref=alloutdooradventures&ref=alloutdooradventures&bookable-only=yes&full-items=yes&marketplace=yes&flow=no,"<script src=""https://fareharbor.com/embeds/script/calendar/copenhagenbymieandfriends/items/225874/?asn=fhdn-eur&asn-ref=alloutdooradventures&ref=alloutdooradventures&bookable-only=yes&full-items=yes&marketplace=yes&flow=no""></script>",https://fareharbor.com/embeds/book/copenhagenbymieandfriends/items/225874/?asn=fhdn-eur&asn-ref=alloutdooradventures&ref=alloutdooradventures&bookable-only=yes&full-items=yes&marketplace=yes&flow=no,https://cdn.filestackcontent.com/dXRnhDyURuqMKFtk3Ys2
World Sea Explorers,worldseaexplorers,info@worldseaexplorers.com,+47 907 07 512,Norway/Troms/Tromsø,,,244945,Tromsø Summer Fjord Cruise,Boat Tour-History Tour-Private-Sailing-Winter Activities,9,85,33,https://fareharbor.com/embeds/calendar/worldseaexplorers/items/244945/?asn=fhdn-nok&asn-ref=alloutdooradventures&ref=alloutdooradventures&bookable-only=yes&full-items=yes&marketplace=yes&flow=no,"<script src=""https://fareharbor.com/embeds/script/calendar/worldseaexplorers/items/244945/?asn=fhdn-nok&asn-ref=alloutdooradventures&ref=alloutdooradventures&bookable-only=yes&full-items=yes&marketplace=yes&flow=no""></script>",https://fareharbor.com/embeds/book/worldseaexplorers/items/244945/?asn=fhdn-nok&asn-ref=alloutdooradventures&ref=alloutdooradventures&bookable-only=yes&full-items=yes&marketplace=yes&flow=no,https://cdn.filestackcontent.com/qgMI1xFDQTaqOOWjt7E2
World Sea Explorers,worldseaexplorers,info@worldseaexplorers.com,+47 907 07 512,Norway/Troms/Tromsø,,,244954,Tromsø Sea-to-Table Fishing Experience,Boat Tour-Fishing,8,85,45,https://fareharbor.com/embeds/calendar/worldseaexplorers/items/244954/?asn=fhdn-nok&asn-ref=alloutdooradventures&ref=alloutdooradventures&bookable-only=yes&full-items=yes&marketplace=yes&flow=no,"<script src=""https://fareharbor.com/embeds/script/calendar/worldseaexplorers/items/244954/?asn=fhdn-nok&asn-ref=alloutdooradventures&ref=alloutdooradventures&bookable-only=yes&full-items=yes&marketplace=yes&flow=no""></script>",https://fareharbor.com/embeds/book/worldseaexplorers/items/244954/?asn=fhdn-nok&asn-ref=alloutdooradventures&ref=alloutdooradventures&bookable-only=yes&full-items=yes&marketplace=yes&flow=no,https://cdn.filestackcontent.com/CTkbTXO9Syk5IKX7TtoA
World Sea Explorers,worldseaexplorers,info@worldseaexplorers.com,+47 907 07 512,Norway/Troms/Tromsø,,,290027,Tromsø Midnight Sun Cruise,Boat Tour,16,85,30,https://fareharbor.com/embeds/calendar/worldseaexplorers/items/290027/?asn=fhdn-nok&asn-ref=alloutdooradventures&ref=alloutdooradventures&bookable-only=yes&full-items=yes&marketplace=yes&flow=no,"<script src=""https://fareharbor.com/embeds/script/calendar/worldseaexplorers/items/290027/?asn=fhdn-nok&asn-ref=alloutdooradventures&ref=alloutdooradventures&bookable-only=yes&full-items=yes&marketplace=yes&flow=no""></script>",https://fareharbor.com/embeds/book/worldseaexplorers/items/290027/?asn=fhdn-nok&asn-ref=alloutdooradventures&ref=alloutdooradventures&bookable-only=yes&full-items=yes&marketplace=yes&flow=no,https://cdn.filestackcontent.com/HRltTbIvQzKmMlZSgy2a
Amitylux,amitylux,info@amitylux.com,+45 61 75 51 56,Finland/Uusimaa/Helsinki,24.950811,60.167968,304850,Helsinki 3h Private Tour,Guided Tour-Private-Walking Tour,11,85,2520,https://fareharbor.com/embeds/calendar/amitylux/items/304850/?asn=fhdn-eur&asn-ref=alloutdooradventures&ref=alloutdooradventures&bookable-only=yes&full-items=yes&marketplace=yes&flow=no,"<script src=""https://fareharbor.com/embeds/script/calendar/amitylux/items/304850/?asn=fhdn-eur&asn-ref=alloutdooradventures&ref=alloutdooradventures&bookable-only=yes&full-items=yes&marketplace=yes&flow=no""></script>",https://fareharbor.com/embeds/book/amitylux/items/304850/?asn=fhdn-eur&asn-ref=alloutdooradventures&ref=alloutdooradventures&bookable-only=yes&full-items=yes&marketplace=yes&flow=no,https://cdn.filestackcontent.com/s6z8l1s0Rmm3xV6gVuu0
Amitylux,amitylux,info@amitylux.com,+45 61 75 51 56,Sweden/Stockholms län/Stockholm,18.058117,59.331428,438511,Stockholm Small Group Walking Tour,City Tour-Walking Tour,9,85,2520,https://fareharbor.com/embeds/calendar/amitylux/items/438511/?asn=fhdn-eur&asn-ref=alloutdooradventures&ref=alloutdooradventures&bookable-only=yes&full-items=yes&marketplace=yes&flow=no,"<script src=""https://fareharbor.com/embeds/script/calendar/amitylux/items/438511/?asn=fhdn-eur&asn-ref=alloutdooradventures&ref=alloutdooradventures&bookable-only=yes&full-items=yes&marketplace=yes&flow=no""></script>",https://fareharbor.com/embeds/book/amitylux/items/438511/?asn=fhdn-eur&asn-ref=alloutdooradventures&ref=alloutdooradventures&bookable-only=yes&full-items=yes&marketplace=yes&flow=no,https://cdn.filestackcontent.com/GeBZOkBGTsqubuEIABDB
Stockholm Nature AB,stockholmnature,info@stockholmnature.com,+46 76 621 87 14,Sweden/Stockholms län/Stockholm,,,552813,2-Days Hiking Tour in National Park,Hiking-Walking Tour,6,85,135,https://fareharbor.com/embeds/calendar/stockholmnature/items/552813/?asn=fhdn-sek&asn-ref=alloutdooradventures&ref=alloutdooradventures&bookable-only=yes&full-items=yes&marketplace=yes&flow=no,"<script src=""https://fareharbor.com/embeds/script/calendar/stockholmnature/items/552813/?asn=fhdn-sek&asn-ref=alloutdooradventures&ref=alloutdooradventures&bookable-only=yes&full-items=yes&marketplace=yes&flow=no""></script>",https://fareharbor.com/embeds/book/stockholmnature/items/552813/?asn=fhdn-sek&asn-ref=alloutdooradventures&ref=alloutdooradventures&bookable-only=yes&full-items=yes&marketplace=yes&flow=no,https://cdn.filestackcontent.com/LzaQK1veQBuP4maO1SA4
Kiruna Guidetur,kirunaguidetur,info@kirunaguidetur.com,46 980 81110,Sweden/Norrbottens län/Kiruna,,,563345,"Snowshoe Trek, Aurora",Walking Tour-Winter Activities,1,85,67,https://fareharbor.com/embeds/calendar/kirunaguidetur/items/563345/?asn=fhdn-sek&asn-ref=alloutdooradventures&ref=alloutdooradventures&bookable-only=yes&full-items=yes&marketplace=yes&flow=no,"<script src=""https://fareharbor.com/embeds/script/calendar/kirunaguidetur/items/563345/?asn=fhdn-sek&asn-ref=alloutdooradventures&ref=alloutdooradventures&bookable-only=yes&full-items=yes&marketplace=yes&flow=no""></script>",https://fareharbor.com/embeds/book/kirunaguidetur/items/563345/?asn=fhdn-sek&asn-ref=alloutdooradventures&ref=alloutdooradventures&bookable-only=yes&full-items=yes&marketplace=yes&flow=no,https://cdn.filestackcontent.com/WXmncDizQ2m6jKFCcjmD
Amitylux,amitylux,info@amitylux.com,+45 61 75 51 56,Denmark/København,12.572114,55.682254,220715,Copenhagen Small Group Walking Tour,City Tour-Guided Tour-Sightseeing Tour-Walking Tour,9,84,2520,https://fareharbor.com/embeds/calendar/amitylux/items/220715/?asn=fhdn-eur&asn-ref=alloutdooradventures&ref=alloutdooradventures&bookable-only=yes&full-items=yes&marketplace=yes&flow=no,"<script src=""https://fareharbor.com/embeds/script/calendar/amitylux/items/220715/?asn=fhdn-eur&asn-ref=alloutdooradventures&ref=alloutdooradventures&bookable-only=yes&full-items=yes&marketplace=yes&flow=no""></script>",https://fareharbor.com/embeds/book/amitylux/items/220715/?asn=fhdn-eur&asn-ref=alloutdooradventures&ref=alloutdooradventures&bookable-only=yes&full-items=yes&marketplace=yes&flow=no,https://cdn.filestackcontent.com/VmskTECNSUaZtYPo3hL8
Amitylux,amitylux,info@amitylux.com,+45 61 75 51 56,Denmark/København,12.572114,55.682254,220722,Copenhagen Full Day Private Walking Tour,City Tour-Guided Tour-Private-Sightseeing Tour-Walking Tour,9,84,1260,https://fareharbor.com/embeds/calendar/amitylux/items/220722/?asn=fhdn-eur&asn-ref=alloutdooradventures&ref=alloutdooradventures&bookable-only=yes&full-items=yes&marketplace=yes&flow=no,"<script src=""https://fareharbor.com/embeds/script/calendar/amitylux/items/220722/?asn=fhdn-eur&asn-ref=alloutdooradventures&ref=alloutdooradventures&bookable-only=yes&full-items=yes&marketplace=yes&flow=no""></script>",https://fareharbor.com/embeds/book/amitylux/items/220722/?asn=fhdn-eur&asn-ref=alloutdooradventures&ref=alloutdooradventures&bookable-only=yes&full-items=yes&marketplace=yes&flow=no,https://cdn.filestackcontent.com/iCQHLrAHQfCIYnshWclY
Amitylux,amitylux,info@amitylux.com,+45 61 75 51 56,Denmark/København,12.570713,55.683129,220736,Copenhagen Small Group Biking Tour,Bike Tour,10,84,1974,https://fareharbor.com/embeds/calendar/amitylux/items/220736/?asn=fhdn-eur&asn-ref=alloutdooradventures&ref=alloutdooradventures&bookable-only=yes&full-items=yes&marketplace=yes&flow=no,"<script src=""https://fareharbor.com/embeds/script/calendar/amitylux/items/220736/?asn=fhdn-eur&asn-ref=alloutdooradventures&ref=alloutdooradventures&bookable-only=yes&full-items=yes&marketplace=yes&flow=no""></script>",https://fareharbor.com/embeds/book/amitylux/items/220736/?asn=fhdn-eur&asn-ref=alloutdooradventures&ref=alloutdooradventures&bookable-only=yes&full-items=yes&marketplace=yes&flow=no,https://cdn.filestackcontent.com/J97vxgqMQ2u3QNv9WRWP
Amitylux,amitylux,info@amitylux.com,+45 61 75 51 56,Denmark/København,12.570713,55.683129,220738,Copenhagen Private Guided Bike Tour,Bike Tour-Guided Tour-Private,9,84,1974,https://fareharbor.com/embeds/calendar/amitylux/items/220738/?asn=fhdn-eur&asn-ref=alloutdooradventures&ref=alloutdooradventures&bookable-only=yes&full-items=yes&marketplace=yes&flow=no,"<script src=""https://fareharbor.com/embeds/script/calendar/amitylux/items/220738/?asn=fhdn-eur&asn-ref=alloutdooradventures&ref=alloutdooradventures&bookable-only=yes&full-items=yes&marketplace=yes&flow=no""></script>",https://fareharbor.com/embeds/book/amitylux/items/220738/?asn=fhdn-eur&asn-ref=alloutdooradventures&ref=alloutdooradventures&bookable-only=yes&full-items=yes&marketplace=yes&flow=no,https://cdn.filestackcontent.com/s35JdzAxRdWd2ZHHpEuI
Amitylux,amitylux,info@amitylux.com,+45 61 75 51 56,Norway/Oslo/Oslo,10.752878,59.907399,304852,Oslo 3h Private Tour,History Tour-Private-Walking Tour,7,84,2520,https://fareharbor.com/embeds/calendar/amitylux/items/304852/?asn=fhdn-eur&asn-ref=alloutdooradventures&ref=alloutdooradventures&bookable-only=yes&full-items=yes&marketplace=yes&flow=no,"<script src=""https://fareharbor.com/embeds/script/calendar/amitylux/items/304852/?asn=fhdn-eur&asn-ref=alloutdooradventures&ref=alloutdooradventures&bookable-only=yes&full-items=yes&marketplace=yes&flow=no""></script>",https://fareharbor.com/embeds/book/amitylux/items/304852/?asn=fhdn-eur&asn-ref=alloutdooradventures&ref=alloutdooradventures&bookable-only=yes&full-items=yes&marketplace=yes&flow=no,https://cdn.filestackcontent.com/svhhKCOQRDiETusm83Cd
Trollcruise,trollcruise,booking@trollcruise.no,0047 23355510,Norway/Oslo/Oslo,10.730637,59.910767,420421,Combination ticket Fjord Cruise and hop on - hop off bus,Boat Tour,5,84,360,https://fareharbor.com/embeds/calendar/trollcruise/items/420421/?asn=fhdn-nok&asn-ref=alloutdooradventures&ref=alloutdooradventures&bookable-only=yes&full-items=yes&marketplace=yes&flow=no,"<script src=""https://fareharbor.com/embeds/script/calendar/trollcruise/items/420421/?asn=fhdn-nok&asn-ref=alloutdooradventures&ref=alloutdooradventures&bookable-only=yes&full-items=yes&marketplace=yes&flow=no""></script>",https://fareharbor.com/embeds/book/trollcruise/items/420421/?asn=fhdn-nok&asn-ref=alloutdooradventures&ref=alloutdooradventures&bookable-only=yes&full-items=yes&marketplace=yes&flow=no,https://cdn.filestackcontent.com/r4q14zCDS9mgszf1i47q
Stockholm Nature AB,stockholmnature,info@stockholmnature.com,+46 76 621 87 14,Sweden/Stockholms län/Stockholm,,,265886,3-Days Kayak Tour | Archipelago,Kayak-Walking Tour-Water Activities,9,83,47,https://fareharbor.com/embeds/calendar/stockholmnature/items/265886/?asn=fhdn-sek&asn-ref=alloutdooradventures&ref=alloutdooradventures&bookable-only=yes&full-items=yes&marketplace=yes&flow=no,"<script src=""https://fareharbor.com/embeds/script/calendar/stockholmnature/items/265886/?asn=fhdn-sek&asn-ref=alloutdooradventures&ref=alloutdooradventures&bookable-only=yes&full-items=yes&marketplace=yes&flow=no""></script>",https://fareharbor.com/embeds/book/stockholmnature/items/265886/?asn=fhdn-sek&asn-ref=alloutdooradventures&ref=alloutdooradventures&bookable-only=yes&full-items=yes&marketplace=yes&flow=no,https://cdn.filestackcontent.com/oEZJ0PQlK5oD7JL86goV
Amitylux,amitylux,info@amitylux.com,+45 61 75 51 56,Sweden/Stockholms län/Stockholm,18.058117,59.331428,304851,Stockholm 3h Private Tour,City Tour-Private-Walking Tour,7,83,2520,https://fareharbor.com/embeds/calendar/amitylux/items/304851/?asn=fhdn-eur&asn-ref=alloutdooradventures&ref=alloutdooradventures&bookable-only=yes&full-items=yes&marketplace=yes&flow=no,"<script src=""https://fareharbor.com/embeds/script/calendar/amitylux/items/304851/?asn=fhdn-eur&asn-ref=alloutdooradventures&ref=alloutdooradventures&bookable-only=yes&full-items=yes&marketplace=yes&flow=no""></script>",https://fareharbor.com/embeds/book/amitylux/items/304851/?asn=fhdn-eur&asn-ref=alloutdooradventures&ref=alloutdooradventures&bookable-only=yes&full-items=yes&marketplace=yes&flow=no,https://cdn.filestackcontent.com/1fNSEequQaSJAjp1NRi9
Amitylux,amitylux,info@amitylux.com,+45 61 75 51 56,Denmark/København,12.572114,55.682254,220729,Best of Copenhagen 3h Private Walking Tour,City Tour-Guided Tour-Private-Sightseeing Tour-Walking Tour,10,82,2520,https://fareharbor.com/embeds/calendar/amitylux/items/220729/?asn=fhdn-eur&asn-ref=alloutdooradventures&ref=alloutdooradventures&bookable-only=yes&full-items=yes&marketplace=yes&flow=no,"<script src=""https://fareharbor.com/embeds/script/calendar/amitylux/items/220729/?asn=fhdn-eur&asn-ref=alloutdooradventures&ref=alloutdooradventures&bookable-only=yes&full-items=yes&marketplace=yes&flow=no""></script>",https://fareharbor.com/embeds/book/amitylux/items/220729/?asn=fhdn-eur&asn-ref=alloutdooradventures&ref=alloutdooradventures&bookable-only=yes&full-items=yes&marketplace=yes&flow=no,https://cdn.filestackcontent.com/edyKOOksSXmHgKxplQYM
Saga Adventures Lofoten,sagaadventureslofoten,aguaviva.roman@gmail.com,+47 41413079,Norway/Nordland/Reine,,,547969,Explore Reine Fjord by kayak,Eco Tour-Kayak,3,82,184,https://fareharbor.com/embeds/calendar/sagaadventureslofoten/items/547969/?asn=fhdn-nok&asn-ref=alloutdooradventures&ref=alloutdooradventures&bookable-only=yes&full-items=yes&marketplace=yes&flow=no,"<script src=""https://fareharbor.com/embeds/script/calendar/sagaadventureslofoten/items/547969/?asn=fhdn-nok&asn-ref=alloutdooradventures&ref=alloutdooradventures&bookable-only=yes&full-items=yes&marketplace=yes&flow=no""></script>",https://fareharbor.com/embeds/book/sagaadventureslofoten/items/547969/?asn=fhdn-nok&asn-ref=alloutdooradventures&ref=alloutdooradventures&bookable-only=yes&full-items=yes&marketplace=yes&flow=no,https://cdn.filestackcontent.com/UQyZJOFfTVeulNoV3UKj
Hetta Huskies,hettahuskies,info@hettahuskies.com,+358 40 353 2076,Finland/Lappi/Enontekiö,,,270252,Hike with Huskies: 2km Oldies Walk,Farm-Hiking-Walking Tour,5,81,129,https://fareharbor.com/embeds/calendar/hettahuskies/items/270252/?asn=fhdn-eur&asn-ref=alloutdooradventures&ref=alloutdooradventures&bookable-only=yes&full-items=yes&marketplace=yes&flow=no,"<script src=""https://fareharbor.com/embeds/script/calendar/hettahuskies/items/270252/?asn=fhdn-eur&asn-ref=alloutdooradventures&ref=alloutdooradventures&bookable-only=yes&full-items=yes&marketplace=yes&flow=no""></script>",https://fareharbor.com/embeds/book/hettahuskies/items/270252/?asn=fhdn-eur&asn-ref=alloutdooradventures&ref=alloutdooradventures&bookable-only=yes&full-items=yes&marketplace=yes&flow=no,https://cdn.filestackcontent.com/F6QOoOxVST2e75ybBbcY
Norway Yacht Charter,nyc-no,booking@nyc.no,+47 233 56 890,Norway/Oslo/Oslo,,,594898,Oslo Fjord Sightseeing,Boat Tour-Guided Tour,1,81,524,https://fareharbor.com/embeds/calendar/nyc-no/items/594898/?asn=fhdn-nok&asn-ref=alloutdooradventures&ref=alloutdooradventures&bookable-only=yes&full-items=yes&marketplace=yes&flow=no,"<script src=""https://fareharbor.com/embeds/script/calendar/nyc-no/items/594898/?asn=fhdn-nok&asn-ref=alloutdooradventures&ref=alloutdooradventures&bookable-only=yes&full-items=yes&marketplace=yes&flow=no""></script>",https://fareharbor.com/embeds/book/nyc-no/items/594898/?asn=fhdn-nok&asn-ref=alloutdooradventures&ref=alloutdooradventures&bookable-only=yes&full-items=yes&marketplace=yes&flow=no,https://cdn.filestackcontent.com/a6wecwwZQM6TrbUTGhv0
RibStockholm,seabite,hello@ribstockholm.com,+46 76 039 65 53,Sweden/Stockholms län/Stockholm,,,225489,2 hour Archipelago Tour,Boat Tour-Sightseeing Tour,6,80,315,https://fareharbor.com/embeds/calendar/seabite/items/225489/?asn=fhdn-sek&asn-ref=alloutdooradventures&ref=alloutdooradventures&bookable-only=yes&full-items=yes&marketplace=yes&flow=no,"<script src=""https://fareharbor.com/embeds/script/calendar/seabite/items/225489/?asn=fhdn-sek&asn-ref=alloutdooradventures&ref=alloutdooradventures&bookable-only=yes&full-items=yes&marketplace=yes&flow=no""></script>",https://fareharbor.com/embeds/book/seabite/items/225489/?asn=fhdn-sek&asn-ref=alloutdooradventures&ref=alloutdooradventures&bookable-only=yes&full-items=yes&marketplace=yes&flow=no,https://cdn.filestackcontent.com/qqxxrCjS1KFeIyTLqbGw
Stockholm Nature AB,stockholmnature,info@stockholmnature.com,+46 76 621 87 14,Sweden/Stockholms län/Stockholm,,,265881,2-Days Kayak Tour | Archipelago,Kayak-Walking Tour-Water Activities,7,80,45,https://fareharbor.com/embeds/calendar/stockholmnature/items/265881/?asn=fhdn-sek&asn-ref=alloutdooradventures&ref=alloutdooradventures&bookable-only=yes&full-items=yes&marketplace=yes&flow=no,"<script src=""https://fareharbor.com/embeds/script/calendar/stockholmnature/items/265881/?asn=fhdn-sek&asn-ref=alloutdooradventures&ref=alloutdooradventures&bookable-only=yes&full-items=yes&marketplace=yes&flow=no""></script>",https://fareharbor.com/embeds/book/stockholmnature/items/265881/?asn=fhdn-sek&asn-ref=alloutdooradventures&ref=alloutdooradventures&bookable-only=yes&full-items=yes&marketplace=yes&flow=no,https://cdn.filestackcontent.com/Kiw4vH4T0yXGU8mJJQav
Amitylux,amitylux,info@amitylux.com,+45 61 75 51 56,United Kingdom/Scotland/Edinburgh,-3.18529,55.950616,522892,Edinburgh Private Walking Tour | 3 Hours,City Tour-History Tour-Private-Walking Tour,10,80,2520,https://fareharbor.com/embeds/calendar/amitylux/items/522892/?asn=fhdn-eur&asn-ref=alloutdooradventures&ref=alloutdooradventures&bookable-only=yes&full-items=yes&marketplace=yes&flow=no,"<script src=""https://fareharbor.com/embeds/script/calendar/amitylux/items/522892/?asn=fhdn-eur&asn-ref=alloutdooradventures&ref=alloutdooradventures&bookable-only=yes&full-items=yes&marketplace=yes&flow=no""></script>",https://fareharbor.com/embeds/book/amitylux/items/522892/?asn=fhdn-eur&asn-ref=alloutdooradventures&ref=alloutdooradventures&bookable-only=yes&full-items=yes&marketplace=yes&flow=no,https://cdn.filestackcontent.com/irFVoqxwTq6NuRamcXJQ
Amitylux,amitylux,info@amitylux.com,+45 61 75 51 56,United Kingdom/England/London,-0.126793,51.507608,522893,London Private Walking Tour | 3 Hours,City Tour-Private-Walking Tour,10,80,2520,https://fareharbor.com/embeds/calendar/amitylux/items/522893/?asn=fhdn-eur&asn-ref=alloutdooradventures&ref=alloutdooradventures&bookable-only=yes&full-items=yes&marketplace=yes&flow=no,"<script src=""https://fareharbor.com/embeds/script/calendar/amitylux/items/522893/?asn=fhdn-eur&asn-ref=alloutdooradventures&ref=alloutdooradventures&bookable-only=yes&full-items=yes&marketplace=yes&flow=no""></script>",https://fareharbor.com/embeds/book/amitylux/items/522893/?asn=fhdn-eur&asn-ref=alloutdooradventures&ref=alloutdooradventures&bookable-only=yes&full-items=yes&marketplace=yes&flow=no,https://cdn.filestackcontent.com/gbiNoiElQ6iAjJTS9a6f
Amitylux,amitylux,info@amitylux.com,+45 61 75 51 56,United Kingdom/Scotland/Edinburgh,-3.18529,55.950616,522894,Edinburgh Small Group Walking Tour | 3 Hours,City Tour-History Tour-Walking Tour,10,80,2520,https://fareharbor.com/embeds/calendar/amitylux/items/522894/?asn=fhdn-eur&asn-ref=alloutdooradventures&ref=alloutdooradventures&bookable-only=yes&full-items=yes&marketplace=yes&flow=no,"<script src=""https://fareharbor.com/embeds/script/calendar/amitylux/items/522894/?asn=fhdn-eur&asn-ref=alloutdooradventures&ref=alloutdooradventures&bookable-only=yes&full-items=yes&marketplace=yes&flow=no""></script>",https://fareharbor.com/embeds/book/amitylux/items/522894/?asn=fhdn-eur&asn-ref=alloutdooradventures&ref=alloutdooradventures&bookable-only=yes&full-items=yes&marketplace=yes&flow=no,https://cdn.filestackcontent.com/o98XfMqGRAWISNJ4Jewr
Amitylux,amitylux,info@amitylux.com,+45 61 75 51 56,United Kingdom/England/London,-0.126793,51.507608,522895,London Small Group Walking Tour | 3 Hours,History Tour-Walking Tour,9,80,2520,https://fareharbor.com/embeds/calendar/amitylux/items/522895/?asn=fhdn-eur&asn-ref=alloutdooradventures&ref=alloutdooradventures&bookable-only=yes&full-items=yes&marketplace=yes&flow=no,"<script src=""https://fareharbor.com/embeds/script/calendar/amitylux/items/522895/?asn=fhdn-eur&asn-ref=alloutdooradventures&ref=alloutdooradventures&bookable-only=yes&full-items=yes&marketplace=yes&flow=no""></script>",https://fareharbor.com/embeds/book/amitylux/items/522895/?asn=fhdn-eur&asn-ref=alloutdooradventures&ref=alloutdooradventures&bookable-only=yes&full-items=yes&marketplace=yes&flow=no,https://cdn.filestackcontent.com/Xh1iihZoTz6CYI31AAlF
Kiruna Guidetur,kirunaguidetur,info@kirunaguidetur.com,46 980 81110,Sweden/Norrbottens län/Kiruna,,,563097,Snowshoe Trek,Walking Tour-Winter Activities,1,80,67,https://fareharbor.com/embeds/calendar/kirunaguidetur/items/563097/?asn=fhdn-sek&asn-ref=alloutdooradventures&ref=alloutdooradventures&bookable-only=yes&full-items=yes&marketplace=yes&flow=no,"<script src=""https://fareharbor.com/embeds/script/calendar/kirunaguidetur/items/563097/?asn=fhdn-sek&asn-ref=alloutdooradventures&ref=alloutdooradventures&bookable-only=yes&full-items=yes&marketplace=yes&flow=no""></script>",https://fareharbor.com/embeds/book/kirunaguidetur/items/563097/?asn=fhdn-sek&asn-ref=alloutdooradventures&ref=alloutdooradventures&bookable-only=yes&full-items=yes&marketplace=yes&flow=no,https://cdn.filestackcontent.com/yysk2cTPao8Ez5xMjBCQ
RibStockholm,seabite,hello@ribstockholm.com,+46 76 039 65 53,Sweden/Stockholms län/Stockholm,,,298826,Half-day Archipelago Tour,Boat Tour-Sightseeing Tour,7,79,305,https://fareharbor.com/embeds/calendar/seabite/items/298826/?asn=fhdn-sek&asn-ref=alloutdooradventures&ref=alloutdooradventures&bookable-only=yes&full-items=yes&marketplace=yes&flow=no,"<script src=""https://fareharbor.com/embeds/script/calendar/seabite/items/298826/?asn=fhdn-sek&asn-ref=alloutdooradventures&ref=alloutdooradventures&bookable-only=yes&full-items=yes&marketplace=yes&flow=no""></script>",https://fareharbor.com/embeds/book/seabite/items/298826/?asn=fhdn-sek&asn-ref=alloutdooradventures&ref=alloutdooradventures&bookable-only=yes&full-items=yes&marketplace=yes&flow=no,https://cdn.filestackcontent.com/R1lBwry2S6n6xErcSUpw
Lek Mer,lekmer,info@lekmer.nu,46(0) 8-32 00 61,Sweden/Stockholms län/Stockholm,18.024097,59.325482,693903,Paddling 2 timmar – Välj Kajak eller SUP (Eden),Canoe-City Tour-Eco Tour-Kayak-Rentals-Self-Guided Tour-SUP-Water Activities,5,78,3108,https://fareharbor.com/embeds/calendar/lekmer/items/693903/?asn=fhdn-sek&asn-ref=alloutdooradventures&ref=alloutdooradventures&bookable-only=yes&full-items=yes&marketplace=yes&flow=no,"<script src=""https://fareharbor.com/embeds/script/calendar/lekmer/items/693903/?asn=fhdn-sek&asn-ref=alloutdooradventures&ref=alloutdooradventures&bookable-only=yes&full-items=yes&marketplace=yes&flow=no""></script>",https://fareharbor.com/embeds/book/lekmer/items/693903/?asn=fhdn-sek&asn-ref=alloutdooradventures&ref=alloutdooradventures&bookable-only=yes&full-items=yes&marketplace=yes&flow=no,https://cdn.filestackcontent.com/amOv5D1HRq2a7sdA7QmZ
Tropical Bikes,copenhagenbikes,tours@tropicalbikes.dk,+4550656210,Denmark/København,12.566228,55.678302,657873,Guided Foodie Bike Tour with Tastings,Bike Rental-Bike Tour-Boat Tour-City Tour-Food Tour-Guided Tour-History Tour,14,77,20,https://fareharbor.com/embeds/calendar/copenhagenbikes/items/657873/?asn=fhdn-dkk&asn-ref=alloutdooradventures&ref=alloutdooradventures&bookable-only=yes&full-items=yes&marketplace=yes&flow=no,"<script src=""https://fareharbor.com/embeds/script/calendar/copenhagenbikes/items/657873/?asn=fhdn-dkk&asn-ref=alloutdooradventures&ref=alloutdooradventures&bookable-only=yes&full-items=yes&marketplace=yes&flow=no""></script>",https://fareharbor.com/embeds/book/copenhagenbikes/items/657873/?asn=fhdn-dkk&asn-ref=alloutdooradventures&ref=alloutdooradventures&bookable-only=yes&full-items=yes&marketplace=yes&flow=no,https://cdn.filestackcontent.com/3tFEMROGQf6V3wZqQjnB
RibStockholm,seabite,hello@ribstockholm.com,+46 76 039 65 53,Sweden/Stockholms län/Stockholm,,,361489,Private 2 hour Archipelago Tour,Boat Tour-Sightseeing Tour,5,76,429,https://fareharbor.com/embeds/calendar/seabite/items/361489/?asn=fhdn-sek&asn-ref=alloutdooradventures&ref=alloutdooradventures&bookable-only=yes&full-items=yes&marketplace=yes&flow=no,"<script src=""https://fareharbor.com/embeds/script/calendar/seabite/items/361489/?asn=fhdn-sek&asn-ref=alloutdooradventures&ref=alloutdooradventures&bookable-only=yes&full-items=yes&marketplace=yes&flow=no""></script>",https://fareharbor.com/embeds/book/seabite/items/361489/?asn=fhdn-sek&asn-ref=alloutdooradventures&ref=alloutdooradventures&bookable-only=yes&full-items=yes&marketplace=yes&flow=no,https://cdn.filestackcontent.com/s86bGaZRDivunqrCyh6l
Tropical Bikes,copenhagenbikes,tours@tropicalbikes.dk,+4550656210,Denmark/København,12.566228,55.678302,504701,German Highlight Tour,Bike Tour-Guided Tour-History Tour,5,76,156,https://fareharbor.com/embeds/calendar/copenhagenbikes/items/504701/?asn=fhdn-dkk&asn-ref=alloutdooradventures&ref=alloutdooradventures&bookable-only=yes&full-items=yes&marketplace=yes&flow=no,"<script src=""https://fareharbor.com/embeds/script/calendar/copenhagenbikes/items/504701/?asn=fhdn-dkk&asn-ref=alloutdooradventures&ref=alloutdooradventures&bookable-only=yes&full-items=yes&marketplace=yes&flow=no""></script>",https://fareharbor.com/embeds/book/copenhagenbikes/items/504701/?asn=fhdn-dkk&asn-ref=alloutdooradventures&ref=alloutdooradventures&bookable-only=yes&full-items=yes&marketplace=yes&flow=no,https://cdn.filestackcontent.com/BsrLxKiMQQu3EsBKHegM
Stockholm Nature AB,stockholmnature,info@stockholmnature.com,+46 76 621 87 14,Sweden/Stockholms län/Stockholm,,,265887,4-Days Hiking Tour in Höga Kusten,Bus Tour-Hiking-Walking Tour,7,75,5,https://fareharbor.com/embeds/calendar/stockholmnature/items/265887/?asn=fhdn-sek&asn-ref=alloutdooradventures&ref=alloutdooradventures&bookable-only=yes&full-items=yes&marketplace=yes&flow=no,"<script src=""https://fareharbor.com/embeds/script/calendar/stockholmnature/items/265887/?asn=fhdn-sek&asn-ref=alloutdooradventures&ref=alloutdooradventures&bookable-only=yes&full-items=yes&marketplace=yes&flow=no""></script>",https://fareharbor.com/embeds/book/stockholmnature/items/265887/?asn=fhdn-sek&asn-ref=alloutdooradventures&ref=alloutdooradventures&bookable-only=yes&full-items=yes&marketplace=yes&flow=no,https://cdn.filestackcontent.com/Q9MBP9trSmWBD4So8rEB
Tropical Bikes,copenhagenbikes,tours@tropicalbikes.dk,+4550656210,Denmark/København,12.566228,55.678302,550996,Off the Beaten Tracks: Nørrebro Bike Tour,Bike Tour-City Tour-Food Tour-History Tour,11,75,0,https://fareharbor.com/embeds/calendar/copenhagenbikes/items/550996/?asn=fhdn-dkk&asn-ref=alloutdooradventures&ref=alloutdooradventures&bookable-only=yes&full-items=yes&marketplace=yes&flow=no,"<script src=""https://fareharbor.com/embeds/script/calendar/copenhagenbikes/items/550996/?asn=fhdn-dkk&asn-ref=alloutdooradventures&ref=alloutdooradventures&bookable-only=yes&full-items=yes&marketplace=yes&flow=no""></script>",https://fareharbor.com/embeds/book/copenhagenbikes/items/550996/?asn=fhdn-dkk&asn-ref=alloutdooradventures&ref=alloutdooradventures&bookable-only=yes&full-items=yes&marketplace=yes&flow=no,https://cdn.filestackcontent.com/WbpXb03sT1yaVSmnK3gC
Lek Mer,lekmer,info@lekmer.nu,46(0) 8-32 00 61,Sweden/Stockholms län/Solna,18.004338,59.343558,693951,Paddling 2 timmar – Välj Kajak eller SUP (Pampas),Canoe-Kayak-Rentals-Self-Guided Tour-SUP-Water Activities,4,75,2581,https://fareharbor.com/embeds/calendar/lekmer/items/693951/?asn=fhdn-sek&asn-ref=alloutdooradventures&ref=alloutdooradventures&bookable-only=yes&full-items=yes&marketplace=yes&flow=no,"<script src=""https://fareharbor.com/embeds/script/calendar/lekmer/items/693951/?asn=fhdn-sek&asn-ref=alloutdooradventures&ref=alloutdooradventures&bookable-only=yes&full-items=yes&marketplace=yes&flow=no""></script>",https://fareharbor.com/embeds/book/lekmer/items/693951/?asn=fhdn-sek&asn-ref=alloutdooradventures&ref=alloutdooradventures&bookable-only=yes&full-items=yes&marketplace=yes&flow=no,https://cdn.filestackcontent.com/5Civ3MnoR56MEDfXuLLb
Farm Backsjön,farmbacksjon,farmbacksjon@gmail.com,+46 703 474 769,Sweden/Västernorrlands län/Backsjön,,,592055,Snowshoe walk,Walking Tour,1,74,0,https://fareharbor.com/embeds/calendar/farmbacksjon/items/592055/?asn=fhdn-sek&asn-ref=alloutdooradventures&ref=alloutdooradventures&bookable-only=yes&full-items=yes&marketplace=yes&flow=no,"<script src=""https://fareharbor.com/embeds/script/calendar/farmbacksjon/items/592055/?asn=fhdn-sek&asn-ref=alloutdooradventures&ref=alloutdooradventures&bookable-only=yes&full-items=yes&marketplace=yes&flow=no""></script>",https://fareharbor.com/embeds/book/farmbacksjon/items/592055/?asn=fhdn-sek&asn-ref=alloutdooradventures&ref=alloutdooradventures&bookable-only=yes&full-items=yes&marketplace=yes&flow=no,https://cdn.filestackcontent.com/wwkmhrKDQ7SUvVOovRhT
RibStockholm,seabite,hello@ribstockholm.com,+46 76 039 65 53,Sweden/Stockholms län/Stockholm,,,298821,Rib & Floating Sauna,Boat Tour-Wellness,4,72,215,https://fareharbor.com/embeds/calendar/seabite/items/298821/?asn=fhdn-sek&asn-ref=alloutdooradventures&ref=alloutdooradventures&bookable-only=yes&full-items=yes&marketplace=yes&flow=no,"<script src=""https://fareharbor.com/embeds/script/calendar/seabite/items/298821/?asn=fhdn-sek&asn-ref=alloutdooradventures&ref=alloutdooradventures&bookable-only=yes&full-items=yes&marketplace=yes&flow=no""></script>",https://fareharbor.com/embeds/book/seabite/items/298821/?asn=fhdn-sek&asn-ref=alloutdooradventures&ref=alloutdooradventures&bookable-only=yes&full-items=yes&marketplace=yes&flow=no,https://cdn.filestackcontent.com/HwmG0mPT3Wz8iGUJfNqN
RibStockholm,seabite,hello@ribstockholm.com,+46 76 039 65 53,Sweden/Stockholms län/Stockholm,,,522876,Shared RIB & Island Visit,Boat Tour-Sightseeing Tour,7,72,68,https://fareharbor.com/embeds/calendar/seabite/items/522876/?asn=fhdn-sek&asn-ref=alloutdooradventures&ref=alloutdooradventures&bookable-only=yes&full-items=yes&marketplace=yes&flow=no,"<script src=""https://fareharbor.com/embeds/script/calendar/seabite/items/522876/?asn=fhdn-sek&asn-ref=alloutdooradventures&ref=alloutdooradventures&bookable-only=yes&full-items=yes&marketplace=yes&flow=no""></script>",https://fareharbor.com/embeds/book/seabite/items/522876/?asn=fhdn-sek&asn-ref=alloutdooradventures&ref=alloutdooradventures&bookable-only=yes&full-items=yes&marketplace=yes&flow=no,https://cdn.filestackcontent.com/D6iAyA88RIS4rg5bU0y2
Saga Adventures Lofoten,sagaadventureslofoten,aguaviva.roman@gmail.com,+47 41413079,Norway/Nordland/Reine,,,547985,Golden hour in Reine Fjord by kayak,Eco Tour-Kayak,3,72,0,https://fareharbor.com/embeds/calendar/sagaadventureslofoten/items/547985/?asn=fhdn-nok&asn-ref=alloutdooradventures&ref=alloutdooradventures&bookable-only=yes&full-items=yes&marketplace=yes&flow=no,"<script src=""https://fareharbor.com/embeds/script/calendar/sagaadventureslofoten/items/547985/?asn=fhdn-nok&asn-ref=alloutdooradventures&ref=alloutdooradventures&bookable-only=yes&full-items=yes&marketplace=yes&flow=no""></script>",https://fareharbor.com/embeds/book/sagaadventureslofoten/items/547985/?asn=fhdn-nok&asn-ref=alloutdooradventures&ref=alloutdooradventures&bookable-only=yes&full-items=yes&marketplace=yes&flow=no,https://cdn.filestackcontent.com/bSZn45kSh2bFRQE3Btsw
beCopenhagen,becopenhagen,info@becopenhagen.dk,+45 42838594,Denmark/København,12.581572,55.678108,201570,Private Contemporary Architecture tour by bike,Bike Tour-City Tour-E-Bike-Guided Tour,4,71,0,https://fareharbor.com/embeds/calendar/becopenhagen/items/201570/?asn=fhdn-dkk&asn-ref=alloutdooradventures&ref=alloutdooradventures&bookable-only=yes&full-items=yes&marketplace=yes&flow=no,"<script src=""https://fareharbor.com/embeds/script/calendar/becopenhagen/items/201570/?asn=fhdn-dkk&asn-ref=alloutdooradventures&ref=alloutdooradventures&bookable-only=yes&full-items=yes&marketplace=yes&flow=no""></script>",https://fareharbor.com/embeds/book/becopenhagen/items/201570/?asn=fhdn-dkk&asn-ref=alloutdooradventures&ref=alloutdooradventures&bookable-only=yes&full-items=yes&marketplace=yes&flow=no,https://cdn.filestackcontent.com/vQ8Zp06QeyM7pYgybnDg
Osloway,osloway,info@osloway.no,(+47) 463 83 339,Norway/Oslo/Oslo,,,253667,Julefeiring: Oslo Christmas Tour,Walking Tour,4,71,0,https://fareharbor.com/embeds/calendar/osloway/items/253667/?asn=fhdn-nok&asn-ref=alloutdooradventures&ref=alloutdooradventures&bookable-only=yes&full-items=yes&marketplace=yes&flow=no,"<script src=""https://fareharbor.com/embeds/script/calendar/osloway/items/253667/?asn=fhdn-nok&asn-ref=alloutdooradventures&ref=alloutdooradventures&bookable-only=yes&full-items=yes&marketplace=yes&flow=no""></script>",https://fareharbor.com/embeds/book/osloway/items/253667/?asn=fhdn-nok&asn-ref=alloutdooradventures&ref=alloutdooradventures&bookable-only=yes&full-items=yes&marketplace=yes&flow=no,https://cdn.filestackcontent.com/kEmUdSHHQKqb8oIdT8BK
Norway Yacht Charter,nyc-no,booking@nyc.no,+47 233 56 890,Norway/Oslo/Oslo,,,594936,Summer Evening on the Oslo Fjord,Boat Tour-Guided Tour,1,71,108,https://fareharbor.com/embeds/calendar/nyc-no/items/594936/?asn=fhdn-nok&asn-ref=alloutdooradventures&ref=alloutdooradventures&bookable-only=yes&full-items=yes&marketplace=yes&flow=no,"<script src=""https://fareharbor.com/embeds/script/calendar/nyc-no/items/594936/?asn=fhdn-nok&asn-ref=alloutdooradventures&ref=alloutdooradventures&bookable-only=yes&full-items=yes&marketplace=yes&flow=no""></script>",https://fareharbor.com/embeds/book/nyc-no/items/594936/?asn=fhdn-nok&asn-ref=alloutdooradventures&ref=alloutdooradventures&bookable-only=yes&full-items=yes&marketplace=yes&flow=no,https://cdn.filestackcontent.com/WEPaZnIQNyxaOSFELavh
Norway Yacht Charter,nyc-no,booking@nyc.no,+47 233 56 890,Norway/Oslo/Oslo,,,594953,Mini Cruise on the Oslo Fjord,Boat Tour,1,71,423,https://fareharbor.com/embeds/calendar/nyc-no/items/594953/?asn=fhdn-nok&asn-ref=alloutdooradventures&ref=alloutdooradventures&bookable-only=yes&full-items=yes&marketplace=yes&flow=no,"<script src=""https://fareharbor.com/embeds/script/calendar/nyc-no/items/594953/?asn=fhdn-nok&asn-ref=alloutdooradventures&ref=alloutdooradventures&bookable-only=yes&full-items=yes&marketplace=yes&flow=no""></script>",https://fareharbor.com/embeds/book/nyc-no/items/594953/?asn=fhdn-nok&asn-ref=alloutdooradventures&ref=alloutdooradventures&bookable-only=yes&full-items=yes&marketplace=yes&flow=no,https://cdn.filestackcontent.com/jytokAORJ6vFbJc7km2S
Lek Mer,lekmer,info@lekmer.nu,46(0) 8-32 00 61,Sweden/Stockholms län/Stockholm,18.024097,59.325482,693941,Paddling 4 timmar – Välj Kajak eller SUP (Eden),Canoe-Eco Tour-Kayak-Rentals-Self-Guided Tour-SUP-Water Activities,3,71,2025,https://fareharbor.com/embeds/calendar/lekmer/items/693941/?asn=fhdn-sek&asn-ref=alloutdooradventures&ref=alloutdooradventures&bookable-only=yes&full-items=yes&marketplace=yes&flow=no,"<script src=""https://fareharbor.com/embeds/script/calendar/lekmer/items/693941/?asn=fhdn-sek&asn-ref=alloutdooradventures&ref=alloutdooradventures&bookable-only=yes&full-items=yes&marketplace=yes&flow=no""></script>",https://fareharbor.com/embeds/book/lekmer/items/693941/?asn=fhdn-sek&asn-ref=alloutdooradventures&ref=alloutdooradventures&bookable-only=yes&full-items=yes&marketplace=yes&flow=no,https://cdn.filestackcontent.com/MlTPYBkySCmmPPO1EIs6
Velobalt,bicyclerental,info@alluretours.lv,37129127295,Latvia/Rīga,,,624994,Riga Highlights Bike Tour - English,Bike Tour,1,70,93,https://fareharbor.com/embeds/calendar/bicyclerental/items/624994/?asn=fhdn-eur&asn-ref=alloutdooradventures&ref=alloutdooradventures&bookable-only=yes&full-items=yes&marketplace=yes&flow=no,"<script src=""https://fareharbor.com/embeds/script/calendar/bicyclerental/items/624994/?asn=fhdn-eur&asn-ref=alloutdooradventures&ref=alloutdooradventures&bookable-only=yes&full-items=yes&marketplace=yes&flow=no""></script>",https://fareharbor.com/embeds/book/bicyclerental/items/624994/?asn=fhdn-eur&asn-ref=alloutdooradventures&ref=alloutdooradventures&bookable-only=yes&full-items=yes&marketplace=yes&flow=no,https://cdn.filestackcontent.com/r4nZlkOTn2EB38Lefhzn
Lek Mer,lekmer,info@lekmer.nu,46(0) 8-32 00 61,Sweden/Stockholms län/Solna,18.004338,59.343558,693970,Paddling 4 timmar – Välj Kajak eller SUP (Pampas),Canoe-Kayak-Rentals-Self-Guided Tour-SUP-Water Activities,3,70,2025,https://fareharbor.com/embeds/calendar/lekmer/items/693970/?asn=fhdn-sek&asn-ref=alloutdooradventures&ref=alloutdooradventures&bookable-only=yes&full-items=yes&marketplace=yes&flow=no,"<script src=""https://fareharbor.com/embeds/script/calendar/lekmer/items/693970/?asn=fhdn-sek&asn-ref=alloutdooradventures&ref=alloutdooradventures&bookable-only=yes&full-items=yes&marketplace=yes&flow=no""></script>",https://fareharbor.com/embeds/book/lekmer/items/693970/?asn=fhdn-sek&asn-ref=alloutdooradventures&ref=alloutdooradventures&bookable-only=yes&full-items=yes&marketplace=yes&flow=no,https://cdn.filestackcontent.com/hWDbXVuRQdajN0fXwFsG
Copenhagen By Mie & Friends,copenhagenbymieandfriends,info@copenhagenbymie.com,+45 2082 5287,Denmark/København,,,225877,Private Express Tour: Copenhagen Whirlwind of Sights,Boat Tour-Castle-City Tour-Food Tour,1,69,171,https://fareharbor.com/embeds/calendar/copenhagenbymieandfriends/items/225877/?asn=fhdn-eur&asn-ref=alloutdooradventures&ref=alloutdooradventures&bookable-only=yes&full-items=yes&marketplace=yes&flow=no,"<script src=""https://fareharbor.com/embeds/script/calendar/copenhagenbymieandfriends/items/225877/?asn=fhdn-eur&asn-ref=alloutdooradventures&ref=alloutdooradventures&bookable-only=yes&full-items=yes&marketplace=yes&flow=no""></script>",https://fareharbor.com/embeds/book/copenhagenbymieandfriends/items/225877/?asn=fhdn-eur&asn-ref=alloutdooradventures&ref=alloutdooradventures&bookable-only=yes&full-items=yes&marketplace=yes&flow=no,https://cdn.filestackcontent.com/Z5Bja478TqWztfyqFiCY
Amitylux,amitylux,info@amitylux.com,+45 61 75 51 56,Norway/Oslo/Oslo,10.752878,59.907399,673945,Oslo Small Group Walking Tour,Walking Tour,1,69,2520,https://fareharbor.com/embeds/calendar/amitylux/items/673945/?asn=fhdn-eur&asn-ref=alloutdooradventures&ref=alloutdooradventures&bookable-only=yes&full-items=yes&marketplace=yes&flow=no,"<script src=""https://fareharbor.com/embeds/script/calendar/amitylux/items/673945/?asn=fhdn-eur&asn-ref=alloutdooradventures&ref=alloutdooradventures&bookable-only=yes&full-items=yes&marketplace=yes&flow=no""></script>",https://fareharbor.com/embeds/book/amitylux/items/673945/?asn=fhdn-eur&asn-ref=alloutdooradventures&ref=alloutdooradventures&bookable-only=yes&full-items=yes&marketplace=yes&flow=no,https://cdn.filestackcontent.com/dzd46ijPRASoAE03YyhT
Hetta Huskies,hettahuskies,info@hettahuskies.com,+358 40 353 2076,Finland/Lappi/Enontekiö,,,323256,Ounasjöki River,Canoe-Transfer-Private-Transportation,1,67,0,https://fareharbor.com/embeds/calendar/hettahuskies/items/323256/?asn=fhdn-eur&asn-ref=alloutdooradventures&ref=alloutdooradventures&bookable-only=yes&full-items=yes&marketplace=yes&flow=no,"<script src=""https://fareharbor.com/embeds/script/calendar/hettahuskies/items/323256/?asn=fhdn-eur&asn-ref=alloutdooradventures&ref=alloutdooradventures&bookable-only=yes&full-items=yes&marketplace=yes&flow=no""></script>",https://fareharbor.com/embeds/book/hettahuskies/items/323256/?asn=fhdn-eur&asn-ref=alloutdooradventures&ref=alloutdooradventures&bookable-only=yes&full-items=yes&marketplace=yes&flow=no,https://cdn.filestackcontent.com/jS7ssQEWScRuUIGZVIbZ
beCopenhagen,becopenhagen,info@becopenhagen.dk,+45 42838594,Denmark/København,12.581572,55.678108,583653,Contemporary Architecture tour by bike,Bike Tour,4,67,52,https://fareharbor.com/embeds/calendar/becopenhagen/items/583653/?asn=fhdn-dkk&asn-ref=alloutdooradventures&ref=alloutdooradventures&bookable-only=yes&full-items=yes&marketplace=yes&flow=no,"<script src=""https://fareharbor.com/embeds/script/calendar/becopenhagen/items/583653/?asn=fhdn-dkk&asn-ref=alloutdooradventures&ref=alloutdooradventures&bookable-only=yes&full-items=yes&marketplace=yes&flow=no""></script>",https://fareharbor.com/embeds/book/becopenhagen/items/583653/?asn=fhdn-dkk&asn-ref=alloutdooradventures&ref=alloutdooradventures&bookable-only=yes&full-items=yes&marketplace=yes&flow=no,https://cdn.filestackcontent.com/YGnCT4wlTti3H2z7BxqA
Varanger Sea Adventure,varangerseaadventure,vseaadventure@gmail.com,0047926 02 707,Norway/Nordland/Svolvær,,,552540,Svolvær: Luxury Trollfjord Cruise with Eagles Safari,Boat Tour,5,66,0,https://fareharbor.com/embeds/calendar/varangerseaadventure/items/552540/?asn=fhdn-nok&asn-ref=alloutdooradventures&ref=alloutdooradventures&bookable-only=yes&full-items=yes&marketplace=yes&flow=no,"<script src=""https://fareharbor.com/embeds/script/calendar/varangerseaadventure/items/552540/?asn=fhdn-nok&asn-ref=alloutdooradventures&ref=alloutdooradventures&bookable-only=yes&full-items=yes&marketplace=yes&flow=no""></script>",https://fareharbor.com/embeds/book/varangerseaadventure/items/552540/?asn=fhdn-nok&asn-ref=alloutdooradventures&ref=alloutdooradventures&bookable-only=yes&full-items=yes&marketplace=yes&flow=no,https://cdn.filestackcontent.com/MWgsEtTSssxsKWWOiNkA
Trollcruise,trollcruise,booking@trollcruise.no,0047 23355510,Norway/Oslo/Oslo,,,391898,Live music cruise,Boat Tour,7,65,0,https://fareharbor.com/embeds/calendar/trollcruise/items/391898/?asn=fhdn-nok&asn-ref=alloutdooradventures&ref=alloutdooradventures&bookable-only=yes&full-items=yes&marketplace=yes&flow=no,"<script src=""https://fareharbor.com/embeds/script/calendar/trollcruise/items/391898/?asn=fhdn-nok&asn-ref=alloutdooradventures&ref=alloutdooradventures&bookable-only=yes&full-items=yes&marketplace=yes&flow=no""></script>",https://fareharbor.com/embeds/book/trollcruise/items/391898/?asn=fhdn-nok&asn-ref=alloutdooradventures&ref=alloutdooradventures&bookable-only=yes&full-items=yes&marketplace=yes&flow=no,https://cdn.filestackcontent.com/pS3FU0iRviPDRnaXGEK4
Lek Mer,lekmer,info@lekmer.nu,46(0) 8-32 00 61,Sweden/Stockholms län/Solna,18.004338,59.343558,682043,"All Inclusive, Kajakpaket (2 dagar, 1 natt)",Boat Rental-Canoe-Eco Tour-Kayak-Private-Rentals-Water Activities,6,64,110,https://fareharbor.com/embeds/calendar/lekmer/items/682043/?asn=fhdn-sek&asn-ref=alloutdooradventures&ref=alloutdooradventures&bookable-only=yes&full-items=yes&marketplace=yes&flow=no,"<script src=""https://fareharbor.com/embeds/script/calendar/lekmer/items/682043/?asn=fhdn-sek&asn-ref=alloutdooradventures&ref=alloutdooradventures&bookable-only=yes&full-items=yes&marketplace=yes&flow=no""></script>",https://fareharbor.com/embeds/book/lekmer/items/682043/?asn=fhdn-sek&asn-ref=alloutdooradventures&ref=alloutdooradventures&bookable-only=yes&full-items=yes&marketplace=yes&flow=no,https://cdn.filestackcontent.com/zY4Tx8VSi2F9VU5qISbQ
Saga Adventures Lofoten,sagaadventureslofoten,aguaviva.roman@gmail.com,+47 41413079,Norway/Nordland/Reine,,,547976,Midnight Sun kayak in Reinefjord,Eco Tour-Kayak,2,62,93,https://fareharbor.com/embeds/calendar/sagaadventureslofoten/items/547976/?asn=fhdn-nok&asn-ref=alloutdooradventures&ref=alloutdooradventures&bookable-only=yes&full-items=yes&marketplace=yes&flow=no,"<script src=""https://fareharbor.com/embeds/script/calendar/sagaadventureslofoten/items/547976/?asn=fhdn-nok&asn-ref=alloutdooradventures&ref=alloutdooradventures&bookable-only=yes&full-items=yes&marketplace=yes&flow=no""></script>",https://fareharbor.com/embeds/book/sagaadventureslofoten/items/547976/?asn=fhdn-nok&asn-ref=alloutdooradventures&ref=alloutdooradventures&bookable-only=yes&full-items=yes&marketplace=yes&flow=no,https://cdn.filestackcontent.com/MHKGxlB7QlWzwzyYtudu
Charterbolaget,charterbolaget,Mattias@seayououthere.se,46702692311,Sweden/Stockholm County/Saltsjöbaden,,,621598,Private tour - Saltsjöbaden to Sandhamn for lunch or dinner - 5 hours,Boat Tour,1,62,0,https://fareharbor.com/embeds/calendar/charterbolaget/items/621598/?asn=fhdn-sek&asn-ref=alloutdooradventures&ref=alloutdooradventures&bookable-only=yes&full-items=yes&marketplace=yes&flow=no,"<script src=""https://fareharbor.com/embeds/script/calendar/charterbolaget/items/621598/?asn=fhdn-sek&asn-ref=alloutdooradventures&ref=alloutdooradventures&bookable-only=yes&full-items=yes&marketplace=yes&flow=no""></script>",https://fareharbor.com/embeds/book/charterbolaget/items/621598/?asn=fhdn-sek&asn-ref=alloutdooradventures&ref=alloutdooradventures&bookable-only=yes&full-items=yes&marketplace=yes&flow=no,https://cdn.filestackcontent.com/NZhEQeGWTiSd3Q3XuzB2
Copenhagen Walking Tours,copenhagenwalkingtours,info@copenhagenwalkingtours.com,+45 60 59 88 25,Denmark/København,,,594140,English | Hygge & Highlights Walking Tour,Walking Tour,10,61,83,https://fareharbor.com/embeds/calendar/copenhagenwalkingtours/items/594140/?asn=fhdn-dkk&asn-ref=alloutdooradventures&ref=alloutdooradventures&bookable-only=yes&full-items=yes&marketplace=yes&flow=no,"<script src=""https://fareharbor.com/embeds/script/calendar/copenhagenwalkingtours/items/594140/?asn=fhdn-dkk&asn-ref=alloutdooradventures&ref=alloutdooradventures&bookable-only=yes&full-items=yes&marketplace=yes&flow=no""></script>",https://fareharbor.com/embeds/book/copenhagenwalkingtours/items/594140/?asn=fhdn-dkk&asn-ref=alloutdooradventures&ref=alloutdooradventures&bookable-only=yes&full-items=yes&marketplace=yes&flow=no,https://cdn.filestackcontent.com/DwCdvW8VSG6upDeg6ahw
Velobalt,bicyclerental,info@alluretours.lv,37129127295,Latvia/Rīga,,,628057,Riga Highlights Bike Tour - German,Bike Tour,1,61,47,https://fareharbor.com/embeds/calendar/bicyclerental/items/628057/?asn=fhdn-eur&asn-ref=alloutdooradventures&ref=alloutdooradventures&bookable-only=yes&full-items=yes&marketplace=yes&flow=no,"<script src=""https://fareharbor.com/embeds/script/calendar/bicyclerental/items/628057/?asn=fhdn-eur&asn-ref=alloutdooradventures&ref=alloutdooradventures&bookable-only=yes&full-items=yes&marketplace=yes&flow=no""></script>",https://fareharbor.com/embeds/book/bicyclerental/items/628057/?asn=fhdn-eur&asn-ref=alloutdooradventures&ref=alloutdooradventures&bookable-only=yes&full-items=yes&marketplace=yes&flow=no,https://cdn.filestackcontent.com/sfkRkBRbTGeotHim2jne
Hetta Huskies,hettahuskies,info@hettahuskies.com,+358 40 353 2076,Finland/Lappi/Enontekiö,,,323255,Käkkälöjoki River,Canoe-Transfer-Private-Transportation,1,60,0,https://fareharbor.com/embeds/calendar/hettahuskies/items/323255/?asn=fhdn-eur&asn-ref=alloutdooradventures&ref=alloutdooradventures&bookable-only=yes&full-items=yes&marketplace=yes&flow=no,"<script src=""https://fareharbor.com/embeds/script/calendar/hettahuskies/items/323255/?asn=fhdn-eur&asn-ref=alloutdooradventures&ref=alloutdooradventures&bookable-only=yes&full-items=yes&marketplace=yes&flow=no""></script>",https://fareharbor.com/embeds/book/hettahuskies/items/323255/?asn=fhdn-eur&asn-ref=alloutdooradventures&ref=alloutdooradventures&bookable-only=yes&full-items=yes&marketplace=yes&flow=no,https://cdn.filestackcontent.com/TDTuZ1pRTtyZTvZ8OKiB
Trollcruise,trollcruise,booking@trollcruise.no,0047 23355510,Norway/Oslo/Oslo,10.730637,59.910767,664013,"Oslofjord Island Hopping - Hovedøya 1,5-Hour Tour",City Tour-Guided Tour-Hiking,1,60,0,https://fareharbor.com/embeds/calendar/trollcruise/items/664013/?asn=fhdn-nok&asn-ref=alloutdooradventures&ref=alloutdooradventures&bookable-only=yes&full-items=yes&marketplace=yes&flow=no,"<script src=""https://fareharbor.com/embeds/script/calendar/trollcruise/items/664013/?asn=fhdn-nok&asn-ref=alloutdooradventures&ref=alloutdooradventures&bookable-only=yes&full-items=yes&marketplace=yes&flow=no""></script>",https://fareharbor.com/embeds/book/trollcruise/items/664013/?asn=fhdn-nok&asn-ref=alloutdooradventures&ref=alloutdooradventures&bookable-only=yes&full-items=yes&marketplace=yes&flow=no,https://cdn.filestackcontent.com/Yo5AaNBDSgOmILnzUjqa
Lek Mer,lekmer,info@lekmer.nu,46(0) 8-32 00 61,Sweden/Stockholms län/Solna,18.004338,59.343558,682845,"All Inclusive, Kajakpaket (7 dagar, 6 nätter)",Boat Rental-Canoe-Kayak-Rentals-Self-Guided Tour-Water Activities,4,60,110,https://fareharbor.com/embeds/calendar/lekmer/items/682845/?asn=fhdn-sek&asn-ref=alloutdooradventures&ref=alloutdooradventures&bookable-only=yes&full-items=yes&marketplace=yes&flow=no,"<script src=""https://fareharbor.com/embeds/script/calendar/lekmer/items/682845/?asn=fhdn-sek&asn-ref=alloutdooradventures&ref=alloutdooradventures&bookable-only=yes&full-items=yes&marketplace=yes&flow=no""></script>",https://fareharbor.com/embeds/book/lekmer/items/682845/?asn=fhdn-sek&asn-ref=alloutdooradventures&ref=alloutdooradventures&bookable-only=yes&full-items=yes&marketplace=yes&flow=no,https://cdn.filestackcontent.com/17bTRtIRTuaPAu8B3F8K
RibStockholm,seabite,hello@ribstockholm.com,+46 76 039 65 53,Sweden/Stockholms län/Stockholm,,,298828,Rib 'n Dine,Boat Tour-Food Tour,6,59,0,https://fareharbor.com/embeds/calendar/seabite/items/298828/?asn=fhdn-sek&asn-ref=alloutdooradventures&ref=alloutdooradventures&bookable-only=yes&full-items=yes&marketplace=yes&flow=no,"<script src=""https://fareharbor.com/embeds/script/calendar/seabite/items/298828/?asn=fhdn-sek&asn-ref=alloutdooradventures&ref=alloutdooradventures&bookable-only=yes&full-items=yes&marketplace=yes&flow=no""></script>",https://fareharbor.com/embeds/book/seabite/items/298828/?asn=fhdn-sek&asn-ref=alloutdooradventures&ref=alloutdooradventures&bookable-only=yes&full-items=yes&marketplace=yes&flow=no,https://cdn.filestackcontent.com/wyt7b4rBTFC5drEnxfAl
Kiruna Guidetur,kirunaguidetur,info@kirunaguidetur.com,46 980 81110,Sweden/Norrbottens län/Kiruna,,,563090,Self-Guided tour to Icehotel,Transfer-Walking Tour,1,59,53,https://fareharbor.com/embeds/calendar/kirunaguidetur/items/563090/?asn=fhdn-sek&asn-ref=alloutdooradventures&ref=alloutdooradventures&bookable-only=yes&full-items=yes&marketplace=yes&flow=no,"<script src=""https://fareharbor.com/embeds/script/calendar/kirunaguidetur/items/563090/?asn=fhdn-sek&asn-ref=alloutdooradventures&ref=alloutdooradventures&bookable-only=yes&full-items=yes&marketplace=yes&flow=no""></script>",https://fareharbor.com/embeds/book/kirunaguidetur/items/563090/?asn=fhdn-sek&asn-ref=alloutdooradventures&ref=alloutdooradventures&bookable-only=yes&full-items=yes&marketplace=yes&flow=no,https://cdn.filestackcontent.com/4ivFqaoCQay2GrMlSKOl
Kiruna Guidetur,kirunaguidetur,info@kirunaguidetur.com,46 980 81110,Sweden/Norrbottens län/Kiruna,,,563324,Canoe Day Tour,Canoe,1,59,0,https://fareharbor.com/embeds/calendar/kirunaguidetur/items/563324/?asn=fhdn-sek&asn-ref=alloutdooradventures&ref=alloutdooradventures&bookable-only=yes&full-items=yes&marketplace=yes&flow=no,"<script src=""https://fareharbor.com/embeds/script/calendar/kirunaguidetur/items/563324/?asn=fhdn-sek&asn-ref=alloutdooradventures&ref=alloutdooradventures&bookable-only=yes&full-items=yes&marketplace=yes&flow=no""></script>",https://fareharbor.com/embeds/book/kirunaguidetur/items/563324/?asn=fhdn-sek&asn-ref=alloutdooradventures&ref=alloutdooradventures&bookable-only=yes&full-items=yes&marketplace=yes&flow=no,https://cdn.filestackcontent.com/mZK2rLhSRMC52TRJzkt3
Kiruna Guidetur,kirunaguidetur,info@kirunaguidetur.com,46 980 81110,Sweden/Norrbottens län/Kiruna,,,563328,Canoe/Kayak Rental,Canoe-Kayak,1,59,0,https://fareharbor.com/embeds/calendar/kirunaguidetur/items/563328/?asn=fhdn-sek&asn-ref=alloutdooradventures&ref=alloutdooradventures&bookable-only=yes&full-items=yes&marketplace=yes&flow=no,"<script src=""https://fareharbor.com/embeds/script/calendar/kirunaguidetur/items/563328/?asn=fhdn-sek&asn-ref=alloutdooradventures&ref=alloutdooradventures&bookable-only=yes&full-items=yes&marketplace=yes&flow=no""></script>",https://fareharbor.com/embeds/book/kirunaguidetur/items/563328/?asn=fhdn-sek&asn-ref=alloutdooradventures&ref=alloutdooradventures&bookable-only=yes&full-items=yes&marketplace=yes&flow=no,https://cdn.filestackcontent.com/IYEytHpnQGmhlhm4mUdl
Hetta Huskies,hettahuskies,info@hettahuskies.com,+358 40 353 2076,Finland/Lappi/Enontekiö,,,270249,Hike with Huskies: Ullatieva Trail,Hiking,1,58,92,https://fareharbor.com/embeds/calendar/hettahuskies/items/270249/?asn=fhdn-eur&asn-ref=alloutdooradventures&ref=alloutdooradventures&bookable-only=yes&full-items=yes&marketplace=yes&flow=no,"<script src=""https://fareharbor.com/embeds/script/calendar/hettahuskies/items/270249/?asn=fhdn-eur&asn-ref=alloutdooradventures&ref=alloutdooradventures&bookable-only=yes&full-items=yes&marketplace=yes&flow=no""></script>",https://fareharbor.com/embeds/book/hettahuskies/items/270249/?asn=fhdn-eur&asn-ref=alloutdooradventures&ref=alloutdooradventures&bookable-only=yes&full-items=yes&marketplace=yes&flow=no,https://cdn.filestackcontent.com/760WRcRARna3zQXyeihh
Kiruna Guidetur,kirunaguidetur,info@kirunaguidetur.com,46 980 81110,Sweden/Norrbottens län/Kiruna,,,563035,Hiking in Kurravaara,Walking Tour,1,58,0,https://fareharbor.com/embeds/calendar/kirunaguidetur/items/563035/?asn=fhdn-sek&asn-ref=alloutdooradventures&ref=alloutdooradventures&bookable-only=yes&full-items=yes&marketplace=yes&flow=no,"<script src=""https://fareharbor.com/embeds/script/calendar/kirunaguidetur/items/563035/?asn=fhdn-sek&asn-ref=alloutdooradventures&ref=alloutdooradventures&bookable-only=yes&full-items=yes&marketplace=yes&flow=no""></script>",https://fareharbor.com/embeds/book/kirunaguidetur/items/563035/?asn=fhdn-sek&asn-ref=alloutdooradventures&ref=alloutdooradventures&bookable-only=yes&full-items=yes&marketplace=yes&flow=no,https://cdn.filestackcontent.com/Hy4ge0TRQpOJmqklKPLq
Hetta Huskies,hettahuskies,info@hettahuskies.com,+358 40 353 2076,Finland/Lappi/Enontekiö,,,249236,Highly Recommended 2 to-4 hour Paddle Trip: Suonttajoki River & Lake Ounasjärvi,Boat Rental-Boat Tour-Canoe-Rentals,4,57,0,https://fareharbor.com/embeds/calendar/hettahuskies/items/249236/?asn=fhdn-eur&asn-ref=alloutdooradventures&ref=alloutdooradventures&bookable-only=yes&full-items=yes&marketplace=yes&flow=no,"<script src=""https://fareharbor.com/embeds/script/calendar/hettahuskies/items/249236/?asn=fhdn-eur&asn-ref=alloutdooradventures&ref=alloutdooradventures&bookable-only=yes&full-items=yes&marketplace=yes&flow=no""></script>",https://fareharbor.com/embeds/book/hettahuskies/items/249236/?asn=fhdn-eur&asn-ref=alloutdooradventures&ref=alloutdooradventures&bookable-only=yes&full-items=yes&marketplace=yes&flow=no,https://cdn.filestackcontent.com/wg0o3pZnTgiE4LoZ3Zcy
Smalspåret i Hultsfred AB,smalsparet,info@smalsparet.com,+46495650880,Sweden/Kalmar County/Flaten,15.672185,57.365482,583801,Halvdag Flaten,Bike Tour-Train,1,57,0,https://fareharbor.com/embeds/calendar/smalsparet/items/583801/?asn=fhdn-sek&asn-ref=alloutdooradventures&ref=alloutdooradventures&bookable-only=yes&full-items=yes&marketplace=yes&flow=no,"<script src=""https://fareharbor.com/embeds/script/calendar/smalsparet/items/583801/?asn=fhdn-sek&asn-ref=alloutdooradventures&ref=alloutdooradventures&bookable-only=yes&full-items=yes&marketplace=yes&flow=no""></script>",https://fareharbor.com/embeds/book/smalsparet/items/583801/?asn=fhdn-sek&asn-ref=alloutdooradventures&ref=alloutdooradventures&bookable-only=yes&full-items=yes&marketplace=yes&flow=no,https://cdn.filestackcontent.com/Tkyx9owLTMqg1CE2sZXN
Amitylux,amitylux,info@amitylux.com,+45 61 75 51 56,Denmark/København,12.572114,55.682254,220747,Copenhagen Christmas Tour,City Tour-Events-Guided Tour-Walking Tour,3,56,0,https://fareharbor.com/embeds/calendar/amitylux/items/220747/?asn=fhdn-eur&asn-ref=alloutdooradventures&ref=alloutdooradventures&bookable-only=yes&full-items=yes&marketplace=yes&flow=no,"<script src=""https://fareharbor.com/embeds/script/calendar/amitylux/items/220747/?asn=fhdn-eur&asn-ref=alloutdooradventures&ref=alloutdooradventures&bookable-only=yes&full-items=yes&marketplace=yes&flow=no""></script>",https://fareharbor.com/embeds/book/amitylux/items/220747/?asn=fhdn-eur&asn-ref=alloutdooradventures&ref=alloutdooradventures&bookable-only=yes&full-items=yes&marketplace=yes&flow=no,https://cdn.filestackcontent.com/ugVxhE8CQWmwFKs7LSrn
Copenhagen By Mie & Friends,copenhagenbymieandfriends,info@copenhagenbymie.com,+45 2082 5287,Denmark/København,,,225751,Taste & Experience Danish Christmas,City Tour-Food Tour-Walking Tour-Wine,1,56,0,https://fareharbor.com/embeds/calendar/copenhagenbymieandfriends/items/225751/?asn=fhdn-eur&asn-ref=alloutdooradventures&ref=alloutdooradventures&bookable-only=yes&full-items=yes&marketplace=yes&flow=no,"<script src=""https://fareharbor.com/embeds/script/calendar/copenhagenbymieandfriends/items/225751/?asn=fhdn-eur&asn-ref=alloutdooradventures&ref=alloutdooradventures&bookable-only=yes&full-items=yes&marketplace=yes&flow=no""></script>",https://fareharbor.com/embeds/book/copenhagenbymieandfriends/items/225751/?asn=fhdn-eur&asn-ref=alloutdooradventures&ref=alloutdooradventures&bookable-only=yes&full-items=yes&marketplace=yes&flow=no,https://cdn.filestackcontent.com/tomgDrqRVCZE4WwW8fh9
RibStockholm,seabite,hello@ribstockholm.com,+46 76 039 65 53,Sweden/Stockholms län/Stockholm,,,298831,Rib Taxi - Archipelago Express,Boat Tour-Transfer-Sightseeing Tour-Transportation,4,56,0,https://fareharbor.com/embeds/calendar/seabite/items/298831/?asn=fhdn-sek&asn-ref=alloutdooradventures&ref=alloutdooradventures&bookable-only=yes&full-items=yes&marketplace=yes&flow=no,"<script src=""https://fareharbor.com/embeds/script/calendar/seabite/items/298831/?asn=fhdn-sek&asn-ref=alloutdooradventures&ref=alloutdooradventures&bookable-only=yes&full-items=yes&marketplace=yes&flow=no""></script>",https://fareharbor.com/embeds/book/seabite/items/298831/?asn=fhdn-sek&asn-ref=alloutdooradventures&ref=alloutdooradventures&bookable-only=yes&full-items=yes&marketplace=yes&flow=no,https://cdn.filestackcontent.com/QZxR1YCQoG0KPrrkuGlg
Smalspåret i Hultsfred AB,smalsparet,info@smalsparet.com,+46495650880,Sweden/Kalmar län/Hultsfred,15.846182,57.486544,583782,Halvdag Hultsfred,Bike Tour-Train,1,56,0,https://fareharbor.com/embeds/calendar/smalsparet/items/583782/?asn=fhdn-sek&asn-ref=alloutdooradventures&ref=alloutdooradventures&bookable-only=yes&full-items=yes&marketplace=yes&flow=no,"<script src=""https://fareharbor.com/embeds/script/calendar/smalsparet/items/583782/?asn=fhdn-sek&asn-ref=alloutdooradventures&ref=alloutdooradventures&bookable-only=yes&full-items=yes&marketplace=yes&flow=no""></script>",https://fareharbor.com/embeds/book/smalsparet/items/583782/?asn=fhdn-sek&asn-ref=alloutdooradventures&ref=alloutdooradventures&bookable-only=yes&full-items=yes&marketplace=yes&flow=no,https://cdn.filestackcontent.com/U2TfBPnS3SxMjP3pCFDS
Smalspåret i Hultsfred AB,smalsparet,info@smalsparet.com,+46495650880,Sweden/Kalmar län/Hultsfred,15.846182,57.486544,583797,Heldag Hultsfred,Bike Tour-Train,1,56,0,https://fareharbor.com/embeds/calendar/smalsparet/items/583797/?asn=fhdn-sek&asn-ref=alloutdooradventures&ref=alloutdooradventures&bookable-only=yes&full-items=yes&marketplace=yes&flow=no,"<script src=""https://fareharbor.com/embeds/script/calendar/smalsparet/items/583797/?asn=fhdn-sek&asn-ref=alloutdooradventures&ref=alloutdooradventures&bookable-only=yes&full-items=yes&marketplace=yes&flow=no""></script>",https://fareharbor.com/embeds/book/smalsparet/items/583797/?asn=fhdn-sek&asn-ref=alloutdooradventures&ref=alloutdooradventures&bookable-only=yes&full-items=yes&marketplace=yes&flow=no,https://cdn.filestackcontent.com/7nOt25GETpWEw74ksMJX
Smalspåret i Hultsfred AB,smalsparet,info@smalsparet.com,+46495650880,Sweden/Kronoberg County/Åseda,15.347095,57.16783,583804,Halvdag Åseda,Bike Tour-Train,1,56,0,https://fareharbor.com/embeds/calendar/smalsparet/items/583804/?asn=fhdn-sek&asn-ref=alloutdooradventures&ref=alloutdooradventures&bookable-only=yes&full-items=yes&marketplace=yes&flow=no,"<script src=""https://fareharbor.com/embeds/script/calendar/smalsparet/items/583804/?asn=fhdn-sek&asn-ref=alloutdooradventures&ref=alloutdooradventures&bookable-only=yes&full-items=yes&marketplace=yes&flow=no""></script>",https://fareharbor.com/embeds/book/smalsparet/items/583804/?asn=fhdn-sek&asn-ref=alloutdooradventures&ref=alloutdooradventures&bookable-only=yes&full-items=yes&marketplace=yes&flow=no,https://cdn.filestackcontent.com/AR1hzTLXQ8yaOpkKCWQP
Lek Mer,lekmer,info@lekmer.nu,46(0) 8-32 00 61,Sweden/Stockholms län/Solna,18.004338,59.343558,682838,"All Inclusive, Kajakpaket (3 dagar, 2 nätter)",Boat Rental-Canoe-Kayak-Rentals-Self-Guided Tour-Water Activities,3,56,110,https://fareharbor.com/embeds/calendar/lekmer/items/682838/?asn=fhdn-sek&asn-ref=alloutdooradventures&ref=alloutdooradventures&bookable-only=yes&full-items=yes&marketplace=yes&flow=no,"<script src=""https://fareharbor.com/embeds/script/calendar/lekmer/items/682838/?asn=fhdn-sek&asn-ref=alloutdooradventures&ref=alloutdooradventures&bookable-only=yes&full-items=yes&marketplace=yes&flow=no""></script>",https://fareharbor.com/embeds/book/lekmer/items/682838/?asn=fhdn-sek&asn-ref=alloutdooradventures&ref=alloutdooradventures&bookable-only=yes&full-items=yes&marketplace=yes&flow=no,https://cdn.filestackcontent.com/WWwLaJAeQZSYdysLMwyF
Smalspåret i Hultsfred AB,smalsparet,info@smalsparet.com,+46495650880,Sweden/Kalmar län/Virserum,15.577816,57.32092,583814,Halvdag Virserum,Bike Tour-Train,1,55,0,https://fareharbor.com/embeds/calendar/smalsparet/items/583814/?asn=fhdn-sek&asn-ref=alloutdooradventures&ref=alloutdooradventures&bookable-only=yes&full-items=yes&marketplace=yes&flow=no,"<script src=""https://fareharbor.com/embeds/script/calendar/smalsparet/items/583814/?asn=fhdn-sek&asn-ref=alloutdooradventures&ref=alloutdooradventures&bookable-only=yes&full-items=yes&marketplace=yes&flow=no""></script>",https://fareharbor.com/embeds/book/smalsparet/items/583814/?asn=fhdn-sek&asn-ref=alloutdooradventures&ref=alloutdooradventures&bookable-only=yes&full-items=yes&marketplace=yes&flow=no,https://cdn.filestackcontent.com/bSExWZX6S1G9fPHYYqRz
Stockholmania Tours,stockholmaniatours,info@stockholmania.tours,,Sweden/Stockholms län/Stockholm,,,696248,STOCKHOLM ENTRE TERRE ET MER,Museum-Walking Tour,1,55,360,https://fareharbor.com/embeds/calendar/stockholmaniatours/items/696248/?asn=fhdn-sek&asn-ref=alloutdooradventures&ref=alloutdooradventures&bookable-only=yes&full-items=yes&marketplace=yes&flow=no,"<script src=""https://fareharbor.com/embeds/script/calendar/stockholmaniatours/items/696248/?asn=fhdn-sek&asn-ref=alloutdooradventures&ref=alloutdooradventures&bookable-only=yes&full-items=yes&marketplace=yes&flow=no""></script>",https://fareharbor.com/embeds/book/stockholmaniatours/items/696248/?asn=fhdn-sek&asn-ref=alloutdooradventures&ref=alloutdooradventures&bookable-only=yes&full-items=yes&marketplace=yes&flow=no,https://cdn.filestackcontent.com/6ZEsngrdQmS0YA3lqoGn
Hetta Huskies,hettahuskies,info@hettahuskies.com,+358 40 353 2076,Finland/Lappi/Enontekiö,,,163264,Hike with Huskies: Short Ridge Walk,Farm-Hiking-Walking Tour,1,54,0,https://fareharbor.com/embeds/calendar/hettahuskies/items/163264/?asn=fhdn-eur&asn-ref=alloutdooradventures&ref=alloutdooradventures&bookable-only=yes&full-items=yes&marketplace=yes&flow=no,"<script src=""https://fareharbor.com/embeds/script/calendar/hettahuskies/items/163264/?asn=fhdn-eur&asn-ref=alloutdooradventures&ref=alloutdooradventures&bookable-only=yes&full-items=yes&marketplace=yes&flow=no""></script>",https://fareharbor.com/embeds/book/hettahuskies/items/163264/?asn=fhdn-eur&asn-ref=alloutdooradventures&ref=alloutdooradventures&bookable-only=yes&full-items=yes&marketplace=yes&flow=no,https://cdn.filestackcontent.com/o8SNJCQTNCPoGuIJytoS
Lek Mer,lekmer,info@lekmer.nu,46(0) 8-32 00 61,Sweden/Stockholms län/Stockholm,18.024097,59.325482,540230,Kajakpaddling 2 timmar - Eden Kajak & SUP,Boat Rental-Canoe-Kayak-Rentals-Water Activities,1,54,2890,https://fareharbor.com/embeds/calendar/lekmer/items/540230/?asn=fhdn-sek&asn-ref=alloutdooradventures&ref=alloutdooradventures&bookable-only=yes&full-items=yes&marketplace=yes&flow=no,"<script src=""https://fareharbor.com/embeds/script/calendar/lekmer/items/540230/?asn=fhdn-sek&asn-ref=alloutdooradventures&ref=alloutdooradventures&bookable-only=yes&full-items=yes&marketplace=yes&flow=no""></script>",https://fareharbor.com/embeds/book/lekmer/items/540230/?asn=fhdn-sek&asn-ref=alloutdooradventures&ref=alloutdooradventures&bookable-only=yes&full-items=yes&marketplace=yes&flow=no,https://cdn.filestackcontent.com/qCB6ISGFQgIinPQBwA0u
Hooked on Lofoten,hookedonlofoten,info@hookedonlofoten.com,47 92916747,Norway/Nordland/Kabelvåg,,,607773,Hooked on Hiking - Easy Hike,Hiking,6,54,26,https://fareharbor.com/embeds/calendar/hookedonlofoten/items/607773/?asn=fhdn-nok&asn-ref=alloutdooradventures&ref=alloutdooradventures&bookable-only=yes&full-items=yes&marketplace=yes&flow=no,"<script src=""https://fareharbor.com/embeds/script/calendar/hookedonlofoten/items/607773/?asn=fhdn-nok&asn-ref=alloutdooradventures&ref=alloutdooradventures&bookable-only=yes&full-items=yes&marketplace=yes&flow=no""></script>",https://fareharbor.com/embeds/book/hookedonlofoten/items/607773/?asn=fhdn-nok&asn-ref=alloutdooradventures&ref=alloutdooradventures&bookable-only=yes&full-items=yes&marketplace=yes&flow=no,https://cdn.filestackcontent.com/ovnlTteBRSqg1IsIlQ2k
Hetta Huskies,hettahuskies,info@hettahuskies.com,+358 40 353 2076,Finland/Lappi/Enontekiö,,,270253,Jyppyrä Trail,Climbing,6,53,0,https://fareharbor.com/embeds/calendar/hettahuskies/items/270253/?asn=fhdn-eur&asn-ref=alloutdooradventures&ref=alloutdooradventures&bookable-only=yes&full-items=yes&marketplace=yes&flow=no,"<script src=""https://fareharbor.com/embeds/script/calendar/hettahuskies/items/270253/?asn=fhdn-eur&asn-ref=alloutdooradventures&ref=alloutdooradventures&bookable-only=yes&full-items=yes&marketplace=yes&flow=no""></script>",https://fareharbor.com/embeds/book/hettahuskies/items/270253/?asn=fhdn-eur&asn-ref=alloutdooradventures&ref=alloutdooradventures&bookable-only=yes&full-items=yes&marketplace=yes&flow=no,https://cdn.filestackcontent.com/qkFkCeQuWZnuEha0jXA8
Norway Yacht Charter,nyc-no,booking@nyc.no,+47 233 56 890,Norway/Oslo/Oslo,,,594940,Blues Cruise on the Oslo Fjord,Boat Tour,1,52,13,https://fareharbor.com/embeds/calendar/nyc-no/items/594940/?asn=fhdn-nok&asn-ref=alloutdooradventures&ref=alloutdooradventures&bookable-only=yes&full-items=yes&marketplace=yes&flow=no,"<script src=""https://fareharbor.com/embeds/script/calendar/nyc-no/items/594940/?asn=fhdn-nok&asn-ref=alloutdooradventures&ref=alloutdooradventures&bookable-only=yes&full-items=yes&marketplace=yes&flow=no""></script>",https://fareharbor.com/embeds/book/nyc-no/items/594940/?asn=fhdn-nok&asn-ref=alloutdooradventures&ref=alloutdooradventures&bookable-only=yes&full-items=yes&marketplace=yes&flow=no,https://cdn.filestackcontent.com/O5s5a8YSPSyC48NAyrdA
Norway Yacht Charter,nyc-no,booking@nyc.no,+47 233 56 890,Norway/Oslo/Oslo,,,594944,Fjord Rock on the Oslo Fjord,Boat Tour,1,52,5,https://fareharbor.com/embeds/calendar/nyc-no/items/594944/?asn=fhdn-nok&asn-ref=alloutdooradventures&ref=alloutdooradventures&bookable-only=yes&full-items=yes&marketplace=yes&flow=no,"<script src=""https://fareharbor.com/embeds/script/calendar/nyc-no/items/594944/?asn=fhdn-nok&asn-ref=alloutdooradventures&ref=alloutdooradventures&bookable-only=yes&full-items=yes&marketplace=yes&flow=no""></script>",https://fareharbor.com/embeds/book/nyc-no/items/594944/?asn=fhdn-nok&asn-ref=alloutdooradventures&ref=alloutdooradventures&bookable-only=yes&full-items=yes&marketplace=yes&flow=no,https://cdn.filestackcontent.com/Ozgvfwp8RSm7GPCPE9eK
Charterbolaget,charterbolaget,Mattias@seayououthere.se,46702692311,Sweden/Stockholm County/Saltsjöbaden,,,621559,Public tour - Swedish fika and sightseeing out of Saltsjöbaden -1.5 hours,Boat Tour,1,52,0,https://fareharbor.com/embeds/calendar/charterbolaget/items/621559/?asn=fhdn-sek&asn-ref=alloutdooradventures&ref=alloutdooradventures&bookable-only=yes&full-items=yes&marketplace=yes&flow=no,"<script src=""https://fareharbor.com/embeds/script/calendar/charterbolaget/items/621559/?asn=fhdn-sek&asn-ref=alloutdooradventures&ref=alloutdooradventures&bookable-only=yes&full-items=yes&marketplace=yes&flow=no""></script>",https://fareharbor.com/embeds/book/charterbolaget/items/621559/?asn=fhdn-sek&asn-ref=alloutdooradventures&ref=alloutdooradventures&bookable-only=yes&full-items=yes&marketplace=yes&flow=no,https://cdn.filestackcontent.com/Ma5B3LrERaa3xXHPJJNK
Charterbolaget,charterbolaget,Mattias@seayououthere.se,46702692311,Sweden/Stockholm County/Saltsjöbaden,,,621563,Public tour – Saltsjöbaden to Dalarö and back - Explore the Archipelago -  2.5 hours,Boat Tour,1,52,0,https://fareharbor.com/embeds/calendar/charterbolaget/items/621563/?asn=fhdn-sek&asn-ref=alloutdooradventures&ref=alloutdooradventures&bookable-only=yes&full-items=yes&marketplace=yes&flow=no,"<script src=""https://fareharbor.com/embeds/script/calendar/charterbolaget/items/621563/?asn=fhdn-sek&asn-ref=alloutdooradventures&ref=alloutdooradventures&bookable-only=yes&full-items=yes&marketplace=yes&flow=no""></script>",https://fareharbor.com/embeds/book/charterbolaget/items/621563/?asn=fhdn-sek&asn-ref=alloutdooradventures&ref=alloutdooradventures&bookable-only=yes&full-items=yes&marketplace=yes&flow=no,https://cdn.filestackcontent.com/j1CrzSMYQVeD1g7APzi7
Charterbolaget,charterbolaget,Mattias@seayououthere.se,46702692311,Sweden/Stockholm County/Saltsjöbaden,,,621565,Public tour - Saltsjöbaden to Sandhamn for Lunch - 5 hours,Boat Tour,1,52,0,https://fareharbor.com/embeds/calendar/charterbolaget/items/621565/?asn=fhdn-sek&asn-ref=alloutdooradventures&ref=alloutdooradventures&bookable-only=yes&full-items=yes&marketplace=yes&flow=no,"<script src=""https://fareharbor.com/embeds/script/calendar/charterbolaget/items/621565/?asn=fhdn-sek&asn-ref=alloutdooradventures&ref=alloutdooradventures&bookable-only=yes&full-items=yes&marketplace=yes&flow=no""></script>",https://fareharbor.com/embeds/book/charterbolaget/items/621565/?asn=fhdn-sek&asn-ref=alloutdooradventures&ref=alloutdooradventures&bookable-only=yes&full-items=yes&marketplace=yes&flow=no,https://cdn.filestackcontent.com/A37L0HnSmmdEZmcE61BA
Lek Mer,lekmer,info@lekmer.nu,46(0) 8-32 00 61,Sweden/Stockholms län/Solna,18.004338,59.343558,682843,"All Inclusive, Kajakpaket (5 dagar, 4 nätter)",Boat Rental-Canoe-Kayak-Rentals-Self-Guided Tour-Water Activities,2,52,110,https://fareharbor.com/embeds/calendar/lekmer/items/682843/?asn=fhdn-sek&asn-ref=alloutdooradventures&ref=alloutdooradventures&bookable-only=yes&full-items=yes&marketplace=yes&flow=no,"<script src=""https://fareharbor.com/embeds/script/calendar/lekmer/items/682843/?asn=fhdn-sek&asn-ref=alloutdooradventures&ref=alloutdooradventures&bookable-only=yes&full-items=yes&marketplace=yes&flow=no""></script>",https://fareharbor.com/embeds/book/lekmer/items/682843/?asn=fhdn-sek&asn-ref=alloutdooradventures&ref=alloutdooradventures&bookable-only=yes&full-items=yes&marketplace=yes&flow=no,https://cdn.filestackcontent.com/amVBcaYHRgm5bkjzdnjG
Hetta Huskies,hettahuskies,info@hettahuskies.com,+358 40 353 2076,Finland/Lappi/Enontekiö,,,117359,2-Hour Snowshoe Hike,Farm-Hiking,6,51,0,https://fareharbor.com/embeds/calendar/hettahuskies/items/117359/?asn=fhdn-eur&asn-ref=alloutdooradventures&ref=alloutdooradventures&bookable-only=yes&full-items=yes&marketplace=yes&flow=no,"<script src=""https://fareharbor.com/embeds/script/calendar/hettahuskies/items/117359/?asn=fhdn-eur&asn-ref=alloutdooradventures&ref=alloutdooradventures&bookable-only=yes&full-items=yes&marketplace=yes&flow=no""></script>",https://fareharbor.com/embeds/book/hettahuskies/items/117359/?asn=fhdn-eur&asn-ref=alloutdooradventures&ref=alloutdooradventures&bookable-only=yes&full-items=yes&marketplace=yes&flow=no,https://cdn.filestackcontent.com/MknMJmzySJ2JGKUZN9jV
Kiruna Guidetur,kirunaguidetur,info@kirunaguidetur.com,46 980 81110,Sweden/Norrbottens län/Kiruna,,,563339,Moose Safari on Horseback,Horse,1,51,0,https://fareharbor.com/embeds/calendar/kirunaguidetur/items/563339/?asn=fhdn-sek&asn-ref=alloutdooradventures&ref=alloutdooradventures&bookable-only=yes&full-items=yes&marketplace=yes&flow=no,"<script src=""https://fareharbor.com/embeds/script/calendar/kirunaguidetur/items/563339/?asn=fhdn-sek&asn-ref=alloutdooradventures&ref=alloutdooradventures&bookable-only=yes&full-items=yes&marketplace=yes&flow=no""></script>",https://fareharbor.com/embeds/book/kirunaguidetur/items/563339/?asn=fhdn-sek&asn-ref=alloutdooradventures&ref=alloutdooradventures&bookable-only=yes&full-items=yes&marketplace=yes&flow=no,https://cdn.filestackcontent.com/0ydkD8mYTyGyV89qqgeb
Norway Yacht Charter,nyc-no,booking@nyc.no,+47 233 56 890,Norway/Oslo/Oslo,,,594939,Jazz Cruise on the Oslo Fjord,Boat Tour-Guided Tour,1,51,11,https://fareharbor.com/embeds/calendar/nyc-no/items/594939/?asn=fhdn-nok&asn-ref=alloutdooradventures&ref=alloutdooradventures&bookable-only=yes&full-items=yes&marketplace=yes&flow=no,"<script src=""https://fareharbor.com/embeds/script/calendar/nyc-no/items/594939/?asn=fhdn-nok&asn-ref=alloutdooradventures&ref=alloutdooradventures&bookable-only=yes&full-items=yes&marketplace=yes&flow=no""></script>",https://fareharbor.com/embeds/book/nyc-no/items/594939/?asn=fhdn-nok&asn-ref=alloutdooradventures&ref=alloutdooradventures&bookable-only=yes&full-items=yes&marketplace=yes&flow=no,https://cdn.filestackcontent.com/XFZcZ6JXQIGeWVnCNJPR
Norway Yacht Charter,nyc-no,booking@nyc.no,+47 233 56 890,Norway/Oslo/Oslo,,,594946,Oslo Skyline in winter with fish soup,Boat Tour,1,51,9,https://fareharbor.com/embeds/calendar/nyc-no/items/594946/?asn=fhdn-nok&asn-ref=alloutdooradventures&ref=alloutdooradventures&bookable-only=yes&full-items=yes&marketplace=yes&flow=no,"<script src=""https://fareharbor.com/embeds/script/calendar/nyc-no/items/594946/?asn=fhdn-nok&asn-ref=alloutdooradventures&ref=alloutdooradventures&bookable-only=yes&full-items=yes&marketplace=yes&flow=no""></script>",https://fareharbor.com/embeds/book/nyc-no/items/594946/?asn=fhdn-nok&asn-ref=alloutdooradventures&ref=alloutdooradventures&bookable-only=yes&full-items=yes&marketplace=yes&flow=no,https://cdn.filestackcontent.com/byIn3EEvQSOul3Rn835I
Hetta Huskies,hettahuskies,info@hettahuskies.com,+358 40 353 2076,Finland/Lappi/Enontekiö,,,163265,4 Hour Paddle with small rapid: Lake Muotkajärvi - Lake Ounasjärvi,Boat Tour-Farm-Transfer-Private,3,50,0,https://fareharbor.com/embeds/calendar/hettahuskies/items/163265/?asn=fhdn-eur&asn-ref=alloutdooradventures&ref=alloutdooradventures&bookable-only=yes&full-items=yes&marketplace=yes&flow=no,"<script src=""https://fareharbor.com/embeds/script/calendar/hettahuskies/items/163265/?asn=fhdn-eur&asn-ref=alloutdooradventures&ref=alloutdooradventures&bookable-only=yes&full-items=yes&marketplace=yes&flow=no""></script>",https://fareharbor.com/embeds/book/hettahuskies/items/163265/?asn=fhdn-eur&asn-ref=alloutdooradventures&ref=alloutdooradventures&bookable-only=yes&full-items=yes&marketplace=yes&flow=no,https://cdn.filestackcontent.com/Zjx4P7t9TeeobPJALY4O
Hetta Huskies,hettahuskies,info@hettahuskies.com,+358 40 353 2076,Finland/Lappi/Enontekiö,23.557683,68.381887,163256,Half Day Summer Adventure,Attraction-Farm-Hiking-Maze,1,49,0,https://fareharbor.com/embeds/calendar/hettahuskies/items/163256/?asn=fhdn-eur&asn-ref=alloutdooradventures&ref=alloutdooradventures&bookable-only=yes&full-items=yes&marketplace=yes&flow=no,"<script src=""https://fareharbor.com/embeds/script/calendar/hettahuskies/items/163256/?asn=fhdn-eur&asn-ref=alloutdooradventures&ref=alloutdooradventures&bookable-only=yes&full-items=yes&marketplace=yes&flow=no""></script>",https://fareharbor.com/embeds/book/hettahuskies/items/163256/?asn=fhdn-eur&asn-ref=alloutdooradventures&ref=alloutdooradventures&bookable-only=yes&full-items=yes&marketplace=yes&flow=no,https://cdn.filestackcontent.com/Ib6KAUyLQGOcp25pbFPO
Osloway,osloway,info@osloway.no,(+47) 463 83 339,Norway/Oslo/Oslo,10.750337,59.911166,241183,KICK BIKE CITY TOUR,Walking Tour,1,49,0,https://fareharbor.com/embeds/calendar/osloway/items/241183/?asn=fhdn-nok&asn-ref=alloutdooradventures&ref=alloutdooradventures&bookable-only=yes&full-items=yes&marketplace=yes&flow=no,"<script src=""https://fareharbor.com/embeds/script/calendar/osloway/items/241183/?asn=fhdn-nok&asn-ref=alloutdooradventures&ref=alloutdooradventures&bookable-only=yes&full-items=yes&marketplace=yes&flow=no""></script>",https://fareharbor.com/embeds/book/osloway/items/241183/?asn=fhdn-nok&asn-ref=alloutdooradventures&ref=alloutdooradventures&bookable-only=yes&full-items=yes&marketplace=yes&flow=no,https://cdn.filestackcontent.com/ainqLrZiR4KirfooO5ng
Tropical Bikes,copenhagenbikes,tours@tropicalbikes.dk,+4550656210,Denmark/København,12.566228,55.678302,536762,Student Bike Tour,Bike Tour,1,49,9,https://fareharbor.com/embeds/calendar/copenhagenbikes/items/536762/?asn=fhdn-dkk&asn-ref=alloutdooradventures&ref=alloutdooradventures&bookable-only=yes&full-items=yes&marketplace=yes&flow=no,"<script src=""https://fareharbor.com/embeds/script/calendar/copenhagenbikes/items/536762/?asn=fhdn-dkk&asn-ref=alloutdooradventures&ref=alloutdooradventures&bookable-only=yes&full-items=yes&marketplace=yes&flow=no""></script>",https://fareharbor.com/embeds/book/copenhagenbikes/items/536762/?asn=fhdn-dkk&asn-ref=alloutdooradventures&ref=alloutdooradventures&bookable-only=yes&full-items=yes&marketplace=yes&flow=no,https://cdn.filestackcontent.com/F0IFFT0XQKCCsneu6xej
Mercure,mercure,hbouzidi@gmail.com,+45 26 54 71 62,Denmark/København,12.564431,55.674875,537265,Le Grand Tour public à vélo,Bike Tour,1,49,102,https://fareharbor.com/embeds/calendar/mercure/items/537265/?asn=fhdn-eur&asn-ref=alloutdooradventures&ref=alloutdooradventures&bookable-only=yes&full-items=yes&marketplace=yes&flow=no,"<script src=""https://fareharbor.com/embeds/script/calendar/mercure/items/537265/?asn=fhdn-eur&asn-ref=alloutdooradventures&ref=alloutdooradventures&bookable-only=yes&full-items=yes&marketplace=yes&flow=no""></script>",https://fareharbor.com/embeds/book/mercure/items/537265/?asn=fhdn-eur&asn-ref=alloutdooradventures&ref=alloutdooradventures&bookable-only=yes&full-items=yes&marketplace=yes&flow=no,https://cdn.filestackcontent.com/0kxAZCBDQKm0QbKa8A4X
Kiruna Guidetur,kirunaguidetur,info@kirunaguidetur.com,46 980 81110,Sweden/Norrbottens län/Kiruna,,,563064,Midnight Sun by Boat,Boat Tour,1,49,0,https://fareharbor.com/embeds/calendar/kirunaguidetur/items/563064/?asn=fhdn-sek&asn-ref=alloutdooradventures&ref=alloutdooradventures&bookable-only=yes&full-items=yes&marketplace=yes&flow=no,"<script src=""https://fareharbor.com/embeds/script/calendar/kirunaguidetur/items/563064/?asn=fhdn-sek&asn-ref=alloutdooradventures&ref=alloutdooradventures&bookable-only=yes&full-items=yes&marketplace=yes&flow=no""></script>",https://fareharbor.com/embeds/book/kirunaguidetur/items/563064/?asn=fhdn-sek&asn-ref=alloutdooradventures&ref=alloutdooradventures&bookable-only=yes&full-items=yes&marketplace=yes&flow=no,https://cdn.filestackcontent.com/YYVTVr7LRziO2nxZ6WnI
Kiruna Guidetur,kirunaguidetur,info@kirunaguidetur.com,46 980 81110,Sweden/Norrbottens län/Kiruna,,,563323,Boat trip with dinner + Icehotel 365 + Nutti Sami Siida,Boat Tour,1,49,0,https://fareharbor.com/embeds/calendar/kirunaguidetur/items/563323/?asn=fhdn-sek&asn-ref=alloutdooradventures&ref=alloutdooradventures&bookable-only=yes&full-items=yes&marketplace=yes&flow=no,"<script src=""https://fareharbor.com/embeds/script/calendar/kirunaguidetur/items/563323/?asn=fhdn-sek&asn-ref=alloutdooradventures&ref=alloutdooradventures&bookable-only=yes&full-items=yes&marketplace=yes&flow=no""></script>",https://fareharbor.com/embeds/book/kirunaguidetur/items/563323/?asn=fhdn-sek&asn-ref=alloutdooradventures&ref=alloutdooradventures&bookable-only=yes&full-items=yes&marketplace=yes&flow=no,https://cdn.filestackcontent.com/Y993z8RSO6dc2TAu9uvH
Kiruna Guidetur,kirunaguidetur,info@kirunaguidetur.com,46 980 81110,Sweden/Norrbottens län/Kiruna,,,563338,Boat Trip With Dinner,Boat Tour-Dinner Boat,1,49,77,https://fareharbor.com/embeds/calendar/kirunaguidetur/items/563338/?asn=fhdn-sek&asn-ref=alloutdooradventures&ref=alloutdooradventures&bookable-only=yes&full-items=yes&marketplace=yes&flow=no,"<script src=""https://fareharbor.com/embeds/script/calendar/kirunaguidetur/items/563338/?asn=fhdn-sek&asn-ref=alloutdooradventures&ref=alloutdooradventures&bookable-only=yes&full-items=yes&marketplace=yes&flow=no""></script>",https://fareharbor.com/embeds/book/kirunaguidetur/items/563338/?asn=fhdn-sek&asn-ref=alloutdooradventures&ref=alloutdooradventures&bookable-only=yes&full-items=yes&marketplace=yes&flow=no,https://cdn.filestackcontent.com/foXIkQISUKPx7lpIpTw7
Kiruna Guidetur,kirunaguidetur,info@kirunaguidetur.com,46 980 81110,Sweden/Norrbottens län/Kiruna,,,563343,Mountain Tour on Horseback,Horse,1,49,0,https://fareharbor.com/embeds/calendar/kirunaguidetur/items/563343/?asn=fhdn-sek&asn-ref=alloutdooradventures&ref=alloutdooradventures&bookable-only=yes&full-items=yes&marketplace=yes&flow=no,"<script src=""https://fareharbor.com/embeds/script/calendar/kirunaguidetur/items/563343/?asn=fhdn-sek&asn-ref=alloutdooradventures&ref=alloutdooradventures&bookable-only=yes&full-items=yes&marketplace=yes&flow=no""></script>",https://fareharbor.com/embeds/book/kirunaguidetur/items/563343/?asn=fhdn-sek&asn-ref=alloutdooradventures&ref=alloutdooradventures&bookable-only=yes&full-items=yes&marketplace=yes&flow=no,https://cdn.filestackcontent.com/NTwCcsmvQdaWsKe9qh6L
Kiruna Guidetur,kirunaguidetur,info@kirunaguidetur.com,46 980 81110,Sweden/Norrbottens län/Kiruna,,,563346,"Horse Ride, Short Tour",Horse,1,49,0,https://fareharbor.com/embeds/calendar/kirunaguidetur/items/563346/?asn=fhdn-sek&asn-ref=alloutdooradventures&ref=alloutdooradventures&bookable-only=yes&full-items=yes&marketplace=yes&flow=no,"<script src=""https://fareharbor.com/embeds/script/calendar/kirunaguidetur/items/563346/?asn=fhdn-sek&asn-ref=alloutdooradventures&ref=alloutdooradventures&bookable-only=yes&full-items=yes&marketplace=yes&flow=no""></script>",https://fareharbor.com/embeds/book/kirunaguidetur/items/563346/?asn=fhdn-sek&asn-ref=alloutdooradventures&ref=alloutdooradventures&bookable-only=yes&full-items=yes&marketplace=yes&flow=no,https://cdn.filestackcontent.com/vW5hS7bTWu8s80MbJBSk
Lek Mer,lekmer,info@lekmer.nu,46(0) 8-32 00 61,Sweden/Stockholms län/Stockholm,18.024097,59.325482,670857,Stockholm by night - Guidad kajaktur,Canoe-Guided Tour-Kayak-Water Activities-Winter Activities,2,49,8,https://fareharbor.com/embeds/calendar/lekmer/items/670857/?asn=fhdn-sek&asn-ref=alloutdooradventures&ref=alloutdooradventures&bookable-only=yes&full-items=yes&marketplace=yes&flow=no,"<script src=""https://fareharbor.com/embeds/script/calendar/lekmer/items/670857/?asn=fhdn-sek&asn-ref=alloutdooradventures&ref=alloutdooradventures&bookable-only=yes&full-items=yes&marketplace=yes&flow=no""></script>",https://fareharbor.com/embeds/book/lekmer/items/670857/?asn=fhdn-sek&asn-ref=alloutdooradventures&ref=alloutdooradventures&bookable-only=yes&full-items=yes&marketplace=yes&flow=no,https://cdn.filestackcontent.com/7spVgXxTxCJDokhSwHgi
Hetta Huskies,hettahuskies,info@hettahuskies.com,+358 40 353 2076,Finland/Lappi/Enontekiö,,,117378,Palojoki Wilderness Snowmobile Tour (40km),Canoe-Dogsled-Kayak-Snowmobile-Winter Activities,1,48,1,https://fareharbor.com/embeds/calendar/hettahuskies/items/117378/?asn=fhdn-eur&asn-ref=alloutdooradventures&ref=alloutdooradventures&bookable-only=yes&full-items=yes&marketplace=yes&flow=no,"<script src=""https://fareharbor.com/embeds/script/calendar/hettahuskies/items/117378/?asn=fhdn-eur&asn-ref=alloutdooradventures&ref=alloutdooradventures&bookable-only=yes&full-items=yes&marketplace=yes&flow=no""></script>",https://fareharbor.com/embeds/book/hettahuskies/items/117378/?asn=fhdn-eur&asn-ref=alloutdooradventures&ref=alloutdooradventures&bookable-only=yes&full-items=yes&marketplace=yes&flow=no,https://cdn.filestackcontent.com/XnjJMmsRcq3VBo5qhbyw
Trollcruise,trollcruise,booking@trollcruise.no,0047 23355510,Norway/Oslo/Oslo,10.732819,59.909989,360792,High-End jubilee cruise,Boat Tour,1,48,0,https://fareharbor.com/embeds/calendar/trollcruise/items/360792/?asn=fhdn-nok&asn-ref=alloutdooradventures&ref=alloutdooradventures&bookable-only=yes&full-items=yes&marketplace=yes&flow=no,"<script src=""https://fareharbor.com/embeds/script/calendar/trollcruise/items/360792/?asn=fhdn-nok&asn-ref=alloutdooradventures&ref=alloutdooradventures&bookable-only=yes&full-items=yes&marketplace=yes&flow=no""></script>",https://fareharbor.com/embeds/book/trollcruise/items/360792/?asn=fhdn-nok&asn-ref=alloutdooradventures&ref=alloutdooradventures&bookable-only=yes&full-items=yes&marketplace=yes&flow=no,https://cdn.filestackcontent.com/AXTCzR4XQYyU6pwktjGQ
Trollcruise,trollcruise,booking@trollcruise.no,0047 23355510,Norway/Oslo/Oslo,10.732819,59.909989,360804,Top Notch jubilee cruise,Boat Tour,1,48,0,https://fareharbor.com/embeds/calendar/trollcruise/items/360804/?asn=fhdn-nok&asn-ref=alloutdooradventures&ref=alloutdooradventures&bookable-only=yes&full-items=yes&marketplace=yes&flow=no,"<script src=""https://fareharbor.com/embeds/script/calendar/trollcruise/items/360804/?asn=fhdn-nok&asn-ref=alloutdooradventures&ref=alloutdooradventures&bookable-only=yes&full-items=yes&marketplace=yes&flow=no""></script>",https://fareharbor.com/embeds/book/trollcruise/items/360804/?asn=fhdn-nok&asn-ref=alloutdooradventures&ref=alloutdooradventures&bookable-only=yes&full-items=yes&marketplace=yes&flow=no,https://cdn.filestackcontent.com/tpSw2LAYTMWTRjpzLfLT
Trollcruise,trollcruise,booking@trollcruise.no,0047 23355510,Norway/Oslo/Oslo,10.732819,59.909989,361108,Big Spender jubilee cruise,Boat Tour,1,48,0,https://fareharbor.com/embeds/calendar/trollcruise/items/361108/?asn=fhdn-nok&asn-ref=alloutdooradventures&ref=alloutdooradventures&bookable-only=yes&full-items=yes&marketplace=yes&flow=no,"<script src=""https://fareharbor.com/embeds/script/calendar/trollcruise/items/361108/?asn=fhdn-nok&asn-ref=alloutdooradventures&ref=alloutdooradventures&bookable-only=yes&full-items=yes&marketplace=yes&flow=no""></script>",https://fareharbor.com/embeds/book/trollcruise/items/361108/?asn=fhdn-nok&asn-ref=alloutdooradventures&ref=alloutdooradventures&bookable-only=yes&full-items=yes&marketplace=yes&flow=no,https://cdn.filestackcontent.com/RC609GhST4KjTVbg4vkP
Mercure,mercure,hbouzidi@gmail.com,+45 26 54 71 62,Denmark/København,12.564431,55.674875,537057,Le Classique à pied,Walking Tour,1,48,167,https://fareharbor.com/embeds/calendar/mercure/items/537057/?asn=fhdn-eur&asn-ref=alloutdooradventures&ref=alloutdooradventures&bookable-only=yes&full-items=yes&marketplace=yes&flow=no,"<script src=""https://fareharbor.com/embeds/script/calendar/mercure/items/537057/?asn=fhdn-eur&asn-ref=alloutdooradventures&ref=alloutdooradventures&bookable-only=yes&full-items=yes&marketplace=yes&flow=no""></script>",https://fareharbor.com/embeds/book/mercure/items/537057/?asn=fhdn-eur&asn-ref=alloutdooradventures&ref=alloutdooradventures&bookable-only=yes&full-items=yes&marketplace=yes&flow=no,https://cdn.filestackcontent.com/iudY0834R4OW2g7paVr8
Kiruna Guidetur,kirunaguidetur,info@kirunaguidetur.com,46 980 81110,Sweden/Norrbottens län/Kiruna,,,563057,Exclusive Hiking to Trolljsjön,Hiking,1,48,0,https://fareharbor.com/embeds/calendar/kirunaguidetur/items/563057/?asn=fhdn-sek&asn-ref=alloutdooradventures&ref=alloutdooradventures&bookable-only=yes&full-items=yes&marketplace=yes&flow=no,"<script src=""https://fareharbor.com/embeds/script/calendar/kirunaguidetur/items/563057/?asn=fhdn-sek&asn-ref=alloutdooradventures&ref=alloutdooradventures&bookable-only=yes&full-items=yes&marketplace=yes&flow=no""></script>",https://fareharbor.com/embeds/book/kirunaguidetur/items/563057/?asn=fhdn-sek&asn-ref=alloutdooradventures&ref=alloutdooradventures&bookable-only=yes&full-items=yes&marketplace=yes&flow=no,https://cdn.filestackcontent.com/P0y8cKKyRYaduvUGJH3a
Kiruna Guidetur,kirunaguidetur,info@kirunaguidetur.com,46 980 81110,Sweden/Norrbottens län/Kiruna,,,563069,"Midnight Sun, Dinner in Cabin",Boat Tour,1,48,0,https://fareharbor.com/embeds/calendar/kirunaguidetur/items/563069/?asn=fhdn-sek&asn-ref=alloutdooradventures&ref=alloutdooradventures&bookable-only=yes&full-items=yes&marketplace=yes&flow=no,"<script src=""https://fareharbor.com/embeds/script/calendar/kirunaguidetur/items/563069/?asn=fhdn-sek&asn-ref=alloutdooradventures&ref=alloutdooradventures&bookable-only=yes&full-items=yes&marketplace=yes&flow=no""></script>",https://fareharbor.com/embeds/book/kirunaguidetur/items/563069/?asn=fhdn-sek&asn-ref=alloutdooradventures&ref=alloutdooradventures&bookable-only=yes&full-items=yes&marketplace=yes&flow=no,https://cdn.filestackcontent.com/YdTLv65ITV6RDQfmrBGg
Kiruna Guidetur,kirunaguidetur,info@kirunaguidetur.com,46 980 81110,Sweden/Norrbottens län/Kiruna,,,563342,Northern Lights on Horseback,Horse,1,47,0,https://fareharbor.com/embeds/calendar/kirunaguidetur/items/563342/?asn=fhdn-sek&asn-ref=alloutdooradventures&ref=alloutdooradventures&bookable-only=yes&full-items=yes&marketplace=yes&flow=no,"<script src=""https://fareharbor.com/embeds/script/calendar/kirunaguidetur/items/563342/?asn=fhdn-sek&asn-ref=alloutdooradventures&ref=alloutdooradventures&bookable-only=yes&full-items=yes&marketplace=yes&flow=no""></script>",https://fareharbor.com/embeds/book/kirunaguidetur/items/563342/?asn=fhdn-sek&asn-ref=alloutdooradventures&ref=alloutdooradventures&bookable-only=yes&full-items=yes&marketplace=yes&flow=no,https://cdn.filestackcontent.com/lJfND4nQOPyG1J7HnOoA
Saga Adventures Lofoten,sagaadventureslofoten,aguaviva.roman@gmail.com,+47 41413079,Norway/Nordland/Reine,,,548014,Explore Lofoten by hiking (Call To Book!),Eco Tour,1,46,0,https://fareharbor.com/embeds/calendar/sagaadventureslofoten/items/548014/?asn=fhdn-nok&asn-ref=alloutdooradventures&ref=alloutdooradventures&bookable-only=yes&full-items=yes&marketplace=yes&flow=no,"<script src=""https://fareharbor.com/embeds/script/calendar/sagaadventureslofoten/items/548014/?asn=fhdn-nok&asn-ref=alloutdooradventures&ref=alloutdooradventures&bookable-only=yes&full-items=yes&marketplace=yes&flow=no""></script>",https://fareharbor.com/embeds/book/sagaadventureslofoten/items/548014/?asn=fhdn-nok&asn-ref=alloutdooradventures&ref=alloutdooradventures&bookable-only=yes&full-items=yes&marketplace=yes&flow=no,https://cdn.filestackcontent.com/H7AK4UTnSCS3EDQevp1X
Smalspåret i Hultsfred AB,smalsparet,info@smalsparet.com,+46495650880,Sweden/Kronoberg County/Åseda,15.347095,57.16783,583805,Heldag Åseda,Bike Tour-Train,1,46,0,https://fareharbor.com/embeds/calendar/smalsparet/items/583805/?asn=fhdn-sek&asn-ref=alloutdooradventures&ref=alloutdooradventures&bookable-only=yes&full-items=yes&marketplace=yes&flow=no,"<script src=""https://fareharbor.com/embeds/script/calendar/smalsparet/items/583805/?asn=fhdn-sek&asn-ref=alloutdooradventures&ref=alloutdooradventures&bookable-only=yes&full-items=yes&marketplace=yes&flow=no""></script>",https://fareharbor.com/embeds/book/smalsparet/items/583805/?asn=fhdn-sek&asn-ref=alloutdooradventures&ref=alloutdooradventures&bookable-only=yes&full-items=yes&marketplace=yes&flow=no,https://cdn.filestackcontent.com/3TLWX4mJTbyUxFsNiJ52
Smalspåret i Hultsfred AB,smalsparet,info@smalsparet.com,+46495650880,Sweden/Kalmar län/Virserum,15.577816,57.32092,583815,Heldag Virserum,Bike Tour-Train,1,46,0,https://fareharbor.com/embeds/calendar/smalsparet/items/583815/?asn=fhdn-sek&asn-ref=alloutdooradventures&ref=alloutdooradventures&bookable-only=yes&full-items=yes&marketplace=yes&flow=no,"<script src=""https://fareharbor.com/embeds/script/calendar/smalsparet/items/583815/?asn=fhdn-sek&asn-ref=alloutdooradventures&ref=alloutdooradventures&bookable-only=yes&full-items=yes&marketplace=yes&flow=no""></script>",https://fareharbor.com/embeds/book/smalsparet/items/583815/?asn=fhdn-sek&asn-ref=alloutdooradventures&ref=alloutdooradventures&bookable-only=yes&full-items=yes&marketplace=yes&flow=no,https://cdn.filestackcontent.com/EjOT29CNTLSL2uoTywtI
Trollfjord Experience AS,trollfjordexperience,booking@cruise-service.no,0047 920 49 827,Norway/Nordland/Svolvær,,,284558,Svolvær - Trollfjord Cruise,Boat Tour,3,45,0,https://fareharbor.com/embeds/calendar/trollfjordexperience/items/284558/?asn=fhdn-nok&asn-ref=alloutdooradventures&ref=alloutdooradventures&bookable-only=yes&full-items=yes&marketplace=yes&flow=no,"<script src=""https://fareharbor.com/embeds/script/calendar/trollfjordexperience/items/284558/?asn=fhdn-nok&asn-ref=alloutdooradventures&ref=alloutdooradventures&bookable-only=yes&full-items=yes&marketplace=yes&flow=no""></script>",https://fareharbor.com/embeds/book/trollfjordexperience/items/284558/?asn=fhdn-nok&asn-ref=alloutdooradventures&ref=alloutdooradventures&bookable-only=yes&full-items=yes&marketplace=yes&flow=no,https://cdn.filestackcontent.com/C6FIVycaSmyKoxrgSBeR
Fladenbåtarna,fladen,info@fladen.se,0340-14095,Sweden/Hallands län/Varberg,12.244562,57.107422,363215,Fladen+(Längd: 8 timmar),Boat Tour,1,45,28,https://fareharbor.com/embeds/calendar/fladen/items/363215/?asn=fhdn-sek&asn-ref=alloutdooradventures&ref=alloutdooradventures&bookable-only=yes&full-items=yes&marketplace=yes&flow=no,"<script src=""https://fareharbor.com/embeds/script/calendar/fladen/items/363215/?asn=fhdn-sek&asn-ref=alloutdooradventures&ref=alloutdooradventures&bookable-only=yes&full-items=yes&marketplace=yes&flow=no""></script>",https://fareharbor.com/embeds/book/fladen/items/363215/?asn=fhdn-sek&asn-ref=alloutdooradventures&ref=alloutdooradventures&bookable-only=yes&full-items=yes&marketplace=yes&flow=no,https://cdn.filestackcontent.com/tRsLYxHlSBGCT6NCN34q
Varanger Sea Adventure,varangerseaadventure,vseaadventure@gmail.com,0047926 02 707,Norway/Nordland/Svolvær,,,552541,Exclusive Private Charter Lofoten,Boat Tour,6,45,0,https://fareharbor.com/embeds/calendar/varangerseaadventure/items/552541/?asn=fhdn-nok&asn-ref=alloutdooradventures&ref=alloutdooradventures&bookable-only=yes&full-items=yes&marketplace=yes&flow=no,"<script src=""https://fareharbor.com/embeds/script/calendar/varangerseaadventure/items/552541/?asn=fhdn-nok&asn-ref=alloutdooradventures&ref=alloutdooradventures&bookable-only=yes&full-items=yes&marketplace=yes&flow=no""></script>",https://fareharbor.com/embeds/book/varangerseaadventure/items/552541/?asn=fhdn-nok&asn-ref=alloutdooradventures&ref=alloutdooradventures&bookable-only=yes&full-items=yes&marketplace=yes&flow=no,https://cdn.filestackcontent.com/tvMrUbP6TkmoA8rlsIIZ
Hetta Huskies,hettahuskies,info@hettahuskies.com,+358 40 353 2076,Finland/Lappi/Enontekiö,,,168003,Canoe Hire,Canoe,3,44,0,https://fareharbor.com/embeds/calendar/hettahuskies/items/168003/?asn=fhdn-eur&asn-ref=alloutdooradventures&ref=alloutdooradventures&bookable-only=yes&full-items=yes&marketplace=yes&flow=no,"<script src=""https://fareharbor.com/embeds/script/calendar/hettahuskies/items/168003/?asn=fhdn-eur&asn-ref=alloutdooradventures&ref=alloutdooradventures&bookable-only=yes&full-items=yes&marketplace=yes&flow=no""></script>",https://fareharbor.com/embeds/book/hettahuskies/items/168003/?asn=fhdn-eur&asn-ref=alloutdooradventures&ref=alloutdooradventures&bookable-only=yes&full-items=yes&marketplace=yes&flow=no,https://cdn.filestackcontent.com/gJXzKMOqTQCel7x0AdYy
Hetta Huskies,hettahuskies,info@hettahuskies.com,+358 40 353 2076,Finland/Lappi/Enontekiö,,,249245,Palojoki River,Boat Rental-Boat Tour-Canoe-Fishing-Transfer-Private-Transportation,3,44,0,https://fareharbor.com/embeds/calendar/hettahuskies/items/249245/?asn=fhdn-eur&asn-ref=alloutdooradventures&ref=alloutdooradventures&bookable-only=yes&full-items=yes&marketplace=yes&flow=no,"<script src=""https://fareharbor.com/embeds/script/calendar/hettahuskies/items/249245/?asn=fhdn-eur&asn-ref=alloutdooradventures&ref=alloutdooradventures&bookable-only=yes&full-items=yes&marketplace=yes&flow=no""></script>",https://fareharbor.com/embeds/book/hettahuskies/items/249245/?asn=fhdn-eur&asn-ref=alloutdooradventures&ref=alloutdooradventures&bookable-only=yes&full-items=yes&marketplace=yes&flow=no,https://cdn.filestackcontent.com/XfCBpRsS0qRXNjpEE0lA
Charterbolaget,charterbolaget,Mattias@seayououthere.se,46702692311,Sweden/Stockholm County/Saltsjöbaden,,,621574,Private Tour - Guided tour around Saltsjöbaden by speed boat -  2 hours,Boat Tour,1,44,1620,https://fareharbor.com/embeds/calendar/charterbolaget/items/621574/?asn=fhdn-sek&asn-ref=alloutdooradventures&ref=alloutdooradventures&bookable-only=yes&full-items=yes&marketplace=yes&flow=no,"<script src=""https://fareharbor.com/embeds/script/calendar/charterbolaget/items/621574/?asn=fhdn-sek&asn-ref=alloutdooradventures&ref=alloutdooradventures&bookable-only=yes&full-items=yes&marketplace=yes&flow=no""></script>",https://fareharbor.com/embeds/book/charterbolaget/items/621574/?asn=fhdn-sek&asn-ref=alloutdooradventures&ref=alloutdooradventures&bookable-only=yes&full-items=yes&marketplace=yes&flow=no,https://cdn.filestackcontent.com/bLYGm8UfTSSVPp7sejDy
Charterbolaget,charterbolaget,Mattias@seayououthere.se,46702692311,Sweden/Stockholm County/Saltsjöbaden,,,621616,Private tour - Stockholm City & Vaxholm by speed boat - 2 hours,Boat Tour,1,44,0,https://fareharbor.com/embeds/calendar/charterbolaget/items/621616/?asn=fhdn-sek&asn-ref=alloutdooradventures&ref=alloutdooradventures&bookable-only=yes&full-items=yes&marketplace=yes&flow=no,"<script src=""https://fareharbor.com/embeds/script/calendar/charterbolaget/items/621616/?asn=fhdn-sek&asn-ref=alloutdooradventures&ref=alloutdooradventures&bookable-only=yes&full-items=yes&marketplace=yes&flow=no""></script>",https://fareharbor.com/embeds/book/charterbolaget/items/621616/?asn=fhdn-sek&asn-ref=alloutdooradventures&ref=alloutdooradventures&bookable-only=yes&full-items=yes&marketplace=yes&flow=no,https://cdn.filestackcontent.com/sWCnLCbQT8CQhyQKwzhK
Charterbolaget,charterbolaget,Mattias@seayououthere.se,46702692311,Sweden/Stockholm County/Saltsjöbaden,,,621618,Private tour - Sunset dinner in the Archipelago  - pick up or drop off by speed boat - 1 hour,Boat Tour,1,44,0,https://fareharbor.com/embeds/calendar/charterbolaget/items/621618/?asn=fhdn-sek&asn-ref=alloutdooradventures&ref=alloutdooradventures&bookable-only=yes&full-items=yes&marketplace=yes&flow=no,"<script src=""https://fareharbor.com/embeds/script/calendar/charterbolaget/items/621618/?asn=fhdn-sek&asn-ref=alloutdooradventures&ref=alloutdooradventures&bookable-only=yes&full-items=yes&marketplace=yes&flow=no""></script>",https://fareharbor.com/embeds/book/charterbolaget/items/621618/?asn=fhdn-sek&asn-ref=alloutdooradventures&ref=alloutdooradventures&bookable-only=yes&full-items=yes&marketplace=yes&flow=no,https://cdn.filestackcontent.com/SzKQ3hnyRamkK76gt2lz
Charterbolaget,charterbolaget,Mattias@seayououthere.se,46702692311,Sweden/Stockholm County/Saltsjöbaden,,,621622,Private tour - Explorer Cabin boat - Archipelago tours,Boat Tour,1,44,0,https://fareharbor.com/embeds/calendar/charterbolaget/items/621622/?asn=fhdn-sek&asn-ref=alloutdooradventures&ref=alloutdooradventures&bookable-only=yes&full-items=yes&marketplace=yes&flow=no,"<script src=""https://fareharbor.com/embeds/script/calendar/charterbolaget/items/621622/?asn=fhdn-sek&asn-ref=alloutdooradventures&ref=alloutdooradventures&bookable-only=yes&full-items=yes&marketplace=yes&flow=no""></script>",https://fareharbor.com/embeds/book/charterbolaget/items/621622/?asn=fhdn-sek&asn-ref=alloutdooradventures&ref=alloutdooradventures&bookable-only=yes&full-items=yes&marketplace=yes&flow=no,https://cdn.filestackcontent.com/RX2xGDhTpyICVueVqs7A
Hetta Huskies,hettahuskies,info@hettahuskies.com,+358 40 353 2076,Finland/Lappi/Enontekiö,,,319120,Guided Suonttajoki River & Lake Ounasjärvi Openwater Paddle,Boat Tour-Canoe-Farm-Kayak,2,43,0,https://fareharbor.com/embeds/calendar/hettahuskies/items/319120/?asn=fhdn-eur&asn-ref=alloutdooradventures&ref=alloutdooradventures&bookable-only=yes&full-items=yes&marketplace=yes&flow=no,"<script src=""https://fareharbor.com/embeds/script/calendar/hettahuskies/items/319120/?asn=fhdn-eur&asn-ref=alloutdooradventures&ref=alloutdooradventures&bookable-only=yes&full-items=yes&marketplace=yes&flow=no""></script>",https://fareharbor.com/embeds/book/hettahuskies/items/319120/?asn=fhdn-eur&asn-ref=alloutdooradventures&ref=alloutdooradventures&bookable-only=yes&full-items=yes&marketplace=yes&flow=no,https://cdn.filestackcontent.com/7CGyFaF7QpWlly3vwcBw
Trollcruise,trollcruise,booking@trollcruise.no,0047 23355510,Norway/Oslo/Oslo,10.732819,59.909989,360021,Oslofjord I,Boat Tour,1,43,0,https://fareharbor.com/embeds/calendar/trollcruise/items/360021/?asn=fhdn-nok&asn-ref=alloutdooradventures&ref=alloutdooradventures&bookable-only=yes&full-items=yes&marketplace=yes&flow=no,"<script src=""https://fareharbor.com/embeds/script/calendar/trollcruise/items/360021/?asn=fhdn-nok&asn-ref=alloutdooradventures&ref=alloutdooradventures&bookable-only=yes&full-items=yes&marketplace=yes&flow=no""></script>",https://fareharbor.com/embeds/book/trollcruise/items/360021/?asn=fhdn-nok&asn-ref=alloutdooradventures&ref=alloutdooradventures&bookable-only=yes&full-items=yes&marketplace=yes&flow=no,https://cdn.filestackcontent.com/qaF6cCs7SJW2ghTcs5bM
Osloway,osloway,info@osloway.no,(+47) 463 83 339,Norway/Oslo/Oslo,,,436602,Oslo walking tour,City Tour-Guided Tour-Sightseeing Tour-Walking Tour,1,43,0,https://fareharbor.com/embeds/calendar/osloway/items/436602/?asn=fhdn-nok&asn-ref=alloutdooradventures&ref=alloutdooradventures&bookable-only=yes&full-items=yes&marketplace=yes&flow=no,"<script src=""https://fareharbor.com/embeds/script/calendar/osloway/items/436602/?asn=fhdn-nok&asn-ref=alloutdooradventures&ref=alloutdooradventures&bookable-only=yes&full-items=yes&marketplace=yes&flow=no""></script>",https://fareharbor.com/embeds/book/osloway/items/436602/?asn=fhdn-nok&asn-ref=alloutdooradventures&ref=alloutdooradventures&bookable-only=yes&full-items=yes&marketplace=yes&flow=no,https://cdn.filestackcontent.com/O70mBwUNSZ6YwxQy79QK
Lek Mer,lekmer,info@lekmer.nu,46(0) 8-32 00 61,Sweden/Stockholms län/Solna,18.004338,59.343558,693976,Paddling 8 timmar – Välj Kajak eller SUP (Pampas),Canoe-Kayak-Rentals-Self-Guided Tour-SUP-Water Activities,1,43,763,https://fareharbor.com/embeds/calendar/lekmer/items/693976/?asn=fhdn-sek&asn-ref=alloutdooradventures&ref=alloutdooradventures&bookable-only=yes&full-items=yes&marketplace=yes&flow=no,"<script src=""https://fareharbor.com/embeds/script/calendar/lekmer/items/693976/?asn=fhdn-sek&asn-ref=alloutdooradventures&ref=alloutdooradventures&bookable-only=yes&full-items=yes&marketplace=yes&flow=no""></script>",https://fareharbor.com/embeds/book/lekmer/items/693976/?asn=fhdn-sek&asn-ref=alloutdooradventures&ref=alloutdooradventures&bookable-only=yes&full-items=yes&marketplace=yes&flow=no,https://cdn.filestackcontent.com/toz0IoZQkGP2ivN6g8JQ
Hetta Huskies,hettahuskies,info@hettahuskies.com,+358 40 353 2076,Finland/Lappi/Enontekiö,,,249240,Guided Lake Muotkajärvi - Lake Ounasjärvi Paddle,Canoe,2,41,0,https://fareharbor.com/embeds/calendar/hettahuskies/items/249240/?asn=fhdn-eur&asn-ref=alloutdooradventures&ref=alloutdooradventures&bookable-only=yes&full-items=yes&marketplace=yes&flow=no,"<script src=""https://fareharbor.com/embeds/script/calendar/hettahuskies/items/249240/?asn=fhdn-eur&asn-ref=alloutdooradventures&ref=alloutdooradventures&bookable-only=yes&full-items=yes&marketplace=yes&flow=no""></script>",https://fareharbor.com/embeds/book/hettahuskies/items/249240/?asn=fhdn-eur&asn-ref=alloutdooradventures&ref=alloutdooradventures&bookable-only=yes&full-items=yes&marketplace=yes&flow=no,https://cdn.filestackcontent.com/u95uDmL0Qd6gVGJLpOA7
Hetta Huskies,hettahuskies,info@hettahuskies.com,+358 40 353 2076,Finland/Lappi/Enontekiö,,,117381,12km / 3hr Fat Bike Tour,Bike Tour-Snowmobile-Winter Activities,1,39,0,https://fareharbor.com/embeds/calendar/hettahuskies/items/117381/?asn=fhdn-eur&asn-ref=alloutdooradventures&ref=alloutdooradventures&bookable-only=yes&full-items=yes&marketplace=yes&flow=no,"<script src=""https://fareharbor.com/embeds/script/calendar/hettahuskies/items/117381/?asn=fhdn-eur&asn-ref=alloutdooradventures&ref=alloutdooradventures&bookable-only=yes&full-items=yes&marketplace=yes&flow=no""></script>",https://fareharbor.com/embeds/book/hettahuskies/items/117381/?asn=fhdn-eur&asn-ref=alloutdooradventures&ref=alloutdooradventures&bookable-only=yes&full-items=yes&marketplace=yes&flow=no,https://cdn.filestackcontent.com/DjDJAcDbR8iMRaFBLp6c
Aurora Borealis Adventures,auroraborealis,info@auroraborealis.nu,+46(0)730 933076,Sweden/Västerbottens län/Ekorrsele,,,186080,A day with huskies,Guided Tour-Walking Tour,1,39,0,https://fareharbor.com/embeds/calendar/auroraborealis/items/186080/?asn=fhdn-sek&asn-ref=alloutdooradventures&ref=alloutdooradventures&bookable-only=yes&full-items=yes&marketplace=yes&flow=no,"<script src=""https://fareharbor.com/embeds/script/calendar/auroraborealis/items/186080/?asn=fhdn-sek&asn-ref=alloutdooradventures&ref=alloutdooradventures&bookable-only=yes&full-items=yes&marketplace=yes&flow=no""></script>",https://fareharbor.com/embeds/book/auroraborealis/items/186080/?asn=fhdn-sek&asn-ref=alloutdooradventures&ref=alloutdooradventures&bookable-only=yes&full-items=yes&marketplace=yes&flow=no,https://cdn.filestackcontent.com/1v3WPRzRJWcfEv05EL9B
Aurora Borealis Adventures,auroraborealis,info@auroraborealis.nu,+46(0)730 933076,Sweden/Västerbottens län/Ekorrsele,,,186082,Summer in Lapland,Boat Tour-Fishing-Walking Tour,1,39,0,https://fareharbor.com/embeds/calendar/auroraborealis/items/186082/?asn=fhdn-sek&asn-ref=alloutdooradventures&ref=alloutdooradventures&bookable-only=yes&full-items=yes&marketplace=yes&flow=no,"<script src=""https://fareharbor.com/embeds/script/calendar/auroraborealis/items/186082/?asn=fhdn-sek&asn-ref=alloutdooradventures&ref=alloutdooradventures&bookable-only=yes&full-items=yes&marketplace=yes&flow=no""></script>",https://fareharbor.com/embeds/book/auroraborealis/items/186082/?asn=fhdn-sek&asn-ref=alloutdooradventures&ref=alloutdooradventures&bookable-only=yes&full-items=yes&marketplace=yes&flow=no,https://cdn.filestackcontent.com/hycy8FuQ02yHEggREQpt
Hetta Huskies,hettahuskies,info@hettahuskies.com,+358 40 353 2076,Finland/Lappi/Enontekiö,,,334504,Test an E-fat / Fatbike on our Forest Trails,Bike Tour-E-Bike-Farm,1,39,0,https://fareharbor.com/embeds/calendar/hettahuskies/items/334504/?asn=fhdn-eur&asn-ref=alloutdooradventures&ref=alloutdooradventures&bookable-only=yes&full-items=yes&marketplace=yes&flow=no,"<script src=""https://fareharbor.com/embeds/script/calendar/hettahuskies/items/334504/?asn=fhdn-eur&asn-ref=alloutdooradventures&ref=alloutdooradventures&bookable-only=yes&full-items=yes&marketplace=yes&flow=no""></script>",https://fareharbor.com/embeds/book/hettahuskies/items/334504/?asn=fhdn-eur&asn-ref=alloutdooradventures&ref=alloutdooradventures&bookable-only=yes&full-items=yes&marketplace=yes&flow=no,https://cdn.filestackcontent.com/DxzkcW5TXaTnXdy9oiwx
RibStockholm,seabite,hello@ribstockholm.com,+46 76 039 65 53,Sweden/Stockholms län/Stockholm,,,530441,Private charter: RIB and teambuilding,Boat Rental-Boat Tour-Private,1,39,0,https://fareharbor.com/embeds/calendar/seabite/items/530441/?asn=fhdn-sek&asn-ref=alloutdooradventures&ref=alloutdooradventures&bookable-only=yes&full-items=yes&marketplace=yes&flow=no,"<script src=""https://fareharbor.com/embeds/script/calendar/seabite/items/530441/?asn=fhdn-sek&asn-ref=alloutdooradventures&ref=alloutdooradventures&bookable-only=yes&full-items=yes&marketplace=yes&flow=no""></script>",https://fareharbor.com/embeds/book/seabite/items/530441/?asn=fhdn-sek&asn-ref=alloutdooradventures&ref=alloutdooradventures&bookable-only=yes&full-items=yes&marketplace=yes&flow=no,https://cdn.filestackcontent.com/ftsshh8NTMOLvZ3YIGi1
Kiruna Guidetur,kirunaguidetur,info@kirunaguidetur.com,46 980 81110,Sweden/Norrbottens län/Kiruna,,,563004,Overnight Boat Tour + ICEHOTEL365,Boat Tour,1,39,0,https://fareharbor.com/embeds/calendar/kirunaguidetur/items/563004/?asn=fhdn-sek&asn-ref=alloutdooradventures&ref=alloutdooradventures&bookable-only=yes&full-items=yes&marketplace=yes&flow=no,"<script src=""https://fareharbor.com/embeds/script/calendar/kirunaguidetur/items/563004/?asn=fhdn-sek&asn-ref=alloutdooradventures&ref=alloutdooradventures&bookable-only=yes&full-items=yes&marketplace=yes&flow=no""></script>",https://fareharbor.com/embeds/book/kirunaguidetur/items/563004/?asn=fhdn-sek&asn-ref=alloutdooradventures&ref=alloutdooradventures&bookable-only=yes&full-items=yes&marketplace=yes&flow=no,https://cdn.filestackcontent.com/vlrIhyOmSvyU4pdT1f2R
Hetta Huskies,hettahuskies,info@hettahuskies.com,+358 40 353 2076,Finland/Lappi/Enontekiö,,,117356,1.5-Hour Snowshoe Hike,Hiking-Winter Activities,2,38,0,https://fareharbor.com/embeds/calendar/hettahuskies/items/117356/?asn=fhdn-eur&asn-ref=alloutdooradventures&ref=alloutdooradventures&bookable-only=yes&full-items=yes&marketplace=yes&flow=no,"<script src=""https://fareharbor.com/embeds/script/calendar/hettahuskies/items/117356/?asn=fhdn-eur&asn-ref=alloutdooradventures&ref=alloutdooradventures&bookable-only=yes&full-items=yes&marketplace=yes&flow=no""></script>",https://fareharbor.com/embeds/book/hettahuskies/items/117356/?asn=fhdn-eur&asn-ref=alloutdooradventures&ref=alloutdooradventures&bookable-only=yes&full-items=yes&marketplace=yes&flow=no,https://cdn.filestackcontent.com/ULnT3TQuQuOa2pOOvSG0
Hetta Huskies,hettahuskies,info@hettahuskies.com,+358 40 353 2076,Finland/Lappi/Enontekiö,,,203453,Reindeer Farm Visit,Farm-Food Tour-History Tour-Horse-Winter Activities,1,38,0,https://fareharbor.com/embeds/calendar/hettahuskies/items/203453/?asn=fhdn-eur&asn-ref=alloutdooradventures&ref=alloutdooradventures&bookable-only=yes&full-items=yes&marketplace=yes&flow=no,"<script src=""https://fareharbor.com/embeds/script/calendar/hettahuskies/items/203453/?asn=fhdn-eur&asn-ref=alloutdooradventures&ref=alloutdooradventures&bookable-only=yes&full-items=yes&marketplace=yes&flow=no""></script>",https://fareharbor.com/embeds/book/hettahuskies/items/203453/?asn=fhdn-eur&asn-ref=alloutdooradventures&ref=alloutdooradventures&bookable-only=yes&full-items=yes&marketplace=yes&flow=no,https://cdn.filestackcontent.com/UFlUlk03REyv6I7kle9V
Hetta Huskies,hettahuskies,info@hettahuskies.com,+358 40 353 2076,Finland/Lappi/Enontekiö,,,270231,Pahtajärvi Trail,Hiking,1,38,0,https://fareharbor.com/embeds/calendar/hettahuskies/items/270231/?asn=fhdn-eur&asn-ref=alloutdooradventures&ref=alloutdooradventures&bookable-only=yes&full-items=yes&marketplace=yes&flow=no,"<script src=""https://fareharbor.com/embeds/script/calendar/hettahuskies/items/270231/?asn=fhdn-eur&asn-ref=alloutdooradventures&ref=alloutdooradventures&bookable-only=yes&full-items=yes&marketplace=yes&flow=no""></script>",https://fareharbor.com/embeds/book/hettahuskies/items/270231/?asn=fhdn-eur&asn-ref=alloutdooradventures&ref=alloutdooradventures&bookable-only=yes&full-items=yes&marketplace=yes&flow=no,https://cdn.filestackcontent.com/OxMehDwRBurJJEAUZsCg
njannja ab,njannjaab,njannja@gmail.com,46703764032,Sweden/Norrbottens län/Jokkmokk,,,457884,The Great rapids national park,Rafting,1,38,0,https://fareharbor.com/embeds/calendar/njannjaab/items/457884/?asn=fhdn-sek&asn-ref=alloutdooradventures&ref=alloutdooradventures&bookable-only=yes&full-items=yes&marketplace=yes&flow=no,"<script src=""https://fareharbor.com/embeds/script/calendar/njannjaab/items/457884/?asn=fhdn-sek&asn-ref=alloutdooradventures&ref=alloutdooradventures&bookable-only=yes&full-items=yes&marketplace=yes&flow=no""></script>",https://fareharbor.com/embeds/book/njannjaab/items/457884/?asn=fhdn-sek&asn-ref=alloutdooradventures&ref=alloutdooradventures&bookable-only=yes&full-items=yes&marketplace=yes&flow=no,https://cdn.filestackcontent.com/iwxAFkdLRACStqF9U6YM
EXP Norrland,expnorrland,info@expnorrland.com,46707597441,Sweden/Norrbottens län/Bredsel,,,579050,Storforsen Torch Walk,Walking Tour,4,37,0,https://fareharbor.com/embeds/calendar/expnorrland/items/579050/?asn=fhdn-sek&asn-ref=alloutdooradventures&ref=alloutdooradventures&bookable-only=yes&full-items=yes&marketplace=yes&flow=no,"<script src=""https://fareharbor.com/embeds/script/calendar/expnorrland/items/579050/?asn=fhdn-sek&asn-ref=alloutdooradventures&ref=alloutdooradventures&bookable-only=yes&full-items=yes&marketplace=yes&flow=no""></script>",https://fareharbor.com/embeds/book/expnorrland/items/579050/?asn=fhdn-sek&asn-ref=alloutdooradventures&ref=alloutdooradventures&bookable-only=yes&full-items=yes&marketplace=yes&flow=no,https://cdn.filestackcontent.com/LD6UHEGSW2gK1M03mVf6
Smalspåret i Hultsfred AB,smalsparet,info@smalsparet.com,+46495650880,Sweden/Kalmar County/Flaten,15.672185,57.365482,583803,Heldag Flaten,Bike Tour-Train,1,37,0,https://fareharbor.com/embeds/calendar/smalsparet/items/583803/?asn=fhdn-sek&asn-ref=alloutdooradventures&ref=alloutdooradventures&bookable-only=yes&full-items=yes&marketplace=yes&flow=no,"<script src=""https://fareharbor.com/embeds/script/calendar/smalsparet/items/583803/?asn=fhdn-sek&asn-ref=alloutdooradventures&ref=alloutdooradventures&bookable-only=yes&full-items=yes&marketplace=yes&flow=no""></script>",https://fareharbor.com/embeds/book/smalsparet/items/583803/?asn=fhdn-sek&asn-ref=alloutdooradventures&ref=alloutdooradventures&bookable-only=yes&full-items=yes&marketplace=yes&flow=no,https://cdn.filestackcontent.com/AmEKC5LQONmQtUPLtKoQ
Trollfjord Experience AS,trollfjordexperience,booking@cruise-service.no,0047 920 49 827,Norway/Nordland/Svolvær,,,290285,Svolvær - Trollfjord Cruise,Boat Tour,0,35,0,https://fareharbor.com/embeds/calendar/trollfjordexperience/items/290285/?asn=fhdn-nok&asn-ref=alloutdooradventures&ref=alloutdooradventures&bookable-only=yes&full-items=yes&marketplace=yes&flow=no,"<script src=""https://fareharbor.com/embeds/script/calendar/trollfjordexperience/items/290285/?asn=fhdn-nok&asn-ref=alloutdooradventures&ref=alloutdooradventures&bookable-only=yes&full-items=yes&marketplace=yes&flow=no""></script>",https://fareharbor.com/embeds/book/trollfjordexperience/items/290285/?asn=fhdn-nok&asn-ref=alloutdooradventures&ref=alloutdooradventures&bookable-only=yes&full-items=yes&marketplace=yes&flow=no,
Trollfjord Experience AS,trollfjordexperience,booking@cruise-service.no,0047 920 49 827,Norway/Nordland/Svolvær,,,290294,Svolvær - Trollfjord Cruise,Boat Tour,0,35,0,https://fareharbor.com/embeds/calendar/trollfjordexperience/items/290294/?asn=fhdn-nok&asn-ref=alloutdooradventures&ref=alloutdooradventures&bookable-only=yes&full-items=yes&marketplace=yes&flow=no,"<script src=""https://fareharbor.com/embeds/script/calendar/trollfjordexperience/items/290294/?asn=fhdn-nok&asn-ref=alloutdooradventures&ref=alloutdooradventures&bookable-only=yes&full-items=yes&marketplace=yes&flow=no""></script>",https://fareharbor.com/embeds/book/trollfjordexperience/items/290294/?asn=fhdn-nok&asn-ref=alloutdooradventures&ref=alloutdooradventures&bookable-only=yes&full-items=yes&marketplace=yes&flow=no,
Trollfjord Experience AS,trollfjordexperience,booking@cruise-service.no,0047 920 49 827,Norway/Nordland/Svolvær,,,290295,Svolvær - Trollfjord Cruise,Boat Tour,0,35,0,https://fareharbor.com/embeds/calendar/trollfjordexperience/items/290295/?asn=fhdn-nok&asn-ref=alloutdooradventures&ref=alloutdooradventures&bookable-only=yes&full-items=yes&marketplace=yes&flow=no,"<script src=""https://fareharbor.com/embeds/script/calendar/trollfjordexperience/items/290295/?asn=fhdn-nok&asn-ref=alloutdooradventures&ref=alloutdooradventures&bookable-only=yes&full-items=yes&marketplace=yes&flow=no""></script>",https://fareharbor.com/embeds/book/trollfjordexperience/items/290295/?asn=fhdn-nok&asn-ref=alloutdooradventures&ref=alloutdooradventures&bookable-only=yes&full-items=yes&marketplace=yes&flow=no,
Fladenbåtarna,fladen,info@fladen.se,0340-14095,Sweden/Hallands län/Varberg,12.240864,57.107703,363216,Fladen++ (Längd:10-12 timmar),Boat Tour,1,35,0,https://fareharbor.com/embeds/calendar/fladen/items/363216/?asn=fhdn-sek&asn-ref=alloutdooradventures&ref=alloutdooradventures&bookable-only=yes&full-items=yes&marketplace=yes&flow=no,"<script src=""https://fareharbor.com/embeds/script/calendar/fladen/items/363216/?asn=fhdn-sek&asn-ref=alloutdooradventures&ref=alloutdooradventures&bookable-only=yes&full-items=yes&marketplace=yes&flow=no""></script>",https://fareharbor.com/embeds/book/fladen/items/363216/?asn=fhdn-sek&asn-ref=alloutdooradventures&ref=alloutdooradventures&bookable-only=yes&full-items=yes&marketplace=yes&flow=no,https://cdn.filestackcontent.com/QBqhAGvQRjiHx0t2xG1w
Varanger Sea Adventure,varangerseaadventure,vseaadventure@gmail.com,0047926 02 707,Norway/Nordland/Svolvær,,,558067,Exlusive Midnight Cruise,Boat Tour,5,34,0,https://fareharbor.com/embeds/calendar/varangerseaadventure/items/558067/?asn=fhdn-nok&asn-ref=alloutdooradventures&ref=alloutdooradventures&bookable-only=yes&full-items=yes&marketplace=yes&flow=no,"<script src=""https://fareharbor.com/embeds/script/calendar/varangerseaadventure/items/558067/?asn=fhdn-nok&asn-ref=alloutdooradventures&ref=alloutdooradventures&bookable-only=yes&full-items=yes&marketplace=yes&flow=no""></script>",https://fareharbor.com/embeds/book/varangerseaadventure/items/558067/?asn=fhdn-nok&asn-ref=alloutdooradventures&ref=alloutdooradventures&bookable-only=yes&full-items=yes&marketplace=yes&flow=no,https://cdn.filestackcontent.com/MJ3WlSQ7TLiltsiU2H7Y
Foods of Copenhagen - Culinary Tours,foodsofcopenhagen,info@foodsofcopenhagen.com,0045 26 78 08 20,Denmark/København,,,555268,Private Culinary Walking Tour,Food Tour-Walking Tour,1,33,174,https://fareharbor.com/embeds/calendar/foodsofcopenhagen/items/555268/?asn=fhdn-dkk&asn-ref=alloutdooradventures&ref=alloutdooradventures&bookable-only=yes&full-items=yes&marketplace=yes&flow=no,"<script src=""https://fareharbor.com/embeds/script/calendar/foodsofcopenhagen/items/555268/?asn=fhdn-dkk&asn-ref=alloutdooradventures&ref=alloutdooradventures&bookable-only=yes&full-items=yes&marketplace=yes&flow=no""></script>",https://fareharbor.com/embeds/book/foodsofcopenhagen/items/555268/?asn=fhdn-dkk&asn-ref=alloutdooradventures&ref=alloutdooradventures&bookable-only=yes&full-items=yes&marketplace=yes&flow=no,https://cdn.filestackcontent.com/ecVhH2n5QQdj6Ikc60Qa
Foods of Copenhagen - Culinary Tours,foodsofcopenhagen,info@foodsofcopenhagen.com,0045 26 78 08 20,Denmark/København,,,555271,Private Culinary Biking Tour,Bike Tour-Food Tour,1,33,178,https://fareharbor.com/embeds/calendar/foodsofcopenhagen/items/555271/?asn=fhdn-dkk&asn-ref=alloutdooradventures&ref=alloutdooradventures&bookable-only=yes&full-items=yes&marketplace=yes&flow=no,"<script src=""https://fareharbor.com/embeds/script/calendar/foodsofcopenhagen/items/555271/?asn=fhdn-dkk&asn-ref=alloutdooradventures&ref=alloutdooradventures&bookable-only=yes&full-items=yes&marketplace=yes&flow=no""></script>",https://fareharbor.com/embeds/book/foodsofcopenhagen/items/555271/?asn=fhdn-dkk&asn-ref=alloutdooradventures&ref=alloutdooradventures&bookable-only=yes&full-items=yes&marketplace=yes&flow=no,https://cdn.filestackcontent.com/nXNLwLvVQouN9spgB0Aq
Klatrecentralen,klatrecentralen,info@klatrecentralen.dk,+45 42 49 18 69,Denmark/Næstved,,,700746,DateNight,Attraction-Climbing-Events,2,32,0,https://fareharbor.com/embeds/calendar/klatrecentralen/items/700746/?asn=fhdn-dkk&asn-ref=alloutdooradventures&ref=alloutdooradventures&bookable-only=yes&full-items=yes&marketplace=yes&flow=no,"<script src=""https://fareharbor.com/embeds/script/calendar/klatrecentralen/items/700746/?asn=fhdn-dkk&asn-ref=alloutdooradventures&ref=alloutdooradventures&bookable-only=yes&full-items=yes&marketplace=yes&flow=no""></script>",https://fareharbor.com/embeds/book/klatrecentralen/items/700746/?asn=fhdn-dkk&asn-ref=alloutdooradventures&ref=alloutdooradventures&bookable-only=yes&full-items=yes&marketplace=yes&flow=no,https://cdn.filestackcontent.com/XWS6OJapRRGglYx0z9n6
Fladenbåtarna,fladen,info@fladen.se,0340-14095,Sweden/Hallands län/Varberg,12.244562,57.107422,363214,Fladen (Längd: 6 Timmar),Boat Tour,1,29,29,https://fareharbor.com/embeds/calendar/fladen/items/363214/?asn=fhdn-sek&asn-ref=alloutdooradventures&ref=alloutdooradventures&bookable-only=yes&full-items=yes&marketplace=yes&flow=no,"<script src=""https://fareharbor.com/embeds/script/calendar/fladen/items/363214/?asn=fhdn-sek&asn-ref=alloutdooradventures&ref=alloutdooradventures&bookable-only=yes&full-items=yes&marketplace=yes&flow=no""></script>",https://fareharbor.com/embeds/book/fladen/items/363214/?asn=fhdn-sek&asn-ref=alloutdooradventures&ref=alloutdooradventures&bookable-only=yes&full-items=yes&marketplace=yes&flow=no,https://cdn.filestackcontent.com/RXY3rS5eRk2BUdpH5btx
Mercure,mercure,hbouzidi@gmail.com,+45 26 54 71 62,Denmark/København,12.564431,55.674875,574144,Le Classique + 1 musée public,Walking Tour,1,29,0,https://fareharbor.com/embeds/calendar/mercure/items/574144/?asn=fhdn-eur&asn-ref=alloutdooradventures&ref=alloutdooradventures&bookable-only=yes&full-items=yes&marketplace=yes&flow=no,"<script src=""https://fareharbor.com/embeds/script/calendar/mercure/items/574144/?asn=fhdn-eur&asn-ref=alloutdooradventures&ref=alloutdooradventures&bookable-only=yes&full-items=yes&marketplace=yes&flow=no""></script>",https://fareharbor.com/embeds/book/mercure/items/574144/?asn=fhdn-eur&asn-ref=alloutdooradventures&ref=alloutdooradventures&bookable-only=yes&full-items=yes&marketplace=yes&flow=no,https://cdn.filestackcontent.com/shACwFHJR7qLWddQz5No
Mercure,mercure,hbouzidi@gmail.com,+45 26 54 71 62,Denmark/København,12.564431,55.674875,574148,Le Grand Tour privé à vélo,Walking Tour,1,29,0,https://fareharbor.com/embeds/calendar/mercure/items/574148/?asn=fhdn-eur&asn-ref=alloutdooradventures&ref=alloutdooradventures&bookable-only=yes&full-items=yes&marketplace=yes&flow=no,"<script src=""https://fareharbor.com/embeds/script/calendar/mercure/items/574148/?asn=fhdn-eur&asn-ref=alloutdooradventures&ref=alloutdooradventures&bookable-only=yes&full-items=yes&marketplace=yes&flow=no""></script>",https://fareharbor.com/embeds/book/mercure/items/574148/?asn=fhdn-eur&asn-ref=alloutdooradventures&ref=alloutdooradventures&bookable-only=yes&full-items=yes&marketplace=yes&flow=no,https://cdn.filestackcontent.com/2scZ3VuMQ82VgWqQNoGN
Wild Spirit AB,wildspirit,info.wildspirit@gmail.com,+46 721 648 039,Sweden/Jämtlands län/Undersåker,,,300807,Half Day Guided Walk with Huskies,Walking Tour,1,28,0,https://fareharbor.com/embeds/calendar/wildspirit/items/300807/?asn=fhdn-sek&asn-ref=alloutdooradventures&ref=alloutdooradventures&bookable-only=yes&full-items=yes&marketplace=yes&flow=no,"<script src=""https://fareharbor.com/embeds/script/calendar/wildspirit/items/300807/?asn=fhdn-sek&asn-ref=alloutdooradventures&ref=alloutdooradventures&bookable-only=yes&full-items=yes&marketplace=yes&flow=no""></script>",https://fareharbor.com/embeds/book/wildspirit/items/300807/?asn=fhdn-sek&asn-ref=alloutdooradventures&ref=alloutdooradventures&bookable-only=yes&full-items=yes&marketplace=yes&flow=no,https://cdn.filestackcontent.com/PyFKKTRfQy6qVL8kamxA
Mercure,mercure,hbouzidi@gmail.com,+45 26 54 71 62,Denmark/København,12.564431,55.674875,534594,La croisière s'amuse,Walking Tour,1,28,0,https://fareharbor.com/embeds/calendar/mercure/items/534594/?asn=fhdn-eur&asn-ref=alloutdooradventures&ref=alloutdooradventures&bookable-only=yes&full-items=yes&marketplace=yes&flow=no,"<script src=""https://fareharbor.com/embeds/script/calendar/mercure/items/534594/?asn=fhdn-eur&asn-ref=alloutdooradventures&ref=alloutdooradventures&bookable-only=yes&full-items=yes&marketplace=yes&flow=no""></script>",https://fareharbor.com/embeds/book/mercure/items/534594/?asn=fhdn-eur&asn-ref=alloutdooradventures&ref=alloutdooradventures&bookable-only=yes&full-items=yes&marketplace=yes&flow=no,https://cdn.filestackcontent.com/F0qpPi5hTROGmCLarQRO
Mercure,mercure,hbouzidi@gmail.com,+45 26 54 71 62,Denmark/København,12.564431,55.674875,534600,Tour en bateau,Boat Tour,1,28,0,https://fareharbor.com/embeds/calendar/mercure/items/534600/?asn=fhdn-eur&asn-ref=alloutdooradventures&ref=alloutdooradventures&bookable-only=yes&full-items=yes&marketplace=yes&flow=no,"<script src=""https://fareharbor.com/embeds/script/calendar/mercure/items/534600/?asn=fhdn-eur&asn-ref=alloutdooradventures&ref=alloutdooradventures&bookable-only=yes&full-items=yes&marketplace=yes&flow=no""></script>",https://fareharbor.com/embeds/book/mercure/items/534600/?asn=fhdn-eur&asn-ref=alloutdooradventures&ref=alloutdooradventures&bookable-only=yes&full-items=yes&marketplace=yes&flow=no,https://cdn.filestackcontent.com/tkavIGpmTNXXkrgfqNHF
Mercure,mercure,hbouzidi@gmail.com,+45 26 54 71 62,Denmark/København,12.564431,55.674875,534602,Excursion à Elseneur,Walking Tour,1,28,0,https://fareharbor.com/embeds/calendar/mercure/items/534602/?asn=fhdn-eur&asn-ref=alloutdooradventures&ref=alloutdooradventures&bookable-only=yes&full-items=yes&marketplace=yes&flow=no,"<script src=""https://fareharbor.com/embeds/script/calendar/mercure/items/534602/?asn=fhdn-eur&asn-ref=alloutdooradventures&ref=alloutdooradventures&bookable-only=yes&full-items=yes&marketplace=yes&flow=no""></script>",https://fareharbor.com/embeds/book/mercure/items/534602/?asn=fhdn-eur&asn-ref=alloutdooradventures&ref=alloutdooradventures&bookable-only=yes&full-items=yes&marketplace=yes&flow=no,https://cdn.filestackcontent.com/42fFSXRaYPNH8DjI15wk
Mercure,mercure,hbouzidi@gmail.com,+45 26 54 71 62,Denmark/København,12.564431,55.674875,534607,La voisine suèdoise,Walking Tour,1,28,0,https://fareharbor.com/embeds/calendar/mercure/items/534607/?asn=fhdn-eur&asn-ref=alloutdooradventures&ref=alloutdooradventures&bookable-only=yes&full-items=yes&marketplace=yes&flow=no,"<script src=""https://fareharbor.com/embeds/script/calendar/mercure/items/534607/?asn=fhdn-eur&asn-ref=alloutdooradventures&ref=alloutdooradventures&bookable-only=yes&full-items=yes&marketplace=yes&flow=no""></script>",https://fareharbor.com/embeds/book/mercure/items/534607/?asn=fhdn-eur&asn-ref=alloutdooradventures&ref=alloutdooradventures&bookable-only=yes&full-items=yes&marketplace=yes&flow=no,https://cdn.filestackcontent.com/rjnNMzWdToySshcSuiai
Mercure,mercure,hbouzidi@gmail.com,+45 26 54 71 62,Denmark/København,12.564431,55.674875,573875,Le Grand Tour public à pied,Walking Tour,1,28,0,https://fareharbor.com/embeds/calendar/mercure/items/573875/?asn=fhdn-eur&asn-ref=alloutdooradventures&ref=alloutdooradventures&bookable-only=yes&full-items=yes&marketplace=yes&flow=no,"<script src=""https://fareharbor.com/embeds/script/calendar/mercure/items/573875/?asn=fhdn-eur&asn-ref=alloutdooradventures&ref=alloutdooradventures&bookable-only=yes&full-items=yes&marketplace=yes&flow=no""></script>",https://fareharbor.com/embeds/book/mercure/items/573875/?asn=fhdn-eur&asn-ref=alloutdooradventures&ref=alloutdooradventures&bookable-only=yes&full-items=yes&marketplace=yes&flow=no,https://cdn.filestackcontent.com/CbzQLqkWR8uvVcN52P6x
Fladenbåtarna,fladen,info@fladen.se,0340-14095,Sweden/Hallands län/Varberg,12.240864,57.107703,371307,Abonnemang Falkskär,Boat Tour,1,24,0,https://fareharbor.com/embeds/calendar/fladen/items/371307/?asn=fhdn-sek&asn-ref=alloutdooradventures&ref=alloutdooradventures&bookable-only=yes&full-items=yes&marketplace=yes&flow=no,"<script src=""https://fareharbor.com/embeds/script/calendar/fladen/items/371307/?asn=fhdn-sek&asn-ref=alloutdooradventures&ref=alloutdooradventures&bookable-only=yes&full-items=yes&marketplace=yes&flow=no""></script>",https://fareharbor.com/embeds/book/fladen/items/371307/?asn=fhdn-sek&asn-ref=alloutdooradventures&ref=alloutdooradventures&bookable-only=yes&full-items=yes&marketplace=yes&flow=no,https://cdn.filestackcontent.com/ZKLOkqUYRQtlSJZSEcDG
Wild Spirit AB,wildspirit,info.wildspirit@gmail.com,+46 721 648 039,Sweden/Jämtlands län/Undersåker,,,286800,Kennel Visits,Walking Tour,1,19,0,https://fareharbor.com/embeds/calendar/wildspirit/items/286800/?asn=fhdn-sek&asn-ref=alloutdooradventures&ref=alloutdooradventures&bookable-only=yes&full-items=yes&marketplace=yes&flow=no,"<script src=""https://fareharbor.com/embeds/script/calendar/wildspirit/items/286800/?asn=fhdn-sek&asn-ref=alloutdooradventures&ref=alloutdooradventures&bookable-only=yes&full-items=yes&marketplace=yes&flow=no""></script>",https://fareharbor.com/embeds/book/wildspirit/items/286800/?asn=fhdn-sek&asn-ref=alloutdooradventures&ref=alloutdooradventures&bookable-only=yes&full-items=yes&marketplace=yes&flow=no,https://cdn.filestackcontent.com/188GCVu1Q3qTLiyorEtT
Archipelago Sauna,archipelagosauna,hello@archipelagosauna.com,46(0)760396553,Sweden/Stockholms län/Stockholm,,,702652,Rib & Floating Sauna,Boat Tour,8,0,436,https://fareharbor.com/embeds/calendar/archipelagosauna/items/702652/?asn=fhdn-sek&asn-ref=alloutdooradventures&ref=alloutdooradventures&bookable-only=yes&full-items=yes&marketplace=yes&flow=no,"<script src=""https://fareharbor.com/embeds/script/calendar/archipelagosauna/items/702652/?asn=fhdn-sek&asn-ref=alloutdooradventures&ref=alloutdooradventures&bookable-only=yes&full-items=yes&marketplace=yes&flow=no""></script>",https://fareharbor.com/embeds/book/archipelagosauna/items/702652/?asn=fhdn-sek&asn-ref=alloutdooradventures&ref=alloutdooradventures&bookable-only=yes&full-items=yes&marketplace=yes&flow=no,https://cdn.filestackcontent.com/payRpSpcTdIHwl7J3qcf
Archipelago Sauna,archipelagosauna,hello@archipelagosauna.com,46(0)760396553,Sweden/Stockholms län/Stockholm,,,702653,Taxi boat & Floating Sauna,Boat Tour,5,0,436,https://fareharbor.com/embeds/calendar/archipelagosauna/items/702653/?asn=fhdn-sek&asn-ref=alloutdooradventures&ref=alloutdooradventures&bookable-only=yes&full-items=yes&marketplace=yes&flow=no,"<script src=""https://fareharbor.com/embeds/script/calendar/archipelagosauna/items/702653/?asn=fhdn-sek&asn-ref=alloutdooradventures&ref=alloutdooradventures&bookable-only=yes&full-items=yes&marketplace=yes&flow=no""></script>",https://fareharbor.com/embeds/book/archipelagosauna/items/702653/?asn=fhdn-sek&asn-ref=alloutdooradventures&ref=alloutdooradventures&bookable-only=yes&full-items=yes&marketplace=yes&flow=no,https://cdn.filestackcontent.com/R452nC6XSBKm0pblk0LN
Archipelago Sauna,archipelagosauna,hello@archipelagosauna.com,46(0)760396553,Sweden/Stockholms län/Stockholm,,,702656,Floating Sauna Experience,Boat Tour,8,0,981,https://fareharbor.com/embeds/calendar/archipelagosauna/items/702656/?asn=fhdn-sek&asn-ref=alloutdooradventures&ref=alloutdooradventures&bookable-only=yes&full-items=yes&marketplace=yes&flow=no,"<script src=""https://fareharbor.com/embeds/script/calendar/archipelagosauna/items/702656/?asn=fhdn-sek&asn-ref=alloutdooradventures&ref=alloutdooradventures&bookable-only=yes&full-items=yes&marketplace=yes&flow=no""></script>",https://fareharbor.com/embeds/book/archipelagosauna/items/702656/?asn=fhdn-sek&asn-ref=alloutdooradventures&ref=alloutdooradventures&bookable-only=yes&full-items=yes&marketplace=yes&flow=no,https://cdn.filestackcontent.com/ecbwC0Z0RbynVlBWE18w
